3.9967707535835051e-01 1.4381344866046537e-02
4.0129344632456787e-01 1.4357334858024247e-02
4.0290981729078529e-01 1.4333364935299308e-02
4.0452618825700265e-01 1.4309435030948331e-02
4.0614255922322001e-01 1.4285545078159654e-02
4.0775893018943743e-01 1.4261695010233172e-02
4.0937530115565479e-01 1.4237884760580124e-02
4.1099167212187215e-01 1.4214114262722930e-02
4.1260804308808952e-01 1.4190383450294984e-02
4.1422441405430693e-01 1.4166692257040500e-02
4.1584078502052430e-01 1.4143040616814286e-02
4.1745715598674166e-01 1.4119428463581595e-02
4.1907352695295907e-01 1.4095855731417920e-02
4.2068989791917644e-01 1.4072322354508823e-02
4.2230626888539380e-01 1.4048828267149743e-02
4.2392263985161122e-01 1.4025373403745805e-02
4.2553901081782858e-01 1.4001957698811660e-02
4.2715538178404594e-01 1.3978581086971279e-02
4.2877175275026336e-01 1.3955243502957782e-02
4.3038812371648072e-01 1.3931944881613260e-02
4.3200449468269808e-01 1.3908685157888578e-02
4.3362086564891544e-01 1.3885464266843207e-02
4.3523723661513286e-01 1.3862282143645032e-02
4.3685360758135022e-01 1.3839138723570187e-02
4.3846997854756764e-01 1.3816033942002853e-02
4.4008634951378500e-01 1.3792967734435098e-02
4.4170272048000236e-01 1.3769940036466683e-02
4.4331909144621973e-01 1.3746950783804883e-02
4.4493546241243714e-01 1.3723999912264319e-02
4.4655183337865451e-01 1.3701087357766770e-02
4.4816820434487187e-01 1.3678213056340989e-02
4.4978457531108929e-01 1.3655376944122534e-02
4.5140094627730665e-01 1.3632578957353588e-02
4.5301731724352401e-01 1.3609819032382777e-02
4.5463368820974143e-01 1.3587097105665000e-02
4.5625005917595879e-01 1.3564413113761239e-02
4.5786643014217615e-01 1.3541766993338386e-02
4.5948280110839357e-01 1.3519158681169078e-02
4.6109917207461093e-01 1.3496588114131512e-02
4.6271554304082829e-01 1.3474055229209263e-02
4.6433191400704565e-01 1.3451559963491113e-02
4.6594828497326307e-01 1.3429102254170877e-02
4.6756465593948043e-01 1.3406682038547229e-02
4.6918102690569785e-01 1.3384299254023527e-02
4.7079739787191521e-01 1.3361953838107626e-02
4.7241376883813258e-01 1.3339645728411720e-02
4.7403013980434994e-01 1.3317374862652161e-02
4.7564651077056735e-01 1.3295141178649281e-02
4.7726288173678472e-01 1.3272944614327228e-02
4.7887925270300208e-01 1.3250785107713785e-02
4.8049562366921950e-01 1.3228662596940192e-02
4.8211199463543686e-01 1.3206577020240992e-02
4.8372836560165422e-01 1.3184528315953846e-02
4.8534473656787158e-01 1.3162516422519348e-02
4.8696110753408900e-01 1.3140541278480885e-02
4.8857747850030636e-01 1.3118602822484433e-02
4.9019384946652378e-01 1.3096700993278407e-02
4.9181022043274114e-01 1.3074835729713487e-02
4.9342659139895850e-01 1.3053006970742435e-02
4.9504296236517586e-01 1.3031214655419936e-02
4.9665933333139328e-01 1.3009458722902417e-02
4.9827570429761064e-01 1.2987739112447907e-02
4.9989207526382806e-01 1.2966055763415823e-02
5.0150844623004542e-01 1.2944408615266833e-02
5.0312481719626279e-01 1.2922797607562668e-02
5.0474118816248015e-01 1.2901222679965976e-02
5.0635755912869751e-01 1.2879683772240134e-02
5.0797393009491487e-01 1.2858180824249079e-02
5.0959030106113234e-01 1.2836713775957152e-02
5.1120667202734971e-01 1.2815282567428928e-02
5.1282304299356707e-01 1.2793887138829037e-02
5.1443941395978443e-01 1.2772527430422020e-02
5.1605578492600179e-01 1.2751203382572131e-02
5.1767215589221915e-01 1.2729914935743200e-02
5.1928852685843663e-01 1.2708662030498438e-02
5.2090489782465399e-01 1.2687444607500315e-02
5.2252126879087135e-01 1.2666262607510342e-02
5.2413763975708871e-01 1.2645115971388935e-02
5.2575401072330608e-01 1.2624004640095249e-02
5.2737038168952344e-01 1.2602928554687016e-02
5.2898675265574080e-01 1.2581887656320352e-02
5.3060312362195827e-01 1.2560881886249641e-02
5.3221949458817563e-01 1.2539911185827323e-02
5.3383586555439300e-01 1.2518975496503765e-02
5.3545223652061036e-01 1.2498074759827076e-02
5.3706860748682772e-01 1.2477208917442955e-02
5.3868497845304519e-01 1.2456377911094526e-02
5.4030134941926256e-01 1.2435581682622168e-02
5.4191772038547992e-01 1.2414820173963370e-02
5.4353409135169728e-01 1.2394093327152548e-02
5.4515046231791464e-01 1.2373401084320900e-02
5.4676683328413200e-01 1.2352743387696232e-02
5.4838320425034937e-01 1.2332120179602802e-02
5.4999957521656673e-01 1.2311531402461162e-02
5.5161594618278420e-01 1.2290976998787994e-02
5.5323231714900156e-01 1.2270456911195949e-02
5.5484868811521892e-01 1.2249971082393488e-02
5.5646505908143629e-01 1.2229519455184724e-02
5.5808143004765365e-01 1.2209101972469253e-02
5.5969780101387112e-01 1.2188718577242009e-02
5.6131417198008848e-01 1.2168369212593092e-02
5.6293054294630585e-01 1.2148053821707619e-02
5.6454691391252321e-01 1.2127772347865556e-02
5.6616328487874057e-01 1.2107524734441568e-02
5.6777965584495793e-01 1.2087310924904861e-02
5.6939602681117529e-01 1.2067130862819011e-02
5.7101239777739266e-01 1.2046984491841819e-02
5.7262876874361013e-01 1.2026871755725154e-02
5.7424513970982749e-01 1.2006792598314796e-02
5.7586151067604485e-01 1.1986746963550265e-02
5.7747788164226221e-01 1.1966734795464690e-02
5.7909425260847958e-01 1.1946756038184620e-02
5.8071062357469705e-01 1.1926810635929899e-02
5.8232699454091441e-01 1.1906898533013497e-02
5.8394336550713177e-01 1.1887019673841351e-02
5.8555973647334914e-01 1.1867174002912208e-02
5.8717610743956650e-01 1.1847361464817491e-02
5.8879247840578386e-01 1.1827582004241116e-02
5.9040884937200122e-01 1.1807835565959355e-02
5.9202522033821858e-01 1.1788122094840680e-02
5.9364159130443606e-01 1.1768441535845595e-02
5.9525796227065342e-01 1.1748793834026510e-02
5.9687433323687078e-01 1.1729178934527565e-02
5.9849070420308814e-01 1.1709596782584477e-02
6.0010707516930561e-01 1.1690047323524399e-02
6.0172344613552298e-01 1.1670530502765763e-02
6.0333981710174034e-01 1.1651046265818124e-02
6.0495618806795770e-01 1.1631594558282009e-02
6.0657255903417506e-01 1.1612175325848769e-02
6.0818893000039242e-01 1.1592788514300420e-02
6.0980530096660979e-01 1.1573434069509499e-02
6.1142167193282715e-01 1.1554111937438917e-02
6.1303804289904451e-01 1.1534822064141791e-02
6.1465441386526198e-01 1.1515564395761305e-02
6.1627078483147935e-01 1.1496338878530563e-02
6.1788715579769671e-01 1.1477145458772433e-02
6.1950352676391407e-01 1.1457984082899395e-02
6.2111989773013154e-01 1.1438854697413396e-02
6.2273626869634890e-01 1.1419757248905702e-02
6.2435263966256627e-01 1.1400691684056745e-02
6.2596901062878363e-01 1.1381657949635976e-02
6.2758538159500099e-01 1.1362655992501710e-02
6.2920175256121835e-01 1.1343685759600991e-02
6.3081812352743571e-01 1.1324747197969430e-02
6.3243449449365308e-01 1.1305840254731071e-02
6.3405086545987055e-01 1.1286964877098224e-02
6.3566723642608791e-01 1.1268121012371343e-02
6.3728360739230527e-01 1.1249308607938852e-02
6.3889997835852264e-01 1.1230527611277026e-02
6.4051634932474000e-01 1.1211777969949814e-02
6.4213272029095747e-01 1.1193059631608720e-02
6.4374909125717483e-01 1.1174372543992641e-02
6.4536546222339219e-01 1.1155716654927721e-02
6.4698183318960956e-01 1.1137091912327216e-02
6.4859820415582692e-01 1.1118498264191342e-02
6.5021457512204428e-01 1.1099935658607124e-02
6.5183094608826164e-01 1.1081404043748262e-02
6.5344731705447900e-01 1.1062903367874979e-02
6.5506368802069637e-01 1.1044433579333882e-02
6.5668005898691384e-01 1.1025994626557808e-02
6.5829642995313120e-01 1.1007586458065696e-02
6.5991280091934856e-01 1.0989209022462426e-02
6.6152917188556604e-01 1.0970862268438682e-02
6.6314554285178340e-01 1.0952546144770826e-02
6.6476191381800076e-01 1.0934260600320718e-02
6.6637828478421812e-01 1.0916005584035604e-02
6.6799465575043548e-01 1.0897781044947966e-02
6.6961102671665285e-01 1.0879586932175373e-02
6.7122739768287021e-01 1.0861423194920354e-02
6.7284376864908757e-01 1.0843289782470232e-02
6.7446013961530493e-01 1.0825186644196998e-02
6.7607651058152229e-01 1.0807113729557170e-02
6.7769288154773977e-01 1.0789070988091657e-02
6.7930925251395713e-01 1.0771058369425601e-02
6.8092562348017449e-01 1.0753075823268255e-02
6.8254199444639196e-01 1.0735123299412817e-02
6.8415836541260933e-01 1.0717200747736322e-02
6.8577473637882669e-01 1.0699308118199491e-02
6.8739110734504405e-01 1.0681445360846566e-02
6.8900747831126141e-01 1.0663612425805212e-02
6.9062384927747877e-01 1.0645809263286338e-02
6.9224022024369614e-01 1.0628035823583995e-02
6.9385659120991350e-01 1.0610292057075211e-02
6.9547296217613086e-01 1.0592577914219862e-02
6.9708933314234833e-01 1.0574893345560528e-02
6.9870570410856569e-01 1.0557238301722369e-02
7.0032207507478306e-01 1.0539612733412966e-02
7.0193844604100042e-01 1.0522016591422207e-02
7.0355481700721789e-01 1.0504449826622122e-02
7.0517118797343525e-01 1.0486912389966780e-02
7.0678755893965262e-01 1.0469404232492119e-02
7.0840392990586998e-01 1.0451925305315832e-02
7.1002030087208734e-01 1.0434475559637215e-02
7.1163667183830470e-01 1.0417054946737043e-02
7.1325304280452206e-01 1.0399663417977427e-02
7.1486941377073943e-01 1.0382300924801684e-02
7.1648578473695679e-01 1.0364967418734191e-02
7.1810215570317426e-01 1.0347662851380265e-02
7.1971852666939162e-01 1.0330387174426007e-02
7.2133489763560898e-01 1.0313140339638191e-02
7.2295126860182635e-01 1.0295922298864108e-02
7.2456763956804382e-01 1.0278733004031454e-02
7.2618401053426118e-01 1.0261572407148168e-02
7.2780038150047854e-01 1.0244440460302318e-02
7.2941675246669591e-01 1.0227337115661966e-02
7.3103312343291327e-01 1.0210262325475032e-02
7.3264949439913063e-01 1.0193216042069153e-02
7.3426586536534799e-01 1.0176198217851557e-02
7.3588223633156535e-01 1.0159208805308932e-02
7.3749860729778272e-01 1.0142247757007292e-02
7.3911497826400019e-01 1.0125315025591837e-02
7.4073134923021755e-01 1.0108410563786833e-02
7.4234772019643491e-01 1.0091534324395473e-02
7.4396409116265239e-01 1.0074686260299743e-02
7.4558046212886975e-01 1.0057866324460298e-02
7.4719683309508711e-01 1.0041074469916323e-02
7.4881320406130447e-01 1.0024310649785408e-02
7.5042957502752183e-01 1.0007574817263408e-02
7.5204594599373920e-01 9.9908669256243265e-03
7.5366231695995656e-01 9.9741869282201738e-03
7.5527868792617392e-01 9.9575347784808445e-03
7.5689505889239128e-01 9.9409104299139715e-03
7.5851142985860864e-01 9.9243138361048196e-03
7.6012780082482612e-01 9.9077449507161391e-03
7.6174417179104348e-01 9.8912037274880467e-03
7.6336054275726084e-01 9.8746901202378806e-03
7.6497691372347831e-01 9.8582040828600892e-03
7.6659328468969568e-01 9.8417455693260974e-03
7.6820965565591304e-01 9.8253145336841714e-03
7.6982602662213040e-01 9.8089109300592975e-03
7.7144239758834776e-01 9.7925347126530480e-03
7.7305876855456512e-01 9.7761858357434568e-03
7.7467513952078249e-01 9.7598642536848995e-03
7.7629151048699985e-01 9.7435699209079529e-03
7.7790788145321721e-01 9.7273027919192682e-03
7.7952425241943457e-01 9.7110628213014569e-03
7.8114062338565204e-01 9.6948499637129482e-03
7.8275699435186941e-01 9.6786641738878815e-03
7.8437336531808677e-01 9.6625054066359611e-03
7.8598973628430424e-01 9.6463736168423287e-03
7.8760610725052160e-01 9.6302687594674689e-03
7.8922247821673897e-01 9.6141907895470387e-03
7.9083884918295633e-01 9.5981396621917792e-03
7.9245522014917369e-01 9.5821153325873661e-03
7.9407159111539105e-01 9.5661177559942991e-03
7.9568796208160841e-01 9.5501468877477649e-03
7.9730433304782578e-01 9.5342026832575255e-03
7.9892070401404314e-01 9.5182850980077907e-03
8.0053707498026061e-01 9.5023940875570839e-03
8.0215344594647797e-01 9.4865296075381210e-03
8.0376981691269533e-01 9.4706916136576974e-03
8.0538618787891270e-01 9.4548800616965582e-03
8.0700255884513017e-01 9.4390949075092694e-03
8.0861892981134753e-01 9.4233361070241006e-03
8.1023530077756489e-01 9.4076036162428992e-03
8.1185167174378225e-01 9.3918973912409647e-03
8.1346804270999962e-01 9.3762173881669422e-03
8.1508441367621698e-01 9.3605635632426753e-03
8.1670078464243434e-01 9.3449358727631018e-03
8.1831715560865170e-01 9.3293342730961203e-03
8.1993352657486906e-01 9.3137587206824878e-03
8.2154989754108654e-01 9.2982091720356687e-03
8.2316626850730390e-01 9.2826855837417430e-03
8.2478263947352126e-01 9.2671879124592571e-03
8.2639901043973862e-01 9.2517161149191316e-03
8.2801538140595610e-01 9.2362701479245142e-03
8.2963175237217346e-01 9.2208499683506789e-03
8.3124812333839082e-01 9.2054555331448941e-03
8.3286449430460818e-01 9.1900867993263032e-03
8.3448086527082554e-01 9.1747437239858096e-03
8.3609723623704291e-01 9.1594262642859577e-03
8.3771360720326027e-01 9.1441343774608056e-03
8.3932997816947763e-01 9.1288680208158127e-03
8.4094634913569499e-01 9.1136271517277129e-03
8.4256272010191247e-01 9.0984117276444090e-03
8.4417909106812983e-01 9.0832217060848423e-03
8.4579546203434719e-01 9.0680570446388734e-03
8.4741183300056466e-01 9.0529177009671686e-03
8.4902820396678202e-01 9.0378036328010881e-03
8.5064457493299939e-01 9.0227147979425517e-03
8.5226094589921675e-01 9.0076511542639352e-03
8.5387731686543411e-01 8.9926126597079468e-03
8.5549368783165147e-01 8.9775992722875043e-03
8.5711005879786883e-01 8.9626109500856328e-03
8.5872642976408620e-01 8.9476476512553374e-03
8.6034280073030356e-01 8.9327093340194810e-03
8.6195917169652092e-01 8.9177959566706828e-03
8.6357554266273839e-01 8.9029074775711821e-03
8.6519191362895576e-01 8.8880438551527507e-03
8.6680828459517312e-01 8.8732050479165443e-03
8.6842465556139059e-01 8.8583910144330071e-03
8.7004102652760795e-01 8.8436017133417550e-03
8.7165739749382531e-01 8.8288371033514480e-03
8.7327376846004268e-01 8.8140971432396908e-03
8.7489013942626004e-01 8.7993817918529064e-03
8.7650651039247740e-01 8.7846910081062247e-03
8.7812288135869476e-01 8.7700247509833636e-03
8.7973925232491212e-01 8.7553829795365256e-03
8.8135562329112949e-01 8.7407656528862773e-03
8.8297199425734685e-01 8.7261727302214293e-03
8.8458836522356432e-01 8.7116041707989266e-03
8.8620473618978168e-01 8.6970599339437418e-03
8.8782110715599905e-01 8.6825399790487479e-03
8.8943747812221652e-01 8.6680442655746228e-03
8.9105384908843388e-01 8.6535727530497163e-03
8.9267022005465124e-01 8.6391254010699491e-03
8.9428659102086860e-01 8.6247021692986998e-03
8.9590296198708597e-01 8.6103030174666875e-03
8.9751933295330333e-01 8.5959279053718658e-03
8.9913570391952069e-01 8.5815767928793026e-03
9.0075207488573805e-01 8.5672496399210700e-03
9.0236844585195553e-01 8.5529464064961411e-03
9.0398481681817289e-01 8.5386670526702690e-03
9.0560118778439025e-01 8.5244115385758757e-03
9.0721755875060761e-01 8.5101798244119429e-03
9.0883392971682497e-01 8.4959718704439077e-03
9.1045030068304234e-01 8.4817876370035343e-03
9.1206667164925981e-01 8.4676270844888258e-03
9.1368304261547717e-01 8.4534901733638902e-03
9.1529941358169453e-01 8.4393768641588523e-03
9.1691578454791189e-01 8.4252871174697250e-03
9.1853215551412926e-01 8.4112208939583107e-03
9.2014852648034662e-01 8.3971781543520901e-03
9.2176489744656398e-01 8.3831588594441026e-03
9.2338126841278145e-01 8.3691629700928475e-03
9.2499763937899881e-01 8.3551904472221831e-03
9.2661401034521618e-01 8.3412412518211899e-03
9.2823038131143354e-01 8.3273153449440872e-03
9.2984675227765090e-01 8.3134126877101120e-03
9.3146312324386826e-01 8.2995332413034160e-03
9.3307949421008574e-01 8.2856769669729501e-03
9.3469586517630310e-01 8.2718438260323702e-03
9.3631223614252046e-01 8.2580337798599125e-03
9.3792860710873782e-01 8.2442467898982928e-03
9.3954497807495518e-01 8.2304828176546010e-03
9.4116134904117255e-01 8.2167418247001967e-03
9.4277772000738991e-01 8.2030237726705910e-03
9.4439409097360738e-01 8.1893286232653465e-03
9.4601046193982474e-01 8.1756563382479729e-03
9.4762683290604210e-01 8.1620068794458073e-03
9.4924320387225947e-01 8.1483802087499290e-03
9.5085957483847683e-01 8.1347762881150368e-03
9.5247594580469419e-01 8.1211950795593395e-03
9.5409231677091166e-01 8.1076365451644671e-03
9.5570868773712903e-01 8.0941006470753533e-03
9.5732505870334639e-01 8.0805873475001313e-03
9.5894142966956375e-01 8.0670966087100227e-03
9.6055780063578111e-01 8.0536283930392489e-03
9.6217417160199847e-01 8.0401826628849066e-03
9.6379054256821595e-01 8.0267593807068736e-03
9.6540691353443331e-01 8.0133585090277036e-03
9.6702328450065067e-01 7.9999800104325232e-03
9.6863965546686803e-01 7.9866238475689161e-03
9.7025602643308539e-01 7.9732899831468276e-03
9.7187239739930276e-01 7.9599783799384691e-03
9.7348876836552012e-01 7.9466890007781951e-03
9.7510513933173759e-01 7.9334218085624093e-03
9.7672151029795495e-01 7.9201767662494676e-03
9.7833788126417232e-01 7.9069538368595638e-03
9.7995425223038968e-01 7.8937529834746303e-03
9.8157062319660704e-01 7.8805741692382324e-03
9.8318699416282440e-01 7.8674173573554732e-03
9.8480336512904187e-01 7.8542825110928839e-03
9.8641973609525924e-01 7.8411695937783219e-03
9.8803610706147660e-01 7.8280785688008697e-03
9.8965247802769396e-01 7.8150093996107364e-03
9.9126884899391132e-01 7.8019620497191489e-03
9.9288521996012868e-01 7.7889364826982492e-03
9.9450159092634616e-01 7.7759326621810038e-03
9.9611796189256352e-01 7.7629505518610892e-03
9.9773433285878088e-01 7.7499901154928002e-03
9.9935070382499824e-01 7.7370513168909432e-03
1.0009670747912156e+00 7.7241341199307334e-03
1.0025834457574330e+00 7.7112384885477036e-03
1.0041998167236503e+00 7.6983643867375908e-03
1.0058161876898679e+00 7.6855117785562463e-03
1.0074325586560851e+00 7.6726806281195332e-03
1.0090489296223026e+00 7.6598708996032114e-03
1.0106653005885198e+00 7.6470825572428703e-03
1.0122816715547374e+00 7.6343155653337894e-03
1.0138980425209545e+00 7.6215698882308716e-03
1.0155144134871721e+00 7.6088454903485217e-03
1.0171307844533894e+00 7.5961423361605614e-03
1.0187471554196068e+00 7.5834603902001198e-03
1.0203635263858242e+00 7.5707996170595437e-03
1.0219798973520415e+00 7.5581599813902894e-03
1.0235962683182589e+00 7.5455414479028270e-03
1.0252126392844763e+00 7.5329439813665534e-03
1.0268290102506938e+00 7.5203675466096673e-03
1.0284453812169110e+00 7.5078121085191086e-03
1.0300617521831286e+00 7.4952776320404181e-03
1.0316781231493457e+00 7.4827640821776746e-03
1.0332944941155633e+00 7.4702714239933792e-03
1.0349108650817804e+00 7.4577996226083652e-03
1.0365272360479980e+00 7.4453486432016864e-03
1.0381436070142154e+00 7.4329184510105476e-03
1.0397599779804327e+00 7.4205090113301803e-03
1.0413763489466501e+00 7.4081202895137557e-03
1.0429927199128675e+00 7.3957522509722953e-03
1.0446090908790848e+00 7.3834048611745627e-03
1.0462254618453022e+00 7.3710780856469727e-03
1.0478418328115198e+00 7.3587718899734960e-03
1.0494582037777369e+00 7.3464862397955655e-03
1.0510745747439545e+00 7.3342211008119640e-03
1.0526909457101716e+00 7.3219764387787599e-03
1.0543073166763892e+00 7.3097522195091713e-03
1.0559236876426064e+00 7.2975484088735124e-03
1.0575400586088239e+00 7.2853649727990617e-03
1.0591564295750413e+00 7.2732018772699919e-03
1.0607728005412587e+00 7.2610590883272659e-03
1.0623891715074760e+00 7.2489365720685367e-03
1.0640055424736934e+00 7.2368342946480596e-03
1.0656219134399108e+00 7.2247522222766017e-03
1.0672382844061281e+00 7.2126903212213368e-03
1.0688546553723457e+00 7.2006485578057534e-03
1.0704710263385628e+00 7.1886268984095768e-03
1.0720873973047804e+00 7.1766253094686450e-03
1.0737037682709976e+00 7.1646437574748459e-03
1.0753201392372151e+00 7.1526822089760019e-03
1.0769365102034323e+00 7.1407406305757882e-03
1.0785528811696499e+00 7.1288189889336349e-03
1.0801692521358672e+00 7.1169172507646377e-03
1.0817856231020846e+00 7.1050353828394572e-03
1.0834019940683020e+00 7.0931733519842373e-03
1.0850183650345193e+00 7.0813311250805004e-03
1.0866347360007367e+00 7.0695086690650616e-03
1.0882511069669540e+00 7.0577059509299434e-03
1.0898674779331716e+00 7.0459229377222658e-03
1.0914838488993888e+00 7.0341595965441716e-03
1.0931002198656063e+00 7.0224158945527233e-03
1.0947165908318235e+00 7.0106917989598205e-03
1.0963329617980411e+00 6.9989872770320925e-03
1.0979493327642584e+00 6.9873022960908332e-03
1.0995657037304758e+00 6.9756368235118840e-03
1.1011820746966932e+00 6.9639908267255515e-03
1.1027984456629105e+00 6.9523642732165283e-03
1.1044148166291279e+00 6.9407571305237815e-03
1.1060311875953452e+00 6.9291693662404778e-03
1.1076475585615626e+00 6.9176009480138899e-03
1.1092639295277800e+00 6.9060518435452977e-03
1.1108803004939976e+00 6.8945220205899110e-03
1.1124966714602147e+00 6.8830114469567733e-03
1.1141130424264323e+00 6.8715200905086612e-03
1.1157294133926494e+00 6.8600479191620210e-03
1.1173457843588670e+00 6.8485949008868490e-03
1.1189621553250844e+00 6.8371610037066257e-03
1.1205785262913017e+00 6.8257461956982152e-03
1.1221948972575191e+00 6.8143504449917729e-03
1.1238112682237364e+00 6.8029737197706679e-03
1.1254276391899538e+00 6.7916159882713892e-03
1.1270440101561712e+00 6.7802772187834466e-03
1.1286603811223885e+00 6.7689573796492998e-03
1.1302767520886059e+00 6.7576564392642594e-03
1.1318931230548235e+00 6.7463743660763952e-03
1.1335094940210406e+00 6.7351111285864681e-03
1.1351258649872582e+00 6.7238666953478108e-03
1.1367422359534753e+00 6.7126410349662670e-03
1.1383586069196929e+00 6.7014341161000896e-03
1.1399749778859103e+00 6.6902459074598616e-03
1.1415913488521277e+00 6.6790763778084000e-03
1.1432077198183450e+00 6.6679254959606761e-03
1.1448240907845624e+00 6.6567932307837240e-03
1.1464404617507797e+00 6.6456795511965526e-03
1.1480568327169971e+00 6.6345844261700678e-03
1.1496732036832145e+00 6.6235078247269740e-03
1.1512895746494318e+00 6.6124497159416916e-03
1.1529059456156494e+00 6.6014100689402774e-03
1.1545223165818665e+00 6.5903888529003328e-03
1.1561386875480841e+00 6.5793860370509088e-03
1.1577550585143013e+00 6.5684015906724439e-03
1.1593714294805189e+00 6.5574354830966481e-03
1.1609878004467362e+00 6.5464876837064466e-03
1.1626041714129536e+00 6.5355581619358713e-03
1.1642205423791709e+00 6.5246468872699886e-03
1.1658369133453883e+00 6.5137538292448097e-03
1.1674532843116057e+00 6.5028789574472050e-03
1.1690696552778230e+00 6.4920222415148230e-03
1.1706860262440406e+00 6.4811836511360008e-03
1.1723023972102578e+00 6.4703631560496843e-03
1.1739187681764753e+00 6.4595607260453328e-03
1.1755351391426925e+00 6.4487763309628576e-03
1.1771515101089101e+00 6.4380099406925054e-03
1.1787678810751272e+00 6.4272615251748065e-03
1.1803842520413448e+00 6.4165310544004664e-03
1.1820006230075621e+00 6.4058184984103015e-03
1.1836169939737795e+00 6.3951238272951334e-03
1.1852333649399969e+00 6.3844470111957298e-03
1.1868497359062142e+00 6.3737880203027014e-03
1.1884661068724316e+00 6.3631468248564298e-03
1.1900824778386490e+00 6.3525233951469808e-03
1.1916988488048665e+00 6.3419177015140160e-03
1.1933152197710837e+00 6.3313297143467303e-03
1.1949315907373013e+00 6.3207594040837365e-03
1.1965479617035184e+00 6.3102067412130125e-03
1.1981643326697360e+00 6.2996716962718021e-03
1.1997807036359531e+00 6.2891542398465453e-03
1.2013970746021707e+00 6.2786543425727747e-03
1.2030134455683881e+00 6.2681719751350633e-03
1.2046298165346054e+00 6.2577071082669175e-03
1.2062461875008228e+00 6.2472597127507055e-03
1.2078625584670402e+00 6.2368297594175793e-03
1.2094789294332575e+00 6.2264172191473849e-03
1.2110953003994749e+00 6.2160220628685861e-03
1.2127116713656925e+00 6.2056442615581837e-03
1.2143280423319096e+00 6.1952837862416328e-03
1.2159444132981272e+00 6.1849406079927593e-03
1.2175607842643443e+00 6.1746146979336893e-03
1.2191771552305619e+00 6.1643060272347505e-03
1.2207935261967791e+00 6.1540145671144129e-03
1.2224098971629966e+00 6.1437402888391904e-03
1.2240262681292140e+00 6.1334831637235715e-03
1.2256426390954314e+00 6.1232431631299379e-03
1.2272590100616487e+00 6.1130202584684787e-03
1.2288753810278661e+00 6.1028144211971135e-03
1.2304917519940834e+00 6.0926256228214194e-03
1.2321081229603008e+00 6.0824538348945405e-03
1.2337244939265184e+00 6.0722990290171122e-03
1.2353408648927355e+00 6.0621611768371933e-03
1.2369572358589531e+00 6.0520402500501636e-03
1.2385736068251703e+00 6.0419362203986684e-03
1.2401899777913878e+00 6.0318490596725227e-03
1.2418063487576050e+00 6.0217787397086461e-03
1.2434227197238226e+00 6.0117252323909657e-03
1.2450390906900399e+00 6.0016885096503634e-03
1.2466554616562573e+00 5.9916685434645714e-03
1.2482718326224747e+00 5.9816653058581137e-03
1.2498882035886920e+00 5.9716787689022156e-03
1.2515045745549094e+00 5.9617089047147289e-03
1.2531209455211267e+00 5.9517556854600624e-03
1.2547373164873443e+00 5.9418190833490873e-03
1.2563536874535615e+00 5.9318990706390797e-03
1.2579700584197790e+00 5.9219956196336233e-03
1.2595864293859962e+00 5.9121087026825494e-03
1.2612028003522138e+00 5.9022382921818444e-03
1.2628191713184309e+00 5.8923843605735923e-03
1.2644355422846485e+00 5.8825468803458698e-03
1.2660519132508659e+00 5.8727258240326959e-03
1.2676682842170832e+00 5.8629211642139464e-03
1.2692846551833006e+00 5.8531328735152658e-03
1.2709010261495179e+00 5.8433609246080105e-03
1.2725173971157353e+00 5.8336052902091592e-03
1.2741337680819527e+00 5.8238659430812365e-03
1.2757501390481703e+00 5.8141428560322455e-03
1.2773665100143874e+00 5.8044360019155888e-03
1.2789828809806050e+00 5.7947453536299808e-03
1.2805992519468221e+00 5.7850708841193981e-03
1.2822156229130397e+00 5.7754125663729708e-03
1.2838319938792568e+00 5.7657703734249367e-03
1.2854483648454744e+00 5.7561442783545481e-03
1.2870647358116918e+00 5.7465342542860039e-03
1.2886811067779091e+00 5.7369402743883708e-03
1.2902974777441265e+00 5.7273623118755147e-03
1.2919138487103439e+00 5.7178003400060176e-03
1.2935302196765612e+00 5.7082543320831070e-03
1.2951465906427786e+00 5.6987242614545824e-03
1.2967629616089962e+00 5.6892101015127402e-03
1.2983793325752133e+00 5.6797118256943033e-03
1.2999957035414309e+00 5.6702294074803304e-03
1.3016120745076480e+00 5.6607628203961665e-03
1.3032284454738656e+00 5.6513120380113505e-03
1.3048448164400830e+00 5.6418770339395508e-03
1.3064611874063004e+00 5.6324577818384841e-03
1.3080775583725177e+00 5.6230542554098518e-03
1.3096939293387351e+00 5.6136664283992568e-03
1.3113103003049524e+00 5.6042942745961350e-03
1.3129266712711698e+00 5.5949377678336841e-03
1.3145430422373872e+00 5.5855968819887832e-03
1.3161594132036045e+00 5.5762715909819273e-03
1.3177757841698221e+00 5.5669618687771531e-03
1.3193921551360392e+00 5.5576676893819661e-03
1.3210085261022568e+00 5.5483890268472578e-03
1.3226248970684740e+00 5.5391258552672561e-03
1.3242412680346916e+00 5.5298781487794265e-03
1.3258576390009089e+00 5.5206458815644233e-03
1.3274740099671263e+00 5.5114290278459981e-03
1.3290903809333436e+00 5.5022275618909411e-03
1.3307067518995610e+00 5.4930414580090037e-03
1.3323231228657784e+00 5.4838706905528311e-03
1.3339394938319957e+00 5.4747152339178788e-03
1.3355558647982131e+00 5.4655750625423587e-03
1.3371722357644305e+00 5.4564501509071555e-03
1.3387886067306480e+00 5.4473404735357550e-03
1.3404049776968652e+00 5.4382460049941881e-03
1.3420213486630828e+00 5.4291667198909299e-03
1.3436377196292999e+00 5.4201025928768652e-03
1.3452540905955175e+00 5.4110535986451888e-03
1.3468704615617348e+00 5.4020197119313490e-03
1.3484868325279522e+00 5.3930009075129773e-03
1.3501032034941696e+00 5.3839971602098087e-03
1.3517195744603869e+00 5.3750084448836210e-03
1.3533359454266043e+00 5.3660347364381600e-03
1.3549523163928217e+00 5.3570760098190706e-03
1.3565686873590390e+00 5.3481322400138250e-03
1.3581850583252564e+00 5.3392034020516574e-03
1.3598014292914740e+00 5.3302894710034864e-03
1.3614178002576911e+00 5.3213904219818571e-03
1.3630341712239087e+00 5.3125062301408576e-03
1.3646505421901258e+00 5.3036368706760647e-03
1.3662669131563434e+00 5.2947823188244569e-03
1.3678832841225608e+00 5.2859425498643659e-03
1.3694996550887781e+00 5.2771175391153899e-03
1.3711160260549955e+00 5.2683072619383320e-03
1.3727323970212129e+00 5.2595116937351350e-03
1.3743487679874302e+00 5.2507308099488028e-03
1.3759651389536476e+00 5.2419645860633446e-03
1.3775815099198652e+00 5.2332129976036942e-03
1.3791978808860823e+00 5.2244760201356523e-03
1.3808142518522999e+00 5.2157536292658053e-03
1.3824306228185170e+00 5.2070458006414728e-03
1.3840469937847346e+00 5.1983525099506267e-03
1.3856633647509518e+00 5.1896737329218366e-03
1.3872797357171693e+00 5.1810094453241771e-03
1.3888961066833867e+00 5.1723596229671966e-03
1.3905124776496041e+00 5.1637242417008171e-03
1.3921288486158214e+00 5.1551032774152846e-03
1.3937452195820388e+00 5.1464967060410940e-03
1.3953615905482561e+00 5.1379045035489278e-03
1.3969779615144735e+00 5.1293266459495881e-03
1.3985943324806911e+00 5.1207631092939189e-03
1.4002107034469082e+00 5.1122138696727583e-03
1.4018270744131256e+00 5.1036789032168550e-03
1.4034434453793432e+00 5.0951581860968053e-03
1.4050598163455605e+00 5.0866516945230009e-03
1.4066761873117779e+00 5.0781594047455388e-03
1.4082925582779953e+00 5.0696812930541707e-03
1.4099089292442126e+00 5.0612173357782401e-03
1.4115253002104300e+00 5.0527675092865943e-03
1.4131416711766474e+00 5.0443317899875502e-03
1.4147580421428647e+00 5.0359101543288000e-03
1.4163744131090821e+00 5.0275025787973595e-03
1.4179907840752994e+00 5.0191090399195077e-03
1.4196071550415168e+00 5.0107295142606976e-03
1.4212235260077342e+00 5.0023639784255221e-03
1.4228398969739515e+00 4.9940124090576280e-03
1.4244562679401691e+00 4.9856747828396523e-03
1.4260726389063865e+00 4.9773510764931674e-03
1.4276890098726038e+00 4.9690412667786048e-03
1.4293053808388212e+00 4.9607453304951954e-03
1.4309217518050386e+00 4.9524632444809110e-03
1.4325381227712559e+00 4.9441949856123789e-03
1.4341544937374733e+00 4.9359405308048478e-03
1.4357708647036906e+00 4.9276998570120956e-03
1.4373872356699080e+00 4.9194729412263809e-03
1.4390036066361254e+00 4.9112597604783741e-03
1.4406199776023427e+00 4.9030602918370882e-03
1.4422363485685601e+00 4.8948745124098338e-03
1.4438527195347775e+00 4.8867023993421225e-03
1.4454690905009950e+00 4.8785439298176360e-03
1.4470854614672124e+00 4.8703990810581490e-03
1.4487018324334298e+00 4.8622678303234523e-03
1.4503182033996471e+00 4.8541501549113145e-03
1.4519345743658645e+00 4.8460460321574006e-03
1.4535509453320818e+00 4.8379554394352127e-03
1.4551673162982992e+00 4.8298783541560380e-03
1.4567836872645166e+00 4.8218147537688605e-03
1.4584000582307339e+00 4.8137646157603280e-03
1.4600164291969513e+00 4.8057279176546676e-03
1.4616328001631687e+00 4.7977046370136292e-03
1.4632491711293860e+00 4.7896947514364302e-03
1.4648655420956034e+00 4.7816982385596807e-03
1.4664819130618210e+00 4.7737150760573284e-03
1.4680982840280383e+00 4.7657452416406025e-03
1.4697146549942557e+00 4.7577887130579284e-03
1.4713310259604730e+00 4.7498454680948952e-03
1.4729473969266904e+00 4.7419154845741726e-03
1.4745637678929078e+00 4.7339987403554563e-03
1.4761801388591251e+00 4.7260952133354080e-03
1.4777965098253425e+00 4.7182048814475869e-03
1.4794128807915599e+00 4.7103277226624050e-03
1.4810292517577772e+00 4.7024637149870319e-03
1.4826456227239946e+00 4.6946128364653778e-03
1.4842619936902119e+00 4.6867750651779939e-03
1.4858783646564293e+00 4.6789503792420296e-03
1.4874947356226469e+00 4.6711387568111728e-03
1.4891111065888643e+00 4.6633401760755814e-03
1.4907274775550816e+00 4.6555546152618216e-03
1.4923438485212990e+00 4.6477820526328205e-03
1.4939602194875163e+00 4.6400224664877830e-03
1.4955765904537337e+00 4.6322758351621555e-03
1.4971929614199511e+00 4.6245421370275479e-03
1.4988093323861684e+00 4.6168213504916783e-03
1.5004257033523858e+00 4.6091134539983222e-03
1.5020420743186031e+00 4.6014184260272295e-03
1.5036584452848205e+00 4.5937362450940919e-03
1.5052748162510379e+00 4.5860668897504632e-03
1.5068911872172555e+00 4.5784103385837051e-03
1.5085075581834728e+00 4.5707665702169331e-03
1.5101239291496902e+00 4.5631355633089484e-03
1.5117403001159075e+00 4.5555172965541799e-03
1.5133566710821249e+00 4.5479117486826358e-03
1.5149730420483423e+00 4.5403188984598193e-03
1.5165894130145596e+00 4.5327387246867018e-03
1.5182057839807770e+00 4.5251712061996378e-03
1.5198221549469944e+00 4.5176163218703146e-03
1.5214385259132117e+00 4.5100740506056987e-03
1.5230548968794291e+00 4.5025443713479643e-03
1.5246712678456464e+00 4.4950272630744558e-03
1.5262876388118638e+00 4.4875227047975978e-03
1.5279040097780814e+00 4.4800306755648656e-03
1.5295203807442987e+00 4.4725511544587183e-03
1.5311367517105161e+00 4.4650841205965235e-03
1.5327531226767335e+00 4.4576295531305269e-03
1.5343694936429508e+00 4.4501874312477714e-03
1.5359858646091682e+00 4.4427577341700497e-03
1.5376022355753856e+00 4.4353404411538516e-03
1.5392186065416029e+00 4.4279355314902824e-03
1.5408349775078203e+00 4.4205429845050378e-03
1.5424513484740376e+00 4.4131627795583215e-03
1.5440677194402550e+00 4.4057948960447950e-03
1.5456840904064724e+00 4.3984393133935287e-03
1.5473004613726897e+00 4.3910960110679249e-03
1.5489168323389073e+00 4.3837649685656817e-03
1.5505332033051247e+00 4.3764461654187282e-03
1.5521495742713420e+00 4.3691395811931502e-03
1.5537659452375594e+00 4.3618451954891670e-03
1.5553823162037768e+00 4.3545629879410434e-03
1.5569986871699941e+00 4.3472929382170527e-03
1.5586150581362115e+00 4.3400350260194070e-03
1.5602314291024288e+00 4.3327892310842065e-03
1.5618478000686462e+00 4.3255555331813897e-03
1.5634641710348636e+00 4.3183339121146604e-03
1.5650805420010809e+00 4.3111243477214466e-03
1.5666969129672983e+00 4.3039268198728341e-03
1.5683132839335157e+00 4.2967413084735147e-03
1.5699296548997332e+00 4.2895677934617366e-03
1.5715460258659506e+00 4.2824062548092344e-03
1.5731623968321680e+00 4.2752566725211792e-03
1.5747787677983853e+00 4.2681190266361350e-03
1.5763951387646027e+00 4.2609932972259750e-03
1.5780115097308201e+00 4.2538794643958589e-03
1.5796278806970374e+00 4.2467775082841511e-03
1.5812442516632548e+00 4.2396874090623793e-03
1.5828606226294721e+00 4.2326091469351776e-03
1.5844769935956895e+00 4.2255427021402215e-03
1.5860933645619069e+00 4.2184880549481895e-03
1.5877097355281242e+00 4.2114451856626912e-03
1.5893261064943418e+00 4.2044140746202224e-03
1.5909424774605592e+00 4.1973947021901109e-03
1.5925588484267765e+00 4.1903870487744544e-03
1.5941752193929939e+00 4.1833910948080675e-03
1.5957915903592113e+00 4.1764068207584392e-03
1.5974079613254286e+00 4.1694342071256548e-03
1.5990243322916460e+00 4.1624732344423673e-03
1.6006407032578633e+00 4.1555238832737245e-03
1.6022570742240807e+00 4.1485861342173223e-03
1.6038734451902981e+00 4.1416599679031498e-03
1.6054898161565154e+00 4.1347453649935332e-03
1.6071061871227328e+00 4.1278423061830898e-03
1.6087225580889501e+00 4.1209507721986557e-03
1.6103389290551677e+00 4.1140707437992557e-03
1.6119553000213851e+00 4.1072022017760342e-03
1.6135716709876025e+00 4.1003451269522040e-03
1.6151880419538198e+00 4.0934995001829918e-03
1.6168044129200372e+00 4.0866653023555917e-03
1.6184207838862545e+00 4.0798425143891036e-03
1.6200371548524719e+00 4.0730311172344881e-03
1.6216535258186893e+00 4.0662310918745002e-03
1.6232698967849066e+00 4.0594424193236547e-03
1.6248862677511240e+00 4.0526650806281548e-03
1.6265026387173414e+00 4.0458990568658518e-03
1.6281190096835587e+00 4.0391443291461909e-03
1.6297353806497761e+00 4.0324008786101449e-03
1.6313517516159937e+00 4.0256686864301831e-03
1.6329681225822110e+00 4.0189477338102072e-03
1.6345844935484284e+00 4.0122380019854886e-03
1.6362008645146457e+00 4.0055394722226401e-03
1.6378172354808631e+00 3.9988521258195429e-03
1.6394336064470805e+00 3.9921759441053015e-03
1.6410499774132978e+00 3.9855109084402001e-03
1.6426663483795152e+00 3.9788570002156284e-03
1.6442827193457326e+00 3.9722142008540573e-03
1.6458990903119499e+00 3.9655824918089630e-03
1.6475154612781673e+00 3.9589618545647952e-03
1.6491318322443846e+00 3.9523522706369071e-03
1.6507482032106020e+00 3.9457537215715158e-03
1.6523645741768196e+00 3.9391661889456499e-03
1.6539809451430370e+00 3.9325896543670937e-03
1.6555973161092543e+00 3.9260240994743335e-03
1.6572136870754717e+00 3.9194695059365202e-03
1.6588300580416890e+00 3.9129258554533967e-03
1.6604464290079064e+00 3.9063931297552692e-03
1.6620627999741238e+00 3.8998713106029406e-03
1.6636791709403411e+00 3.8933603797876620e-03
1.6652955419065585e+00 3.8868603191310933e-03
1.6669119128727758e+00 3.8803711104852313e-03
1.6685282838389932e+00 3.8738927357323829e-03
1.6701446548052106e+00 3.8674251767850960e-03
1.6717610257714279e+00 3.8609684155861165e-03
1.6733773967376455e+00 3.8545224341083426e-03
1.6749937677038629e+00 3.8480872143547618e-03
1.6766101386700802e+00 3.8416627383584126e-03
1.6782265096362976e+00 3.8352489881823314e-03
1.6798428806025150e+00 3.8288459459194933e-03
1.6814592515687323e+00 3.8224535936927781e-03
1.6830756225349497e+00 3.8160719136549072e-03
1.6846919935011671e+00 3.8097008879883995e-03
1.6863083644673844e+00 3.8033404989055207e-03
1.6879247354336018e+00 3.7969907286482321e-03
1.6895411063998191e+00 3.7906515594881480e-03
1.6911574773660365e+00 3.7843229737264707e-03
1.6927738483322539e+00 3.7780049536939621e-03
1.6943902192984714e+00 3.7716974817508741e-03
1.6960065902646888e+00 3.7654005402869171e-03
1.6976229612309062e+00 3.7591141117211948e-03
1.6992393321971235e+00 3.7528381785021671e-03
1.7008557031633409e+00 3.7465727231075926e-03
1.7024720741295583e+00 3.7403177280444914e-03
1.7040884450957756e+00 3.7340731758490776e-03
1.7057048160619930e+00 3.7278390490867318e-03
1.7073211870282103e+00 3.7216153303519361e-03
1.7089375579944277e+00 3.7154020022682321e-03
1.7105539289606451e+00 3.7091990474881768e-03
1.7121702999268624e+00 3.7030064486932805e-03
1.7137866708930800e+00 3.6968241885939738e-03
1.7154030418592974e+00 3.6906522499295536e-03
1.7170194128255147e+00 3.6844906154681265e-03
1.7186357837917321e+00 3.6783392680065762e-03
1.7202521547579495e+00 3.6721981903705030e-03
1.7218685257241668e+00 3.6660673654141801e-03
1.7234848966903842e+00 3.6599467760205112e-03
1.7251012676566015e+00 3.6538364051009672e-03
1.7267176386228189e+00 3.6477362355955599e-03
1.7283340095890363e+00 3.6416462504727772e-03
1.7299503805552536e+00 3.6355664327295412e-03
1.7315667515214710e+00 3.6294967653911631e-03
1.7331831224876884e+00 3.6234372315112912e-03
1.7347994934539059e+00 3.6173878141718711e-03
1.7364158644201233e+00 3.6113484964830872e-03
1.7380322353863407e+00 3.6053192615833267e-03
1.7396486063525580e+00 3.5993000926391292e-03
1.7412649773187754e+00 3.5932909728451290e-03
1.7428813482849927e+00 3.5872918854240269e-03
1.7444977192512101e+00 3.5813028136265305e-03
1.7461140902174275e+00 3.5753237407313071e-03
1.7477304611836448e+00 3.5693546500449496e-03
1.7493468321498622e+00 3.5633955249019093e-03
1.7509632031160796e+00 3.5574463486644720e-03
1.7525795740822969e+00 3.5515071047226934e-03
1.7541959450485143e+00 3.5455777764943613e-03
1.7558123160147319e+00 3.5396583474249523e-03
1.7574286869809492e+00 3.5337488009875755e-03
1.7590450579471666e+00 3.5278491206829333e-03
1.7606614289133840e+00 3.5219592900392798e-03
1.7622777998796013e+00 3.5160792926123572e-03
1.7638941708458187e+00 3.5102091119853752e-03
1.7655105418120360e+00 3.5043487317689419e-03
1.7671269127782534e+00 3.4984981356010335e-03
1.7687432837444708e+00 3.4926573071469395e-03
1.7703596547106881e+00 3.4868262300992215e-03
1.7719760256769055e+00 3.4810048881776718e-03
1.7735923966431228e+00 3.4751932651292520e-03
1.7752087676093402e+00 3.4693913447280695e-03
1.7768251385755578e+00 3.4635991107753146e-03
1.7784415095417752e+00 3.4578165470992256e-03
1.7800578805079925e+00 3.4520436375550384e-03
1.7816742514742099e+00 3.4462803660249420e-03
1.7832906224404272e+00 3.4405267164180344e-03
1.7849069934066446e+00 3.4347826726702831e-03
1.7865233643728620e+00 3.4290482187444645e-03
1.7881397353390793e+00 3.4233233386301407e-03
1.7897561063052967e+00 3.4176080163435965e-03
1.7913724772715141e+00 3.4119022359278025e-03
1.7929888482377314e+00 3.4062059814523767e-03
1.7946052192039488e+00 3.4005192370135206e-03
1.7962215901701664e+00 3.3948419867339992e-03
1.7978379611363837e+00 3.3891742147630832e-03
1.7994543321026011e+00 3.3835159052764971e-03
1.8010707030688184e+00 3.3778670424763966e-03
1.8026870740350358e+00 3.3722276105913052e-03
1.8043034450012532e+00 3.3665975938760775e-03
1.8059198159674705e+00 3.3609769766118603e-03
1.8075361869336879e+00 3.3553657431060349e-03
1.8091525578999053e+00 3.3497638776921893e-03
1.8107689288661226e+00 3.3441713647300642e-03
1.8123852998323400e+00 3.3385881886055114e-03
1.8140016707985573e+00 3.3330143337304517e-03
1.8156180417647747e+00 3.3274497845428280e-03
1.8172344127309923e+00 3.3218945255065711e-03
1.8188507836972096e+00 3.3163485411115438e-03
1.8204671546634270e+00 3.3108118158735027e-03
1.8220835256296444e+00 3.3052843343340630e-03
1.8236998965958617e+00 3.2997660810606378e-03
1.8253162675620791e+00 3.2942570406464138e-03
1.8269326385282965e+00 3.2887571977102950e-03
1.8285490094945138e+00 3.2832665368968663e-03
1.8301653804607312e+00 3.2777850428763527e-03
1.8317817514269485e+00 3.2723127003445617e-03
1.8333981223931659e+00 3.2668494940228639e-03
1.8350144933593833e+00 3.2613954086581302e-03
1.8366308643256006e+00 3.2559504290226977e-03
1.8382472352918182e+00 3.2505145399143310e-03
1.8398636062580356e+00 3.2450877261561710e-03
1.8414799772242529e+00 3.2396699725966965e-03
1.8430963481904703e+00 3.2342612641096872e-03
1.8447127191566877e+00 3.2288615855941677e-03
1.8463290901229050e+00 3.2234709219743831e-03
1.8479454610891224e+00 3.2180892581997423e-03
1.8495618320553397e+00 3.2127165792447837e-03
1.8511782030215571e+00 3.2073528701091298e-03
1.8527945739877745e+00 3.2019981158174461e-03
1.8544109449539918e+00 3.1966523014194037e-03
1.8560273159202092e+00 3.1913154119896292e-03
1.8576436868864266e+00 3.1859874326276697e-03
1.8592600578526441e+00 3.1806683484579463e-03
1.8608764288188615e+00 3.1753581446297210e-03
1.8624927997850789e+00 3.1700568063170436e-03
1.8641091707512962e+00 3.1647643187187194e-03
1.8657255417175136e+00 3.1594806670582612e-03
1.8673419126837310e+00 3.1542058365838588e-03
1.8689582836499483e+00 3.1489398125683203e-03
1.8705746546161657e+00 3.1436825803090505e-03
1.8721910255823830e+00 3.1384341251279950e-03
1.8738073965486004e+00 3.1331944323716057e-03
1.8754237675148178e+00 3.1279634874108028e-03
1.8770401384810351e+00 3.1227412756409225e-03
1.8786565094472525e+00 3.1175277824816924e-03
1.8802728804134701e+00 3.1123229933771759e-03
1.8818892513796874e+00 3.1071268937957397e-03
1.8835056223459048e+00 3.1019394692300140e-03
1.8851219933121222e+00 3.0967607051968463e-03
1.8867383642783395e+00 3.0915905872372640e-03
1.8883547352445569e+00 3.0864291009164379e-03
1.8899711062107742e+00 3.0812762318236315e-03
1.8915874771769916e+00 3.0761319655721758e-03
1.8932038481432090e+00 3.0709962877994105e-03
1.8948202191094263e+00 3.0658691841666634e-03
1.8964365900756437e+00 3.0607506403591994e-03
1.8980529610418611e+00 3.0556406420861751e-03
1.8996693320080784e+00 3.0505391750806164e-03
1.9012857029742960e+00 3.0454462250993574e-03
1.9029020739405134e+00 3.0403617779230208e-03
1.9045184449067307e+00 3.0352858193559667e-03
1.9061348158729481e+00 3.0302183352262486e-03
1.9077511868391654e+00 3.0251593113855882e-03
1.9093675578053828e+00 3.0201087337093286e-03
1.9109839287716002e+00 3.0150665880963852e-03
1.9126002997378175e+00 3.0100328604692273e-03
1.9142166707040349e+00 3.0050075367738156e-03
1.9158330416702523e+00 2.9999906029795835e-03
1.9174494126364696e+00 2.9949820450793827e-03
1.9190657836026870e+00 2.9899818490894546e-03
1.9206821545689046e+00 2.9849900010493844e-03
1.9222985255351219e+00 2.9800064870220675e-03
1.9239148965013393e+00 2.9750312930936600e-03
1.9255312674675567e+00 2.9700644053735578e-03
1.9271476384337740e+00 2.9651058099943381e-03
1.9287640093999914e+00 2.9601554931117384e-03
1.9303803803662087e+00 2.9552134409046010e-03
1.9319967513324261e+00 2.9502796395748498e-03
1.9336131222986435e+00 2.9453540753474452e-03
1.9352294932648608e+00 2.9404367344703381e-03
1.9368458642310782e+00 2.9355276032144479e-03
1.9384622351972955e+00 2.9306266678736062e-03
1.9400786061635129e+00 2.9257339147645335e-03
1.9416949771297305e+00 2.9208493302267965e-03
1.9433113480959479e+00 2.9159729006227593e-03
1.9449277190621652e+00 2.9111046123375629e-03
1.9465440900283826e+00 2.9062444517790782e-03
1.9481604609945999e+00 2.9013924053778611e-03
1.9497768319608173e+00 2.8965484595871319e-03
1.9513932029270347e+00 2.8917126008827180e-03
1.9530095738932520e+00 2.8868848157630328e-03
1.9546259448594694e+00 2.8820650907490312e-03
1.9562423158256868e+00 2.8772534123841635e-03
1.9578586867919041e+00 2.8724497672343568e-03
1.9594750577581215e+00 2.8676541418879570e-03
1.9610914287243388e+00 2.8628665229557095e-03
1.9627077996905564e+00 2.8580868970707056e-03
1.9643241706567738e+00 2.8533152508883591e-03
1.9659405416229911e+00 2.8485515710863630e-03
1.9675569125892085e+00 2.8437958443646451e-03
1.9691732835554259e+00 2.8390480574453448e-03
1.9707896545216432e+00 2.8343081970727698e-03
1.9724060254878606e+00 2.8295762500133515e-03
1.9740223964540780e+00 2.8248522030556241e-03
1.9756387674202953e+00 2.8201360430101692e-03
1.9772551383865127e+00 2.8154277567095953e-03
1.9788715093527300e+00 2.8107273310084948e-03
1.9804878803189474e+00 2.8060347527833996e-03
1.9821042512851648e+00 2.8013500089327610e-03
1.9837206222513823e+00 2.7966730863768930e-03
1.9853369932175997e+00 2.7920039720579549e-03
1.9869533641838171e+00 2.7873426529399065e-03
1.9885697351500344e+00 2.7826891160084633e-03
1.9901861061162518e+00 2.7780433482710765e-03
1.9918024770824692e+00 2.7734053367568885e-03
1.9934188480486865e+00 2.7687750685166895e-03
1.9950352190149039e+00 2.7641525306228982e-03
1.9966515899811212e+00 2.7595377101695072e-03
1.9982679609473386e+00 2.7549305942720652e-03
1.9998843319135560e+00 2.7503311700676227e-03
2.0015007028797731e+00 2.7457394247147131e-03
2.0031170738459911e+00 2.7411553453932994e-03
2.0047334448122083e+00 2.7365789193047633e-03
2.0063498157784254e+00 2.7320101336718383e-03
2.0079661867446430e+00 2.7274489757385984e-03
2.0095825577108606e+00 2.7228954327704097e-03
2.0111989286770777e+00 2.7183494920539042e-03
2.0128152996432949e+00 2.7138111408969343e-03
2.0144316706095124e+00 2.7092803666285440e-03
2.0160480415757300e+00 2.7047571565989355e-03
2.0176644125419472e+00 2.7002414981794213e-03
2.0192807835081643e+00 2.6957333787624082e-03
2.0208971544743819e+00 2.6912327857613423e-03
2.0225135254405995e+00 2.6867397066106889e-03
2.0241298964068166e+00 2.6822541287658931e-03
2.0257462673730342e+00 2.6777760397033363e-03
2.0273626383392518e+00 2.6733054269203150e-03
2.0289790093054689e+00 2.6688422779349999e-03
2.0305953802716861e+00 2.6643865802863926e-03
2.0322117512379037e+00 2.6599383215343080e-03
2.0338281222041212e+00 2.6554974892593220e-03
2.0354444931703384e+00 2.6510640710627506e-03
2.0370608641365555e+00 2.6466380545666105e-03
2.0386772351027731e+00 2.6422194274135775e-03
2.0402936060689907e+00 2.6378081772669630e-03
2.0419099770352078e+00 2.6334042918106770e-03
2.0435263480014250e+00 2.6290077587491851e-03
2.0451427189676430e+00 2.6246185658074803e-03
2.0467590899338601e+00 2.6202367007310615e-03
2.0483754609000773e+00 2.6158621512858728e-03
2.0499918318662949e+00 2.6114949052582870e-03
2.0516082028325124e+00 2.6071349504550707e-03
2.0532245737987296e+00 2.6027822747033483e-03
2.0548409447649467e+00 2.5984368658505605e-03
2.0564573157311643e+00 2.5940987117644464e-03
2.0580736866973819e+00 2.5897678003329889e-03
2.0596900576635990e+00 2.5854441194644025e-03
2.0613064286298162e+00 2.5811276570870856e-03
2.0629227995960338e+00 2.5768184011495873e-03
2.0645391705622513e+00 2.5725163396205807e-03
2.0661555415284685e+00 2.5682214604888271e-03
2.0677719124946861e+00 2.5639337517631331e-03
2.0693882834609036e+00 2.5596532014723317e-03
2.0710046544271208e+00 2.5553797976652437e-03
2.0726210253933379e+00 2.5511135284106367e-03
2.0742373963595555e+00 2.5468543817971975e-03
2.0758537673257731e+00 2.5426023459335051e-03
2.0774701382919902e+00 2.5383574089479894e-03
2.0790865092582074e+00 2.5341195589888956e-03
2.0807028802244250e+00 2.5298887842242612e-03
2.0823192511906425e+00 2.5256650728418773e-03
2.0839356221568597e+00 2.5214484130492501e-03
2.0855519931230768e+00 2.5172387930735827e-03
2.0871683640892948e+00 2.5130362011617216e-03
2.0887847350555120e+00 2.5088406255801459e-03
2.0904011060217291e+00 2.5046520546149211e-03
2.0920174769879467e+00 2.5004704765716648e-03
2.0936338479541643e+00 2.4962958797755241e-03
2.0952502189203814e+00 2.4921282525711378e-03
2.0968665898865986e+00 2.4879675833225992e-03
2.0984829608528162e+00 2.4838138604134285e-03
2.1000993318190337e+00 2.4796670722465435e-03
2.1017157027852509e+00 2.4755272072442235e-03
2.1033320737514680e+00 2.4713942538480728e-03
2.1049484447176856e+00 2.4672682005189967e-03
2.1065648156839032e+00 2.4631490357371662e-03
2.1081811866501203e+00 2.4590367480019780e-03
2.1097975576163379e+00 2.4549313258320363e-03
2.1114139285825555e+00 2.4508327577651137e-03
2.1130302995487726e+00 2.4467410323581133e-03
2.1146466705149898e+00 2.4426561381870504e-03
2.1162630414812074e+00 2.4385780638470039e-03
2.1178794124474249e+00 2.4345067979521023e-03
2.1194957834136421e+00 2.4304423291354803e-03
2.1211121543798592e+00 2.4263846460492481e-03
2.1227285253460768e+00 2.4223337373644586e-03
2.1243448963122944e+00 2.4182895917710867e-03
2.1259612672785115e+00 2.4142521979779855e-03
2.1275776382447291e+00 2.4102215447128553e-03
2.1291940092109467e+00 2.4061976207222216e-03
2.1308103801771638e+00 2.4021804147713955e-03
2.1324267511433810e+00 2.3981699156444469e-03
2.1340431221095986e+00 2.3941661121441643e-03
2.1356594930758162e+00 2.3901689930920372e-03
2.1372758640420333e+00 2.3861785473282171e-03
2.1388922350082504e+00 2.3821947637114840e-03
2.1405086059744680e+00 2.3782176311192174e-03
2.1421249769406856e+00 2.3742471384473711e-03
2.1437413479069027e+00 2.3702832746104372e-03
2.1453577188731199e+00 2.3663260285414086e-03
2.1469740898393375e+00 2.3623753891917638e-03
2.1485904608055550e+00 2.3584313455314193e-03
2.1502068317717722e+00 2.3544938865487112e-03
2.1518232027379898e+00 2.3505630012503609e-03
2.1534395737042074e+00 2.3466386786614372e-03
2.1550559446704245e+00 2.3427209078253374e-03
2.1566723156366416e+00 2.3388096778037522e-03
2.1582886866028592e+00 2.3349049776766268e-03
2.1599050575690768e+00 2.3310067965421448e-03
2.1615214285352939e+00 2.3271151235166885e-03
2.1631377995015111e+00 2.3232299477348099e-03
2.1647541704677287e+00 2.3193512583491991e-03
2.1663705414339463e+00 2.3154790445306600e-03
2.1679869124001634e+00 2.3116132954680768e-03
2.1696032833663810e+00 2.3077540003683767e-03
2.1712196543325986e+00 2.3039011484565124e-03
2.1728360252988157e+00 2.3000547289754266e-03
2.1744523962650328e+00 2.2962147311860128e-03
2.1760687672312504e+00 2.2923811443671038e-03
2.1776851381974680e+00 2.2885539578154238e-03
2.1793015091636851e+00 2.2847331608455705e-03
2.1809178801299023e+00 2.2809187427899834e-03
2.1825342510961199e+00 2.2771106929989041e-03
2.1841506220623375e+00 2.2733090008403610e-03
2.1857669930285546e+00 2.2695136557001326e-03
2.1873833639947717e+00 2.2657246469817136e-03
2.1889997349609893e+00 2.2619419641062913e-03
2.1906161059272069e+00 2.2581655965127167e-03
2.1922324768934240e+00 2.2543955336574734e-03
2.1938488478596416e+00 2.2506317650146444e-03
2.1954652188258592e+00 2.2468742800758881e-03
2.1970815897920764e+00 2.2431230683504083e-03
2.1986979607582935e+00 2.2393781193649183e-03
2.2003143317245111e+00 2.2356394226636213e-03
2.2019307026907287e+00 2.2319069678081779e-03
2.2035470736569458e+00 2.2281807443776695e-03
2.2051634446231629e+00 2.2244607419685826e-03
2.2067798155893805e+00 2.2207469501947658e-03
2.2083961865555981e+00 2.2170393586874136e-03
2.2100125575218152e+00 2.2133379570950301e-03
2.2116289284880328e+00 2.2096427350833973e-03
2.2132452994542504e+00 2.2059536823355549e-03
2.2148616704204676e+00 2.2022707885517682e-03
2.2164780413866847e+00 2.1985940434494935e-03
2.2180944123529023e+00 2.1949234367633539e-03
2.2197107833191199e+00 2.1912589582451149e-03
2.2213271542853370e+00 2.1876005976636526e-03
2.2229435252515541e+00 2.1839483448049175e-03
2.2245598962177717e+00 2.1803021894719176e-03
2.2261762671839893e+00 2.1766621214846871e-03
2.2277926381502065e+00 2.1730281306802488e-03
2.2294090091164236e+00 2.1694002069126005e-03
2.2310253800826416e+00 2.1657783400526702e-03
2.2326417510488588e+00 2.1621625199883089e-03
2.2342581220150759e+00 2.1585527366242397e-03
2.2358744929812935e+00 2.1549489798820417e-03
2.2374908639475111e+00 2.1513512397001236e-03
2.2391072349137282e+00 2.1477595060336919e-03
2.2407236058799453e+00 2.1441737688547196e-03
2.2423399768461629e+00 2.1405940181519231e-03
2.2439563478123805e+00 2.1370202439307340e-03
2.2455727187785977e+00 2.1334524362132709e-03
2.2471890897448148e+00 2.1298905850383105e-03
2.2488054607110324e+00 2.1263346804612560e-03
2.2504218316772500e+00 2.1227847125541177e-03
2.2520382026434671e+00 2.1192406714054808e-03
2.2536545736096847e+00 2.1157025471204740e-03
2.2552709445759023e+00 2.1121703298207502e-03
2.2568873155421194e+00 2.1086440096444534e-03
2.2585036865083365e+00 2.1051235767461903e-03
2.2601200574745541e+00 2.1016090212970036e-03
2.2617364284407717e+00 2.0981003334843498e-03
2.2633527994069889e+00 2.0945975035120677e-03
2.2649691703732060e+00 2.0911005216003461e-03
2.2665855413394236e+00 2.0876093779857068e-03
2.2682019123056412e+00 2.0841240629209667e-03
2.2698182832718583e+00 2.0806445666752206e-03
2.2714346542380754e+00 2.0771708795338096e-03
2.2730510252042935e+00 2.0737029917982873e-03
2.2746673961705106e+00 2.0702408937864048e-03
2.2762837671367278e+00 2.0667845758320790e-03
2.2779001381029453e+00 2.0633340282853584e-03
2.2795165090691629e+00 2.0598892415124074e-03
2.2811328800353801e+00 2.0564502058954752e-03
2.2827492510015972e+00 2.0530169118328622e-03
2.2843656219678148e+00 2.0495893497389033e-03
2.2859819929340324e+00 2.0461675100439370e-03
2.2875983639002495e+00 2.0427513831942795e-03
2.2892147348664666e+00 2.0393409596521916e-03
2.2908311058326842e+00 2.0359362298958657e-03
2.2924474767989018e+00 2.0325371844193826e-03
2.2940638477651190e+00 2.0291438137326999e-03
2.2956802187313365e+00 2.0257561083616162e-03
2.2972965896975541e+00 2.0223740588477504e-03
2.2989129606637713e+00 2.0189976557485065e-03
2.3005293316299884e+00 2.0156268896370606e-03
2.3021457025962060e+00 2.0122617511023192e-03
2.3037620735624236e+00 2.0089022307489073e-03
2.3053784445286407e+00 2.0055483191971347e-03
2.3069948154948579e+00 2.0022000070829674e-03
2.3086111864610754e+00 1.9988572850580064e-03
2.3102275574272930e+00 1.9955201437894610e-03
2.3118439283935102e+00 1.9921885739601244e-03
2.3134602993597273e+00 1.9888625662683379e-03
2.3150766703259453e+00 1.9855421114279783e-03
2.3166930412921625e+00 1.9822272001684261e-03
2.3183094122583796e+00 1.9789178232345332e-03
2.3199257832245972e+00 1.9756139713866089e-03
2.3215421541908148e+00 1.9723156354003891e-03
2.3231585251570319e+00 1.9690228060670030e-03
2.3247748961232491e+00 1.9657354741929624e-03
2.3263912670894666e+00 1.9624536306001206e-03
2.3280076380556842e+00 1.9591772661256596e-03
2.3296240090219014e+00 1.9559063716220585e-03
2.3312403799881185e+00 1.9526409379570643e-03
2.3328567509543361e+00 1.9493809560136720e-03
2.3344731219205537e+00 1.9461264166901002e-03
2.3360894928867708e+00 1.9428773108997636e-03
2.3377058638529884e+00 1.9396336295712411e-03
2.3393222348192060e+00 1.9363953636482630e-03
2.3409386057854231e+00 1.9331625040896782e-03
2.3425549767516403e+00 1.9299350418694255e-03
2.3441713477178578e+00 1.9267129679765176e-03
2.3457877186840754e+00 1.9234962734150103e-03
2.3474040896502926e+00 1.9202849492039793e-03
2.3490204606165097e+00 1.9170789863774910e-03
2.3506368315827273e+00 1.9138783759845806e-03
2.3522532025489449e+00 1.9106831090892312e-03
2.3538695735151620e+00 1.9074931767703437e-03
2.3554859444813796e+00 1.9043085701217085e-03
2.3571023154475972e+00 1.9011292802519903e-03
2.3587186864138143e+00 1.8979552982846979e-03
2.3603350573800315e+00 1.8947866153581547e-03
2.3619514283462490e+00 1.8916232226254856e-03
2.3635677993124666e+00 1.8884651112545787e-03
2.3651841702786838e+00 1.8853122724280728e-03
2.3668005412449009e+00 1.8821646973433272e-03
2.3684169122111185e+00 1.8790223772123923e-03
2.3700332831773361e+00 1.8758853032619961e-03
2.3716496541435532e+00 1.8727534667335127e-03
2.3732660251097704e+00 1.8696268588829358e-03
2.3748823960759879e+00 1.8665054709808588e-03
2.3764987670422055e+00 1.8633892943124507e-03
2.3781151380084227e+00 1.8602783201774305e-03
2.3797315089746403e+00 1.8571725398900381e-03
2.3813478799408578e+00 1.8540719447790188e-03
2.3829642509070750e+00 1.8509765261875955e-03
2.3845806218732921e+00 1.8478862754734385e-03
2.3861969928395097e+00 1.8448011840086526e-03
2.3878133638057273e+00 1.8417212431797417e-03
2.3894297347719444e+00 1.8386464443875942e-03
2.3910461057381616e+00 1.8355767790474557e-03
2.3926624767043791e+00 1.8325122385888983e-03
2.3942788476705967e+00 1.8294528144558084e-03
2.3958952186368139e+00 1.8263984981063569e-03
2.3975115896030315e+00 1.8233492810129700e-03
2.3991279605692490e+00 1.8203051546623167e-03
2.4007443315354662e+00 1.8172661105552786e-03
2.4023607025016833e+00 1.8142321402069238e-03
2.4039770734679005e+00 1.8112032351464856e-03
2.4055934444341185e+00 1.8081793869173439e-03
2.4072098154003356e+00 1.8051605870769958e-03
2.4088261863665528e+00 1.8021468271970300e-03
2.4104425573327708e+00 1.7991380988631098e-03
2.4120589282989879e+00 1.7961343936749475e-03
2.4136752992652051e+00 1.7931357032462748e-03
2.4152916702314222e+00 1.7901420192048313e-03
2.4169080411976402e+00 1.7871533331923269e-03
2.4185244121638574e+00 1.7841696368644316e-03
2.4201407831300745e+00 1.7811909218907465e-03
2.4217571540962917e+00 1.7782171799547762e-03
2.4233735250625097e+00 1.7752484027539098e-03
2.4249898960287268e+00 1.7722845819994060e-03
2.4266062669949440e+00 1.7693257094163533e-03
2.4282226379611620e+00 1.7663717767436549e-03
2.4298390089273791e+00 1.7634227757340154e-03
2.4314553798935963e+00 1.7604786981538993e-03
2.4330717508598134e+00 1.7575395357835183e-03
2.4346881218260314e+00 1.7546052804168113e-03
2.4363044927922486e+00 1.7516759238614167e-03
2.4379208637584657e+00 1.7487514579386458e-03
2.4395372347246829e+00 1.7458318744834700e-03
2.4411536056909009e+00 1.7429171653444877e-03
2.4427699766571180e+00 1.7400073223839093e-03
2.4443863476233352e+00 1.7371023374775324e-03
2.4460027185895523e+00 1.7342022025147149e-03
2.4476190895557703e+00 1.7313069093983537e-03
2.4492354605219875e+00 1.7284164500448737e-03
2.4508518314882046e+00 1.7255308163841862e-03
2.4524682024544227e+00 1.7226500003596757e-03
2.4540845734206398e+00 1.7197739939281860e-03
2.4557009443868569e+00 1.7169027890599794e-03
2.4573173153530741e+00 1.7140363777387317e-03
2.4589336863192921e+00 1.7111747519614948e-03
2.4605500572855092e+00 1.7083179037386878e-03
2.4621664282517264e+00 1.7054658250940673e-03
2.4637827992179435e+00 1.7026185080647035e-03
2.4653991701841615e+00 1.6997759447009626e-03
2.4670155411503787e+00 1.6969381270664856e-03
2.4686319121165958e+00 1.6941050472381609e-03
2.4702482830828139e+00 1.6912766973061005e-03
2.4718646540490310e+00 1.6884530693736331e-03
2.4734810250152481e+00 1.6856341555572612e-03
2.4750973959814653e+00 1.6828199479866511e-03
2.4767137669476833e+00 1.6800104388046116e-03
2.4783301379139004e+00 1.6772056201670689e-03
2.4799465088801176e+00 1.6744054842430414e-03
2.4815628798463347e+00 1.6716100232146262e-03
2.4831792508125528e+00 1.6688192292769685e-03
2.4847956217787699e+00 1.6660330946382466e-03
2.4864119927449870e+00 1.6632516115196480e-03
2.4880283637112042e+00 1.6604747721553448e-03
2.4896447346774222e+00 1.6577025687924722e-03
2.4912611056436393e+00 1.6549349936911175e-03
2.4928774766098565e+00 1.6521720391242821e-03
2.4944938475760745e+00 1.6494136973778672e-03
2.4961102185422916e+00 1.6466599607506622e-03
2.4977265895085088e+00 1.6439108215543039e-03
2.4993429604747259e+00 1.6411662721132678e-03
2.5009593314409440e+00 1.6384263047648465e-03
2.5025757024071611e+00 1.6356909118591246e-03
2.5041920733733782e+00 1.6329600857589558e-03
2.5058084443395954e+00 1.6302338188399483e-03
2.5074248153058134e+00 1.6275121034904352e-03
2.5090411862720305e+00 1.6247949321114604e-03
2.5106575572382477e+00 1.6220822971167556e-03
2.5122739282044657e+00 1.6193741909327126e-03
2.5138902991706829e+00 1.6166706059983730e-03
2.5155066701369000e+00 1.6139715347654002e-03
2.5171230411031171e+00 1.6112769696980578e-03
2.5187394120693352e+00 1.6085869032731893e-03
2.5203557830355523e+00 1.6059013279802060e-03
2.5219721540017694e+00 1.6032202363210504e-03
2.5235885249679866e+00 1.6005436208101846e-03
2.5252048959342046e+00 1.5978714739745704e-03
2.5268212669004217e+00 1.5952037883536462e-03
2.5284376378666389e+00 1.5925405564993019e-03
2.5300540088328560e+00 1.5898817709758678e-03
2.5316703797990741e+00 1.5872274243600827e-03
2.5332867507652912e+00 1.5845775092410829e-03
2.5349031217315083e+00 1.5819320182203765e-03
2.5365194926977264e+00 1.5792909439118210e-03
2.5381358636639435e+00 1.5766542789416077e-03
2.5397522346301606e+00 1.5740220159482403e-03
2.5413686055963778e+00 1.5713941475825081e-03
2.5429849765625958e+00 1.5687706665074707e-03
2.5446013475288130e+00 1.5661515653984436e-03
2.5462177184950301e+00 1.5635368369429634e-03
2.5478340894612472e+00 1.5609264738407768e-03
2.5494504604274653e+00 1.5583204688038197e-03
2.5510668313936824e+00 1.5557188145561981e-03
2.5526832023598995e+00 1.5531215038341588e-03
2.5542995733261176e+00 1.5505285293860808e-03
2.5559159442923347e+00 1.5479398839724485e-03
2.5575323152585518e+00 1.5453555603658336e-03
2.5591486862247690e+00 1.5427755513508729e-03
2.5607650571909870e+00 1.5401998497242462e-03
2.5623814281572042e+00 1.5376284482946688e-03
2.5639977991234213e+00 1.5350613398828537e-03
2.5656141700896384e+00 1.5324985173215007e-03
2.5672305410558565e+00 1.5299399734552792e-03
2.5688469120220736e+00 1.5273857011408034e-03
2.5704632829882907e+00 1.5248356932466107e-03
2.5720796539545079e+00 1.5222899426531494e-03
2.5736960249207259e+00 1.5197484422527483e-03
2.5753123958869431e+00 1.5172111849496082e-03
2.5769287668531602e+00 1.5146781636597743e-03
2.5785451378193782e+00 1.5121493713111168e-03
2.5801615087855954e+00 1.5096248008433157e-03
2.5817778797518125e+00 1.5071044452078385e-03
2.5833942507180296e+00 1.5045882973679177e-03
2.5850106216842477e+00 1.5020763502985334e-03
2.5866269926504648e+00 1.4995685969864008e-03
2.5882433636166819e+00 1.4970650304299371e-03
2.5898597345828991e+00 1.4945656436392498e-03
2.5914761055491171e+00 1.4920704296361180e-03
2.5930924765153343e+00 1.4895793814539728e-03
2.5947088474815514e+00 1.4870924921378706e-03
2.5963252184477694e+00 1.4846097547444839e-03
2.5979415894139866e+00 1.4821311623420773e-03
2.5995579603802037e+00 1.4796567080104840e-03
2.6011743313464208e+00 1.4771863848410960e-03
2.6027907023126389e+00 1.4747201859368340e-03
2.6044070732788560e+00 1.4722581044121373e-03
2.6060234442450732e+00 1.4698001333929415e-03
2.6076398152112903e+00 1.4673462660166551e-03
2.6092561861775083e+00 1.4648964954321433e-03
2.6108725571437255e+00 1.4624508147997168e-03
2.6124889281099426e+00 1.4600092172910976e-03
2.6141052990761606e+00 1.4575716960894079e-03
2.6157216700423778e+00 1.4551382443891581e-03
2.6173380410085949e+00 1.4527088553962140e-03
2.6189544119748120e+00 1.4502835223277836e-03
2.6205707829410301e+00 1.4478622384124038e-03
2.6221871539072472e+00 1.4454449968899150e-03
2.6238035248734644e+00 1.4430317910114406e-03
2.6254198958396815e+00 1.4406226140393765e-03
2.6270362668058995e+00 1.4382174592473618e-03
2.6286526377721167e+00 1.4358163199202703e-03
2.6302690087383338e+00 1.4334191893541856e-03
2.6318853797045509e+00 1.4310260608563811e-03
2.6335017506707690e+00 1.4286369277453040e-03
2.6351181216369861e+00 1.4262517833505627e-03
2.6367344926032033e+00 1.4238706210128952e-03
2.6383508635694213e+00 1.4214934340841567e-03
2.6399672345356384e+00 1.4191202159273095e-03
2.6415836055018556e+00 1.4167509599163897e-03
2.6431999764680727e+00 1.4143856594364954e-03
2.6448163474342907e+00 1.4120243078837719e-03
2.6464327184005079e+00 1.4096668986653897e-03
2.6480490893667250e+00 1.4073134251995228e-03
2.6496654603329421e+00 1.4049638809153385e-03
2.6512818312991602e+00 1.4026182592529685e-03
2.6528982022653773e+00 1.4002765536635013e-03
2.6545145732315945e+00 1.3979387576089578e-03
2.6561309441978125e+00 1.3956048645622700e-03
2.6577473151640296e+00 1.3932748680072755e-03
2.6593636861302468e+00 1.3909487614386837e-03
2.6609800570964639e+00 1.3886265383620665e-03
2.6625964280626819e+00 1.3863081922938362e-03
2.6642127990288991e+00 1.3839937167612374e-03
2.6658291699951162e+00 1.3816831053023123e-03
2.6674455409613334e+00 1.3793763514658975e-03
2.6690619119275514e+00 1.3770734488115950e-03
2.6706782828937685e+00 1.3747743909097632e-03
2.6722946538599857e+00 1.3724791713414944e-03
2.6739110248262028e+00 1.3701877836985957e-03
2.6755273957924208e+00 1.3679002215835714e-03
2.6771437667586380e+00 1.3656164786096131e-03
2.6787601377248551e+00 1.3633365484005692e-03
2.6803765086910731e+00 1.3610604245909328e-03
2.6819928796572903e+00 1.3587881008258313e-03
2.6836092506235074e+00 1.3565195707609949e-03
2.6852256215897246e+00 1.3542548280627467e-03
2.6868419925559426e+00 1.3519938664079863e-03
2.6884583635221597e+00 1.3497366794841699e-03
2.6900747344883769e+00 1.3474832609892899e-03
2.6916911054545940e+00 1.3452336046318636e-03
2.6933074764208120e+00 1.3429877041309078e-03
2.6949238473870292e+00 1.3407455532159294e-03
2.6965402183532463e+00 1.3385071456269040e-03
2.6981565893194643e+00 1.3362724751142543e-03
2.6997729602856815e+00 1.3340415354388408e-03
2.7013893312518986e+00 1.3318143203719410e-03
2.7030057022181158e+00 1.3295908236952280e-03
2.7046220731843338e+00 1.3273710392007559e-03
2.7062384441505509e+00 1.3251549606909500e-03
2.7078548151167681e+00 1.3229425819785755e-03
2.7094711860829852e+00 1.3207338968867289e-03
2.7110875570492032e+00 1.3185288992488215e-03
2.7127039280154204e+00 1.3163275829085595e-03
2.7143202989816375e+00 1.3141299417199234e-03
2.7159366699478547e+00 1.3119359695471604e-03
2.7175530409140727e+00 1.3097456602647560e-03
2.7191694118802898e+00 1.3075590077574256e-03
2.7207857828465070e+00 1.3053760059200954e-03
2.7224021538127250e+00 1.3031966486578791e-03
2.7240185247789421e+00 1.3010209298860713e-03
2.7256348957451593e+00 1.2988488435301232e-03
2.7272512667113764e+00 1.2966803835256272e-03
2.7288676376775944e+00 1.2945155438182977e-03
2.7304840086438116e+00 1.2923543183639642e-03
2.7321003796100287e+00 1.2901967011285410e-03
2.7337167505762459e+00 1.2880426860880166e-03
2.7353331215424639e+00 1.2858922672284393e-03
2.7369494925086810e+00 1.2837454385458975e-03
2.7385658634748982e+00 1.2816021940465017e-03
2.7401822344411162e+00 1.2794625277463703e-03
2.7417986054073333e+00 1.2773264336716134e-03
2.7434149763735505e+00 1.2751939058583107e-03
2.7450313473397676e+00 1.2730649383525033e-03
2.7466477183059856e+00 1.2709395252101686e-03
2.7482640892722028e+00 1.2688176604972105e-03
2.7498804602384199e+00 1.2666993382894399e-03
2.7514968312046371e+00 1.2645845526725570e-03
2.7531132021708551e+00 1.2624732977421342e-03
2.7547295731370722e+00 1.2603655676036083e-03
2.7563459441032894e+00 1.2582613563722500e-03
2.7579623150695065e+00 1.2561606581731569e-03
2.7595786860357245e+00 1.2540634671412366e-03
2.7611950570019417e+00 1.2519697774211881e-03
2.7628114279681588e+00 1.2498795831674839e-03
2.7644277989343768e+00 1.2477928785443574e-03
2.7660441699005940e+00 1.2457096577257866e-03
2.7676605408668111e+00 1.2436299148954719e-03
2.7692769118330283e+00 1.2415536442468285e-03
2.7708932827992463e+00 1.2394808399829611e-03
2.7725096537654634e+00 1.2374114963166593e-03
2.7741260247316806e+00 1.2353456074703686e-03
2.7757423956978977e+00 1.2332831676761821e-03
2.7773587666641157e+00 1.2312241711758206e-03
2.7789751376303329e+00 1.2291686122206252e-03
2.7805915085965500e+00 1.2271164850715262e-03
2.7822078795627680e+00 1.2250677839990406e-03
2.7838242505289852e+00 1.2230225032832502e-03
2.7854406214952023e+00 1.2209806372137837e-03
2.7870569924614195e+00 1.2189421800898074e-03
2.7886733634276375e+00 1.2169071262200010e-03
2.7902897343938546e+00 1.2148754699225493e-03
2.7919061053600718e+00 1.2128472055251227e-03
2.7935224763262889e+00 1.2108223273648606e-03
2.7951388472925069e+00 1.2088008297883538e-03
2.7967552182587241e+00 1.2067827071516398e-03
2.7983715892249412e+00 1.2047679538201715e-03
2.7999879601911593e+00 1.2027565641688090e-03
2.8016043311573764e+00 1.2007485325818104e-03
2.8032207021235935e+00 1.1987438534528023e-03
2.8048370730898107e+00 1.1967425211847728e-03
2.8064534440560287e+00 1.1947445301900570e-03
2.8080698150222458e+00 1.1927498748903174e-03
2.8096861859884630e+00 1.1907585497165280e-03
2.8113025569546801e+00 1.1887705491089636e-03
2.8129189279208981e+00 1.1867858675171771e-03
2.8145352988871153e+00 1.1848044993999921e-03
2.8161516698533324e+00 1.1828264392254812e-03
2.8177680408195496e+00 1.1808516814709531e-03
2.8193844117857676e+00 1.1788802206229340e-03
2.8210007827519847e+00 1.1769120511771617e-03
2.8226171537182019e+00 1.1749471676385577e-03
2.8242335246844199e+00 1.1729855645212170e-03
2.8258498956506370e+00 1.1710272363484001e-03
2.8274662666168542e+00 1.1690721776525042e-03
2.8290826375830713e+00 1.1671203829750573e-03
2.8306990085492894e+00 1.1651718468667013e-03
2.8323153795155065e+00 1.1632265638871759e-03
2.8339317504817236e+00 1.1612845286053006e-03
2.8355481214479408e+00 1.1593457355989669e-03
2.8371644924141588e+00 1.1574101794551142e-03
2.8387808633803759e+00 1.1554778547697218e-03
2.8403972343465931e+00 1.1535487561477918e-03
2.8420136053128111e+00 1.1516228782033303e-03
2.8436299762790282e+00 1.1497002155593378e-03
2.8452463472452454e+00 1.1477807628477927e-03
2.8468627182114625e+00 1.1458645147096329e-03
2.8484790891776806e+00 1.1439514657947427e-03
2.8500954601438977e+00 1.1420416107619439e-03
2.8517118311101148e+00 1.1401349442789705e-03
2.8533282020763320e+00 1.1382314610224591e-03
2.8549445730425500e+00 1.1363311556779362e-03
2.8565609440087671e+00 1.1344340229398004e-03
2.8581773149749843e+00 1.1325400575113061e-03
2.8597936859412014e+00 1.1306492541045539e-03
2.8614100569074195e+00 1.1287616074404686e-03
2.8630264278736366e+00 1.1268771122487924e-03
2.8646427988398537e+00 1.1249957632680654e-03
2.8662591698060718e+00 1.1231175552456096e-03
2.8678755407722889e+00 1.1212424829375189e-03
2.8694919117385060e+00 1.1193705411086424e-03
2.8711082827047232e+00 1.1175017245325669e-03
2.8727246536709412e+00 1.1156360279916046e-03
2.8743410246371583e+00 1.1137734462767844e-03
2.8759573956033755e+00 1.1119139741878252e-03
2.8775737665695926e+00 1.1100576065331297e-03
2.8791901375358107e+00 1.1082043381297696e-03
2.8808065085020278e+00 1.1063541638034688e-03
2.8824228794682449e+00 1.1045070783885908e-03
2.8840392504344630e+00 1.1026630767281202e-03
2.8856556214006801e+00 1.1008221536736543e-03
2.8872719923668972e+00 1.0989843040853859e-03
2.8888883633331144e+00 1.0971495228320868e-03
2.8905047342993324e+00 1.0953178047910946e-03
2.8921211052655496e+00 1.0934891448483050e-03
2.8937374762317667e+00 1.0916635378981463e-03
2.8953538471979838e+00 1.0898409788435712e-03
2.8969702181642019e+00 1.0880214625960444e-03
2.8985865891304190e+00 1.0862049840755256e-03
2.9002029600966361e+00 1.0843915382104535e-03
2.9018193310628533e+00 1.0825811199377370e-03
2.9034357020290713e+00 1.0807737242027348e-03
2.9050520729952884e+00 1.0789693459592469e-03
2.9066684439615056e+00 1.0771679801694981e-03
2.9082848149277236e+00 1.0753696218041208e-03
2.9099011858939408e+00 1.0735742658421479e-03
2.9115175568601579e+00 1.0717819072709935e-03
2.9131339278263750e+00 1.0699925410864396e-03
2.9147502987925931e+00 1.0682061622926211e-03
2.9163666697588102e+00 1.0664227659020202e-03
2.9179830407250273e+00 1.0646423469354387e-03
2.9195994116912445e+00 1.0628649004219945e-03
2.9212157826574625e+00 1.0610904213991044e-03
2.9228321536236797e+00 1.0593189049124712e-03
2.9244485245898968e+00 1.0575503460160663e-03
2.9260648955561148e+00 1.0557847397721207e-03
2.9276812665223320e+00 1.0540220812511102e-03
2.9292976374885491e+00 1.0522623655317364e-03
2.9309140084547662e+00 1.0505055877009224e-03
2.9325303794209843e+00 1.0487517428537892e-03
2.9341467503872014e+00 1.0470008260936492e-03
2.9357631213534185e+00 1.0452528325319904e-03
2.9373794923196357e+00 1.0435077572884604e-03
2.9389958632858537e+00 1.0417655954908535e-03
2.9406122342520709e+00 1.0400263422751042e-03
2.9422286052182880e+00 1.0382899927852617e-03
2.9438449761845051e+00 1.0365565421734835e-03
2.9454613471507232e+00 1.0348259856000225e-03
2.9470777181169403e+00 1.0330983182332116e-03
2.9486940890831574e+00 1.0313735352494476e-03
2.9503104600493755e+00 1.0296516318331833e-03
2.9519268310155926e+00 1.0279326031769110e-03
2.9535432019818098e+00 1.0262164444811465e-03
2.9551595729480269e+00 1.0245031509544221e-03
2.9567759439142449e+00 1.0227927178132659e-03
2.9583923148804621e+00 1.0210851402821953e-03
2.9600086858466792e+00 1.0193804135936997e-03
2.9616250568128963e+00 1.0176785329882268e-03
2.9632414277791144e+00 1.0159794937141693e-03
2.9648577987453315e+00 1.0142832910278587e-03
2.9664741697115486e+00 1.0125899201935398e-03
2.9680905406777667e+00 1.0108993764833647e-03
2.9697069116439838e+00 1.0092116551773838e-03
2.9713232826102010e+00 1.0075267515635225e-03
2.9729396535764181e+00 1.0058446609375734e-03
2.9745560245426361e+00 1.0041653786031857e-03
2.9761723955088533e+00 1.0024888998718478e-03
2.9777887664750704e+00 1.0008152200628748e-03
2.9794051374412875e+00 9.9914433450339806e-04
2.9810215084075056e+00 9.9747623852834721e-04
2.9826378793737227e+00 9.9581092748044636e-04
2.9842542503399399e+00 9.9414839671018926e-04
2.9858706213061570e+00 9.9248864157583426e-04
2.9874869922723750e+00 9.9083165744338745e-04
2.9891033632385922e+00 9.8917743968659675e-04
2.9907197342048093e+00 9.8752598368692743e-04
2.9923361051710273e+00 9.8587728483355910e-04
2.9939524761372445e+00 9.8423133852336918e-04
2.9955688471034616e+00 9.8258814016091733e-04
2.9971852180696787e+00 9.8094768515843977e-04
2.9988015890358968e+00 9.7930996893582766e-04
3.0004179600021139e+00 9.7767498692062161e-04
3.0020343309683311e+00 9.7604273454799631e-04
3.0036507019345482e+00 9.7441320726074550e-04
3.0052670729007662e+00 9.7278640050927072e-04
3.0068834438669834e+00 9.7116230975157413e-04
3.0084998148332005e+00 9.6954093045323536e-04
3.0101161857994185e+00 9.6792225808740601e-04
3.0117325567656357e+00 9.6630628813479771e-04
3.0133489277318528e+00 9.6469301608366476e-04
3.0149652986980700e+00 9.6308243742979321e-04
3.0165816696642880e+00 9.6147454767649110e-04
3.0181980406305051e+00 9.5986934233457390e-04
3.0198144115967223e+00 9.5826681692234915e-04
3.0214307825629394e+00 9.5666696696561034e-04
3.0230471535291574e+00 9.5506978799761704e-04
3.0246635244953746e+00 9.5347527555908885e-04
3.0262798954615917e+00 9.5188342519819051e-04
3.0278962664278097e+00 9.5029423247051622e-04
3.0295126373940269e+00 9.4870769293908309e-04
3.0311290083602440e+00 9.4712380217431560e-04
3.0327453793264612e+00 9.4554255575403205e-04
3.0343617502926792e+00 9.4396394926343286e-04
3.0359781212588963e+00 9.4238797829509396e-04
3.0375944922251135e+00 9.4081463844894453e-04
3.0392108631913306e+00 9.3924392533226088e-04
3.0408272341575486e+00 9.3767583455965447e-04
3.0424436051237658e+00 9.3611036175305848e-04
3.0440599760899829e+00 9.3454750254171244e-04
3.0456763470562001e+00 9.3298725256215698e-04
3.0472927180224181e+00 9.3142960745821383e-04
3.0489090889886352e+00 9.2987456288098013e-04
3.0505254599548524e+00 9.2832211448881348e-04
3.0521418309210704e+00 9.2677225794731777e-04
3.0537582018872875e+00 9.2522498892933522e-04
3.0553745728535047e+00 9.2368030311493308e-04
3.0569909438197218e+00 9.2213819619138841e-04
3.0586073147859398e+00 9.2059866385317828e-04
3.0602236857521570e+00 9.1906170180197264e-04
3.0618400567183741e+00 9.1752730574661239e-04
3.0634564276845913e+00 9.1599547140310390e-04
3.0650727986508093e+00 9.1446619449460712e-04
3.0666891696170264e+00 9.1293947075142253e-04
3.0683055405832436e+00 9.1141529591097612e-04
3.0699219115494616e+00 9.0989366571781328e-04
3.0715382825156787e+00 9.0837457592358377e-04
3.0731546534818959e+00 9.0685802228702734e-04
3.0747710244481130e+00 9.0534400057396848e-04
3.0763873954143310e+00 9.0383250655729722e-04
3.0780037663805482e+00 9.0232353601696303e-04
3.0796201373467653e+00 9.0081708473996119e-04
3.0812365083129825e+00 8.9931314852031877e-04
3.0828528792792005e+00 8.9781172315908447e-04
3.0844692502454176e+00 8.9631280446432178e-04
3.0860856212116348e+00 8.9481638825108785e-04
3.0877019921778519e+00 8.9332247034142737e-04
3.0893183631440699e+00 8.9183104656436244e-04
3.0909347341102871e+00 8.9034211275587736e-04
3.0925511050765042e+00 8.8885566475890908e-04
3.0941674760427222e+00 8.8737169842333303e-04
3.0957838470089394e+00 8.8589020960595539e-04
3.0974002179751565e+00 8.8441119417049922e-04
3.0990165889413737e+00 8.8293464798759201e-04
3.1006329599075917e+00 8.8146056693475525e-04
3.1022493308738088e+00 8.7998894689639566e-04
3.1038657018400260e+00 8.7851978376378881e-04
3.1054820728062431e+00 8.7705307343506904e-04
3.1070984437724611e+00 8.7558881181522069e-04
3.1087148147386783e+00 8.7412699481606538e-04
3.1103311857048954e+00 8.7266761835624710e-04
3.1119475566711134e+00 8.7121067836122632e-04
3.1135639276373306e+00 8.6975617076326612e-04
3.1151802986035477e+00 8.6830409150141839e-04
3.1167966695697649e+00 8.6685443652151817e-04
3.1184130405359829e+00 8.6540720177616533e-04
3.1200294115022000e+00 8.6396238322471999e-04
3.1216457824684172e+00 8.6251997683328794e-04
3.1232621534346343e+00 8.6107997857470797e-04
3.1248785244008523e+00 8.5964238442854182e-04
3.1264948953670695e+00 8.5820719038106762e-04
3.1281112663332866e+00 8.5677439242526062e-04
3.1297276372995038e+00 8.5534398656078581e-04
3.1313440082657218e+00 8.5391596879398905e-04
3.1329603792319389e+00 8.5249033513788339e-04
3.1345767501981561e+00 8.5106708161213616e-04
3.1361931211643741e+00 8.4964620424306193e-04
3.1378094921305912e+00 8.4822769906360974e-04
3.1394258630968084e+00 8.4681156211334908e-04
3.1410422340630255e+00 8.4539778943846491e-04
3.1426586050292435e+00 8.4398637709173991e-04
3.1442749759954607e+00 8.4257732113254932e-04
3.1458913469616778e+00 8.4117061762684672e-04
3.1475077179278950e+00 8.3976626264715287e-04
3.1491240888941130e+00 8.3836425227254430e-04
3.1507404598603301e+00 8.3696458258864838e-04
3.1523568308265473e+00 8.3556724968762307e-04
3.1539732017927653e+00 8.3417224966815052e-04
3.1555895727589824e+00 8.3277957863543077e-04
3.1572059437251996e+00 8.3138923270116159e-04
3.1588223146914167e+00 8.3000120798353385e-04
3.1604386856576347e+00 8.2861550060721963e-04
3.1620550566238519e+00 8.2723210670336176e-04
3.1636714275900690e+00 8.2585102240955984e-04
3.1652877985562862e+00 8.2447224386986444e-04
3.1669041695225042e+00 8.2309576723476132e-04
3.1685205404887213e+00 8.2172158866116493e-04
3.1701369114549385e+00 8.2034970431240565e-04
3.1717532824211556e+00 8.1898011035821873e-04
3.1733696533873736e+00 8.1761280297473228e-04
3.1749860243535908e+00 8.1624777834446341e-04
3.1766023953198079e+00 8.1488503265629835e-04
3.1782187662860260e+00 8.1352456210548579e-04
3.1798351372522431e+00 8.1216636289363118e-04
3.1814515082184602e+00 8.1081043122867671e-04
3.1830678791846774e+00 8.0945676332489652e-04
3.1846842501508954e+00 8.0810535540288674e-04
3.1863006211171125e+00 8.0675620368955280e-04
3.1879169920833297e+00 8.0540930441809770e-04
3.1895333630495468e+00 8.0406465382801609e-04
3.1911497340157648e+00 8.0272224816507678e-04
3.1927661049819820e+00 8.0138208368132175e-04
3.1943824759481991e+00 8.0004415663504583e-04
3.1959988469144172e+00 7.9870846329079166e-04
3.1976152178806343e+00 7.9737499991934058e-04
3.1992315888468514e+00 7.9604376279769759e-04
3.2008479598130686e+00 7.9471474820908396e-04
3.2024643307792866e+00 7.9338795244292487e-04
3.2040807017455037e+00 7.9206337179484434e-04
3.2056970727117209e+00 7.9074100256664663e-04
3.2073134436779380e+00 7.8942084106631326e-04
3.2089298146441561e+00 7.8810288360798707e-04
3.2105461856103732e+00 7.8678712651196643e-04
3.2121625565765903e+00 7.8547356610469314e-04
3.2137789275428084e+00 7.8416219871874039e-04
3.2153952985090255e+00 7.8285302069280567e-04
3.2170116694752426e+00 7.8154602837169956e-04
3.2186280404414598e+00 7.8024121810633365e-04
3.2202444114076778e+00 7.7893858625371069e-04
3.2218607823738949e+00 7.7763812917692001e-04
3.2234771533401121e+00 7.7633984324511894e-04
3.2250935243063292e+00 7.7504372483352664e-04
3.2267098952725473e+00 7.7374977032341563e-04
3.2283262662387644e+00 7.7245797610210024e-04
3.2299426372049815e+00 7.7116833856292371e-04
3.2315590081711987e+00 7.6988085410525399e-04
3.2331753791374167e+00 7.6859551913446692e-04
3.2347917501036338e+00 7.6731233006194243e-04
3.2364081210698510e+00 7.6603128330505121e-04
3.2380244920360690e+00 7.6475237528714354e-04
3.2396408630022862e+00 7.6347560243754289e-04
3.2412572339685033e+00 7.6220096119153401e-04
3.2428736049347204e+00 7.6092844799035165e-04
3.2444899759009385e+00 7.5965805928117163e-04
3.2461063468671556e+00 7.5838979151710505e-04
3.2477227178333727e+00 7.5712364115718058e-04
3.2493390887995899e+00 7.5585960466633968e-04
3.2509554597658079e+00 7.5459767851542622e-04
3.2525718307320250e+00 7.5333785918117724e-04
3.2541882016982422e+00 7.5208014314620878e-04
3.2558045726644602e+00 7.5082452689901192e-04
3.2574209436306774e+00 7.4957100693394028e-04
3.2590373145968945e+00 7.4831957975119790e-04
3.2606536855631116e+00 7.4707024185683476e-04
3.2622700565293297e+00 7.4582298976273134e-04
3.2638864274955468e+00 7.4457781998659366e-04
3.2655027984617639e+00 7.4333472905194144e-04
3.2671191694279811e+00 7.4209371348809704e-04
3.2687355403941991e+00 7.4085476983017670e-04
3.2703519113604163e+00 7.3961789461908544e-04
3.2719682823266334e+00 7.3838308440149914e-04
3.2735846532928505e+00 7.3715033572985971e-04
3.2752010242590686e+00 7.3591964516236659e-04
3.2768173952252857e+00 7.3469100926296473e-04
3.2784337661915028e+00 7.3346442460133420e-04
3.2800501371577209e+00 7.3223988775288399e-04
3.2816665081239380e+00 7.3101739529874029e-04
3.2832828790901551e+00 7.2979694382573524e-04
3.2848992500563723e+00 7.2857852992640193e-04
3.2865156210225903e+00 7.2736215019896043e-04
3.2881319919888075e+00 7.2614780124731124e-04
3.2897483629550246e+00 7.2493547968102484e-04
3.2913647339212417e+00 7.2372518211533110e-04
3.2929811048874598e+00 7.2251690517111014e-04
3.2945974758536769e+00 7.2131064547488737e-04
3.2962138468198940e+00 7.2010639965881655e-04
3.2978302177861121e+00 7.1890416436067397e-04
3.2994465887523292e+00 7.1770393622385320e-04
3.3010629597185464e+00 7.1650571189734813e-04
3.3026793306847635e+00 7.1530948803574736e-04
3.3042957016509815e+00 7.1411526129922637e-04
3.3059120726171987e+00 7.1292302835353585e-04
3.3075284435834158e+00 7.1173278586999383e-04
3.3091448145496329e+00 7.1054453052547427e-04
3.3107611855158510e+00 7.0935825900239852e-04
3.3123775564820681e+00 7.0817396798873050e-04
3.3139939274482852e+00 7.0699165417795998e-04
3.3156102984145024e+00 7.0581131426909771e-04
3.3172266693807204e+00 7.0463294496666651e-04
3.3188430403469376e+00 7.0345654298069110e-04
3.3204594113131547e+00 7.0228210502668747e-04
3.3220757822793727e+00 7.0110962782565637e-04
3.3236921532455899e+00 6.9993910810407344e-04
3.3253085242118070e+00 6.9877054259387741e-04
3.3269248951780241e+00 6.9760392803246585e-04
3.3285412661442422e+00 6.9643926116268033e-04
3.3301576371104593e+00 6.9527653873280282e-04
3.3317740080766765e+00 6.9411575749654382e-04
3.3333903790428936e+00 6.9295691421303199e-04
3.3350067500091116e+00 6.9180000564680682e-04
3.3366231209753288e+00 6.9064502856781265e-04
3.3382394919415459e+00 6.8949197975138308e-04
3.3398558629077639e+00 6.8834085597823497e-04
3.3414722338739811e+00 6.8719165403446404e-04
3.3430886048401982e+00 6.8604437071152758e-04
3.3447049758064153e+00 6.8489900280624058e-04
3.3463213467726334e+00 6.8375554712076696e-04
3.3479377177388505e+00 6.8261400046260923e-04
3.3495540887050677e+00 6.8147435964459834e-04
3.3511704596712848e+00 6.8033662148488864e-04
3.3527868306375028e+00 6.7920078280694430e-04
3.3544032016037200e+00 6.7806684043953444e-04
3.3560195725699371e+00 6.7693479121672259e-04
3.3576359435361542e+00 6.7580463197785710e-04
3.3592523145023723e+00 6.7467635956756195e-04
3.3608686854685894e+00 6.7354997083573305e-04
3.3624850564348066e+00 6.7242546263752143e-04
3.3641014274010246e+00 6.7130283183332990e-04
3.3657177983672417e+00 6.7018207528880412e-04
3.3673341693334589e+00 6.6906318987482183e-04
3.3689505402996760e+00 6.6794617246748278e-04
3.3705669112658940e+00 6.6683101994810588e-04
3.3721832822321112e+00 6.6571772920321422e-04
3.3737996531983283e+00 6.6460629712452983e-04
3.3754160241645454e+00 6.6349672060896363e-04
3.3770323951307635e+00 6.6238899655860774e-04
3.3786487660969806e+00 6.6128312188072527e-04
3.3802651370631978e+00 6.6017909348774543e-04
3.3818815080294158e+00 6.5907690829724772e-04
3.3834978789956329e+00 6.5797656323196227e-04
3.3851142499618501e+00 6.5687805521975450e-04
3.3867306209280672e+00 6.5578138119361956e-04
3.3883469918942852e+00 6.5468653809167042e-04
3.3899633628605024e+00 6.5359352285713774e-04
3.3915797338267195e+00 6.5250233243834986e-04
3.3931961047929367e+00 6.5141296378873250e-04
3.3948124757591547e+00 6.5032541386679694e-04
3.3964288467253718e+00 6.4923967963613429e-04
3.3980452176915890e+00 6.4815575806540123e-04
3.3996615886578061e+00 6.4707364612831976e-04
3.4012779596240241e+00 6.4599334080365990e-04
3.4028943305902413e+00 6.4491483907523964e-04
3.4045107015564584e+00 6.4383813793191002e-04
3.4061270725226764e+00 6.4276323436754975e-04
3.4077434434888936e+00 6.4169012538105774e-04
3.4093598144551107e+00 6.4061880797634200e-04
3.4109761854213279e+00 6.3954927916231197e-04
3.4125925563875459e+00 6.3848153595287137e-04
3.4142089273537630e+00 6.3741557536691092e-04
3.4158252983199802e+00 6.3635139442829629e-04
3.4174416692861973e+00 6.3528899016586263e-04
3.4190580402524153e+00 6.3422835961340538e-04
3.4206744112186325e+00 6.3316949980967167e-04
3.4222907821848496e+00 6.3211240779835422e-04
3.4239071531510676e+00 6.3105708062807971e-04
3.4255235241172848e+00 6.3000351535240232e-04
3.4271398950835019e+00 6.2895170902979721e-04
3.4287562660497191e+00 6.2790165872364740e-04
3.4303726370159371e+00 6.2685336150224060e-04
3.4319890079821542e+00 6.2580681443875972e-04
3.4336053789483714e+00 6.2476201461127319e-04
3.4352217499145885e+00 6.2371895910272616e-04
3.4368381208808065e+00 6.2267764500093686e-04
3.4384544918470237e+00 6.2163806939858355e-04
3.4400708628132408e+00 6.2060022939319868e-04
3.4416872337794588e+00 6.1956412208716001e-04
3.4433036047456760e+00 6.1852974458768517e-04
3.4449199757118931e+00 6.1749709400681747e-04
3.4465363466781103e+00 6.1646616746142621e-04
3.4481527176443283e+00 6.1543696207318936e-04
3.4497690886105454e+00 6.1440947496859495e-04
3.4513854595767626e+00 6.1338370327892534e-04
3.4530018305429797e+00 6.1235964414025387e-04
3.4546182015091977e+00 6.1133729469343273e-04
3.4562345724754149e+00 6.1031665208409241e-04
3.4578509434416320e+00 6.0929771346262380e-04
3.4594673144078492e+00 6.0828047598417774e-04
3.4610836853740672e+00 6.0726493680865392e-04
3.4627000563402843e+00 6.0625109310069548e-04
3.4643164273065015e+00 6.0523894202967553e-04
3.4659327982727195e+00 6.0422848076969690e-04
3.4675491692389366e+00 6.0321970649957792e-04
3.4691655402051538e+00 6.0221261640284768e-04
3.4707819111713709e+00 6.0120720766773748e-04
3.4723982821375889e+00 6.0020347748717285e-04
3.4740146531038061e+00 5.9920142305876526e-04
3.4756310240700232e+00 5.9820104158480691e-04
3.4772473950362404e+00 5.9720233027225770e-04
3.4788637660024584e+00 5.9620528633274217e-04
3.4804801369686755e+00 5.9520990698254145e-04
3.4820965079348927e+00 5.9421618944258245e-04
3.4837128789011107e+00 5.9322413093843051e-04
3.4853292498673278e+00 5.9223372870028756e-04
3.4869456208335450e+00 5.9124497996297469e-04
3.4885619917997621e+00 5.9025788196593253e-04
3.4901783627659801e+00 5.8927243195320883e-04
3.4917947337321973e+00 5.8828862717345517e-04
3.4934111046984144e+00 5.8730646487991267e-04
3.4950274756646316e+00 5.8632594233041233e-04
3.4966438466308496e+00 5.8534705678735905e-04
3.4982602175970667e+00 5.8436980551773200e-04
3.4998765885632839e+00 5.8339418579307135e-04
3.5014929595295010e+00 5.8242019488947299e-04
3.5031093304957190e+00 5.8144783008757823e-04
3.5047257014619362e+00 5.8047708867257355e-04
3.5063420724281533e+00 5.7950796793417242e-04
3.5079584433943714e+00 5.7854046516661584e-04
3.5095748143605885e+00 5.7757457766866266e-04
3.5111911853268056e+00 5.7661030274358017e-04
3.5128075562930228e+00 5.7564763769913827e-04
3.5144239272592408e+00 5.7468657984760128e-04
3.5160402982254579e+00 5.7372712650572224e-04
3.5176566691916751e+00 5.7276927499473260e-04
3.5192730401578922e+00 5.7181302264033677e-04
3.5208894111241102e+00 5.7085836677270155e-04
3.5225057820903274e+00 5.6990530472645609e-04
3.5241221530565445e+00 5.6895383384067465e-04
3.5257385240227626e+00 5.6800395145887553e-04
3.5273548949889797e+00 5.6705565492901370e-04
3.5289712659551968e+00 5.6610894160347028e-04
3.5305876369214140e+00 5.6516380883904537e-04
3.5322040078876320e+00 5.6422025399695480e-04
3.5338203788538491e+00 5.6327827444281814e-04
3.5354367498200663e+00 5.6233786754665343e-04
3.5370531207862834e+00 5.6139903068286973e-04
3.5386694917525015e+00 5.6046176123025944e-04
3.5402858627187186e+00 5.5952605657199055e-04
3.5419022336849357e+00 5.5859191409560205e-04
3.5435186046511529e+00 5.5765933119299150e-04
3.5451349756173709e+00 5.5672830526041237e-04
3.5467513465835880e+00 5.5579883369846577e-04
3.5483677175498052e+00 5.5487091391209190e-04
3.5499840885160232e+00 5.5394454331056137e-04
3.5516004594822403e+00 5.5301971930747499e-04
3.5532168304484575e+00 5.5209643932074685e-04
3.5548332014146746e+00 5.5117470077260431e-04
3.5564495723808927e+00 5.5025450108957719e-04
3.5580659433471098e+00 5.4933583770249415e-04
3.5596823143133269e+00 5.4841870804646906e-04
3.5612986852795441e+00 5.4750310956090263e-04
3.5629150562457621e+00 5.4658903968946612e-04
3.5645314272119792e+00 5.4567649588010221e-04
3.5661477981781964e+00 5.4476547558501235e-04
3.5677641691444144e+00 5.4385597626065206e-04
3.5693805401106316e+00 5.4294799536772293e-04
3.5709969110768487e+00 5.4204153037116793e-04
3.5726132820430658e+00 5.4113657874015942e-04
3.5742296530092839e+00 5.4023313794809640e-04
3.5758460239755010e+00 5.3933120547259737e-04
3.5774623949417181e+00 5.3843077879549067e-04
3.5790787659079353e+00 5.3753185540280745e-04
3.5806951368741533e+00 5.3663443278477918e-04
3.5823115078403704e+00 5.3573850843582492e-04
3.5839278788065876e+00 5.3484407985454803e-04
3.5855442497728047e+00 5.3395114454372742e-04
3.5871606207390228e+00 5.3305970001031166e-04
3.5887769917052399e+00 5.3216974376541068e-04
3.5903933626714570e+00 5.3128127332429179e-04
3.5920097336376751e+00 5.3039428620636720e-04
3.5936261046038922e+00 5.2950877993519383e-04
3.5952424755701093e+00 5.2862475203846145e-04
3.5968588465363265e+00 5.2774220004798782e-04
3.5984752175025445e+00 5.2686112149970959e-04
3.6000915884687616e+00 5.2598151393368155e-04
3.6017079594349788e+00 5.2510337489406096e-04
3.6033243304011959e+00 5.2422670192910699e-04
3.6049407013674140e+00 5.2335149259117285e-04
3.6065570723336311e+00 5.2247774443669689e-04
3.6081734432998482e+00 5.2160545502619746e-04
3.6097898142660663e+00 5.2073462192426536e-04
3.6114061852322834e+00 5.1986524269955901e-04
3.6130225561985005e+00 5.1899731492479294e-04
3.6146389271647177e+00 5.1813083617673777e-04
3.6162552981309357e+00 5.1726580403620528e-04
3.6178716690971529e+00 5.1640221608805176e-04
3.6194880400633700e+00 5.1554006992116054e-04
3.6211044110295871e+00 5.1467936312844364e-04
3.6227207819958052e+00 5.1382009330682864e-04
3.6243371529620223e+00 5.1296225805725964e-04
3.6259535239282394e+00 5.1210585498468115e-04
3.6275698948944575e+00 5.1125088169804008e-04
3.6291862658606746e+00 5.1039733581027325e-04
3.6308026368268917e+00 5.0954521493830308e-04
3.6324190077931089e+00 5.0869451670303080e-04
3.6340353787593269e+00 5.0784523872932975e-04
3.6356517497255441e+00 5.0699737864603762e-04
3.6372681206917612e+00 5.0615093408595314e-04
3.6388844916579783e+00 5.0530590268582426e-04
3.6405008626241964e+00 5.0446228208634572e-04
3.6421172335904135e+00 5.0362006993215206e-04
3.6437336045566306e+00 5.0277926387180935e-04
3.6453499755228478e+00 5.0193986155780824e-04
3.6469663464890658e+00 5.0110186064656096e-04
3.6485827174552830e+00 5.0026525879839077e-04
3.6501990884215001e+00 4.9943005367752752e-04
3.6518154593877181e+00 4.9859624295210052e-04
3.6534318303539353e+00 4.9776382429413341e-04
3.6550482013201524e+00 4.9693279537953389e-04
3.6566645722863695e+00 4.9610315388809293e-04
3.6582809432525876e+00 4.9527489750347169e-04
3.6598973142188047e+00 4.9444802391320191e-04
3.6615136851850218e+00 4.9362253080867391e-04
3.6631300561512390e+00 4.9279841588513343e-04
3.6647464271174570e+00 4.9197567684167165e-04
3.6663627980836742e+00 4.9115431138122565e-04
3.6679791690498913e+00 4.9033431721056319e-04
3.6695955400161093e+00 4.8951569204028244e-04
3.6712119109823265e+00 4.8869843358480432e-04
3.6728282819485436e+00 4.8788253956236514e-04
3.6744446529147607e+00 4.8706800769500902e-04
3.6760610238809788e+00 4.8625483570858608e-04
3.6776773948471959e+00 4.8544302133274124e-04
3.6792937658134131e+00 4.8463256230091029e-04
3.6809101367796302e+00 4.8382345635031326e-04
3.6825265077458482e+00 4.8301570122194775e-04
3.6841428787120654e+00 4.8220929466058255e-04
3.6857592496782825e+00 4.8140423441475318e-04
3.6873756206444996e+00 4.8060051823675161e-04
3.6889919916107177e+00 4.7979814388262362e-04
3.6906083625769348e+00 4.7899710911216217e-04
3.6922247335431519e+00 4.7819741168889904e-04
3.6938411045093700e+00 4.7739904938009993e-04
3.6954574754755871e+00 4.7660201995675924e-04
3.6970738464418043e+00 4.7580632119359202e-04
3.6986902174080214e+00 4.7501195086902724e-04
3.7003065883742394e+00 4.7421890676520539e-04
3.7019229593404566e+00 4.7342718666796782e-04
3.7035393303066737e+00 4.7263678836685316e-04
3.7051557012728908e+00 4.7184770965509040e-04
3.7067720722391089e+00 4.7105994832959266e-04
3.7083884432053260e+00 4.7027350219095094e-04
3.7100048141715432e+00 4.6948836904342961e-04
3.7116211851377612e+00 4.6870454669495630e-04
3.7132375561039783e+00 4.6792203295712104e-04
3.7148539270701955e+00 4.6714082564516579e-04
3.7164702980364126e+00 4.6636092257798094e-04
3.7180866690026306e+00 4.6558232157809627e-04
3.7197030399688478e+00 4.6480502047168082e-04
3.7213194109350649e+00 4.6402901708852908e-04
3.7229357819012820e+00 4.6325430926206048e-04
3.7245521528675001e+00 4.6248089482931110e-04
3.7261685238337172e+00 4.6170877163092947e-04
3.7277848947999344e+00 4.6093793751116665e-04
3.7294012657661515e+00 4.6016839031787573e-04
3.7310176367323695e+00 4.5940012790249957e-04
3.7326340076985867e+00 4.5863314812007221e-04
3.7342503786648038e+00 4.5786744882920491e-04
3.7358667496310218e+00 4.5710302789208555e-04
3.7374831205972390e+00 4.5633988317447214e-04
3.7390994915634561e+00 4.5557801254568475e-04
3.7407158625296733e+00 4.5481741387859973e-04
3.7423322334958913e+00 4.5405808504964693e-04
3.7439486044621084e+00 4.5330002393880012e-04
3.7455649754283256e+00 4.5254322842957275e-04
3.7471813463945427e+00 4.5178769640901194e-04
3.7487977173607607e+00 4.5103342576769236e-04
3.7504140883269779e+00 4.5028041439970997e-04
3.7520304592931950e+00 4.4952866020267837e-04
3.7536468302594130e+00 4.4877816107771800e-04
3.7552632012256302e+00 4.4802891492945669e-04
3.7568795721918473e+00 4.4728091966601851e-04
3.7584959431580645e+00 4.4653417319902116e-04
3.7601123141242825e+00 4.4578867344356661e-04
3.7617286850904996e+00 4.4504441831824172e-04
3.7633450560567168e+00 4.4430140574510453e-04
3.7649614270229339e+00 4.4355963364968388e-04
3.7665777979891519e+00 4.4281909996097158e-04
3.7681941689553691e+00 4.4207980261141831e-04
3.7698105399215862e+00 4.4134173953692404e-04
3.7714269108878034e+00 4.4060490867683775e-04
3.7730432818540214e+00 4.3986930797394584e-04
3.7746596528202385e+00 4.3913493537447171e-04
3.7762760237864557e+00 4.3840178882806623e-04
3.7778923947526737e+00 4.3766986628780377e-04
3.7795087657188908e+00 4.3693916571017612e-04
3.7811251366851080e+00 4.3620968505508651e-04
3.7827415076513251e+00 4.3548142228584441e-04
3.7843578786175431e+00 4.3475437536915918e-04
3.7859742495837603e+00 4.3402854227513597e-04
3.7875906205499774e+00 4.3330392097726755e-04
3.7892069915161946e+00 4.3258050945243099e-04
3.7908233624824126e+00 4.3185830568087896e-04
3.7924397334486297e+00 4.3113730764624003e-04
3.7940561044148469e+00 4.3041751333550539e-04
3.7956724753810649e+00 4.2969892073902837e-04
3.7972888463472820e+00 4.2898152785051828e-04
3.7989052173134992e+00 4.2826533266703335e-04
3.8005215882797163e+00 4.2755033318897441e-04
3.8021379592459343e+00 4.2683652742008313e-04
3.8037543302121515e+00 4.2612391336743240e-04
3.8053707011783686e+00 4.2541248904142260e-04
3.8069870721445858e+00 4.2470225245577612e-04
3.8086034431108038e+00 4.2399320162753081e-04
3.8102198140770209e+00 4.2328533457703635e-04
3.8118361850432381e+00 4.2257864932794667e-04
3.8134525560094552e+00 4.2187314390721472e-04
3.8150689269756732e+00 4.2116881634508813e-04
3.8166852979418904e+00 4.2046566467510361e-04
3.8183016689081075e+00 4.1976368693408023e-04
3.8199180398743255e+00 4.1906288116211435e-04
3.8215344108405427e+00 4.1836324540257591e-04
3.8231507818067598e+00 4.1766477770209916e-04
3.8247671527729770e+00 4.1696747611058219e-04
3.8263835237391950e+00 4.1627133868117594e-04
3.8279998947054121e+00 4.1557636347028454e-04
3.8296162656716293e+00 4.1488254853755510e-04
3.8312326366378464e+00 4.1418989194587521e-04
3.8328490076040644e+00 4.1349839176136471e-04
3.8344653785702816e+00 4.1280804605337549e-04
3.8360817495364987e+00 4.1211885289447922e-04
3.8376981205027167e+00 4.1143081036046705e-04
3.8393144914689339e+00 4.1074391653034319e-04
3.8409308624351510e+00 4.1005816948631830e-04
3.8425472334013682e+00 4.0937356731380378e-04
3.8441636043675862e+00 4.0869010810140957e-04
3.8457799753338033e+00 4.0800778994093552e-04
3.8473963463000205e+00 4.0732661092736730e-04
3.8490127172662376e+00 4.0664656915887133e-04
3.8506290882324556e+00 4.0596766273678892e-04
3.8522454591986728e+00 4.0528988976563121e-04
3.8538618301648899e+00 4.0461324835307493e-04
3.8554782011311080e+00 4.0393773660995407e-04
3.8570945720973251e+00 4.0326335265025866e-04
3.8587109430635422e+00 4.0259009459112631e-04
3.8603273140297594e+00 4.0191796055283877e-04
3.8619436849959774e+00 4.0124694865881428e-04
3.8635600559621945e+00 4.0057705703560757e-04
3.8651764269284117e+00 3.9990828381289759e-04
3.8667927978946288e+00 3.9924062712348772e-04
3.8684091688608468e+00 3.9857408510329774e-04
3.8700255398270640e+00 3.9790865589136117e-04
3.8716419107932811e+00 3.9724433762981597e-04
3.8732582817594983e+00 3.9658112846390424e-04
3.8748746527257163e+00 3.9591902654196318e-04
3.8764910236919334e+00 3.9525803001542157e-04
3.8781073946581506e+00 3.9459813703879569e-04
3.8797237656243686e+00 3.9393934576968052e-04
3.8813401365905857e+00 3.9328165436874928e-04
3.8829565075568029e+00 3.9262506099974482e-04
3.8845728785230200e+00 3.9196956382947631e-04
3.8861892494892381e+00 3.9131516102781152e-04
3.8878056204554552e+00 3.9066185076767738e-04
3.8894219914216723e+00 3.9000963122504763e-04
3.8910383623878895e+00 3.8935850057894296e-04
3.8926547333541075e+00 3.8870845701142364e-04
3.8942711043203246e+00 3.8805949870758625e-04
3.8958874752865418e+00 3.8741162385555499e-04
3.8975038462527598e+00 3.8676483064648177e-04
3.8991202172189769e+00 3.8611911727453669e-04
3.9007365881851941e+00 3.8547448193690511e-04
3.9023529591514112e+00 3.8483092283378228e-04
3.9039693301176293e+00 3.8418843816836844e-04
3.9055857010838464e+00 3.8354702614686303e-04
3.9072020720500635e+00 3.8290668497846172e-04
3.9088184430162807e+00 3.8226741287534810e-04
3.9104348139824987e+00 3.8162920805269131e-04
3.9120511849487158e+00 3.8099206872864124e-04
3.9136675559149330e+00 3.8035599312432168e-04
3.9152839268811501e+00 3.7972097946382559e-04
3.9169002978473682e+00 3.7908702597421265e-04
3.9185166688135853e+00 3.7845413088550092e-04
3.9201330397798024e+00 3.7782229243066507e-04
3.9217494107460205e+00 3.7719150884562772e-04
3.9233657817122376e+00 3.7656177836925867e-04
3.9249821526784547e+00 3.7593309924336700e-04
3.9265985236446719e+00 3.7530546971269760e-04
3.9282148946108899e+00 3.7467888802492414e-04
3.9298312655771070e+00 3.7405335243064918e-04
3.9314476365433242e+00 3.7342886118339269e-04
3.9330640075095413e+00 3.7280541253959198e-04
3.9346803784757594e+00 3.7218300475859472e-04
3.9362967494419765e+00 3.7156163610265586e-04
3.9379131204081936e+00 3.7094130483692942e-04
3.9395294913744117e+00 3.7032200922946785e-04
3.9411458623406288e+00 3.6970374755121395e-04
3.9427622333068459e+00 3.6908651807599771e-04
3.9443786042730631e+00 3.6847031908053069e-04
3.9459949752392811e+00 3.6785514884440164e-04
3.9476113462054983e+00 3.6724100565007142e-04
3.9492277171717154e+00 3.6662788778286947e-04
3.9508440881379325e+00 3.6601579353098601e-04
3.9524604591041506e+00 3.6540472118547012e-04
3.9540768300703677e+00 3.6479466904022474e-04
3.9556932010365848e+00 3.6418563539200057e-04
3.9573095720028020e+00 3.6357761854039075e-04
3.9589259429690200e+00 3.6297061678782942e-04
3.9605423139352371e+00 3.6236462843958352e-04
3.9621586849014543e+00 3.6175965180374966e-04
3.9637750558676723e+00 3.6115568519124884e-04
3.9653914268338895e+00 3.6055272691582293e-04
3.9670077978001066e+00 3.5995077529402814e-04
3.9686241687663237e+00 3.5934982864523161e-04
3.9702405397325418e+00 3.5874988529160619e-04
3.9718569106987589e+00 3.5815094355812563e-04
3.9734732816649760e+00 3.5755300177256168e-04
3.9750896526311932e+00 3.5695605826547558e-04
3.9767060235974112e+00 3.5636011137021704e-04
3.9783223945636284e+00 3.5576515942291873e-04
3.9799387655298455e+00 3.5517120076249072e-04
3.9815551364960635e+00 3.5457823373061497e-04
3.9831715074622807e+00 3.5398625667174504e-04
3.9847878784284978e+00 3.5339526793309558e-04
3.9864042493947149e+00 3.5280526586464197e-04
3.9880206203609330e+00 3.5221624881911384e-04
3.9896369913271501e+00 3.5162821515199218e-04
3.9912533622933672e+00 3.5104116322150138e-04
3.9928697332595844e+00 3.5045509138860936e-04
3.9944861042258024e+00 3.4986999801701776e-04
3.9961024751920196e+00 3.4928588147316243e-04
3.9977188461582367e+00 3.4870274012620527e-04
3.9993352171244538e+00 3.4812057234803127e-04
4.0009515880906719e+00 3.4753937651324247e-04
4.0025679590568890e+00 3.4695915099915717e-04
4.0041843300231061e+00 3.4637989418580007e-04
4.0058007009893242e+00 3.4580160445590147e-04
4.0074170719555413e+00 3.4522428019489245e-04
4.0090334429217584e+00 3.4464791979089905e-04
4.0106498138879756e+00 3.4407252163473737e-04
4.0122661848541936e+00 3.4349808411991196e-04
4.0138825558204108e+00 3.4292460564260826e-04
4.0154989267866279e+00 3.4235208460168962e-04
4.0171152977528450e+00 3.4178051939869254e-04
4.0187316687190631e+00 3.4120990843782174e-04
4.0203480396852802e+00 3.4064025012594732e-04
4.0219644106514973e+00 3.4007154287259833e-04
4.0235807816177154e+00 3.3950378508995806e-04
4.0251971525839325e+00 3.3893697519286366e-04
4.0268135235501497e+00 3.3837111159879587e-04
4.0284298945163668e+00 3.3780619272787870e-04
4.0300462654825848e+00 3.3724221700287348e-04
4.0316626364488020e+00 3.3667918284917579e-04
4.0332790074150191e+00 3.3611708869480810e-04
4.0348953783812362e+00 3.3555593297041975e-04
4.0365117493474543e+00 3.3499571410927745e-04
4.0381281203136714e+00 3.3443643054726615e-04
4.0397444912798885e+00 3.3387808072288060e-04
4.0413608622461066e+00 3.3332066307722297e-04
4.0429772332123237e+00 3.3276417605399770e-04
4.0445936041785409e+00 3.3220861809950866e-04
4.0462099751447580e+00 3.3165398766265192e-04
4.0478263461109760e+00 3.3110028319491416e-04
4.0494427170771932e+00 3.3054750315036761e-04
4.0510590880434103e+00 3.2999564598566527e-04
4.0526754590096274e+00 3.2944471016003568e-04
4.0542918299758455e+00 3.2889469413528141e-04
4.0559082009420626e+00 3.2834559637577219e-04
4.0575245719082798e+00 3.2779741534844130e-04
4.0591409428744969e+00 3.2725014952278273e-04
4.0607573138407149e+00 3.2670379737084380e-04
4.0623736848069321e+00 3.2615835736722452e-04
4.0639900557731492e+00 3.2561382798907074e-04
4.0656064267393672e+00 3.2507020771607096e-04
4.0672227977055844e+00 3.2452749503045138e-04
4.0688391686718015e+00 3.2398568841697343e-04
4.0704555396380186e+00 3.2344478636292680e-04
4.0720719106042367e+00 3.2290478735812726e-04
4.0736882815704538e+00 3.2236568989491238e-04
4.0753046525366710e+00 3.2182749246813643e-04
4.0769210235028881e+00 3.2129019357516578e-04
4.0785373944691061e+00 3.2075379171587684e-04
4.0801537654353233e+00 3.2021828539264977e-04
4.0817701364015404e+00 3.1968367311036510e-04
4.0833865073677584e+00 3.1914995337639916e-04
4.0850028783339756e+00 3.1861712470062162e-04
4.0866192493001927e+00 3.1808518559538776e-04
4.0882356202664099e+00 3.1755413457553892e-04
4.0898519912326279e+00 3.1702397015839361e-04
4.0914683621988450e+00 3.1649469086374768e-04
4.0930847331650622e+00 3.1596629521386723e-04
4.0947011041312793e+00 3.1543878173348580e-04
4.0963174750974973e+00 3.1491214894979877e-04
4.0979338460637145e+00 3.1438639539246301e-04
4.0995502170299316e+00 3.1386151959358742e-04
4.1011665879961487e+00 3.1333752008773315e-04
4.1027829589623668e+00 3.1281439541190701e-04
4.1043993299285839e+00 3.1229214410555972e-04
4.1060157008948011e+00 3.1177076471057850e-04
4.1076320718610191e+00 3.1125025577128669e-04
4.1092484428272362e+00 3.1073061583443689e-04
4.1108648137934534e+00 3.1021184344920822e-04
4.1124811847596705e+00 3.0969393716720196e-04
4.1140975557258885e+00 3.0917689554243750e-04
4.1157139266921057e+00 3.0866071713134822e-04
4.1173302976583228e+00 3.0814540049277833e-04
4.1189466686245400e+00 3.0763094418797681e-04
4.1205630395907580e+00 3.0711734678059527e-04
4.1221794105569751e+00 3.0660460683668396e-04
4.1237957815231923e+00 3.0609272292468664e-04
4.1254121524894103e+00 3.0558169361543584e-04
4.1270285234556274e+00 3.0507151748215296e-04
4.1286448944218446e+00 3.0456219310043845e-04
4.1302612653880617e+00 3.0405371904827338e-04
4.1318776363542797e+00 3.0354609390601043e-04
4.1334940073204969e+00 3.0303931625637461e-04
4.1351103782867140e+00 3.0253338468445585e-04
4.1367267492529312e+00 3.0202829777770698e-04
4.1383431202191492e+00 3.0152405412593779e-04
4.1399594911853663e+00 3.0102065232131485e-04
4.1415758621515835e+00 3.0051809095835272e-04
4.1431922331178006e+00 3.0001636863391366e-04
4.1448086040840186e+00 2.9951548394720201e-04
4.1464249750502358e+00 2.9901543549976160e-04
4.1480413460164529e+00 2.9851622189547018e-04
4.1496577169826709e+00 2.9801784174053630e-04
4.1512740879488881e+00 2.9752029364349679e-04
4.1528904589151052e+00 2.9702357621520933e-04
4.1545068298813224e+00 2.9652768806885318e-04
4.1561232008475404e+00 2.9603262781992083e-04
4.1577395718137575e+00 2.9553839408621795e-04
4.1593559427799747e+00 2.9504498548785680e-04
4.1609723137461918e+00 2.9455240064725404e-04
4.1625886847124098e+00 2.9406063818912472e-04
4.1642050556786270e+00 2.9356969674048278e-04
4.1658214266448441e+00 2.9307957493063166e-04
4.1674377976110621e+00 2.9259027139116433e-04
4.1690541685772793e+00 2.9210178475595885e-04
4.1706705395434964e+00 2.9161411366117345e-04
4.1722869105097136e+00 2.9112725674524265e-04
4.1739032814759316e+00 2.9064121264887568e-04
4.1755196524421487e+00 2.9015598001504996e-04
4.1771360234083659e+00 2.8967155748900903e-04
4.1787523943745830e+00 2.8918794371825799e-04
4.1803687653408010e+00 2.8870513735256009e-04
4.1819851363070182e+00 2.8822313704393251e-04
4.1836015072732353e+00 2.8774194144664395e-04
4.1852178782394525e+00 2.8726154921720836e-04
4.1868342492056705e+00 2.8678195901438337e-04
4.1884506201718876e+00 2.8630316949916634e-04
4.1900669911381048e+00 2.8582517933478977e-04
4.1916833621043228e+00 2.8534798718671679e-04
4.1932997330705399e+00 2.8487159172264106e-04
4.1949161040367571e+00 2.8439599161247817e-04
4.1965324750029742e+00 2.8392118552836548e-04
4.1981488459691922e+00 2.8344717214465675e-04
4.1997652169354094e+00 2.8297395013791995e-04
4.2013815879016265e+00 2.8250151818693086e-04
4.2029979588678437e+00 2.8202987497267298e-04
4.2046143298340617e+00 2.8155901917833006e-04
4.2062307008002788e+00 2.8108894948928589e-04
4.2078470717664960e+00 2.8061966459311824e-04
4.2094634427327140e+00 2.8015116317959605e-04
4.2110798136989311e+00 2.7968344394067570e-04
4.2126961846651483e+00 2.7921650557049811e-04
4.2143125556313654e+00 2.7875034676538314e-04
4.2159289265975834e+00 2.7828496622382773e-04
4.2175452975638006e+00 2.7782036264650226e-04
4.2191616685300177e+00 2.7735653473624598e-04
4.2207780394962349e+00 2.7689348119806285e-04
4.2223944104624529e+00 2.7643120073912047e-04
4.2240107814286700e+00 2.7596969206874382e-04
4.2256271523948872e+00 2.7550895389841305e-04
4.2272435233611043e+00 2.7504898494175930e-04
4.2288598943273223e+00 2.7458978391456157e-04
4.2304762652935395e+00 2.7413134953474245e-04
4.2320926362597566e+00 2.7367368052236615e-04
4.2337090072259747e+00 2.7321677559963178e-04
4.2353253781921918e+00 2.7276063349087427e-04
4.2369417491584089e+00 2.7230525292255608e-04
4.2385581201246261e+00 2.7185063262326700e-04
4.2401744910908441e+00 2.7139677132371901e-04
4.2417908620570612e+00 2.7094366775674389e-04
4.2434072330232784e+00 2.7049132065728825e-04
4.2450236039894955e+00 2.7003972876241101e-04
4.2466399749557135e+00 2.6958889081127963e-04
4.2482563459219307e+00 2.6913880554516636e-04
4.2498727168881478e+00 2.6868947170744569e-04
4.2514890878543659e+00 2.6824088804358858e-04
4.2531054588205830e+00 2.6779305330116215e-04
4.2547218297868001e+00 2.6734596622982336e-04
4.2563382007530173e+00 2.6689962558131729e-04
4.2579545717192353e+00 2.6645403010947167e-04
4.2595709426854524e+00 2.6600917857019736e-04
4.2611873136516696e+00 2.6556506972147967e-04
4.2628036846178867e+00 2.6512170232337865e-04
4.2644200555841048e+00 2.6467907513802420e-04
4.2660364265503219e+00 2.6423718692961356e-04
4.2676527975165390e+00 2.6379603646440577e-04
4.2692691684827571e+00 2.6335562251072114e-04
4.2708855394489742e+00 2.6291594383893535e-04
4.2725019104151913e+00 2.6247699922147719e-04
4.2741182813814085e+00 2.6203878743282508e-04
4.2757346523476265e+00 2.6160130724950322e-04
4.2773510233138436e+00 2.6116455745007843e-04
4.2789673942800608e+00 2.6072853681515749e-04
4.2805837652462779e+00 2.6029324412738176e-04
4.2822001362124960e+00 2.5985867817142561e-04
4.2838165071787131e+00 2.5942483773399287e-04
4.2854328781449302e+00 2.5899172160381254e-04
4.2870492491111474e+00 2.5855932857163529e-04
4.2886656200773654e+00 2.5812765743023187e-04
4.2902819910435825e+00 2.5769670697438774e-04
4.2918983620097997e+00 2.5726647600090067e-04
4.2935147329760177e+00 2.5683696330857704e-04
4.2951311039422349e+00 2.5640816769822950e-04
4.2967474749084520e+00 2.5598008797267108e-04
4.2983638458746691e+00 2.5555272293671557e-04
4.2999802168408872e+00 2.5512607139717024e-04
4.3015965878071043e+00 2.5470013216283597e-04
4.3032129587733214e+00 2.5427490404450156e-04
4.3048293297395386e+00 2.5385038585494160e-04
4.3064457007057566e+00 2.5342657640891166e-04
4.3080620716719737e+00 2.5300347452314844e-04
4.3096784426381909e+00 2.5258107901636180e-04
4.3112948136044089e+00 2.5215938870923468e-04
4.3129111845706261e+00 2.5173840242441941e-04
4.3145275555368432e+00 2.5131811898653351e-04
4.3161439265030603e+00 2.5089853722215608e-04
4.3177602974692784e+00 2.5047965595982667e-04
4.3193766684354955e+00 2.5006147403003971e-04
4.3209930394017126e+00 2.4964399026524233e-04
4.3226094103679298e+00 2.4922720349983100e-04
4.3242257813341478e+00 2.4881111257014812e-04
4.3258421523003650e+00 2.4839571631447870e-04
4.3274585232665821e+00 2.4798101357304778e-04
4.3290748942327992e+00 2.4756700318801644e-04
4.3306912651990173e+00 2.4715368400347800e-04
4.3323076361652344e+00 2.4674105486545682e-04
4.3339240071314515e+00 2.4632911462190322e-04
4.3355403780976696e+00 2.4591786212269079e-04
4.3371567490638867e+00 2.4550729621961379e-04
4.3387731200301038e+00 2.4509741576638329e-04
4.3403894909963210e+00 2.4468821961862316e-04
4.3420058619625390e+00 2.4427970663386939e-04
4.3436222329287562e+00 2.4387187567156407e-04
4.3452386038949733e+00 2.4346472559305467e-04
4.3468549748611904e+00 2.4305825526158836e-04
4.3484713458274085e+00 2.4265246354231076e-04
4.3500877167936256e+00 2.4224734930226261e-04
4.3517040877598427e+00 2.4184291141037575e-04
4.3533204587260608e+00 2.4143914873746939e-04
4.3549368296922779e+00 2.4103606015625029e-04
4.3565532006584951e+00 2.4063364454130488e-04
4.3581695716247122e+00 2.4023190076909967e-04
4.3597859425909302e+00 2.3983082771797661e-04
4.3614023135571474e+00 2.3943042426815094e-04
4.3630186845233645e+00 2.3903068930170612e-04
4.3646350554895816e+00 2.3863162170259349e-04
4.3662514264557997e+00 2.3823322035662609e-04
4.3678677974220168e+00 2.3783548415147866e-04
4.3694841683882339e+00 2.3743841197668204e-04
4.3711005393544511e+00 2.3704200272362143e-04
4.3727169103206691e+00 2.3664625528553194e-04
4.3743332812868863e+00 2.3625116855749848e-04
4.3759496522531034e+00 2.3585674143644861e-04
4.3775660232193214e+00 2.3546297282115222e-04
4.3791823941855386e+00 2.3506986161221831e-04
4.3807987651517557e+00 2.3467740671209071e-04
4.3824151361179728e+00 2.3428560702504526e-04
4.3840315070841909e+00 2.3389446145718822e-04
4.3856478780504080e+00 2.3350396891645133e-04
4.3872642490166252e+00 2.3311412831258983e-04
4.3888806199828423e+00 2.3272493855717912e-04
4.3904969909490603e+00 2.3233639856361175e-04
4.3921133619152775e+00 2.3194850724709412e-04
4.3937297328814946e+00 2.3156126352464465e-04
4.3953461038477126e+00 2.3117466631508834e-04
4.3969624748139298e+00 2.3078871453905664e-04
4.3985788457801469e+00 2.3040340711898228e-04
4.4001952167463640e+00 2.3001874297909735e-04
4.4018115877125812e+00 2.2963472104542922e-04
4.4034279586787992e+00 2.2925134024579945e-04
4.4050443296450164e+00 2.2886859950981881e-04
4.4066607006112335e+00 2.2848649776888538e-04
4.4082770715774506e+00 2.2810503395618125e-04
4.4098934425436687e+00 2.2772420700666957e-04
4.4115098135098858e+00 2.2734401585709139e-04
4.4131261844761029e+00 2.2696445944596382e-04
4.4147425554423210e+00 2.2658553671357453e-04
4.4163589264085381e+00 2.2620724660198202e-04
4.4179752973747553e+00 2.2582958805501010e-04
4.4195916683409724e+00 2.2545256001824617e-04
4.4212080393071904e+00 2.2507616143903773e-04
4.4228244102734076e+00 2.2470039126649041e-04
4.4244407812396247e+00 2.2432524845146382e-04
4.4260571522058418e+00 2.2395073194656864e-04
4.4276735231720599e+00 2.2357684070616532e-04
4.4292898941382770e+00 2.2320357368635924e-04
4.4309062651044941e+00 2.2283092984499877e-04
4.4325226360707113e+00 2.2245890814167230e-04
4.4341390070369293e+00 2.2208750753770505e-04
4.4357553780031465e+00 2.2171672699615626e-04
4.4373717489693636e+00 2.2134656548181703e-04
4.4389881199355816e+00 2.2097702196120553e-04
4.4406044909017988e+00 2.2060809540256664e-04
4.4422208618680159e+00 2.2023978477586702e-04
4.4438372328342330e+00 2.1987208905279332e-04
4.4454536038004511e+00 2.1950500720674819e-04
4.4470699747666682e+00 2.1913853821284998e-04
4.4486863457328853e+00 2.1877268104792617e-04
4.4503027166991025e+00 2.1840743469051359e-04
4.4519190876653205e+00 2.1804279812085383e-04
4.4535354586315377e+00 2.1767877032089169e-04
4.4551518295977548e+00 2.1731535027427103e-04
4.4567682005639728e+00 2.1695253696633275e-04
4.4583845715301900e+00 2.1659032938411158e-04
4.4600009424964071e+00 2.1622872651633405e-04
4.4616173134626242e+00 2.1586772735341408e-04
4.4632336844288423e+00 2.1550733088745156e-04
4.4648500553950594e+00 2.1514753611222954e-04
4.4664664263612766e+00 2.1478834202321061e-04
4.4680827973274937e+00 2.1442974761753372e-04
4.4696991682937117e+00 2.1407175189401353e-04
4.4713155392599289e+00 2.1371435385313521e-04
4.4729319102261460e+00 2.1335755249705295e-04
4.4745482811923631e+00 2.1300134682958690e-04
4.4761646521585812e+00 2.1264573585622024e-04
4.4777810231247983e+00 2.1229071858409640e-04
4.4793973940910154e+00 2.1193629402201721e-04
4.4810137650572335e+00 2.1158246118043789e-04
4.4826301360234506e+00 2.1122921907146716e-04
4.4842465069896678e+00 2.1087656670886224e-04
4.4858628779558849e+00 2.1052450310802732e-04
4.4874792489221029e+00 2.1017302728600936e-04
4.4890956198883201e+00 2.0982213826149841e-04
4.4907119908545372e+00 2.0947183505482081e-04
4.4923283618207543e+00 2.0912211668793962e-04
4.4939447327869724e+00 2.0877298218445012e-04
4.4955611037531895e+00 2.0842443056957877e-04
4.4971774747194067e+00 2.0807646087017784e-04
4.4987938456856247e+00 2.0772907211472584e-04
4.5004102166518418e+00 2.0738226333332234e-04
4.5020265876180590e+00 2.0703603355768648e-04
4.5036429585842761e+00 2.0669038182115392e-04
4.5052593295504941e+00 2.0634530715867420e-04
4.5068757005167113e+00 2.0600080860680781e-04
4.5084920714829284e+00 2.0565688520372458e-04
4.5101084424491455e+00 2.0531353598919890e-04
4.5117248134153636e+00 2.0497076000460887e-04
4.5133411843815807e+00 2.0462855629293350e-04
4.5149575553477979e+00 2.0428692389874888e-04
4.5165739263140150e+00 2.0394586186822642e-04
4.5181902972802330e+00 2.0360536924912985e-04
4.5198066682464502e+00 2.0326544509081338e-04
4.5214230392126673e+00 2.0292608844421704e-04
4.5230394101788853e+00 2.0258729836186666e-04
4.5246557811451025e+00 2.0224907389786916e-04
4.5262721521113196e+00 2.0191141410791079e-04
4.5278885230775368e+00 2.0157431804925440e-04
4.5295048940437548e+00 2.0123778478073679e-04
4.5311212650099719e+00 2.0090181336276583e-04
4.5327376359761891e+00 2.0056640285731872e-04
4.5343540069424062e+00 2.0023155232793780e-04
4.5359703779086242e+00 1.9989726083972922e-04
4.5375867488748414e+00 1.9956352745936044e-04
4.5392031198410585e+00 1.9923035125505665e-04
4.5408194908072765e+00 1.9889773129659814e-04
4.5424358617734937e+00 1.9856566665531978e-04
4.5440522327397108e+00 1.9823415640410534e-04
4.5456686037059280e+00 1.9790319961738705e-04
4.5472849746721460e+00 1.9757279537114229e-04
4.5489013456383631e+00 1.9724294274289165e-04
4.5505177166045803e+00 1.9691364081169467e-04
4.5521340875707974e+00 1.9658488865814981e-04
4.5537504585370154e+00 1.9625668536438893e-04
4.5553668295032326e+00 1.9592903001407815e-04
4.5569832004694497e+00 1.9560192169241187e-04
4.5585995714356677e+00 1.9527535948611220e-04
4.5602159424018849e+00 1.9494934248342658e-04
4.5618323133681020e+00 1.9462386977412419e-04
4.5634486843343192e+00 1.9429894044949338e-04
4.5650650553005372e+00 1.9397455360234053e-04
4.5666814262667543e+00 1.9365070832698611e-04
4.5682977972329715e+00 1.9332740371926267e-04
4.5699141681991886e+00 1.9300463887651236e-04
4.5715305391654066e+00 1.9268241289758432e-04
4.5731469101316238e+00 1.9236072488283196e-04
4.5747632810978409e+00 1.9203957393411149e-04
4.5763796520640581e+00 1.9171895915477740e-04
4.5779960230302761e+00 1.9139887964968183e-04
4.5796123939964932e+00 1.9107933452517157e-04
4.5812287649627104e+00 1.9076032288908518e-04
4.5828451359289284e+00 1.9044184385074990e-04
4.5844615068951455e+00 1.9012389652098185e-04
4.5860778778613627e+00 1.8980648001207977e-04
4.5876942488275798e+00 1.8948959343782537e-04
4.5893106197937978e+00 1.8917323591347967e-04
4.5909269907600150e+00 1.8885740655578129e-04
4.5925433617262321e+00 1.8854210448294241e-04
4.5941597326924493e+00 1.8822732881464873e-04
4.5957761036586673e+00 1.8791307867205420e-04
4.5973924746248844e+00 1.8759935317778136e-04
4.5990088455911016e+00 1.8728615145591673e-04
4.6006252165573196e+00 1.8697347263200954e-04
4.6022415875235367e+00 1.8666131583306851e-04
4.6038579584897539e+00 1.8634968018756056e-04
4.6054743294559710e+00 1.8603856482540725e-04
4.6070907004221890e+00 1.8572796887798211e-04
4.6087070713884062e+00 1.8541789147811044e-04
4.6103234423546233e+00 1.8510833176006380e-04
4.6119398133208405e+00 1.8479928885955981e-04
4.6135561842870585e+00 1.8449076191375872e-04
4.6151725552532756e+00 1.8418275006126201e-04
4.6167889262194928e+00 1.8387525244210814e-04
4.6184052971857099e+00 1.8356826819777253e-04
4.6200216681519279e+00 1.8326179647116275e-04
4.6216380391181451e+00 1.8295583640661828e-04
4.6232544100843622e+00 1.8265038714990669e-04
4.6248707810505802e+00 1.8234544784822171e-04
4.6264871520167974e+00 1.8204101765018074e-04
4.6281035229830145e+00 1.8173709570582332e-04
4.6297198939492317e+00 1.8143368116660689e-04
4.6313362649154497e+00 1.8113077318540616e-04
4.6329526358816668e+00 1.8082837091651041e-04
4.6345690068478840e+00 1.8052647351562054e-04
4.6361853778141011e+00 1.8022508013984653e-04
4.6378017487803191e+00 1.7992418994770663e-04
4.6394181197465363e+00 1.7962380209912322e-04
4.6410344907127534e+00 1.7932391575542137e-04
4.6426508616789715e+00 1.7902453007932626e-04
4.6442672326451886e+00 1.7872564423496154e-04
4.6458836036114057e+00 1.7842725738784524e-04
4.6474999745776229e+00 1.7812936870488977e-04
4.6491163455438409e+00 1.7783197735439730e-04
4.6507327165100580e+00 1.7753508250605951e-04
4.6523490874762752e+00 1.7723868333095375e-04
4.6539654584424923e+00 1.7694277900154152e-04
4.6555818294087103e+00 1.7664736869166513e-04
4.6571982003749275e+00 1.7635245157654792e-04
4.6588145713411446e+00 1.7605802683278839e-04
4.6604309423073618e+00 1.7576409363836070e-04
4.6620473132735798e+00 1.7547065117261103e-04
4.6636636842397969e+00 1.7517769861625623e-04
4.6652800552060141e+00 1.7488523515137995e-04
4.6668964261722321e+00 1.7459325996143247e-04
4.6685127971384492e+00 1.7430177223122647e-04
4.6701291681046664e+00 1.7401077114693642e-04
4.6717455390708835e+00 1.7372025589609463e-04
4.6733619100371016e+00 1.7343022566759014e-04
4.6749782810033187e+00 1.7314067965166661e-04
4.6765946519695358e+00 1.7285161703991926e-04
4.6782110229357530e+00 1.7256303702529251e-04
4.6798273939019710e+00 1.7227493880207911e-04
4.6814437648681881e+00 1.7198732156591625e-04
4.6830601358344053e+00 1.7170018451378430e-04
4.6846765068006233e+00 1.7141352684400409e-04
4.6862928777668404e+00 1.7112734775623549e-04
4.6879092487330576e+00 1.7084164645147349e-04
4.6895256196992747e+00 1.7055642213204816e-04
4.6911419906654928e+00 1.7027167400162030e-04
4.6927583616317099e+00 1.6998740126518107e-04
4.6943747325979270e+00 1.6970360312904841e-04
4.6959911035641442e+00 1.6942027880086549e-04
4.6976074745303622e+00 1.6913742748959814e-04
4.6992238454965793e+00 1.6885504840553336e-04
4.7008402164627965e+00 1.6857314076027620e-04
4.7024565874290136e+00 1.6829170376674756e-04
4.7040729583952317e+00 1.6801073663918331e-04
4.7056893293614488e+00 1.6773023859313054e-04
4.7073057003276659e+00 1.6745020884544615e-04
4.7089220712938840e+00 1.6717064661429435e-04
4.7105384422601011e+00 1.6689155111914534e-04
4.7121548132263182e+00 1.6661292158077126e-04
4.7137711841925354e+00 1.6633475722124648e-04
4.7153875551587534e+00 1.6605705726394291e-04
4.7170039261249705e+00 1.6577982093353002e-04
4.7186202970911877e+00 1.6550304745597126e-04
4.7202366680574048e+00 1.6522673605852257e-04
4.7218530390236229e+00 1.6495088596972930e-04
4.7234694099898400e+00 1.6467549641942619e-04
4.7250857809560571e+00 1.6440056663873234e-04
4.7267021519222752e+00 1.6412609586005113e-04
4.7283185228884923e+00 1.6385208331706777e-04
4.7299348938547094e+00 1.6357852824474645e-04
4.7315512648209266e+00 1.6330542987932824e-04
4.7331676357871446e+00 1.6303278745833028e-04
4.7347840067533618e+00 1.6276060022054196e-04
4.7364003777195789e+00 1.6248886740602376e-04
4.7380167486857960e+00 1.6221758825610492e-04
4.7396331196520141e+00 1.6194676201338121e-04
4.7412494906182312e+00 1.6167638792171282e-04
4.7428658615844483e+00 1.6140646522622295e-04
4.7444822325506655e+00 1.6113699317329419e-04
4.7460986035168835e+00 1.6086797101056761e-04
4.7477149744831006e+00 1.6059939798694089e-04
4.7493313454493178e+00 1.6033127335256521e-04
4.7509477164155358e+00 1.6006359635884322e-04
4.7525640873817530e+00 1.5979636625842867e-04
4.7541804583479701e+00 1.5952958230522167e-04
4.7557968293141872e+00 1.5926324375436864e-04
4.7574132002804053e+00 1.5899734986225928e-04
4.7590295712466224e+00 1.5873189988652536e-04
4.7606459422128395e+00 1.5846689308603699e-04
4.7622623131790567e+00 1.5820232872090288e-04
4.7638786841452747e+00 1.5793820605246569e-04
4.7654950551114919e+00 1.5767452434330243e-04
4.7671114260777090e+00 1.5741128285722063e-04
4.7687277970439270e+00 1.5714848085925689e-04
4.7703441680101442e+00 1.5688611761567533e-04
4.7719605389763613e+00 1.5662419239396473e-04
4.7735769099425784e+00 1.5636270446283654e-04
4.7751932809087965e+00 1.5610165309222346e-04
4.7768096518750136e+00 1.5584103755327721e-04
4.7784260228412307e+00 1.5558085711836600e-04
4.7800423938074479e+00 1.5532111106107303e-04
4.7816587647736659e+00 1.5506179865619411e-04
4.7832751357398831e+00 1.5480291917973588e-04
4.7848915067061002e+00 1.5454447190891394e-04
4.7865078776723182e+00 1.5428645612215023e-04
4.7881242486385354e+00 1.5402887109907144e-04
4.7897406196047525e+00 1.5377171612050735e-04
4.7913569905709696e+00 1.5351499046848777e-04
4.7929733615371877e+00 1.5325869342624148e-04
4.7945897325034048e+00 1.5300282427819419e-04
4.7962061034696220e+00 1.5274738230996608e-04
4.7978224744358391e+00 1.5249236680836957e-04
4.7994388454020571e+00 1.5223777706140849e-04
4.8010552163682743e+00 1.5198361235827497e-04
4.8026715873344914e+00 1.5172987198934786e-04
4.8042879583007085e+00 1.5147655524619085e-04
4.8059043292669266e+00 1.5122366142155026e-04
4.8075207002331437e+00 1.5097118980935320e-04
4.8091370711993608e+00 1.5071913970470595e-04
4.8107534421655789e+00 1.5046751040389086e-04
4.8123698131317960e+00 1.5021630120436595e-04
4.8139861840980132e+00 1.4996551140476172e-04
4.8156025550642303e+00 1.4971514030487983e-04
4.8172189260304483e+00 1.4946518720569029e-04
4.8188352969966655e+00 1.4921565140933149e-04
4.8204516679628826e+00 1.4896653221910562e-04
4.8220680389290997e+00 1.4871782893947856e-04
4.8236844098953178e+00 1.4846954087607733e-04
4.8253007808615349e+00 1.4822166733568864e-04
4.8269171518277521e+00 1.4797420762625556e-04
4.8285335227939701e+00 1.4772716105687758e-04
4.8301498937601872e+00 1.4748052693780715e-04
4.8317662647264044e+00 1.4723430458044837e-04
4.8333826356926215e+00 1.4698849329735489e-04
4.8349990066588395e+00 1.4674309240222819e-04
4.8366153776250567e+00 1.4649810120991537e-04
4.8382317485912738e+00 1.4625351903640793e-04
4.8398481195574909e+00 1.4600934519883851e-04
4.8414644905237090e+00 1.4576557901548024e-04
4.8430808614899261e+00 1.4552221980574471e-04
4.8446972324561433e+00 1.4527926689017950e-04
4.8463136034223604e+00 1.4503671959046604e-04
4.8479299743885784e+00 1.4479457722941922e-04
4.8495463453547956e+00 1.4455283913098382e-04
4.8511627163210127e+00 1.4431150462023348e-04
4.8527790872872307e+00 1.4407057302336852e-04
4.8543954582534479e+00 1.4383004366771477e-04
4.8560118292196650e+00 1.4358991588172008e-04
4.8576282001858822e+00 1.4335018899495460e-04
4.8592445711521002e+00 1.4311086233810674e-04
4.8608609421183173e+00 1.4287193524298319e-04
4.8624773130845345e+00 1.4263340704250574e-04
4.8640936840507516e+00 1.4239527707071012e-04
4.8657100550169696e+00 1.4215754466274325e-04
4.8673264259831868e+00 1.4192020915486332e-04
4.8689427969494039e+00 1.4168326988443544e-04
4.8705591679156219e+00 1.4144672618993142e-04
4.8721755388818391e+00 1.4121057741092781e-04
4.8737919098480562e+00 1.4097482288810340e-04
4.8754082808142734e+00 1.4073946196323779e-04
4.8770246517804914e+00 1.4050449397920943e-04
4.8786410227467085e+00 1.4026991827999419e-04
4.8802573937129257e+00 1.4003573421066286e-04
4.8818737646791428e+00 1.3980194111737980e-04
4.8834901356453608e+00 1.3956853834740047e-04
4.8851065066115780e+00 1.3933552524907129e-04
4.8867228775777951e+00 1.3910290117182534e-04
4.8883392485440122e+00 1.3887066546618252e-04
4.8899556195102303e+00 1.3863881748374680e-04
4.8915719904764474e+00 1.3840735657720513e-04
4.8931883614426646e+00 1.3817628210032433e-04
4.8948047324088826e+00 1.3794559340795097e-04
4.8964211033750997e+00 1.3771528985600823e-04
4.8980374743413169e+00 1.3748537080149470e-04
4.8996538453075340e+00 1.3725583560248250e-04
4.9012702162737520e+00 1.3702668361811546e-04
4.9028865872399692e+00 1.3679791420860720e-04
4.9045029582061863e+00 1.3656952673523997e-04
4.9061193291724035e+00 1.3634152056036166e-04
4.9077357001386215e+00 1.3611389504738507e-04
4.9093520711048386e+00 1.3588664956078609e-04
4.9109684420710558e+00 1.3565978346610134e-04
4.9125848130372738e+00 1.3543329612992623e-04
4.9142011840034909e+00 1.3520718691991488e-04
4.9158175549697081e+00 1.3498145520477589e-04
4.9174339259359252e+00 1.3475610035427243e-04
4.9190502969021432e+00 1.3453112173921963e-04
4.9206666678683604e+00 1.3430651873148352e-04
4.9222830388345775e+00 1.3408229070397800e-04
4.9238994098007947e+00 1.3385843703066488e-04
4.9255157807670127e+00 1.3363495708655014e-04
4.9271321517332298e+00 1.3341185024768408e-04
4.9287485226994470e+00 1.3318911589115824e-04
4.9303648936656641e+00 1.3296675339510432e-04
4.9319812646318821e+00 1.3274476213869166e-04
4.9335976355980993e+00 1.3252314150212729e-04
4.9352140065643164e+00 1.3230189086665180e-04
4.9368303775305344e+00 1.3208100961453935e-04
4.9384467484967516e+00 1.3186049712909549e-04
4.9400631194629687e+00 1.3164035279465529e-04
4.9416794904291859e+00 1.3142057599658125e-04
4.9432958613954039e+00 1.3120116612126278e-04
4.9449122323616210e+00 1.3098212255611315e-04
4.9465286033278382e+00 1.3076344468956858e-04
4.9481449742940553e+00 1.3054513191108631e-04
4.9497613452602733e+00 1.3032718361114285e-04
4.9513777162264905e+00 1.3010959918123216e-04
4.9529940871927076e+00 1.2989237801386473e-04
4.9546104581589256e+00 1.2967551950256433e-04
4.9562268291251428e+00 1.2945902304186812e-04
4.9578432000913599e+00 1.2924288802732358e-04
4.9594595710575771e+00 1.2902711385548766e-04
4.9610759420237951e+00 1.2881169992392413e-04
4.9626923129900122e+00 1.2859664563120369e-04
4.9643086839562294e+00 1.2838195037690004e-04
4.9659250549224465e+00 1.2816761356158971e-04
4.9675414258886645e+00 1.2795363458685026e-04
4.9691577968548817e+00 1.2774001285525792e-04
4.9707741678210988e+00 1.2752674777038658e-04
4.9723905387873168e+00 1.2731383873680559e-04
4.9740069097535340e+00 1.2710128516007897e-04
4.9756232807197511e+00 1.2688908644676230e-04
4.9772396516859683e+00 1.2667724200440291e-04
4.9788560226521863e+00 1.2646575124153613e-04
4.9804723936184034e+00 1.2625461356768609e-04
4.9820887645846206e+00 1.2604382839336156e-04
4.9837051355508377e+00 1.2583339513005614e-04
4.9853215065170557e+00 1.2562331319024530e-04
4.9869378774832729e+00 1.2541358198738656e-04
4.9885542484494900e+00 1.2520420093591536e-04
4.9901706194157072e+00 1.2499516945124587e-04
4.9917869903819252e+00 1.2478648694976726e-04
4.9934033613481423e+00 1.2457815284884388e-04
4.9950197323143595e+00 1.2437016656681232e-04
4.9966361032805775e+00 1.2416252752298044e-04
4.9982524742467946e+00 1.2395523513762544e-04
4.9998688452130118e+00 1.2374828883199277e-04
5.0014852161792289e+00 1.2354168802829359e-04
5.0031015871454469e+00 1.2333543214970390e-04
5.0047179581116641e+00 1.2312952062036299e-04
5.0063343290778812e+00 1.2292395286537134e-04
5.0079507000440984e+00 1.2271872831078892e-04
5.0095670710103164e+00 1.2251384638363458e-04
5.0111834419765335e+00 1.2230930651188328e-04
5.0127998129427507e+00 1.2210510812446515e-04
5.0144161839089687e+00 1.2190125065126359e-04
5.0160325548751858e+00 1.2169773352311432e-04
5.0176489258414030e+00 1.2149455617180247e-04
5.0192652968076201e+00 1.2129171803006270e-04
5.0208816677738382e+00 1.2108921853157587e-04
5.0224980387400553e+00 1.2088705711096912e-04
5.0241144097062724e+00 1.2068523320381300e-04
5.0257307806724896e+00 1.2048374624662064e-04
5.0273471516387076e+00 1.2028259567684539e-04
5.0289635226049247e+00 1.2008178093288084e-04
5.0305798935711419e+00 1.1988130145405712e-04
5.0321962645373590e+00 1.1968115668064099e-04
5.0338126355035770e+00 1.1948134605383343e-04
5.0354290064697942e+00 1.1928186901576882e-04
5.0370453774360113e+00 1.1908272500951214e-04
5.0386617484022294e+00 1.1888391347905891e-04
5.0402781193684465e+00 1.1868543386933256e-04
5.0418944903346636e+00 1.1848728562618325e-04
5.0435108613008808e+00 1.1828946819638637e-04
5.0451272322670988e+00 1.1809198102764094e-04
5.0467436032333159e+00 1.1789482356856788e-04
5.0483599741995331e+00 1.1769799526870914e-04
5.0499763451657502e+00 1.1750149557852505e-04
5.0515927161319683e+00 1.1730532394939367e-04
5.0532090870981854e+00 1.1710947983360924e-04
5.0548254580644025e+00 1.1691396268438007e-04
5.0564418290306206e+00 1.1671877195582740e-04
5.0580581999968377e+00 1.1652390710298409e-04
5.0596745709630548e+00 1.1632936758179266e-04
5.0612909419292720e+00 1.1613515284910363e-04
5.0629073128954900e+00 1.1594126236267494e-04
5.0645236838617071e+00 1.1574769558116939e-04
5.0661400548279243e+00 1.1555445196415368e-04
5.0677564257941414e+00 1.1536153097209676e-04
5.0693727967603595e+00 1.1516893206636835e-04
5.0709891677265766e+00 1.1497665470923734e-04
5.0726055386927937e+00 1.1478469836387072e-04
5.0742219096590109e+00 1.1459306249433122e-04
5.0758382806252289e+00 1.1440174656557654e-04
5.0774546515914460e+00 1.1421075004345794e-04
5.0790710225576632e+00 1.1402007239471817e-04
5.0806873935238812e+00 1.1382971308698993e-04
5.0823037644900984e+00 1.1363967158879566e-04
5.0839201354563155e+00 1.1344994736954417e-04
5.0855365064225326e+00 1.1326053989953057e-04
5.0871528773887507e+00 1.1307144864993415e-04
5.0887692483549678e+00 1.1288267309281737e-04
5.0903856193211849e+00 1.1269421270112378e-04
5.0920019902874021e+00 1.1250606694867707e-04
5.0936183612536201e+00 1.1231823531017891e-04
5.0952347322198372e+00 1.1213071726120895e-04
5.0968511031860544e+00 1.1194351227822138e-04
5.0984674741522724e+00 1.1175661983854489e-04
5.1000838451184896e+00 1.1157003942038092e-04
5.1017002160847067e+00 1.1138377050280192e-04
5.1033165870509238e+00 1.1119781256574971e-04
5.1049329580171419e+00 1.1101216509003499e-04
5.1065493289833590e+00 1.1082682755733482e-04
5.1081656999495761e+00 1.1064179945019174e-04
5.1097820709157933e+00 1.1045708025201223e-04
5.1113984418820113e+00 1.1027266944706513e-04
5.1130148128482285e+00 1.1008856652048034e-04
5.1146311838144456e+00 1.0990477095824762e-04
5.1162475547806627e+00 1.0972128224721440e-04
5.1178639257468808e+00 1.0953809987508506e-04
5.1194802967130979e+00 1.0935522333041945e-04
5.1210966676793150e+00 1.0917265210263115e-04
5.1227130386455331e+00 1.0899038568198575e-04
5.1243294096117502e+00 1.0880842355960084e-04
5.1259457805779673e+00 1.0862676522744260e-04
5.1275621515441845e+00 1.0844541017832590e-04
5.1291785225104025e+00 1.0826435790591217e-04
5.1307948934766197e+00 1.0808360790470857e-04
5.1324112644428368e+00 1.0790315967006551e-04
5.1340276354090539e+00 1.0772301269817668e-04
5.1356440063752720e+00 1.0754316648607618e-04
5.1372603773414891e+00 1.0736362053163841e-04
5.1388767483077062e+00 1.0718437433357578e-04
5.1404931192739243e+00 1.0700542739143764e-04
5.1421094902401414e+00 1.0682677920560881e-04
5.1437258612063586e+00 1.0664842927730855e-04
5.1453422321725757e+00 1.0647037710858836e-04
5.1469586031387937e+00 1.0629262220233130e-04
5.1485749741050109e+00 1.0611516406225060e-04
5.1501913450712280e+00 1.0593800219288773e-04
5.1518077160374451e+00 1.0576113609961146e-04
5.1534240870036632e+00 1.0558456528861629e-04
5.1550404579698803e+00 1.0540828926692144e-04
5.1566568289360974e+00 1.0523230754236862e-04
5.1582731999023155e+00 1.0505661962362179e-04
5.1598895708685326e+00 1.0488122502016487e-04
5.1615059418347498e+00 1.0470612324230076e-04
5.1631223128009669e+00 1.0453131380114997e-04
5.1647386837671849e+00 1.0435679620864920e-04
5.1663550547334021e+00 1.0418256997754986e-04
5.1679714256996192e+00 1.0400863462141721e-04
5.1695877966658363e+00 1.0383498965462810e-04
5.1712041676320544e+00 1.0366163459237039e-04
5.1728205385982715e+00 1.0348856895064155e-04
5.1744369095644887e+00 1.0331579224624689e-04
5.1760532805307058e+00 1.0314330399679816e-04
5.1776696514969238e+00 1.0297110372071306e-04
5.1792860224631410e+00 1.0279919093721288e-04
5.1809023934293581e+00 1.0262756516632169e-04
5.1825187643955761e+00 1.0245622592886483e-04
5.1841351353617933e+00 1.0228517274646797e-04
5.1857515063280104e+00 1.0211440514155480e-04
5.1873678772942275e+00 1.0194392263734708e-04
5.1889842482604456e+00 1.0177372475786172e-04
5.1906006192266627e+00 1.0160381102791132e-04
5.1922169901928799e+00 1.0143418097310089e-04
5.1938333611590970e+00 1.0126483411982802e-04
5.1954497321253150e+00 1.0109576999528041e-04
5.1970661030915322e+00 1.0092698812743608e-04
5.1986824740577493e+00 1.0075848804506020e-04
5.2002988450239673e+00 1.0059026927770496e-04
5.2019152159901845e+00 1.0042233135570826e-04
5.2035315869564016e+00 1.0025467381019178e-04
5.2051479579226188e+00 1.0008729617306011e-04
5.2067643288888368e+00 9.9920197976999343e-05
5.2083806998550539e+00 9.9753378755475651e-05
5.2099970708212711e+00 9.9586838042734483e-05
5.2116134417874882e+00 9.9420575373798309e-05
5.2132298127537062e+00 9.9254590284466213e-05
5.2148461837199234e+00 9.9088882311312374e-05
5.2164625546861405e+00 9.8923450991684551e-05
5.2180789256523576e+00 9.8758295863702643e-05
5.2196952966185757e+00 9.8593416466258163e-05
5.2213116675847928e+00 9.8428812339012152e-05
5.2229280385510100e+00 9.8264483022394238e-05
5.2245444095172280e+00 9.8100428057601273e-05
5.2261607804834451e+00 9.7936646986596397e-05
5.2277771514496623e+00 9.7773139352106867e-05
5.2293935224158794e+00 9.7609904697624060e-05
5.2310098933820974e+00 9.7446942567400841e-05
5.2326262643483146e+00 9.7284252506451484e-05
5.2342426353145317e+00 9.7121834060549610e-05
5.2358590062807489e+00 9.6959686776227228e-05
5.2374753772469669e+00 9.6797810200773349e-05
5.2390917482131840e+00 9.6636203882233024e-05
5.2407081191794012e+00 9.6474867369405735e-05
5.2423244901456192e+00 9.6313800211843888e-05
5.2439408611118363e+00 9.6153001959852730e-05
5.2455572320780535e+00 9.5992472164487506e-05
5.2471736030442706e+00 9.5832210377553377e-05
5.2487899740104886e+00 9.5672216151603616e-05
5.2504063449767058e+00 9.5512489039938824e-05
5.2520227159429229e+00 9.5353028596604841e-05
5.2536390869091401e+00 9.5193834376392666e-05
5.2552554578753581e+00 9.5034905934835923e-05
5.2568718288415752e+00 9.4876242828210899e-05
5.2584881998077924e+00 9.4717844613534326e-05
5.2601045707740095e+00 9.4559710848562698e-05
5.2617209417402275e+00 9.4401841091790365e-05
5.2633373127064447e+00 9.4244234902449720e-05
5.2649536836726618e+00 9.4086891840508094e-05
5.2665700546388798e+00 9.3929811466667869e-05
5.2681864256050970e+00 9.3772993342364956e-05
5.2698027965713141e+00 9.3616437029767335e-05
5.2714191675375313e+00 9.3460142091773707e-05
5.2730355385037493e+00 9.3304108092012974e-05
5.2746519094699664e+00 9.3148334594842308e-05
5.2762682804361836e+00 9.2992821165346204e-05
5.2778846514024007e+00 9.2837567369335344e-05
5.2795010223686187e+00 9.2682572773345224e-05
5.2811173933348359e+00 9.2527836944634992e-05
5.2827337643010530e+00 9.2373359451186553e-05
5.2843501352672710e+00 9.2219139861702534e-05
5.2859665062334882e+00 9.2065177745606177e-05
5.2875828771997053e+00 9.1911472673039281e-05
5.2891992481659225e+00 9.1758024214861437e-05
5.2908156191321405e+00 9.1604831942648289e-05
5.2924319900983576e+00 9.1451895428691605e-05
5.2940483610645748e+00 9.1299214245996359e-05
5.2956647320307919e+00 9.1146787968280818e-05
5.2972811029970099e+00 9.0994616169974801e-05
5.2988974739632271e+00 9.0842698426218927e-05
5.3005138449294442e+00 9.0691034312862572e-05
5.3021302158956614e+00 9.0539623406463870e-05
5.3037465868618794e+00 9.0388465284287230e-05
5.3053629578280965e+00 9.0237559524303636e-05
5.3069793287943137e+00 9.0086905705187922e-05
5.3085956997605317e+00 8.9936503406318612e-05
5.3102120707267488e+00 8.9786352207776640e-05
5.3118284416929660e+00 8.9636451690343867e-05
5.3134448126591831e+00 8.9486801435501788e-05
5.3150611836254011e+00 8.9337401025431113e-05
5.3166775545916183e+00 8.9188250043009776e-05
5.3182939255578354e+00 8.9039348071812203e-05
5.3199102965240526e+00 8.8890694696108037e-05
5.3215266674902706e+00 8.8742289500861040e-05
5.3231430384564877e+00 8.8594132071727726e-05
5.3247594094227049e+00 8.8446221995056737e-05
5.3263757803889229e+00 8.8298558857886780e-05
5.3279921513551400e+00 8.8151142247946539e-05
5.3296085223213572e+00 8.8003971753652647e-05
5.3312248932875743e+00 8.7857046964109003e-05
5.3328412642537923e+00 8.7710367469105436e-05
5.3344576352200095e+00 8.7563932859116832e-05
5.3360740061862266e+00 8.7417742725301678e-05
5.3376903771524438e+00 8.7271796659500763e-05
5.3393067481186618e+00 8.7126094254236759e-05
5.3409231190848789e+00 8.6980635102712361e-05
5.3425394900510961e+00 8.6835418798809493e-05
5.3441558610173132e+00 8.6690444937088080e-05
5.3457722319835312e+00 8.6545713112784974e-05
5.3473886029497484e+00 8.6401222921812671e-05
5.3490049739159655e+00 8.6256973960758610e-05
5.3506213448821835e+00 8.6112965826883265e-05
5.3522377158484007e+00 8.5969198118119976e-05
5.3538540868146178e+00 8.5825670433073016e-05
5.3554704577808350e+00 8.5682382371016967e-05
5.3570868287470530e+00 8.5539333531895118e-05
5.3587031997132701e+00 8.5396523516319332e-05
5.3603195706794873e+00 8.5253951925567552e-05
5.3619359416457044e+00 8.5111618361583745e-05
5.3635523126119224e+00 8.4969522426976319e-05
5.3651686835781396e+00 8.4827663725017431e-05
5.3667850545443567e+00 8.4686041859641033e-05
5.3684014255105748e+00 8.4544656435442891e-05
5.3700177964767919e+00 8.4403507057678571e-05
5.3716341674430090e+00 8.4262593332262785e-05
5.3732505384092262e+00 8.4121914865768107e-05
5.3748669093754442e+00 8.3981471265424031e-05
5.3764832803416613e+00 8.3841262139115684e-05
5.3780996513078785e+00 8.3701287095383129e-05
5.3797160222740956e+00 8.3561545743419553e-05
5.3813323932403136e+00 8.3422037693070794e-05
5.3829487642065308e+00 8.3282762554834239e-05
5.3845651351727479e+00 8.3143719939857404e-05
5.3861815061389660e+00 8.3004909459936715e-05
5.3877978771051831e+00 8.2866330727517437e-05
5.3894142480714002e+00 8.2727983355691129e-05
5.3910306190376174e+00 8.2589866958195695e-05
5.3926469900038354e+00 8.2451981149413736e-05
5.3942633609700525e+00 8.2314325544371975e-05
5.3958797319362697e+00 8.2176899758739324e-05
5.3974961029024868e+00 8.2039703408826932e-05
5.3991124738687049e+00 8.1902736111585941e-05
5.4007288448349220e+00 8.1765997484607500e-05
5.4023452158011391e+00 8.1629487146120955e-05
5.4039615867673563e+00 8.1493204714993127e-05
5.4055779577335743e+00 8.1357149810726799e-05
5.4071943286997914e+00 8.1221322053460736e-05
5.4088106996660086e+00 8.1085721063967148e-05
5.4104270706322266e+00 8.0950346463651689e-05
5.4120434415984437e+00 8.0815197874552211e-05
5.4136598125646609e+00 8.0680274919337370e-05
5.4152761835308780e+00 8.0545577221305878e-05
5.4168925544970961e+00 8.0411104404385297e-05
5.4185089254633132e+00 8.0276856093131080e-05
5.4201252964295303e+00 8.0142831912725630e-05
5.4217416673957475e+00 8.0009031488976993e-05
5.4233580383619655e+00 7.9875454448317644e-05
5.4249744093281826e+00 7.9742100417804493e-05
5.4265907802943998e+00 7.9608969025116334e-05
5.4282071512606178e+00 7.9476059898553846e-05
5.4298235222268350e+00 7.9343372667038453e-05
5.4314398931930521e+00 7.9210906960110877e-05
5.4330562641592692e+00 7.9078662407930229e-05
5.4346726351254873e+00 7.8946638641273409e-05
5.4362890060917044e+00 7.8814835291533499e-05
5.4379053770579215e+00 7.8683251990719082e-05
5.4395217480241387e+00 7.8551888371453048e-05
5.4411381189903567e+00 7.8420744066971676e-05
5.4427544899565738e+00 7.8289818711123482e-05
5.4443708609227910e+00 7.8159111938368563e-05
5.4459872318890081e+00 7.8028623383776856e-05
5.4476036028552262e+00 7.7898352683027821e-05
5.4492199738214433e+00 7.7768299472409237e-05
5.4508363447876604e+00 7.7638463388815984e-05
5.4524527157538785e+00 7.7508844069748941e-05
5.4540690867200956e+00 7.7379441153314771e-05
5.4556854576863127e+00 7.7250254278223729e-05
5.4573018286525299e+00 7.7121283083789546e-05
5.4589181996187479e+00 7.6992527209928014e-05
5.4605345705849651e+00 7.6863986297156359e-05
5.4621509415511822e+00 7.6735659986591491e-05
5.4637673125173993e+00 7.6607547919950046e-05
5.4653836834836174e+00 7.6479649739546248e-05
5.4670000544498345e+00 7.6351965088291998e-05
5.4686164254160516e+00 7.6224493609695077e-05
5.4702327963822697e+00 7.6097234947858491e-05
5.4718491673484868e+00 7.5970188747479363e-05
5.4734655383147039e+00 7.5843354653848307e-05
5.4750819092809211e+00 7.5716732312847696e-05
5.4766982802471391e+00 7.5590321370951280e-05
5.4783146512133563e+00 7.5464121475223267e-05
5.4799310221795734e+00 7.5338132273316855e-05
5.4815473931457905e+00 7.5212353413473370e-05
5.4831637641120086e+00 7.5086784544521734e-05
5.4847801350782257e+00 7.4961425315877003e-05
5.4863965060444428e+00 7.4836275377539483e-05
5.4880128770106600e+00 7.4711334380093882e-05
5.4896292479768780e+00 7.4586601974708288e-05
5.4912456189430952e+00 7.4462077813133032e-05
5.4928619899093123e+00 7.4337761547700203e-05
5.4944783608755303e+00 7.4213652831321814e-05
5.4960947318417475e+00 7.4089751317489818e-05
5.4977111028079646e+00 7.3966056660274389e-05
5.4993274737741817e+00 7.3842568514323443e-05
5.5009438447403998e+00 7.3719286534861095e-05
5.5025602157066169e+00 7.3596210377687687e-05
5.5041765866728340e+00 7.3473339699177634e-05
5.5057929576390512e+00 7.3350674156279311e-05
5.5074093286052692e+00 7.3228213406513731e-05
5.5090256995714864e+00 7.3105957107973875e-05
5.5106420705377035e+00 7.2983904919323315e-05
5.5122584415039215e+00 7.2862056499795600e-05
5.5138748124701387e+00 7.2740411509193107e-05
5.5154911834363558e+00 7.2618969607886401e-05
5.5171075544025729e+00 7.2497730456812909e-05
5.5187239253687910e+00 7.2376693717475865e-05
5.5203402963350081e+00 7.2255859051944345e-05
5.5219566673012253e+00 7.2135226122850872e-05
5.5235730382674424e+00 7.2014794593391619e-05
5.5251894092336604e+00 7.1894564127324850e-05
5.5268057801998776e+00 7.1774534388970514e-05
5.5284221511660947e+00 7.1654705043208510e-05
5.5300385221323118e+00 7.1535075755478752e-05
5.5316548930985299e+00 7.1415646191779183e-05
5.5332712640647470e+00 7.1296416018665849e-05
5.5348876350309641e+00 7.1177384903251171e-05
5.5365040059971822e+00 7.1058552513203479e-05
5.5381203769633993e+00 7.0939918516745810e-05
5.5397367479296165e+00 7.0821482582655401e-05
5.5413531188958336e+00 7.0703244380262070e-05
5.5429694898620516e+00 7.0585203579447912e-05
5.5445858608282688e+00 7.0467359850646258e-05
5.5462022317944859e+00 7.0349712864840576e-05
5.5478186027607030e+00 7.0232262293563389e-05
5.5494349737269211e+00 7.0115007808896029e-05
5.5510513446931382e+00 6.9997949083467023e-05
5.5526677156593554e+00 6.9881085790451529e-05
5.5542840866255734e+00 6.9764417603570259e-05
5.5559004575917905e+00 6.9647944197088942e-05
5.5575168285580077e+00 6.9531665245816667e-05
5.5591331995242248e+00 6.9415580425105940e-05
5.5607495704904428e+00 6.9299689410850769e-05
5.5623659414566600e+00 6.9183991879486739e-05
5.5639823124228771e+00 6.9068487507989310e-05
5.5655986833890942e+00 6.8953175973873455e-05
5.5672150543553123e+00 6.8838056955192143e-05
5.5688314253215294e+00 6.8723130130536527e-05
5.5704477962877466e+00 6.8608395179033734e-05
5.5720641672539637e+00 6.8493851780346868e-05
5.5736805382201817e+00 6.8379499614673760e-05
5.5752969091863989e+00 6.8265338362746362e-05
5.5769132801526160e+00 6.8151367705829264e-05
5.5785296511188340e+00 6.8037587325719606e-05
5.5801460220850512e+00 6.7923996904745528e-05
5.5817623930512683e+00 6.7810596125765602e-05
5.5833787640174855e+00 6.7697384672167843e-05
5.5849951349837035e+00 6.7584362227868897e-05
5.5866115059499206e+00 6.7471528477313050e-05
5.5882278769161378e+00 6.7358883105471631e-05
5.5898442478823549e+00 6.7246425797841592e-05
5.5914606188485729e+00 6.7134156240445113e-05
5.5930769898147901e+00 6.7022074119828693e-05
5.5946933607810072e+00 6.6910179123062026e-05
5.5963097317472252e+00 6.6798470937737029e-05
5.5979261027134424e+00 6.6686949251967752e-05
5.5995424736796595e+00 6.6575613754388396e-05
5.6011588446458767e+00 6.6464464134153263e-05
5.6027752156120947e+00 6.6353500080935503e-05
5.6043915865783118e+00 6.6242721284926555e-05
5.6060079575445290e+00 6.6132127436834898e-05
5.6076243285107461e+00 6.6021718227885447e-05
5.6092406994769641e+00 6.5911493349818639e-05
5.6108570704431813e+00 6.5801452494889474e-05
5.6124734414093984e+00 6.5691595355866987e-05
5.6140898123756164e+00 6.5581921626032673e-05
5.6157061833418336e+00 6.5472430999180748e-05
5.6173225543080507e+00 6.5363123169616044e-05
5.6189389252742679e+00 6.5253997832154137e-05
5.6205552962404859e+00 6.5145054682119740e-05
5.6221716672067030e+00 6.5036293415346834e-05
5.6237880381729202e+00 6.4927713728176627e-05
5.6254044091391373e+00 6.4819315317457560e-05
5.6270207801053553e+00 6.4711097880544094e-05
5.6286371510715725e+00 6.4603061115296137e-05
5.6302535220377896e+00 6.4495204720077856e-05
5.6318698930040068e+00 6.4387528393757140e-05
5.6334862639702248e+00 6.4280031835704294e-05
5.6351026349364419e+00 6.4172714745792128e-05
5.6367190059026591e+00 6.4065576824393959e-05
5.6383353768688771e+00 6.3958617772383555e-05
5.6399517478350942e+00 6.3851837291134208e-05
5.6415681188013114e+00 6.3745235082517641e-05
5.6431844897675285e+00 6.3638810848903147e-05
5.6448008607337465e+00 6.3532564293157273e-05
5.6464172316999637e+00 6.3426495118642414e-05
5.6480336026661808e+00 6.3320603029216226e-05
5.6496499736323980e+00 6.3214887729230832e-05
5.6512663445986160e+00 6.3109348923531908e-05
5.6528827155648331e+00 6.3003986317457876e-05
5.6544990865310503e+00 6.2898799616839288e-05
5.6561154574972683e+00 6.2793788527997461e-05
5.6577318284634854e+00 6.2688952757744397e-05
5.6593481994297026e+00 6.2584292013381326e-05
5.6609645703959197e+00 6.2479806002698323e-05
5.6625809413621377e+00 6.2375494433972997e-05
5.6641973123283549e+00 6.2271357015970539e-05
5.6658136832945720e+00 6.2167393457941822e-05
5.6674300542607892e+00 6.2063603469623426e-05
5.6690464252270072e+00 6.1959986761236382e-05
5.6706627961932243e+00 6.1856543043485788e-05
5.6722791671594415e+00 6.1753272027559295e-05
5.6738955381256586e+00 6.1650173425127199e-05
5.6755119090918766e+00 6.1547246948340722e-05
5.6771282800580938e+00 6.1444492309832024e-05
5.6787446510243109e+00 6.1341909222712861e-05
5.6803610219905289e+00 6.1239497400573963e-05
5.6819773929567461e+00 6.1137256557484195e-05
5.6835937639229632e+00 6.1035186407989983e-05
5.6852101348891804e+00 6.0933286667114045e-05
5.6868265058553984e+00 6.0831557050355002e-05
5.6884428768216155e+00 6.0729997273686579e-05
5.6900592477878327e+00 6.0628607053556575e-05
5.6916756187540498e+00 6.0527386106886031e-05
5.6932919897202678e+00 6.0426334151068923e-05
5.6949083606864850e+00 6.0325450903970800e-05
5.6965247316527021e+00 6.0224736083928291e-05
5.6981411026189202e+00 6.0124189409748379e-05
5.6997574735851373e+00 6.0023810600707377e-05
5.7013738445513544e+00 5.9923599376550334e-05
5.7029902155175716e+00 5.9823555457490150e-05
5.7046065864837896e+00 5.9723678564206876e-05
5.7062229574500067e+00 5.9623968417846824e-05
5.7078393284162239e+00 5.9524424740022079e-05
5.7094556993824410e+00 5.9425047252809170e-05
5.7110720703486590e+00 5.9325835678748795e-05
5.7126884413148762e+00 5.9226789740844984e-05
5.7143048122810933e+00 5.9127909162564113e-05
5.7159211832473105e+00 5.9029193667834089e-05
5.7175375542135285e+00 5.8930642981044005e-05
5.7191539251797456e+00 5.8832256827042938e-05
5.7207702961459628e+00 5.8734034931139331e-05
5.7223866671121808e+00 5.8635977019100237e-05
5.7240030380783979e+00 5.8538082817150708e-05
5.7256194090446151e+00 5.8440352051972545e-05
5.7272357800108322e+00 5.8342784450704235e-05
5.7288521509770503e+00 5.8245379740939386e-05
5.7304685219432674e+00 5.8148137650726937e-05
5.7320848929094845e+00 5.8051057908569355e-05
5.7337012638757017e+00 5.7954140243422691e-05
5.7353176348419197e+00 5.7857384384695181e-05
5.7369340058081368e+00 5.7760790062247344e-05
5.7385503767743540e+00 5.7664357006390158e-05
5.7401667477405720e+00 5.7568084947885242e-05
5.7417831187067891e+00 5.7471973617943502e-05
5.7433994896730063e+00 5.7376022748224678e-05
5.7450158606392234e+00 5.7280232070836479e-05
5.7466322316054415e+00 5.7184601318333891e-05
5.7482486025716586e+00 5.7089130223718346e-05
5.7498649735378757e+00 5.6993818520437215e-05
5.7514813445040929e+00 5.6898665942382622e-05
5.7530977154703109e+00 5.6803672223891099e-05
5.7547140864365280e+00 5.6708837099742801e-05
5.7563304574027452e+00 5.6614160305160582e-05
5.7579468283689623e+00 5.6519641575809202e-05
5.7595631993351804e+00 5.6425280647795032e-05
5.7611795703013975e+00 5.6331077257664818e-05
5.7627959412676146e+00 5.6237031142405187e-05
5.7644123122338327e+00 5.6143142039441855e-05
5.7660286832000498e+00 5.6049409686639077e-05
5.7676450541662669e+00 5.5955833822298414e-05
5.7692614251324841e+00 5.5862414185158747e-05
5.7708777960987021e+00 5.5769150514394731e-05
5.7724941670649192e+00 5.5676042549616825e-05
5.7741105380311364e+00 5.5583090030870027e-05
5.7757269089973535e+00 5.5490292698633396e-05
5.7773432799635716e+00 5.5397650293819070e-05
5.7789596509297887e+00 5.5305162557772209e-05
5.7805760218960058e+00 5.5212829232269323e-05
5.7821923928622239e+00 5.5120650059518199e-05
5.7838087638284410e+00 5.5028624782157165e-05
5.7854251347946581e+00 5.4936753143254010e-05
5.7870415057608753e+00 5.4845034886305590e-05
5.7886578767270933e+00 5.4753469755236902e-05
5.7902742476933104e+00 5.4662057494400685e-05
5.7918906186595276e+00 5.4570797848576148e-05
5.7935069896257447e+00 5.4479690562968968e-05
5.7951233605919628e+00 5.4388735383209834e-05
5.7967397315581799e+00 5.4297932055354452e-05
5.7983561025243970e+00 5.4207280325882297e-05
5.7999724734906151e+00 5.4116779941696136e-05
5.8015888444568322e+00 5.4026430650121271e-05
5.8032052154230493e+00 5.3936232198905015e-05
5.8048215863892665e+00 5.3846184336215541e-05
5.8064379573554845e+00 5.3756286810641614e-05
5.8080543283217017e+00 5.3666539371191839e-05
5.8096706992879188e+00 5.3576941767293737e-05
5.8112870702541359e+00 5.3487493748793043e-05
5.8129034412203540e+00 5.3398195065953400e-05
5.8145198121865711e+00 5.3309045469455221e-05
5.8161361831527882e+00 5.3220044710395199e-05
5.8177525541190054e+00 5.3131192540285578e-05
5.8193689250852234e+00 5.3042488711053462e-05
5.8209852960514405e+00 5.2953932975040072e-05
5.8226016670176577e+00 5.2865525085000277e-05
5.8242180379838757e+00 5.2777264794101433e-05
5.8258344089500929e+00 5.2689151855923266e-05
5.8274507799163100e+00 5.2601186024456771e-05
5.8290671508825271e+00 5.2513367054103715e-05
5.8306835218487452e+00 5.2425694699675695e-05
5.8322998928149623e+00 5.2338168716394092e-05
5.8339162637811794e+00 5.2250788859888507e-05
5.8355326347473966e+00 5.2163554886196753e-05
5.8371490057136146e+00 5.2076466551763844e-05
5.8387653766798318e+00 5.1989523613441552e-05
5.8403817476460489e+00 5.1902725828487468e-05
5.8419981186122669e+00 5.1816072954564475e-05
5.8436144895784841e+00 5.1729564749740021e-05
5.8452308605447012e+00 5.1643200972485608e-05
5.8468472315109183e+00 5.1556981381675752e-05
5.8484636024771364e+00 5.1470905736587633e-05
5.8500799734433535e+00 5.1384973796900438e-05
5.8516963444095706e+00 5.1299185322694471e-05
5.8533127153757878e+00 5.1213540074450459e-05
5.8549290863420058e+00 5.1128037813049271e-05
5.8565454573082230e+00 5.1042678299770833e-05
5.8581618282744401e+00 5.0957461296293644e-05
5.8597781992406572e+00 5.0872386564694097e-05
5.8613945702068753e+00 5.0787453867445804e-05
5.8630109411730924e+00 5.0702662967418888e-05
5.8646273121393095e+00 5.0618013627879541e-05
5.8662436831055276e+00 5.0533505612488881e-05
5.8678600540717447e+00 5.0449138685302897e-05
5.8694764250379619e+00 5.0364912610771344e-05
5.8710927960041790e+00 5.0280827153737302e-05
5.8727091669703970e+00 5.0196882079436218e-05
5.8743255379366142e+00 5.0113077153495953e-05
5.8759419089028313e+00 5.0029412141935195e-05
5.8775582798690484e+00 4.9945886811163468e-05
5.8791746508352665e+00 4.9862500927980355e-05
5.8807910218014836e+00 4.9779254259574623e-05
5.8824073927677007e+00 4.9696146573523819e-05
5.8840237637339188e+00 4.9613177637793419e-05
5.8856401347001359e+00 4.9530347220736499e-05
5.8872565056663531e+00 4.9447655091092567e-05
5.8888728766325702e+00 4.9365101017987573e-05
5.8904892475987882e+00 4.9282684770932551e-05
5.8921056185650054e+00 4.9200406119823666e-05
5.8937219895312225e+00 4.9118264834941073e-05
5.8953383604974396e+00 4.9036260686948525e-05
5.8969547314636577e+00 4.8954393446892449e-05
5.8985711024298748e+00 4.8872662886201946e-05
5.9001874733960920e+00 4.8791068776687288e-05
5.9018038443623091e+00 4.8709610890539927e-05
5.9034202153285271e+00 4.8628289000331583e-05
5.9050365862947443e+00 4.8547102879013822e-05
5.9066529572609614e+00 4.8466052299916974e-05
5.9082693282271794e+00 4.8385137036750110e-05
5.9098856991933966e+00 4.8304356863599913e-05
5.9115020701596137e+00 4.8223711554930309e-05
5.9131184411258308e+00 4.8143200885581712e-05
5.9147348120920489e+00 4.8062824630770490e-05
5.9163511830582660e+00 4.7982582566088234e-05
5.9179675540244832e+00 4.7902474467501343e-05
5.9195839249907003e+00 4.7822500111350028e-05
5.9212002959569183e+00 4.7742659274347996e-05
5.9228166669231355e+00 4.7662951733581849e-05
5.9244330378893526e+00 4.7583377266510250e-05
5.9260494088555706e+00 4.7503935650963224e-05
5.9276657798217878e+00 4.7424626665142154e-05
5.9292821507880049e+00 4.7345450087618280e-05
5.9308985217542221e+00 4.7266405697332754e-05
5.9325148927204401e+00 4.7187493273595697e-05
5.9341312636866572e+00 4.7108712596085835e-05
5.9357476346528744e+00 4.7030063444849453e-05
5.9373640056190915e+00 4.6951545600300377e-05
5.9389803765853095e+00 4.6873158843218652e-05
5.9405967475515267e+00 4.6794902954750805e-05
5.9422131185177438e+00 4.6716777716408293e-05
5.9438294894839609e+00 4.6638782910067617e-05
5.9454458604501790e+00 4.6560918317969181e-05
5.9470622314163961e+00 4.6483183722717367e-05
5.9486786023826133e+00 4.6405578907279035e-05
5.9502949733488313e+00 4.6328103654983733e-05
5.9519113443150484e+00 4.6250757749522579e-05
5.9535277152812656e+00 4.6173540974947855e-05
5.9551440862474827e+00 4.6096453115672377e-05
5.9567604572137007e+00 4.6019493956468889e-05
5.9583768281799179e+00 4.5942663282469437e-05
5.9599931991461350e+00 4.5865960879164920e-05
5.9616095701123522e+00 4.5789386532404166e-05
5.9632259410785702e+00 4.5712940028393619e-05
5.9648423120447873e+00 4.5636621153696764e-05
5.9664586830110045e+00 4.5560429695233291e-05
5.9680750539772225e+00 4.5484365440278617e-05
5.9696914249434396e+00 4.5408428176463459e-05
5.9713077959096568e+00 4.5332617691772987e-05
5.9729241668758739e+00 4.5256933774546233e-05
5.9745405378420919e+00 4.5181376213475818e-05
5.9761569088083091e+00 4.5105944797607001e-05
5.9777732797745262e+00 4.5030639316337291e-05
5.9793896507407434e+00 4.4955459559415762e-05
5.9810060217069614e+00 4.4880405316942549e-05
5.9826223926731785e+00 4.4805476379368152e-05
5.9842387636393957e+00 4.4730672537493090e-05
5.9858551346056137e+00 4.4655993582466863e-05
5.9874715055718308e+00 4.4581439305787947e-05
5.9890878765380480e+00 4.4507009499302724e-05
5.9907042475042651e+00 4.4432703955205194e-05
5.9923206184704831e+00 4.4358522466036117e-05
5.9939369894367003e+00 4.4284464824682947e-05
5.9955533604029174e+00 4.4210530824378592e-05
5.9971697313691346e+00 4.4136720258701320e-05
5.9987861023353526e+00 4.4063032921573943e-05
6.0004024733015697e+00 4.3989468607263496e-05
6.0020188442677869e+00 4.3916027110380216e-05
6.0036352152340040e+00 4.3842708225877546e-05
6.0052515862002220e+00 4.3769511749050966e-05
6.0068679571664392e+00 4.3696437475537963e-05
6.0084843281326563e+00 4.3623485201317071e-05
6.0101006990988743e+00 4.3550654722707481e-05
6.0117170700650915e+00 4.3477945836368385e-05
6.0133334410313086e+00 4.3405358339298639e-05
6.0149498119975258e+00 4.3332892028835744e-05
6.0165661829637438e+00 4.3260546702655703e-05
6.0181825539299609e+00 4.3188322158772356e-05
6.0197989248961781e+00 4.3116218195536697e-05
6.0214152958623952e+00 4.3044234611636267e-05
6.0230316668286132e+00 4.2972371206094930e-05
6.0246480377948304e+00 4.2900627778271918e-05
6.0262644087610475e+00 4.2829004127861491e-05
6.0278807797272655e+00 4.2757500054892280e-05
6.0294971506934827e+00 4.2686115359726950e-05
6.0311135216596998e+00 4.2614849843061140e-05
6.0327298926259170e+00 4.2543703305923607e-05
6.0343462635921350e+00 4.2472675549674939e-05
6.0359626345583521e+00 4.2401766376007647e-05
6.0375790055245693e+00 4.2330975586945162e-05
6.0391953764907864e+00 4.2260302984841533e-05
6.0408117474570044e+00 4.2189748372380557e-05
6.0424281184232216e+00 4.2119311552575887e-05
6.0440444893894387e+00 4.2048992328769626e-05
6.0456608603556559e+00 4.1978790504632412e-05
6.0472772313218739e+00 4.1908705884162570e-05
6.0488936022880910e+00 4.1838738271685798e-05
6.0505099732543082e+00 4.1768887471854323e-05
6.0521263442205262e+00 4.1699153289646583e-05
6.0537427151867433e+00 4.1629535530366550e-05
6.0553590861529605e+00 4.1560033999643407e-05
6.0569754571191776e+00 4.1490648503430614e-05
6.0585918280853956e+00 4.1421378848005703e-05
6.0602081990516128e+00 4.1352224839969722e-05
6.0618245700178299e+00 4.1283186286246477e-05
6.0634409409840471e+00 4.1214262994082148e-05
6.0650573119502651e+00 4.1145454771044729e-05
6.0666736829164822e+00 4.1076761425023568e-05
6.0682900538826994e+00 4.1008182764228540e-05
6.0699064248489174e+00 4.0939718597189947e-05
6.0715227958151345e+00 4.0871368732757634e-05
6.0731391667813517e+00 4.0803132980100573e-05
6.0747555377475688e+00 4.0735011148706370e-05
6.0763719087137869e+00 4.0667003048380683e-05
6.0779882796800040e+00 4.0599108489246668e-05
6.0796046506462211e+00 4.0531327281744622e-05
6.0812210216124383e+00 4.0463659236631100e-05
6.0828373925786563e+00 4.0396104164978737e-05
6.0844537635448734e+00 4.0328661878175624e-05
6.0860701345110906e+00 4.0261332187924709e-05
6.0876865054773077e+00 4.0194114906243153e-05
6.0893028764435257e+00 4.0127009845462225e-05
6.0909192474097429e+00 4.0060016818226315e-05
6.0925356183759600e+00 3.9993135637492701e-05
6.0941519893421781e+00 3.9926366116530840e-05
6.0957683603083952e+00 3.9859708068922138e-05
6.0973847312746123e+00 3.9793161308558934e-05
6.0990011022408295e+00 3.9726725649644593e-05
6.1006174732070475e+00 3.9660400906692382e-05
6.1022338441732646e+00 3.9594186894525478e-05
6.1038502151394818e+00 3.9528083428276093e-05
6.1054665861056989e+00 3.9462090323385126e-05
6.1070829570719170e+00 3.9396207395601466e-05
6.1086993280381341e+00 3.9330434460981918e-05
6.1103156990043512e+00 3.9264771335890073e-05
6.1119320699705693e+00 3.9199217836996219e-05
6.1135484409367864e+00 3.9133773781276805e-05
6.1151648119030035e+00 3.9068438986013765e-05
6.1167811828692207e+00 3.9003213268793981e-05
6.1183975538354387e+00 3.8938096447509090e-05
6.1200139248016558e+00 3.8873088340354622e-05
6.1216302957678730e+00 3.8808188765829667e-05
6.1232466667340901e+00 3.8743397542736352e-05
6.1248630377003082e+00 3.8678714490179286e-05
6.1264794086665253e+00 3.8614139427565074e-05
6.1280957796327424e+00 3.8549672174601976e-05
6.1297121505989596e+00 3.8485312551299005e-05
6.1313285215651776e+00 3.8421060377965835e-05
6.1329448925313947e+00 3.8356915475212148e-05
6.1345612634976119e+00 3.8292877663947092e-05
6.1361776344638299e+00 3.8228946765378668e-05
6.1377940054300471e+00 3.8165122601013697e-05
6.1394103763962642e+00 3.8101404992656680e-05
6.1410267473624813e+00 3.8037793762409786e-05
6.1426431183286994e+00 3.7974288732672102e-05
6.1442594892949165e+00 3.7910889726139404e-05
6.1458758602611336e+00 3.7847596565803178e-05
6.1474922312273508e+00 3.7784409074950735e-05
6.1491086021935688e+00 3.7721327077164188e-05
6.1507249731597859e+00 3.7658350396320355e-05
6.1523413441260031e+00 3.7595478856590029e-05
6.1539577150922211e+00 3.7532712282437383e-05
6.1555740860584383e+00 3.7470050498620028e-05
6.1571904570246554e+00 3.7407493330187793e-05
6.1588068279908725e+00 3.7345040602482784e-05
6.1604231989570906e+00 3.7282692141138518e-05
6.1620395699233077e+00 3.7220447772079946e-05
6.1636559408895248e+00 3.7158307321522294e-05
6.1652723118557420e+00 3.7096270615971179e-05
6.1668886828219600e+00 3.7034337482221657e-05
6.1685050537881772e+00 3.6972507747358153e-05
6.1701214247543943e+00 3.6910781238753658e-05
6.1717377957206114e+00 3.6849157784069453e-05
6.1733541666868295e+00 3.6787637211254321e-05
6.1749705376530466e+00 3.6726219348544692e-05
6.1765869086192637e+00 3.6664904024463368e-05
6.1782032795854818e+00 3.6603691067819616e-05
6.1798196505516989e+00 3.6542580307708540e-05
6.1814360215179160e+00 3.6481571573510519e-05
6.1830523924841332e+00 3.6420664694890688e-05
6.1846687634503512e+00 3.6359859501798776e-05
6.1862851344165684e+00 3.6299155824468264e-05
6.1879015053827855e+00 3.6238553493416072e-05
6.1895178763490026e+00 3.6178052339442139e-05
6.1911342473152207e+00 3.6117652193628822e-05
6.1927506182814378e+00 3.6057352887340508e-05
6.1943669892476549e+00 3.5997154252223219e-05
6.1959833602138730e+00 3.5937056120203840e-05
6.1975997311800901e+00 3.5877058323490083e-05
6.1992161021463073e+00 3.5817160694569657e-05
6.2008324731125244e+00 3.5757363066210014e-05
6.2024488440787424e+00 3.5697665271457634e-05
6.2040652150449596e+00 3.5638067143638048e-05
6.2056815860111767e+00 3.5578568516354745e-05
6.2072979569773938e+00 3.5519169223489168e-05
6.2089143279436119e+00 3.5459869099200038e-05
6.2105306989098290e+00 3.5400667977923076e-05
6.2121470698760461e+00 3.5341565694370198e-05
6.2137634408422642e+00 3.5282562083529506e-05
6.2153798118084813e+00 3.5223656980664442e-05
6.2169961827746985e+00 3.5164850221313537e-05
6.2186125537409156e+00 3.5106141641289869e-05
6.2202289247071336e+00 3.5047531076680643e-05
6.2218452956733508e+00 3.4989018363846698e-05
6.2234616666395679e+00 3.4930603339422184e-05
6.2250780376057850e+00 3.4872285840313808e-05
6.2266944085720031e+00 3.4814065703700675e-05
6.2283107795382202e+00 3.4755942767033754e-05
6.2299271505044373e+00 3.4697916868035369e-05
6.2315435214706545e+00 3.4639987844698651e-05
6.2331598924368725e+00 3.4582155535287390e-05
6.2347762634030897e+00 3.4524419778335305e-05
6.2363926343693068e+00 3.4466780412645685e-05
6.2380090053355248e+00 3.4409237277290916e-05
6.2396253763017420e+00 3.4351790211612166e-05
6.2412417472679591e+00 3.4294439055218716e-05
6.2428581182341762e+00 3.4237183647987664e-05
6.2444744892003943e+00 3.4180023830063439e-05
6.2460908601666114e+00 3.4122959441857311e-05
6.2477072311328286e+00 3.4065990324047126e-05
6.2493236020990457e+00 3.4009116317576521e-05
6.2509399730652637e+00 3.3952337263654785e-05
6.2525563440314809e+00 3.3895653003756367e-05
6.2541727149976980e+00 3.3839063379620324e-05
6.2557890859639160e+00 3.3782568233249797e-05
6.2574054569301332e+00 3.3726167406912038e-05
6.2590218278963503e+00 3.3669860743137307e-05
6.2606381988625674e+00 3.3613648084718918e-05
6.2622545698287855e+00 3.3557529274712610e-05
6.2638709407950026e+00 3.3501504156436206e-05
6.2654873117612198e+00 3.3445572573469041e-05
6.2671036827274369e+00 3.3389734369651646e-05
6.2687200536936549e+00 3.3333989389085119e-05
6.2703364246598721e+00 3.3278337476131142e-05
6.2719527956260892e+00 3.3222778475410933e-05
6.2735691665923063e+00 3.3167312231805260e-05
6.2751855375585244e+00 3.3111938590453828e-05
6.2768019085247415e+00 3.3056657396754976e-05
6.2784182794909587e+00 3.3001468496364971e-05
6.2800346504571767e+00 3.2946371735197962e-05
6.2816510214233938e+00 3.2891366959425216e-05
6.2832673923896110e+00 3.2836454015474876e-05
6.2848837633558281e+00 3.2781632750031445e-05
6.2865001343220461e+00 3.2726903010035418e-05
6.2881165052882633e+00 3.2672264642682783e-05
6.2897328762544804e+00 3.2617717495424757e-05
6.2913492472206975e+00 3.2563261415967066e-05
6.2929656181869156e+00 3.2508896252269789e-05
6.2945819891531327e+00 3.2454621852546891e-05
6.2961983601193499e+00 3.2400438065265684e-05
6.2978147310855679e+00 3.2346344739146360e-05
6.2994311020517850e+00 3.2292341723161969e-05
6.3010474730180022e+00 3.2238428866537402e-05
6.3026638439842193e+00 3.2184606018749433e-05
6.3042802149504373e+00 3.2130873029526071e-05
6.3058965859166545e+00 3.2077229748846322e-05
6.3075129568828716e+00 3.2023676026939453e-05
6.3091293278490888e+00 3.1970211714285027e-05
6.3107456988153068e+00 3.1916836661611971e-05
6.3123620697815239e+00 3.1863550719898642e-05
6.3139784407477411e+00 3.1810353740372093e-05
6.3155948117139582e+00 3.1757245574507792e-05
6.3172111826801762e+00 3.1704226074029038e-05
6.3188275536463934e+00 3.1651295090906963e-05
6.3204439246126105e+00 3.1598452477359561e-05
6.3220602955788285e+00 3.1545698085851648e-05
6.3236766665450457e+00 3.1493031769094433e-05
6.3252930375112628e+00 3.1440453380044957e-05
6.3269094084774800e+00 3.1387962771905666e-05
6.3285257794436980e+00 3.1335559798124262e-05
6.3301421504099151e+00 3.1283244312393014e-05
6.3317585213761323e+00 3.1231016168648444e-05
6.3333748923423494e+00 3.1178875221071044e-05
6.3349912633085674e+00 3.1126821324084562e-05
6.3366076342747846e+00 3.1074854332355993e-05
6.3382240052410017e+00 3.1022974100794840e-05
6.3398403762072197e+00 3.0971180484552880e-05
6.3414567471734369e+00 3.0919473339023684e-05
6.3430731181396540e+00 3.0867852519842360e-05
6.3446894891058712e+00 3.0816317882884862e-05
6.3463058600720892e+00 3.0764869284267872e-05
6.3479222310383063e+00 3.0713506580348303e-05
6.3495386020045235e+00 3.0662229627722868e-05
6.3511549729707406e+00 3.0611038283227590e-05
6.3527713439369586e+00 3.0559932403937672e-05
6.3543877149031758e+00 3.0508911847166835e-05
6.3560040858693929e+00 3.0457976470467039e-05
6.3576204568356101e+00 3.0407126131628066e-05
6.3592368278018281e+00 3.0356360688677129e-05
6.3608531987680452e+00 3.0305679999878419e-05
6.3624695697342624e+00 3.0255083923732893e-05
6.3640859407004804e+00 3.0204572318977509e-05
6.3657023116666975e+00 3.0154145044585378e-05
6.3673186826329147e+00 3.0103801959764776e-05
6.3689350535991318e+00 3.0053542923959203e-05
6.3705514245653498e+00 3.0003367796846660e-05
6.3721677955315670e+00 2.9953276438339687e-05
6.3737841664977841e+00 2.9903268708584410e-05
6.3754005374640013e+00 2.9853344467960680e-05
6.3770169084302193e+00 2.9803503577081238e-05
6.3786332793964364e+00 2.9753745896791724e-05
6.3802496503626536e+00 2.9704071288169990e-05
6.3818660213288716e+00 2.9654479612525846e-05
6.3834823922950887e+00 2.9604970731400624e-05
6.3850987632613059e+00 2.9555544506566928e-05
6.3867151342275230e+00 2.9506200800027971e-05
6.3883315051937410e+00 2.9456939474017434e-05
6.3899478761599582e+00 2.9407760390999059e-05
6.3915642471261753e+00 2.9358663413666147e-05
6.3931806180923925e+00 2.9309648404941176e-05
6.3947969890586105e+00 2.9260715227975615e-05
6.3964133600248276e+00 2.9211863746149300e-05
6.3980297309910448e+00 2.9163093823070209e-05
6.3996461019572619e+00 2.9114405322574003e-05
6.4012624729234799e+00 2.9065798108723682e-05
6.4028788438896971e+00 2.9017272045809169e-05
6.4044952148559142e+00 2.8968826998347073e-05
6.4061115858221322e+00 2.8920462831080005e-05
6.4077279567883494e+00 2.8872179408976557e-05
6.4093443277545665e+00 2.8823976597230691e-05
6.4109606987207837e+00 2.8775854261261452e-05
6.4125770696870017e+00 2.8727812266712460e-05
6.4141934406532188e+00 2.8679850479451893e-05
6.4158098116194360e+00 2.8631968765571616e-05
6.4174261825856531e+00 2.8584166991387179e-05
6.4190425535518711e+00 2.8536445023437273e-05
6.4206589245180883e+00 2.8488802728483493e-05
6.4222752954843054e+00 2.8441239973509777e-05
6.4238916664505235e+00 2.8393756625722160e-05
6.4255080374167406e+00 2.8346352552548474e-05
6.4271244083829577e+00 2.8299027621637702e-05
6.4287407793491749e+00 2.8251781700859995e-05
6.4303571503153929e+00 2.8204614658305901e-05
6.4319735212816100e+00 2.8157526362286363e-05
6.4335898922478272e+00 2.8110516681332085e-05
6.4352062632140443e+00 2.8063585484193319e-05
6.4368226341802623e+00 2.8016732639839300e-05
6.4384390051464795e+00 2.7969958017458281e-05
6.4400553761126966e+00 2.7923261486456670e-05
6.4416717470789147e+00 2.7876642916458985e-05
6.4432881180451318e+00 2.7830102177307471e-05
6.4449044890113489e+00 2.7783639139061627e-05
6.4465208599775661e+00 2.7737253671997798e-05
6.4481372309437841e+00 2.7690945646609068e-05
6.4497536019100012e+00 2.7644714933604649e-05
6.4513699728762184e+00 2.7598561403909609e-05
6.4529863438424355e+00 2.7552484928664522e-05
6.4546027148086536e+00 2.7506485379225091e-05
6.4562190857748707e+00 2.7460562627161777e-05
6.4578354567410878e+00 2.7414716544259547e-05
6.4594518277073050e+00 2.7368947002517284e-05
6.4610681986735230e+00 2.7323253874147642e-05
6.4626845696397401e+00 2.7277637031576672e-05
6.4643009406059573e+00 2.7232096347443359e-05
6.4659173115721753e+00 2.7186631694599227e-05
6.4675336825383924e+00 2.7141242946108326e-05
6.4691500535046096e+00 2.7095929975246365e-05
6.4707664244708267e+00 2.7050692655500773e-05
6.4723827954370448e+00 2.7005530860570122e-05
6.4739991664032619e+00 2.6960444464363933e-05
6.4756155373694790e+00 2.6915433341002159e-05
6.4772319083356962e+00 2.6870497364814971e-05
6.4788482793019142e+00 2.6825636410342209e-05
6.4804646502681313e+00 2.6780850352333434e-05
6.4820810212343485e+00 2.6736139065747066e-05
6.4836973922005665e+00 2.6691502425750383e-05
6.4853137631667837e+00 2.6646940307719108e-05
6.4869301341330008e+00 2.6602452587237006e-05
6.4885465050992179e+00 2.6558039140095467e-05
6.4901628760654360e+00 2.6513699842293395e-05
6.4917792470316531e+00 2.6469434570036627e-05
6.4933956179978702e+00 2.6425243199737704e-05
6.4950119889640874e+00 2.6381125608015492e-05
6.4966283599303054e+00 2.6337081671694844e-05
6.4982447308965225e+00 2.6293111267806242e-05
6.4998611018627397e+00 2.6249214273585551e-05
6.5014774728289568e+00 2.6205390566473464e-05
6.5030938437951749e+00 2.6161640024115356e-05
6.5047102147613920e+00 2.6117962524360919e-05
6.5063265857276091e+00 2.6074357945263739e-05
6.5079429566938272e+00 2.6030826165080890e-05
6.5095593276600443e+00 2.5987367062272945e-05
6.5111756986262614e+00 2.5943980515503147e-05
6.5127920695924786e+00 2.5900666403637415e-05
6.5144084405586966e+00 2.5857424605743940e-05
6.5160248115249138e+00 2.5814255001092755e-05
6.5176411824911309e+00 2.5771157469155467e-05
6.5192575534573480e+00 2.5728131889604908e-05
6.5208739244235661e+00 2.5685178142314812e-05
6.5224902953897832e+00 2.5642296107359433e-05
6.5241066663560003e+00 2.5599485665013336e-05
6.5257230373222184e+00 2.5556746695750811e-05
6.5273394082884355e+00 2.5514079080245861e-05
6.5289557792546526e+00 2.5471482699371617e-05
6.5305721502208698e+00 2.5428957434200133e-05
6.5321885211870878e+00 2.5386503166001920e-05
6.5338048921533050e+00 2.5344119776245911e-05
6.5354212631195221e+00 2.5301807146598724e-05
6.5370376340857392e+00 2.5259565158924647e-05
6.5386540050519573e+00 2.5217393695285146e-05
6.5402703760181744e+00 2.5175292637938684e-05
6.5418867469843915e+00 2.5133261869340141e-05
6.5435031179506087e+00 2.5091301272140811e-05
6.5451194889168267e+00 2.5049410729187742e-05
6.5467358598830439e+00 2.5007590123523713e-05
6.5483522308492610e+00 2.4965839338386678e-05
6.5499686018154790e+00 2.4924158257209563e-05
6.5515849727816962e+00 2.4882546763619867e-05
6.5532013437479133e+00 2.4841004741439478e-05
6.5548177147141304e+00 2.4799532074684101e-05
6.5564340856803485e+00 2.4758128647563166e-05
6.5580504566465656e+00 2.4716794344479433e-05
6.5596668276127827e+00 2.4675529050028636e-05
6.5612831985789999e+00 2.4634332648999100e-05
6.5628995695452179e+00 2.4593205026371640e-05
6.5645159405114351e+00 2.4552146067318998e-05
6.5661323114776522e+00 2.4511155657205651e-05
6.5677486824438702e+00 2.4470233681587445e-05
6.5693650534100874e+00 2.4429380026211379e-05
6.5709814243763045e+00 2.4388594577015038e-05
6.5725977953425216e+00 2.4347877220126629e-05
6.5742141663087397e+00 2.4307227841864258e-05
6.5758305372749568e+00 2.4266646328736070e-05
6.5774469082411740e+00 2.4226132567439483e-05
6.5790632792073911e+00 2.4185686444861182e-05
6.5806796501736091e+00 2.4145307848076590e-05
6.5822960211398263e+00 2.4104996664349865e-05
6.5839123921060434e+00 2.4064752781133163e-05
6.5855287630722605e+00 2.4024576086066660e-05
6.5871451340384786e+00 2.3984466466978067e-05
6.5887615050046957e+00 2.3944423811882435e-05
6.5903778759709128e+00 2.3904448008981716e-05
6.5919942469371309e+00 2.3864538946664529e-05
6.5936106179033480e+00 2.3824696513505815e-05
6.5952269888695652e+00 2.3784920598266612e-05
6.5968433598357823e+00 2.3745211089893575e-05
6.5984597308020003e+00 2.3705567877518800e-05
6.6000761017682175e+00 2.3665990850459537e-05
6.6016924727344346e+00 2.3626479898217757e-05
6.6033088437006517e+00 2.3587034910479936e-05
6.6049252146668698e+00 2.3547655777116688e-05
6.6065415856330869e+00 2.3508342388182584e-05
6.6081579565993041e+00 2.3469094633915611e-05
6.6097743275655221e+00 2.3429912404737130e-05
6.6113906985317392e+00 2.3390795591251396e-05
6.6130070694979564e+00 2.3351744084245290e-05
6.6146234404641735e+00 2.3312757774688047e-05
6.6162398114303915e+00 2.3273836553730929e-05
6.6178561823966087e+00 2.3234980312706901e-05
6.6194725533628258e+00 2.3196188943130431e-05
6.6210889243290429e+00 2.3157462336696981e-05
6.6227052952952610e+00 2.3118800385282904e-05
6.6243216662614781e+00 2.3080202980945094e-05
6.6259380372276953e+00 2.3041670015920622e-05
6.6275544081939133e+00 2.3003201382626395e-05
6.6291707791601304e+00 2.2964796973659135e-05
6.6307871501263476e+00 2.2926456681794669e-05
6.6324035210925647e+00 2.2888180399987946e-05
6.6340198920587827e+00 2.2849968021372575e-05
6.6356362630249999e+00 2.2811819439260678e-05
6.6372526339912170e+00 2.2773734547142347e-05
6.6388690049574342e+00 2.2735713238685650e-05
6.6404853759236522e+00 2.2697755407736031e-05
6.6421017468898693e+00 2.2659860948316296e-05
6.6437181178560865e+00 2.2622029754626095e-05
6.6453344888223036e+00 2.2584261721041760e-05
6.6469508597885216e+00 2.2546556742115874e-05
6.6485672307547388e+00 2.2508914712577247e-05
6.6501836017209559e+00 2.2471335527330260e-05
6.6517999726871739e+00 2.2433819081454826e-05
6.6534163436533911e+00 2.2396365270206064e-05
6.6550327146196082e+00 2.2358973989013924e-05
6.6566490855858254e+00 2.2321645133482888e-05
6.6582654565520434e+00 2.2284378599391846e-05
6.6598818275182605e+00 2.2247174282693599e-05
6.6614981984844777e+00 2.2210032079514689e-05
6.6631145694506948e+00 2.2172951886155067e-05
6.6647309404169128e+00 2.2135933599087823e-05
6.6663473113831300e+00 2.2098977114958858e-05
6.6679636823493471e+00 2.2062082330586714e-05
6.6695800533155651e+00 2.2025249142962056e-05
6.6711964242817823e+00 2.1988477449247656e-05
6.6728127952479994e+00 2.1951767146777906e-05
6.6744291662142166e+00 2.1915118133058643e-05
6.6760455371804346e+00 2.1878530305766706e-05
6.6776619081466517e+00 2.1842003562749974e-05
6.6792782791128689e+00 2.1805537802026679e-05
6.6808946500790860e+00 2.1769132921785403e-05
6.6825110210453040e+00 2.1732788820384661e-05
6.6841273920115212e+00 2.1696505396352756e-05
6.6857437629777383e+00 2.1660282548387251e-05
6.6873601339439555e+00 2.1624120175354993e-05
6.6889765049101735e+00 2.1588018176291504e-05
6.6905928758763906e+00 2.1551976450401073e-05
6.6922092468426078e+00 2.1515994897056090e-05
6.6938256178088258e+00 2.1480073415797009e-05
6.6954419887750429e+00 2.1444211906332044e-05
6.6970583597412601e+00 2.1408410268536801e-05
6.6986747307074772e+00 2.1372668402454060e-05
6.7002911016736952e+00 2.1336986208293453e-05
6.7019074726399124e+00 2.1301363586431309e-05
6.7035238436061295e+00 2.1265800437410130e-05
6.7051402145723467e+00 2.1230296661938631e-05
6.7067565855385647e+00 2.1194852160891138e-05
6.7083729565047818e+00 2.1159466835307599e-05
6.7099893274709990e+00 2.1124140586393109e-05
6.7116056984372170e+00 2.1088873315517727e-05
6.7132220694034341e+00 2.1053664924216137e-05
6.7148384403696513e+00 2.1018515314187512e-05
6.7164548113358684e+00 2.0983424387295012e-05
6.7180711823020864e+00 2.0948392045565709e-05
6.7196875532683036e+00 2.0913418191190276e-05
6.7213039242345207e+00 2.0878502726522628e-05
6.7229202952007379e+00 2.0843645554079675e-05
6.7245366661669559e+00 2.0808846576541160e-05
6.7261530371331730e+00 2.0774105696749250e-05
6.7277694080993902e+00 2.0739422817708335e-05
6.7293857790656073e+00 2.0704797842584734e-05
6.7310021500318253e+00 2.0670230674706435e-05
6.7326185209980425e+00 2.0635721217562812e-05
6.7342348919642596e+00 2.0601269374804433e-05
6.7358512629304776e+00 2.0566875050242585e-05
6.7374676338966948e+00 2.0532538147849294e-05
6.7390840048629119e+00 2.0498258571756819e-05
6.7407003758291291e+00 2.0464036226257511e-05
6.7423167467953471e+00 2.0429871015803419e-05
6.7439331177615642e+00 2.0395762845006294e-05
6.7455494887277814e+00 2.0361711618636952e-05
6.7471658596939985e+00 2.0327717241625301e-05
6.7487822306602165e+00 2.0293779619059919e-05
6.7503986016264337e+00 2.0259898656187924e-05
6.7520149725926508e+00 2.0226074258414490e-05
6.7536313435588688e+00 2.0192306331302859e-05
6.7552477145250860e+00 2.0158594780573852e-05
6.7568640854913031e+00 2.0124939512105716e-05
6.7584804564575203e+00 2.0091340431933841e-05
6.7600968274237383e+00 2.0057797446250484e-05
6.7617131983899554e+00 2.0024310461404499e-05
6.7633295693561726e+00 1.9990879383901174e-05
6.7649459403223897e+00 1.9957504120401774e-05
6.7665623112886077e+00 1.9924184577723451e-05
6.7681786822548249e+00 1.9890920662838963e-05
6.7697950532210420e+00 1.9857712282876337e-05
6.7714114241872592e+00 1.9824559345118615e-05
6.7730277951534772e+00 1.9791461757003725e-05
6.7746441661196943e+00 1.9758419426124060e-05
6.7762605370859115e+00 1.9725432260226316e-05
6.7778769080521295e+00 1.9692500167211180e-05
6.7794932790183466e+00 1.9659623055133182e-05
6.7811096499845638e+00 1.9626800832200221e-05
6.7827260209507809e+00 1.9594033406773600e-05
6.7843423919169989e+00 1.9561320687367460e-05
6.7859587628832161e+00 1.9528662582648822e-05
6.7875751338494332e+00 1.9496059001437099e-05
6.7891915048156504e+00 1.9463509852703964e-05
6.7908078757818684e+00 1.9431015045573034e-05
6.7924242467480855e+00 1.9398574489319712e-05
6.7940406177143027e+00 1.9366188093370825e-05
6.7956569886805207e+00 1.9333855767304350e-05
6.7972733596467378e+00 1.9301577420849393e-05
6.7988897306129550e+00 1.9269352963885582e-05
6.8005061015791721e+00 1.9237182306443161e-05
6.8021224725453902e+00 1.9205065358702432e-05
6.8037388435116073e+00 1.9173002030993792e-05
6.8053552144778244e+00 1.9140992233797265e-05
6.8069715854440416e+00 1.9109035877742359e-05
6.8085879564102596e+00 1.9077132873607716e-05
6.8102043273764767e+00 1.9045283132321091e-05
6.8118206983426939e+00 1.9013486564958784e-05
6.8134370693089119e+00 1.8981743082745631e-05
6.8150534402751290e+00 1.8950052597054706e-05
6.8166698112413462e+00 1.8918415019407012e-05
6.8182861822075633e+00 1.8886830261471223e-05
6.8199025531737814e+00 1.8855298235063589e-05
6.8215189241399985e+00 1.8823818852147505e-05
6.8231352951062156e+00 1.8792392024833378e-05
6.8247516660724328e+00 1.8761017665378338e-05
6.8263680370386508e+00 1.8729695686186013e-05
6.8279844080048679e+00 1.8698425999806244e-05
6.8296007789710851e+00 1.8667208518934950e-05
6.8312171499373022e+00 1.8636043156413707e-05
6.8328335209035203e+00 1.8604929825229657e-05
6.8344498918697374e+00 1.8573868438515226e-05
6.8360662628359545e+00 1.8542858909547851e-05
6.8376826338021726e+00 1.8511901151749694e-05
6.8392990047683897e+00 1.8480995078687607e-05
6.8409153757346068e+00 1.8450140604072599e-05
6.8425317467008240e+00 1.8419337641759804e-05
6.8441481176670420e+00 1.8388586105748161e-05
6.8457644886332591e+00 1.8357885910180241e-05
6.8473808595994763e+00 1.8327236969341853e-05
6.8489972305656934e+00 1.8296639197662037e-05
6.8506136015319115e+00 1.8266092509712555e-05
6.8522299724981286e+00 1.8235596820207920e-05
6.8538463434643457e+00 1.8205152044004959e-05
6.8554627144305638e+00 1.8174758096102667e-05
6.8570790853967809e+00 1.8144414891641931e-05
6.8586954563629980e+00 1.8114122345905379e-05
6.8603118273292152e+00 1.8083880374316985e-05
6.8619281982954332e+00 1.8053688892441964e-05
6.8635445692616504e+00 1.8023547815986537e-05
6.8651609402278675e+00 1.7993457060797611e-05
6.8667773111940846e+00 1.7963416542862557e-05
6.8683936821603027e+00 1.7933426178309093e-05
6.8700100531265198e+00 1.7903485883404902e-05
6.8716264240927369e+00 1.7873595574557479e-05
6.8732427950589541e+00 1.7843755168313870e-05
6.8748591660251721e+00 1.7813964581360461e-05
6.8764755369913892e+00 1.7784223730522703e-05
6.8780919079576064e+00 1.7754532532764965e-05
6.8797082789238244e+00 1.7724890905190195e-05
6.8813246498900416e+00 1.7695298765039746e-05
6.8829410208562587e+00 1.7665756029693193e-05
6.8845573918224758e+00 1.7636262616667953e-05
6.8861737627886939e+00 1.7606818443619206e-05
6.8877901337549110e+00 1.7577423428339630e-05
6.8894065047211281e+00 1.7548077488759128e-05
6.8910228756873453e+00 1.7518780542944573e-05
6.8926392466535633e+00 1.7489532509099707e-05
6.8942556176197805e+00 1.7460333305564788e-05
6.8958719885859976e+00 1.7431182850816417e-05
6.8974883595522156e+00 1.7402081063467280e-05
6.8991047305184328e+00 1.7373027862265993e-05
6.9007211014846499e+00 1.7344023166096773e-05
6.9023374724508670e+00 1.7315066893979301e-05
6.9039538434170851e+00 1.7286158965068363e-05
6.9055702143833022e+00 1.7257299298653889e-05
6.9071865853495193e+00 1.7228487814160395e-05
6.9088029563157365e+00 1.7199724431146997e-05
6.9104193272819545e+00 1.7171009069307075e-05
6.9120356982481717e+00 1.7142341648468156e-05
6.9136520692143888e+00 1.7113722088591493e-05
6.9152684401806059e+00 1.7085150309772102e-05
6.9168848111468240e+00 1.7056626232238274e-05
6.9185011821130411e+00 1.7028149776351586e-05
6.9201175530792582e+00 1.6999720862606519e-05
6.9217339240454763e+00 1.6971339411630299e-05
6.9233502950116934e+00 1.6943005344182653e-05
6.9249666659779106e+00 1.6914718581155663e-05
6.9265830369441277e+00 1.6886479043573395e-05
6.9281994079103457e+00 1.6858286652591810e-05
6.9298157788765629e+00 1.6830141329498529e-05
6.9314321498427800e+00 1.6802042995712564e-05
6.9330485208089971e+00 1.6773991572784063e-05
6.9346648917752152e+00 1.6745986982394247e-05
6.9362812627414323e+00 1.6718029146355026e-05
6.9378976337076494e+00 1.6690117986608867e-05
6.9395140046738675e+00 1.6662253425228540e-05
6.9411303756400846e+00 1.6634435384416972e-05
6.9427467466063018e+00 1.6606663786506873e-05
6.9443631175725189e+00 1.6578938553960746e-05
6.9459794885387369e+00 1.6551259609370406e-05
6.9475958595049541e+00 1.6523626875457032e-05
6.9492122304711712e+00 1.6496040275070747e-05
6.9508286014373883e+00 1.6468499731190503e-05
6.9524449724036064e+00 1.6441005166923788e-05
6.9540613433698235e+00 1.6413556505506587e-05
6.9556777143360407e+00 1.6386153670302915e-05
6.9572940853022578e+00 1.6358796584804790e-05
6.9589104562684758e+00 1.6331485172631952e-05
6.9605268272346930e+00 1.6304219357531700e-05
6.9621431982009101e+00 1.6276999063378553e-05
6.9637595691671281e+00 1.6249824214174209e-05
6.9653759401333453e+00 1.6222694734047199e-05
6.9669923110995624e+00 1.6195610547252732e-05
6.9686086820657795e+00 1.6168571578172489e-05
6.9702250530319976e+00 1.6141577751314364e-05
6.9718414239982147e+00 1.6114628991312338e-05
6.9734577949644319e+00 1.6087725222926180e-05
6.9750741659306490e+00 1.6060866371041293e-05
6.9766905368968670e+00 1.6034052360668423e-05
6.9783069078630842e+00 1.6007283116943651e-05
6.9799232788293013e+00 1.5980558565127896e-05
6.9815396497955193e+00 1.5953878630606932e-05
6.9831560207617365e+00 1.5927243238891111e-05
6.9847723917279536e+00 1.5900652315615125e-05
6.9863887626941708e+00 1.5874105786537788e-05
6.9880051336603888e+00 1.5847603577541936e-05
6.9896215046266059e+00 1.5821145614634089e-05
6.9912378755928231e+00 1.5794731823944321e-05
6.9928542465590402e+00 1.5768362131726026e-05
6.9944706175252582e+00 1.5742036464355728e-05
6.9960869884914754e+00 1.5715754748332850e-05
6.9977033594576925e+00 1.5689516910279579e-05
6.9993197304239096e+00 1.5663322876940525e-05
7.0009361013901277e+00 1.5637172575182649e-05
7.0025524723563448e+00 1.5611065931995025e-05
7.0041688433225620e+00 1.5585002874488605e-05
7.0057852142887800e+00 1.5558983329895963e-05
7.0074015852549971e+00 1.5533007225571309e-05
7.0090179562212143e+00 1.5507074488989981e-05
7.0106343271874314e+00 1.5481185047748524e-05
7.0122506981536494e+00 1.5455338829564246e-05
7.0138670691198666e+00 1.5429535762275240e-05
7.0154834400860837e+00 1.5403775773840012e-05
7.0170998110523009e+00 1.5378058792337370e-05
7.0187161820185189e+00 1.5352384745966133e-05
7.0203325529847360e+00 1.5326753563045130e-05
7.0219489239509532e+00 1.5301165172012719e-05
7.0235652949171712e+00 1.5275619501426796e-05
7.0251816658833883e+00 1.5250116479964557e-05
7.0267980368496055e+00 1.5224656036422239e-05
7.0284144078158226e+00 1.5199238099714922e-05
7.0300307787820406e+00 1.5173862598876443e-05
7.0316471497482578e+00 1.5148529463059065e-05
7.0332635207144749e+00 1.5123238621533346e-05
7.0348798916806921e+00 1.5097990003687928e-05
7.0364962626469101e+00 1.5072783539029339e-05
7.0381126336131272e+00 1.5047619157181792e-05
7.0397290045793444e+00 1.5022496787887033e-05
7.0413453755455624e+00 1.4997416361004029e-05
7.0429617465117795e+00 1.4972377806508932e-05
7.0445781174779967e+00 1.4947381054494751e-05
7.0461944884442138e+00 1.4922426035171228e-05
7.0478108594104318e+00 1.4897512678864565e-05
7.0494272303766490e+00 1.4872640916017408e-05
7.0510436013428661e+00 1.4847810677188406e-05
7.0526599723090833e+00 1.4823021893052192e-05
7.0542763432753013e+00 1.4798274494399163e-05
7.0558927142415184e+00 1.4773568412135244e-05
7.0575090852077356e+00 1.4748903577281653e-05
7.0591254561739527e+00 1.4724279920974910e-05
7.0607418271401707e+00 1.4699697374466365e-05
7.0623581981063879e+00 1.4675155869122201e-05
7.0639745690726050e+00 1.4650655336423218e-05
7.0655909400388230e+00 1.4626195707964563e-05
7.0672073110050402e+00 1.4601776915455592e-05
7.0688236819712573e+00 1.4577398890719708e-05
7.0704400529374745e+00 1.4553061565694118e-05
7.0720564239036925e+00 1.4528764872429604e-05
7.0736727948699096e+00 1.4504508743090521e-05
7.0752891658361268e+00 1.4480293109954350e-05
7.0769055368023439e+00 1.4456117905411710e-05
7.0785219077685619e+00 1.4431983061966025e-05
7.0801382787347791e+00 1.4407888512233529e-05
7.0817546497009962e+00 1.4383834188942827e-05
7.0833710206672142e+00 1.4359820024934891e-05
7.0849873916334314e+00 1.4335845953162835e-05
7.0866037625996485e+00 1.4311911906691688e-05
7.0882201335658657e+00 1.4288017818698205e-05
7.0898365045320837e+00 1.4264163622470727e-05
7.0914528754983008e+00 1.4240349251408998e-05
7.0930692464645180e+00 1.4216574639023923e-05
7.0946856174307351e+00 1.4192839718937395e-05
7.0963019883969531e+00 1.4169144424882146e-05
7.0979183593631703e+00 1.4145488690701573e-05
7.0995347303293874e+00 1.4121872450349491e-05
7.1011511012956046e+00 1.4098295637889935e-05
7.1027674722618226e+00 1.4074758187497146e-05
7.1043838432280397e+00 1.4051260033455143e-05
7.1060002141942569e+00 1.4027801110157696e-05
7.1076165851604749e+00 1.4004381352108149e-05
7.1092329561266920e+00 1.3981000693919127e-05
7.1108493270929092e+00 1.3957659070312481e-05
7.1124656980591263e+00 1.3934356416119021e-05
7.1140820690253443e+00 1.3911092666278306e-05
7.1156984399915615e+00 1.3887867755838635e-05
7.1173148109577786e+00 1.3864681619956627e-05
7.1189311819239958e+00 1.3841534193897233e-05
7.1205475528902138e+00 1.3818425413033407e-05
7.1221639238564309e+00 1.3795355212846119e-05
7.1237802948226481e+00 1.3772323528923932e-05
7.1253966657888661e+00 1.3749330296963000e-05
7.1270130367550832e+00 1.3726375452766852e-05
7.1286294077213004e+00 1.3703458932246175e-05
7.1302457786875175e+00 1.3680580671418629e-05
7.1318621496537355e+00 1.3657740606408714e-05
7.1334785206199527e+00 1.3634938673447605e-05
7.1350948915861698e+00 1.3612174808872907e-05
7.1367112625523870e+00 1.3589448949128493e-05
7.1383276335186050e+00 1.3566761030764367e-05
7.1399440044848221e+00 1.3544110990436488e-05
7.1415603754510393e+00 1.3521498764906542e-05
7.1431767464172564e+00 1.3498924291041752e-05
7.1447931173834744e+00 1.3476387505814857e-05
7.1464094883496916e+00 1.3453888346303705e-05
7.1480258593159087e+00 1.3431426749691239e-05
7.1496422302821268e+00 1.3409002653265304e-05
7.1512586012483439e+00 1.3386615994418406e-05
7.1528749722145610e+00 1.3364266710647577e-05
7.1544913431807782e+00 1.3341954739554234e-05
7.1561077141469962e+00 1.3319680018843945e-05
7.1577240851132133e+00 1.3297442486326236e-05
7.1593404560794305e+00 1.3275242079914580e-05
7.1609568270456476e+00 1.3253078737625982e-05
7.1625731980118656e+00 1.3230952397580980e-05
7.1641895689780828e+00 1.3208862998003447e-05
7.1658059399442999e+00 1.3186810477220363e-05
7.1674223109105180e+00 1.3164794773661630e-05
7.1690386818767351e+00 1.3142815825860059e-05
7.1706550528429522e+00 1.3120873572450966e-05
7.1722714238091694e+00 1.3098967952172187e-05
7.1738877947753874e+00 1.3077098903863762e-05
7.1755041657416045e+00 1.3055266366467963e-05
7.1771205367078217e+00 1.3033470279028878e-05
7.1787369076740388e+00 1.3011710580692433e-05
7.1803532786402569e+00 1.2989987210706082e-05
7.1819696496064740e+00 1.2968300108418820e-05
7.1835860205726911e+00 1.2946649213280795e-05
7.1852023915389083e+00 1.2925034464843301e-05
7.1868187625051263e+00 1.2903455802758489e-05
7.1884351334713434e+00 1.2881913166779378e-05
7.1900515044375606e+00 1.2860406496759454e-05
7.1916678754037786e+00 1.2838935732652666e-05
7.1932842463699957e+00 1.2817500814513237e-05
7.1949006173362129e+00 1.2796101682495442e-05
7.1965169883024300e+00 1.2774738276853429e-05
7.1981333592686481e+00 1.2753410537941202e-05
7.1997497302348652e+00 1.2732118406212242e-05
7.2013661012010823e+00 1.2710861822219475e-05
7.2029824721672995e+00 1.2689640726615114e-05
7.2045988431335175e+00 1.2668455060150419e-05
7.2062152140997346e+00 1.2647304763675528e-05
7.2078315850659518e+00 1.2626189778139446e-05
7.2094479560321698e+00 1.2605110044589645e-05
7.2110643269983870e+00 1.2584065504172072e-05
7.2126806979646041e+00 1.2563056098130950e-05
7.2142970689308212e+00 1.2542081767808580e-05
7.2159134398970393e+00 1.2521142454645139e-05
7.2175298108632564e+00 1.2500238100178690e-05
7.2191461818294735e+00 1.2479368646044785e-05
7.2207625527956907e+00 1.2458534033976490e-05
7.2223789237619087e+00 1.2437734205804074e-05
7.2239952947281258e+00 1.2416969103455034e-05
7.2256116656943430e+00 1.2396238668953717e-05
7.2272280366605601e+00 1.2375542844421318e-05
7.2288444076267782e+00 1.2354881572075604e-05
7.2304607785929953e+00 1.2334254794230915e-05
7.2320771495592124e+00 1.2313662453297805e-05
7.2336935205254305e+00 1.2293104491782972e-05
7.2353098914916476e+00 1.2272580852289187e-05
7.2369262624578647e+00 1.2252091477514973e-05
7.2385426334240819e+00 1.2231636310254542e-05
7.2401590043902999e+00 1.2211215293397609e-05
7.2417753753565171e+00 1.2190828369929234e-05
7.2433917463227342e+00 1.2170475482929655e-05
7.2450081172889513e+00 1.2150156575574189e-05
7.2466244882551694e+00 1.2129871591132991e-05
7.2482408592213865e+00 1.2109620472970855e-05
7.2498572301876036e+00 1.2089403164547264e-05
7.2514736011538217e+00 1.2069219609416009e-05
7.2530899721200388e+00 1.2049069751225138e-05
7.2547063430862559e+00 1.2028953533716787e-05
7.2563227140524731e+00 1.2008870900727009e-05
7.2579390850186911e+00 1.1988821796185602e-05
7.2595554559849083e+00 1.1968806164116067e-05
7.2611718269511254e+00 1.1948823948635225e-05
7.2627881979173425e+00 1.1928875093953284e-05
7.2644045688835606e+00 1.1908959544373552e-05
7.2660209398497777e+00 1.1889077244292405e-05
7.2676373108159948e+00 1.1869228138198927e-05
7.2692536817822129e+00 1.1849412170674940e-05
7.2708700527484300e+00 1.1829629286394835e-05
7.2724864237146472e+00 1.1809879430125321e-05
7.2741027946808643e+00 1.1790162546725283e-05
7.2757191656470823e+00 1.1770478581145710e-05
7.2773355366132995e+00 1.1750827478429531e-05
7.2789519075795166e+00 1.1731209183711390e-05
7.2805682785457337e+00 1.1711623642217492e-05
7.2821846495119518e+00 1.1692070799265519e-05
7.2838010204781689e+00 1.1672550600264500e-05
7.2854173914443860e+00 1.1653062990714556e-05
7.2870337624106032e+00 1.1633607916206737e-05
7.2886501333768212e+00 1.1614185322423054e-05
7.2902665043430384e+00 1.1594795155136121e-05
7.2918828753092555e+00 1.1575437360209106e-05
7.2934992462754735e+00 1.1556111883595563e-05
7.2951156172416907e+00 1.1536818671339270e-05
7.2967319882079078e+00 1.1517557669574072e-05
7.2983483591741249e+00 1.1498328824523829e-05
7.2999647301403430e+00 1.1479132082502050e-05
7.3015811011065601e+00 1.1459967389911944e-05
7.3031974720727773e+00 1.1440834693246242e-05
7.3048138430389944e+00 1.1421733939086958e-05
7.3064302140052124e+00 1.1402665074105238e-05
7.3080465849714296e+00 1.1383628045061377e-05
7.3096629559376467e+00 1.1364622798804473e-05
7.3112793269038647e+00 1.1345649282272387e-05
7.3128956978700819e+00 1.1326707442491564e-05
7.3145120688362990e+00 1.1307797226576891e-05
7.3161284398025161e+00 1.1288918581731544e-05
7.3177448107687342e+00 1.1270071455246856e-05
7.3193611817349513e+00 1.1251255794502145e-05
7.3209775527011685e+00 1.1232471546964587e-05
7.3225939236673856e+00 1.1213718660189061e-05
7.3242102946336036e+00 1.1194997081818010e-05
7.3258266655998208e+00 1.1176306759581281e-05
7.3274430365660379e+00 1.1157647641295991e-05
7.3290594075322550e+00 1.1139019674866380e-05
7.3306757784984731e+00 1.1120422808283661e-05
7.3322921494646902e+00 1.1101856989625874e-05
7.3339085204309074e+00 1.1083322167057728e-05
7.3355248913971254e+00 1.1064818288830529e-05
7.3371412623633425e+00 1.1046345303281925e-05
7.3387576333295597e+00 1.1027903158835831e-05
7.3403740042957768e+00 1.1009491804002265e-05
7.3419903752619948e+00 1.0991111187377217e-05
7.3436067462282120e+00 1.0972761257642472e-05
7.3452231171944291e+00 1.0954441963565579e-05
7.3468394881606462e+00 1.0936153253999489e-05
7.3484558591268643e+00 1.0917895077882615e-05
7.3500722300930814e+00 1.0899667384238653e-05
7.3516886010592986e+00 1.0881470122176368e-05
7.3533049720255166e+00 1.0863303240889428e-05
7.3549213429917337e+00 1.0845166689656441e-05
7.3565377139579509e+00 1.0827060417840622e-05
7.3581540849241680e+00 1.0808984374889754e-05
7.3597704558903860e+00 1.0790938510335956e-05
7.3613868268566032e+00 1.0772922773795704e-05
7.3630031978228203e+00 1.0754937114969526e-05
7.3646195687890375e+00 1.0736981483641959e-05
7.3662359397552555e+00 1.0719055829681298e-05
7.3678523107214726e+00 1.0701160103039653e-05
7.3694686816876898e+00 1.0683294253752613e-05
7.3710850526539069e+00 1.0665458231939213e-05
7.3727014236201249e+00 1.0647651987801708e-05
7.3743177945863421e+00 1.0629875471625586e-05
7.3759341655525592e+00 1.0612128633779273e-05
7.3775505365187772e+00 1.0594411424714066e-05
7.3791669074849944e+00 1.0576723794963990e-05
7.3807832784512115e+00 1.0559065695145650e-05
7.3823996494174287e+00 1.0541437075958084e-05
7.3840160203836467e+00 1.0523837888182714e-05
7.3856323913498638e+00 1.0506268082683015e-05
7.3872487623160810e+00 1.0488727610404562e-05
7.3888651332822981e+00 1.0471216422374854e-05
7.3904815042485161e+00 1.0453734469703125e-05
7.3920978752147333e+00 1.0436281703580166e-05
7.3937142461809504e+00 1.0418858075278381e-05
7.3953306171471684e+00 1.0401463536151436e-05
7.3969469881133856e+00 1.0384098037634247e-05
7.3985633590796027e+00 1.0366761531242799e-05
7.4001797300458199e+00 1.0349453968574030e-05
7.4017961010120379e+00 1.0332175301305666e-05
7.4034124719782550e+00 1.0314925481196182e-05
7.4050288429444722e+00 1.0297704460084481e-05
7.4066452139106893e+00 1.0280512189889954e-05
7.4082615848769073e+00 1.0263348622612213e-05
7.4098779558431245e+00 1.0246213710331097e-05
7.4114943268093416e+00 1.0229107405206328e-05
7.4131106977755588e+00 1.0212029659477577e-05
7.4147270687417768e+00 1.0194980425464209e-05
7.4163434397079939e+00 1.0177959655565276e-05
7.4179598106742111e+00 1.0160967302259180e-05
7.4195761816404291e+00 1.0144003318103730e-05
7.4211925526066462e+00 1.0127067655735963e-05
7.4228089235728634e+00 1.0110160267871943e-05
7.4244252945390805e+00 1.0093281107306713e-05
7.4260416655052985e+00 1.0076430126914048e-05
7.4276580364715157e+00 1.0059607279646515e-05
7.4292744074377328e+00 1.0042812518535152e-05
7.4308907784039500e+00 1.0026045796689434e-05
7.4325071493701680e+00 1.0009307067297117e-05
7.4341235203363851e+00 9.9925962836240973e-06
7.4357398913026023e+00 9.9759133990143458e-06
7.4373562622688203e+00 9.9592583668896917e-06
7.4389726332350374e+00 9.9426311407496760e-06
7.4405890042012546e+00 9.9260316741715791e-06
7.4422053751674717e+00 9.9094599208101100e-06
7.4438217461336897e+00 9.8929158343973764e-06
7.4454381170999069e+00 9.8763993687427304e-06
7.4470544880661240e+00 9.8599104777326344e-06
7.4486708590323412e+00 9.8434491153305479e-06
7.4502872299985592e+00 9.8270152355767782e-06
7.4519036009647763e+00 9.8106087925883790e-06
7.4535199719309935e+00 9.7942297405589876e-06
7.4551363428972115e+00 9.7778780337587148e-06
7.4567527138634286e+00 9.7615536265340822e-06
7.4583690848296458e+00 9.7452564733077208e-06
7.4599854557958629e+00 9.7289865285784369e-06
7.4616018267620809e+00 9.7127437469209546e-06
7.4632181977282981e+00 9.6965280829859144e-06
7.4648345686945152e+00 9.6803394914995577e-06
7.4664509396607324e+00 9.6641779272637879e-06
7.4680673106269504e+00 9.6480433451559301e-06
7.4696836815931675e+00 9.6319357001287070e-06
7.4713000525593847e+00 9.6158549472099548e-06
7.4729164235256018e+00 9.5998010415026393e-06
7.4745327944918198e+00 9.5837739381847148e-06
7.4761491654580370e+00 9.5677735925089347e-06
7.4777655364242541e+00 9.5517999598027070e-06
7.4793819073904722e+00 9.5358529954681275e-06
7.4809982783566893e+00 9.5199326549816733e-06
7.4826146493229064e+00 9.5040388938941842e-06
7.4842310202891236e+00 9.4881716678306969e-06
7.4858473912553416e+00 9.4723309324903396e-06
7.4874637622215587e+00 9.4565166436461815e-06
7.4890801331877759e+00 9.4407287571452019e-06
7.4906965041539930e+00 9.4249672289079877e-06
7.4923128751202110e+00 9.4092320149287749e-06
7.4939292460864282e+00 9.3935230712752936e-06
7.4955456170526453e+00 9.3778403540885910e-06
7.4971619880188634e+00 9.3621838195828914e-06
7.4987783589850805e+00 9.3465534240456128e-06
7.5003947299512976e+00 9.3309491238370908e-06
7.5020111009175148e+00 9.3153708753905518e-06
7.5036274718837328e+00 9.2998186352118872e-06
7.5052438428499499e+00 9.2842923598797082e-06
7.5068602138161671e+00 9.2687920060450487e-06
7.5084765847823842e+00 9.2533175304313505e-06
7.5100929557486023e+00 9.2378688898342413e-06
7.5117093267148194e+00 9.2224460411215700e-06
7.5133256976810365e+00 9.2070489412331429e-06
7.5149420686472537e+00 9.1916775471806641e-06
7.5165584396134717e+00 9.1763318160476083e-06
7.5181748105796888e+00 9.1610117049891042e-06
7.5197911815459060e+00 9.1457171712318093e-06
7.5214075525121240e+00 9.1304481720737754e-06
7.5230239234783411e+00 9.1152046648844087e-06
7.5246402944445583e+00 9.0999866071041947e-06
7.5262566654107754e+00 9.0847939562447226e-06
7.5278730363769935e+00 9.0696266698885456e-06
7.5294894073432106e+00 9.0544847056890039e-06
7.5311057783094277e+00 9.0393680213700866e-06
7.5327221492756449e+00 9.0242765747264613e-06
7.5343385202418629e+00 9.0092103236231786e-06
7.5359548912080800e+00 8.9941692259957150e-06
7.5375712621742972e+00 8.9791532398496764e-06
7.5391876331405152e+00 8.9641623232608280e-06
7.5408040041067324e+00 8.9491964343749614e-06
7.5424203750729495e+00 8.9342555314077124e-06
7.5440367460391666e+00 8.9193395726444450e-06
7.5456531170053847e+00 8.9044485164401997e-06
7.5472694879716018e+00 8.8895823212195756e-06
7.5488858589378189e+00 8.8747409454765506e-06
7.5505022299040361e+00 8.8599243477743626e-06
7.5521186008702541e+00 8.8451324867454692e-06
7.5537349718364712e+00 8.8303653210914186e-06
7.5553513428026884e+00 8.8156228095826739e-06
7.5569677137689055e+00 8.8009049110585059e-06
7.5585840847351236e+00 8.7862115844269321e-06
7.5602004557013407e+00 8.7715427886646070e-06
7.5618168266675578e+00 8.7568984828166255e-06
7.5634331976337759e+00 8.7422786259964767e-06
7.5650495685999930e+00 8.7276831773859088e-06
7.5666659395662101e+00 8.7131120962347987e-06
7.5682823105324273e+00 8.6985653418611263e-06
7.5698986814986453e+00 8.6840428736506901e-06
7.5715150524648624e+00 8.6695446510571460e-06
7.5731314234310796e+00 8.6550706336018737e-06
7.5747477943972967e+00 8.6406207808737987e-06
7.5763641653635148e+00 8.6261950525292719e-06
7.5779805363297319e+00 8.6117934082920884e-06
7.5795969072959490e+00 8.5974158079532249e-06
7.5812132782621671e+00 8.5830622113708042e-06
7.5828296492283842e+00 8.5687325784699661e-06
7.5844460201946013e+00 8.5544268692427560e-06
7.5860623911608185e+00 8.5401450437480129e-06
7.5876787621270365e+00 8.5258870621112610e-06
7.5892951330932537e+00 8.5116528845245946e-06
7.5909115040594708e+00 8.4974424712465660e-06
7.5925278750256879e+00 8.4832557826020808e-06
7.5941442459919060e+00 8.4690927789822827e-06
7.5957606169581231e+00 8.4549534208444397e-06
7.5973769879243402e+00 8.4408376687118410e-06
7.5989933588905574e+00 8.4267454831736799e-06
7.6006097298567754e+00 8.4126768248849526e-06
7.6022261008229925e+00 8.3986316545663341e-06
7.6038424717892097e+00 8.3846099330040713e-06
7.6054588427554277e+00 8.3706116210499178e-06
7.6070752137216449e+00 8.3566366796209433e-06
7.6086915846878620e+00 8.3426850696994863e-06
7.6103079556540791e+00 8.3287567523330191e-06
7.6119243266202972e+00 8.3148516886340523e-06
7.6135406975865143e+00 8.3009698397800015e-06
7.6151570685527314e+00 8.2871111670131563e-06
7.6167734395189486e+00 8.2732756316404300e-06
7.6183898104851666e+00 8.2594631950333730e-06
7.6200061814513838e+00 8.2456738186280590e-06
7.6216225524176009e+00 8.2319074639249163e-06
7.6232389233838189e+00 8.2181640924886052e-06
7.6248552943500361e+00 8.2044436659480400e-06
7.6264716653162532e+00 8.1907461459961389e-06
7.6280880362824703e+00 8.1770714943898098e-06
7.6297044072486884e+00 8.1634196729497406e-06
7.6313207782149055e+00 8.1497906435604533e-06
7.6329371491811226e+00 8.1361843681700446e-06
7.6345535201473398e+00 8.1226008087901728e-06
7.6361698911135578e+00 8.1090399274958559e-06
7.6377862620797750e+00 8.0955016864255157e-06
7.6394026330459921e+00 8.0819860477807320e-06
7.6410190040122101e+00 8.0684929738261957e-06
7.6426353749784273e+00 8.0550224268896080e-06
7.6442517459446444e+00 8.0415743693615593e-06
7.6458681169108615e+00 8.0281487636954253e-06
7.6474844878770796e+00 8.0147455724072791e-06
7.6491008588432967e+00 8.0013647580757608e-06
7.6507172298095139e+00 7.9880062833419959e-06
7.6523336007757310e+00 7.9746701109094621e-06
7.6539499717419490e+00 7.9613562035439647e-06
7.6555663427081662e+00 7.9480645240733834e-06
7.6571827136743833e+00 7.9347950353877036e-06
7.6587990846406004e+00 7.9215477004388919e-06
7.6604154556068185e+00 7.9083224822407464e-06
7.6620318265730356e+00 7.8951193438687614e-06
7.6636481975392527e+00 7.8819382484601698e-06
7.6652645685054708e+00 7.8687791592136923e-06
7.6668809394716879e+00 7.8556420393894966e-06
7.6684973104379051e+00 7.8425268523090945e-06
7.6701136814041222e+00 7.8294335613552363e-06
7.6717300523703402e+00 7.8163621299717827e-06
7.6733464233365574e+00 7.8033125216636871e-06
7.6749627943027745e+00 7.7902846999967522e-06
7.6765791652689916e+00 7.7772786285976555e-06
7.6781955362352097e+00 7.7642942711537793e-06
7.6798119072014268e+00 7.7513315914131858e-06
7.6814282781676440e+00 7.7383905531843731e-06
7.6830446491338620e+00 7.7254711203363088e-06
7.6846610201000791e+00 7.7125732567983049e-06
7.6862773910662963e+00 7.6996969265598721e-06
7.6878937620325134e+00 7.6868420936706095e-06
7.6895101329987314e+00 7.6740087222401658e-06
7.6911265039649486e+00 7.6611967764381360e-06
7.6927428749311657e+00 7.6484062204939070e-06
7.6943592458973828e+00 7.6356370186965614e-06
7.6959756168636009e+00 7.6228891353948262e-06
7.6975919878298180e+00 7.6101625349969767e-06
7.6992083587960352e+00 7.5974571819706694e-06
7.7008247297622523e+00 7.5847730408428980e-06
7.7024411007284703e+00 7.5721100761998740e-06
7.7040574716946875e+00 7.5594682526869274e-06
7.7056738426609046e+00 7.5468475350084463e-06
7.7072902136271226e+00 7.5342478879277234e-06
7.7089065845933398e+00 7.5216692762668402e-06
7.7105229555595569e+00 7.5091116649066859e-06
7.7121393265257741e+00 7.4965750187867311e-06
7.7137556974919921e+00 7.4840593029049920e-06
7.7153720684582092e+00 7.4715644823179223e-06
7.7169884394244264e+00 7.4590905221403157e-06
7.7186048103906435e+00 7.4466373875452065e-06
7.7202211813568615e+00 7.4342050437637744e-06
7.7218375523230787e+00 7.4217934560852452e-06
7.7234539232892958e+00 7.4094025898567972e-06
7.7250702942555138e+00 7.3970324104834467e-06
7.7266866652217310e+00 7.3846828834280215e-06
7.7283030361879481e+00 7.3723539742109307e-06
7.7299194071541653e+00 7.3600456484102014e-06
7.7315357781203833e+00 7.3477578716613019e-06
7.7331521490866004e+00 7.3354906096571244e-06
7.7347685200528176e+00 7.3232438281477596e-06
7.7363848910190347e+00 7.3110174929405355e-06
7.7380012619852527e+00 7.2988115698998313e-06
7.7396176329514699e+00 7.2866260249470779e-06
7.7412340039176870e+00 7.2744608240605143e-06
7.7428503748839042e+00 7.2623159332752273e-06
7.7444667458501222e+00 7.2501913186830276e-06
7.7460831168163393e+00 7.2380869464323138e-06
7.7476994877825565e+00 7.2260027827279631e-06
7.7493158587487745e+00 7.2139387938313485e-06
7.7509322297149916e+00 7.2018949460601204e-06
7.7525486006812088e+00 7.1898712057881794e-06
7.7541649716474259e+00 7.1778675394455584e-06
7.7557813426136439e+00 7.1658839135183400e-06
7.7573977135798611e+00 7.1539202945485499e-06
7.7590140845460782e+00 7.1419766491341174e-06
7.7606304555122954e+00 7.1300529439286630e-06
7.7622468264785134e+00 7.1181491456415220e-06
7.7638631974447305e+00 7.1062652210376286e-06
7.7654795684109477e+00 7.0944011369373801e-06
7.7670959393771657e+00 7.0825568602165342e-06
7.7687123103433828e+00 7.0707323578062215e-06
7.7703286813096000e+00 7.0589275966927332e-06
7.7719450522758171e+00 7.0471425439175024e-06
7.7735614232420351e+00 7.0353771665769361e-06
7.7751777942082523e+00 7.0236314318224531e-06
7.7767941651744694e+00 7.0119053068602603e-06
7.7784105361406866e+00 7.0001987589513419e-06
7.7800269071069046e+00 6.9885117554112892e-06
7.7816432780731217e+00 6.9768442636103364e-06
7.7832596490393389e+00 6.9651962509731439e-06
7.7848760200055560e+00 6.9535676849787702e-06
7.7864923909717740e+00 6.9419585331605678e-06
7.7881087619379912e+00 6.9303687631060935e-06
7.7897251329042083e+00 6.9187983424570173e-06
7.7913415038704263e+00 6.9072472389090207e-06
7.7929578748366435e+00 6.8957154202117645e-06
7.7945742458028606e+00 6.8842028541686829e-06
7.7961906167690778e+00 6.8727095086369972e-06
7.7978069877352958e+00 6.8612353515276148e-06
7.7994233587015129e+00 6.8497803508049948e-06
7.8010397296677301e+00 6.8383444744870427e-06
7.8026561006339472e+00 6.8269276906451343e-06
7.8042724716001652e+00 6.8155299674038867e-06
7.8058888425663824e+00 6.8041512729411953e-06
7.8075052135325995e+00 6.7927915754880121e-06
7.8091215844988175e+00 6.7814508433283641e-06
7.8107379554650347e+00 6.7701290447992515e-06
7.8123543264312518e+00 6.7588261482905153e-06
7.8139706973974690e+00 6.7475421222447429e-06
7.8155870683636870e+00 6.7362769351572348e-06
7.8172034393299041e+00 6.7250305555759112e-06
7.8188198102961213e+00 6.7138029521011795e-06
7.8204361812623384e+00 6.7025940933858452e-06
7.8220525522285564e+00 6.6914039481350733e-06
7.8236689231947736e+00 6.6802324851062993e-06
7.8252852941609907e+00 6.6690796731090958e-06
7.8269016651272079e+00 6.6579454810050826e-06
7.8285180360934259e+00 6.6468298777078929e-06
7.8301344070596430e+00 6.6357328321830798e-06
7.8317507780258602e+00 6.6246543134479881e-06
7.8333671489920782e+00 6.6135942905716540e-06
7.8349835199582953e+00 6.6025527326748203e-06
7.8365998909245125e+00 6.5915296089297408e-06
7.8382162618907296e+00 6.5805248885601459e-06
7.8398326328569476e+00 6.5695385408411495e-06
7.8414490038231648e+00 6.5585705350991602e-06
7.8430653747893819e+00 6.5476208407117863e-06
7.8446817457555991e+00 6.5366894271078081e-06
7.8462981167218171e+00 6.5257762637669708e-06
7.8479144876880342e+00 6.5148813202200169e-06
7.8495308586542514e+00 6.5040045660485737e-06
7.8511472296204694e+00 6.4931459708850336e-06
7.8527636005866865e+00 6.4823055044124528e-06
7.8543799715529037e+00 6.4714831363645719e-06
7.8559963425191208e+00 6.4606788365256141e-06
7.8576127134853389e+00 6.4498925747302638e-06
7.8592290844515560e+00 6.4391243208635628e-06
7.8608454554177731e+00 6.4283740448608332e-06
7.8624618263839903e+00 6.4176417167075896e-06
7.8640781973502083e+00 6.4069273064394578e-06
7.8656945683164254e+00 6.3962307841420886e-06
7.8673109392826426e+00 6.3855521199510757e-06
7.8689273102488606e+00 6.3748912840518612e-06
7.8705436812150777e+00 6.3642482466797099e-06
7.8721600521812949e+00 6.3536229781195093e-06
7.8737764231475120e+00 6.3430154487058031e-06
7.8753927941137301e+00 6.3324256288226400e-06
7.8770091650799472e+00 6.3218534889035591e-06
7.8786255360461643e+00 6.3112989994313908e-06
7.8802419070123815e+00 6.3007621309382943e-06
7.8818582779785995e+00 6.2902428540056007e-06
7.8834746489448166e+00 6.2797411392637911e-06
7.8850910199110338e+00 6.2692569573923574e-06
7.8867073908772509e+00 6.2587902791197079e-06
7.8883237618434690e+00 6.2483410752231881e-06
7.8899401328096861e+00 6.2379093165288877e-06
7.8915565037759032e+00 6.2274949739116162e-06
7.8931728747421213e+00 6.2170980182948026e-06
7.8947892457083384e+00 6.2067184206504253e-06
7.8964056166745555e+00 6.1963561519989097e-06
7.8980219876407727e+00 6.1860111834091137e-06
7.8996383586069907e+00 6.1756834859981243e-06
7.9012547295732078e+00 6.1653730309312857e-06
7.9028711005394250e+00 6.1550797894221036e-06
7.9044874715056421e+00 6.1448037327321207e-06
7.9061038424718602e+00 6.1345448321708265e-06
7.9077202134380773e+00 6.1243030590956785e-06
7.9093365844042944e+00 6.1140783849119055e-06
7.9109529553705125e+00 6.1038707810724890e-06
7.9125693263367296e+00 6.0936802190780703e-06
7.9141856973029467e+00 6.0835066704768721e-06
7.9158020682691639e+00 6.0733501068646159e-06
7.9174184392353819e+00 6.0632104998844471e-06
7.9190348102015991e+00 6.0530878212268518e-06
7.9206511811678162e+00 6.0429820426295812e-06
7.9222675521340333e+00 6.0328931358775690e-06
7.9238839231002514e+00 6.0228210728028555e-06
7.9255002940664685e+00 6.0127658252845093e-06
7.9271166650326856e+00 6.0027273652485459e-06
7.9287330359989028e+00 5.9927056646678410e-06
7.9303494069651208e+00 5.9827006955621046e-06
7.9319657779313379e+00 5.9727124299976978e-06
7.9335821488975551e+00 5.9627408400876489e-06
7.9351985198637731e+00 5.9527858979915630e-06
7.9368148908299903e+00 5.9428475759155083e-06
7.9384312617962074e+00 5.9329258461119214e-06
7.9400476327624245e+00 5.9230206808796280e-06
7.9416640037286426e+00 5.9131320525636598e-06
7.9432803746948597e+00 5.9032599335552294e-06
7.9448967456610768e+00 5.8934042962916416e-06
7.9465131166272940e+00 5.8835651132562205e-06
7.9481294875935120e+00 5.8737423569782181e-06
7.9497458585597292e+00 5.8639360000327904e-06
7.9513622295259463e+00 5.8541460150408178e-06
7.9529786004921643e+00 5.8443723746689242e-06
7.9545949714583815e+00 5.8346150516293849e-06
7.9562113424245986e+00 5.8248740186800136e-06
7.9578277133908157e+00 5.8151492486240841e-06
7.9594440843570338e+00 5.8054407143102974e-06
7.9610604553232509e+00 5.7957483886327048e-06
7.9626768262894680e+00 5.7860722445305891e-06
7.9642931972556852e+00 5.7764122549883935e-06
7.9659095682219032e+00 5.7667683930356842e-06
7.9675259391881204e+00 5.7571406317470754e-06
7.9691423101543375e+00 5.7475289442421121e-06
7.9707586811205546e+00 5.7379333036852005e-06
7.9723750520867727e+00 5.7283536832855635e-06
7.9739914230529898e+00 5.7187900562971795e-06
7.9756077940192069e+00 5.7092423960186444e-06
7.9772241649854250e+00 5.6997106757931444e-06
7.9788405359516421e+00 5.6901948690083688e-06
7.9804569069178592e+00 5.6806949490964405e-06
7.9820732778840764e+00 5.6712108895338239e-06
7.9836896488502944e+00 5.6617426638413068e-06
7.9853060198165116e+00 5.6522902455838252e-06
7.9869223907827287e+00 5.6428536083704779e-06
7.9885387617489458e+00 5.6334327258544455e-06
7.9901551327151639e+00 5.6240275717328750e-06
7.9917715036813810e+00 5.6146381197467928e-06
7.9933878746475981e+00 5.6052643436811325e-06
7.9950042456138162e+00 5.5959062173645487e-06
7.9966206165800333e+00 5.5865637146694003e-06
7.9982369875462505e+00 5.5772368095116695e-06
7.9998533585124676e+00 5.5679254758508851e-06
8.0014697294786856e+00 5.5586296876900407e-06
8.0030861004449036e+00 5.5493494190755716e-06
8.0047024714111199e+00 5.5400846440971863e-06
8.0063188423773379e+00 5.5308353368878776e-06
8.0079352133435560e+00 5.5216014716238480e-06
8.0095515843097722e+00 5.5123830225243883e-06
8.0111679552759902e+00 5.5031799638518055e-06
8.0127843262422065e+00 5.4939922699114431e-06
8.0144006972084245e+00 5.4848199150514656e-06
8.0160170681746425e+00 5.4756628736629306e-06
8.0176334391408588e+00 5.4665211201796214e-06
8.0192498101070768e+00 5.4573946290779765e-06
8.0208661810732949e+00 5.4482833748770959e-06
8.0224825520395111e+00 5.4391873321386268e-06
8.0240989230057291e+00 5.4301064754666031e-06
8.0257152939719472e+00 5.4210407795075422e-06
8.0273316649381634e+00 5.4119902189502836e-06
8.0289480359043814e+00 5.4029547685258719e-06
8.0305644068705977e+00 5.3939344030075789e-06
8.0321807778368157e+00 5.3849290972107840e-06
8.0337971488030337e+00 5.3759388259929049e-06
8.0354135197692500e+00 5.3669635642533704e-06
8.0370298907354680e+00 5.3580032869334596e-06
8.0386462617016861e+00 5.3490579690163177e-06
8.0402626326679023e+00 5.3401275855268718e-06
8.0418790036341203e+00 5.3312121115317303e-06
8.0434953746003384e+00 5.3223115221390971e-06
8.0451117455665546e+00 5.3134257924987925e-06
8.0467281165327726e+00 5.3045548978020862e-06
8.0483444874989889e+00 5.2956988132816840e-06
8.0499608584652069e+00 5.2868575142116058e-06
8.0515772294314250e+00 5.2780309759072082e-06
8.0531936003976412e+00 5.2692191737250207e-06
8.0548099713638592e+00 5.2604220830627264e-06
8.0564263423300773e+00 5.2516396793590830e-06
8.0580427132962935e+00 5.2428719380938503e-06
8.0596590842625115e+00 5.2341188347877202e-06
8.0612754552287296e+00 5.2253803450022880e-06
8.0628918261949458e+00 5.2166564443398952e-06
8.0645081971611638e+00 5.2079471084436419e-06
8.0661245681273801e+00 5.1992523129973230e-06
8.0677409390935981e+00 5.1905720337252622e-06
8.0693573100598162e+00 5.1819062463923790e-06
8.0709736810260324e+00 5.1732549268040268e-06
8.0725900519922504e+00 5.1646180508059210e-06
8.0742064229584685e+00 5.1559955942841526e-06
8.0758227939246847e+00 5.1473875331650804e-06
8.0774391648909027e+00 5.1387938434151720e-06
8.0790555358571208e+00 5.1302145010411010e-06
8.0806719068233370e+00 5.1216494820895881e-06
8.0822882777895551e+00 5.1130987626473032e-06
8.0839046487557713e+00 5.1045623188408726e-06
8.0855210197219893e+00 5.0960401268367721e-06
8.0871373906882074e+00 5.0875321628412583e-06
8.0887537616544236e+00 5.0790384031003510e-06
8.0903701326206416e+00 5.0705588238996706e-06
8.0919865035868597e+00 5.0620934015644563e-06
8.0936028745530759e+00 5.0536421124594930e-06
8.0952192455192939e+00 5.0452049329890068e-06
8.0968356164855120e+00 5.0367818395965887e-06
8.0984519874517282e+00 5.0283728087652134e-06
8.1000683584179463e+00 5.0199778170170818e-06
8.1016847293841625e+00 5.0115968409136072e-06
8.1033011003503805e+00 5.0032298570553028e-06
8.1049174713165986e+00 4.9948768420817868e-06
8.1065338422828148e+00 4.9865377726716834e-06
8.1081502132490328e+00 4.9782126255425064e-06
8.1097665842152509e+00 4.9699013774506637e-06
8.1113829551814671e+00 4.9616040051913999e-06
8.1129993261476852e+00 4.9533204855986356e-06
8.1146156971139014e+00 4.9450507955450494e-06
8.1162320680801194e+00 4.9367949119418343e-06
8.1178484390463375e+00 4.9285528117388081e-06
8.1194648100125537e+00 4.9203244719242625e-06
8.1210811809787717e+00 4.9121098695248683e-06
8.1226975519449898e+00 4.9039089816056701e-06
8.1243139229112060e+00 4.8957217852700359e-06
8.1259302938774240e+00 4.8875482576594942e-06
8.1275466648436421e+00 4.8793883759538007e-06
8.1291630358098583e+00 4.8712421173707737e-06
8.1307794067760764e+00 4.8631094591662749e-06
8.1323957777422926e+00 4.8549903786341394e-06
8.1340121487085106e+00 4.8468848531061105e-06
8.1356285196747287e+00 4.8387928599517751e-06
8.1372448906409449e+00 4.8307143765785038e-06
8.1388612616071629e+00 4.8226493804313780e-06
8.1404776325733810e+00 4.8145978489931684e-06
8.1420940035395972e+00 4.8065597597841866e-06
8.1437103745058153e+00 4.7985350903623013e-06
8.1453267454720333e+00 4.7905238183228669e-06
8.1469431164382495e+00 4.7825259212986239e-06
8.1485594874044676e+00 4.7745413769596298e-06
8.1501758583706838e+00 4.7665701630132854e-06
8.1517922293369018e+00 4.7586122572041379e-06
8.1534086003031199e+00 4.7506676373139514e-06
8.1550249712693361e+00 4.7427362811615590e-06
8.1566413422355541e+00 4.7348181666027969e-06
8.1582577132017722e+00 4.7269132715305204e-06
8.1598740841679884e+00 4.7190215738744873e-06
8.1614904551342065e+00 4.7111430516012630e-06
8.1631068261004245e+00 4.7032776827142212e-06
8.1647231970666407e+00 4.6954254452534880e-06
8.1663395680328588e+00 4.6875863172957907e-06
8.1679559389990750e+00 4.6797602769545265e-06
8.1695723099652930e+00 4.6719473023795732e-06
8.1711886809315111e+00 4.6641473717573135e-06
8.1728050518977273e+00 4.6563604633105640e-06
8.1744214228639454e+00 4.6485865552984854e-06
8.1760377938301634e+00 4.6408256260165062e-06
8.1776541647963796e+00 4.6330776537963447e-06
8.1792705357625977e+00 4.6253426170058593e-06
8.1808869067288157e+00 4.6176204940490327e-06
8.1825032776950319e+00 4.6099112633659034e-06
8.1841196486612500e+00 4.6022149034325028e-06
8.1857360196274662e+00 4.5945313927608001e-06
8.1873523905936842e+00 4.5868607098986373e-06
8.1889687615599023e+00 4.5792028334296716e-06
8.1905851325261185e+00 4.5715577419733157e-06
8.1922015034923366e+00 4.5639254141846681e-06
8.1938178744585546e+00 4.5563058287544974e-06
8.1954342454247708e+00 4.5486989644091002e-06
8.1970506163909889e+00 4.5411047999103137e-06
8.1986669873572051e+00 4.5335233140554539e-06
8.2002833583234231e+00 4.5259544856771922e-06
8.2018997292896412e+00 4.5183982936435607e-06
8.2035161002558574e+00 4.5108547168578961e-06
8.2051324712220755e+00 4.5033237342586987e-06
8.2067488421882935e+00 4.4958053248196904e-06
8.2083652131545097e+00 4.4882994675496725e-06
8.2099815841207278e+00 4.4808061414924672e-06
8.2115979550869458e+00 4.4733253257269214e-06
8.2132143260531620e+00 4.4658569993668223e-06
8.2148306970193801e+00 4.4584011415607521e-06
8.2164470679855963e+00 4.4509577314921866e-06
8.2180634389518143e+00 4.4435267483793140e-06
8.2196798099180324e+00 4.4361081714750269e-06
8.2212961808842486e+00 4.4287019800668559e-06
8.2229125518504667e+00 4.4213081534769123e-06
8.2245289228166847e+00 4.4139266710618208e-06
8.2261452937829009e+00 4.4065575122127005e-06
8.2277616647491190e+00 4.3992006563550339e-06
8.2293780357153370e+00 4.3918560829486752e-06
8.2309944066815532e+00 4.3845237714877843e-06
8.2326107776477713e+00 4.3772037015007438e-06
8.2342271486139875e+00 4.3698958525500980e-06
8.2358435195802056e+00 4.3626002042325256e-06
8.2374598905464236e+00 4.3553167361787860e-06
8.2390762615126398e+00 4.3480454280536313e-06
8.2406926324788579e+00 4.3407862595557369e-06
8.2423090034450759e+00 4.3335392104177234e-06
8.2439253744112921e+00 4.3263042604060119e-06
8.2455417453775102e+00 4.3190813893208154e-06
8.2471581163437282e+00 4.3118705769960702e-06
8.2487744873099444e+00 4.3046718032993787e-06
8.2503908582761625e+00 4.2974850481319490e-06
8.2520072292423787e+00 4.2903102914285754e-06
8.2536236002085968e+00 4.2831475131575037e-06
8.2552399711748148e+00 4.2759966933204486e-06
8.2568563421410310e+00 4.2688578119525329e-06
8.2584727131072491e+00 4.2617308491221597e-06
8.2600890840734671e+00 4.2546157849310607e-06
8.2617054550396833e+00 4.2475125995141660e-06
8.2633218260059014e+00 4.2404212730395476e-06
8.2649381969721194e+00 4.2333417857084262e-06
8.2665545679383357e+00 4.2262741177550830e-06
8.2681709389045537e+00 4.2192182494467326e-06
8.2697873098707699e+00 4.2121741610836079e-06
8.2714036808369880e+00 4.2051418329987949e-06
8.2730200518032060e+00 4.1981212455582188e-06
8.2746364227694222e+00 4.1911123791605870e-06
8.2762527937356403e+00 4.1841152142373308e-06
8.2778691647018583e+00 4.1771297312525435e-06
8.2794855356680745e+00 4.1701559107029660e-06
8.2811019066342926e+00 4.1631937331178530e-06
8.2827182776005106e+00 4.1562431790589909e-06
8.2843346485667269e+00 4.1493042291206304e-06
8.2859510195329449e+00 4.1423768639294094e-06
8.2875673904991611e+00 4.1354610641442936e-06
8.2891837614653792e+00 4.1285568104565529e-06
8.2908001324315972e+00 4.1216640835897104e-06
8.2924165033978134e+00 4.1147828642994554e-06
8.2940328743640315e+00 4.1079131333735832e-06
8.2956492453302495e+00 4.1010548716320110e-06
8.2972656162964658e+00 4.0942080599266467e-06
8.2988819872626838e+00 4.0873726791413746e-06
8.3004983582289000e+00 4.0805487101919995e-06
8.3021147291951181e+00 4.0737361340261594e-06
8.3037311001613361e+00 4.0669349316233389e-06
8.3053474711275523e+00 4.0601450839947814e-06
8.3069638420937704e+00 4.0533665721833702e-06
8.3085802130599884e+00 4.0465993772637026e-06
8.3101965840262046e+00 4.0398434803419642e-06
8.3118129549924227e+00 4.0330988625558491e-06
8.3134293259586407e+00 4.0263655050745633e-06
8.3150456969248570e+00 4.0196433890987727e-06
8.3166620678910750e+00 4.0129324958604804e-06
8.3182784388572912e+00 4.0062328066230796e-06
8.3198948098235093e+00 3.9995443026811936e-06
8.3215111807897273e+00 3.9928669653606987e-06
8.3231275517559435e+00 3.9862007760186579e-06
8.3247439227221616e+00 3.9795457160432512e-06
8.3263602936883796e+00 3.9729017668537046e-06
8.3279766646545959e+00 3.9662689099003107e-06
8.3295930356208139e+00 3.9596471266642943e-06
8.3312094065870319e+00 3.9530363986578339e-06
8.3328257775532482e+00 3.9464367074239318e-06
8.3344421485194662e+00 3.9398480345364255e-06
8.3360585194856824e+00 3.9332703615999361e-06
8.3376748904519005e+00 3.9267036702497553e-06
8.3392912614181185e+00 3.9201479421518540e-06
8.3409076323843347e+00 3.9136031590028361e-06
8.3425240033505528e+00 3.9070693025298124e-06
8.3441403743167708e+00 3.9005463544904494e-06
8.3457567452829871e+00 3.8940342966728510e-06
8.3473731162492051e+00 3.8875331108955032e-06
8.3489894872154231e+00 3.8810427790072820e-06
8.3506058581816394e+00 3.8745632828873667e-06
8.3522222291478574e+00 3.8680946044451562e-06
8.3538386001140736e+00 3.8616367256202794e-06
8.3554549710802917e+00 3.8551896283825099e-06
8.3570713420465097e+00 3.8487532947317167e-06
8.3586877130127260e+00 3.8423277066978475e-06
8.3603040839789440e+00 3.8359128463408107e-06
8.3619204549451620e+00 3.8295086957504875e-06
8.3635368259113783e+00 3.8231152370466723e-06
8.3651531968775963e+00 3.8167324523789996e-06
8.3667695678438143e+00 3.8103603239268825e-06
8.3683859388100306e+00 3.8039988338995285e-06
8.3700023097762486e+00 3.7976479645358201e-06
8.3716186807424648e+00 3.7913076981043055e-06
8.3732350517086829e+00 3.7849780169031087e-06
8.3748514226749009e+00 3.7786589032599485e-06
8.3764677936411172e+00 3.7723503395320210e-06
8.3780841646073352e+00 3.7660523081059833e-06
8.3797005355735532e+00 3.7597647913978999e-06
8.3813169065397695e+00 3.7534877718531904e-06
8.3829332775059875e+00 3.7472212319465775e-06
8.3845496484722037e+00 3.7409651541820738e-06
8.3861660194384218e+00 3.7347195210928369e-06
8.3877823904046398e+00 3.7284843152412455e-06
8.3893987613708561e+00 3.7222595192187837e-06
8.3910151323370741e+00 3.7160451156459659e-06
8.3926315033032921e+00 3.7098410871723434e-06
8.3942478742695084e+00 3.7036474164764531e-06
8.3958642452357264e+00 3.6974640862657050e-06
8.3974806162019444e+00 3.6912910792764242e-06
8.3990969871681607e+00 3.6851283782737398e-06
8.4007133581343787e+00 3.6789759660515353e-06
8.4023297291005967e+00 3.6728338254324518e-06
8.4039461000668130e+00 3.6667019392678156e-06
8.4055624710330310e+00 3.6605802904375243e-06
8.4071788419992490e+00 3.6544688618501165e-06
8.4087952129654653e+00 3.6483676364426590e-06
8.4104115839316833e+00 3.6422765971806738e-06
8.4120279548979013e+00 3.6361957270581406e-06
8.4136443258641176e+00 3.6301250090974509e-06
8.4152606968303356e+00 3.6240644263492957e-06
8.4168770677965519e+00 3.6180139618927152e-06
8.4184934387627699e+00 3.6119735988349543e-06
8.4201098097289879e+00 3.6059433203114791e-06
8.4217261806952042e+00 3.5999231094859253e-06
8.4233425516614222e+00 3.5939129495500245e-06
8.4249589226276402e+00 3.5879128237235508e-06
8.4265752935938565e+00 3.5819227152543317e-06
8.4281916645600745e+00 3.5759426074181361e-06
8.4298080355262925e+00 3.5699724835186632e-06
8.4314244064925088e+00 3.5640123268874853e-06
8.4330407774587268e+00 3.5580621208840026e-06
8.4346571484249431e+00 3.5521218488953993e-06
8.4362735193911611e+00 3.5461914943365866e-06
8.4378898903573791e+00 3.5402710406501920e-06
8.4395062613235954e+00 3.5343604713064466e-06
8.4411226322898134e+00 3.5284597698031984e-06
8.4427390032560314e+00 3.5225689196658576e-06
8.4443553742222477e+00 3.5166879044473277e-06
8.4459717451884657e+00 3.5108167077279512e-06
8.4475881161546820e+00 3.5049553131155288e-06
8.4492044871209000e+00 3.4991037042451762e-06
8.4508208580871180e+00 3.4932618647793768e-06
8.4524372290533343e+00 3.4874297784078702e-06
8.4540536000195523e+00 3.4816074288476061e-06
8.4556699709857703e+00 3.4757947998427534e-06
8.4572863419519866e+00 3.4699918751646239e-06
8.4589027129182046e+00 3.4641986386115694e-06
8.4605190838844226e+00 3.4584150740090455e-06
8.4621354548506389e+00 3.4526411652095067e-06
8.4637518258168569e+00 3.4468768960923342e-06
8.4653681967830732e+00 3.4411222505638482e-06
8.4669845677492912e+00 3.4353772125572305e-06
8.4686009387155092e+00 3.4296417660324823e-06
8.4702173096817255e+00 3.4239158949764077e-06
8.4718336806479435e+00 3.4181995834025084e-06
8.4734500516141615e+00 3.4124928153509942e-06
8.4750664225803778e+00 3.4067955748887324e-06
8.4766827935465958e+00 3.4011078461091802e-06
8.4782991645128138e+00 3.3954296131323301e-06
8.4799155354790301e+00 3.3897608601047259e-06
8.4815319064452481e+00 3.3841015711993537e-06
8.4831482774114644e+00 3.3784517306156349e-06
8.4847646483776824e+00 3.3728113225793467e-06
8.4863810193439004e+00 3.3671803313426384e-06
8.4879973903101167e+00 3.3615587411839254e-06
8.4896137612763347e+00 3.3559465364078779e-06
8.4912301322425527e+00 3.3503437013453683e-06
8.4928465032087690e+00 3.3447502203534317e-06
8.4944628741749870e+00 3.3391660778152106e-06
8.4960792451412050e+00 3.3335912581399451e-06
8.4976956161074213e+00 3.3280257457628703e-06
8.4993119870736393e+00 3.3224695251452224e-06
8.5009283580398556e+00 3.3169225807741993e-06
8.5025447290060736e+00 3.3113848971628623e-06
8.5041610999722916e+00 3.3058564588501452e-06
8.5057774709385079e+00 3.3003372504008132e-06
8.5073938419047259e+00 3.2948272564053594e-06
8.5090102128709439e+00 3.2893264614800459e-06
8.5106265838371602e+00 3.2838348502667970e-06
8.5122429548033782e+00 3.2783524074331647e-06
8.5138593257695963e+00 3.2728791176723248e-06
8.5154756967358125e+00 3.2674149657030156e-06
8.5170920677020305e+00 3.2619599362694346e-06
8.5187084386682468e+00 3.2565140141413091e-06
8.5203248096344648e+00 3.2510771841137624e-06
8.5219411806006828e+00 3.2456494310073105e-06
8.5235575515668991e+00 3.2402307396678098e-06
8.5251739225331171e+00 3.2348210949664189e-06
8.5267902934993351e+00 3.2294204817995470e-06
8.5284066644655514e+00 3.2240288850888381e-06
8.5300230354317694e+00 3.2186462897810911e-06
8.5316394063979875e+00 3.2132726808482436e-06
8.5332557773642037e+00 3.2079080432873219e-06
8.5348721483304217e+00 3.2025523621203945e-06
8.5364885192966380e+00 3.1972056223945652e-06
8.5381048902628560e+00 3.1918678091818443e-06
8.5397212612290740e+00 3.1865389075792165e-06
8.5413376321952903e+00 3.1812189027085417e-06
8.5429540031615083e+00 3.1759077797164898e-06
8.5445703741277264e+00 3.1706055237745477e-06
8.5461867450939426e+00 3.1653121200789735e-06
8.5478031160601606e+00 3.1600275538507024e-06
8.5494194870263769e+00 3.1547518103353896e-06
8.5510358579925949e+00 3.1494848748032821e-06
8.5526522289588129e+00 3.1442267325492351e-06
8.5542685999250292e+00 3.1389773688926668e-06
8.5558849708912472e+00 3.1337367691774937e-06
8.5575013418574652e+00 3.1285049187720837e-06
8.5591177128236815e+00 3.1232818030692657e-06
8.5607340837898995e+00 3.1180674074862349e-06
8.5623504547561176e+00 3.1128617174645368e-06
8.5639668257223338e+00 3.1076647184700233e-06
8.5655831966885518e+00 3.1024763959928111e-06
8.5671995676547681e+00 3.0972967355472427e-06
8.5688159386209861e+00 3.0921257226718427e-06
8.5704323095872041e+00 3.0869633429292812e-06
8.5720486805534204e+00 3.0818095819063305e-06
8.5736650515196384e+00 3.0766644252138217e-06
8.5752814224858565e+00 3.0715278584866312e-06
8.5768977934520727e+00 3.0663998673835836e-06
8.5785141644182907e+00 3.0612804375874651e-06
8.5801305353845088e+00 3.0561695548049735e-06
8.5817469063507250e+00 3.0510672047666609e-06
8.5833632773169430e+00 3.0459733732268846e-06
8.5849796482831593e+00 3.0408880459638249e-06
8.5865960192493773e+00 3.0358112087793607e-06
8.5882123902155953e+00 3.0307428474991139e-06
8.5898287611818116e+00 3.0256829479723550e-06
8.5914451321480296e+00 3.0206314960719629e-06
8.5930615031142477e+00 3.0155884776944277e-06
8.5946778740804639e+00 3.0105538787597930e-06
8.5962942450466819e+00 3.0055276852115607e-06
8.5979106160129000e+00 3.0005098830167478e-06
8.5995269869791162e+00 2.9955004581657945e-06
8.6011433579453342e+00 2.9904993966725026e-06
8.6027597289115505e+00 2.9855066845740488e-06
8.6043760998777685e+00 2.9805223079309119e-06
8.6059924708439866e+00 2.9755462528268403e-06
8.6076088418102028e+00 2.9705785053688365e-06
8.6092252127764208e+00 2.9656190516870646e-06
8.6108415837426389e+00 2.9606678779348632e-06
8.6124579547088551e+00 2.9557249702886960e-06
8.6140743256750731e+00 2.9507903149480916e-06
8.6156906966412912e+00 2.9458638981356241e-06
8.6173070676075074e+00 2.9409457060968676e-06
8.6189234385737254e+00 2.9360357251003609e-06
8.6205398095399417e+00 2.9311339414375674e-06
8.6221561805061597e+00 2.9262403414228377e-06
8.6237725514723778e+00 2.9213549113933707e-06
8.6253889224385940e+00 2.9164776377091758e-06
8.6270052934048120e+00 2.9116085067530287e-06
8.6286216643710301e+00 2.9067475049304610e-06
8.6302380353372463e+00 2.9018946186696692e-06
8.6318544063034643e+00 2.8970498344215244e-06
8.6334707772696806e+00 2.8922131386595321e-06
8.6350871482358986e+00 2.8873845178797514e-06
8.6367035192021167e+00 2.8825639586008022e-06
8.6383198901683329e+00 2.8777514473638252e-06
8.6399362611345509e+00 2.8729469707323972e-06
8.6415526321007690e+00 2.8681505152925619e-06
8.6431690030669852e+00 2.8633620676527445e-06
8.6447853740332032e+00 2.8585816144437094e-06
8.6464017449994213e+00 2.8538091423185695e-06
8.6480181159656375e+00 2.8490446379527246e-06
8.6496344869318555e+00 2.8442880880437747e-06
8.6512508578980718e+00 2.8395394793115788e-06
8.6528672288642898e+00 2.8347987984981427e-06
8.6544835998305079e+00 2.8300660323676117e-06
8.6560999707967241e+00 2.8253411677062283e-06
8.6577163417629421e+00 2.8206241913222964e-06
8.6593327127291602e+00 2.8159150900461378e-06
8.6609490836953764e+00 2.8112138507300818e-06
8.6625654546615944e+00 2.8065204602483783e-06
8.6641818256278125e+00 2.8018349054972061e-06
8.6657981965940287e+00 2.7971571733946306e-06
8.6674145675602468e+00 2.7924872508805484e-06
8.6690309385264630e+00 2.7878251249166496e-06
8.6706473094926810e+00 2.7831707824864027e-06
8.6722636804588991e+00 2.7785242105950170e-06
8.6738800514251153e+00 2.7738853962693876e-06
8.6754964223913333e+00 2.7692543265580533e-06
8.6771127933575514e+00 2.7646309885312048e-06
8.6787291643237676e+00 2.7600153692806008e-06
8.6803455352899856e+00 2.7554074559195550e-06
8.6819619062562037e+00 2.7508072355828955e-06
8.6835782772224199e+00 2.7462146954269297e-06
8.6851946481886380e+00 2.7416298226294023e-06
8.6868110191548542e+00 2.7370526043894904e-06
8.6884273901210722e+00 2.7324830279276925e-06
8.6900437610872903e+00 2.7279210804858873e-06
8.6916601320535065e+00 2.7233667493272487e-06
8.6932765030197245e+00 2.7188200217361904e-06
8.6948928739859426e+00 2.7142808850183700e-06
8.6965092449521588e+00 2.7097493265006524e-06
8.6981256159183769e+00 2.7052253335310281e-06
8.6997419868845949e+00 2.7007088934786433e-06
8.7013583578508111e+00 2.6961999937337164e-06
8.7029747288170292e+00 2.6916986217075063e-06
8.7045910997832454e+00 2.6872047648323151e-06
8.7062074707494634e+00 2.6827184105614094e-06
8.7078238417156815e+00 2.6782395463690079e-06
8.7094402126818977e+00 2.6737681597502399e-06
8.7110565836481157e+00 2.6693042382211132e-06
8.7126729546143338e+00 2.6648477693184728e-06
8.7142893255805500e+00 2.6603987405999903e-06
8.7159056965467681e+00 2.6559571396440814e-06
8.7175220675129861e+00 2.6515229540499139e-06
8.7191384384792023e+00 2.6470961714373695e-06
8.7207548094454204e+00 2.6426767794469889e-06
8.7223711804116366e+00 2.6382647657399373e-06
8.7239875513778546e+00 2.6338601179979898e-06
8.7256039223440727e+00 2.6294628239234958e-06
8.7272202933102889e+00 2.6250728712393283e-06
8.7288366642765070e+00 2.6206902476888415e-06
8.7304530352427250e+00 2.6163149410358758e-06
8.7320694062089412e+00 2.6119469390647007e-06
8.7336857771751593e+00 2.6075862295799577e-06
8.7353021481413755e+00 2.6032328004066701e-06
8.7369185191075935e+00 2.5988866393901664e-06
8.7385348900738116e+00 2.5945477343960887e-06
8.7401512610400278e+00 2.5902160733103444e-06
8.7417676320062458e+00 2.5858916440390222e-06
8.7433840029724639e+00 2.5815744345084453e-06
8.7450003739386801e+00 2.5772644326650882e-06
8.7466167449048982e+00 2.5729616264755265e-06
8.7482331158711162e+00 2.5686660039264403e-06
8.7498494868373324e+00 2.5643775530245781e-06
8.7514658578035505e+00 2.5600962617966817e-06
8.7530822287697667e+00 2.5558221182895177e-06
8.7546985997359847e+00 2.5515551105697722e-06
8.7563149707022028e+00 2.5472952267240878e-06
8.7579313416684190e+00 2.5430424548589771e-06
8.7595477126346371e+00 2.5387967831008135e-06
8.7611640836008551e+00 2.5345581995957949e-06
8.7627804545670713e+00 2.5303266925099087e-06
8.7643968255332894e+00 2.5261022500288954e-06
8.7660131964995074e+00 2.5218848603582361e-06
8.7676295674657236e+00 2.5176745117230790e-06
8.7692459384319417e+00 2.5134711923682415e-06
8.7708623093981579e+00 2.5092748905581816e-06
8.7724786803643759e+00 2.5050855945769226e-06
8.7740950513305940e+00 2.5009032927280618e-06
8.7757114222968102e+00 2.4967279733347367e-06
8.7773277932630283e+00 2.4925596247395488e-06
8.7789441642292463e+00 2.4883982353045929e-06
8.7805605351954625e+00 2.4842437934113796e-06
8.7821769061616806e+00 2.4800962874608054e-06
8.7837932771278986e+00 2.4759557058731523e-06
8.7854096480941148e+00 2.4718220370880393e-06
8.7870260190603329e+00 2.4676952695643473e-06
8.7886423900265491e+00 2.4635753917802687e-06
8.7902587609927672e+00 2.4594623922332092e-06
8.7918751319589852e+00 2.4553562594397842e-06
8.7934915029252014e+00 2.4512569819357790e-06
8.7951078738914195e+00 2.4471645482761207e-06
8.7967242448576375e+00 2.4430789470348380e-06
8.7983406158238537e+00 2.4390001668050504e-06
8.7999569867900718e+00 2.4349281961989117e-06
8.8015733577562898e+00 2.4308630238475747e-06
8.8031897287225060e+00 2.4268046384011996e-06
8.8048060996887241e+00 2.4227530285288778e-06
8.8064224706549403e+00 2.4187081829186268e-06
8.8080388416211584e+00 2.4146700902773318e-06
8.8096552125873764e+00 2.4106387393307582e-06
8.8112715835535926e+00 2.4066141188234771e-06
8.8128879545198107e+00 2.4025962175188558e-06
8.8145043254860287e+00 2.3985850241990198e-06
8.8161206964522449e+00 2.3945805276648240e-06
8.8177370674184630e+00 2.3905827167358163e-06
8.8193534383846792e+00 2.3865915802502318e-06
8.8209698093508973e+00 2.3826071070648991e-06
8.8225861803171153e+00 2.3786292860552860e-06
8.8242025512833315e+00 2.3746581061154313e-06
8.8258189222495496e+00 2.3706935561578932e-06
8.8274352932157676e+00 2.3667356251137545e-06
8.8290516641819838e+00 2.3627843019325885e-06
8.8306680351482019e+00 2.3588395755823888e-06
8.8322844061144199e+00 2.3549014350495983e-06
8.8339007770806361e+00 2.3509698693390320e-06
8.8355171480468542e+00 2.3470448674738505e-06
8.8371335190130704e+00 2.3431264184955663e-06
8.8387498899792885e+00 2.3392145114639731e-06
8.8403662609455065e+00 2.3353091354571184e-06
8.8419826319117227e+00 2.3314102795713084e-06
8.8435990028779408e+00 2.3275179329210374e-06
8.8452153738441588e+00 2.3236320846389767e-06
8.8468317448103750e+00 2.3197527238759408e-06
8.8484481157765931e+00 2.3158798398008582e-06
8.8500644867428111e+00 2.3120134216007348e-06
8.8516808577090274e+00 2.3081534584806469e-06
8.8532972286752454e+00 2.3042999396636664e-06
8.8549135996414616e+00 2.3004528543908766e-06
8.8565299706076797e+00 2.2966121919213127e-06
8.8581463415738977e+00 2.2927779415319602e-06
8.8597627125401139e+00 2.2889500925176805e-06
8.8613790835063320e+00 2.2851286341912226e-06
8.8629954544725500e+00 2.2813135558831828e-06
8.8646118254387662e+00 2.2775048469419648e-06
8.8662281964049843e+00 2.2737024967337424e-06
8.8678445673712023e+00 2.2699064946424661e-06
8.8694609383374186e+00 2.2661168300697960e-06
8.8710773093036366e+00 2.2623334924350889e-06
8.8726936802698528e+00 2.2585564711753706e-06
8.8743100512360709e+00 2.2547857557452862e-06
8.8759264222022889e+00 2.2510213356171060e-06
8.8775427931685051e+00 2.2472632002806821e-06
8.8791591641347232e+00 2.2435113392433758e-06
8.8807755351009412e+00 2.2397657420301024e-06
8.8823919060671574e+00 2.2360263981832629e-06
8.8840082770333755e+00 2.2322932972626962e-06
8.8856246479995935e+00 2.2285664288456835e-06
8.8872410189658098e+00 2.2248457825269198e-06
8.8888573899320278e+00 2.2211313479184434e-06
8.8904737608982440e+00 2.2174231146496628e-06
8.8920901318644621e+00 2.2137210723672903e-06
8.8937065028306801e+00 2.2100252107353095e-06
8.8953228737968963e+00 2.2063355194349859e-06
8.8969392447631144e+00 2.2026519881647941e-06
8.8985556157293324e+00 2.1989746066404133e-06
8.9001719866955487e+00 2.1953033645946924e-06
8.9017883576617667e+00 2.1916382517776210e-06
8.9034047286279847e+00 2.1879792579562973e-06
8.9050210995942010e+00 2.1843263729149200e-06
8.9066374705604190e+00 2.1806795864547186e-06
8.9082538415266352e+00 2.1770388883939670e-06
8.9098702124928533e+00 2.1734042685679289e-06
8.9114865834590713e+00 2.1697757168288535e-06
8.9131029544252875e+00 2.1661532230459096e-06
8.9147193253915056e+00 2.1625367771051908e-06
8.9163356963577236e+00 2.1589263689096839e-06
8.9179520673239399e+00 2.1553219883792248e-06
8.9195684382901579e+00 2.1517236254504675e-06
8.9211848092563741e+00 2.1481312700768945e-06
8.9228011802225922e+00 2.1445449122287284e-06
8.9244175511888102e+00 2.1409645418929654e-06
8.9260339221550264e+00 2.1373901490733071e-06
8.9276502931212445e+00 2.1338217237901317e-06
8.9292666640874625e+00 2.1302592560804988e-06
8.9308830350536788e+00 2.1267027359981040e-06
8.9324994060198968e+00 2.1231521536132161e-06
8.9341157769861148e+00 2.1196074990127133e-06
8.9357321479523311e+00 2.1160687623000228e-06
8.9373485189185491e+00 2.1125359335950740e-06
8.9389648898847653e+00 2.1090090030343072e-06
8.9405812608509834e+00 2.1054879607706254e-06
8.9421976318172014e+00 2.1019727969733691e-06
8.9438140027834176e+00 2.0984635018283054e-06
8.9454303737496357e+00 2.0949600655375641e-06
8.9470467447158537e+00 2.0914624783196442e-06
8.9486631156820700e+00 2.0879707304093825e-06
8.9502794866482880e+00 2.0844848120579121e-06
8.9518958576145060e+00 2.0810047135326301e-06
8.9535122285807223e+00 2.0775304251172050e-06
8.9551285995469403e+00 2.0740619371115090e-06
8.9567449705131565e+00 2.0705992398316297e-06
8.9583613414793746e+00 2.0671423236097866e-06
8.9599777124455926e+00 2.0636911787943731e-06
8.9615940834118089e+00 2.0602457957498910e-06
8.9632104543780269e+00 2.0568061648569122e-06
8.9648268253442449e+00 2.0533722765120779e-06
8.9664431963104612e+00 2.0499441211280747e-06
8.9680595672766792e+00 2.0465216891335691e-06
8.9696759382428972e+00 2.0431049709732328e-06
8.9712923092091135e+00 2.0396939571076792e-06
8.9729086801753315e+00 2.0362886380134377e-06
8.9745250511415477e+00 2.0328890041829587e-06
8.9761414221077658e+00 2.0294950461245514e-06
8.9777577930739838e+00 2.0261067543623752e-06
8.9793741640402001e+00 2.0227241194364088e-06
8.9809905350064181e+00 2.0193471319024266e-06
8.9826069059726361e+00 2.0159757823319682e-06
8.9842232769388524e+00 2.0126100613123154e-06
8.9858396479050704e+00 2.0092499594464645e-06
8.9874560188712884e+00 2.0058954673530974e-06
8.9890723898375047e+00 2.0025465756665679e-06
8.9906887608037227e+00 1.9992032750368595e-06
8.9923051317699390e+00 1.9958655561295586e-06
8.9939215027361570e+00 1.9925334096258425e-06
8.9955378737023750e+00 1.9892068262224545e-06
8.9971542446685913e+00 1.9858857966316613e-06
8.9987706156348093e+00 1.9825703115812267e-06
9.0003869866010273e+00 1.9792603618144145e-06
9.0020033575672436e+00 1.9759559380899302e-06
9.0036197285334616e+00 1.9726570311819095e-06
9.0052360994996778e+00 1.9693636318798962e-06
9.0068524704658959e+00 1.9660757309887966e-06
9.0084688414321139e+00 1.9627933193288852e-06
9.0100852123983302e+00 1.9595163877357670e-06
9.0117015833645482e+00 1.9562449270603147e-06
9.0133179543307662e+00 1.9529789281687073e-06
9.0149343252969825e+00 1.9497183819423706e-06
9.0165506962632005e+00 1.9464632792779346e-06
9.0181670672294185e+00 1.9432136110872400e-06
9.0197834381956348e+00 1.9399693682973097e-06
9.0213998091618528e+00 1.9367305418502900e-06
9.0230161801280691e+00 1.9334971227034779e-06
9.0246325510942871e+00 1.9302691018292423e-06
9.0262489220605051e+00 1.9270464702150347e-06
9.0278652930267214e+00 1.9238292188633604e-06
9.0294816639929394e+00 1.9206173387917385e-06
9.0310980349591574e+00 1.9174108210326762e-06
9.0327144059253737e+00 1.9142096566336701e-06
9.0343307768915917e+00 1.9110138366571512e-06
9.0359471478578097e+00 1.9078233521804758e-06
9.0375635188240260e+00 1.9046381942958953e-06
9.0391798897902440e+00 1.9014583541105336e-06
9.0407962607564603e+00 1.8982838227463617e-06
9.0424126317226783e+00 1.8951145913401720e-06
9.0440290026888963e+00 1.8919506510435547e-06
9.0456453736551126e+00 1.8887919930228732e-06
9.0472617446213306e+00 1.8856386084592340e-06
9.0488781155875486e+00 1.8824904885484820e-06
9.0504944865537649e+00 1.8793476245011398e-06
9.0521108575199829e+00 1.8762100075424144e-06
9.0537272284862009e+00 1.8730776289121692e-06
9.0553435994524172e+00 1.8699504798648866e-06
9.0569599704186352e+00 1.8668285516696395e-06
9.0585763413848515e+00 1.8637118356101004e-06
9.0601927123510695e+00 1.8606003229844678e-06
9.0618090833172875e+00 1.8574940051054914e-06
9.0634254542835038e+00 1.8543928733004139e-06
9.0650418252497218e+00 1.8512969189109475e-06
9.0666581962159398e+00 1.8482061332932772e-06
9.0682745671821561e+00 1.8451205078180177e-06
9.0698909381483741e+00 1.8420400338701751e-06
9.0715073091145921e+00 1.8389647028491477e-06
9.0731236800808084e+00 1.8358945061687032e-06
9.0747400510470264e+00 1.8328294352569208e-06
9.0763564220132427e+00 1.8297694815562169e-06
9.0779727929794607e+00 1.8267146365232726e-06
9.0795891639456787e+00 1.8236648916290416e-06
9.0812055349118950e+00 1.8206202383587239e-06
9.0828219058781130e+00 1.8175806682117279e-06
9.0844382768443310e+00 1.8145461727016454e-06
9.0860546478105473e+00 1.8115167433562555e-06
9.0876710187767653e+00 1.8084923717174679e-06
9.0892873897429816e+00 1.8054730493413213e-06
9.0909037607091996e+00 1.8024587677979380e-06
9.0925201316754176e+00 1.7994495186715336e-06
9.0941365026416339e+00 1.7964452935603616e-06
9.0957528736078519e+00 1.7934460840767045e-06
9.0973692445740699e+00 1.7904518818468503e-06
9.0989856155402862e+00 1.7874626785110651e-06
9.1006019865065042e+00 1.7844784657235700e-06
9.1022183574727222e+00 1.7814992351525310e-06
9.1038347284389385e+00 1.7785249784800070e-06
9.1054510994051565e+00 1.7755556874019515e-06
9.1070674703713728e+00 1.7725913536281927e-06
9.1086838413375908e+00 1.7696319688823802e-06
9.1103002123038088e+00 1.7666775249019897e-06
9.1119165832700251e+00 1.7637280134383023e-06
9.1135329542362431e+00 1.7607834262563477e-06
9.1151493252024611e+00 1.7578437551349255e-06
9.1167656961686774e+00 1.7549089918665531e-06
9.1183820671348954e+00 1.7519791282574394e-06
9.1199984381011134e+00 1.7490541561274893e-06
9.1216148090673297e+00 1.7461340673102677e-06
9.1232311800335477e+00 1.7432188536529461e-06
9.1248475509997640e+00 1.7403085070163371e-06
9.1264639219659820e+00 1.7374030192748278e-06
9.1280802929322000e+00 1.7345023823163732e-06
9.1296966638984163e+00 1.7316065880424722e-06
9.1313130348646343e+00 1.7287156283681442e-06
9.1329294058308523e+00 1.7258294952219034e-06
9.1345457767970686e+00 1.7229481805457521e-06
9.1361621477632866e+00 1.7200716762951266e-06
9.1377785187295046e+00 1.7171999744389045e-06
9.1393948896957209e+00 1.7143330669593759e-06
9.1410112606619389e+00 1.7114709458522115e-06
9.1426276316281552e+00 1.7086136031264389e-06
9.1442440025943732e+00 1.7057610308044333e-06
9.1458603735605912e+00 1.7029132209218949e-06
9.1474767445268075e+00 1.7000701655278141e-06
9.1490931154930255e+00 1.6972318566844466e-06
9.1507094864592435e+00 1.6943982864673188e-06
9.1523258574254598e+00 1.6915694469651747e-06
9.1539422283916778e+00 1.6887453302799695e-06
9.1555585993578958e+00 1.6859259285268418e-06
9.1571749703241121e+00 1.6831112338341055e-06
9.1587913412903301e+00 1.6803012383431964e-06
9.1604077122565464e+00 1.6774959342086931e-06
9.1620240832227644e+00 1.6746953135982525e-06
9.1636404541889824e+00 1.6718993686926162e-06
9.1652568251551987e+00 1.6691080916855889e-06
9.1668731961214167e+00 1.6663214747839879e-06
9.1684895670876347e+00 1.6635395102076616e-06
9.1701059380538510e+00 1.6607621901894388e-06
9.1717223090200690e+00 1.6579895069751072e-06
9.1733386799862870e+00 1.6552214528234146e-06
9.1749550509525033e+00 1.6524580200060330e-06
9.1765714219187213e+00 1.6496992008075236e-06
9.1781877928849376e+00 1.6469449875253382e-06
9.1798041638511556e+00 1.6441953724697848e-06
9.1814205348173736e+00 1.6414503479640189e-06
9.1830369057835899e+00 1.6387099063439972e-06
9.1846532767498079e+00 1.6359740399584788e-06
9.1862696477160259e+00 1.6332427411690036e-06
9.1878860186822422e+00 1.6305160023498582e-06
9.1895023896484602e+00 1.6277938158880510e-06
9.1911187606146765e+00 1.6250761741833219e-06
9.1927351315808945e+00 1.6223630696480756e-06
9.1943515025471125e+00 1.6196544947074053e-06
9.1959678735133288e+00 1.6169504417990412e-06
9.1975842444795468e+00 1.6142509033733313e-06
9.1992006154457648e+00 1.6115558718932418e-06
9.2008169864119811e+00 1.6088653398343248e-06
9.2024333573781991e+00 1.6061792996846692e-06
9.2040497283444171e+00 1.6034977439449311e-06
9.2056660993106334e+00 1.6008206651282834e-06
9.2072824702768514e+00 1.5981480557603850e-06
9.2088988412430677e+00 1.5954799083793843e-06
9.2105152122092857e+00 1.5928162155358848e-06
9.2121315831755037e+00 1.5901569697929240e-06
9.2137479541417200e+00 1.5875021637259669e-06
9.2153643251079380e+00 1.5848517899228568e-06
9.2169806960741560e+00 1.5822058409838208e-06
9.2185970670403723e+00 1.5795643095214457e-06
9.2202134380065903e+00 1.5769271881606451e-06
9.2218298089728084e+00 1.5742944695386385e-06
9.2234461799390246e+00 1.5716661463049536e-06
9.2250625509052426e+00 1.5690422111213790e-06
9.2266789218714589e+00 1.5664226566619602e-06
9.2282952928376769e+00 1.5638074756129625e-06
9.2299116638038949e+00 1.5611966606728780e-06
9.2315280347701112e+00 1.5585902045523784e-06
9.2331444057363292e+00 1.5559880999743070e-06
9.2347607767025472e+00 1.5533903396736574e-06
9.2363771476687635e+00 1.5507969163975516e-06
9.2379935186349815e+00 1.5482078229052185e-06
9.2396098896011996e+00 1.5456230519679854e-06
9.2412262605674158e+00 1.5430425963692325e-06
9.2428426315336338e+00 1.5404664489043967e-06
9.2444590024998501e+00 1.5378946023809506e-06
9.2460753734660681e+00 1.5353270496183592e-06
9.2476917444322861e+00 1.5327637834480830e-06
9.2493081153985024e+00 1.5302047967135594e-06
9.2509244863647204e+00 1.5276500822701546e-06
9.2525408573309385e+00 1.5250996329851819e-06
9.2541572282971547e+00 1.5225534417378549e-06
9.2557735992633727e+00 1.5200115014192662e-06
9.2573899702295908e+00 1.5174738049323926e-06
9.2590063411958070e+00 1.5149403451920580e-06
9.2606227121620250e+00 1.5124111151249017e-06
9.2622390831282413e+00 1.5098861076693837e-06
9.2638554540944593e+00 1.5073653157757499e-06
9.2654718250606773e+00 1.5048487324060135e-06
9.2670881960268936e+00 1.5023363505339494e-06
9.2687045669931116e+00 1.4998281631450457e-06
9.2703209379593297e+00 1.4973241632365095e-06
9.2719373089255459e+00 1.4948243438172457e-06
9.2735536798917639e+00 1.4923286979078246e-06
9.2751700508579802e+00 1.4898372185404636e-06
9.2767864218241982e+00 1.4873498987590189e-06
9.2784027927904162e+00 1.4848667316189648e-06
9.2800191637566325e+00 1.4823877101873646e-06
9.2816355347228505e+00 1.4799128275428489e-06
9.2832519056890686e+00 1.4774420767756183e-06
9.2848682766552848e+00 1.4749754509874004e-06
9.2864846476215028e+00 1.4725129432914411e-06
9.2881010185877209e+00 1.4700545468124846e-06
9.2897173895539371e+00 1.4676002546867529e-06
9.2913337605201551e+00 1.4651500600619254e-06
9.2929501314863714e+00 1.4627039560971341e-06
9.2945665024525894e+00 1.4602619359629063e-06
9.2961828734188074e+00 1.4578239928411942e-06
9.2977992443850237e+00 1.4553901199253305e-06
9.2994156153512417e+00 1.4529603104199995e-06
9.3010319863174598e+00 1.4505345575412371e-06
9.3026483572836760e+00 1.4481128545164137e-06
9.3042647282498940e+00 1.4456951945841884e-06
9.3058810992161121e+00 1.4432815709945267e-06
9.3074974701823283e+00 1.4408719770086560e-06
9.3091138411485463e+00 1.4384664058990457e-06
9.3107302121147626e+00 1.4360648509494128e-06
9.3123465830809806e+00 1.4336673054546805e-06
9.3139629540471987e+00 1.4312737627209572e-06
9.3155793250134149e+00 1.4288842160655429e-06
9.3171956959796329e+00 1.4264986588168847e-06
9.3188120669458510e+00 1.4241170843145696e-06
9.3204284379120672e+00 1.4217394859093052e-06
9.3220448088782852e+00 1.4193658569629000e-06
9.3236611798445033e+00 1.4169961908482424e-06
9.3252775508107195e+00 1.4146304809492950e-06
9.3268939217769375e+00 1.4122687206610512e-06
9.3285102927431538e+00 1.4099109033895421e-06
9.3301266637093718e+00 1.4075570225518011e-06
9.3317430346755899e+00 1.4052070715758636e-06
9.3333594056418061e+00 1.4028610439007210e-06
9.3349757766080241e+00 1.4005189329763271e-06
9.3365921475742422e+00 1.3981807322635746e-06
9.3382085185404584e+00 1.3958464352342699e-06
9.3398248895066764e+00 1.3935160353711098e-06
9.3414412604728945e+00 1.3911895261676878e-06
9.3430576314391107e+00 1.3888669011284488e-06
9.3446740024053287e+00 1.3865481537686861e-06
9.3462903733715450e+00 1.3842332776145208e-06
9.3479067443377630e+00 1.3819222662028728e-06
9.3495231153039811e+00 1.3796151130814651e-06
9.3511394862701973e+00 1.3773118118087916e-06
9.3527558572364153e+00 1.3750123559540894e-06
9.3543722282026334e+00 1.3727167390973390e-06
9.3559885991688496e+00 1.3704249548292465e-06
9.3576049701350676e+00 1.3681369967512009e-06
9.3592213411012857e+00 1.3658528584752918e-06
9.3608377120675019e+00 1.3635725336242658e-06
9.3624540830337200e+00 1.3612960158315092e-06
9.3640704539999362e+00 1.3590232987410520e-06
9.3656868249661542e+00 1.3567543760075286e-06
9.3673031959323723e+00 1.3544892412961597e-06
9.3689195668985885e+00 1.3522278882827566e-06
9.3705359378648065e+00 1.3499703106536795e-06
9.3721523088310246e+00 1.3477165021058316e-06
9.3737686797972408e+00 1.3454664563466393e-06
9.3753850507634588e+00 1.3432201670940345e-06
9.3770014217296751e+00 1.3409776280764378e-06
9.3786177926958931e+00 1.3387388330327394e-06
9.3802341636621112e+00 1.3365037757122807e-06
9.3818505346283274e+00 1.3342724498748482e-06
9.3834669055945454e+00 1.3320448492906302e-06
9.3850832765607635e+00 1.3298209677402319e-06
9.3866996475269797e+00 1.3276007990146355e-06
9.3883160184931977e+00 1.3253843369151812e-06
9.3899323894594158e+00 1.3231715752535712e-06
9.3915487604256320e+00 1.3209625078518403e-06
9.3931651313918501e+00 1.3187571285423172e-06
9.3947815023580663e+00 1.3165554311676528e-06
9.3963978733242843e+00 1.3143574095807576e-06
9.3980142442905024e+00 1.3121630576448204e-06
9.3996306152567186e+00 1.3099723692332671e-06
9.4012469862229366e+00 1.3077853382297534e-06
9.4028633571891547e+00 1.3056019585281447e-06
9.4044797281553709e+00 1.3034222240325102e-06
9.4060960991215889e+00 1.3012461286570813e-06
9.4077124700878070e+00 1.2990736663262586e-06
9.4093288410540232e+00 1.2969048309745887e-06
9.4109452120202413e+00 1.2947396165467416e-06
9.4125615829864575e+00 1.2925780169974910e-06
9.4141779539526755e+00 1.2904200262917090e-06
9.4157943249188936e+00 1.2882656384043472e-06
9.4174106958851098e+00 1.2861148473204118e-06
9.4190270668513278e+00 1.2839676470349445e-06
9.4206434378175459e+00 1.2818240315530261e-06
9.4222598087837621e+00 1.2796839948897365e-06
9.4238761797499802e+00 1.2775475310701506e-06
9.4254925507161982e+00 1.2754146341293180e-06
9.4271089216824144e+00 1.2732852981122473e-06
9.4287252926486325e+00 1.2711595170738867e-06
9.4303416636148487e+00 1.2690372850791185e-06
9.4319580345810667e+00 1.2669185962027210e-06
9.4335744055472848e+00 1.2648034445293708e-06
9.4351907765135010e+00 1.2626918241536272e-06
9.4368071474797190e+00 1.2605837291798941e-06
9.4384235184459371e+00 1.2584791537224325e-06
9.4400398894121533e+00 1.2563780919053234e-06
9.4416562603783714e+00 1.2542805378624521e-06
9.4432726313445894e+00 1.2521864857375072e-06
9.4448890023108056e+00 1.2500959296839580e-06
9.4465053732770237e+00 1.2480088638650140e-06
9.4481217442432399e+00 1.2459252824536516e-06
9.4497381152094579e+00 1.2438451796325650e-06
9.4513544861756760e+00 1.2417685495941621e-06
9.4529708571418922e+00 1.2396953865405476e-06
9.4545872281081103e+00 1.2376256846835046e-06
9.4562035990743283e+00 1.2355594382444786e-06
9.4578199700405445e+00 1.2334966414545714e-06
9.4594363410067626e+00 1.2314372885545022e-06
9.4610527119729788e+00 1.2293813737946144e-06
9.4626690829391968e+00 1.2273288914348472e-06
9.4642854539054149e+00 1.2252798357447304e-06
9.4659018248716311e+00 1.2232342010033486e-06
9.4675181958378491e+00 1.2211919814993438e-06
9.4691345668040672e+00 1.2191531715308980e-06
9.4707509377702834e+00 1.2171177654057080e-06
9.4723673087365015e+00 1.2150857574409672e-06
9.4739836797027195e+00 1.2130571419633699e-06
9.4756000506689357e+00 1.2110319133090736e-06
9.4772164216351538e+00 1.2090100658236938e-06
9.4788327926013700e+00 1.2069915938622879e-06
9.4804491635675880e+00 1.2049764917893297e-06
9.4820655345338061e+00 1.2029647539787120e-06
9.4836819055000223e+00 1.2009563748137225e-06
9.4852982764662404e+00 1.1989513486870070e-06
9.4869146474324584e+00 1.1969496700005930e-06
9.4885310183986746e+00 1.1949513331658503e-06
9.4901473893648927e+00 1.1929563326034695e-06
9.4917637603311107e+00 1.1909646627434620e-06
9.4933801312973269e+00 1.1889763180251448e-06
9.4949965022635450e+00 1.1869912928971040e-06
9.4966128732297612e+00 1.1850095818172106e-06
9.4982292441959792e+00 1.1830311792525732e-06
9.4998456151621973e+00 1.1810560796795451e-06
9.5014619861284135e+00 1.1790842775837043e-06
9.5030783570946316e+00 1.1771157674598322e-06
9.5046947280608496e+00 1.1751505438118945e-06
9.5063110990270658e+00 1.1731886011530454e-06
9.5079274699932839e+00 1.1712299340055907e-06
9.5095438409595019e+00 1.1692745369009840e-06
9.5111602119257181e+00 1.1673224043798087e-06
9.5127765828919362e+00 1.1653735309917623e-06
9.5143929538581524e+00 1.1634279112956421e-06
9.5160093248243705e+00 1.1614855398593304e-06
9.5176256957905885e+00 1.1595464112597767e-06
9.5192420667568047e+00 1.1576105200829861e-06
9.5208584377230228e+00 1.1556778609239998e-06
9.5224748086892408e+00 1.1537484283868907e-06
9.5240911796554570e+00 1.1518222170847286e-06
9.5257075506216751e+00 1.1498992216395825e-06
9.5273239215878931e+00 1.1479794366825042e-06
9.5289402925541093e+00 1.1460628568535037e-06
9.5305566635203274e+00 1.1441494768015404e-06
9.5321730344865436e+00 1.1422392911845102e-06
9.5337894054527617e+00 1.1403322946692197e-06
9.5354057764189797e+00 1.1384284819313892e-06
9.5370221473851959e+00 1.1365278476556308e-06
9.5386385183514140e+00 1.1346303865354110e-06
9.5402548893176320e+00 1.1327360932730755e-06
9.5418712602838482e+00 1.1308449625798117e-06
9.5434876312500663e+00 1.1289569891756270e-06
9.5451040022162843e+00 1.1270721677893497e-06
9.5467203731825006e+00 1.1251904931586147e-06
9.5483367441487186e+00 1.1233119600298284e-06
9.5499531151149348e+00 1.1214365631581844e-06
9.5515694860811529e+00 1.1195642973076183e-06
9.5531858570473709e+00 1.1176951572508132e-06
9.5548022280135871e+00 1.1158291377691848e-06
9.5564185989798052e+00 1.1139662336528552e-06
9.5580349699460232e+00 1.1121064397006403e-06
9.5596513409122394e+00 1.1102497507200505e-06
9.5612677118784575e+00 1.1083961615272575e-06
9.5628840828446737e+00 1.1065456669470919e-06
9.5645004538108918e+00 1.1046982618130156e-06
9.5661168247771098e+00 1.1028539409671287e-06
9.5677331957433260e+00 1.1010126992601345e-06
9.5693495667095441e+00 1.0991745315513351e-06
9.5709659376757621e+00 1.0973394327086148e-06
9.5725823086419783e+00 1.0955073976084267e-06
9.5741986796081964e+00 1.0936784211357755e-06
9.5758150505744144e+00 1.0918524981842135e-06
9.5774314215406307e+00 1.0900296236558061e-06
9.5790477925068487e+00 1.0882097924611366e-06
9.5806641634730649e+00 1.0863929995192899e-06
9.5822805344392830e+00 1.0845792397578227e-06
9.5838969054055010e+00 1.0827685081127665e-06
9.5855132763717172e+00 1.0809607995286118e-06
9.5871296473379353e+00 1.0791561089582770e-06
9.5887460183041533e+00 1.0773544313631195e-06
9.5903623892703695e+00 1.0755557617129034e-06
9.5919787602365876e+00 1.0737600949857853e-06
9.5935951312028056e+00 1.0719674261683150e-06
9.5952115021690219e+00 1.0701777502554146e-06
9.5968278731352399e+00 1.0683910622503450e-06
9.5984442441014561e+00 1.0666073571647286e-06
9.6000606150676742e+00 1.0648266300185043e-06
9.6016769860338922e+00 1.0630488758399348e-06
9.6032933570001084e+00 1.0612740896655723e-06
9.6049097279663265e+00 1.0595022665402604e-06
9.6065260989325445e+00 1.0577334015171206e-06
9.6081424698987608e+00 1.0559674896575280e-06
9.6097588408649788e+00 1.0542045260310985e-06
9.6113752118311968e+00 1.0524445057156902e-06
9.6129915827974131e+00 1.0506874237973705e-06
9.6146079537636311e+00 1.0489332753704142e-06
9.6162243247298473e+00 1.0471820555372871e-06
9.6178406956960654e+00 1.0454337594086245e-06
9.6194570666622834e+00 1.0436883821032335e-06
9.6210734376284996e+00 1.0419459187480710e-06
9.6226898085947177e+00 1.0402063644782202e-06
9.6243061795609357e+00 1.0384697144368913e-06
9.6259225505271520e+00 1.0367359637754096e-06
9.6275389214933700e+00 1.0350051076531817e-06
9.6291552924595880e+00 1.0332771412377087e-06
9.6307716634258043e+00 1.0315520597045546e-06
9.6323880343920223e+00 1.0298298582373320e-06
9.6340044053582385e+00 1.0281105320277056e-06
9.6356207763244566e+00 1.0263940762753625e-06
9.6372371472906746e+00 1.0246804861879980e-06
9.6388535182568909e+00 1.0229697569813200e-06
9.6404698892231089e+00 1.0212618838790160e-06
9.6420862601893269e+00 1.0195568621127496e-06
9.6437026311555432e+00 1.0178546869221455e-06
9.6453190021217612e+00 1.0161553535547759e-06
9.6469353730879774e+00 1.0144588572661470e-06
9.6485517440541955e+00 1.0127651933196862e-06
9.6501681150204135e+00 1.0110743569867291e-06
9.6517844859866297e+00 1.0093863435465052e-06
9.6534008569528478e+00 1.0077011482861244e-06
9.6550172279190658e+00 1.0060187665005714e-06
9.6566335988852821e+00 1.0043391934926757e-06
9.6582499698515001e+00 1.0026624245731142e-06
9.6598663408177181e+00 1.0009884550603962e-06
9.6614827117839344e+00 9.9931728028084300e-07
9.6630990827501524e+00 9.9764889556857405e-07
9.6647154537163686e+00 9.9598329626551078e-07
9.6663318246825867e+00 9.9432047772133665e-07
9.6679481956488047e+00 9.9266043529351215e-07
9.6695645666150210e+00 9.9100316434724260e-07
9.6711809375812390e+00 9.8934866025546674e-07
9.6727973085474570e+00 9.8769691839885630e-07
9.6744136795136733e+00 9.8604793416579716e-07
9.6760300504798913e+00 9.8440170295235904e-07
9.6776464214461093e+00 9.8275822016231290e-07
9.6792627924123256e+00 9.8111748120710232e-07
9.6808791633785436e+00 9.7947948150582235e-07
9.6824955343447598e+00 9.7784421648522311e-07
9.6841119053109779e+00 9.7621168157968816e-07
9.6857282762771959e+00 9.7458187223122162e-07
9.6873446472434122e+00 9.7295478388944434e-07
9.6889610182096302e+00 9.7133041201156360e-07
9.6905773891758482e+00 9.6970875206237656e-07
9.6921937601420645e+00 9.6808979951425514e-07
9.6938101311082825e+00 9.6647354984712660e-07
9.6954265020745005e+00 9.6485999854845999e-07
9.6970428730407168e+00 9.6324914111326779e-07
9.6986592440069348e+00 9.6164097304407759e-07
9.7002756149731511e+00 9.6003548985092804e-07
9.7018919859393691e+00 9.5843268705134787e-07
9.7035083569055871e+00 9.5683256017035955e-07
9.7051247278718034e+00 9.5523510474044936e-07
9.7067410988380214e+00 9.5364031630156447e-07
9.7083574698042394e+00 9.5204819040109769e-07
9.7099738407704557e+00 9.5045872259387589e-07
9.7115902117366737e+00 9.4887190844214557e-07
9.7132065827028917e+00 9.4728774351556728e-07
9.7148229536691080e+00 9.4570622339119436e-07
9.7164393246353260e+00 9.4412734365345984e-07
9.7180556956015423e+00 9.4255109989418001e-07
9.7196720665677603e+00 9.4097748771251759e-07
9.7212884375339783e+00 9.3940650271499420e-07
9.7229048085001946e+00 9.3783814051546139e-07
9.7245211794664126e+00 9.3627239673508872e-07
9.7261375504326306e+00 9.3470926700236436e-07
9.7277539213988469e+00 9.3314874695307673e-07
9.7293702923650649e+00 9.3159083223028528e-07
9.7309866633312829e+00 9.3003551848433860e-07
9.7326030342974992e+00 9.2848280137284512e-07
9.7342194052637172e+00 9.2693267656065536e-07
9.7358357762299335e+00 9.2538513971986328e-07
9.7374521471961515e+00 9.2384018652978759e-07
9.7390685181623695e+00 9.2229781267695799e-07
9.7406848891285858e+00 9.2075801385511257e-07
9.7423012600948038e+00 9.1922078576516958e-07
9.7439176310610218e+00 9.1768612411522843e-07
9.7455340020272381e+00 9.1615402462055814e-07
9.7471503729934561e+00 9.1462448300357774e-07
9.7487667439596724e+00 9.1309749499384409e-07
9.7503831149258904e+00 9.1157305632804757e-07
9.7519994858921084e+00 9.1005116274999903e-07
9.7536158568583247e+00 9.0853181001061200e-07
9.7552322278245427e+00 9.0701499386788947e-07
9.7568485987907607e+00 9.0550071008692547e-07
9.7584649697569770e+00 9.0398895443987861e-07
9.7600813407231950e+00 9.0247972270596720e-07
9.7616977116894130e+00 9.0097301067145653e-07
9.7633140826556293e+00 8.9946881412964631e-07
9.7649304536218473e+00 8.9796712888085846e-07
9.7665468245880636e+00 8.9646795073243384e-07
9.7681631955542816e+00 8.9497127549869763e-07
9.7697795665204996e+00 8.9347709900097699e-07
9.7713959374867159e+00 8.9198541706757389e-07
9.7730123084529339e+00 8.9049622553374728e-07
9.7746286794191519e+00 8.8900952024171430e-07
9.7762450503853682e+00 8.8752529704063762e-07
9.7778614213515862e+00 8.8604355178659924e-07
9.7794777923178042e+00 8.8456428034261084e-07
9.7810941632840205e+00 8.8308747857858561e-07
9.7827105342502385e+00 8.8161314237132779e-07
9.7843269052164548e+00 8.8014126760453412e-07
9.7859432761826728e+00 8.7867185016876984e-07
9.7875596471488908e+00 8.7720488596145554e-07
9.7891760181151071e+00 8.7574037088687097e-07
9.7907923890813251e+00 8.7427830085612743e-07
9.7924087600475431e+00 8.7281867178716413e-07
9.7940251310137594e+00 8.7136147960473553e-07
9.7956415019799774e+00 8.6990672024039986e-07
9.7972578729461954e+00 8.6845438963250603e-07
9.7988742439124117e+00 8.6700448372618885e-07
9.8004906148786297e+00 8.6555699847334763e-07
9.8021069858448460e+00 8.6411192983264385e-07
9.8037233568110640e+00 8.6266927376947961e-07
9.8053397277772820e+00 8.6122902625600052e-07
9.8069560987434983e+00 8.5979118327107850e-07
9.8085724697097163e+00 8.5835574080028496e-07
9.8101888406759343e+00 8.5692269483590712e-07
9.8118052116421506e+00 8.5549204137692197e-07
9.8134215826083686e+00 8.5406377642897835e-07
9.8150379535745866e+00 8.5263789600439857e-07
9.8166543245408029e+00 8.5121439612216684e-07
9.8182706955070209e+00 8.4979327280790346e-07
9.8198870664732372e+00 8.4837452209387731e-07
9.8215034374394552e+00 8.4695814001896495e-07
9.8231198084056732e+00 8.4554412262867003e-07
9.8247361793718895e+00 8.4413246597509493e-07
9.8263525503381075e+00 8.4272316611693191e-07
9.8279689213043255e+00 8.4131621911944844e-07
9.8295852922705418e+00 8.3991162105449081e-07
9.8312016632367598e+00 8.3850936800045676e-07
9.8328180342029761e+00 8.3710945604229457e-07
9.8344344051691941e+00 8.3571188127148275e-07
9.8360507761354121e+00 8.3431663978603441e-07
9.8376671471016284e+00 8.3292372769047054e-07
9.8392835180678464e+00 8.3153314109581790e-07
9.8408998890340644e+00 8.3014487611959549e-07
9.8425162600002807e+00 8.2875892888580439e-07
9.8441326309664987e+00 8.2737529552491539e-07
9.8457490019327167e+00 8.2599397217386533e-07
9.8473653728989330e+00 8.2461495497603156e-07
9.8489817438651510e+00 8.2323824008123493e-07
9.8505981148313673e+00 8.2186382364572834e-07
9.8522144857975853e+00 8.2049170183217312e-07
9.8538308567638033e+00 8.1912187080964189e-07
9.8554472277300196e+00 8.1775432675360696e-07
9.8570635986962376e+00 8.1638906584591599e-07
9.8586799696624556e+00 8.1502608427480109e-07
9.8602963406286719e+00 8.1366537823485420e-07
9.8619127115948899e+00 8.1230694392701544e-07
9.8635290825611079e+00 8.1095077755857556e-07
9.8651454535273242e+00 8.0959687534315829e-07
9.8667618244935422e+00 8.0824523350069591e-07
9.8683781954597585e+00 8.0689584825744627e-07
9.8699945664259765e+00 8.0554871584596013e-07
9.8716109373921945e+00 8.0420383250507960e-07
9.8732273083584108e+00 8.0286119447992603e-07
9.8748436793246288e+00 8.0152079802188980e-07
9.8764600502908468e+00 8.0018263938861819e-07
9.8780764212570631e+00 7.9884671484401214e-07
9.8796927922232811e+00 7.9751302065820156e-07
9.8813091631894991e+00 7.9618155310754777e-07
9.8829255341557154e+00 7.9485230847463153e-07
9.8845419051219334e+00 7.9352528304823728e-07
9.8861582760881497e+00 7.9220047312334222e-07
9.8877746470543677e+00 7.9087787500111249e-07
9.8893910180205857e+00 7.8955748498889198e-07
9.8910073889868020e+00 7.8823929940018545e-07
9.8926237599530200e+00 7.8692331455465392e-07
9.8942401309192380e+00 7.8560952677810255e-07
9.8958565018854543e+00 7.8429793240247074e-07
9.8974728728516723e+00 7.8298852776582054e-07
9.8990892438178903e+00 7.8168130921233309e-07
9.9007056147841066e+00 7.8037627309228496e-07
9.9023219857503246e+00 7.7907341576204981e-07
9.9039383567165409e+00 7.7777273358408880e-07
9.9055547276827589e+00 7.7647422292692762e-07
9.9071710986489769e+00 7.7517788016515927e-07
9.9087874696151932e+00 7.7388370167943305e-07
9.9104038405814112e+00 7.7259168385643187e-07
9.9120202115476292e+00 7.7130182308888009e-07
9.9136365825138455e+00 7.7001411577552081e-07
9.9152529534800635e+00 7.6872855832110541e-07
9.9168693244462816e+00 7.6744514713639446e-07
9.9184856954124978e+00 7.6616387863814182e-07
9.9201020663787158e+00 7.6488474924907208e-07
9.9217184373449321e+00 7.6360775539789516e-07
9.9233348083111501e+00 7.6233289351927703e-07
9.9249511792773681e+00 7.6106016005383700e-07
9.9265675502435844e+00 7.5978955144813709e-07
9.9281839212098024e+00 7.5852106415467201e-07
9.9298002921760204e+00 7.5725469463185737e-07
9.9314166631422367e+00 7.5599043934402739e-07
9.9330330341084547e+00 7.5472829476141061e-07
9.9346494050746710e+00 7.5346825736013460e-07
9.9362657760408890e+00 7.5221032362220684e-07
9.9378821470071070e+00 7.5095449003551362e-07
9.9394985179733233e+00 7.4970075309379733e-07
9.9411148889395413e+00 7.4844910929665747e-07
9.9427312599057593e+00 7.4719955514954048e-07
9.9443476308719756e+00 7.4595208716372467e-07
9.9459640018381936e+00 7.4470670185630828e-07
9.9475803728044117e+00 7.4346339575021279e-07
9.9491967437706279e+00 7.4222216537415913e-07
9.9508131147368459e+00 7.4098300726266519e-07
9.9524294857030622e+00 7.3974591795603571e-07
9.9540458566692802e+00 7.3851089400034636e-07
9.9556622276354982e+00 7.3727793194744564e-07
9.9572785986017145e+00 7.3604702835494031e-07
9.9588949695679325e+00 7.3481817978617217e-07
9.9605113405341505e+00 7.3359138281023278e-07
9.9621277115003668e+00 7.3236663400194019e-07
9.9637440824665848e+00 7.3114392994182417e-07
9.9653604534328029e+00 7.2992326721612787e-07
9.9669768243990191e+00 7.2870464241679687e-07
9.9685931953652371e+00 7.2748805214145819e-07
9.9702095663314534e+00 7.2627349299342916e-07
9.9718259372976714e+00 7.2506096158168929e-07
9.9734423082638894e+00 7.2385045452088282e-07
9.9750586792301057e+00 7.2264196843130882e-07
9.9766750501963237e+00 7.2143549993890501e-07
9.9782914211625418e+00 7.2023104567524362e-07
9.9799077921287580e+00 7.1902860227751998e-07
9.9815241630949760e+00 7.1782816638854442e-07
9.9831405340611941e+00 7.1662973465673039e-07
9.9847569050274103e+00 7.1543330373609213e-07
9.9863732759936283e+00 7.1423887028622265e-07
9.9879896469598446e+00 7.1304643097229659e-07
9.9896060179260626e+00 7.1185598246505402e-07
9.9912223888922806e+00 7.1066752144079801e-07
9.9928387598584969e+00 7.0948104458137303e-07
9.9944551308247149e+00 7.0829654857416756e-07
9.9960715017909330e+00 7.0711403011210263e-07
9.9976878727571492e+00 7.0593348589361786e-07
9.9993042437233672e+00 7.0475491262266169e-07
1.0000920614689585e+01 7.0357830700869257e-07
1.0002536985655802e+01 7.0240366576665767e-07
1.0004153356622020e+01 7.0123098561698961e-07
1.0005769727588236e+01 7.0006026328559827e-07
1.0007386098554454e+01 6.9889149550385390e-07
1.0009002469520672e+01 6.9772467900859046e-07
1.0010618840486888e+01 6.9655981054209128e-07
1.0012235211453106e+01 6.9539688685206684e-07
1.0013851582419324e+01 6.9423590469166897e-07
1.0015467953385540e+01 6.9307686081946880e-07
1.0017084324351758e+01 6.9191975199944283e-07
1.0018700695317975e+01 6.9076457500097530e-07
1.0020317066284193e+01 6.8961132659884280e-07
1.0021933437250411e+01 6.8846000357320501e-07
1.0023549808216627e+01 6.8731060270960248e-07
1.0025166179182845e+01 6.8616312079893380e-07
1.0026782550149063e+01 6.8501755463746318e-07
1.0028398921115279e+01 6.8387390102679960e-07
1.0030015292081497e+01 6.8273215677389219e-07
1.0031631663047715e+01 6.8159231869102170e-07
1.0033248034013932e+01 6.8045438359579016e-07
1.0034864404980150e+01 6.7931834831111220e-07
1.0036480775946366e+01 6.7818420966521195e-07
1.0038097146912584e+01 6.7705196449159735e-07
1.0039713517878802e+01 6.7592160962907368e-07
1.0041329888845018e+01 6.7479314192172239e-07
1.0042946259811236e+01 6.7366655821888838e-07
1.0044562630777454e+01 6.7254185537517950e-07
1.0046179001743671e+01 6.7141903025045921e-07
1.0047795372709889e+01 6.7029807970982471e-07
1.0049411743676107e+01 6.6917900062361534e-07
1.0051028114642323e+01 6.6806178986739212e-07
1.0052644485608541e+01 6.6694644432192879e-07
1.0054260856574757e+01 6.6583296087321385e-07
1.0055877227540975e+01 6.6472133641243089e-07
1.0057493598507193e+01 6.6361156783595049e-07
1.0059109969473409e+01 6.6250365204533196e-07
1.0060726340439627e+01 6.6139758594730265e-07
1.0062342711405845e+01 6.6029336645375526e-07
1.0063959082372062e+01 6.5919099048173835e-07
1.0065575453338280e+01 6.5809045495344749e-07
1.0067191824304498e+01 6.5699175679621581e-07
1.0068808195270714e+01 6.5589489294251054e-07
1.0070424566236932e+01 6.5479986032991328e-07
1.0072040937203148e+01 6.5370665590112361e-07
1.0073657308169366e+01 6.5261527660394248e-07
1.0075273679135584e+01 6.5152571939127019e-07
1.0076890050101801e+01 6.5043798122109209e-07
1.0078506421068019e+01 6.4935205905646854e-07
1.0080122792034237e+01 6.4826794986553712e-07
1.0081739163000453e+01 6.4718565062149281e-07
1.0083355533966671e+01 6.4610515830258475e-07
1.0084971904932889e+01 6.4502646989210701e-07
1.0086588275899105e+01 6.4394958237839054e-07
1.0088204646865323e+01 6.4287449275479257e-07
1.0089821017831540e+01 6.4180119801969621e-07
1.0091437388797758e+01 6.4072969517648397e-07
1.0093053759763976e+01 6.3965998123355217e-07
1.0094670130730192e+01 6.3859205320428993e-07
1.0096286501696410e+01 6.3752590810706729e-07
1.0097902872662628e+01 6.3646154296523534e-07
1.0099519243628844e+01 6.3539895480711843e-07
1.0101135614595062e+01 6.3433814066599403e-07
1.0102751985561278e+01 6.3327909758010197e-07
1.0104368356527496e+01 6.3222182259261847e-07
1.0105984727493714e+01 6.3116631275165987e-07
1.0107601098459931e+01 6.3011256511027327e-07
1.0109217469426149e+01 6.2906057672642294e-07
1.0110833840392367e+01 6.2801034466298211e-07
1.0112450211358583e+01 6.2696186598773405e-07
1.0114066582324801e+01 6.2591513777335312e-07
1.0115682953291019e+01 6.2487015709740190e-07
1.0117299324257235e+01 6.2382692104232200e-07
1.0118915695223453e+01 6.2278542669542640e-07
1.0120532066189670e+01 6.2174567114889017e-07
1.0122148437155888e+01 6.2070765149974378e-07
1.0123764808122106e+01 6.1967136484986380e-07
1.0125381179088322e+01 6.1863680830596545e-07
1.0126997550054540e+01 6.1760397897959334e-07
1.0128613921020758e+01 6.1657287398711855e-07
1.0130230291986974e+01 6.1554349044972036e-07
1.0131846662953192e+01 6.1451582549338708e-07
1.0133463033919410e+01 6.1348987624890756e-07
1.0135079404885627e+01 6.1246563985185896e-07
1.0136695775851845e+01 6.1144311344259715e-07
1.0138312146818061e+01 6.1042229416625985e-07
1.0139928517784279e+01 6.0940317917274266e-07
1.0141544888750497e+01 6.0838576561670669e-07
1.0143161259716713e+01 6.0737005065756024e-07
1.0144777630682931e+01 6.0635603145945099e-07
1.0146394001649149e+01 6.0534370519126648e-07
1.0148010372615365e+01 6.0433306902662190e-07
1.0149626743581583e+01 6.0332412014384149e-07
1.0151243114547801e+01 6.0231685572596979e-07
1.0152859485514018e+01 6.0131127296075388e-07
1.0154475856480236e+01 6.0030736904062978e-07
1.0156092227446452e+01 5.9930514116272576e-07
1.0157708598412670e+01 5.9830458652884816e-07
1.0159324969378888e+01 5.9730570234547395e-07
1.0160941340345104e+01 5.9630848582374810e-07
1.0162557711311322e+01 5.9531293417946559e-07
1.0164174082277540e+01 5.9431904463307265e-07
1.0165790453243757e+01 5.9332681440965813e-07
1.0167406824209975e+01 5.9233624073894063e-07
1.0169023195176193e+01 5.9134732085526481e-07
1.0170639566142409e+01 5.9036005199759244e-07
1.0172255937108627e+01 5.8937443140949535e-07
1.0173872308074843e+01 5.8839045633914697e-07
1.0175488679041061e+01 5.8740812403931494e-07
1.0177105050007279e+01 5.8642743176735371e-07
1.0178721420973496e+01 5.8544837678519655e-07
1.0180337791939714e+01 5.8447095635934692e-07
1.0181954162905932e+01 5.8349516776087587e-07
1.0183570533872148e+01 5.8252100826540465e-07
1.0185186904838366e+01 5.8154847515310601e-07
1.0186803275804584e+01 5.8057756570869503e-07
1.0188419646770800e+01 5.7960827722141853e-07
1.0190036017737018e+01 5.7864060698504582e-07
1.0191652388703234e+01 5.7767455229787132e-07
1.0193268759669452e+01 5.7671011046269192e-07
1.0194885130635670e+01 5.7574727878681465e-07
1.0196501501601887e+01 5.7478605458203923e-07
1.0198117872568105e+01 5.7382643516465016e-07
1.0199734243534323e+01 5.7286841785541725e-07
1.0201350614500539e+01 5.7191199997958502e-07
1.0202966985466757e+01 5.7095717886685416e-07
1.0204583356432973e+01 5.7000395185139314e-07
1.0206199727399191e+01 5.6905231627181680e-07
1.0207816098365409e+01 5.6810226947118387e-07
1.0209432469331626e+01 5.6715380879698875e-07
1.0211048840297844e+01 5.6620693160115455e-07
1.0212665211264062e+01 5.6526163524002433e-07
1.0214281582230278e+01 5.6431791707435872e-07
1.0215897953196496e+01 5.6337577446931859e-07
1.0217514324162714e+01 5.6243520479446705e-07
1.0219130695128930e+01 5.6149620542376057e-07
1.0220747066095148e+01 5.6055877373553761e-07
1.0222363437061365e+01 5.5962290711251201e-07
1.0223979808027583e+01 5.5868860294176892e-07
1.0225596178993801e+01 5.5775585861475697e-07
1.0227212549960017e+01 5.5682467152728186e-07
1.0228828920926235e+01 5.5589503907948795e-07
1.0230445291892453e+01 5.5496695867586906e-07
1.0232061662858669e+01 5.5404042772525144e-07
1.0233678033824887e+01 5.5311544364078228e-07
1.0235294404791105e+01 5.5219200383993067e-07
1.0236910775757321e+01 5.5127010574448012e-07
1.0238527146723539e+01 5.5034974678051172e-07
1.0240143517689756e+01 5.4943092437841274e-07
1.0241759888655974e+01 5.4851363597284935e-07
1.0243376259622192e+01 5.4759787900277985e-07
1.0244992630588408e+01 5.4668365091143686e-07
1.0246609001554626e+01 5.4577094914631710e-07
1.0248225372520844e+01 5.4485977115918135e-07
1.0249841743487060e+01 5.4395011440604694e-07
1.0251458114453278e+01 5.4304197634717545e-07
1.0253074485419496e+01 5.4213535444706949e-07
1.0254690856385713e+01 5.4123024617446478e-07
1.0256307227351931e+01 5.4032664900232314e-07
1.0257923598318147e+01 5.3942456040782531e-07
1.0259539969284365e+01 5.3852397787236279e-07
1.0261156340250583e+01 5.3762489888153604e-07
1.0262772711216799e+01 5.3672732092513763e-07
1.0264389082183017e+01 5.3583124149715366e-07
1.0266005453149235e+01 5.3493665809575617e-07
1.0267621824115452e+01 5.3404356822329192e-07
1.0269238195081670e+01 5.3315196938627506e-07
1.0270854566047888e+01 5.3226185909538808e-07
1.0272470937014104e+01 5.3137323486546577e-07
1.0274087307980322e+01 5.3048609421549280e-07
1.0275703678946538e+01 5.2960043466859716e-07
1.0277320049912756e+01 5.2871625375203810e-07
1.0278936420878974e+01 5.2783354899720785e-07
1.0280552791845190e+01 5.2695231793962088e-07
1.0282169162811408e+01 5.2607255811889803e-07
1.0283785533777626e+01 5.2519426707877600e-07
1.0285401904743843e+01 5.2431744236709144e-07
1.0287018275710061e+01 5.2344208153577027e-07
1.0288634646676277e+01 5.2256818214082926e-07
1.0290251017642495e+01 5.2169574174236437e-07
1.0291867388608713e+01 5.2082475790454455e-07
1.0293483759574929e+01 5.1995522819560861e-07
1.0295100130541147e+01 5.1908715018785000e-07
1.0296716501507365e+01 5.1822052145761800e-07
1.0298332872473582e+01 5.1735533958531014e-07
1.0299949243439800e+01 5.1649160215536149e-07
1.0301565614406018e+01 5.1562930675623757e-07
1.0303181985372234e+01 5.1476845098043506e-07
1.0304798356338452e+01 5.1390903242446664e-07
1.0306414727304668e+01 5.1305104868885960e-07
1.0308031098270886e+01 5.1219449737814324e-07
1.0309647469237104e+01 5.1133937610085196e-07
1.0311263840203321e+01 5.1048568246950885e-07
1.0312880211169539e+01 5.0963341410062396e-07
1.0314496582135757e+01 5.0878256861468681e-07
1.0316112953101973e+01 5.0793314363615932e-07
1.0317729324068191e+01 5.0708513679346855e-07
1.0319345695034409e+01 5.0623854571900474e-07
1.0320962066000625e+01 5.0539336804910530e-07
1.0322578436966843e+01 5.0454960142405681e-07
1.0324194807933059e+01 5.0370724348808787e-07
1.0325811178899277e+01 5.0286629188935484e-07
1.0327427549865495e+01 5.0202674427994317e-07
1.0329043920831712e+01 5.0118859831586092e-07
1.0330660291797930e+01 5.0035185165702328e-07
1.0332276662764148e+01 4.9951650196725856e-07
1.0333893033730364e+01 4.9868254691429264e-07
1.0335509404696582e+01 4.9784998416974230e-07
1.0337125775662800e+01 4.9701881140911650e-07
1.0338742146629016e+01 4.9618902631180555e-07
1.0340358517595234e+01 4.9536062656106611e-07
1.0341974888561451e+01 4.9453360984403184e-07
1.0343591259527669e+01 4.9370797385169295e-07
1.0345207630493887e+01 4.9288371627889575e-07
1.0346824001460103e+01 4.9206083482433504e-07
1.0348440372426321e+01 4.9123932719054768e-07
1.0350056743392539e+01 4.9041919108390533e-07
1.0351673114358755e+01 4.8960042421461146e-07
1.0353289485324973e+01 4.8878302429669078e-07
1.0354905856291191e+01 4.8796698904798180e-07
1.0356522227257408e+01 4.8715231619013846e-07
1.0358138598223626e+01 4.8633900344861473e-07
1.0359754969189842e+01 4.8552704855266424e-07
1.0361371340156060e+01 4.8471644923532762e-07
1.0362987711122278e+01 4.8390720323343584e-07
1.0364604082088494e+01 4.8309930828759469e-07
1.0366220453054712e+01 4.8229276214218298e-07
1.0367836824020930e+01 4.8148756254534517e-07
1.0369453194987146e+01 4.8068370724898564e-07
1.0371069565953364e+01 4.7988119400876067e-07
1.0372685936919583e+01 4.7908002058407733e-07
1.0374302307885799e+01 4.7828018473807809e-07
1.0375918678852017e+01 4.7748168423764254e-07
1.0377535049818233e+01 4.7668451685338096e-07
1.0379151420784451e+01 4.7588868035962085e-07
1.0380767791750669e+01 4.7509417253440769e-07
1.0382384162716885e+01 4.7430099115949943e-07
1.0384000533683103e+01 4.7350913402035128e-07
1.0385616904649321e+01 4.7271859890612166e-07
1.0387233275615538e+01 4.7192938360965763e-07
1.0388849646581756e+01 4.7114148592748854e-07
1.0390466017547972e+01 4.7035490365982736e-07
1.0392082388514190e+01 4.6956963461055753e-07
1.0393698759480408e+01 4.6878567658722607e-07
1.0395315130446624e+01 4.6800302740104557e-07
1.0396931501412842e+01 4.6722168486687940e-07
1.0398547872379060e+01 4.6644164680324005e-07
1.0400164243345277e+01 4.6566291103228199e-07
1.0401780614311495e+01 4.6488547537979557e-07
1.0403396985277713e+01 4.6410933767520037e-07
1.0405013356243929e+01 4.6333449575154291e-07
1.0406629727210147e+01 4.6256094744548277e-07
1.0408246098176363e+01 4.6178869059729441e-07
1.0409862469142581e+01 4.6101772305085642e-07
1.0411478840108799e+01 4.6024804265365040e-07
1.0413095211075015e+01 4.5947964725674656e-07
1.0414711582041233e+01 4.5871253471480548e-07
1.0416327953007452e+01 4.5794670288607100e-07
1.0417944323973668e+01 4.5718214963236085e-07
1.0419560694939886e+01 4.5641887281906036e-07
1.0421177065906104e+01 4.5565687031512338e-07
1.0422793436872320e+01 4.5489613999305830e-07
1.0424409807838538e+01 4.5413667972892636e-07
1.0426026178804754e+01 4.5337848740233532e-07
1.0427642549770972e+01 4.5262156089643014e-07
1.0429258920737190e+01 4.5186589809789364e-07
1.0430875291703407e+01 4.5111149689693700e-07
1.0432491662669625e+01 4.5035835518728976e-07
1.0434108033635843e+01 4.4960647086620016e-07
1.0435724404602059e+01 4.4885584183442964e-07
1.0437340775568277e+01 4.4810646599623870e-07
1.0438957146534495e+01 4.4735834125939227e-07
1.0440573517500711e+01 4.4661146553514601e-07
1.0442189888466929e+01 4.4586583673824034e-07
1.0443806259433146e+01 4.4512145278690184e-07
1.0445422630399364e+01 4.4437831160283036e-07
1.0447039001365582e+01 4.4363641111119306e-07
1.0448655372331798e+01 4.4289574924062582e-07
1.0450271743298016e+01 4.4215632392321878e-07
1.0451888114264234e+01 4.4141813309451860e-07
1.0453504485230450e+01 4.4068117469351365e-07
1.0455120856196668e+01 4.3994544666263569e-07
1.0456737227162886e+01 4.3921094694775312e-07
1.0458353598129102e+01 4.3847767349816233e-07
1.0459969969095321e+01 4.3774562426658098e-07
1.0461586340061537e+01 4.3701479720915012e-07
1.0463202711027755e+01 4.3628519028541698e-07
1.0464819081993973e+01 4.3555680145834081e-07
1.0466435452960189e+01 4.3482962869427925e-07
1.0468051823926407e+01 4.3410366996298299e-07
1.0469668194892625e+01 4.3337892323759607e-07
1.0471284565858841e+01 4.3265538649464734e-07
1.0472900936825059e+01 4.3193305771403660e-07
1.0474517307791276e+01 4.3121193487904437e-07
1.0476133678757494e+01 4.3049201597631388e-07
1.0477750049723712e+01 4.2977329899585093e-07
1.0479366420689928e+01 4.2905578193101663e-07
1.0480982791656146e+01 4.2833946277852248e-07
1.0482599162622364e+01 4.2762433953842367e-07
1.0484215533588580e+01 4.2691041021411739e-07
1.0485831904554798e+01 4.2619767281232971e-07
1.0487448275521016e+01 4.2548612534311664e-07
1.0489064646487233e+01 4.2477576581985824e-07
1.0490681017453451e+01 4.2406659225924940e-07
1.0492297388419667e+01 4.2335860268129497e-07
1.0493913759385885e+01 4.2265179510930700e-07
1.0495530130352103e+01 4.2194616756989881e-07
1.0497146501318319e+01 4.2124171809297718e-07
1.0498762872284537e+01 4.2053844471173563e-07
1.0500379243250755e+01 4.1983634546265586e-07
1.0501995614216971e+01 4.1913541838549452e-07
1.0503611985183190e+01 4.1843566152328204e-07
1.0505228356149408e+01 4.1773707292231575e-07
1.0506844727115624e+01 4.1703965063215491e-07
1.0508461098081842e+01 4.1634339270561418e-07
1.0510077469048058e+01 4.1564829719876291e-07
1.0511693840014276e+01 4.1495436217090858e-07
1.0513310210980494e+01 4.1426158568460515e-07
1.0514926581946710e+01 4.1356996580564061e-07
1.0516542952912928e+01 4.1287950060302845e-07
1.0518159323879146e+01 4.1219018814900811e-07
1.0519775694845363e+01 4.1150202651903976e-07
1.0521392065811581e+01 4.1081501379179151e-07
1.0523008436777799e+01 4.1012914804914428e-07
1.0524624807744015e+01 4.0944442737617910e-07
1.0526241178710233e+01 4.0876084986117196e-07
1.0527857549676449e+01 4.0807841359559466e-07
1.0529473920642667e+01 4.0739711667410262e-07
1.0531090291608885e+01 4.0671695719453298e-07
1.0532706662575102e+01 4.0603793325789847e-07
1.0534323033541320e+01 4.0536004296838240e-07
1.0535939404507538e+01 4.0468328443333226e-07
1.0537555775473754e+01 4.0400765576325847e-07
1.0539172146439972e+01 4.0333315507182152e-07
1.0540788517406190e+01 4.0265978047583344e-07
1.0542404888372406e+01 4.0198753009525166e-07
1.0544021259338624e+01 4.0131640205317103e-07
1.0545637630304840e+01 4.0064639447581845e-07
1.0547254001271058e+01 3.9997750549255057e-07
1.0548870372237277e+01 3.9930973323584847e-07
1.0550486743203493e+01 3.9864307584130982e-07
1.0552103114169711e+01 3.9797753144764279e-07
1.0553719485135929e+01 3.9731309819666725e-07
1.0555335856102145e+01 3.9664977423330244e-07
1.0556952227068363e+01 3.9598755770556555e-07
1.0558568598034581e+01 3.9532644676456567e-07
1.0560184969000797e+01 3.9466643956449846e-07
1.0561801339967015e+01 3.9400753426264080e-07
1.0563417710933232e+01 3.9334972901934939e-07
1.0565034081899450e+01 3.9269302199804522e-07
1.0566650452865668e+01 3.9203741136522191e-07
1.0568266823831884e+01 3.9138289529043332e-07
1.0569883194798102e+01 3.9072947194628588e-07
1.0571499565764320e+01 3.9007713950843905e-07
1.0573115936730536e+01 3.8942589615560001e-07
1.0574732307696754e+01 3.8877574006951189e-07
1.0576348678662971e+01 3.8812666943495889e-07
1.0577965049629189e+01 3.8747868243975109e-07
1.0579581420595407e+01 3.8683177727472589e-07
1.0581197791561623e+01 3.8618595213374277e-07
1.0582814162527841e+01 3.8554120521367499e-07
1.0584430533494059e+01 3.8489753471440428e-07
1.0586046904460275e+01 3.8425493883882174e-07
1.0587663275426493e+01 3.8361341579281609e-07
1.0589279646392711e+01 3.8297296378527207e-07
1.0590896017358927e+01 3.8233358102806461e-07
1.0592512388325146e+01 3.8169526573605417e-07
1.0594128759291362e+01 3.8105801612708131e-07
1.0595745130257580e+01 3.8042183042196210e-07
1.0597361501223798e+01 3.7978670684448296e-07
1.0598977872190014e+01 3.7915264362139577e-07
1.0600594243156232e+01 3.7851963898241215e-07
1.0602210614122450e+01 3.7788769116020198e-07
1.0603826985088666e+01 3.7725679839038177e-07
1.0605443356054884e+01 3.7662695891151559e-07
1.0607059727021102e+01 3.7599817096510977e-07
1.0608676097987319e+01 3.7537043279560506e-07
1.0610292468953537e+01 3.7474374265037117e-07
1.0611908839919753e+01 3.7411809877970849e-07
1.0613525210885971e+01 3.7349349943683335e-07
1.0615141581852189e+01 3.7286994287788303e-07
1.0616757952818405e+01 3.7224742736190404e-07
1.0618374323784623e+01 3.7162595115084770e-07
1.0619990694750841e+01 3.7100551250957032e-07
1.0621607065717058e+01 3.7038610970582498e-07
1.0623223436683276e+01 3.6976774101025351e-07
1.0624839807649494e+01 3.6915040469638695e-07
1.0626456178615710e+01 3.6853409904064072e-07
1.0628072549581928e+01 3.6791882232230312e-07
1.0629688920548144e+01 3.6730457282354068e-07
1.0631305291514362e+01 3.6669134882938298e-07
1.0632921662480580e+01 3.6607914862772504e-07
1.0634538033446796e+01 3.6546797050932144e-07
1.0636154404413015e+01 3.6485781276777904e-07
1.0637770775379233e+01 3.6424867369955186e-07
1.0639387146345449e+01 3.6364055160394162e-07
1.0641003517311667e+01 3.6303344478308698e-07
1.0642619888277885e+01 3.6242735154196182e-07
1.0644236259244101e+01 3.6182227018836999e-07
1.0645852630210319e+01 3.6121819903294024e-07
1.0647469001176535e+01 3.6061513638912227e-07
1.0649085372142753e+01 3.6001308057318096e-07
1.0650701743108971e+01 3.5941202990419191e-07
1.0652318114075188e+01 3.5881198270403950e-07
1.0653934485041406e+01 3.5821293729740538e-07
1.0655550856007624e+01 3.5761489201177264e-07
1.0657167226973840e+01 3.5701784517741472e-07
1.0658783597940058e+01 3.5642179512739075e-07
1.0660399968906274e+01 3.5582674019754742e-07
1.0662016339872492e+01 3.5523267872650531e-07
1.0663632710838710e+01 3.5463960905566056e-07
1.0665249081804927e+01 3.5404752952918029e-07
1.0666865452771145e+01 3.5345643849399172e-07
1.0668481823737363e+01 3.5286633429978619e-07
1.0670098194703579e+01 3.5227721529900854e-07
1.0671714565669797e+01 3.5168907984685231e-07
1.0673330936636015e+01 3.5110192630126014e-07
1.0674947307602231e+01 3.5051575302291626e-07
1.0676563678568449e+01 3.4993055837523848e-07
1.0678180049534665e+01 3.4934634072437961e-07
1.0679796420500884e+01 3.4876309843921885e-07
1.0681412791467102e+01 3.4818082989136107e-07
1.0683029162433318e+01 3.4759953345512617e-07
1.0684645533399536e+01 3.4701920750754985e-07
1.0686261904365754e+01 3.4643985042837882e-07
1.0687878275331970e+01 3.4586146060006345e-07
1.0689494646298188e+01 3.4528403640775293e-07
1.0691111017264406e+01 3.4470757623929603e-07
1.0692727388230622e+01 3.4413207848523068e-07
1.0694343759196840e+01 3.4355754153878248e-07
1.0695960130163057e+01 3.4298396379586013e-07
1.0697576501129275e+01 3.4241134365504801e-07
1.0699192872095493e+01 3.4183967951760711e-07
1.0700809243061709e+01 3.4126896978746816e-07
1.0702425614027927e+01 3.4069921287122111e-07
1.0704041984994145e+01 3.4013040717812172e-07
1.0705658355960361e+01 3.3956255112008063e-07
1.0707274726926579e+01 3.3899564311165718e-07
1.0708891097892797e+01 3.3842968157005921e-07
1.0710507468859014e+01 3.3786466491513891e-07
1.0712123839825232e+01 3.3730059156938244e-07
1.0713740210791448e+01 3.3673745995791377e-07
1.0715356581757666e+01 3.3617526850848444e-07
1.0716972952723884e+01 3.3561401565146911e-07
1.0718589323690100e+01 3.3505369981986637e-07
1.0720205694656318e+01 3.3449431944928890e-07
1.0721822065622536e+01 3.3393587297796142e-07
1.0723438436588753e+01 3.3337835884671627e-07
1.0725054807554971e+01 3.3282177549898893e-07
1.0726671178521189e+01 3.3226612138081268e-07
1.0728287549487405e+01 3.3171139494081789e-07
1.0729903920453623e+01 3.3115759463022127e-07
1.0731520291419839e+01 3.3060471890282772e-07
1.0733136662386057e+01 3.3005276621502233e-07
1.0734753033352275e+01 3.2950173502576947e-07
1.0736369404318491e+01 3.2895162379660315e-07
1.0737985775284709e+01 3.2840243099162727e-07
1.0739602146250927e+01 3.2785415507751135e-07
1.0741218517217144e+01 3.2730679452348362e-07
1.0742834888183362e+01 3.2676034780132624e-07
1.0744451259149578e+01 3.2621481338537675e-07
1.0746067630115796e+01 3.2567018975251522e-07
1.0747684001082014e+01 3.2512647538216874e-07
1.0749300372048230e+01 3.2458366875630124e-07
1.0750916743014448e+01 3.2404176835940936e-07
1.0752533113980666e+01 3.2350077267852257e-07
1.0754149484946883e+01 3.2296068020319723e-07
1.0755765855913101e+01 3.2242148942550589e-07
1.0757382226879319e+01 3.2188319884004411e-07
1.0758998597845535e+01 3.2134580694391984e-07
1.0760614968811753e+01 3.2080931223674769e-07
1.0762231339777969e+01 3.2027371322064908e-07
1.0763847710744187e+01 3.1973900840024592e-07
1.0765464081710405e+01 3.1920519628265595e-07
1.0767080452676622e+01 3.1867227537749154e-07
1.0768696823642840e+01 3.1814024419685014e-07
1.0770313194609058e+01 3.1760910125531475e-07
1.0771929565575274e+01 3.1707884506994954e-07
1.0773545936541492e+01 3.1654947416029332e-07
1.0775162307507710e+01 3.1602098704835486e-07
1.0776778678473926e+01 3.1549338225861394e-07
1.0778395049440144e+01 3.1496665831801145e-07
1.0780011420406360e+01 3.1444081375594857e-07
1.0781627791372578e+01 3.1391584710427978e-07
1.0783244162338796e+01 3.1339175689731366e-07
1.0784860533305013e+01 3.1286854167180388e-07
1.0786476904271231e+01 3.1234619996694729e-07
1.0788093275237449e+01 3.1182473032437974e-07
1.0789709646203665e+01 3.1130413128817193e-07
1.0791326017169883e+01 3.1078440140482458e-07
1.0792942388136101e+01 3.1026553922326741e-07
1.0794558759102317e+01 3.0974754329484916e-07
1.0796175130068535e+01 3.0923041217333919e-07
1.0797791501034752e+01 3.0871414441492260e-07
1.0799407872000970e+01 3.0819873857819146e-07
1.0801024242967188e+01 3.0768419322414798e-07
1.0802640613933404e+01 3.0717050691619520e-07
1.0804256984899622e+01 3.0665767822013297e-07
1.0805873355865840e+01 3.0614570570415830e-07
1.0807489726832056e+01 3.0563458793885913e-07
1.0809106097798274e+01 3.0512432349720509e-07
1.0810722468764492e+01 3.0461491095455287e-07
1.0812338839730709e+01 3.0410634888863743e-07
1.0813955210696927e+01 3.0359863587956528e-07
1.0815571581663143e+01 3.0309177050981575e-07
1.0817187952629361e+01 3.0258575136423423e-07
1.0818804323595579e+01 3.0208057703002816e-07
1.0820420694561795e+01 3.0157624609676586e-07
1.0822037065528013e+01 3.0107275715636708e-07
1.0823653436494231e+01 3.0057010880310420e-07
1.0825269807460447e+01 3.0006829963359736e-07
1.0826886178426665e+01 2.9956732824680870e-07
1.0828502549392883e+01 2.9906719324403784e-07
1.0830118920359100e+01 2.9856789322892276e-07
1.0831735291325318e+01 2.9806942680743051e-07
1.0833351662291534e+01 2.9757179258785667e-07
1.0834968033257752e+01 2.9707498918081813e-07
1.0836584404223970e+01 2.9657901519925455e-07
1.0838200775190186e+01 2.9608386925841916e-07
1.0839817146156404e+01 2.9558954997587774e-07
1.0841433517122622e+01 2.9509605597150404e-07
1.0843049888088839e+01 2.9460338586747577e-07
1.0844666259055057e+01 2.9411153828827067e-07
1.0846282630021273e+01 2.9362051186066542e-07
1.0847899000987491e+01 2.9313030521372417e-07
1.0849515371953709e+01 2.9264091697880459e-07
1.0851131742919925e+01 2.9215234578954870e-07
1.0852748113886143e+01 2.9166459028187725e-07
1.0854364484852361e+01 2.9117764909398973e-07
1.0855980855818578e+01 2.9069152086636094e-07
1.0857597226784796e+01 2.9020620424173161e-07
1.0859213597751014e+01 2.8972169786511227e-07
1.0860829968717230e+01 2.8923800038377391e-07
1.0862446339683448e+01 2.8875511044724456e-07
1.0864062710649664e+01 2.8827302670730983e-07
1.0865679081615882e+01 2.8779174781800475e-07
1.0867295452582100e+01 2.8731127243560989e-07
1.0868911823548316e+01 2.8683159921865230e-07
1.0870528194514534e+01 2.8635272682789663e-07
1.0872144565480752e+01 2.8587465392634392e-07
1.0873760936446969e+01 2.8539737917922722e-07
1.0875377307413187e+01 2.8492090125400768e-07
1.0876993678379405e+01 2.8444521882037264e-07
1.0878610049345621e+01 2.8397033055022937e-07
1.0880226420311839e+01 2.8349623511770086e-07
1.0881842791278055e+01 2.8302293119912733e-07
1.0883459162244273e+01 2.8255041747305475e-07
1.0885075533210491e+01 2.8207869262023904e-07
1.0886691904176708e+01 2.8160775532363673e-07
1.0888308275142926e+01 2.8113760426840201e-07
1.0889924646109144e+01 2.8066823814188659e-07
1.0891541017075360e+01 2.8019965563363380e-07
1.0893157388041578e+01 2.7973185543537217e-07
1.0894773759007796e+01 2.7926483624101597e-07
1.0896390129974012e+01 2.7879859674666147e-07
1.0898006500940230e+01 2.7833313565057855e-07
1.0899622871906447e+01 2.7786845165321405e-07
1.0901239242872665e+01 2.7740454345718121e-07
1.0902855613838883e+01 2.7694140976726057e-07
1.0904471984805099e+01 2.7647904929039629e-07
1.0906088355771317e+01 2.7601746073569005e-07
1.0907704726737535e+01 2.7555664281439757e-07
1.0909321097703751e+01 2.7509659423992881e-07
1.0910937468669969e+01 2.7463731372783992e-07
1.0912553839636187e+01 2.7417879999583193e-07
1.0914170210602403e+01 2.7372105176374668e-07
1.0915786581568621e+01 2.7326406775356327e-07
1.0917402952534838e+01 2.7280784668939449e-07
1.0919019323501056e+01 2.7235238729748327e-07
1.0920635694467274e+01 2.7189768830619905e-07
1.0922252065433490e+01 2.7144374844603436e-07
1.0923868436399708e+01 2.7099056644960070e-07
1.0925484807365926e+01 2.7053814105162742e-07
1.0927101178332142e+01 2.7008647098895333e-07
1.0928717549298360e+01 2.6963555500052775e-07
1.0930333920264577e+01 2.6918539182740656e-07
1.0931950291230795e+01 2.6873598021274470e-07
1.0933566662197013e+01 2.6828731890179695e-07
1.0935183033163229e+01 2.6783940664191424e-07
1.0936799404129447e+01 2.6739224218253559e-07
1.0938415775095665e+01 2.6694582427519109e-07
1.0940032146061881e+01 2.6650015167349382e-07
1.0941648517028099e+01 2.6605522313313629e-07
1.0943264887994317e+01 2.6561103741189080e-07
1.0944881258960534e+01 2.6516759326960406e-07
1.0946497629926752e+01 2.6472488946818894e-07
1.0948114000892968e+01 2.6428292477163013e-07
1.0949730371859186e+01 2.6384169794597336e-07
1.0951346742825404e+01 2.6340120775932515e-07
1.0952963113791620e+01 2.6296145298184866e-07
1.0954579484757838e+01 2.6252243238576012e-07
1.0956195855724056e+01 2.6208414474532523e-07
1.0957812226690272e+01 2.6164658883685810e-07
1.0959428597656490e+01 2.6120976343871265e-07
1.0961044968622708e+01 2.6077366733128415e-07
1.0962661339588925e+01 2.6033829929700468e-07
1.0964277710555143e+01 2.5990365812033837e-07
1.0965894081521359e+01 2.5946974258777755e-07
1.0967510452487577e+01 2.5903655148784164e-07
1.0969126823453795e+01 2.5860408361107359e-07
1.0970743194420011e+01 2.5817233775003444e-07
1.0972359565386229e+01 2.5774131269930000e-07
1.0973975936352447e+01 2.5731100725546103e-07
1.0975592307318664e+01 2.5688142021711580e-07
1.0977208678284882e+01 2.5645255038486867e-07
1.0978825049251100e+01 2.5602439656132646e-07
1.0980441420217316e+01 2.5559695755109511e-07
1.0982057791183534e+01 2.5517023216077577e-07
1.0983674162149750e+01 2.5474421919896388e-07
1.0985290533115968e+01 2.5431891747624121e-07
1.0986906904082186e+01 2.5389432580517663e-07
1.0988523275048403e+01 2.5347044300032290e-07
1.0990139646014621e+01 2.5304726787820862e-07
1.0991756016980839e+01 2.5262479925734146e-07
1.0993372387947055e+01 2.5220303595820024e-07
1.0994988758913273e+01 2.5178197680323178e-07
1.0996605129879491e+01 2.5136162061685089e-07
1.0998221500845707e+01 2.5094196622543563e-07
1.0999837871811925e+01 2.5052301245731951e-07
1.1001454242778141e+01 2.5010475814279652e-07
1.1003070613744359e+01 2.4968720211411114e-07
1.1004686984710577e+01 2.4927034320545815e-07
1.1006303355676794e+01 2.4885418025297854e-07
1.1007919726643012e+01 2.4843871209475642e-07
1.1009536097609230e+01 2.4802393757081525e-07
1.1011152468575446e+01 2.4760985552311694e-07
1.1012768839541664e+01 2.4719646479555402e-07
1.1014385210507882e+01 2.4678376423395070e-07
1.1016001581474098e+01 2.4637175268605879e-07
1.1017617952440316e+01 2.4596042900155296e-07
1.1019234323406533e+01 2.4554979203202760e-07
1.1020850694372751e+01 2.4513984063099517e-07
1.1022467065338969e+01 2.4473057365388313e-07
1.1024083436305185e+01 2.4432198995802901e-07
1.1025699807271403e+01 2.4391408840267658e-07
1.1027316178237621e+01 2.4350686784897695e-07
1.1028932549203837e+01 2.4310032715998062e-07
1.1030548920170055e+01 2.4269446520063686e-07
1.1032165291136272e+01 2.4228928083779030e-07
1.1033781662102490e+01 2.4188477294017565e-07
1.1035398033068708e+01 2.4148094037841847e-07
1.1037014404034924e+01 2.4107778202503029e-07
1.1038630775001142e+01 2.4067529675440110e-07
1.1040247145967360e+01 2.4027348344280400e-07
1.1041863516933576e+01 2.3987234096838784e-07
1.1043479887899794e+01 2.3947186821117210e-07
1.1045096258866012e+01 2.3907206405304756e-07
1.1046712629832228e+01 2.3867292737777287e-07
1.1048329000798446e+01 2.3827445707096738e-07
1.1049945371764663e+01 2.3787665202011424e-07
1.1051561742730881e+01 2.3747951111455110e-07
1.1053178113697099e+01 2.3708303324547102e-07
1.1054794484663315e+01 2.3668721730591926e-07
1.1056410855629533e+01 2.3629206219078821e-07
1.1058027226595751e+01 2.3589756679681403e-07
1.1059643597561967e+01 2.3550373002257733e-07
1.1061259968528185e+01 2.3511055076849584e-07
1.1062876339494403e+01 2.3471802793682356e-07
1.1064492710460620e+01 2.3432616043164720e-07
1.1066109081426838e+01 2.3393494715888308e-07
1.1067725452393054e+01 2.3354438702627413e-07
1.1069341823359272e+01 2.3315447894338685e-07
1.1070958194325490e+01 2.3276522182160824e-07
1.1072574565291706e+01 2.3237661457414272e-07
1.1074190936257924e+01 2.3198865611600883e-07
1.1075807307224142e+01 2.3160134536403768e-07
1.1077423678190359e+01 2.3121468123686792e-07
1.1079040049156577e+01 2.3082866265494237e-07
1.1080656420122795e+01 2.3044328854050819e-07
1.1082272791089011e+01 2.3005855781761196e-07
1.1083889162055229e+01 2.2967446941209450e-07
1.1085505533021445e+01 2.2929102225159196e-07
1.1087121903987663e+01 2.2890821526552888e-07
1.1088738274953881e+01 2.2852604738511915e-07
1.1090354645920097e+01 2.2814451754336137e-07
1.1091971016886315e+01 2.2776362467503194e-07
1.1093587387852534e+01 2.2738336771668935e-07
1.1095203758818750e+01 2.2700374560666669e-07
1.1096820129784968e+01 2.2662475728506904e-07
1.1098436500751186e+01 2.2624640169376996e-07
1.1100052871717402e+01 2.2586867777641183e-07
1.1101669242683620e+01 2.2549158447839917e-07
1.1103285613649836e+01 2.2511512074689788e-07
1.1104901984616054e+01 2.2473928553083003e-07
1.1106518355582272e+01 2.2436407778087485e-07
1.1108134726548489e+01 2.2398949644946195e-07
1.1109751097514707e+01 2.2361554049077016e-07
1.1111367468480925e+01 2.2324220886072438e-07
1.1112983839447141e+01 2.2286950051699264e-07
1.1114600210413359e+01 2.2249741441898276e-07
1.1116216581379575e+01 2.2212594952784178e-07
1.1117832952345793e+01 2.2175510480644728e-07
1.1119449323312011e+01 2.2138487921941179e-07
1.1121065694278228e+01 2.2101527173307615e-07
1.1122682065244446e+01 2.2064628131550486e-07
1.1124298436210664e+01 2.2027790693648649e-07
1.1125914807176880e+01 2.1991014756753075e-07
1.1127531178143098e+01 2.1954300218186171e-07
1.1129147549109316e+01 2.1917646975442033e-07
1.1130763920075532e+01 2.1881054926185782e-07
1.1132380291041750e+01 2.1844523968253278e-07
1.1133996662007966e+01 2.1808053999651171e-07
1.1135613032974184e+01 2.1771644918556274e-07
1.1137229403940403e+01 2.1735296623315290e-07
1.1138845774906619e+01 2.1699009012444859e-07
1.1140462145872837e+01 2.1662781984630890e-07
1.1142078516839055e+01 2.1626615438728495e-07
1.1143694887805271e+01 2.1590509273761634e-07
1.1145311258771489e+01 2.1554463388922856e-07
1.1146927629737707e+01 2.1518477683572968e-07
1.1148544000703923e+01 2.1482552057240949e-07
1.1150160371670141e+01 2.1446686409623297e-07
1.1151776742636358e+01 2.1410880640584113e-07
1.1153393113602576e+01 2.1375134650154597e-07
1.1155009484568794e+01 2.1339448338533018e-07
1.1156625855535010e+01 2.1303821606084025e-07
1.1158242226501228e+01 2.1268254353338724e-07
1.1159858597467446e+01 2.1232746480994371e-07
1.1161474968433662e+01 2.1197297889913888e-07
1.1163091339399880e+01 2.1161908481125753e-07
1.1164707710366098e+01 2.1126578155823681e-07
1.1166324081332315e+01 2.1091306815366338e-07
1.1167940452298533e+01 2.1056094361277040e-07
1.1169556823264749e+01 2.1020940695243703e-07
1.1171173194230967e+01 2.0985845719118001e-07
1.1172789565197185e+01 2.0950809334915809e-07
1.1174405936163401e+01 2.0915831444816545e-07
1.1176022307129619e+01 2.0880911951162755e-07
1.1177638678095837e+01 2.0846050756460145e-07
1.1179255049062053e+01 2.0811247763377296e-07
1.1180871420028272e+01 2.0776502874745028e-07
1.1182487790994490e+01 2.0741815993556645e-07
1.1184104161960706e+01 2.0707187022967300e-07
1.1185720532926924e+01 2.0672615866293710e-07
1.1187336903893140e+01 2.0638102427014243e-07
1.1188953274859358e+01 2.0603646608768289e-07
1.1190569645825576e+01 2.0569248315356010e-07
1.1192186016791792e+01 2.0534907450738398e-07
1.1193802387758010e+01 2.0500623919036631e-07
1.1195418758724228e+01 2.0466397624532002e-07
1.1197035129690445e+01 2.0432228471665601e-07
1.1198651500656663e+01 2.0398116365038068e-07
1.1200267871622881e+01 2.0364061209409269e-07
1.1201884242589097e+01 2.0330062909698226e-07
1.1203500613555315e+01 2.0296121370982475e-07
1.1205116984521531e+01 2.0262236498498184e-07
1.1206733355487749e+01 2.0228408197639649e-07
1.1208349726453967e+01 2.0194636373959266e-07
1.1209966097420184e+01 2.0160920933166891e-07
1.1211582468386402e+01 2.0127261781129905e-07
1.1213198839352620e+01 2.0093658823872928e-07
1.1214815210318836e+01 2.0060111967577394e-07
1.1216431581285054e+01 2.0026621118581264e-07
1.1218047952251270e+01 1.9993186183379122e-07
1.1219664323217488e+01 1.9959807068621374e-07
1.1221280694183706e+01 1.9926483681114524e-07
1.1222897065149922e+01 1.9893215927820558e-07
1.1224513436116140e+01 1.9860003715856697e-07
1.1226129807082359e+01 1.9826846952495385e-07
1.1227746178048575e+01 1.9793745545163936e-07
1.1229362549014793e+01 1.9760699401443885e-07
1.1230978919981011e+01 1.9727708429071382e-07
1.1232595290947227e+01 1.9694772535936578e-07
1.1234211661913445e+01 1.9661891630083234e-07
1.1235828032879661e+01 1.9629065619708764e-07
1.1237444403845879e+01 1.9596294413163824e-07
1.1239060774812097e+01 1.9563577918952043e-07
1.1240677145778314e+01 1.9530916045729937e-07
1.1242293516744532e+01 1.9498308702306324e-07
1.1243909887710750e+01 1.9465755797642366e-07
1.1245526258676966e+01 1.9433257240851288e-07
1.1247142629643184e+01 1.9400812941197982e-07
1.1248759000609402e+01 1.9368422808098726e-07
1.1250375371575618e+01 1.9336086751121231e-07
1.1251991742541836e+01 1.9303804679984050e-07
1.1253608113508053e+01 1.9271576504556496e-07
1.1255224484474271e+01 1.9239402134858362e-07
1.1256840855440489e+01 1.9207281481059665e-07
1.1258457226406705e+01 1.9175214453480387e-07
1.1260073597372923e+01 1.9143200962590215e-07
1.1261689968339141e+01 1.9111240919008428e-07
1.1263306339305357e+01 1.9079334233503332e-07
1.1264922710271575e+01 1.9047480816992313e-07
1.1266539081237793e+01 1.9015680580541542e-07
1.1268155452204009e+01 1.8983933435365606e-07
1.1269771823170228e+01 1.8952239292827218e-07
1.1271388194136444e+01 1.8920598064437313e-07
1.1273004565102662e+01 1.8889009661854279e-07
1.1274620936068880e+01 1.8857473996884244e-07
1.1276237307035096e+01 1.8825990981480465e-07
1.1277853678001314e+01 1.8794560527743101e-07
1.1279470048967532e+01 1.8763182547919232e-07
1.1281086419933748e+01 1.8731856954402463e-07
1.1282702790899966e+01 1.8700583659732376e-07
1.1284319161866184e+01 1.8669362576594861e-07
1.1285935532832401e+01 1.8638193617821551e-07
1.1287551903798619e+01 1.8607076696389440e-07
1.1289168274764835e+01 1.8576011725420948e-07
1.1290784645731053e+01 1.8544998618183496e-07
1.1292401016697271e+01 1.8514037288089283e-07
1.1294017387663487e+01 1.8483127648695198e-07
1.1295633758629705e+01 1.8452269613702248e-07
1.1297250129595923e+01 1.8421463096955620e-07
1.1298866500562140e+01 1.8390708012444407e-07
1.1300482871528358e+01 1.8360004274301192e-07
1.1302099242494574e+01 1.8329351796801995e-07
1.1303715613460792e+01 1.8298750494365804e-07
1.1305331984427010e+01 1.8268200281554672e-07
1.1306948355393226e+01 1.8237701073073310e-07
1.1308564726359444e+01 1.8207252783768541e-07
1.1310181097325662e+01 1.8176855328629649e-07
1.1311797468291878e+01 1.8146508622787816e-07
1.1313413839258097e+01 1.8116212581515742e-07
1.1315030210224315e+01 1.8085967120227691e-07
1.1316646581190531e+01 1.8055772154479234e-07
1.1318262952156749e+01 1.8025627599966698e-07
1.1319879323122965e+01 1.7995533372527420e-07
1.1321495694089183e+01 1.7965489388139018e-07
1.1323112065055401e+01 1.7935495562919487e-07
1.1324728436021617e+01 1.7905551813126929e-07
1.1326344806987835e+01 1.7875658055159188e-07
1.1327961177954053e+01 1.7845814205553593e-07
1.1329577548920270e+01 1.7816020180987000e-07
1.1331193919886488e+01 1.7786275898275259e-07
1.1332810290852706e+01 1.7756581274373121e-07
1.1334426661818922e+01 1.7726936226373984e-07
1.1336043032785140e+01 1.7697340671509663e-07
1.1337659403751356e+01 1.7667794527150154e-07
1.1339275774717574e+01 1.7638297710803404e-07
1.1340892145683792e+01 1.7608850140115094e-07
1.1342508516650009e+01 1.7579451732868387e-07
1.1344124887616227e+01 1.7550102406983674e-07
1.1345741258582445e+01 1.7520802080518516e-07
1.1347357629548661e+01 1.7491550671667083e-07
1.1348974000514879e+01 1.7462348098760223e-07
1.1350590371481097e+01 1.7433194280265189e-07
1.1352206742447313e+01 1.7404089134785263e-07
1.1353823113413531e+01 1.7375032581059655e-07
1.1355439484379747e+01 1.7346024537963266e-07
1.1357055855345966e+01 1.7317064924506318e-07
1.1358672226312184e+01 1.7288153659834408e-07
1.1360288597278400e+01 1.7259290663228139e-07
1.1361904968244618e+01 1.7230475854102610e-07
1.1363521339210836e+01 1.7201709152007731e-07
1.1365137710177052e+01 1.7172990476627694e-07
1.1366754081143270e+01 1.7144319747780634e-07
1.1368370452109488e+01 1.7115696885418634e-07
1.1369986823075704e+01 1.7087121809627513e-07
1.1371603194041922e+01 1.7058594440626302e-07
1.1373219565008139e+01 1.7030114698767463e-07
1.1374835935974357e+01 1.7001682504536222e-07
1.1376452306940575e+01 1.6973297778550651e-07
1.1378068677906791e+01 1.6944960441561410e-07
1.1379685048873009e+01 1.6916670414451402e-07
1.1381301419839227e+01 1.6888427618235538e-07
1.1382917790805443e+01 1.6860231974060774e-07
1.1384534161771661e+01 1.6832083403205585e-07
1.1386150532737879e+01 1.6803981827079910e-07
1.1387766903704096e+01 1.6775927167224899e-07
1.1389383274670314e+01 1.6747919345312681e-07
1.1390999645636530e+01 1.6719958283146168e-07
1.1392616016602748e+01 1.6692043902658817e-07
1.1394232387568966e+01 1.6664176125914417e-07
1.1395848758535182e+01 1.6636354875106877e-07
1.1397465129501400e+01 1.6608580072559972e-07
1.1399081500467618e+01 1.6580851640727286e-07
1.1400697871433835e+01 1.6553169502191677e-07
1.1402314242400053e+01 1.6525533579665363e-07
1.1403930613366269e+01 1.6497943795989655e-07
1.1405546984332487e+01 1.6470400074134538e-07
1.1407163355298705e+01 1.6442902337198659e-07
1.1408779726264921e+01 1.6415450508409164e-07
1.1410396097231139e+01 1.6388044511121154e-07
1.1412012468197357e+01 1.6360684268817904e-07
1.1413628839163573e+01 1.6333369705110344e-07
1.1415245210129791e+01 1.6306100743736854e-07
1.1416861581096009e+01 1.6278877308563269e-07
1.1418477952062226e+01 1.6251699323582572e-07
1.1420094323028444e+01 1.6224566712914382e-07
1.1421710693994660e+01 1.6197479400805283e-07
1.1423327064960878e+01 1.6170437311628188e-07
1.1424943435927096e+01 1.6143440369882309e-07
1.1426559806893312e+01 1.6116488500192891e-07
1.1428176177859530e+01 1.6089581627311046e-07
1.1429792548825748e+01 1.6062719676113459e-07
1.1431408919791965e+01 1.6035902571602368e-07
1.1433025290758183e+01 1.6009130238905040e-07
1.1434641661724401e+01 1.5982402603273836e-07
1.1436258032690617e+01 1.5955719590085966e-07
1.1437874403656835e+01 1.5929081124843134e-07
1.1439490774623051e+01 1.5902487133171485e-07
1.1441107145589269e+01 1.5875937540821219e-07
1.1442723516555487e+01 1.5849432273666656e-07
1.1444339887521704e+01 1.5822971257705771e-07
1.1445956258487922e+01 1.5796554419060111e-07
1.1447572629454140e+01 1.5770181683974567e-07
1.1449189000420356e+01 1.5743852978817157e-07
1.1450805371386574e+01 1.5717568230078811e-07
1.1452421742352792e+01 1.5691327364373295e-07
1.1454038113319008e+01 1.5665130308436724e-07
1.1455654484285226e+01 1.5638976989127615e-07
1.1457270855251442e+01 1.5612867333426674e-07
1.1458887226217660e+01 1.5586801268436363e-07
1.1460503597183878e+01 1.5560778721380914e-07
1.1462119968150095e+01 1.5534799619606148e-07
1.1463736339116313e+01 1.5508863890578999e-07
1.1465352710082531e+01 1.5482971461887680e-07
1.1466969081048747e+01 1.5457122261241221e-07
1.1468585452014965e+01 1.5431316216469253e-07
1.1470201822981183e+01 1.5405553255522047e-07
1.1471818193947399e+01 1.5379833306470180e-07
1.1473434564913617e+01 1.5354156297504068e-07
1.1475050935879834e+01 1.5328522156934301e-07
1.1476667306846052e+01 1.5302930813191010e-07
1.1478283677812270e+01 1.5277382194823846e-07
1.1479900048778486e+01 1.5251876230501741e-07
1.1481516419744704e+01 1.5226412849012720e-07
1.1483132790710922e+01 1.5200991979263680e-07
1.1484749161677138e+01 1.5175613550280298e-07
1.1486365532643356e+01 1.5150277491206602e-07
1.1487981903609572e+01 1.5124983731305011e-07
1.1489598274575791e+01 1.5099732199955996e-07
1.1491214645542009e+01 1.5074522826658030e-07
1.1492831016508225e+01 1.5049355541027131e-07
1.1494447387474443e+01 1.5024230272796911e-07
1.1496063758440661e+01 1.4999146951818346e-07
1.1497680129406877e+01 1.4974105508059458e-07
1.1499296500373095e+01 1.4949105871605132e-07
1.1500912871339313e+01 1.4924147972657096e-07
1.1502529242305529e+01 1.4899231741533615e-07
1.1504145613271747e+01 1.4874357108669147e-07
1.1505761984237964e+01 1.4849524004614443e-07
1.1507378355204182e+01 1.4824732360036051e-07
1.1508994726170400e+01 1.4799982105716410e-07
1.1510611097136616e+01 1.4775273172553548e-07
1.1512227468102834e+01 1.4750605491560623e-07
1.1513843839069052e+01 1.4725978993866205e-07
1.1515460210035268e+01 1.4701393610713816e-07
1.1517076581001486e+01 1.4676849273461642e-07
1.1518692951967704e+01 1.4652345913582551e-07
1.1520309322933921e+01 1.4627883462663856e-07
1.1521925693900139e+01 1.4603461852407028e-07
1.1523542064866355e+01 1.4579081014627601e-07
1.1525158435832573e+01 1.4554740881254843e-07
1.1526774806798791e+01 1.4530441384331834e-07
1.1528391177765007e+01 1.4506182456014993e-07
1.1530007548731225e+01 1.4481964028574041e-07
1.1531623919697443e+01 1.4457786034391767e-07
1.1533240290663660e+01 1.4433648405963854e-07
1.1534856661629878e+01 1.4409551075898667e-07
1.1536473032596096e+01 1.4385493976917146e-07
1.1538089403562312e+01 1.4361477041852509e-07
1.1539705774528530e+01 1.4337500203650035e-07
1.1541322145494746e+01 1.4313563395367136e-07
1.1542938516460964e+01 1.4289666550172775e-07
1.1544554887427182e+01 1.4265809601347670e-07
1.1546171258393398e+01 1.4241992482283853e-07
1.1547787629359616e+01 1.4218215126484490e-07
1.1549404000325834e+01 1.4194477467563879e-07
1.1551020371292051e+01 1.4170779439247190e-07
1.1552636742258269e+01 1.4147120975370003e-07
1.1554253113224487e+01 1.4123502009878588e-07
1.1555869484190703e+01 1.4099922476829477e-07
1.1557485855156921e+01 1.4076382310389160e-07
1.1559102226123137e+01 1.4052881444834149e-07
1.1560718597089355e+01 1.4029419814550647e-07
1.1562334968055573e+01 1.4005997354034382e-07
1.1563951339021790e+01 1.3982613997890541e-07
1.1565567709988008e+01 1.3959269680833345e-07
1.1567184080954226e+01 1.3935964337686076e-07
1.1568800451920442e+01 1.3912697903380885e-07
1.1570416822886660e+01 1.3889470312958506e-07
1.1572033193852878e+01 1.3866281501568056e-07
1.1573649564819094e+01 1.3843131404467054e-07
1.1575265935785312e+01 1.3820019957021026e-07
1.1576882306751529e+01 1.3796947094703450e-07
1.1578498677717747e+01 1.3773912753095429e-07
1.1580115048683965e+01 1.3750916867885772e-07
1.1581731419650181e+01 1.3727959374870550e-07
1.1583347790616399e+01 1.3705040209953056e-07
1.1584964161582617e+01 1.3682159309143589e-07
1.1586580532548833e+01 1.3659316608559284e-07
1.1588196903515051e+01 1.3636512044423900e-07
1.1589813274481267e+01 1.3613745553067801e-07
1.1591429645447485e+01 1.3591017070927398e-07
1.1593046016413703e+01 1.3568326534545452e-07
1.1594662387379920e+01 1.3545673880570631e-07
1.1596278758346138e+01 1.3523059045757259e-07
1.1597895129312356e+01 1.3500481966965315e-07
1.1599511500278572e+01 1.3477942581160270e-07
1.1601127871244790e+01 1.3455440825412659e-07
1.1602744242211008e+01 1.3432976636898252e-07
1.1604360613177224e+01 1.3410549952897629e-07
1.1605976984143442e+01 1.3388160710796016e-07
1.1607593355109659e+01 1.3365808848083315e-07
1.1609209726075877e+01 1.3343494302353720e-07
1.1610826097042095e+01 1.3321217011305536e-07
1.1612442468008311e+01 1.3298976912741235e-07
1.1614058838974529e+01 1.3276773944567030e-07
1.1615675209940747e+01 1.3254608044792818e-07
1.1617291580906963e+01 1.3232479151531999e-07
1.1618907951873181e+01 1.3210387203001293e-07
1.1620524322839399e+01 1.3188332137520541e-07
1.1622140693805616e+01 1.3166313893512636e-07
1.1623757064771834e+01 1.3144332409503223e-07
1.1625373435738050e+01 1.3122387624120537e-07
1.1626989806704268e+01 1.3100479476095319e-07
1.1628606177670486e+01 1.3078607904260651e-07
1.1630222548636702e+01 1.3056772847551686e-07
1.1631838919602920e+01 1.3034974245005456e-07
1.1633455290569138e+01 1.3013212035760908e-07
1.1635071661535354e+01 1.2991486159058513e-07
1.1636688032501572e+01 1.2969796554240200e-07
1.1638304403467790e+01 1.2948143160749168e-07
1.1639920774434007e+01 1.2926525918129718e-07
1.1641537145400225e+01 1.2904944766027059e-07
1.1643153516366441e+01 1.2883399644187283e-07
1.1644769887332659e+01 1.2861890492456840e-07
1.1646386258298877e+01 1.2840417250782823e-07
1.1648002629265093e+01 1.2818979859212558e-07
1.1649619000231311e+01 1.2797578257893345e-07
1.1651235371197529e+01 1.2776212387072483e-07
1.1652851742163746e+01 1.2754882187097101e-07
1.1654468113129964e+01 1.2733587598413750e-07
1.1656084484096182e+01 1.2712328561568577e-07
1.1657700855062398e+01 1.2691105017206917e-07
1.1659317226028616e+01 1.2669916906073125e-07
1.1660933596994832e+01 1.2648764169010631e-07
1.1662549967961050e+01 1.2627646746961554e-07
1.1664166338927268e+01 1.2606564580966545e-07
1.1665782709893485e+01 1.2585517612164821e-07
1.1667399080859703e+01 1.2564505781793787e-07
1.1669015451825921e+01 1.2543529031188969e-07
1.1670631822792137e+01 1.2522587301783836e-07
1.1672248193758355e+01 1.2501680535109637e-07
1.1673864564724571e+01 1.2480808672795235e-07
1.1675480935690789e+01 1.2459971656566945e-07
1.1677097306657007e+01 1.2439169428248371e-07
1.1678713677623223e+01 1.2418401929760244e-07
1.1680330048589441e+01 1.2397669103120241e-07
1.1681946419555659e+01 1.2376970890442923e-07
1.1683562790521876e+01 1.2356307233939369e-07
1.1685179161488094e+01 1.2335678075917195e-07
1.1686795532454312e+01 1.2315083358780385e-07
1.1688411903420528e+01 1.2294523025029038e-07
1.1690028274386746e+01 1.2273997017259183e-07
1.1691644645352962e+01 1.2253505278162835e-07
1.1693261016319180e+01 1.2233047750527521e-07
1.1694877387285398e+01 1.2212624377236429e-07
1.1696493758251615e+01 1.2192235101268045e-07
1.1698110129217833e+01 1.2171879865695988e-07
1.1699726500184051e+01 1.2151558613689023e-07
1.1701342871150267e+01 1.2131271288510823e-07
1.1702959242116485e+01 1.2111017833519581e-07
1.1704575613082703e+01 1.2090798192168254e-07
1.1706191984048919e+01 1.2070612308004188e-07
1.1707808355015137e+01 1.2050460124668865e-07
1.1709424725981354e+01 1.2030341585897943e-07
1.1711041096947572e+01 1.2010256635520998e-07
1.1712657467913790e+01 1.1990205217461363e-07
1.1714273838880006e+01 1.1970187275736051e-07
1.1715890209846224e+01 1.1950202754455502e-07
1.1717506580812442e+01 1.1930251597823404e-07
1.1719122951778658e+01 1.1910333750136715e-07
1.1720739322744876e+01 1.1890449155785295e-07
1.1722355693711094e+01 1.1870597759251949e-07
1.1723972064677310e+01 1.1850779505112039e-07
1.1725588435643528e+01 1.1830994338033529e-07
1.1727204806609745e+01 1.1811242202776820e-07
1.1728821177575963e+01 1.1791523044194413e-07
1.1730437548542181e+01 1.1771836807230942e-07
1.1732053919508397e+01 1.1752183436923018e-07
1.1733670290474615e+01 1.1732562878398870e-07
1.1735286661440833e+01 1.1712975076878483e-07
1.1736903032407049e+01 1.1693419977673238e-07
1.1738519403373267e+01 1.1673897526185751e-07
1.1740135774339485e+01 1.1654407667909900e-07
1.1741752145305702e+01 1.1634950348430581e-07
1.1743368516271920e+01 1.1615525513423352e-07
1.1744984887238136e+01 1.1596133108654669e-07
1.1746601258204354e+01 1.1576773079981436e-07
1.1748217629170572e+01 1.1557445373350966e-07
1.1749834000136788e+01 1.1538149934800817e-07
1.1751450371103006e+01 1.1518886710458637e-07
1.1753066742069224e+01 1.1499655646541993e-07
1.1754683113035441e+01 1.1480456689358330e-07
1.1756299484001659e+01 1.1461289785304607e-07
1.1757915854967875e+01 1.1442154880867357e-07
1.1759532225934093e+01 1.1423051922622417e-07
1.1761148596900311e+01 1.1403980857234896e-07
1.1762764967866527e+01 1.1384941631458822e-07
1.1764381338832745e+01 1.1365934192137187e-07
1.1765997709798963e+01 1.1346958486201763e-07
1.1767614080765179e+01 1.1328014460672887e-07
1.1769230451731397e+01 1.1309102062659278e-07
1.1770846822697616e+01 1.1290221239358088e-07
1.1772463193663832e+01 1.1271371938054537e-07
1.1774079564630050e+01 1.1252554106121876e-07
1.1775695935596266e+01 1.1233767691021242e-07
1.1777312306562484e+01 1.1215012640301402e-07
1.1778928677528702e+01 1.1196288901598792e-07
1.1780545048494918e+01 1.1177596422637291e-07
1.1782161419461136e+01 1.1158935151227876e-07
1.1783777790427354e+01 1.1140305035268831e-07
1.1785394161393571e+01 1.1121706022745409e-07
1.1787010532359789e+01 1.1103138061729601e-07
1.1788626903326007e+01 1.1084601100380155e-07
1.1790243274292223e+01 1.1066095086942423e-07
1.1791859645258441e+01 1.1047619969748032e-07
1.1793476016224657e+01 1.1029175697215023e-07
1.1795092387190875e+01 1.1010762217847418e-07
1.1796708758157093e+01 1.0992379480235273e-07
1.1798325129123310e+01 1.0974027433054513e-07
1.1799941500089528e+01 1.0955706025066689e-07
1.1801557871055746e+01 1.0937415205118917e-07
1.1803174242021962e+01 1.0919154922143713e-07
1.1804790612988180e+01 1.0900925125158855e-07
1.1806406983954398e+01 1.0882725763267213e-07
1.1808023354920614e+01 1.0864556785656709e-07
1.1809639725886832e+01 1.0846418141599984e-07
1.1811256096853048e+01 1.0828309780454446e-07
1.1812872467819266e+01 1.0810231651662013e-07
1.1814488838785485e+01 1.0792183704749084e-07
1.1816105209751701e+01 1.0774165889326217e-07
1.1817721580717919e+01 1.0756178155088149e-07
1.1819337951684137e+01 1.0738220451813642e-07
1.1820954322650353e+01 1.0720292729365266e-07
1.1822570693616571e+01 1.0702394937689239e-07
1.1824187064582789e+01 1.0684527026815459e-07
1.1825803435549005e+01 1.0666688946857176e-07
1.1827419806515223e+01 1.0648880648010944e-07
1.1829036177481440e+01 1.0631102080556483e-07
1.1830652548447658e+01 1.0613353194856453e-07
1.1832268919413876e+01 1.0595633941356471e-07
1.1833885290380092e+01 1.0577944270584910e-07
1.1835501661346310e+01 1.0560284133152564e-07
1.1837118032312528e+01 1.0542653479752860e-07
1.1838734403278744e+01 1.0525052261161514e-07
1.1840350774244962e+01 1.0507480428236341e-07
1.1841967145211180e+01 1.0489937931917246e-07
1.1843583516177397e+01 1.0472424723226104e-07
1.1845199887143615e+01 1.0454940753266425e-07
1.1846816258109831e+01 1.0437485973223506e-07
1.1848432629076049e+01 1.0420060334364009e-07
1.1850049000042267e+01 1.0402663788036014e-07
1.1851665371008483e+01 1.0385296285668861e-07
1.1853281741974701e+01 1.0367957778772946e-07
1.1854898112940919e+01 1.0350648218939564e-07
1.1856514483907135e+01 1.0333367557840937e-07
1.1858130854873353e+01 1.0316115747229903e-07
1.1859747225839570e+01 1.0298892738939883e-07
1.1861363596805788e+01 1.0281698484884637e-07
1.1862979967772006e+01 1.0264532937058325e-07
1.1864596338738222e+01 1.0247396047535171e-07
1.1866212709704440e+01 1.0230287768469439e-07
1.1867829080670658e+01 1.0213208052095265e-07
1.1869445451636874e+01 1.0196156850726535e-07
1.1871061822603092e+01 1.0179134116756732e-07
1.1872678193569310e+01 1.0162139802658888e-07
1.1874294564535527e+01 1.0145173860985274e-07
1.1875910935501745e+01 1.0128236244367437e-07
1.1877527306467961e+01 1.0111326905516050e-07
1.1879143677434179e+01 1.0094445797220637e-07
1.1880760048400397e+01 1.0077592872349592e-07
1.1882376419366613e+01 1.0060768083850051e-07
1.1883992790332831e+01 1.0043971384747578e-07
1.1885609161299049e+01 1.0027202728146291e-07
1.1887225532265266e+01 1.0010462067228545e-07
1.1888841903231484e+01 9.9937493552548091e-08
1.1890458274197702e+01 9.9770645455636687e-08
1.1892074645163918e+01 9.9604075915716140e-08
1.1893691016130136e+01 9.9437784467728183e-08
1.1895307387096352e+01 9.9271770647391732e-08
1.1896923758062570e+01 9.9106033991200564e-08
1.1898540129028788e+01 9.8940574036422167e-08
1.1900156499995004e+01 9.8775390321097307e-08
1.1901772870961222e+01 9.8610482384036899e-08
1.1903389241927441e+01 9.8445849764822353e-08
1.1905005612893657e+01 9.8281492003804134e-08
1.1906621983859875e+01 9.8117408642099733e-08
1.1908238354826093e+01 9.7953599221592242e-08
1.1909854725792309e+01 9.7790063284930655e-08
1.1911471096758527e+01 9.7626800375526783e-08
1.1913087467724743e+01 9.7463810037555102e-08
1.1914703838690961e+01 9.7301091815950403e-08
1.1916320209657179e+01 9.7138645256408272e-08
1.1917936580623396e+01 9.6976469905382031e-08
1.1919552951589614e+01 9.6814565310082411e-08
1.1921169322555832e+01 9.6652931018476118e-08
1.1922785693522048e+01 9.6491566579284471e-08
1.1924402064488266e+01 9.6330471541982096e-08
1.1926018435454484e+01 9.6169645456796255e-08
1.1927634806420700e+01 9.6009087874704793e-08
1.1929251177386918e+01 9.5848798347434726e-08
1.1930867548353135e+01 9.5688776427462587e-08
1.1932483919319353e+01 9.5529021668010950e-08
1.1934100290285571e+01 9.5369533623048769e-08
1.1935716661251787e+01 9.5210311847290174e-08
1.1937333032218005e+01 9.5051355896191496e-08
1.1938949403184223e+01 9.4892665325952483e-08
1.1940565774150439e+01 9.4734239693513268e-08
1.1942182145116657e+01 9.4576078556553193e-08
1.1943798516082873e+01 9.4418181473491060e-08
1.1945414887049091e+01 9.4260548003482246e-08
1.1947031258015310e+01 9.4103177706418291e-08
1.1948647628981526e+01 9.3946070142925536e-08
1.1950263999947744e+01 9.3789224874363629e-08
1.1951880370913962e+01 9.3632641462825258e-08
1.1953496741880178e+01 9.3476319471133227e-08
1.1955113112846396e+01 9.3320258462840680e-08
1.1956729483812614e+01 9.3164458002229741e-08
1.1958345854778830e+01 9.3008917654309684e-08
1.1959962225745048e+01 9.2853636984815491e-08
1.1961578596711265e+01 9.2698615560208303e-08
1.1963194967677483e+01 9.2543852947671808e-08
1.1964811338643701e+01 9.2389348715113349e-08
1.1966427709609917e+01 9.2235102431161228e-08
1.1968044080576135e+01 9.2081113665163461e-08
1.1969660451542353e+01 9.1927381987187789e-08
1.1971276822508569e+01 9.1773906968019959e-08
1.1972893193474787e+01 9.1620688179160826e-08
1.1974509564441005e+01 9.1467725192828087e-08
1.1976125935407222e+01 9.1315017581953473e-08
1.1977742306373440e+01 9.1162564920180900e-08
1.1979358677339656e+01 9.1010366781866782e-08
1.1980975048305874e+01 9.0858422742077916e-08
1.1982591419272092e+01 9.0706732376590425e-08
1.1984207790238308e+01 9.0555295261889198e-08
1.1985824161204526e+01 9.0404110975165814e-08
1.1987440532170744e+01 9.0253179094317286e-08
1.1989056903136960e+01 9.0102499197946285e-08
1.1990673274103179e+01 8.9952070865358386e-08
1.1992289645069397e+01 8.9801893676561698e-08
1.1993906016035613e+01 8.9651967212265478e-08
1.1995522387001831e+01 8.9502291053879051e-08
1.1997138757968047e+01 8.9352864783510534e-08
1.1998755128934265e+01 8.9203687983965748e-08
1.2000371499900483e+01 8.9054760238747078e-08
1.2001987870866699e+01 8.8906081132052150e-08
1.2003604241832917e+01 8.8757650248772763e-08
1.2005220612799135e+01 8.8609467174494263e-08
1.2006836983765352e+01 8.8461531495492974e-08
1.2008453354731570e+01 8.8313842798736427e-08
1.2010069725697788e+01 8.8166400671882024e-08
1.2011686096664004e+01 8.8019204703275231e-08
1.2013302467630222e+01 8.7872254481948382e-08
1.2014918838596438e+01 8.7725549597620992e-08
1.2016535209562656e+01 8.7579089640696262e-08
1.2018151580528874e+01 8.7432874202262381e-08
1.2019767951495091e+01 8.7286902874089729e-08
1.2021384322461309e+01 8.7141175248629778e-08
1.2023000693427527e+01 8.6995690919015164e-08
1.2024617064393743e+01 8.6850449479057973e-08
1.2026233435359961e+01 8.6705450523247045e-08
1.2027849806326179e+01 8.6560693646749586e-08
1.2029466177292395e+01 8.6416178445408604e-08
1.2031082548258613e+01 8.6271904515740987e-08
1.2032698919224829e+01 8.6127871454937939e-08
1.2034315290191048e+01 8.5984078860862960e-08
1.2035931661157266e+01 8.5840526332050821e-08
1.2037548032123482e+01 8.5697213467707117e-08
1.2039164403089700e+01 8.5554139867705687e-08
1.2040780774055918e+01 8.5411305132588838e-08
1.2042397145022134e+01 8.5268708863566111e-08
1.2044013515988352e+01 8.5126350662512501e-08
1.2045629886954568e+01 8.4984230131967365e-08
1.2047246257920786e+01 8.4842346875133991e-08
1.2048862628887004e+01 8.4700700495878375e-08
1.2050478999853221e+01 8.4559290598727611e-08
1.2052095370819439e+01 8.4418116788868590e-08
1.2053711741785657e+01 8.4277178672148177e-08
1.2055328112751873e+01 8.4136475855070796e-08
1.2056944483718091e+01 8.3996007944797919e-08
1.2058560854684309e+01 8.3855774549146859e-08
1.2060177225650525e+01 8.3715775276589700e-08
1.2061793596616743e+01 8.3576009736252036e-08
1.2063409967582960e+01 8.3436477537912829e-08
1.2065026338549178e+01 8.3297178292000955e-08
1.2066642709515396e+01 8.3158111609597080e-08
1.2068259080481612e+01 8.3019277102431029e-08
1.2069875451447830e+01 8.2880674382880103e-08
1.2071491822414048e+01 8.2742303063969187e-08
1.2073108193380264e+01 8.2604162759369678e-08
1.2074724564346482e+01 8.2466253083396915e-08
1.2076340935312700e+01 8.2328573651011215e-08
1.2077957306278917e+01 8.2191124077815234e-08
1.2079573677245135e+01 8.2053903980053007e-08
1.2081190048211351e+01 8.1916912974610088e-08
1.2082806419177569e+01 8.1780150679011094e-08
1.2084422790143787e+01 8.1643616711419316e-08
1.2086039161110003e+01 8.1507310690635556e-08
1.2087655532076221e+01 8.1371232236097016e-08
1.2089271903042439e+01 8.1235380967876148e-08
1.2090888274008655e+01 8.1099756506680240e-08
1.2092504644974873e+01 8.0964358473848956e-08
1.2094121015941091e+01 8.0829186491354603e-08
1.2095737386907308e+01 8.0694240181800883e-08
1.2097353757873526e+01 8.0559519168421269e-08
1.2098970128839742e+01 8.0425023075077994e-08
1.2100586499805960e+01 8.0290751526261568e-08
1.2102202870772178e+01 8.0156704147089660e-08
1.2103819241738394e+01 8.0022880563305540e-08
1.2105435612704612e+01 7.9889280401276887e-08
1.2107051983670830e+01 7.9755903287996068e-08
1.2108668354637047e+01 7.9622748851077526e-08
1.2110284725603265e+01 7.9489816718757669e-08
1.2111901096569483e+01 7.9357106519893472e-08
1.2113517467535699e+01 7.9224617883961622e-08
1.2115133838501917e+01 7.9092350441057193e-08
1.2116750209468133e+01 7.8960303821893593e-08
1.2118366580434351e+01 7.8828477657799321e-08
1.2119982951400569e+01 7.8696871580719623e-08
1.2121599322366786e+01 7.8565485223214134e-08
1.2123215693333004e+01 7.8434318218455238e-08
1.2124832064299222e+01 7.8303370200228095e-08
1.2126448435265438e+01 7.8172640802929767e-08
1.2128064806231656e+01 7.8042129661566689e-08
1.2129681177197872e+01 7.7911836411755795e-08
1.2131297548164090e+01 7.7781760689721331e-08
1.2132913919130308e+01 7.7651902132295391e-08
1.2134530290096524e+01 7.7522260376916587e-08
1.2136146661062742e+01 7.7392835061628576e-08
1.2137763032028960e+01 7.7263625825078911e-08
1.2139379402995177e+01 7.7134632306519251e-08
1.2140995773961395e+01 7.7005854145802992e-08
1.2142612144927613e+01 7.6877290983384924e-08
1.2144228515893829e+01 7.6748942460320104e-08
1.2145844886860047e+01 7.6620808218262762e-08
1.2147461257826263e+01 7.6492887899465871e-08
1.2149077628792481e+01 7.6365181146778902e-08
1.2150693999758699e+01 7.6237687603648009e-08
1.2152310370724916e+01 7.6110406914115007e-08
1.2153926741691134e+01 7.5983338722815057e-08
1.2155543112657352e+01 7.5856482674977543e-08
1.2157159483623568e+01 7.5729838416423749e-08
1.2158775854589786e+01 7.5603405593565887e-08
1.2160392225556004e+01 7.5477183853407119e-08
1.2162008596522220e+01 7.5351172843539981e-08
1.2163624967488438e+01 7.5225372212144682e-08
1.2165241338454654e+01 7.5099781607989480e-08
1.2166857709420873e+01 7.4974400680428318e-08
1.2168474080387091e+01 7.4849229079401273e-08
1.2170090451353307e+01 7.4724266455432807e-08
1.2171706822319525e+01 7.4599512459630209e-08
1.2173323193285743e+01 7.4474966743683631e-08
1.2174939564251959e+01 7.4350628959865017e-08
1.2176555935218177e+01 7.4226498761026584e-08
1.2178172306184395e+01 7.4102575800599692e-08
1.2179788677150611e+01 7.3978859732595165e-08
1.2181405048116829e+01 7.3855350211600855e-08
1.2183021419083046e+01 7.3732046892781616e-08
1.2184637790049264e+01 7.3608949431877464e-08
1.2186254161015482e+01 7.3486057485203960e-08
1.2187870531981698e+01 7.3363370709649906e-08
1.2189486902947916e+01 7.3240888762677099e-08
1.2191103273914134e+01 7.3118611302319201e-08
1.2192719644880350e+01 7.2996537987180772e-08
1.2194336015846568e+01 7.2874668476436269e-08
1.2195952386812786e+01 7.2753002429829593e-08
1.2197568757779003e+01 7.2631539507672036e-08
1.2199185128745221e+01 7.2510279370842325e-08
1.2200801499711437e+01 7.2389221680785759e-08
1.2202417870677655e+01 7.2268366099512104e-08
1.2204034241643873e+01 7.2147712289595806e-08
1.2205650612610089e+01 7.2027259914175012e-08
1.2207266983576307e+01 7.1907008636949360e-08
1.2208883354542525e+01 7.1786958122180889e-08
1.2210499725508742e+01 7.1667108034691740e-08
1.2212116096474960e+01 7.1547458039863269e-08
1.2213732467441178e+01 7.1428007803636122e-08
1.2215348838407394e+01 7.1308756992508813e-08
1.2216965209373612e+01 7.1189705273535466e-08
1.2218581580339828e+01 7.1070852314327370e-08
1.2220197951306046e+01 7.0952197783050076e-08
1.2221814322272264e+01 7.0833741348423295e-08
1.2223430693238480e+01 7.0715482679719823e-08
1.2225047064204698e+01 7.0597421446764589e-08
1.2226663435170916e+01 7.0479557319933623e-08
1.2228279806137133e+01 7.0361889970153818e-08
1.2229896177103351e+01 7.0244419068900679e-08
1.2231512548069567e+01 7.0127144288198695e-08
1.2233128919035785e+01 7.0010065300619670e-08
1.2234745290002003e+01 6.9893181779282551e-08
1.2236361660968219e+01 6.9776493397851287e-08
1.2237978031934437e+01 6.9659999830535021e-08
1.2239594402900655e+01 6.9543700752087040e-08
1.2241210773866872e+01 6.9427595837803429e-08
1.2242827144833090e+01 6.9311684763521981e-08
1.2244443515799308e+01 6.9195967205622402e-08
1.2246059886765524e+01 6.9080442841024250e-08
1.2247676257731742e+01 6.8965111347186564e-08
1.2249292628697958e+01 6.8849972402106990e-08
1.2250908999664176e+01 6.8735025684320285e-08
1.2252525370630394e+01 6.8620270872898543e-08
1.2254141741596611e+01 6.8505707647449579e-08
1.2255758112562829e+01 6.8391335688115568e-08
1.2257374483529047e+01 6.8277154675573057e-08
1.2258990854495263e+01 6.8163164291032036e-08
1.2260607225461481e+01 6.8049364216233892e-08
1.2262223596427699e+01 6.7935754133452226e-08
1.2263839967393915e+01 6.7822333725490681e-08
1.2265456338360133e+01 6.7709102675682153e-08
1.2267072709326349e+01 6.7596060667888891e-08
1.2268689080292567e+01 6.7483207386500663e-08
1.2270305451258785e+01 6.7370542516433693e-08
1.2271921822225002e+01 6.7258065743131045e-08
1.2273538193191220e+01 6.7145776752560444e-08
1.2275154564157438e+01 6.7033675231214003e-08
1.2276770935123654e+01 6.6921760866107241e-08
1.2278387306089872e+01 6.6810033344778251e-08
1.2280003677056090e+01 6.6698492355286624e-08
1.2281620048022306e+01 6.6587137586213258e-08
1.2283236418988524e+01 6.6475968726658219e-08
1.2284852789954741e+01 6.6364985466241117e-08
1.2286469160920959e+01 6.6254187495099555e-08
1.2288085531887177e+01 6.6143574503888865e-08
1.2289701902853393e+01 6.6033146183780189e-08
1.2291318273819611e+01 6.5922902226460574e-08
1.2292934644785829e+01 6.5812842324132064e-08
1.2294551015752045e+01 6.5702966169510323e-08
1.2296167386718263e+01 6.5593273455823708e-08
1.2297783757684481e+01 6.5483763876813428e-08
1.2299400128650698e+01 6.5374437126731532e-08
1.2301016499616916e+01 6.5265292900340631e-08
1.2302632870583132e+01 6.5156330892913066e-08
1.2304249241549350e+01 6.5047550800229477e-08
1.2305865612515568e+01 6.4938952318578946e-08
1.2307481983481784e+01 6.4830535144757746e-08
1.2309098354448002e+01 6.4722298976067324e-08
1.2310714725414220e+01 6.4614243510315520e-08
1.2312331096380436e+01 6.4506368445814583e-08
1.2313947467346654e+01 6.4398673481379834e-08
1.2315563838312871e+01 6.4291158316329941e-08
1.2317180209279089e+01 6.4183822650485388e-08
1.2318796580245307e+01 6.4076666184167745e-08
1.2320412951211523e+01 6.3969688618199350e-08
1.2322029322177741e+01 6.3862889653901351e-08
1.2323645693143959e+01 6.3756268993093864e-08
1.2325262064110175e+01 6.3649826338095062e-08
1.2326878435076393e+01 6.3543561391719888e-08
1.2328494806042611e+01 6.3437473857279117e-08
1.2330111177008828e+01 6.3331563438579476e-08
1.2331727547975046e+01 6.3225829839921776e-08
1.2333343918941262e+01 6.3120272766100768e-08
1.2334960289907480e+01 6.3014891922403554e-08
1.2336576660873698e+01 6.2909687014609944e-08
1.2338193031839914e+01 6.2804657748990537e-08
1.2339809402806132e+01 6.2699803832306392e-08
1.2341425773772350e+01 6.2595124971808178e-08
1.2343042144738567e+01 6.2490620875235304e-08
1.2344658515704785e+01 6.2386291250814989e-08
1.2346274886671003e+01 6.2282135807261920e-08
1.2347891257637219e+01 6.2178154253776847e-08
1.2349507628603437e+01 6.2074346300045740e-08
1.2351123999569653e+01 6.1970711656239957e-08
1.2352740370535871e+01 6.1867250033013904e-08
1.2354356741502089e+01 6.1763961141505814e-08
1.2355973112468305e+01 6.1660844693335843e-08
1.2357589483434523e+01 6.1557900400605274e-08
1.2359205854400741e+01 6.1455127975896597e-08
1.2360822225366958e+01 6.1352527132272266e-08
1.2362438596333176e+01 6.1250097583272794e-08
1.2364054967299394e+01 6.1147839042917926e-08
1.2365671338265610e+01 6.1045751225704753e-08
1.2367287709231828e+01 6.0943833846606489e-08
1.2368904080198044e+01 6.0842086621072619e-08
1.2370520451164262e+01 6.0740509265027497e-08
1.2372136822130480e+01 6.0639101494870040e-08
1.2373753193096697e+01 6.0537863027472470e-08
1.2375369564062915e+01 6.0436793580179324e-08
1.2376985935029133e+01 6.0335892870807743e-08
1.2378602305995349e+01 6.0235160617645514e-08
1.2380218676961567e+01 6.0134596539450858e-08
1.2381835047927785e+01 6.0034200355451544e-08
1.2383451418894001e+01 5.9933971785344080e-08
1.2385067789860219e+01 5.9833910549292882e-08
1.2386684160826436e+01 5.9734016367930045e-08
1.2388300531792654e+01 5.9634288962353044e-08
1.2389916902758872e+01 5.9534728054125924e-08
1.2391533273725088e+01 5.9435333365277492e-08
1.2393149644691306e+01 5.9336104618300094e-08
1.2394766015657524e+01 5.9237041536149707e-08
1.2396382386623740e+01 5.9138143842245159e-08
1.2397998757589958e+01 5.9039411260466296e-08
1.2399615128556174e+01 5.8940843515154782e-08
1.2401231499522392e+01 5.8842440331111796e-08
1.2402847870488610e+01 5.8744201433598251e-08
1.2404464241454827e+01 5.8646126548333973e-08
1.2406080612421045e+01 5.8548215401496484e-08
1.2407696983387263e+01 5.8450467719720147e-08
1.2409313354353479e+01 5.8352883230096353e-08
1.2410929725319697e+01 5.8255461660171695e-08
1.2412546096285915e+01 5.8158202737947732e-08
1.2414162467252131e+01 5.8061106191880141e-08
1.2415778838218349e+01 5.7964171750877953e-08
1.2417395209184566e+01 5.7867399144302779e-08
1.2419011580150784e+01 5.7770788101968070e-08
1.2420627951117002e+01 5.7674338354138373e-08
1.2422244322083218e+01 5.7578049631528549e-08
1.2423860693049436e+01 5.7481921665302938e-08
1.2425477064015654e+01 5.7385954187075128e-08
1.2427093434981870e+01 5.7290146928906165e-08
1.2428709805948088e+01 5.7194499623304712e-08
1.2430326176914306e+01 5.7099012003226267e-08
1.2431942547880523e+01 5.7003683802071903e-08
1.2433558918846741e+01 5.6908514753687535e-08
1.2435175289812957e+01 5.6813504592364097e-08
1.2436791660779175e+01 5.6718653052835340e-08
1.2438408031745393e+01 5.6623959870278610e-08
1.2440024402711609e+01 5.6529424780313034e-08
1.2441640773677827e+01 5.6435047518998865e-08
1.2443257144644045e+01 5.6340827822837500e-08
1.2444873515610261e+01 5.6246765428770237e-08
1.2446489886576479e+01 5.6152860074177092e-08
1.2448106257542698e+01 5.6059111496876791e-08
1.2449722628508914e+01 5.5965519435126108e-08
1.2451338999475132e+01 5.5872083627618091e-08
1.2452955370441348e+01 5.5778803813482858e-08
1.2454571741407566e+01 5.5685679732285328e-08
1.2456188112373784e+01 5.5592711124025566e-08
1.2457804483340000e+01 5.5499897729137857e-08
1.2459420854306218e+01 5.5407239288489695e-08
1.2461037225272436e+01 5.5314735543380875e-08
1.2462653596238653e+01 5.5222386235543690e-08
1.2464269967204871e+01 5.5130191107141227e-08
1.2465886338171089e+01 5.5038149900767133e-08
1.2467502709137305e+01 5.4946262359444829e-08
1.2469119080103523e+01 5.4854528226626715e-08
1.2470735451069739e+01 5.4762947246193539e-08
1.2472351822035957e+01 5.4671519162453644e-08
1.2473968193002175e+01 5.4580243720142255e-08
1.2475584563968392e+01 5.4489120664420741e-08
1.2477200934934610e+01 5.4398149740875869e-08
1.2478817305900828e+01 5.4307330695519536e-08
1.2480433676867044e+01 5.4216663274787074e-08
1.2482050047833262e+01 5.4126147225537459e-08
1.2483666418799480e+01 5.4035782295052490e-08
1.2485282789765696e+01 5.3945568231035674e-08
1.2486899160731914e+01 5.3855504781611454e-08
1.2488515531698130e+01 5.3765591695325460e-08
1.2490131902664348e+01 5.3675828721142366e-08
1.2491748273630567e+01 5.3586215608446609e-08
1.2493364644596783e+01 5.3496752107040764e-08
1.2494981015563001e+01 5.3407437967144840e-08
1.2496597386529219e+01 5.3318272939396294e-08
1.2498213757495435e+01 5.3229256774849046e-08
1.2499830128461653e+01 5.3140389224971765e-08
1.2501446499427869e+01 5.3051670041648972e-08
1.2503062870394087e+01 5.2963098977178978e-08
1.2504679241360305e+01 5.2874675784273743e-08
1.2506295612326522e+01 5.2786400216058036e-08
1.2507911983292740e+01 5.2698272026068829e-08
1.2509528354258958e+01 5.2610290968254465e-08
1.2511144725225174e+01 5.2522456796974443e-08
1.2512761096191392e+01 5.2434769266997823e-08
1.2514377467157610e+01 5.2347228133503350e-08
1.2515993838123826e+01 5.2259833152078680e-08
1.2517610209090044e+01 5.2172584078719344e-08
1.2519226580056261e+01 5.2085480669828083e-08
1.2520842951022479e+01 5.1998522682214485e-08
1.2522459321988697e+01 5.1911709873094343e-08
1.2524075692954913e+01 5.1825042000088590e-08
1.2525692063921131e+01 5.1738518821222572e-08
1.2527308434887349e+01 5.1652140094926145e-08
1.2528924805853565e+01 5.1565905580032101e-08
1.2530541176819783e+01 5.1479815035775964e-08
1.2532157547786001e+01 5.1393868221795234e-08
1.2533773918752217e+01 5.1308064898128680e-08
1.2535390289718435e+01 5.1222404825215625e-08
1.2537006660684652e+01 5.1136887763895674e-08
1.2538623031650870e+01 5.1051513475407207e-08
1.2540239402617088e+01 5.0966281721387483e-08
1.2541855773583304e+01 5.0881192263871978e-08
1.2543472144549522e+01 5.0796244865292812e-08
1.2545088515515740e+01 5.0711439288479392e-08
1.2546704886481956e+01 5.0626775296656804e-08
1.2548321257448174e+01 5.0542252653445153e-08
1.2549937628414392e+01 5.0457871122859644e-08
1.2551553999380609e+01 5.0373630469309569e-08
1.2553170370346827e+01 5.0289530457596710e-08
1.2554786741313043e+01 5.0205570852916440e-08
1.2556403112279261e+01 5.0121751420855672e-08
1.2558019483245479e+01 5.0038071927392783e-08
1.2559635854211695e+01 4.9954532138896856e-08
1.2561252225177913e+01 4.9871131822127024e-08
1.2562868596144131e+01 4.9787870744231715e-08
1.2564484967110348e+01 4.9704748672748493e-08
1.2566101338076566e+01 4.9621765375602487e-08
1.2567717709042784e+01 4.9538920621106515e-08
1.2569334080009000e+01 4.9456214177960403e-08
1.2570950450975218e+01 4.9373645815249881e-08
1.2572566821941434e+01 4.9291215302446362e-08
1.2574183192907652e+01 4.9208922409405781e-08
1.2575799563873870e+01 4.9126766906368742e-08
1.2577415934840086e+01 4.9044748563959525e-08
1.2579032305806304e+01 4.8962867153184572e-08
1.2580648676772523e+01 4.8881122445433430e-08
1.2582265047738739e+01 4.8799514212477206e-08
1.2583881418704957e+01 4.8718042226467639e-08
1.2585497789671173e+01 4.8636706259937279e-08
1.2587114160637391e+01 4.8555506085798002e-08
1.2588730531603609e+01 4.8474441477341255e-08
1.2590346902569825e+01 4.8393512208236982e-08
1.2591963273536043e+01 4.8312718052532553e-08
1.2593579644502261e+01 4.8232058784652839e-08
1.2595196015468478e+01 4.8151534179399471e-08
1.2596812386434696e+01 4.8071144011949895e-08
1.2598428757400914e+01 4.7990888057856638e-08
1.2600045128367130e+01 4.7910766093047479e-08
1.2601661499333348e+01 4.7830777893823919e-08
1.2603277870299564e+01 4.7750923236861124e-08
1.2604894241265782e+01 4.7671201899206767e-08
1.2606510612232000e+01 4.7591613658281236e-08
1.2608126983198217e+01 4.7512158291876198e-08
1.2609743354164435e+01 4.7432835578154384e-08
1.2611359725130653e+01 4.7353645295648874e-08
1.2612976096096869e+01 4.7274587223262515e-08
1.2614592467063087e+01 4.7195661140267189e-08
1.2616208838029305e+01 4.7116866826303604e-08
1.2617825208995521e+01 4.7038204061379898e-08
1.2619441579961739e+01 4.6959672625871711e-08
1.2621057950927955e+01 4.6881272300521614e-08
1.2622674321894173e+01 4.6803002866437651e-08
1.2624290692860392e+01 4.6724864105093899e-08
1.2625907063826608e+01 4.6646855798328994e-08
1.2627523434792826e+01 4.6568977728345580e-08
1.2629139805759044e+01 4.6491229677710326e-08
1.2630756176725260e+01 4.6413611429352974e-08
1.2632372547691478e+01 4.6336122766564954e-08
1.2633988918657696e+01 4.6258763473000229e-08
1.2635605289623912e+01 4.6181533332673854e-08
1.2637221660590130e+01 4.6104432129961105e-08
1.2638838031556347e+01 4.6027459649597544e-08
1.2640454402522565e+01 4.5950615676678057e-08
1.2642070773488783e+01 4.5873899996656224e-08
1.2643687144454999e+01 4.5797312395344148e-08
1.2645303515421217e+01 4.5720852658911054e-08
1.2646919886387435e+01 4.5644520573883372e-08
1.2648536257353651e+01 4.5568315927144118e-08
1.2650152628319869e+01 4.5492238505931950e-08
1.2651768999286087e+01 4.5416288097840478e-08
1.2653385370252304e+01 4.5340464490818433e-08
1.2655001741218522e+01 4.5264767473168225e-08
1.2656618112184738e+01 4.5189196833545891e-08
1.2658234483150956e+01 4.5113752360959957e-08
1.2659850854117174e+01 4.5038433844771705e-08
1.2661467225083390e+01 4.4963241074693765e-08
1.2663083596049608e+01 4.4888173840789908e-08
1.2664699967015826e+01 4.4813231933474436e-08
1.2666316337982042e+01 4.4738415143511512e-08
1.2667932708948261e+01 4.4663723262014577e-08
1.2669549079914479e+01 4.4589156080446127e-08
1.2671165450880695e+01 4.4514713390616314e-08
1.2672781821846913e+01 4.4440394984683153e-08
1.2674398192813129e+01 4.4366200655151853e-08
1.2676014563779347e+01 4.4292130194873587e-08
1.2677630934745565e+01 4.4218183397045590e-08
1.2679247305711781e+01 4.4144360055210604e-08
1.2680863676677999e+01 4.4070659963255514e-08
1.2682480047644217e+01 4.3997082915411859e-08
1.2684096418610434e+01 4.3923628706254461e-08
1.2685712789576652e+01 4.3850297130700900e-08
1.2687329160542868e+01 4.3777087984011608e-08
1.2688945531509086e+01 4.3704001061788568e-08
1.2690561902475304e+01 4.3631036159974825e-08
1.2692178273441520e+01 4.3558193074854529e-08
1.2693794644407738e+01 4.3485471603051661e-08
1.2695411015373956e+01 4.3412871541529784e-08
1.2697027386340173e+01 4.3340392687591478e-08
1.2698643757306391e+01 4.3268034838877693e-08
1.2700260128272609e+01 4.3195797793367166e-08
1.2701876499238825e+01 4.3123681349376213e-08
1.2703492870205043e+01 4.3051685305557424e-08
1.2705109241171259e+01 4.2979809460899817e-08
1.2706725612137477e+01 4.2908053614727871e-08
1.2708341983103695e+01 4.2836417566701409e-08
1.2709958354069911e+01 4.2764901116814245e-08
1.2711574725036130e+01 4.2693504065394370e-08
1.2713191096002348e+01 4.2622226213103254e-08
1.2714807466968564e+01 4.2551067360934946e-08
1.2716423837934782e+01 4.2480027310215844e-08
1.2718040208901000e+01 4.2409105862603990e-08
1.2719656579867216e+01 4.2338302820088600e-08
1.2721272950833434e+01 4.2267617984989394e-08
1.2722889321799650e+01 4.2197051159956471e-08
1.2724505692765868e+01 4.2126602147968685e-08
1.2726122063732086e+01 4.2056270752334501e-08
1.2727738434698303e+01 4.1986056776690680e-08
1.2729354805664521e+01 4.1915960025001445e-08
1.2730971176630739e+01 4.1845980301558522e-08
1.2732587547596955e+01 4.1776117410980608e-08
1.2734203918563173e+01 4.1706371158212082e-08
1.2735820289529391e+01 4.1636741348523463e-08
1.2737436660495607e+01 4.1567227787510182e-08
1.2739053031461825e+01 4.1497830281092010e-08
1.2740669402428042e+01 4.1428548635513172e-08
1.2742285773394260e+01 4.1359382657341146e-08
1.2743902144360478e+01 4.1290332153466145e-08
1.2745518515326694e+01 4.1221396931101215e-08
1.2747134886292912e+01 4.1152576797780974e-08
1.2748751257259130e+01 4.1083871561361445e-08
1.2750367628225346e+01 4.1015281030019424e-08
1.2751983999191564e+01 4.0946805012251984e-08
1.2753600370157782e+01 4.0878443316875822e-08
1.2755216741123999e+01 4.0810195753027112e-08
1.2756833112090217e+01 4.0742062130160266e-08
1.2758449483056433e+01 4.0674042258048082e-08
1.2760065854022651e+01 4.0606135946780817e-08
1.2761682224988869e+01 4.0538343006766075e-08
1.2763298595955085e+01 4.0470663248727540e-08
1.2764914966921303e+01 4.0403096483705145e-08
1.2766531337887521e+01 4.0335642523054402e-08
1.2768147708853737e+01 4.0268301178445656e-08
1.2769764079819955e+01 4.0201072261863452e-08
1.2771380450786172e+01 4.0133955585606720e-08
1.2772996821752390e+01 4.0066950962287200e-08
1.2774613192718608e+01 4.0000058204829977e-08
1.2776229563684824e+01 3.9933277126472246e-08
1.2777845934651042e+01 3.9866607540762820e-08
1.2779462305617260e+01 3.9800049261562098e-08
1.2781078676583476e+01 3.9733602103041369e-08
1.2782695047549694e+01 3.9667265879681490e-08
1.2784311418515912e+01 3.9601040406273713e-08
1.2785927789482129e+01 3.9534925497918421e-08
1.2787544160448347e+01 3.9468920970024330e-08
1.2789160531414563e+01 3.9403026638308618e-08
1.2790776902380781e+01 3.9337242318796071e-08
1.2792393273346999e+01 3.9271567827818534e-08
1.2794009644313215e+01 3.9206002982014795e-08
1.2795626015279433e+01 3.9140547598329262e-08
1.2797242386245651e+01 3.9075201494012457e-08
1.2798858757211867e+01 3.9009964486619725e-08
1.2800475128178086e+01 3.8944836394011076e-08
1.2802091499144304e+01 3.8879817034350587e-08
1.2803707870110520e+01 3.8814906226105966e-08
1.2805324241076738e+01 3.8750103788047865e-08
1.2806940612042954e+01 3.8685409539249821e-08
1.2808556983009172e+01 3.8620823299086995e-08
1.2810173353975390e+01 3.8556344887236329e-08
1.2811789724941606e+01 3.8491974123676018e-08
1.2813406095907824e+01 3.8427710828684313e-08
1.2815022466874042e+01 3.8363554822840021e-08
1.2816638837840259e+01 3.8299505927021276e-08
1.2818255208806477e+01 3.8235563962405057e-08
1.2819871579772695e+01 3.8171728750467226e-08
1.2821487950738911e+01 3.8108000112981794e-08
1.2823104321705129e+01 3.8044377872019669e-08
1.2824720692671345e+01 3.7980861849949533e-08
1.2826337063637563e+01 3.7917451869436257e-08
1.2827953434603781e+01 3.7854147753440869e-08
1.2829569805569998e+01 3.7790949325219965e-08
1.2831186176536216e+01 3.7727856408325195e-08
1.2832802547502434e+01 3.7664868826602768e-08
1.2834418918468650e+01 3.7601986404193221e-08
1.2836035289434868e+01 3.7539208965530285e-08
1.2837651660401086e+01 3.7476536335341055e-08
1.2839268031367302e+01 3.7413968338645311e-08
1.2840884402333520e+01 3.7351504800754882e-08
1.2842500773299736e+01 3.7289145547273110e-08
1.2844117144265955e+01 3.7226890404094602e-08
1.2845733515232173e+01 3.7164739197404789e-08
1.2847349886198389e+01 3.7102691753679159e-08
1.2848966257164607e+01 3.7040747899682692e-08
1.2850582628130825e+01 3.6978907462469987e-08
1.2852198999097041e+01 3.6917170269384138e-08
1.2853815370063259e+01 3.6855536148056529e-08
1.2855431741029477e+01 3.6794004926406346e-08
1.2857048111995693e+01 3.6732576432640030e-08
1.2858664482961911e+01 3.6671250495250812e-08
1.2860280853928128e+01 3.6610026943018559e-08
1.2861897224894346e+01 3.6548905605008362e-08
1.2863513595860564e+01 3.6487886310571240e-08
1.2865129966826780e+01 3.6426968889343092e-08
1.2866746337792998e+01 3.6366153171243899e-08
1.2868362708759216e+01 3.6305438986477798e-08
1.2869979079725432e+01 3.6244826165532580e-08
1.2871595450691650e+01 3.6184314539178613e-08
1.2873211821657867e+01 3.6123903938469292e-08
1.2874828192624085e+01 3.6063594194739645e-08
1.2876444563590303e+01 3.6003385139606457e-08
1.2878060934556519e+01 3.5943276604967787e-08
1.2879677305522737e+01 3.5883268423002196e-08
1.2881293676488955e+01 3.5823360426168241e-08
1.2882910047455171e+01 3.5763552447204582e-08
1.2884526418421389e+01 3.5703844319128871e-08
1.2886142789387607e+01 3.5644235875237599e-08
1.2887759160353824e+01 3.5584726949105575e-08
1.2889375531320042e+01 3.5525317374585452e-08
1.2890991902286258e+01 3.5466006985807288e-08
1.2892608273252476e+01 3.5406795617178048e-08
1.2894224644218694e+01 3.5347683103381160e-08
1.2895841015184910e+01 3.5288669279376066e-08
1.2897457386151128e+01 3.5229753980397665e-08
1.2899073757117346e+01 3.5170937041956143e-08
1.2900690128083562e+01 3.5112218299836171e-08
1.2902306499049780e+01 3.5053597590096386e-08
1.2903922870015998e+01 3.4995074749069511e-08
1.2905539240982215e+01 3.4936649613361274e-08
1.2907155611948433e+01 3.4878322019850250e-08
1.2908771982914649e+01 3.4820091805687399e-08
1.2910388353880867e+01 3.4761958808295342e-08
1.2912004724847085e+01 3.4703922865368397e-08
1.2913621095813301e+01 3.4645983814871962e-08
1.2915237466779519e+01 3.4588141495041365e-08
1.2916853837745737e+01 3.4530395744382575e-08
1.2918470208711954e+01 3.4472746401671102e-08
1.2920086579678172e+01 3.4415193305951351e-08
1.2921702950644390e+01 3.4357736296536591e-08
1.2923319321610606e+01 3.4300375213008563e-08
1.2924935692576824e+01 3.4243109895216412e-08
1.2926552063543040e+01 3.4185940183277131e-08
1.2928168434509258e+01 3.4128865917574222e-08
1.2929784805475476e+01 3.4071886938757853e-08
1.2931401176441693e+01 3.4015003087744343e-08
1.2933017547407911e+01 3.3958214205715498e-08
1.2934633918374129e+01 3.3901520134118092e-08
1.2936250289340345e+01 3.3844920714663963e-08
1.2937866660306563e+01 3.3788415789328968e-08
1.2939483031272781e+01 3.3732005200352858e-08
1.2941099402238997e+01 3.3675688790238776e-08
1.2942715773205215e+01 3.3619466401752797e-08
1.2944332144171431e+01 3.3563337877923517e-08
1.2945948515137649e+01 3.3507303062041561e-08
1.2947564886103867e+01 3.3451361797659243e-08
1.2949181257070084e+01 3.3395513928590028e-08
1.2950797628036302e+01 3.3339759298908086e-08
1.2952413999002520e+01 3.3284097752948157e-08
1.2954030369968736e+01 3.3228529135304498e-08
1.2955646740934954e+01 3.3173053290831015e-08
1.2957263111901170e+01 3.3117670064640803e-08
1.2958879482867388e+01 3.3062379302105173e-08
1.2960495853833606e+01 3.3007180848853800e-08
1.2962112224799823e+01 3.2952074550774254e-08
1.2963728595766041e+01 3.2897060254010959e-08
1.2965344966732259e+01 3.2842137804965649e-08
1.2966961337698475e+01 3.2787307050296303e-08
1.2968577708664693e+01 3.2732567836916737e-08
1.2970194079630911e+01 3.2677920011996638e-08
1.2971810450597127e+01 3.2623363422960900e-08
1.2973426821563345e+01 3.2568897917488641e-08
1.2975043192529562e+01 3.2514523343513842e-08
1.2976659563495780e+01 3.2460239549224078e-08
1.2978275934461998e+01 3.2406046383060440e-08
1.2979892305428214e+01 3.2351943693717048e-08
1.2981508676394432e+01 3.2297931330140631e-08
1.2983125047360650e+01 3.2244009141530047e-08
1.2984741418326866e+01 3.2190176977336097e-08
1.2986357789293084e+01 3.2136434687260812e-08
1.2987974160259302e+01 3.2082782121256962e-08
1.2989590531225518e+01 3.2029219129528188e-08
1.2991206902191736e+01 3.1975745562527983e-08
1.2992823273157953e+01 3.1922361270959625e-08
1.2994439644124171e+01 3.1869066105775423e-08
1.2996056015090389e+01 3.1815859918176803e-08
1.2997672386056605e+01 3.1762742559613620e-08
1.2999288757022823e+01 3.1709713881783455e-08
1.3000905127989041e+01 3.1656773736631633e-08
1.3002521498955257e+01 3.1603921976350858e-08
1.3004137869921475e+01 3.1551158453380188e-08
1.3005754240887693e+01 3.1498483020405441e-08
1.3007370611853910e+01 3.1445895530358217e-08
1.3008986982820128e+01 3.1393395836415454e-08
1.3010603353786344e+01 3.1340983791999642e-08
1.3012219724752562e+01 3.1288659250777568e-08
1.3013836095718780e+01 3.1236422066660505e-08
1.3015452466684996e+01 3.1184272093803748e-08
1.3017068837651214e+01 3.1132209186605879e-08
1.3018685208617432e+01 3.1080233199708673e-08
1.3020301579583649e+01 3.1028343987996533e-08
1.3021917950549867e+01 3.0976541406596166e-08
1.3023534321516085e+01 3.0924825310876088e-08
1.3025150692482301e+01 3.0873195556446503e-08
1.3026767063448519e+01 3.0821651999158338e-08
1.3028383434414735e+01 3.0770194495103409e-08
1.3029999805380953e+01 3.0718822900613672e-08
1.3031616176347171e+01 3.0667537072261177e-08
1.3033232547313387e+01 3.0616336866857074e-08
1.3034848918279605e+01 3.0565222141451763e-08
1.3036465289245823e+01 3.0514192753334387e-08
1.3038081660212040e+01 3.0463248560032263e-08
1.3039698031178258e+01 3.0412389419310382e-08
1.3041314402144476e+01 3.0361615189171551e-08
1.3042930773110692e+01 3.0310925727855403e-08
1.3044547144076910e+01 3.0260320893838317e-08
1.3046163515043126e+01 3.0209800545832994e-08
1.3047779886009344e+01 3.0159364542787801e-08
1.3049396256975562e+01 3.0109012743886859e-08
1.3051012627941779e+01 3.0058745008549460e-08
1.3052628998907997e+01 3.0008561196429088e-08
1.3054245369874215e+01 2.9958461167414038e-08
1.3055861740840431e+01 2.9908444781626474e-08
1.3057478111806649e+01 2.9858511899421805e-08
1.3059094482772865e+01 2.9808662381388817e-08
1.3060710853739083e+01 2.9758896088348963e-08
1.3062327224705301e+01 2.9709212881356035e-08
1.3063943595671518e+01 2.9659612621695999e-08
1.3065559966637736e+01 2.9610095170886087e-08
1.3067176337603954e+01 2.9560660390674892e-08
1.3068792708570170e+01 2.9511308143041926e-08
1.3070409079536388e+01 2.9462038290197023e-08
1.3072025450502606e+01 2.9412850694579913e-08
1.3073641821468822e+01 2.9363745218860286e-08
1.3075258192435040e+01 2.9314721725936914e-08
1.3076874563401256e+01 2.9265780078937500e-08
1.3078490934367474e+01 2.9216920141218270e-08
1.3080107305333692e+01 2.9168141776363578e-08
1.3081723676299909e+01 2.9119444848185521e-08
1.3083340047266127e+01 2.9070829220723523e-08
1.3084956418232345e+01 2.9022294758244199e-08
1.3086572789198561e+01 2.8973841325240463e-08
1.3088189160164779e+01 2.8925468786431614e-08
1.3089805531130997e+01 2.8877177006762917e-08
1.3091421902097213e+01 2.8828965851405005e-08
1.3093038273063431e+01 2.8780835185753464e-08
1.3094654644029648e+01 2.8732784875428953e-08
1.3096271014995866e+01 2.8684814786276083e-08
1.3097887385962084e+01 2.8636924784363788e-08
1.3099503756928300e+01 2.8589114735984458e-08
1.3101120127894518e+01 2.8541384507653560e-08
1.3102736498860736e+01 2.8493733966109664e-08
1.3104352869826952e+01 2.8446162978313870e-08
1.3105969240793170e+01 2.8398671411448950e-08
1.3107585611759388e+01 2.8351259132919858e-08
1.3109201982725605e+01 2.8303926010352876e-08
1.3110818353691823e+01 2.8256671911595027e-08
1.3112434724658039e+01 2.8209496704714181e-08
1.3114051095624257e+01 2.8162400257998410e-08
1.3115667466590475e+01 2.8115382439955639e-08
1.3117283837556691e+01 2.8068443119313517e-08
1.3118900208522909e+01 2.8021582165018559e-08
1.3120516579489127e+01 2.7974799446236226e-08
1.3122132950455343e+01 2.7928094832350512e-08
1.3123749321421561e+01 2.7881468192963373e-08
1.3125365692387780e+01 2.7834919397894324e-08
1.3126982063353996e+01 2.7788448317180514e-08
1.3128598434320214e+01 2.7742054821075876e-08
1.3130214805286430e+01 2.7695738780051042e-08
1.3131831176252648e+01 2.7649500064792715e-08
1.3133447547218866e+01 2.7603338546203781e-08
1.3135063918185082e+01 2.7557254095402451e-08
1.3136680289151300e+01 2.7511246583722171e-08
1.3138296660117518e+01 2.7465315882711179e-08
1.3139913031083735e+01 2.7419461864132190e-08
1.3141529402049953e+01 2.7373684399961949e-08
1.3143145773016169e+01 2.7327983362391187e-08
1.3144762143982387e+01 2.7282358623823534e-08
1.3146378514948605e+01 2.7236810056876072e-08
1.3147994885914821e+01 2.7191337534378518e-08
1.3149611256881039e+01 2.7145940929372644e-08
1.3151227627847257e+01 2.7100620115112340e-08
1.3152843998813474e+01 2.7055374965063243e-08
1.3154460369779692e+01 2.7010205352901899e-08
1.3156076740745910e+01 2.6965111152516100e-08
1.3157693111712126e+01 2.6920092238004031e-08
1.3159309482678344e+01 2.6875148483673940e-08
1.3160925853644560e+01 2.6830279764044205e-08
1.3162542224610778e+01 2.6785485953842502e-08
1.3164158595576996e+01 2.6740766928005706e-08
1.3165774966543212e+01 2.6696122561679481e-08
1.3167391337509430e+01 2.6651552730217947e-08
1.3169007708475648e+01 2.6607057309183271e-08
1.3170624079441865e+01 2.6562636174345560e-08
1.3172240450408083e+01 2.6518289201682044e-08
1.3173856821374301e+01 2.6474016267377161e-08
1.3175473192340517e+01 2.6429817247822141e-08
1.3177089563306735e+01 2.6385692019614494e-08
1.3178705934272951e+01 2.6341640459557669e-08
1.3180322305239169e+01 2.6297662444660877e-08
1.3181938676205387e+01 2.6253757852138769e-08
1.3183555047171604e+01 2.6209926559410883e-08
1.3185171418137822e+01 2.6166168444101275e-08
1.3186787789104040e+01 2.6122483384038590e-08
1.3188404160070256e+01 2.6078871257255262e-08
1.3190020531036474e+01 2.6035331941987380e-08
1.3191636902002692e+01 2.5991865316674340e-08
1.3193253272968908e+01 2.5948471259958484e-08
1.3194869643935126e+01 2.5905149650684702e-08
1.3196486014901343e+01 2.5861900367900404e-08
1.3198102385867561e+01 2.5818723290854460e-08
1.3199718756833779e+01 2.5775618298997763e-08
1.3201335127799995e+01 2.5732585271982408e-08
1.3202951498766213e+01 2.5689624089661197e-08
1.3204567869732431e+01 2.5646734632087639e-08
1.3206184240698647e+01 2.5603916779515655e-08
1.3207800611664865e+01 2.5561170412398750e-08
1.3209416982631083e+01 2.5518495411390350e-08
1.3211033353597299e+01 2.5475891657342974e-08
1.3212649724563517e+01 2.5433359031307941e-08
1.3214266095529734e+01 2.5390897414535425e-08
1.3215882466495952e+01 2.5348506688473725e-08
1.3217498837462170e+01 2.5306186734768922e-08
1.3219115208428386e+01 2.5263937435264963e-08
1.3220731579394604e+01 2.5221758672002841e-08
1.3222347950360822e+01 2.5179650327220701e-08
1.3223964321327038e+01 2.5137612283353030e-08
1.3225580692293256e+01 2.5095644423030728e-08
1.3227197063259474e+01 2.5053746629080731e-08
1.3228813434225691e+01 2.5011918784525519e-08
1.3230429805191909e+01 2.4970160772582714e-08
1.3232046176158125e+01 2.4928472476665248e-08
1.3233662547124343e+01 2.4886853780380328e-08
1.3235278918090561e+01 2.4845304567529782e-08
1.3236895289056777e+01 2.4803824722109324e-08
1.3238511660022995e+01 2.4762414128308187e-08
1.3240128030989213e+01 2.4721072670509190e-08
1.3241744401955430e+01 2.4679800233288209e-08
1.3243360772921648e+01 2.4638596701413429e-08
1.3244977143887864e+01 2.4597461959845864e-08
1.3246593514854082e+01 2.4556395893738362e-08
1.3248209885820300e+01 2.4515398388435564e-08
1.3249826256786516e+01 2.4474469329473521e-08
1.3251442627752734e+01 2.4433608602579387e-08
1.3253058998718952e+01 2.4392816093671054e-08
1.3254675369685168e+01 2.4352091688857056e-08
1.3256291740651386e+01 2.4311435274435804e-08
1.3257908111617605e+01 2.4270846736895668e-08
1.3259524482583821e+01 2.4230325962914622e-08
1.3261140853550039e+01 2.4189872839359691e-08
1.3262757224516255e+01 2.4149487253286879e-08
1.3264373595482473e+01 2.4109169091940571e-08
1.3265989966448691e+01 2.4068918242753660e-08
1.3267606337414907e+01 2.4028734593346805e-08
1.3269222708381125e+01 2.3988618031528324e-08
1.3270839079347343e+01 2.3948568445293839e-08
1.3272455450313560e+01 2.3908585722825974e-08
1.3274071821279778e+01 2.3868669752493983e-08
1.3275688192245996e+01 2.3828820422853670e-08
1.3277304563212212e+01 2.3789037622646641e-08
1.3278920934178430e+01 2.3749321240800366e-08
1.3280537305144646e+01 2.3709671166427898e-08
1.3282153676110864e+01 2.3670087288827148e-08
1.3283770047077082e+01 2.3630569497480989e-08
1.3285386418043299e+01 2.3591117682056919e-08
1.3287002789009517e+01 2.3551731732406356e-08
1.3288619159975735e+01 2.3512411538564897e-08
1.3290235530941951e+01 2.3473156990751603e-08
1.3291851901908169e+01 2.3433967979368699e-08
1.3293468272874387e+01 2.3394844395001591e-08
1.3295084643840603e+01 2.3355786128418393e-08
1.3296701014806821e+01 2.3316793070569213e-08
1.3298317385773037e+01 2.3277865112586635e-08
1.3299933756739255e+01 2.3239002145784800e-08
1.3301550127705474e+01 2.3200204061659335e-08
1.3303166498671690e+01 2.3161470751887012e-08
1.3304782869637908e+01 2.3122802108325466e-08
1.3306399240604126e+01 2.3084198023012837e-08
1.3308015611570342e+01 2.3045658388167658e-08
1.3309631982536560e+01 2.3007183096188172e-08
1.3311248353502778e+01 2.2968772039652390e-08
1.3312864724468994e+01 2.2930425111317742e-08
1.3314481095435212e+01 2.2892142204120623e-08
1.3316097466401429e+01 2.2853923211176093e-08
1.3317713837367647e+01 2.2815768025777740e-08
1.3319330208333865e+01 2.2777676541397380e-08
1.3320946579300081e+01 2.2739648651684601e-08
1.3322562950266299e+01 2.2701684250466427e-08
1.3324179321232517e+01 2.2663783231747375e-08
1.3325795692198733e+01 2.2625945489708776e-08
1.3327412063164951e+01 2.2588170918708652e-08
1.3329028434131168e+01 2.2550459413281448e-08
1.3330644805097386e+01 2.2512810868137521e-08
1.3332261176063604e+01 2.2475225178163216e-08
1.3333877547029820e+01 2.2437702238420402e-08
1.3335493917996038e+01 2.2400241944145794e-08
1.3337110288962256e+01 2.2362844190751360e-08
1.3338726659928472e+01 2.2325508873823649e-08
1.3340343030894690e+01 2.2288235889123334e-08
1.3341959401860908e+01 2.2251025132585223e-08
1.3343575772827124e+01 2.2213876500317996e-08
1.3345192143793343e+01 2.2176789888603501e-08
1.3346808514759559e+01 2.2139765193897025e-08
1.3348424885725777e+01 2.2102802312826598e-08
1.3350041256691995e+01 2.2065901142192723e-08
1.3351657627658211e+01 2.2029061578968431e-08
1.3353273998624429e+01 2.1992283520298604e-08
1.3354890369590647e+01 2.1955566863499875e-08
1.3356506740556863e+01 2.1918911506060315e-08
1.3358123111523081e+01 2.1882317345639142e-08
1.3359739482489299e+01 2.1845784280066395e-08
1.3361355853455516e+01 2.1809312207342840e-08
1.3362972224421734e+01 2.1772901025639301e-08
1.3364588595387950e+01 2.1736550633296766e-08
1.3366204966354168e+01 2.1700260928825869e-08
1.3367821337320386e+01 2.1664031810906834e-08
1.3369437708286602e+01 2.1627863178388818e-08
1.3371054079252820e+01 2.1591754930289947e-08
1.3372670450219038e+01 2.1555706965797038e-08
1.3374286821185255e+01 2.1519719184265129e-08
1.3375903192151473e+01 2.1483791485217174e-08
1.3377519563117691e+01 2.1447923768344112e-08
1.3379135934083907e+01 2.1412115933504192e-08
1.3380752305050125e+01 2.1376367880722885e-08
1.3382368676016341e+01 2.1340679510192623e-08
1.3383985046982559e+01 2.1305050722272304e-08
1.3385601417948777e+01 2.1269481417487377e-08
1.3387217788914993e+01 2.1233971496529404e-08
1.3388834159881212e+01 2.1198520860255399e-08
1.3390450530847430e+01 2.1163129409688244e-08
1.3392066901813646e+01 2.1127797046016025e-08
1.3393683272779864e+01 2.1092523670591603e-08
1.3395299643746082e+01 2.1057309184932658e-08
1.3396916014712298e+01 2.1022153490721395e-08
1.3398532385678516e+01 2.0987056489803895e-08
1.3400148756644732e+01 2.0952018084190413e-08
1.3401765127610950e+01 2.0917038176054551e-08
1.3403381498577168e+01 2.0882116667733323e-08
1.3404997869543385e+01 2.0847253461726884e-08
1.3406614240509603e+01 2.0812448460698089e-08
1.3408230611475821e+01 2.0777701567472191e-08
1.3409846982442037e+01 2.0743012685036897e-08
1.3411463353408255e+01 2.0708381716541730e-08
1.3413079724374471e+01 2.0673808565297992e-08
1.3414696095340689e+01 2.0639293134778243e-08
1.3416312466306907e+01 2.0604835328616433e-08
1.3417928837273124e+01 2.0570435050607245e-08
1.3419545208239342e+01 2.0536092204706018e-08
1.3421161579205560e+01 2.0501806695028406e-08
1.3422777950171776e+01 2.0467578425850281e-08
1.3424394321137994e+01 2.0433407301607077e-08
1.3426010692104212e+01 2.0399293226894041e-08
1.3427627063070428e+01 2.0365236106465579e-08
1.3429243434036646e+01 2.0331235845235008e-08
1.3430859805002862e+01 2.0297292348274643e-08
1.3432476175969081e+01 2.0263405520815040e-08
1.3434092546935299e+01 2.0229575268245074e-08
1.3435708917901515e+01 2.0195801496111684e-08
1.3437325288867733e+01 2.0162084110119259e-08
1.3438941659833951e+01 2.0128423016129859e-08
1.3440558030800167e+01 2.0094818120162563e-08
1.3442174401766385e+01 2.0061269328393400e-08
1.3443790772732603e+01 2.0027776547154998e-08
1.3445407143698819e+01 1.9994339682936476e-08
1.3447023514665037e+01 1.9960958642382990e-08
1.3448639885631254e+01 1.9927633332295499e-08
1.3450256256597472e+01 1.9894363659630616e-08
1.3451872627563690e+01 1.9861149531500376e-08
1.3453488998529906e+01 1.9827990855171816e-08
1.3455105369496124e+01 1.9794887538066682e-08
1.3456721740462342e+01 1.9761839487761498e-08
1.3458338111428558e+01 1.9728846611986957e-08
1.3459954482394776e+01 1.9695908818627823e-08
1.3461570853360994e+01 1.9663026015722652e-08
1.3463187224327211e+01 1.9630198111463535e-08
1.3464803595293429e+01 1.9597425014195796e-08
1.3466419966259645e+01 1.9564706632417962e-08
1.3468036337225863e+01 1.9532042874780968e-08
1.3469652708192081e+01 1.9499433650088579e-08
1.3471269079158297e+01 1.9466878867296774e-08
1.3472885450124515e+01 1.9434378435513360e-08
1.3474501821090733e+01 1.9401932263997997e-08
1.3476118192056949e+01 1.9369540262161938e-08
1.3477734563023168e+01 1.9337202339567437e-08
1.3479350933989386e+01 1.9304918405927977e-08
1.3480967304955602e+01 1.9272688371107680e-08
1.3482583675921820e+01 1.9240512145121030e-08
1.3484200046888036e+01 1.9208389638132971e-08
1.3485816417854254e+01 1.9176320760458314e-08
1.3487432788820472e+01 1.9144305422561501e-08
1.3489049159786688e+01 1.9112343535056667e-08
1.3490665530752906e+01 1.9080435008707035e-08
1.3492281901719124e+01 1.9048579754424839e-08
1.3493898272685341e+01 1.9016777683271067e-08
1.3495514643651559e+01 1.8985028706455184e-08
1.3497131014617777e+01 1.8953332735334843e-08
1.3498747385583993e+01 1.8921689681415850e-08
1.3500363756550211e+01 1.8890099456351528e-08
1.3501980127516427e+01 1.8858561971942847e-08
1.3503596498482645e+01 1.8827077140137953e-08
1.3505212869448863e+01 1.8795644873032135e-08
1.3506829240415080e+01 1.8764265082867239e-08
1.3508445611381298e+01 1.8732937682031719e-08
1.3510061982347516e+01 1.8701662583060379e-08
1.3511678353313732e+01 1.8670439698633971e-08
1.3513294724279950e+01 1.8639268941578925e-08
1.3514911095246166e+01 1.8608150224867460e-08
1.3516527466212384e+01 1.8577083461616805e-08
1.3518143837178602e+01 1.8546068565089489e-08
1.3519760208144818e+01 1.8515105448692736e-08
1.3521376579111037e+01 1.8484194025978257e-08
1.3522992950077255e+01 1.8453334210642242e-08
1.3524609321043471e+01 1.8422525916524976e-08
1.3526225692009689e+01 1.8391769057610419e-08
1.3527842062975907e+01 1.8361063548026242e-08
1.3529458433942123e+01 1.8330409302043572e-08
1.3531074804908341e+01 1.8299806234076446e-08
1.3532691175874557e+01 1.8269254258682034e-08
1.3534307546840775e+01 1.8238753290559938e-08
1.3535923917806993e+01 1.8208303244552263e-08
1.3537540288773210e+01 1.8177904035643356e-08
1.3539156659739428e+01 1.8147555578959442e-08
1.3540773030705646e+01 1.8117257789768327e-08
1.3542389401671862e+01 1.8087010583479488e-08
1.3544005772638080e+01 1.8056813875643504e-08
1.3545622143604298e+01 1.8026667581951968e-08
1.3547238514570514e+01 1.7996571618237220e-08
1.3548854885536732e+01 1.7966525900472139e-08
1.3550471256502949e+01 1.7936530344769875e-08
1.3552087627469167e+01 1.7906584867383634e-08
1.3553703998435385e+01 1.7876689384706442e-08
1.3555320369401601e+01 1.7846843813270899e-08
1.3556936740367819e+01 1.7817048069748940e-08
1.3558553111334037e+01 1.7787302070951724e-08
1.3560169482300253e+01 1.7757605733829130e-08
1.3561785853266471e+01 1.7727958975469769e-08
1.3563402224232689e+01 1.7698361713100746e-08
1.3565018595198906e+01 1.7668813864087288e-08
1.3566634966165124e+01 1.7639315345932489e-08
1.3568251337131340e+01 1.7609866076277399e-08
1.3569867708097558e+01 1.7580465972900315e-08
1.3571484079063776e+01 1.7551114953717021e-08
1.3573100450029992e+01 1.7521812936780253e-08
1.3574716820996210e+01 1.7492559840279466e-08
1.3576333191962428e+01 1.7463355582540851e-08
1.3577949562928644e+01 1.7434200082026995e-08
1.3579565933894862e+01 1.7405093257336325e-08
1.3581182304861080e+01 1.7376035027203457e-08
1.3582798675827297e+01 1.7347025310498639e-08
1.3584415046793515e+01 1.7318064026227429e-08
1.3586031417759731e+01 1.7289151093530717e-08
1.3587647788725949e+01 1.7260286431684365e-08
1.3589264159692167e+01 1.7231469960098973e-08
1.3590880530658383e+01 1.7202701598319807e-08
1.3592496901624601e+01 1.7173981266026281e-08
1.3594113272590819e+01 1.7145308883031984e-08
1.3595729643557036e+01 1.7116684369284450e-08
1.3597346014523254e+01 1.7088107644864793e-08
1.3598962385489470e+01 1.7059578629987501e-08
1.3600578756455688e+01 1.7031097245000319e-08
1.3602195127421906e+01 1.7002663410384044e-08
1.3603811498388122e+01 1.6974277046752158e-08
1.3605427869354340e+01 1.6945938074850603e-08
1.3607044240320558e+01 1.6917646415557808e-08
1.3608660611286775e+01 1.6889401989884186e-08
1.3610276982252993e+01 1.6861204718972051e-08
1.3611893353219211e+01 1.6833054524095373e-08
1.3613509724185427e+01 1.6804951326659551e-08
1.3615126095151645e+01 1.6776895048201179e-08
1.3616742466117861e+01 1.6748885610387962e-08
1.3618358837084079e+01 1.6720922935018203e-08
1.3619975208050297e+01 1.6693006944020861e-08
1.3621591579016513e+01 1.6665137559455314e-08
1.3623207949982731e+01 1.6637314703510864e-08
1.3624824320948949e+01 1.6609538298506924e-08
1.3626440691915166e+01 1.6581808266892512e-08
1.3628057062881384e+01 1.6554124531246029e-08
1.3629673433847602e+01 1.6526487014275276e-08
1.3631289804813818e+01 1.6498895638817132e-08
1.3632906175780036e+01 1.6471350327837036e-08
1.3634522546746252e+01 1.6443851004429321e-08
1.3636138917712470e+01 1.6416397591816584e-08
1.3637755288678688e+01 1.6388990013349625e-08
1.3639371659644905e+01 1.6361628192507211e-08
1.3640988030611123e+01 1.6334312052895840e-08
