1.1054897829060755e+00 3.6354544218638694e+00
1.1060734019362639e+00 3.6283823838343281e+00
1.1066570209664521e+00 3.6213224462653524e+00
1.1072406399966406e+00 3.6142745894827391e+00
1.1078242590268290e+00 3.6072387938435377e+00
1.1084078780570175e+00 3.6002150397360184e+00
1.1089914970872057e+00 3.5932033075796181e+00
1.1095751161173941e+00 3.5862035778248624e+00
1.1101587351475826e+00 3.5792158309533733e+00
1.1107423541777708e+00 3.5722400474777607e+00
1.1113259732079592e+00 3.5652762079416220e+00
1.1119095922381477e+00 3.5583242929194547e+00
1.1124932112683361e+00 3.5513842830166364e+00
1.1130768302985243e+00 3.5444561588693735e+00
1.1136604493287128e+00 3.5375399011446240e+00
1.1142440683589012e+00 3.5306354905400861e+00
1.1148276873890894e+00 3.5237429077841296e+00
1.1154113064192779e+00 3.5168621336357497e+00
1.1159949254494663e+00 3.5099931488845186e+00
1.1165785444796548e+00 3.5031359343505502e+00
1.1171621635098430e+00 3.4962904708844387e+00
1.1177457825400314e+00 3.4894567393671987e+00
1.1183294015702199e+00 3.4826347207102586e+00
1.1189130206004081e+00 3.4758243958553607e+00
1.1194966396305965e+00 3.4690257457745610e+00
1.1200802586607850e+00 3.4622387514701400e+00
1.1206638776909734e+00 3.4554633939745938e+00
1.1212474967211616e+00 3.4486996543505630e+00
1.1218311157513501e+00 3.4419475136907773e+00
1.1224147347815385e+00 3.4352069531180414e+00
1.1229983538117267e+00 3.4284779537851522e+00
1.1235819728419152e+00 3.4217604968748758e+00
1.1241655918721036e+00 3.4150545635998832e+00
1.1247492109022921e+00 3.4083601352027206e+00
1.1253328299324803e+00 3.4016771929557588e+00
1.1259164489626687e+00 3.3950057181611171e+00
1.1265000679928572e+00 3.3883456921506658e+00
1.1270836870230454e+00 3.3816970962859414e+00
1.1276673060532338e+00 3.3750599119581177e+00
1.1282509250834223e+00 3.3684341205879469e+00
1.1288345441136105e+00 3.3618197036257356e+00
1.1294181631437989e+00 3.3552166425512611e+00
1.1300017821739874e+00 3.3486249188737673e+00
1.1305854012041758e+00 3.3420445141318926e+00
1.1311690202343641e+00 3.3354754098936241e+00
1.1317526392645525e+00 3.3289175877562602e+00
1.1323362582947409e+00 3.3223710293463564e+00
1.1329198773249292e+00 3.3158357163196981e+00
1.1335034963551176e+00 3.3093116303612180e+00
1.1340871153853060e+00 3.3027987531849932e+00
1.1346707344154945e+00 3.2962970665341738e+00
1.1352543534456827e+00 3.2898065521809330e+00
1.1358379724758711e+00 3.2833271919264417e+00
1.1364215915060596e+00 3.2768589676008033e+00
1.1370052105362478e+00 3.2704018610630281e+00
1.1375888295664363e+00 3.2639558542009612e+00
1.1381724485966247e+00 3.2575209289312665e+00
1.1387560676268131e+00 3.2510970671993644e+00
1.1393396866570014e+00 3.2446842509793838e+00
1.1399233056871898e+00 3.2382824622741291e+00
1.1405069247173782e+00 3.2318916831150211e+00
1.1410905437475665e+00 3.2255118955620752e+00
1.1416741627777549e+00 3.2191430817038182e+00
1.1422577818079434e+00 3.2127852236572867e+00
1.1428414008381318e+00 3.2064383035679573e+00
1.1434250198683200e+00 3.2001023036096958e+00
1.1440086388985085e+00 3.1937772059847354e+00
1.1445922579286969e+00 3.1874629929236127e+00
1.1451758769588851e+00 3.1811596466851375e+00
1.1457594959890736e+00 3.1748671495563294e+00
1.1463431150192620e+00 3.1685854838524001e+00
1.1469267340494504e+00 3.1623146319166788e+00
1.1475103530796387e+00 3.1560545761205971e+00
1.1480939721098271e+00 3.1498052988636256e+00
1.1486775911400156e+00 3.1435667825732301e+00
1.1492612101702038e+00 3.1373390097048466e+00
1.1498448292003922e+00 3.1311219627418048e+00
1.1504284482305807e+00 3.1249156241953182e+00
1.1510120672607691e+00 3.1187199766044187e+00
1.1515956862909573e+00 3.1125350025359211e+00
1.1521793053211458e+00 3.1063606845843772e+00
1.1527629243513342e+00 3.1001970053720282e+00
1.1533465433815224e+00 3.0940439475487769e+00
1.1539301624117109e+00 3.0879014937921139e+00
1.1545137814418993e+00 3.0817696268071146e+00
1.1550974004720878e+00 3.0756483293263557e+00
1.1556810195022760e+00 3.0695375841099026e+00
1.1562646385324644e+00 3.0634373739452525e+00
1.1568482575626529e+00 3.0573476816472853e+00
1.1574318765928411e+00 3.0512684900582392e+00
1.1580154956230295e+00 3.0451997820476411e+00
1.1585991146532180e+00 3.0391415405122988e+00
1.1591827336834064e+00 3.0330937483762193e+00
1.1597663527135946e+00 3.0270563885905992e+00
1.1603499717437831e+00 3.0210294441337640e+00
1.1609335907739715e+00 3.0150128980111224e+00
1.1615172098041597e+00 3.0090067332551431e+00
1.1621008288343482e+00 3.0030109329252848e+00
1.1626844478645366e+00 2.9970254801079834e+00
1.1632680668947251e+00 2.9910503579165821e+00
1.1638516859249133e+00 2.9850855494913180e+00
1.1644353049551017e+00 2.9791310379992400e+00
1.1650189239852902e+00 2.9731868066342120e+00
1.1656025430154784e+00 2.9672528386168442e+00
1.1661861620456668e+00 2.9613291171944431e+00
1.1667697810758553e+00 2.9554156256409989e+00
1.1673534001060437e+00 2.9495123472571136e+00
1.1679370191362319e+00 2.9436192653699864e+00
1.1685206381664204e+00 2.9377363633333395e+00
1.1691042571966088e+00 2.9318636245274106e+00
1.1696878762267970e+00 2.9260010323588941e+00
1.1702714952569855e+00 2.9201485702608871e+00
1.1708551142871739e+00 2.9143062216928786e+00
1.1714387333173621e+00 2.9084739701406765e+00
1.1720223523475506e+00 2.9026517991163940e+00
1.1726059713777390e+00 2.8968396921583786e+00
1.1731895904079275e+00 2.8910376328312042e+00
1.1737732094381157e+00 2.8852456047256041e+00
1.1743568284683041e+00 2.8794635914584346e+00
1.1749404474984926e+00 2.8736915766726465e+00
1.1755240665286810e+00 2.8679295440372239e+00
1.1761076855588692e+00 2.8621774772471733e+00
1.1766913045890577e+00 2.8564353600234393e+00
1.1772749236192461e+00 2.8507031761129076e+00
1.1778585426494343e+00 2.8449809092883429e+00
1.1784421616796228e+00 2.8392685433483371e+00
1.1790257807098112e+00 2.8335660621173004e+00
1.1796093997399995e+00 2.8278734494453852e+00
1.1801930187701879e+00 2.8221906892084743e+00
1.1807766378003763e+00 2.8165177653081206e+00
1.1813602568305648e+00 2.8108546616715215e+00
1.1819438758607530e+00 2.8052013622514740e+00
1.1825274948909414e+00 2.7995578510263170e+00
1.1831111139211299e+00 2.7939241119999254e+00
1.1836947329513181e+00 2.7883001292016387e+00
1.1842783519815065e+00 2.7826858866862394e+00
1.1848619710116950e+00 2.7770813685338984e+00
1.1854455900418834e+00 2.7714865588501514e+00
1.1860292090720717e+00 2.7659014417658550e+00
1.1866128281022601e+00 2.7603260014371278e+00
1.1871964471324485e+00 2.7547602220453413e+00
1.1877800661626368e+00 2.7492040877970538e+00
1.1883636851928252e+00 2.7436575829239858e+00
1.1889473042230136e+00 2.7381206916829730e+00
1.1895309232532021e+00 2.7325933983559376e+00
1.1901145422833903e+00 2.7270756872498345e+00
1.1906981613135788e+00 2.7215675426966173e+00
1.1912817803437672e+00 2.7160689490532071e+00
1.1918653993739554e+00 2.7105798907014393e+00
1.1924490184041439e+00 2.7051003520480368e+00
1.1930326374343323e+00 2.6996303175245573e+00
1.1936162564645207e+00 2.6941697715873749e+00
1.1941998754947090e+00 2.6887186987176186e+00
1.1947834945248974e+00 2.6832770834211446e+00
1.1953671135550858e+00 2.6778449102285027e+00
1.1959507325852741e+00 2.6724221636948808e+00
1.1965343516154625e+00 2.6670088284000850e+00
1.1971179706456510e+00 2.6616048889484807e+00
1.1977015896758394e+00 2.6562103299689821e+00
1.1982852087060276e+00 2.6508251361149844e+00
1.1988688277362161e+00 2.6454492920643342e+00
1.1994524467664045e+00 2.6400827825193098e+00
1.2000360657965927e+00 2.6347255922065518e+00
1.2006196848267812e+00 2.6293777058770487e+00
1.2012033038569696e+00 2.6240391083060852e+00
1.2017869228871580e+00 2.6187097842932152e+00
1.2023705419173463e+00 2.6133897186622144e+00
1.2029541609475347e+00 2.6080788962610391e+00
1.2035377799777232e+00 2.6027773019618068e+00
1.2041213990079114e+00 2.5974849206607331e+00
1.2047050180380998e+00 2.5922017372781143e+00
1.2052886370682883e+00 2.5869277367582746e+00
1.2058722560984767e+00 2.5816629040695429e+00
1.2064558751286649e+00 2.5764072242042038e+00
1.2070394941588534e+00 2.5711606821784603e+00
1.2076231131890418e+00 2.5659232630324023e+00
1.2082067322192300e+00 2.5606949518299635e+00
1.2087903512494185e+00 2.5554757336588922e+00
1.2093739702796069e+00 2.5502655936306984e+00
1.2099575893097954e+00 2.5450645168806338e+00
1.2105412083399836e+00 2.5398724885676458e+00
1.2111248273701720e+00 2.5346894938743341e+00
1.2117084464003605e+00 2.5295155180069258e+00
1.2122920654305487e+00 2.5243505461952345e+00
1.2128756844607371e+00 2.5191945636926167e+00
1.2134593034909256e+00 2.5140475557759370e+00
1.2140429225211138e+00 2.5089095077455479e+00
1.2146265415513022e+00 2.5037804049252159e+00
1.2152101605814907e+00 2.4986602326621257e+00
1.2157937796116791e+00 2.4935489763268173e+00
1.2163773986418673e+00 2.4884466213131580e+00
1.2169610176720558e+00 2.4833531530383040e+00
1.2175446367022442e+00 2.4782685569426617e+00
1.2181282557324327e+00 2.4731928184898582e+00
1.2187118747626209e+00 2.4681259231666992e+00
1.2192954937928093e+00 2.4630678564831281e+00
1.2198791128229978e+00 2.4580186039721994e+00
1.2204627318531860e+00 2.4529781511900381e+00
1.2210463508833744e+00 2.4479464837158047e+00
1.2216299699135629e+00 2.4429235871516464e+00
1.2222135889437511e+00 2.4379094471226885e+00
1.2227972079739395e+00 2.4329040492769645e+00
1.2233808270041280e+00 2.4279073792854109e+00
1.2239644460343164e+00 2.4229194228418107e+00
1.2245480650645046e+00 2.4179401656627642e+00
1.2251316840946931e+00 2.4129695934876527e+00
1.2257153031248815e+00 2.4080076920786038e+00
1.2262989221550697e+00 2.4030544472204580e+00
1.2268825411852582e+00 2.3981098447207185e+00
1.2274661602154466e+00 2.3931738704095409e+00
1.2280497792456351e+00 2.3882465101396742e+00
1.2286333982758233e+00 2.3833277497864360e+00
1.2292170173060117e+00 2.3784175752476746e+00
1.2298006363362002e+00 2.3735159724437329e+00
1.2303842553663884e+00 2.3686229273174249e+00
1.2309678743965768e+00 2.3637384258339695e+00
1.2315514934267653e+00 2.3588624539809930e+00
1.2321351124569537e+00 2.3539949977684698e+00
1.2327187314871419e+00 2.3491360432286927e+00
1.2333023505173304e+00 2.3442855764162389e+00
1.2338859695475188e+00 2.3394435834079332e+00
1.2344695885777073e+00 2.3346100503028211e+00
1.2350532076078955e+00 2.3297849632221190e+00
1.2356368266380839e+00 2.3249683083091908e+00
1.2362204456682724e+00 2.3201600717295099e+00
1.2368040646984606e+00 2.3153602396706248e+00
1.2373876837286490e+00 2.3105687983421186e+00
1.2379713027588375e+00 2.3057857339755854e+00
1.2385549217890257e+00 2.3010110328245896e+00
1.2391385408192142e+00 2.2962446811646235e+00
1.2397221598494026e+00 2.2914866652930912e+00
1.2403057788795910e+00 2.2867369715292543e+00
1.2408893979097793e+00 2.2819955862142121e+00
1.2414730169399677e+00 2.2772624957108607e+00
1.2420566359701561e+00 2.2725376864038545e+00
1.2426402550003444e+00 2.2678211446995893e+00
1.2432238740305328e+00 2.2631128570261394e+00
1.2438074930607212e+00 2.2584128098332532e+00
1.2443911120909097e+00 2.2537209895923009e+00
1.2449747311210979e+00 2.2490373827962467e+00
1.2455583501512864e+00 2.2443619759596092e+00
1.2461419691814748e+00 2.2396947556184355e+00
1.2467255882116630e+00 2.2350357083302650e+00
1.2473092072418515e+00 2.2303848206740868e+00
1.2478928262720399e+00 2.2257420792503226e+00
1.2484764453022281e+00 2.2211074706807787e+00
1.2490600643324166e+00 2.2164809816086137e+00
1.2496436833626050e+00 2.2118625986983131e+00
1.2502273023927934e+00 2.2072523086356526e+00
1.2508109214229817e+00 2.2026500981276564e+00
1.2513945404531701e+00 2.1980559539025721e+00
1.2519781594833586e+00 2.1934698627098390e+00
1.2525617785135470e+00 2.1888918113200480e+00
1.2531453975437352e+00 2.1843217865249156e+00
1.2537290165739237e+00 2.1797597751372373e+00
1.2543126356041121e+00 2.1752057639908724e+00
1.2548962546343003e+00 2.1706597399406959e+00
1.2554798736644888e+00 2.1661216898625755e+00
1.2560634926946772e+00 2.1615916006533320e+00
1.2566471117248654e+00 2.1570694592307107e+00
1.2572307307550539e+00 2.1525552525333418e+00
1.2578143497852423e+00 2.1480489675207166e+00
1.2583979688154308e+00 2.1435505911731525e+00
1.2589815878456190e+00 2.1390601104917493e+00
1.2595652068758074e+00 2.1345775124983715e+00
1.2601488259059959e+00 2.1301027842356088e+00
1.2607324449361843e+00 2.1256359127667404e+00
1.2613160639663725e+00 2.1211768851757125e+00
1.2618996829965610e+00 2.1167256885670866e+00
1.2624833020267494e+00 2.1122823100660346e+00
1.2630669210569376e+00 2.1078467368182778e+00
1.2636505400871261e+00 2.1034189559900782e+00
1.2642341591173145e+00 2.0989989547681867e+00
1.2648177781475027e+00 2.0945867203598278e+00
1.2654013971776912e+00 2.0901822399926555e+00
1.2659850162078796e+00 2.0857855009147221e+00
1.2665686352380681e+00 2.0813964903944591e+00
1.2671522542682563e+00 2.0770151957206240e+00
1.2677358732984447e+00 2.0726416042022859e+00
1.2683194923286332e+00 2.0682757031687804e+00
1.2689031113588216e+00 2.0639174799696920e+00
1.2694867303890098e+00 2.0595669219748149e+00
1.2700703494191983e+00 2.0552240165741082e+00
1.2706539684493867e+00 2.0508887511776921e+00
1.2712375874795749e+00 2.0465611132157888e+00
1.2718212065097634e+00 2.0422410901387100e+00
1.2724048255399518e+00 2.0379286694168099e+00
1.2729884445701400e+00 2.0336238385404743e+00
1.2735720636003285e+00 2.0293265850200628e+00
1.2741556826305169e+00 2.0250368963858976e+00
1.2747393016607054e+00 2.0207547601882272e+00
1.2753229206908936e+00 2.0164801639971870e+00
1.2759065397210820e+00 2.0122130954027786e+00
1.2764901587512705e+00 2.0079535420148309e+00
1.2770737777814589e+00 2.0037014914629738e+00
1.2776573968116471e+00 1.9994569313966091e+00
1.2782410158418356e+00 1.9952198494848639e+00
1.2788246348720240e+00 1.9909902334165832e+00
1.2794082539022122e+00 1.9867680709002786e+00
1.2799918729324007e+00 1.9825533496641090e+00
1.2805754919625891e+00 1.9783460574558425e+00
1.2811591109927774e+00 1.9741461820428359e+00
1.2817427300229658e+00 1.9699537112119856e+00
1.2823263490531542e+00 1.9657686327697184e+00
1.2829099680833427e+00 1.9615909345419467e+00
1.2834935871135309e+00 1.9574206043740392e+00
1.2840772061437193e+00 1.9532576301307980e+00
1.2846608251739078e+00 1.9491019996964121e+00
1.2852444442040960e+00 1.9449537009744520e+00
1.2858280632342844e+00 1.9408127218878075e+00
1.2864116822644729e+00 1.9366790503786877e+00
1.2869953012946613e+00 1.9325526744085735e+00
1.2875789203248496e+00 1.9284335819581859e+00
1.2881625393550380e+00 1.9243217610274659e+00
1.2887461583852264e+00 1.9202171996355335e+00
1.2893297774154147e+00 1.9161198858206701e+00
1.2899133964456031e+00 1.9120298076402702e+00
1.2904970154757915e+00 1.9079469531708313e+00
1.2910806345059798e+00 1.9038713105079157e+00
1.2916642535361682e+00 1.8998028677661065e+00
1.2922478725663566e+00 1.8957416130790052e+00
1.2928314915965451e+00 1.8916875345991773e+00
1.2934151106267333e+00 1.8876406204981377e+00
1.2939987296569218e+00 1.8836008589663074e+00
1.2945823486871102e+00 1.8795682382129986e+00
1.2951659677172986e+00 1.8755427464663785e+00
1.2957495867474869e+00 1.8715243719734322e+00
1.2963332057776753e+00 1.8675131029999437e+00
1.2969168248078637e+00 1.8635089278304608e+00
1.2975004438380520e+00 1.8595118347682711e+00
1.2980840628682404e+00 1.8555218121353592e+00
1.2986676818984288e+00 1.8515388482723942e+00
1.2992513009286171e+00 1.8475629315386943e+00
1.2998349199588055e+00 1.8435940503121835e+00
1.3004185389889940e+00 1.8396321929893866e+00
1.3010021580191824e+00 1.8356773479853790e+00
1.3015857770493706e+00 1.8317295037337760e+00
1.3021693960795591e+00 1.8277886486866790e+00
1.3027530151097475e+00 1.8238547713146711e+00
1.3033366341399359e+00 1.8199278601067790e+00
1.3039202531701242e+00 1.8160079035704360e+00
1.3045038722003126e+00 1.8120948902314640e+00
1.3050874912305011e+00 1.8081888086340345e+00
1.3056711102606893e+00 1.8042896473406558e+00
1.3062547292908777e+00 1.8003973949321197e+00
1.3068383483210662e+00 1.7965120400075016e+00
1.3074219673512544e+00 1.7926335711841037e+00
1.3080055863814428e+00 1.7887619770974443e+00
1.3085892054116313e+00 1.7848972464012287e+00
1.3091728244418197e+00 1.7810393677673053e+00
1.3097564434720079e+00 1.7771883298856588e+00
1.3103400625021964e+00 1.7733441214643584e+00
1.3109236815323848e+00 1.7695067312295543e+00
1.3115073005625733e+00 1.7656761479254217e+00
1.3120909195927615e+00 1.7618523603141603e+00
1.3126745386229499e+00 1.7580353571759451e+00
1.3132581576531384e+00 1.7542251273089013e+00
1.3138417766833266e+00 1.7504216595290929e+00
1.3144253957135150e+00 1.7466249426704652e+00
1.3150090147437035e+00 1.7428349655848465e+00
1.3155926337738917e+00 1.7390517171418982e+00
1.3161762528040801e+00 1.7352751862290967e+00
1.3167598718342686e+00 1.7315053617517060e+00
1.3173434908644570e+00 1.7277422326327418e+00
1.3179271098946452e+00 1.7239857878129567e+00
1.3185107289248337e+00 1.7202360162507937e+00
1.3190943479550221e+00 1.7164929069223778e+00
1.3196779669852106e+00 1.7127564488214722e+00
1.3202615860153988e+00 1.7090266309594628e+00
1.3208452050455872e+00 1.7053034423653246e+00
1.3214288240757757e+00 1.7015868720855880e+00
1.3220124431059639e+00 1.6978769091843291e+00
1.3225960621361523e+00 1.6941735427431146e+00
1.3231796811663408e+00 1.6904767618610057e+00
1.3237633001965290e+00 1.6867865556545039e+00
1.3243469192267174e+00 1.6831029132575421e+00
1.3249305382569059e+00 1.6794258238214401e+00
1.3255141572870943e+00 1.6757552765148964e+00
1.3260977763172825e+00 1.6720912605239489e+00
1.3266813953474710e+00 1.6684337650519401e+00
1.3272650143776594e+00 1.6647827793195125e+00
1.3278486334078476e+00 1.6611382925645577e+00
1.3284322524380361e+00 1.6575002940422057e+00
1.3290158714682245e+00 1.6538687730247887e+00
1.3295994904984130e+00 1.6502437188018171e+00
1.3301831095286012e+00 1.6466251206799558e+00
1.3307667285587896e+00 1.6430129679829848e+00
1.3313503475889781e+00 1.6394072500517911e+00
1.3319339666191663e+00 1.6358079562443242e+00
1.3325175856493547e+00 1.6322150759355789e+00
1.3331012046795432e+00 1.6286285985175653e+00
1.3336848237097314e+00 1.6250485133992845e+00
1.3342684427399198e+00 1.6214748100066987e+00
1.3348520617701083e+00 1.6179074777827045e+00
1.3354356808002967e+00 1.6143465061871090e+00
1.3360192998304850e+00 1.6107918846965996e+00
1.3366029188606734e+00 1.6072436028047237e+00
1.3371865378908618e+00 1.6037016500218493e+00
1.3377701569210503e+00 1.6001660158751532e+00
1.3383537759512385e+00 1.5966366899085922e+00
1.3389373949814269e+00 1.5931136616828594e+00
1.3395210140116154e+00 1.5895969207753833e+00
1.3401046330418036e+00 1.5860864567802806e+00
1.3406882520719920e+00 1.5825822593083450e+00
1.3412718711021805e+00 1.5790843179870082e+00
1.3418554901323687e+00 1.5755926224603254e+00
1.3424391091625572e+00 1.5721071623889356e+00
1.3430227281927456e+00 1.5686279274500488e+00
1.3436063472229340e+00 1.5651549073374174e+00
1.3441899662531223e+00 1.5616880917612965e+00
1.3447735852833107e+00 1.5582274704484382e+00
1.3453572043134991e+00 1.5547730331420480e+00
1.3459408233436876e+00 1.5513247696017718e+00
1.3465244423738758e+00 1.5478826696036649e+00
1.3471080614040642e+00 1.5444467229401579e+00
1.3476916804342527e+00 1.5410169194200489e+00
1.3482752994644409e+00 1.5375932488684598e+00
1.3488589184946294e+00 1.5341757011268242e+00
1.3494425375248178e+00 1.5307642660528478e+00
1.3500261565550060e+00 1.5273589335205029e+00
1.3506097755851945e+00 1.5239596934199762e+00
1.3511933946153829e+00 1.5205665356576661e+00
1.3517770136455713e+00 1.5171794501561509e+00
1.3523606326757596e+00 1.5137984268541527e+00
1.3529442517059480e+00 1.5104234557065257e+00
1.3535278707361365e+00 1.5070545266842212e+00
1.3541114897663249e+00 1.5036916297742702e+00
1.3546951087965131e+00 1.5003347549797537e+00
1.3552787278267016e+00 1.4969838923197714e+00
1.3558623468568900e+00 1.4936390318294317e+00
1.3564459658870782e+00 1.4903001635598110e+00
1.3570295849172667e+00 1.4869672775779375e+00
1.3576132039474551e+00 1.4836403639667584e+00
1.3581968229776433e+00 1.4803194128251311e+00
1.3587804420078318e+00 1.4770044142677721e+00
1.3593640610380202e+00 1.4736953584252588e+00
1.3599476800682084e+00 1.4703922354439878e+00
1.3605312990983969e+00 1.4670950354861487e+00
1.3611149181285853e+00 1.4638037487297164e+00
1.3616985371587738e+00 1.4605183653684046e+00
1.3622821561889622e+00 1.4572388756116559e+00
1.3628657752191504e+00 1.4539652696846119e+00
1.3634493942493389e+00 1.4506975378280869e+00
1.3640330132795273e+00 1.4474356702985449e+00
1.3646166323097155e+00 1.4441796573680770e+00
1.3652002513399040e+00 1.4409294893243729e+00
1.3657838703700924e+00 1.4376851564706956e+00
1.3663674894002806e+00 1.4344466491258683e+00
1.3669511084304691e+00 1.4312139576242264e+00
1.3675347274606575e+00 1.4279870723156192e+00
1.3681183464908457e+00 1.4247659835653705e+00
1.3687019655210342e+00 1.4215506817542529e+00
1.3692855845512226e+00 1.4183411572784741e+00
1.3698692035814111e+00 1.4151374005496402e+00
1.3704528226115995e+00 1.4119394019947431e+00
1.3710364416417877e+00 1.4087471520561272e+00
1.3716200606719762e+00 1.4055606411914656e+00
1.3722036797021646e+00 1.4023798598737443e+00
1.3727872987323528e+00 1.3992047985912297e+00
1.3733709177625413e+00 1.3960354478474477e+00
1.3739545367927297e+00 1.3928717981611569e+00
1.3745381558229179e+00 1.3897138400663329e+00
1.3751217748531064e+00 1.3865615641121289e+00
1.3757053938832948e+00 1.3834149608628692e+00
1.3762890129134830e+00 1.3802740208980135e+00
1.3768726319436715e+00 1.3771387348121349e+00
1.3774562509738599e+00 1.3740090932149036e+00
1.3780398700040484e+00 1.3708850867310480e+00
1.3786234890342368e+00 1.3677667060003491e+00
1.3792071080644250e+00 1.3646539416776036e+00
1.3797907270946135e+00 1.3615467844326026e+00
1.3803743461248019e+00 1.3584452249501113e+00
1.3809579651549901e+00 1.3553492539298475e+00
1.3815415841851786e+00 1.3522588620864446e+00
1.3821252032153670e+00 1.3491740401494461e+00
1.3827088222455552e+00 1.3460947788632736e+00
1.3832924412757437e+00 1.3430210689871960e+00
1.3838760603059321e+00 1.3399529012953191e+00
1.3844596793361204e+00 1.3368902665765563e+00
1.3850432983663088e+00 1.3338331556346024e+00
1.3856269173964972e+00 1.3307815592879151e+00
1.3862105364266857e+00 1.3277354683696883e+00
1.3867941554568741e+00 1.3246948737278332e+00
1.3873777744870623e+00 1.3216597662249505e+00
1.3879613935172508e+00 1.3186301367383058e+00
1.3885450125474392e+00 1.3156059761598136e+00
1.3891286315776274e+00 1.3125872753960097e+00
1.3897122506078159e+00 1.3095740253680235e+00
1.3902958696380043e+00 1.3065662170115657e+00
1.3908794886681926e+00 1.3035638412768999e+00
1.3914631076983810e+00 1.3005668891288109e+00
1.3920467267285694e+00 1.2975753515466002e+00
1.3926303457587577e+00 1.2945892195240465e+00
1.3932139647889461e+00 1.2916084840693920e+00
1.3937975838191345e+00 1.2886331362053145e+00
1.3943812028493230e+00 1.2856631669689078e+00
1.3949648218795112e+00 1.2826985674116622e+00
1.3955484409096997e+00 1.2797393285994274e+00
1.3961320599398881e+00 1.2767854416124116e+00
1.3967156789700765e+00 1.2738368975451400e+00
1.3972992980002648e+00 1.2708936875064412e+00
1.3978829170304532e+00 1.2679558026194238e+00
1.3984665360606416e+00 1.2650232340214491e+00
1.3990501550908299e+00 1.2620959728641203e+00
1.3996337741210183e+00 1.2591740103132407e+00
1.4002173931512067e+00 1.2562573375488131e+00
1.4008010121813950e+00 1.2533459457650016e+00
1.4013846312115834e+00 1.2504398261701135e+00
1.4019682502417719e+00 1.2475389699865822e+00
1.4025518692719601e+00 1.2446433684509373e+00
1.4031354883021485e+00 1.2417530128137857e+00
1.4037191073323370e+00 1.2388678943397899e+00
1.4043027263625254e+00 1.2359880043076477e+00
1.4048863453927138e+00 1.2331133340100622e+00
1.4054699644229021e+00 1.2302438747537334e+00
1.4060535834530905e+00 1.2273796178593164e+00
1.4066372024832789e+00 1.2245205546614197e+00
1.4072208215134672e+00 1.2216666765085713e+00
1.4078044405436556e+00 1.2188179747631973e+00
1.4083880595738441e+00 1.2159744408016053e+00
1.4089716786040323e+00 1.2131360660139594e+00
1.4095552976342207e+00 1.2103028418042545e+00
1.4101389166644092e+00 1.2074747595903008e+00
1.4107225356945974e+00 1.2046518108037021e+00
1.4113061547247858e+00 1.2018339868898240e+00
1.4118897737549743e+00 1.1990212793077866e+00
1.4124733927851627e+00 1.1962136795304310e+00
1.4130570118153511e+00 1.1934111790443045e+00
1.4136406308455394e+00 1.1906137693496375e+00
1.4142242498757278e+00 1.1878214419603161e+00
1.4148078689059163e+00 1.1850341884038715e+00
1.4153914879361045e+00 1.1822520002214478e+00
1.4159751069662929e+00 1.1794748689677879e+00
1.4165587259964814e+00 1.1767027862112072e+00
1.4171423450266696e+00 1.1739357435335762e+00
1.4177259640568580e+00 1.1711737325302944e+00
1.4183095830870465e+00 1.1684167448102722e+00
1.4188932021172347e+00 1.1656647719959135e+00
1.4194768211474231e+00 1.1629178057230802e+00
1.4200604401776116e+00 1.1601758376410898e+00
1.4206440592078000e+00 1.1574388594126801e+00
1.4212276782379885e+00 1.1547068627139923e+00
1.4218112972681767e+00 1.1519798392345548e+00
1.4223949162983651e+00 1.1492577806772495e+00
1.4229785353285536e+00 1.1465406787583072e+00
1.4235621543587418e+00 1.1438285252072713e+00
1.4241457733889302e+00 1.1411213117669881e+00
1.4247293924191187e+00 1.1384190301935762e+00
1.4253130114493069e+00 1.1357216722564163e+00
1.4258966304794953e+00 1.1330292297381195e+00
1.4264802495096838e+00 1.1303416944345124e+00
1.4270638685398720e+00 1.1276590581546186e+00
1.4276474875700604e+00 1.1249813127206272e+00
1.4282311066002489e+00 1.1223084499678864e+00
1.4288147256304373e+00 1.1196404617448683e+00
1.4293983446606258e+00 1.1169773399131622e+00
1.4299819636908140e+00 1.1143190763474449e+00
1.4305655827210024e+00 1.1116656629354564e+00
1.4311492017511909e+00 1.1090170915779922e+00
1.4317328207813791e+00 1.1063733541888709e+00
1.4323164398115675e+00 1.1037344426949203e+00
1.4329000588417560e+00 1.1011003490359517e+00
1.4334836778719442e+00 1.0984710651647465e+00
1.4340672969021326e+00 1.0958465830470274e+00
1.4346509159323211e+00 1.0932268946614432e+00
1.4352345349625093e+00 1.0906119919995501e+00
1.4358181539926977e+00 1.0880018670657823e+00
1.4364017730228862e+00 1.0853965118774440e+00
1.4369853920530746e+00 1.0827959184646763e+00
1.4375690110832628e+00 1.0802000788704509e+00
1.4381526301134513e+00 1.0776089851505350e+00
1.4387362491436397e+00 1.0750226293734815e+00
1.4393198681738282e+00 1.0724410036206080e+00
1.4399034872040164e+00 1.0698640999859688e+00
1.4404871062342048e+00 1.0672919105763450e+00
1.4410707252643933e+00 1.0647244275112147e+00
1.4416543442945815e+00 1.0621616429227447e+00
1.4422379633247699e+00 1.0596035489557551e+00
1.4428215823549584e+00 1.0570501377677137e+00
1.4434052013851466e+00 1.0545014015287109e+00
1.4439888204153351e+00 1.0519573324214309e+00
1.4445724394455235e+00 1.0494179226411495e+00
1.4451560584757117e+00 1.0468831643956977e+00
1.4457396775059002e+00 1.0443530499054514e+00
1.4463232965360886e+00 1.0418275714033061e+00
1.4469069155662770e+00 1.0393067211346629e+00
1.4474905345964655e+00 1.0367904913574066e+00
1.4480741536266537e+00 1.0342788743418798e+00
1.4486577726568421e+00 1.0317718623708718e+00
1.4492413916870306e+00 1.0292694477395938e+00
1.4498250107172188e+00 1.0267716227556640e+00
1.4504086297474073e+00 1.0242783797390791e+00
1.4509922487775957e+00 1.0217897110222058e+00
1.4515758678077839e+00 1.0193056089497561e+00
1.4521594868379724e+00 1.0168260658787613e+00
1.4527431058681608e+00 1.0143510741785664e+00
1.4533267248983490e+00 1.0118806262307973e+00
1.4539103439285375e+00 1.0094147144293510e+00
1.4544939629587259e+00 1.0069533311803684e+00
1.4550775819889143e+00 1.0044964689022231e+00
1.4556612010191028e+00 1.0020441200254957e+00
1.4562448200492910e+00 9.9959627699295606e-01
1.4568284390794795e+00 9.9715293225954560e-01
1.4574120581096679e+00 9.9471407829235470e-01
1.4579956771398561e+00 9.9227970757061090e-01
1.4585792961700446e+00 9.8984981258564653e-01
1.4591629152002330e+00 9.8742438584089431e-01
1.4597465342304212e+00 9.8500341985186213e-01
1.4603301532606097e+00 9.8258690714610586e-01
1.4609137722907981e+00 9.8017484026322566e-01
1.4614973913209863e+00 9.7776721175483405e-01
1.4620810103511748e+00 9.7536401418454499e-01
1.4626646293813632e+00 9.7296524012794783e-01
1.4632482484115517e+00 9.7057088217259757e-01
1.4638318674417401e+00 9.6818093291798590e-01
1.4644154864719283e+00 9.6579538497553030e-01
1.4649991055021168e+00 9.6341423096855083e-01
1.4655827245323052e+00 9.6103746353224995e-01
1.4661663435624934e+00 9.5866507531370271e-01
1.4667499625926819e+00 9.5629705897182282e-01
1.4673335816228703e+00 9.5393340717735986e-01
1.4679172006530585e+00 9.5157411261286917e-01
1.4685008196832470e+00 9.4921916797269812e-01
1.4690844387134354e+00 9.4686856596296831e-01
1.4696680577436236e+00 9.4452229930155207e-01
1.4702516767738121e+00 9.4218036071806044e-01
1.4708352958040005e+00 9.3984274295381742e-01
1.4714189148341890e+00 9.3750943876184911e-01
1.4720025338643774e+00 9.3518044090685737e-01
1.4725861528945656e+00 9.3285574216520861e-01
1.4731697719247541e+00 9.3053533532491117e-01
1.4737533909549425e+00 9.2821921318559431e-01
1.4743370099851307e+00 9.2590736855849964e-01
1.4749206290153192e+00 9.2359979426644789e-01
1.4755042480455076e+00 9.2129648314383827e-01
1.4760878670756958e+00 9.1899742803661344e-01
1.4766714861058843e+00 9.1670262180225137e-01
1.4772551051360727e+00 9.1441205730974717e-01
1.4778387241662609e+00 9.1212572743958664e-01
1.4784223431964494e+00 9.0984362508373851e-01
1.4790059622266378e+00 9.0756574314562655e-01
1.4795895812568263e+00 9.0529207454012151e-01
1.4801732002870145e+00 9.0302261219351287e-01
1.4807568193172029e+00 9.0075734904349913e-01
1.4813404383473914e+00 8.9849627803916265e-01
1.4819240573775798e+00 8.9623939214095838e-01
1.4825076764077680e+00 8.9398668432069306e-01
1.4830912954379565e+00 8.9173814756150227e-01
1.4836749144681449e+00 8.8949377485784242e-01
1.4842585334983331e+00 8.8725355921546356e-01
1.4848421525285216e+00 8.8501749365139848e-01
1.4854257715587100e+00 8.8278557119393830e-01
1.4860093905888982e+00 8.8055778488262237e-01
1.4865930096190867e+00 8.7833412776821329e-01
1.4871766286492751e+00 8.7611459291268157e-01
1.4877602476794634e+00 8.7389917338919332e-01
1.4883438667096518e+00 8.7168786228207940e-01
1.4889274857398402e+00 8.6948065268683439e-01
1.4895111047700287e+00 8.6727753771008431e-01
1.4900947238002171e+00 8.6507851046957873e-01
1.4906783428304053e+00 8.6288356409417033e-01
1.4912619618605938e+00 8.6069269172379137e-01
1.4918455808907822e+00 8.5850588650944826e-01
1.4924291999209705e+00 8.5632314161319145e-01
1.4930128189511589e+00 8.5414445020810736e-01
1.4935964379813473e+00 8.5196980547829393e-01
1.4941800570115356e+00 8.4979920061885084e-01
1.4947636760417240e+00 8.4763262883585488e-01
1.4953472950719124e+00 8.4547008334634421e-01
1.4959309141021007e+00 8.4331155737830665e-01
1.4965145331322891e+00 8.4115704417065218e-01
1.4970981521624775e+00 8.3900653697320648e-01
1.4976817711926660e+00 8.3686002904668466e-01
1.4982653902228544e+00 8.3471751366268010e-01
1.4988490092530427e+00 8.3257898410364750e-01
1.4994326282832311e+00 8.3044443366287557e-01
1.5000162473134195e+00 8.2831385564448556e-01
1.5005998663436078e+00 8.2618724336340099e-01
1.5011834853737962e+00 8.2406459014533862e-01
1.5017671044039846e+00 8.2194588932678536e-01
1.5023507234341729e+00 8.1983113425498866e-01
1.5029343424643613e+00 8.1772031828792890e-01
1.5035179614945497e+00 8.1561343479431370e-01
1.5041015805247380e+00 8.1351047715355584e-01
1.5046851995549264e+00 8.1141143875575028e-01
1.5052688185851149e+00 8.0931631300167084e-01
1.5058524376153033e+00 8.0722509330273984e-01
1.5064360566454917e+00 8.0513777308102052e-01
1.5070196756756800e+00 8.0305434576919521e-01
1.5076032947058684e+00 8.0097480481054950e-01
1.5081869137360568e+00 7.9889914365895776e-01
1.5087705327662451e+00 7.9682735577886254e-01
1.5093541517964335e+00 7.9475943464526155e-01
1.5099377708266219e+00 7.9269537374368682e-01
1.5105213898568102e+00 7.9063516657019506e-01
1.5111050088869986e+00 7.8857880663134006e-01
1.5116886279171871e+00 7.8652628744416730e-01
1.5122722469473753e+00 7.8447760253619214e-01
1.5128558659775637e+00 7.8243274544537933e-01
1.5134394850077522e+00 7.8039170972013605e-01
1.5140231040379406e+00 7.7835448891928549e-01
1.5146067230681290e+00 7.7632107661205807e-01
1.5151903420983173e+00 7.7429146637807011e-01
1.5157739611285057e+00 7.7226565180730822e-01
1.5163575801586942e+00 7.7024362650011591e-01
1.5169411991888824e+00 7.6822538406717256e-01
1.5175248182190708e+00 7.6621091812948183e-01
1.5181084372492593e+00 7.6420022231834916e-01
1.5186920562794475e+00 7.6219329027537464e-01
1.5192756753096359e+00 7.6019011565242411e-01
1.5198592943398244e+00 7.5819069211162593e-01
1.5204429133700126e+00 7.5619501332534866e-01
1.5210265324002010e+00 7.5420307297617950e-01
1.5216101514303895e+00 7.5221486475691968e-01
1.5221937704605779e+00 7.5023038237055739e-01
1.5227773894907661e+00 7.4824961953026203e-01
1.5233610085209546e+00 7.4627256995935498e-01
1.5239446275511430e+00 7.4429922739130772e-01
1.5245282465813315e+00 7.4232958556971629e-01
1.5251118656115197e+00 7.4036363824828766e-01
1.5256954846417081e+00 7.3840137919082471e-01
1.5262791036718966e+00 7.3644280217120806e-01
1.5268627227020848e+00 7.3448790097338579e-01
1.5274463417322732e+00 7.3253666939134698e-01
1.5280299607624617e+00 7.3058910122911791e-01
1.5286135797926499e+00 7.2864519030073782e-01
1.5291971988228383e+00 7.2670493043024409e-01
1.5297808178530268e+00 7.2476831545166231e-01
1.5303644368832152e+00 7.2283533920898058e-01
1.5309480559134034e+00 7.2090599555614510e-01
1.5315316749435919e+00 7.1898027835703171e-01
1.5321152939737803e+00 7.1705818148544287e-01
1.5326989130039688e+00 7.1513969882508310e-01
1.5332825320341570e+00 7.1322482426954714e-01
1.5338661510643454e+00 7.1131355172230326e-01
1.5344497700945339e+00 7.0940587509667508e-01
1.5350333891247221e+00 7.0750178831583399e-01
1.5356170081549105e+00 7.0560128531277155e-01
1.5362006271850990e+00 7.0370436003029591e-01
1.5367842462152872e+00 7.0181100642100891e-01
1.5373678652454756e+00 6.9992121844728949e-01
1.5379514842756641e+00 6.9803499008128767e-01
1.5385351033058523e+00 6.9615231530489596e-01
1.5391187223360407e+00 6.9427318810974481e-01
1.5397023413662292e+00 6.9239760249717919e-01
1.5402859603964176e+00 6.9052555247825154e-01
1.5408695794266061e+00 6.8865703207369811e-01
1.5414531984567943e+00 6.8679203531392885e-01
1.5420368174869827e+00 6.8493055623900889e-01
1.5426204365171712e+00 6.8307258889864608e-01
1.5432040555473594e+00 6.8121812735217568e-01
1.5437876745775478e+00 6.7936716566854005e-01
1.5443712936077363e+00 6.7751969792628064e-01
1.5449549126379245e+00 6.7567571821351879e-01
1.5455385316681129e+00 6.7383522062793921e-01
1.5461221506983014e+00 6.7199819927677806e-01
1.5467057697284896e+00 6.7016464827680722e-01
1.5472893887586781e+00 6.6833456175431760e-01
1.5478730077888665e+00 6.6650793384510343e-01
1.5484566268190549e+00 6.6468475869445109e-01
1.5490402458492434e+00 6.6286503045712009e-01
1.5496238648794316e+00 6.6104874329733099e-01
1.5502074839096200e+00 6.5923589138874616e-01
1.5507911029398085e+00 6.5742646891445977e-01
1.5513747219699967e+00 6.5562047006698254e-01
1.5519583410001851e+00 6.5381788904821869e-01
1.5525419600303736e+00 6.5201872006946426e-01
1.5531255790605618e+00 6.5022295735138214e-01
1.5537091980907503e+00 6.4843059512398937e-01
1.5542928171209387e+00 6.4664162762664468e-01
1.5548764361511269e+00 6.4485604910803207e-01
1.5554600551813154e+00 6.4307385382614679e-01
1.5560436742115038e+00 6.4129503604827820e-01
1.5566272932416922e+00 6.3951959005099890e-01
1.5572109122718807e+00 6.3774751012014663e-01
1.5577945313020689e+00 6.3597879055081241e-01
1.5583781503322574e+00 6.3421342564732175e-01
1.5589617693624458e+00 6.3245140972322467e-01
1.5595453883926340e+00 6.3069273710128027e-01
1.5601290074228225e+00 6.2893740211343596e-01
1.5607126264530109e+00 6.2718539910082360e-01
1.5612962454831991e+00 6.2543672241373560e-01
1.5618798645133876e+00 6.2369136641161482e-01
1.5624634835435760e+00 6.2194932546303860e-01
1.5630471025737642e+00 6.2021059394570721e-01
1.5636307216039527e+00 6.1847516624642351e-01
1.5642143406341411e+00 6.1674303676108344e-01
1.5647979596643296e+00 6.1501419989466144e-01
1.5653815786945178e+00 6.1328865006119493e-01
1.5659651977247062e+00 6.1156638168376687e-01
1.5665488167548947e+00 6.0984738919449555e-01
1.5671324357850831e+00 6.0813166703452248e-01
1.5677160548152713e+00 6.0641920965398954e-01
1.5682996738454598e+00 6.0471001151203230e-01
1.5688832928756482e+00 6.0300406707676346e-01
1.5694669119058364e+00 6.0130137082525814e-01
1.5700505309360249e+00 5.9960191724353895e-01
1.5706341499662133e+00 5.9790570082656314e-01
1.5712177689964015e+00 5.9621271607821169e-01
1.5718013880265900e+00 5.9452295751126383e-01
1.5723850070567784e+00 5.9283641964739742e-01
1.5729686260869669e+00 5.9115309701716601e-01
1.5735522451171551e+00 5.8947298415998661e-01
1.5741358641473435e+00 5.8779607562412417e-01
1.5747194831775320e+00 5.8612236596668121e-01
1.5753031022077204e+00 5.8445184975358266e-01
1.5758867212379086e+00 5.8278452155955796e-01
1.5764703402680971e+00 5.8112037596813226e-01
1.5770539592982855e+00 5.7945940757161007e-01
1.5776375783284737e+00 5.7780161097106075e-01
1.5782211973586622e+00 5.7614698077630588e-01
1.5788048163888506e+00 5.7449551160590417e-01
1.5793884354190388e+00 5.7284719808714168e-01
1.5799720544492273e+00 5.7120203485600862e-01
1.5805556734794157e+00 5.6956001655719779e-01
1.5811392925096039e+00 5.6792113784407983e-01
1.5817229115397924e+00 5.6628539337869677e-01
1.5823065305699808e+00 5.6465277783174461e-01
1.5828901496001693e+00 5.6302328588256079e-01
1.5834737686303577e+00 5.6139691221911170e-01
1.5840573876605459e+00 5.5977365153797498e-01
1.5846410066907344e+00 5.5815349854433050e-01
1.5852246257209228e+00 5.5653644795194301e-01
1.5858082447511110e+00 5.5492249448315245e-01
1.5863918637812995e+00 5.5331163286885643e-01
1.5869754828114879e+00 5.5170385784849774e-01
1.5875591018416761e+00 5.5009916417005456e-01
1.5881427208718646e+00 5.4849754659001870e-01
1.5887263399020530e+00 5.4689899987339186e-01
1.5893099589322413e+00 5.4530351879366434e-01
1.5898935779624297e+00 5.4371109813280583e-01
1.5904771969926181e+00 5.4212173268125030e-01
1.5910608160228066e+00 5.4053541723788301e-01
1.5916444350529950e+00 5.3895214661002822e-01
1.5922280540831832e+00 5.3737191561343234e-01
1.5928116731133717e+00 5.3579471907225451e-01
1.5933952921435601e+00 5.3422055181905082e-01
1.5939789111737483e+00 5.3264940869476285e-01
1.5945625302039368e+00 5.3108128454870185e-01
1.5951461492341252e+00 5.2951617423853714e-01
1.5957297682643135e+00 5.2795407263028504e-01
1.5963133872945019e+00 5.2639497459828799e-01
1.5968970063246903e+00 5.2483887502521176e-01
1.5974806253548786e+00 5.2328576880202382e-01
1.5980642443850670e+00 5.2173565082798468e-01
1.5986478634152554e+00 5.2018851601063187e-01
1.5992314824454439e+00 5.1864435926576979e-01
1.5998151014756323e+00 5.1710317551745610e-01
1.6003987205058205e+00 5.1556495969798388e-01
1.6009823395360090e+00 5.1402970674787618e-01
1.6015659585661974e+00 5.1249741161586548e-01
1.6021495775963857e+00 5.1096806925888860e-01
1.6027331966265741e+00 5.0944167464206402e-01
1.6033168156567625e+00 5.0791822273868770e-01
1.6039004346869508e+00 5.0639770853021782e-01
1.6044840537171392e+00 5.0488012700625573e-01
1.6050676727473276e+00 5.0336547316454183e-01
1.6056512917775159e+00 5.0185374201093724e-01
1.6062349108077043e+00 5.0034492855941304e-01
1.6068185298378928e+00 4.9883902783203476e-01
1.6074021488680810e+00 4.9733603485895456e-01
1.6079857678982696e+00 4.9583594467839204e-01
1.6085693869284579e+00 4.9433875233662694e-01
1.6091530059586463e+00 4.9284445288798395e-01
1.6097366249888347e+00 4.9135304139481778e-01
1.6103202440190230e+00 4.8986451292750616e-01
1.6109038630492114e+00 4.8837886256442986e-01
1.6114874820793998e+00 4.8689608539196605e-01
1.6120711011095881e+00 4.8541617650447494e-01
1.6126547201397765e+00 4.8393913100427999e-01
1.6132383391699650e+00 4.8246494400166712e-01
1.6138219582001532e+00 4.8099361061486062e-01
1.6144055772303416e+00 4.7952512597001890e-01
1.6149891962605301e+00 4.7805948520121555e-01
1.6155728152907183e+00 4.7659668345043421e-01
1.6161564343209069e+00 4.7513671586754547e-01
1.6167400533510952e+00 4.7367957761030666e-01
1.6173236723812836e+00 4.7222526384433944e-01
1.6179072914114720e+00 4.7077376974312146e-01
1.6184909104416603e+00 4.6932509048797494e-01
1.6190745294718487e+00 4.6787922126804971e-01
1.6196581485020372e+00 4.6643615728031684e-01
1.6202417675322254e+00 4.6499589372955297e-01
1.6208253865624138e+00 4.6355842582832463e-01
1.6214090055926023e+00 4.6212374879698365e-01
1.6219926246227905e+00 4.6069185786364691e-01
1.6225762436529789e+00 4.5926274826419033e-01
1.6231598626831674e+00 4.5783641524223134e-01
1.6237434817133556e+00 4.5641285404912196e-01
1.6243271007435442e+00 4.5499205994392861e-01
1.6249107197737325e+00 4.5357402819343062e-01
1.6254943388039209e+00 4.5215875407209899e-01
1.6260779578341094e+00 4.5074623286208632e-01
1.6266615768642976e+00 4.4933645985321929e-01
1.6272451958944860e+00 4.4792943034297811e-01
1.6278288149246745e+00 4.4652513963649315e-01
1.6284124339548627e+00 4.4512358304652611e-01
1.6289960529850511e+00 4.4372475589346116e-01
1.6295796720152396e+00 4.4232865350529321e-01
1.6301632910454278e+00 4.4093527121761261e-01
1.6307469100756162e+00 4.3954460437359744e-01
1.6313305291058047e+00 4.3815664832399709e-01
1.6319141481359929e+00 4.3677139842712454e-01
1.6324977671661816e+00 4.3538885004883893e-01
1.6330813861963698e+00 4.3400899856254094e-01
1.6336650052265580e+00 4.3263183934915433e-01
1.6342486242567467e+00 4.3125736779711460e-01
1.6348322432869349e+00 4.2988557930236360e-01
1.6354158623171233e+00 4.2851646926832709e-01
1.6359994813473118e+00 4.2715003310591287e-01
1.6365831003775000e+00 4.2578626623349203e-01
1.6371667194076884e+00 4.2442516407689096e-01
1.6377503384378769e+00 4.2306672206937784e-01
1.6383339574680651e+00 4.2171093565165052e-01
1.6389175764982535e+00 4.2035780027182618e-01
1.6395011955284420e+00 4.1900731138542696e-01
1.6400848145586302e+00 4.1765946445537289e-01
1.6406684335888189e+00 4.1631425495196278e-01
1.6412520526190071e+00 4.1497167835287246e-01
1.6418356716491953e+00 4.1363173014313198e-01
1.6424192906793840e+00 4.1229440581512156e-01
1.6430029097095722e+00 4.1095970086856032e-01
1.6435865287397606e+00 4.0962761081048688e-01
1.6441701477699491e+00 4.0829813115525737e-01
1.6447537668001373e+00 4.0697125742452639e-01
1.6453373858303257e+00 4.0564698514724001e-01
1.6459210048605142e+00 4.0432530985962073e-01
1.6465046238907024e+00 4.0300622710515960e-01
1.6470882429208908e+00 4.0168973243460199e-01
1.6476718619510793e+00 4.0037582140593586e-01
1.6482554809812675e+00 3.9906448958438323e-01
1.6488391000114559e+00 3.9775573254238333e-01
1.6494227190416444e+00 3.9644954585958775e-01
1.6500063380718326e+00 3.9514592512284408e-01
1.6505899571020213e+00 3.9384486592618517e-01
1.6511735761322095e+00 3.9254636387082176e-01
1.6517571951623979e+00 3.9125041456512322e-01
1.6523408141925864e+00 3.8995701362461543e-01
1.6529244332227746e+00 3.8866615667196114e-01
1.6535080522529630e+00 3.8737783933695452e-01
1.6540916712831515e+00 3.8609205725650575e-01
1.6546752903133397e+00 3.8480880607463330e-01
1.6552589093435282e+00 3.8352808144245060e-01
1.6558425283737166e+00 3.8224987901815299e-01
1.6564261474039048e+00 3.8097419446701214e-01
1.6570097664340933e+00 3.7970102346135598e-01
1.6575933854642817e+00 3.7843036168056848e-01
1.6581770044944699e+00 3.7716220481106749e-01
1.6587606235246586e+00 3.7589654854630150e-01
1.6593442425548468e+00 3.7463338858673623e-01
1.6599278615850352e+00 3.7337272063983923e-01
1.6605114806152237e+00 3.7211454042007636e-01
1.6610950996454119e+00 3.7085884364889354e-01
1.6616787186756004e+00 3.6960562605471187e-01
1.6622623377057888e+00 3.6835488337290906e-01
1.6628459567359770e+00 3.6710661134581835e-01
1.6634295757661655e+00 3.6586080572270585e-01
1.6640131947963539e+00 3.6461746225976999e-01
1.6645968138265421e+00 3.6337657672012535e-01
1.6651804328567306e+00 3.6213814487378870e-01
1.6657640518869190e+00 3.6090216249767665e-01
1.6663476709171072e+00 3.5966862537558558e-01
1.6669312899472959e+00 3.5843752929818717e-01
1.6675149089774841e+00 3.5720887006301472e-01
1.6680985280076726e+00 3.5598264347445097e-01
1.6686821470378610e+00 3.5475884534372126e-01
1.6692657660680492e+00 3.5353747148887776e-01
1.6698493850982377e+00 3.5231851773479284e-01
1.6704330041284261e+00 3.5110197991314479e-01
1.6710166231586143e+00 3.4988785386241095e-01
1.6716002421888028e+00 3.4867613542785142e-01
1.6721838612189912e+00 3.4746682046150373e-01
1.6727674802491794e+00 3.4625990482217039e-01
1.6733510992793679e+00 3.4505538437540384e-01
1.6739347183095563e+00 3.4385325499350355e-01
1.6745183373397445e+00 3.4265351255549797e-01
1.6751019563699332e+00 3.4145615294713810e-01
1.6756855754001214e+00 3.4026117206088674e-01
1.6762691944303096e+00 3.3906856579590516e-01
1.6768528134604983e+00 3.3787833005804241e-01
1.6774364324906865e+00 3.3669046075983033e-01
1.6780200515208750e+00 3.3550495382046641e-01
1.6786036705510634e+00 3.3432180516580468e-01
1.6791872895812516e+00 3.3314101072834917e-01
1.6797709086114401e+00 3.3196256644723560e-01
1.6803545276416285e+00 3.3078646826822933e-01
1.6809381466718167e+00 3.2961271214371046e-01
1.6815217657020052e+00 3.2844129403266065e-01
1.6821053847321936e+00 3.2727220990065953e-01
1.6826890037623818e+00 3.2610545571986810e-01
1.6832726227925705e+00 3.2494102746902043e-01
1.6838562418227587e+00 3.2377892113341539e-01
1.6844398608529469e+00 3.2261913270490206e-01
1.6850234798831356e+00 3.2146165818187022e-01
1.6856070989133238e+00 3.2030649356924495e-01
1.6861907179435123e+00 3.1915363487846948e-01
1.6867743369737007e+00 3.1800307812749756e-01
1.6873579560038889e+00 3.1685481934078535e-01
1.6879415750340774e+00 3.1570885454927589e-01
1.6885251940642658e+00 3.1456517979039450e-01
1.6891088130944540e+00 3.1342379110803487e-01
1.6896924321246425e+00 3.1228468455254826e-01
1.6902760511548309e+00 3.1114785618073743e-01
1.6908596701850191e+00 3.1001330205584099e-01
1.6914432892152078e+00 3.0888101824752662e-01
1.6920269082453960e+00 3.0775100083188095e-01
1.6926105272755843e+00 3.0662324589139722e-01
1.6931941463057729e+00 3.0549774951496478e-01
1.6937777653359611e+00 3.0437450779786362e-01
1.6943613843661496e+00 3.0325351684174917e-01
1.6949450033963380e+00 3.0213477275464279e-01
1.6955286224265262e+00 3.0101827165092510e-01
1.6961122414567147e+00 2.9990400965132086e-01
1.6966958604869031e+00 2.9879198288289338e-01
1.6972794795170913e+00 2.9768218747903236e-01
1.6978630985472798e+00 2.9657461957944309e-01
1.6984467175774682e+00 2.9546927533013723e-01
1.6990303366076565e+00 2.9436615088342433e-01
1.6996139556378449e+00 2.9326524239789875e-01
1.7001975746680333e+00 2.9216654603843145e-01
1.7007811936982216e+00 2.9107005797616092e-01
1.7013648127284102e+00 2.8997577438847916e-01
1.7019484317585984e+00 2.8888369145902931e-01
1.7025320507887869e+00 2.8779380537768567e-01
1.7031156698189753e+00 2.8670611234055254e-01
1.7036992888491636e+00 2.8562060854995036e-01
1.7042829078793520e+00 2.8453729021440483e-01
1.7048665269095404e+00 2.8345615354863979e-01
1.7054501459397287e+00 2.8237719477356565e-01
1.7060337649699171e+00 2.8130041011626961e-01
1.7066173840001055e+00 2.8022579581000617e-01
1.7072010030302938e+00 2.7915334809418835e-01
1.7077846220604822e+00 2.7808306321437515e-01
1.7083682410906706e+00 2.7701493742226430e-01
1.7089518601208589e+00 2.7594896697568205e-01
1.7095354791510475e+00 2.7488514813857068e-01
1.7101190981812358e+00 2.7382347718098504e-01
1.7107027172114242e+00 2.7276395037907430e-01
1.7112863362416126e+00 2.7170656401507981e-01
1.7118699552718009e+00 2.7065131437732204e-01
1.7124535743019893e+00 2.6959819776018890e-01
1.7130371933321777e+00 2.6854721046413077e-01
1.7136208123623660e+00 2.6749834879564754e-01
1.7142044313925544e+00 2.6645160906727983e-01
1.7147880504227428e+00 2.6540698759759901e-01
1.7153716694529311e+00 2.6436448071119928e-01
1.7159552884831195e+00 2.6332408473868485e-01
1.7165389075133080e+00 2.6228579601666335e-01
1.7171225265434962e+00 2.6124961088773613e-01
1.7177061455736848e+00 2.6021552570048506e-01
1.7182897646038731e+00 2.5918353680946915e-01
1.7188733836340613e+00 2.5815364057520879e-01
1.7194570026642499e+00 2.5712583336417916e-01
1.7200406216944382e+00 2.5610011154880369e-01
1.7206242407246266e+00 2.5507647150743745e-01
1.7212078597548151e+00 2.5405490962436467e-01
1.7217914787850033e+00 2.5303542228978493e-01
1.7223750978151917e+00 2.5201800589980566e-01
1.7229587168453802e+00 2.5100265685643186e-01
1.7235423358755684e+00 2.4998937156755843e-01
1.7241259549057568e+00 2.4897814644695676e-01
1.7247095739359453e+00 2.4796897791427039e-01
1.7252931929661335e+00 2.4696186239500387e-01
1.7258768119963221e+00 2.4595679632050943e-01
1.7264604310265104e+00 2.4495377612798527e-01
1.7270440500566986e+00 2.4395279826045885e-01
1.7276276690868873e+00 2.4295385916678205e-01
1.7282112881170755e+00 2.4195695530162084e-01
1.7287949071472639e+00 2.4096208312544504e-01
1.7293785261774524e+00 2.3996923910452123e-01
1.7299621452076406e+00 2.3897841971090086e-01
1.7305457642378290e+00 2.3798962142241237e-01
1.7311293832680175e+00 2.3700284072265215e-01
1.7317130022982057e+00 2.3601807410097600e-01
1.7322966213283941e+00 2.3503531805248667e-01
1.7328802403585826e+00 2.3405456907802957e-01
1.7334638593887708e+00 2.3307582368418059e-01
1.7340474784189595e+00 2.3209907838323537e-01
1.7346310974491477e+00 2.3112432969320576e-01
1.7352147164793359e+00 2.3015157413780424e-01
1.7357983355095246e+00 2.2918080824643930e-01
1.7363819545397128e+00 2.2821202855420469e-01
1.7369655735699012e+00 2.2724523160187010e-01
1.7375491926000897e+00 2.2628041393587348e-01
1.7381328116302779e+00 2.2531757210831052e-01
1.7387164306604663e+00 2.2435670267692623e-01
1.7393000496906548e+00 2.2339780220510524e-01
1.7398836687208430e+00 2.2244086726186513e-01
1.7404672877510314e+00 2.2148589442184366e-01
1.7410509067812199e+00 2.2053288026529386e-01
1.7416345258114081e+00 2.1958182137807217e-01
1.7422181448415965e+00 2.1863271435163015e-01
1.7428017638717850e+00 2.1768555578300702e-01
1.7433853829019732e+00 2.1674034227481903e-01
1.7439690019321619e+00 2.1579707043525023e-01
1.7445526209623501e+00 2.1485573687804654e-01
1.7451362399925385e+00 2.1391633822250300e-01
1.7457198590227270e+00 2.1297887109345706e-01
1.7463034780529152e+00 2.1204333212128068e-01
1.7468870970831036e+00 2.1110971794186917e-01
1.7474707161132921e+00 2.1017802519663339e-01
1.7480543351434803e+00 2.0924825053249224e-01
1.7486379541736687e+00 2.0832039060186078e-01
1.7492215732038572e+00 2.0739444206264521e-01
1.7498051922340454e+00 2.0647040157823110e-01
1.7503888112642338e+00 2.0554826581747573e-01
1.7509724302944223e+00 2.0462803145470082e-01
1.7515560493246105e+00 2.0370969516968129e-01
1.7521396683547992e+00 2.0279325364763717e-01
1.7527232873849874e+00 2.0187870357922730e-01
1.7533069064151758e+00 2.0096604166053703e-01
1.7538905254453643e+00 2.0005526459307171e-01
1.7544741444755525e+00 1.9914636908374864e-01
1.7550577635057409e+00 1.9823935184488672e-01
1.7556413825359294e+00 1.9733420959419801e-01
1.7562250015661176e+00 1.9643093905478129e-01
1.7568086205963060e+00 1.9552953695510966e-01
1.7573922396264945e+00 1.9463000002902631e-01
1.7579758586566827e+00 1.9373232501573245e-01
1.7585594776868712e+00 1.9283650865978078e-01
1.7591430967170596e+00 1.9194254771106567e-01
1.7597267157472478e+00 1.9105043892481613e-01
1.7603103347774365e+00 1.9016017906158553e-01
1.7608939538076247e+00 1.8927176488724493e-01
1.7614775728378129e+00 1.8838519317297300e-01
1.7620611918680016e+00 1.8750046069524728e-01
1.7626448108981898e+00 1.8661756423583964e-01
1.7632284299283782e+00 1.8573650058180105e-01
1.7638120489585667e+00 1.8485726652545975e-01
1.7643956679887549e+00 1.8397985886440940e-01
1.7649792870189434e+00 1.8310427440150004e-01
1.7655629060491318e+00 1.8223050994483267e-01
1.7661465250793200e+00 1.8135856230774824e-01
1.7667301441095085e+00 1.8048842830882025e-01
1.7673137631396969e+00 1.7962010477184581e-01
1.7678973821698851e+00 1.7875358852583986e-01
1.7684810012000738e+00 1.7788887640502216e-01
1.7690646202302620e+00 1.7702596524881417e-01
1.7696482392604502e+00 1.7616485190182643e-01
1.7702318582906389e+00 1.7530553321385181e-01
1.7708154773208271e+00 1.7444800603986010e-01
1.7713990963510156e+00 1.7359226723998389e-01
1.7719827153812040e+00 1.7273831367951545e-01
1.7725663344113922e+00 1.7188614222889709e-01
1.7731499534415807e+00 1.7103574976371036e-01
1.7737335724717691e+00 1.7018713316467224e-01
1.7743171915019573e+00 1.6934028931762304e-01
1.7749008105321458e+00 1.6849521511352067e-01
1.7754844295623342e+00 1.6765190744843114e-01
1.7760680485925224e+00 1.6681036322352202e-01
1.7766516676227111e+00 1.6597057934505058e-01
1.7772352866528993e+00 1.6513255272436192e-01
1.7778189056830875e+00 1.6429628027787463e-01
1.7784025247132762e+00 1.6346175892707479e-01
1.7789861437434644e+00 1.6262898559851124e-01
1.7795697627736529e+00 1.6179795722378121e-01
1.7801533818038413e+00 1.6096867073952786e-01
1.7807370008340295e+00 1.6014112308742959e-01
1.7813206198642180e+00 1.5931531121419151e-01
1.7819042388944064e+00 1.5849123207153934e-01
1.7824878579245946e+00 1.5766888261620970e-01
1.7830714769547831e+00 1.5684825980994305e-01
1.7836550959849715e+00 1.5602936061947528e-01
1.7842387150151597e+00 1.5521218201653039e-01
1.7848223340453482e+00 1.5439672097781076e-01
1.7854059530755366e+00 1.5358297448499170e-01
1.7859895721057248e+00 1.5277093952471224e-01
1.7865731911359135e+00 1.5196061308856532e-01
1.7871568101661017e+00 1.5115199217309488e-01
1.7877404291962902e+00 1.5034507377978176e-01
1.7883240482264786e+00 1.4953985491504093e-01
1.7889076672566668e+00 1.4873633259021096e-01
1.7894912862868553e+00 1.4793450382154613e-01
1.7900749053170437e+00 1.4713436563021021e-01
1.7906585243472319e+00 1.4633591504226676e-01
1.7912421433774204e+00 1.4553914908867302e-01
1.7918257624076088e+00 1.4474406480527000e-01
1.7924093814377970e+00 1.4395065923277792e-01
1.7929930004679855e+00 1.4315892941678338e-01
1.7935766194981739e+00 1.4236887240773743e-01
1.7941602385283622e+00 1.4158048526094405e-01
1.7947438575585508e+00 1.4079376503655214e-01
1.7953274765887390e+00 1.4000870879955157e-01
1.7959110956189275e+00 1.3922531361975934e-01
1.7964947146491159e+00 1.3844357657181847e-01
1.7970783336793041e+00 1.3766349473518572e-01
1.7976619527094926e+00 1.3688506519412527e-01
1.7982455717396810e+00 1.3610828503770125e-01
1.7988291907698692e+00 1.3533315135977064e-01
1.7994128098000577e+00 1.3455966125897409e-01
1.7999964288302461e+00 1.3378781183872898e-01
1.8005800478604344e+00 1.3301760020722339e-01
1.8011636668906228e+00 1.3224902347740464e-01
1.8017472859208112e+00 1.3148207876697590e-01
1.8023309049509995e+00 1.3071676319838593e-01
1.8029145239811881e+00 1.2995307389882207e-01
1.8034981430113763e+00 1.2919100800020444e-01
1.8040817620415646e+00 1.2843056263917438e-01
1.8046653810717532e+00 1.2767173495709061e-01
1.8052490001019414e+00 1.2691452210002119e-01
1.8058326191321299e+00 1.2615892121873390e-01
1.8064162381623183e+00 1.2540492946869036e-01
1.8069998571925066e+00 1.2465254401003883e-01
1.8075834762226950e+00 1.2390176200760564e-01
1.8081670952528834e+00 1.2315258063088756e-01
1.8087507142830717e+00 1.2240499705404663e-01
1.8093343333132601e+00 1.2165900845589889e-01
1.8099179523434485e+00 1.2091461201991112e-01
1.8105015713736368e+00 1.2017180493418991e-01
1.8110851904038254e+00 1.1943058439147555e-01
1.8116688094340136e+00 1.1869094758913694e-01
1.8122524284642019e+00 1.1795289172915895e-01
1.8128360474943905e+00 1.1721641401814005e-01
1.8134196665245788e+00 1.1648151166728272e-01
1.8140032855547672e+00 1.1574818189238598e-01
1.8145869045849556e+00 1.1501642191383817e-01
1.8151705236151439e+00 1.1428622895661122e-01
1.8157541426453323e+00 1.1355760025024955e-01
1.8163377616755207e+00 1.1283053302886734e-01
1.8169213807057090e+00 1.1210502453113880e-01
1.8175049997358974e+00 1.1138107200028929e-01
1.8180886187660859e+00 1.1065867268409207e-01
1.8186722377962741e+00 1.0993782383485769e-01
1.8192558568264627e+00 1.0921852270942720e-01
1.8198394758566510e+00 1.0850076656916818e-01
1.8204230948868392e+00 1.0778455267996187e-01
1.8210067139170278e+00 1.0706987831220018e-01
1.8215903329472161e+00 1.0635674074077807e-01
1.8221739519774045e+00 1.0564513724508424e-01
1.8227575710075929e+00 1.0493506510899578e-01
1.8233411900377812e+00 1.0422652162087118e-01
1.8239248090679696e+00 1.0351950407354077e-01
1.8245084280981581e+00 1.0281400976430256e-01
1.8250920471283463e+00 1.0211003599491419e-01
1.8256756661585347e+00 1.0140758007158329e-01
1.8262592851887232e+00 1.0070663930496454e-01
1.8268429042189114e+00 1.0000721101014962e-01
1.8274265232490998e+00 9.9309292506660818e-02
1.8280101422792883e+00 9.8612881118444448e-02
1.8285937613094765e+00 9.7917974173862957e-02
1.8291773803396651e+00 9.7224569005688516e-02
1.8297609993698534e+00 9.6532662951096124e-02
1.8303446184000418e+00 9.5842253351655970e-02
1.8309282374302303e+00 9.5153337553325834e-02
1.8315118564604185e+00 9.4465912906446195e-02
1.8320954754906069e+00 9.3779976765730785e-02
1.8326790945207954e+00 9.3095526490260969e-02
1.8332627135509836e+00 9.2412559443479481e-02
1.8338463325811720e+00 9.1731072993180340e-02
1.8344299516113605e+00 9.1051064511506005e-02
1.8350135706415487e+00 9.0372531374937448e-02
1.8355971896717371e+00 8.9695470964288190e-02
1.8361808087019256e+00 8.9019880664697029e-02
1.8367644277321138e+00 8.8345757865622682e-02
1.8373480467623025e+00 8.7673099960833570e-02
1.8379316657924907e+00 8.7001904348405254e-02
1.8385152848226791e+00 8.6332168430709511e-02
1.8390989038528676e+00 8.5663889614409877e-02
1.8396825228830558e+00 8.4997065310454326e-02
1.8402661419132442e+00 8.4331692934067309e-02
1.8408497609434327e+00 8.3667769904744810e-02
1.8414333799736209e+00 8.3005293646245717e-02
1.8420169990038093e+00 8.2344261586585837e-02
1.8426006180339978e+00 8.1684671158031866e-02
1.8431842370641860e+00 8.1026519797092647e-02
1.8437678560943744e+00 8.0369804944514081e-02
1.8443514751245629e+00 7.9714524045270879e-02
1.8449350941547511e+00 7.9060674548562193e-02
1.8455187131849398e+00 7.8408253907801387e-02
1.8461023322151280e+00 7.7757259580612789e-02
1.8466859512453164e+00 7.7107689028822660e-02
1.8472695702755049e+00 7.6459539718452985e-02
1.8478531893056931e+00 7.5812809119715552e-02
1.8484368083358815e+00 7.5167494707003610e-02
1.8490204273660700e+00 7.4523593958887163e-02
1.8496040463962582e+00 7.3881104358104993e-02
1.8501876654264466e+00 7.3240023391557552e-02
1.8507712844566351e+00 7.2600348550302701e-02
1.8513549034868233e+00 7.1962077329546126e-02
1.8519385225170117e+00 7.1325207228635890e-02
1.8525221415472002e+00 7.0689735751056137e-02
1.8531057605773884e+00 7.0055660404421086e-02
1.8536893796075771e+00 6.9422978700465252e-02
1.8542729986377653e+00 6.8791688155042094e-02
1.8548566176679535e+00 6.8161786288112591e-02
1.8554402366981422e+00 6.7533270623740066e-02
1.8560238557283304e+00 6.6906138690085701e-02
1.8566074747585188e+00 6.6280388019399172e-02
1.8571910937887073e+00 6.5656016148013932e-02
1.8577747128188955e+00 6.5033020616339463e-02
1.8583583318490839e+00 6.4411398968855491e-02
1.8589419508792724e+00 6.3791148754105131e-02
1.8595255699094606e+00 6.3172267524689282e-02
1.8601091889396490e+00 6.2554752837258545e-02
1.8606928079698375e+00 6.1938602252507191e-02
1.8612764270000257e+00 6.1323813335168675e-02
1.8618600460302144e+00 6.0710383654005287e-02
1.8624436650604026e+00 6.0098310781806316e-02
1.8630272840905908e+00 5.9487592295377437e-02
1.8636109031207795e+00 5.8878225775536114e-02
1.8641945221509677e+00 5.8270208807106864e-02
1.8647781411811561e+00 5.7663538978911362e-02
1.8653617602113446e+00 5.7058213883764218e-02
1.8659453792415328e+00 5.6454231118466223e-02
1.8665289982717213e+00 5.5851588283797965e-02
1.8671126173019097e+00 5.5250282984513191e-02
1.8676962363320979e+00 5.4650312829332984e-02
1.8682798553622864e+00 5.4051675430938584e-02
1.8688634743924748e+00 5.3454368405965118e-02
1.8694470934226630e+00 5.2858389374997032e-02
1.8700307124528515e+00 5.2263735962558455e-02
1.8706143314830399e+00 5.1670405797110734e-02
1.8711979505132281e+00 5.1078396511042463e-02
1.8717815695434168e+00 5.0487705740665738e-02
1.8723651885736050e+00 4.9898331126210019e-02
1.8729488076037935e+00 4.9310270311812412e-02
1.8735324266339819e+00 4.8723520945516255e-02
1.8741160456641701e+00 4.8138080679261036e-02
1.8746996646943586e+00 4.7553947168878077e-02
1.8752832837245470e+00 4.6971118074083634e-02
1.8758669027547352e+00 4.6389591058473303e-02
1.8764505217849237e+00 4.5809363789514460e-02
1.8770341408151121e+00 4.5230433938541509e-02
1.8776177598453003e+00 4.4652799180749506e-02
1.8782013788754888e+00 4.4076457195186297e-02
1.8787849979056772e+00 4.3501405664749006e-02
1.8793686169358654e+00 4.2927642276175335e-02
1.8799522359660541e+00 4.2355164720038738e-02
1.8805358549962423e+00 4.1783970690743459e-02
1.8811194740264308e+00 4.1214057886514582e-02
1.8817030930566192e+00 4.0645424009396337e-02
1.8822867120868074e+00 4.0078066765243218e-02
1.8828703311169959e+00 3.9511983863714371e-02
1.8834539501471843e+00 3.8947173018267799e-02
1.8840375691773725e+00 3.8383631946154920e-02
1.8846211882075610e+00 3.7821358368412730e-02
1.8852048072377494e+00 3.7260350009859153e-02
1.8857884262679376e+00 3.6700604599087548e-02
1.8863720452981261e+00 3.6142119868457945e-02
1.8869556643283145e+00 3.5584893554094159e-02
1.8875392833585027e+00 3.5028923395875725e-02
1.8881229023886914e+00 3.4474207137432766e-02
1.8887065214188796e+00 3.3920742526139636e-02
1.8892901404490681e+00 3.3368527313108673e-02
1.8898737594792565e+00 3.2817559253185177e-02
1.8904573785094447e+00 3.2267836104940516e-02
1.8910409975396332e+00 3.1719355630665726e-02
1.8916246165698216e+00 3.1172115596366953e-02
1.8922082356000098e+00 3.0626113771759424e-02
1.8927918546301983e+00 3.0081347930258958e-02
1.8933754736603867e+00 2.9537815848979364e-02
1.8939590926905749e+00 2.8995515308725139e-02
1.8945427117207634e+00 2.8454444093984135e-02
1.8951263307509518e+00 2.7914599992924175e-02
1.8957099497811400e+00 2.7375980797386137e-02
1.8962935688113287e+00 2.6838584302876375e-02
1.8968771878415169e+00 2.6302408308564125e-02
1.8974608068717052e+00 2.5767450617272439e-02
1.8980444259018938e+00 2.5233709035474387e-02
1.8986280449320820e+00 2.4701181373286949e-02
1.8992116639622705e+00 2.4169865444463437e-02
1.8997952829924589e+00 2.3639759066390088e-02
1.9003789020226471e+00 2.3110860060079445e-02
1.9009625210528356e+00 2.2583166250162611e-02
1.9015461400830240e+00 2.2056675464886273e-02
1.9021297591132122e+00 2.1531385536105938e-02
1.9027133781434007e+00 2.1007294299278730e-02
1.9032969971735891e+00 2.0484399593459740e-02
1.9038806162037774e+00 1.9962699261294972e-02
1.9044642352339660e+00 1.9442191149015527e-02
1.9050478542641542e+00 1.8922873106432838e-02
1.9056314732943425e+00 1.8404742986931368e-02
1.9062150923245311e+00 1.7887798647464679e-02
1.9067987113547193e+00 1.7372037948548778e-02
1.9073823303849078e+00 1.6857458754255480e-02
1.9079659494150962e+00 1.6344058932208888e-02
1.9085495684452845e+00 1.5831836353577808e-02
1.9091331874754729e+00 1.5320788893070437e-02
1.9097168065056613e+00 1.4810914428929248e-02
1.9103004255358496e+00 1.4302210842925810e-02
1.9108840445660380e+00 1.3794676020352668e-02
1.9114676635962264e+00 1.3288307850020770e-02
1.9120512826264147e+00 1.2783104224252002e-02
1.9126349016566033e+00 1.2279063038873507e-02
1.9132185206867915e+00 1.1776182193213199e-02
1.9138021397169798e+00 1.1274459590092455e-02
1.9143857587471684e+00 1.0773893135822719e-02
1.9149693777773567e+00 1.0274480740198051e-02
1.9155529968075451e+00 9.7762203164897012e-03
1.9161366158377335e+00 9.2791097814417748e-03
1.9167202348679218e+00 8.7831470552648637e-03
1.9173038538981102e+00 8.2883300616295400e-03
1.9178874729282986e+00 7.7946567276626849e-03
1.9184710919584869e+00 7.3021249839408629e-03
1.9190547109886753e+00 6.8107327644842154e-03
1.9196383300188637e+00 6.3204780067522576e-03
1.9202219490490520e+00 5.8313586516380465e-03
1.9208055680792404e+00 5.3433726434611445e-03
1.9213891871094289e+00 4.8565179299647600e-03
1.9219728061396171e+00 4.3707924623073505e-03
1.9225564251698057e+00 3.8861941950595023e-03
1.9231400441999940e+00 3.4027210861979694e-03
1.9237236632301824e+00 2.9203710970982150e-03
1.9243072822603708e+00 2.4391421925318369e-03
1.9248909012905591e+00 1.9590323406596562e-03
1.9254745203207475e+00 1.4800395130254815e-03
1.9260581393509359e+00 1.0021616845524478e-03
1.9266417583811242e+00 5.2539683353678259e-04
1.9272253774113126e+00 4.9742941641435167e-05
1.9278089964415011e+00 -4.2480200610738055e-04
1.9283926154716893e+00 -8.9824002132757276e-04
1.9289762345018777e+00 -1.3705731122849673e-03
1.9295598535320662e+00 -1.8418032838992719e-03
1.9301434725622544e+00 -2.3119325377505815e-03
1.9307270915924430e+00 -2.7809628720825660e-03
1.9313107106226313e+00 -3.2488962818091765e-03
1.9318943296528197e+00 -3.7157347585207471e-03
1.9324779486830082e+00 -4.1814802904871808e-03
1.9330615677131964e+00 -4.6461348626648602e-03
1.9336451867433848e+00 -5.1097004567022056e-03
1.9342288057735733e+00 -5.5721790509436772e-03
1.9348124248037615e+00 -6.0335726204357332e-03
1.9353960438339499e+00 -6.4938831369330680e-03
1.9359796628641384e+00 -6.9531125689018675e-03
1.9365632818943266e+00 -7.4112628815274631e-03
1.9371469009245150e+00 -7.8683360367173844e-03
1.9377305199547035e+00 -8.3243339931079342e-03
1.9383141389848917e+00 -8.7792587060696054e-03
1.9388977580150804e+00 -9.2331121277114230e-03
1.9394813770452686e+00 -9.6858962068863009e-03
1.9400649960754568e+00 -1.0137612889197603e-02
1.9406486151056455e+00 -1.0588264117003233e-02
1.9412322341358337e+00 -1.1037851829419534e-02
1.9418158531660221e+00 -1.1486377962329861e-02
1.9423994721962106e+00 -1.1933844448386922e-02
1.9429830912263988e+00 -1.2380253217018701e-02
1.9435667102565872e+00 -1.2825606194434881e-02
1.9441503292867757e+00 -1.3269905303629828e-02
1.9447339483169639e+00 -1.3713152464390249e-02
1.9453175673471523e+00 -1.4155349593297508e-02
1.9459011863773408e+00 -1.4596498603735941e-02
1.9464848054075290e+00 -1.5036601405895180e-02
1.9470684244377177e+00 -1.5475659906777054e-02
1.9476520434679059e+00 -1.5913676010199527e-02
1.9482356624980941e+00 -1.6350651616803331e-02
1.9488192815282828e+00 -1.6786588624056249e-02
1.9494029005584710e+00 -1.7221488926256624e-02
1.9499865195886594e+00 -1.7655354414541771e-02
1.9505701386188479e+00 -1.8088186976890491e-02
1.9511537576490361e+00 -1.8519988498128415e-02
1.9517373766792245e+00 -1.8950760859934981e-02
1.9523209957094130e+00 -1.9380505940845619e-02
1.9529046147396012e+00 -1.9809225616259737e-02
1.9534882337697896e+00 -2.0236921758442817e-02
1.9540718527999781e+00 -2.0663596236534423e-02
1.9546554718301663e+00 -2.1089250916550780e-02
1.9552390908603550e+00 -2.1513887661391264e-02
1.9558227098905432e+00 -2.1937508330842338e-02
1.9564063289207314e+00 -2.2360114781584006e-02
1.9569899479509201e+00 -2.2781708867194134e-02
1.9575735669811083e+00 -2.3202292438151709e-02
1.9581571860112967e+00 -2.3621867341845161e-02
1.9587408050414852e+00 -2.4040435422574835e-02
1.9593244240716734e+00 -2.4457998521558038e-02
1.9599080431018618e+00 -2.4874558476936263e-02
1.9604916621320503e+00 -2.5290117123776833e-02
1.9610752811622385e+00 -2.5704676294081141e-02
1.9616589001924269e+00 -2.6118237816786408e-02
1.9622425192226154e+00 -2.6530803517773590e-02
1.9628261382528036e+00 -2.6942375219869773e-02
1.9634097572829921e+00 -2.7352954742855411e-02
1.9639933763131805e+00 -2.7762543903466847e-02
1.9645769953433687e+00 -2.8171144515402872e-02
1.9651606143735574e+00 -2.8578758389329949e-02
1.9657442334037456e+00 -2.8985387332884457e-02
1.9663278524339340e+00 -2.9391033150681291e-02
1.9669114714641225e+00 -2.9795697644315826e-02
1.9674950904943107e+00 -3.0199382612369683e-02
1.9680787095244991e+00 -3.0602089850416615e-02
1.9686623285546876e+00 -3.1003821151025176e-02
1.9692459475848758e+00 -3.1404578303766133e-02
1.9698295666150643e+00 -3.1804363095214554e-02
1.9704131856452527e+00 -3.2203177308957401e-02
1.9709968046754409e+00 -3.2601022725595771e-02
1.9715804237056294e+00 -3.2997901122752020e-02
1.9721640427358178e+00 -3.3393814275072632e-02
1.9727476617660060e+00 -3.3788763954233796e-02
1.9733312807961947e+00 -3.4182751928947396e-02
1.9739148998263829e+00 -3.4575779964962618e-02
1.9744985188565713e+00 -3.4967849825074636e-02
1.9750821378867598e+00 -3.5358963269126104e-02
1.9756657569169480e+00 -3.5749122054014343e-02
1.9762493759471365e+00 -3.6138327933694162e-02
1.9768329949773249e+00 -3.6526582659183383e-02
1.9774166140075131e+00 -3.6913887978568580e-02
1.9780002330377016e+00 -3.7300245637007533e-02
1.9785838520678900e+00 -3.7685657376736584e-02
1.9791674710980782e+00 -3.8070124937072590e-02
1.9797510901282667e+00 -3.8453650054420391e-02
1.9803347091584551e+00 -3.8836234462275347e-02
1.9809183281886433e+00 -3.9217879891228685e-02
1.9815019472188320e+00 -3.9598588068973394e-02
1.9820855662490202e+00 -3.9978360720306118e-02
1.9826691852792084e+00 -4.0357199567134849e-02
1.9832528043093971e+00 -4.0735106328482304e-02
1.9838364233395853e+00 -4.1112082720489704e-02
1.9844200423697738e+00 -4.1488130456422793e-02
1.9850036613999622e+00 -4.1863251246675323e-02
1.9855872804301504e+00 -4.2237446798775329e-02
1.9861708994603389e+00 -4.2610718817387386e-02
1.9867545184905273e+00 -4.2983069004319974e-02
1.9873381375207155e+00 -4.3354499058527063e-02
1.9879217565509040e+00 -4.3725010676115762e-02
1.9885053755810924e+00 -4.4094605550348401e-02
1.9890889946112806e+00 -4.4463285371648273e-02
1.9896726136414693e+00 -4.4831051827604891e-02
1.9902562326716575e+00 -4.5197906602976297e-02
1.9908398517018457e+00 -4.5563851379696256e-02
1.9914234707320344e+00 -4.5928887836877645e-02
1.9920070897622226e+00 -4.6293017650816080e-02
1.9925907087924111e+00 -4.6656242494995843e-02
1.9931743278225995e+00 -4.7018564040094322e-02
1.9937579468527877e+00 -4.7379983953985440e-02
1.9943415658829762e+00 -4.7740503901744960e-02
1.9949251849131646e+00 -4.8100125545655605e-02
1.9955088039433528e+00 -4.8458850545209743e-02
1.9960924229735413e+00 -4.8816680557116354e-02
1.9966760420037297e+00 -4.9173617235302898e-02
1.9972596610339179e+00 -4.9529662230921388e-02
1.9978432800641066e+00 -4.9884817192353520e-02
1.9984268990942948e+00 -5.0239083765212501e-02
1.9990105181244830e+00 -5.0592463592350249e-02
1.9995941371546717e+00 -5.0944958313860957e-02
2.0001777561848599e+00 -5.1296569567084650e-02
2.0007613752150482e+00 -5.1647298986612383e-02
2.0013449942452368e+00 -5.1997148204291327e-02
2.0019286132754250e+00 -5.2346118849227755e-02
2.0025122323056133e+00 -5.2694212547792184e-02
2.0030958513358019e+00 -5.3041430923624469e-02
2.0036794703659901e+00 -5.3387775597636591e-02
2.0042630893961784e+00 -5.3733248188019063e-02
2.0048467084263670e+00 -5.4077850310243328e-02
2.0054303274565553e+00 -5.4421583577067320e-02
2.0060139464867435e+00 -5.4764449598539690e-02
2.0065975655169321e+00 -5.5106449982004757e-02
2.0071811845471204e+00 -5.5447586332104358e-02
2.0077648035773090e+00 -5.5787860250785963e-02
2.0083484226074972e+00 -5.6127273337303905e-02
2.0089320416376859e+00 -5.6465827188225376e-02
2.0095156606678741e+00 -5.6803523397433983e-02
2.0100992796980623e+00 -5.7140363556134811e-02
2.0106828987282510e+00 -5.7476349252858494e-02
2.0112665177584392e+00 -5.7811482073464225e-02
2.0118501367886275e+00 -5.8145763601146191e-02
2.0124337558188161e+00 -5.8479195416437271e-02
2.0130173748490043e+00 -5.8811779097211213e-02
2.0136009938791926e+00 -5.9143516218690420e-02
2.0141846129093812e+00 -5.9474408353447750e-02
2.0147682319395694e+00 -5.9804457071411458e-02
2.0153518509697577e+00 -6.0133663939869270e-02
2.0159354699999463e+00 -6.0462030523473695e-02
2.0165190890301345e+00 -6.0789558384244553e-02
2.0171027080603228e+00 -6.1116249081574418e-02
2.0176863270905114e+00 -6.1442104172233107e-02
2.0182699461206997e+00 -6.1767125210370449e-02
2.0188535651508879e+00 -6.2091313747522282e-02
2.0194371841810765e+00 -6.2414671332613372e-02
2.0200208032112648e+00 -6.2737199511961952e-02
2.0206044222414530e+00 -6.3058899829284643e-02
2.0211880412716416e+00 -6.3379773825699481e-02
2.0217716603018299e+00 -6.3699823039730957e-02
2.0223552793320181e+00 -6.4019049007313769e-02
2.0229388983622067e+00 -6.4337453261798086e-02
2.0235225173923950e+00 -6.4655037333950977e-02
2.0241061364225836e+00 -6.4971802751964347e-02
2.0246897554527719e+00 -6.5287751041455941e-02
2.0252733744829601e+00 -6.5602883725475070e-02
2.0258569935131487e+00 -6.5917202324506749e-02
2.0264406125433370e+00 -6.6230708356474891e-02
2.0270242315735256e+00 -6.6543403336747922e-02
2.0276078506037138e+00 -6.6855288778140606e-02
2.0281914696339021e+00 -6.7166366190921048e-02
2.0287750886640907e+00 -6.7476637082813137e-02
2.0293587076942790e+00 -6.7786102958999658e-02
2.0299423267244672e+00 -6.8094765322128922e-02
2.0305259457546558e+00 -6.8402625672317308e-02
2.0311095647848441e+00 -6.8709685507153284e-02
2.0316931838150323e+00 -6.9015946321701521e-02
2.0322768028452209e+00 -6.9321409608508189e-02
2.0328604218754092e+00 -6.9626076857603261e-02
2.0334440409055974e+00 -6.9929949556505486e-02
2.0340276599357860e+00 -7.0233029190226934e-02
2.0346112789659743e+00 -7.0535317241275639e-02
2.0351948979961625e+00 -7.0836815189661312e-02
2.0357785170263512e+00 -7.1137524512897995e-02
2.0363621360565394e+00 -7.1437446686008446e-02
2.0369457550867276e+00 -7.1736583181529007e-02
2.0375293741169163e+00 -7.2034935469512978e-02
2.0381129931471045e+00 -7.2332505017533397e-02
2.0386966121772927e+00 -7.2629293290689650e-02
2.0392802312074814e+00 -7.2925301751609939e-02
2.0398638502376696e+00 -7.3220531860454199e-02
2.0404474692678582e+00 -7.3514985074920838e-02
2.0410310882980465e+00 -7.3808662850248216e-02
2.0416147073282347e+00 -7.4101566639219740e-02
2.0421983263584234e+00 -7.4393697892168237e-02
2.0427819453886116e+00 -7.4685058056978407e-02
2.0433655644188002e+00 -7.4975648579092988e-02
2.0439491834489885e+00 -7.5265470901513795e-02
2.0445328024791767e+00 -7.5554526464808716e-02
2.0451164215093653e+00 -7.5842816707114055e-02
2.0457000405395536e+00 -7.6130343064137629e-02
2.0462836595697418e+00 -7.6417106969164705e-02
2.0468672785999305e+00 -7.6703109853060947e-02
2.0474508976301187e+00 -7.6988353144275601e-02
2.0480345166603069e+00 -7.7272838268846497e-02
2.0486181356904956e+00 -7.7556566650403821e-02
2.0492017547206838e+00 -7.7839539710173045e-02
2.0497853737508720e+00 -7.8121758866980306e-02
2.0503689927810607e+00 -7.8403225537255067e-02
2.0509526118112489e+00 -7.8683941135034005e-02
2.0515362308414371e+00 -7.8963907071966322e-02
2.0521198498716258e+00 -7.9243124757315625e-02
2.0527034689018140e+00 -7.9521595597964845e-02
2.0532870879320022e+00 -7.9799320998420450e-02
2.0538707069621909e+00 -8.0076302360815990e-02
2.0544543259923791e+00 -8.0352541084914381e-02
2.0550379450225673e+00 -8.0628038568114430e-02
2.0556215640527560e+00 -8.0902796205453417e-02
2.0562051830829442e+00 -8.1176815389609469e-02
2.0567888021131324e+00 -8.1450097510907898e-02
2.0573724211433211e+00 -8.1722643957323912e-02
2.0579560401735093e+00 -8.1994456114485748e-02
2.0585396592036980e+00 -8.2265535365679293e-02
2.0591232782338862e+00 -8.2535883091851420e-02
2.0597068972640749e+00 -8.2805500671614796e-02
2.0602905162942631e+00 -8.3074389481249566e-02
2.0608741353244513e+00 -8.3342550894709530e-02
2.0614577543546400e+00 -8.3609986283624635e-02
2.0620413733848282e+00 -8.3876697017304450e-02
2.0626249924150164e+00 -8.4142684462742368e-02
2.0632086114452051e+00 -8.4407949984620090e-02
2.0637922304753933e+00 -8.4672494945309706e-02
2.0643758495055815e+00 -8.4936320704878623e-02
2.0649594685357702e+00 -8.5199428621093698e-02
2.0655430875659584e+00 -8.5461820049423112e-02
2.0661267065961466e+00 -8.5723496343042452e-02
2.0667103256263353e+00 -8.5984458852836357e-02
2.0672939446565235e+00 -8.6244708927403213e-02
2.0678775636867117e+00 -8.6504247913059301e-02
2.0684611827169004e+00 -8.6763077153841336e-02
2.0690448017470886e+00 -8.7021197991510882e-02
2.0696284207772768e+00 -8.7278611765558012e-02
2.0702120398074655e+00 -8.7535319813205170e-02
2.0707956588376537e+00 -8.7791323469409641e-02
2.0713792778678419e+00 -8.8046624066868848e-02
2.0719628968980306e+00 -8.8301222936023577e-02
2.0725465159282188e+00 -8.8555121405060069e-02
2.0731301349584070e+00 -8.8808320799916060e-02
2.0737137539885957e+00 -8.9060822444283150e-02
2.0742973730187839e+00 -8.9312627659610191e-02
2.0748809920489726e+00 -8.9563737765107523e-02
2.0754646110791608e+00 -8.9814154077750105e-02
2.0760482301093490e+00 -9.0063877912282167e-02
2.0766318491395377e+00 -9.0312910581219083e-02
2.0772154681697259e+00 -9.0561253394852520e-02
2.0777990871999146e+00 -9.0808907661253657e-02
2.0783827062301028e+00 -9.1055874686276156e-02
2.0789663252602910e+00 -9.1302155773560267e-02
2.0795499442904797e+00 -9.1547752224536649e-02
2.0801335633206679e+00 -9.1792665338429377e-02
2.0807171823508561e+00 -9.2036896412259803e-02
2.0813008013810448e+00 -9.2280446740850314e-02
2.0818844204112330e+00 -9.2523317616827250e-02
2.0824680394414212e+00 -9.2765510330625564e-02
2.0830516584716099e+00 -9.3007026170491031e-02
2.0836352775017981e+00 -9.3247866422484671e-02
2.0842188965319863e+00 -9.3488032370486307e-02
2.0848025155621750e+00 -9.3727525296197919e-02
2.0853861345923632e+00 -9.3966346479146340e-02
2.0859697536225514e+00 -9.4204497196688428e-02
2.0865533726527401e+00 -9.4441978724013734e-02
2.0871369916829283e+00 -9.4678792334147069e-02
2.0877206107131165e+00 -9.4914939297953776e-02
2.0883042297433052e+00 -9.5150420884142412e-02
2.0888878487734934e+00 -9.5385238359267752e-02
2.0894714678036816e+00 -9.5619392987734739e-02
2.0900550868338703e+00 -9.5852886031802573e-02
2.0906387058640585e+00 -9.6085718751587015e-02
2.0912223248942468e+00 -9.6317892405064429e-02
2.0918059439244354e+00 -9.6549408248075771e-02
2.0923895629546236e+00 -9.6780267534328890e-02
2.0929731819848123e+00 -9.7010471515403401e-02
2.0935568010150005e+00 -9.7240021440752236e-02
2.0941404200451892e+00 -9.7468918557707437e-02
2.0947240390753774e+00 -9.7697164111481410e-02
2.0953076581055656e+00 -9.7924759345171752e-02
2.0958912771357543e+00 -9.8151705499764499e-02
2.0964748961659425e+00 -9.8378003814136541e-02
2.0970585151961307e+00 -9.8603655525060716e-02
2.0976421342263194e+00 -9.8828661867207637e-02
2.0982257532565076e+00 -9.9053024073149712e-02
2.0988093722866958e+00 -9.9276743373365214e-02
2.0993929913168845e+00 -9.9499820996240523e-02
2.0999766103470727e+00 -9.9722258168074132e-02
2.1005602293772609e+00 -9.9944056113080049e-02
2.1011438484074496e+00 -1.0016521605339145e-01
2.1017274674376378e+00 -1.0038573920906264e-01
2.1023110864678261e+00 -1.0060562679807437e-01
2.1028947054980147e+00 -1.0082488003633656e-01
2.1034783245282029e+00 -1.0104350013769005e-01
2.1040619435583912e+00 -1.0126148831391245e-01
2.1046455625885798e+00 -1.0147884577472029e-01
2.1052291816187680e+00 -1.0169557372777185e-01
2.1058128006489563e+00 -1.0191167337867113e-01
2.1063964196791449e+00 -1.0212714593097175e-01
2.1069800387093331e+00 -1.0234199258617888e-01
2.1075636577395214e+00 -1.0255621454375348e-01
2.1081472767697100e+00 -1.0276981300111593e-01
2.1087308957998987e+00 -1.0298278915364827e-01
2.1093145148300865e+00 -1.0319514419469820e-01
2.1098981338602751e+00 -1.0340687931558278e-01
2.1104817528904638e+00 -1.0361799570559056e-01
2.1110653719206516e+00 -1.0382849455198559e-01
2.1116489909508402e+00 -1.0403837704001152e-01
2.1122326099810289e+00 -1.0424764435289285e-01
2.1128162290112171e+00 -1.0445629767183966e-01
2.1133998480414053e+00 -1.0466433817605132e-01
2.1139834670715940e+00 -1.0487176704271807e-01
2.1145670861017822e+00 -1.0507858544702552e-01
2.1151507051319705e+00 -1.0528479456215795e-01
2.1157343241621591e+00 -1.0549039555930083e-01
2.1163179431923473e+00 -1.0569538960764438e-01
2.1169015622225356e+00 -1.0589977787438704e-01
2.1174851812527242e+00 -1.0610356152473908e-01
2.1180688002829124e+00 -1.0630674172192385e-01
2.1186524193131007e+00 -1.0650931962718375e-01
2.1192360383432893e+00 -1.0671129639978190e-01
2.1198196573734776e+00 -1.0691267319700488e-01
2.1204032764036658e+00 -1.0711345117416728e-01
2.1209868954338544e+00 -1.0731363148461436e-01
2.1215705144640427e+00 -1.0751321527972467e-01
2.1221541334942309e+00 -1.0771220370891370e-01
2.1227377525244195e+00 -1.0791059791963777e-01
2.1233213715546078e+00 -1.0810839905739568e-01
2.1239049905847960e+00 -1.0830560826573350e-01
2.1244886096149846e+00 -1.0850222668624644e-01
2.1250722286451733e+00 -1.0869825545858260e-01
2.1256558476753611e+00 -1.0889369572044613e-01
2.1262394667055498e+00 -1.0908854860760075e-01
2.1268230857357384e+00 -1.0928281525387200e-01
2.1274067047659262e+00 -1.0947649679115064e-01
2.1279903237961149e+00 -1.0966959434939715e-01
2.1285739428263035e+00 -1.0986210905664257e-01
2.1291575618564917e+00 -1.1005404203899313e-01
2.1297411808866800e+00 -1.1024539442063351e-01
2.1303247999168686e+00 -1.1043616732382902e-01
2.1309084189470568e+00 -1.1062636186892916e-01
2.1314920379772451e+00 -1.1081597917437125e-01
2.1320756570074337e+00 -1.1100502035668285e-01
2.1326592760376220e+00 -1.1119348653048465e-01
2.1332428950678102e+00 -1.1138137880849452e-01
2.1338265140979988e+00 -1.1156869830153014e-01
2.1344101331281871e+00 -1.1175544611851125e-01
2.1349937521583753e+00 -1.1194162336646435e-01
2.1355773711885639e+00 -1.1212723115052470e-01
2.1361609902187522e+00 -1.1231227057393939e-01
2.1367446092489404e+00 -1.1249674273807060e-01
2.1373282282791290e+00 -1.1268064874239912e-01
2.1379118473093173e+00 -1.1286398968452671e-01
2.1384954663395055e+00 -1.1304676666017927e-01
2.1390790853696942e+00 -1.1322898076321043e-01
2.1396627043998824e+00 -1.1341063308560392e-01
2.1402463234300706e+00 -1.1359172471747711e-01
2.1408299424602593e+00 -1.1377225674708363e-01
2.1414135614904479e+00 -1.1395223026081676e-01
2.1419971805206357e+00 -1.1413164634321210e-01
2.1425807995508244e+00 -1.1431050607695123e-01
2.1431644185810130e+00 -1.1448881054286367e-01
2.1437480376112008e+00 -1.1466656081993072e-01
2.1443316566413895e+00 -1.1484375798528887e-01
2.1449152756715781e+00 -1.1502040311423123e-01
2.1454988947017664e+00 -1.1519649728021179e-01
2.1460825137319546e+00 -1.1537204155484838e-01
2.1466661327621432e+00 -1.1554703700792517e-01
2.1472497517923315e+00 -1.1572148470739567e-01
2.1478333708225197e+00 -1.1589538571938614e-01
2.1484169898527083e+00 -1.1606874110819847e-01
2.1490006088828966e+00 -1.1624155193631229e-01
2.1495842279130848e+00 -1.1641381926438932e-01
2.1501678469432735e+00 -1.1658554415127552e-01
2.1507514659734617e+00 -1.1675672765400362e-01
2.1513350850036499e+00 -1.1692737082779718e-01
2.1519187040338386e+00 -1.1709747472607293e-01
2.1525023230640268e+00 -1.1726704040044339e-01
2.1530859420942150e+00 -1.1743606890072027e-01
2.1536695611244037e+00 -1.1760456127491757e-01
2.1542531801545919e+00 -1.1777251856925383e-01
2.1548367991847801e+00 -1.1793994182815541e-01
2.1554204182149688e+00 -1.1810683209425996e-01
2.1560040372451570e+00 -1.1827319040841822e-01
2.1565876562753452e+00 -1.1843901780969775e-01
2.1571712753055339e+00 -1.1860431533538554e-01
2.1577548943357221e+00 -1.1876908402099087e-01
2.1583385133659103e+00 -1.1893332490024851e-01
2.1589221323960990e+00 -1.1909703900512149e-01
2.1595057514262876e+00 -1.1926022736580316e-01
2.1600893704564754e+00 -1.1942289101072132e-01
2.1606729894866641e+00 -1.1958503096654097e-01
2.1612566085168528e+00 -1.1974664825816583e-01
2.1618402275470405e+00 -1.1990774390874255e-01
2.1624238465772292e+00 -1.2006831893966360e-01
2.1630074656074179e+00 -1.2022837437056927e-01
2.1635910846376061e+00 -1.2038791121935057e-01
2.1641747036677943e+00 -1.2054693050215305e-01
2.1647583226979830e+00 -1.2070543323337912e-01
2.1653419417281712e+00 -1.2086342042569002e-01
2.1659255607583594e+00 -1.2102089309001024e-01
2.1665091797885481e+00 -1.2117785223552936e-01
2.1670927988187363e+00 -1.2133429886970450e-01
2.1676764178489245e+00 -1.2149023399826446e-01
2.1682600368791132e+00 -1.2164565862521153e-01
2.1688436559093014e+00 -1.2180057375282430e-01
2.1694272749394896e+00 -1.2195498038166086e-01
2.1700108939696783e+00 -1.2210887951056164e-01
2.1705945129998665e+00 -1.2226227213665163e-01
2.1711781320300547e+00 -1.2241515925534398e-01
2.1717617510602434e+00 -1.2256754186034217e-01
2.1723453700904316e+00 -1.2271942094364280e-01
2.1729289891206198e+00 -1.2287079749553906e-01
2.1735126081508085e+00 -1.2302167250462258e-01
2.1740962271809967e+00 -1.2317204695778665e-01
2.1746798462111849e+00 -1.2332192184022925e-01
2.1752634652413736e+00 -1.2347129813545546e-01
2.1758470842715623e+00 -1.2362017682527998e-01
2.1764307033017500e+00 -1.2376855888983022e-01
2.1770143223319387e+00 -1.2391644530754981e-01
2.1775979413621274e+00 -1.2406383705519944e-01
2.1781815603923151e+00 -1.2421073510786114e-01
2.1787651794225038e+00 -1.2435714043894110e-01
2.1793487984526925e+00 -1.2450305402017123e-01
2.1799324174828807e+00 -1.2464847682161263e-01
2.1805160365130689e+00 -1.2479340981165844e-01
2.1810996555432576e+00 -1.2493785395703651e-01
2.1816832745734458e+00 -1.2508181022281126e-01
2.1822668936036340e+00 -1.2522527957238780e-01
2.1828505126338227e+00 -1.2536826296751363e-01
2.1834341316640109e+00 -1.2551076136828163e-01
2.1840177506941991e+00 -1.2565277573313263e-01
2.1846013697243878e+00 -1.2579430701885855e-01
2.1851849887545760e+00 -1.2593535618060450e-01
2.1857686077847642e+00 -1.2607592417187161e-01
2.1863522268149529e+00 -1.2621601194452028e-01
2.1869358458451411e+00 -1.2635562044877194e-01
2.1875194648753293e+00 -1.2649475063321253e-01
2.1881030839055180e+00 -1.2663340344479454e-01
2.1886867029357062e+00 -1.2677157982884002e-01
2.1892703219658944e+00 -1.2690928072904342e-01
2.1898539409960831e+00 -1.2704650708747370e-01
2.1904375600262713e+00 -1.2718325984457723e-01
2.1910211790564595e+00 -1.2731953993918074e-01
2.1916047980866482e+00 -1.2745534830849384e-01
2.1921884171168364e+00 -1.2759068588811079e-01
2.1927720361470247e+00 -1.2772555361201454e-01
2.1933556551772133e+00 -1.2785995241257869e-01
2.1939392742074020e+00 -1.2799388322056962e-01
2.1945228932375898e+00 -1.2812734696514974e-01
2.1951065122677784e+00 -1.2826034457388044e-01
2.1956901312979671e+00 -1.2839287697272384e-01
2.1962737503281549e+00 -1.2852494508604528e-01
2.1968573693583435e+00 -1.2865654983661765e-01
2.1974409883885322e+00 -1.2878769214562175e-01
2.1980246074187204e+00 -1.2891837293265013e-01
2.1986082264489086e+00 -1.2904859311570960e-01
2.1991918454790973e+00 -1.2917835361122376e-01
2.1997754645092855e+00 -1.2930765533403524e-01
2.2003590835394737e+00 -1.2943649919740857e-01
2.2009427025696624e+00 -1.2956488611303296e-01
2.2015263215998506e+00 -1.2969281699102428e-01
2.2021099406300388e+00 -1.2982029273992818e-01
2.2026935596602275e+00 -1.2994731426672249e-01
2.2032771786904157e+00 -1.3007388247681956e-01
2.2038607977206039e+00 -1.3019999827406917e-01
2.2044444167507926e+00 -1.3032566256076084e-01
2.2050280357809808e+00 -1.3045087623762625e-01
2.2056116548111691e+00 -1.3057564020384221e-01
2.2061952738413577e+00 -1.3069995535703313e-01
2.2067788928715459e+00 -1.3082382259327274e-01
2.2073625119017342e+00 -1.3094724280708780e-01
2.2079461309319228e+00 -1.3107021689146017e-01
2.2085297499621110e+00 -1.3119274573782869e-01
2.2091133689922993e+00 -1.3131483023609272e-01
2.2096969880224879e+00 -1.3143647127461416e-01
2.2102806070526766e+00 -1.3155766974021993e-01
2.2108642260828644e+00 -1.3167842651820413e-01
2.2114478451130530e+00 -1.3179874249233178e-01
2.2120314641432417e+00 -1.3191861854483997e-01
2.2126150831734295e+00 -1.3203805555644058e-01
2.2131987022036181e+00 -1.3215705440632383e-01
2.2137823212338068e+00 -1.3227561597215950e-01
2.2143659402639950e+00 -1.3239374113009988e-01
2.2149495592941832e+00 -1.3251143075478253e-01
2.2155331783243719e+00 -1.3262868571933234e-01
2.2161167973545601e+00 -1.3274550689536430e-01
2.2167004163847484e+00 -1.3286189515298555e-01
2.2172840354149370e+00 -1.3297785136079851e-01
2.2178676544451252e+00 -1.3309337638590268e-01
2.2184512734753135e+00 -1.3320847109389755e-01
2.2190348925055021e+00 -1.3332313634888468e-01
2.2196185115356903e+00 -1.3343737301347033e-01
2.2202021305658786e+00 -1.3355118194876825e-01
2.2207857495960672e+00 -1.3366456401440138e-01
2.2213693686262554e+00 -1.3377752006850482e-01
2.2219529876564437e+00 -1.3389005096772819e-01
2.2225366066866323e+00 -1.3400215756723810e-01
2.2231202257168206e+00 -1.3411384072072008e-01
2.2237038447470088e+00 -1.3422510128038162e-01
2.2242874637771974e+00 -1.3433594009695468e-01
2.2248710828073857e+00 -1.3444635801969704e-01
2.2254547018375739e+00 -1.3455635589639603e-01
2.2260383208677625e+00 -1.3466593457337026e-01
2.2266219398979512e+00 -1.3477509489547199e-01
2.2272055589281390e+00 -1.3488383770608944e-01
2.2277891779583276e+00 -1.3499216384714990e-01
2.2283727969885163e+00 -1.3510007415912131e-01
2.2289564160187041e+00 -1.3520756948101464e-01
2.2295400350488928e+00 -1.3531465065038728e-01
2.2301236540790814e+00 -1.3542131850334418e-01
2.2307072731092696e+00 -1.3552757387454087e-01
2.2312908921394579e+00 -1.3563341759718564e-01
2.2318745111696465e+00 -1.3573885050304232e-01
2.2324581301998347e+00 -1.3584387342243201e-01
2.2330417492300230e+00 -1.3594848718423558e-01
2.2336253682602116e+00 -1.3605269261589667e-01
2.2342089872903999e+00 -1.3615649054342308e-01
2.2347926063205881e+00 -1.3625988179138998e-01
2.2353762253507767e+00 -1.3636286718294149e-01
2.2359598443809650e+00 -1.3646544753979359e-01
2.2365434634111532e+00 -1.3656762368223624e-01
2.2371270824413418e+00 -1.3666939642913592e-01
2.2377107014715301e+00 -1.3677076659793722e-01
2.2382943205017183e+00 -1.3687173500466626e-01
2.2388779395319069e+00 -1.3697230246393238e-01
2.2394615585620952e+00 -1.3707246978893026e-01
2.2400451775922834e+00 -1.3717223779144269e-01
2.2406287966224721e+00 -1.3727160728184296e-01
2.2412124156526603e+00 -1.3737057906909636e-01
2.2417960346828485e+00 -1.3746915396076351e-01
2.2423796537130372e+00 -1.3756733276300206e-01
2.2429632727432254e+00 -1.3766511628056907e-01
2.2435468917734136e+00 -1.3776250531682327e-01
2.2441305108036023e+00 -1.3785950067372763e-01
2.2447141298337909e+00 -1.3795610315185136e-01
2.2452977488639787e+00 -1.3805231355037195e-01
2.2458813678941674e+00 -1.3814813266707837e-01
2.2464649869243560e+00 -1.3824356129837237e-01
2.2470486059545438e+00 -1.3833860023927103e-01
2.2476322249847325e+00 -1.3843325028340944e-01
2.2482158440149211e+00 -1.3852751222304244e-01
2.2487994630451094e+00 -1.3862138684904698e-01
2.2493830820752976e+00 -1.3871487495092474e-01
2.2499667011054862e+00 -1.3880797731680405e-01
2.2505503201356745e+00 -1.3890069473344194e-01
2.2511339391658627e+00 -1.3899302798622709e-01
2.2517175581960513e+00 -1.3908497785918128e-01
2.2523011772262396e+00 -1.3917654513496211e-01
2.2528847962564278e+00 -1.3926773059486514e-01
2.2534684152866165e+00 -1.3935853501882617e-01
2.2540520343168047e+00 -1.3944895918542308e-01
2.2546356533469929e+00 -1.3953900387187862e-01
2.2552192723771816e+00 -1.3962866985406244e-01
2.2558028914073698e+00 -1.3971795790649291e-01
2.2563865104375580e+00 -1.3980686880233992e-01
2.2569701294677467e+00 -1.3989540331342681e-01
2.2575537484979349e+00 -1.3998356221023253e-01
2.2581373675281231e+00 -1.4007134626189380e-01
2.2587209865583118e+00 -1.4015875623620769e-01
2.2593046055885000e+00 -1.4024579289963332e-01
2.2598882246186882e+00 -1.4033245701729433e-01
2.2604718436488769e+00 -1.4041874935298107e-01
2.2610554626790655e+00 -1.4050467066915270e-01
2.2616390817092533e+00 -1.4059022172693919e-01
2.2622227007394420e+00 -1.4067540328614417e-01
2.2628063197696306e+00 -1.4076021610524622e-01
2.2633899387998184e+00 -1.4084466094140155e-01
2.2639735578300071e+00 -1.4092873855044633e-01
2.2645571768601958e+00 -1.4101244968689827e-01
2.2651407958903840e+00 -1.4109579510395923e-01
2.2657244149205722e+00 -1.4117877555351740e-01
2.2663080339507609e+00 -1.4126139178614922e-01
2.2668916529809491e+00 -1.4134364455112147e-01
2.2674752720111373e+00 -1.4142553459639390e-01
2.2680588910413260e+00 -1.4150706266862076e-01
2.2686425100715142e+00 -1.4158822951315325e-01
2.2692261291017024e+00 -1.4166903587404187e-01
2.2698097481318911e+00 -1.4174948249403821e-01
2.2703933671620793e+00 -1.4182957011459690e-01
2.2709769861922675e+00 -1.4190929947587841e-01
2.2715606052224562e+00 -1.4198867131675078e-01
2.2721442242526444e+00 -1.4206768637479136e-01
2.2727278432828326e+00 -1.4214634538628962e-01
2.2733114623130213e+00 -1.4222464908624902e-01
2.2738950813432095e+00 -1.4230259820838886e-01
2.2744787003733977e+00 -1.4238019348514655e-01
2.2750623194035864e+00 -1.4245743564768004e-01
2.2756459384337746e+00 -1.4253432542586927e-01
2.2762295574639628e+00 -1.4261086354831884e-01
2.2768131764941515e+00 -1.4268705074235993e-01
2.2773967955243402e+00 -1.4276288773405207e-01
2.2779804145545279e+00 -1.4283837524818568e-01
2.2785640335847166e+00 -1.4291351400828406e-01
2.2791476526149053e+00 -1.4298830473660529e-01
2.2797312716450930e+00 -1.4306274815414416e-01
2.2803148906752817e+00 -1.4313684498063503e-01
2.2808985097054704e+00 -1.4321059593455282e-01
2.2814821287356581e+00 -1.4328400173311573e-01
2.2820657477658468e+00 -1.4335706309228755e-01
2.2826493667960355e+00 -1.4342978072677881e-01
2.2832329858262237e+00 -1.4350215535004970e-01
2.2838166048564119e+00 -1.4357418767431168e-01
2.2844002238866006e+00 -1.4364587841052984e-01
2.2849838429167888e+00 -1.4371722826842440e-01
2.2855674619469770e+00 -1.4378823795647339e-01
2.2861510809771657e+00 -1.4385890818191444e-01
2.2867347000073539e+00 -1.4392923965074647e-01
2.2873183190375421e+00 -1.4399923306773235e-01
2.2879019380677308e+00 -1.4406888913640054e-01
2.2884855570979190e+00 -1.4413820855904708e-01
2.2890691761281072e+00 -1.4420719203673782e-01
2.2896527951582959e+00 -1.4427584026931040e-01
2.2902364141884841e+00 -1.4434415395537617e-01
2.2908200332186723e+00 -1.4441213379232212e-01
2.2914036522488610e+00 -1.4447978047631327e-01
2.2919872712790492e+00 -1.4454709470229418e-01
2.2925708903092374e+00 -1.4461407716399144e-01
2.2931545093394261e+00 -1.4468072855391526e-01
2.2937381283696143e+00 -1.4474704956336165e-01
2.2943217473998025e+00 -1.4481304088241459e-01
2.2949053664299912e+00 -1.4487870319994764e-01
2.2954889854601799e+00 -1.4494403720362617e-01
2.2960726044903677e+00 -1.4500904357990932e-01
2.2966562235205563e+00 -1.4507372301405208e-01
2.2972398425507450e+00 -1.4513807619010696e-01
2.2978234615809328e+00 -1.4520210379092624e-01
2.2984070806111214e+00 -1.4526580649816401e-01
2.2989906996413101e+00 -1.4532918499227776e-01
2.2995743186714983e+00 -1.4539223995253067e-01
2.3001579377016865e+00 -1.4545497205699348e-01
2.3007415567318752e+00 -1.4551738198254657e-01
2.3013251757620634e+00 -1.4557947040488159e-01
2.3019087947922516e+00 -1.4564123799850373e-01
2.3024924138224403e+00 -1.4570268543673376e-01
2.3030760328526285e+00 -1.4576381339170930e-01
2.3036596518828167e+00 -1.4582462253438769e-01
2.3042432709130054e+00 -1.4588511353454731e-01
2.3048268899431936e+00 -1.4594528706078974e-01
2.3054105089733818e+00 -1.4600514378054158e-01
2.3059941280035705e+00 -1.4606468436005657e-01
2.3065777470337587e+00 -1.4612390946441728e-01
2.3071613660639470e+00 -1.4618281975753725e-01
2.3077449850941356e+00 -1.4624141590216277e-01
2.3083286041243238e+00 -1.4629969855987485e-01
2.3089122231545121e+00 -1.4635766839109124e-01
2.3094958421847007e+00 -1.4641532605506810e-01
2.3100794612148889e+00 -1.4647267220990204e-01
2.3106630802450772e+00 -1.4652970751253228e-01
2.3112466992752658e+00 -1.4658643261874202e-01
2.3118303183054545e+00 -1.4664284818316081e-01
2.3124139373356423e+00 -1.4669895485926615e-01
2.3129975563658309e+00 -1.4675475329938581e-01
2.3135811753960196e+00 -1.4681024415469898e-01
2.3141647944262074e+00 -1.4686542807523884e-01
2.3147484134563960e+00 -1.4692030570989439e-01
2.3153320324865847e+00 -1.4697487770641171e-01
2.3159156515167729e+00 -1.4702914471139666e-01
2.3164992705469611e+00 -1.4708310737031621e-01
2.3170828895771498e+00 -1.4713676632750061e-01
2.3176665086073380e+00 -1.4719012222614489e-01
2.3182501276375262e+00 -1.4724317570831116e-01
2.3188337466677149e+00 -1.4729592741493042e-01
2.3194173656979031e+00 -1.4734837798580394e-01
2.3200009847280914e+00 -1.4740052805960568e-01
2.3205846037582800e+00 -1.4745237827388405e-01
2.3211682227884682e+00 -1.4750392926506337e-01
2.3217518418186565e+00 -1.4755518166844622e-01
2.3223354608488451e+00 -1.4760613611821502e-01
2.3229190798790333e+00 -1.4765679324743378e-01
2.3235026989092216e+00 -1.4770715368805032e-01
2.3240863179394102e+00 -1.4775721807089773e-01
2.3246699369695984e+00 -1.4780698702569633e-01
2.3252535559997867e+00 -1.4785646118105561e-01
2.3258371750299753e+00 -1.4790564116447591e-01
2.3264207940601636e+00 -1.4795452760235031e-01
2.3270044130903518e+00 -1.4800312111996647e-01
2.3275880321205404e+00 -1.4805142234150856e-01
2.3281716511507287e+00 -1.4809943189005864e-01
2.3287552701809169e+00 -1.4814715038759910e-01
2.3293388892111055e+00 -1.4819457845501396e-01
2.3299225082412942e+00 -1.4824171671209102e-01
2.3305061272714820e+00 -1.4828856577752331e-01
2.3310897463016707e+00 -1.4833512626891146e-01
2.3316733653318593e+00 -1.4838139880276494e-01
2.3322569843620471e+00 -1.4842738399450384e-01
2.3328406033922358e+00 -1.4847308245846133e-01
2.3334242224224244e+00 -1.4851849480788484e-01
2.3340078414526126e+00 -1.4856362165493786e-01
2.3345914604828009e+00 -1.4860846361070210e-01
2.3351750795129895e+00 -1.4865302128517907e-01
2.3357586985431777e+00 -1.4869729528729170e-01
2.3363423175733660e+00 -1.4874128622488639e-01
2.3369259366035546e+00 -1.4878499470473464e-01
2.3375095556337429e+00 -1.4882842133253482e-01
2.3380931746639311e+00 -1.4887156671291399e-01
2.3386767936941197e+00 -1.4891443144942978e-01
2.3392604127243080e+00 -1.4895701614457174e-01
2.3398440317544962e+00 -1.4899932139976363e-01
2.3404276507846848e+00 -1.4904134781536485e-01
2.3410112698148731e+00 -1.4908309599067221e-01
2.3415948888450613e+00 -1.4912456652392184e-01
2.3421785078752499e+00 -1.4916576001229087e-01
2.3427621269054382e+00 -1.4920667705189897e-01
2.3433457459356264e+00 -1.4924731823781046e-01
2.3439293649658151e+00 -1.4928768416403596e-01
2.3445129839960033e+00 -1.4932777542353362e-01
2.3450966030261915e+00 -1.4936759260821178e-01
2.3456802220563802e+00 -1.4940713630892988e-01
2.3462638410865688e+00 -1.4944640711550058e-01
2.3468474601167566e+00 -1.4948540561669146e-01
2.3474310791469453e+00 -1.4952413240022663e-01
2.3480146981771339e+00 -1.4956258805278871e-01
2.3485983172073217e+00 -1.4960077316001996e-01
2.3491819362375104e+00 -1.4963868830652485e-01
2.3497655552676990e+00 -1.4967633407587108e-01
2.3503491742978873e+00 -1.4971371105059147e-01
2.3509327933280755e+00 -1.4975081981218599e-01
2.3515164123582641e+00 -1.4978766094112295e-01
2.3521000313884524e+00 -1.4982423501684106e-01
2.3526836504186406e+00 -1.4986054261775103e-01
2.3532672694488292e+00 -1.4989658432123731e-01
2.3538508884790175e+00 -1.4993236070365965e-01
2.3544345075092057e+00 -1.4996787234035489e-01
2.3550181265393944e+00 -1.5000311980563871e-01
2.3556017455695826e+00 -1.5003810367280720e-01
2.3561853645997708e+00 -1.5007282451413864e-01
2.3567689836299595e+00 -1.5010728290089506e-01
2.3573526026601477e+00 -1.5014147940332401e-01
2.3579362216903359e+00 -1.5017541459066022e-01
2.3585198407205246e+00 -1.5020908903112740e-01
2.3591034597507128e+00 -1.5024250329193947e-01
2.3596870787809010e+00 -1.5027565793930286e-01
2.3602706978110897e+00 -1.5030855353841774e-01
2.3608543168412779e+00 -1.5034119065347962e-01
2.3614379358714661e+00 -1.5037356984768147e-01
2.3620215549016548e+00 -1.5040569168321496e-01
2.3626051739318434e+00 -1.5043755672127221e-01
2.3631887929620312e+00 -1.5046916552204742e-01
2.3637724119922199e+00 -1.5050051864473882e-01
2.3643560310224085e+00 -1.5053161664754991e-01
2.3649396500525963e+00 -1.5056246008769114e-01
2.3655232690827850e+00 -1.5059304952138192e-01
2.3661068881129736e+00 -1.5062338550385196e-01
2.3666905071431619e+00 -1.5065346858934275e-01
2.3672741261733501e+00 -1.5068329933110969e-01
2.3678577452035388e+00 -1.5071287828142330e-01
2.3684413642337270e+00 -1.5074220599157095e-01
2.3690249832639152e+00 -1.5077128301185858e-01
2.3696086022941039e+00 -1.5080010989161230e-01
2.3701922213242921e+00 -1.5082868717917988e-01
2.3707758403544803e+00 -1.5085701542193253e-01
2.3713594593846690e+00 -1.5088509516626639e-01
2.3719430784148572e+00 -1.5091292695760417e-01
2.3725266974450454e+00 -1.5094051134039690e-01
2.3731103164752341e+00 -1.5096784885812539e-01
2.3736939355054223e+00 -1.5099494005330183e-01
2.3742775545356105e+00 -1.5102178546747139e-01
2.3748611735657992e+00 -1.5104838564121398e-01
2.3754447925959874e+00 -1.5107474111414565e-01
2.3760284116261756e+00 -1.5110085242492022e-01
2.3766120306563643e+00 -1.5112672011123107e-01
2.3771956496865525e+00 -1.5115234470981240e-01
2.3777792687167407e+00 -1.5117772675644109e-01
2.3783628877469294e+00 -1.5120286678593822e-01
2.3789465067771176e+00 -1.5122776533217050e-01
2.3795301258073058e+00 -1.5125242292805197e-01
2.3801137448374945e+00 -1.5127684010554573e-01
2.3806973638676832e+00 -1.5130101739566526e-01
2.3812809828978709e+00 -1.5132495532847592e-01
2.3818646019280596e+00 -1.5134865443309700e-01
2.3824482209582483e+00 -1.5137211523770286e-01
2.3830318399884360e+00 -1.5139533826952439e-01
2.3836154590186247e+00 -1.5141832405485114e-01
2.3841990780488134e+00 -1.5144107311903229e-01
2.3847826970790016e+00 -1.5146358598647855e-01
2.3853663161091898e+00 -1.5148586318066351e-01
2.3859499351393785e+00 -1.5150790522412538e-01
2.3865335541695667e+00 -1.5152971263846851e-01
2.3871171731997549e+00 -1.5155128594436471e-01
2.3877007922299436e+00 -1.5157262566155505e-01
2.3882844112601318e+00 -1.5159373230885129e-01
2.3888680302903200e+00 -1.5161460640413751e-01
2.3894516493205087e+00 -1.5163524846437151e-01
2.3900352683506969e+00 -1.5165565900558639e-01
2.3906188873808851e+00 -1.5167583854289221e-01
2.3912025064110738e+00 -1.5169578759047736e-01
2.3917861254412620e+00 -1.5171550666160999e-01
2.3923697444714502e+00 -1.5173499626864001e-01
2.3929533635016389e+00 -1.5175425692300001e-01
2.3935369825318271e+00 -1.5177328913520710e-01
2.3941206015620153e+00 -1.5179209341486455e-01
2.3947042205922040e+00 -1.5181067027066289e-01
2.3952878396223922e+00 -1.5182902021038194e-01
2.3958714586525804e+00 -1.5184714374089181e-01
2.3964550776827691e+00 -1.5186504136815479e-01
2.3970386967129578e+00 -1.5188271359722674e-01
2.3976223157431455e+00 -1.5190016093225842e-01
2.3982059347733342e+00 -1.5191738387649717e-01
2.3987895538035229e+00 -1.5193438293228859e-01
2.3993731728337107e+00 -1.5195115860107750e-01
2.3999567918638993e+00 -1.5196771138340998e-01
2.4005404108940880e+00 -1.5198404177893457e-01
2.4011240299242762e+00 -1.5200015028640371e-01
2.4017076489544644e+00 -1.5201603740367556e-01
2.4022912679846531e+00 -1.5203170362771509e-01
2.4028748870148413e+00 -1.5204714945459569e-01
2.4034585060450295e+00 -1.5206237537950093e-01
2.4040421250752182e+00 -1.5207738189672559e-01
2.4046257441054064e+00 -1.5209216949967733e-01
2.4052093631355946e+00 -1.5210673868087835e-01
2.4057929821657833e+00 -1.5212108993196644e-01
2.4063766011959715e+00 -1.5213522374369692e-01
2.4069602202261597e+00 -1.5214914060594373e-01
2.4075438392563484e+00 -1.5216284100770111e-01
2.4081274582865366e+00 -1.5217632543708490e-01
2.4087110773167248e+00 -1.5218959438133420e-01
2.4092946963469135e+00 -1.5220264832681252e-01
2.4098783153771017e+00 -1.5221548775900962e-01
2.4104619344072900e+00 -1.5222811316254273e-01
2.4110455534374786e+00 -1.5224052502115790e-01
2.4116291724676668e+00 -1.5225272381773169e-01
2.4122127914978551e+00 -1.5226471003427244e-01
2.4127964105280437e+00 -1.5227648415192183e-01
2.4133800295582319e+00 -1.5228804665095613e-01
2.4139636485884202e+00 -1.5229939801078798e-01
2.4145472676186088e+00 -1.5231053870996744e-01
2.4151308866487975e+00 -1.5232146922618359e-01
2.4157145056789853e+00 -1.5233219003626605e-01
2.4162981247091739e+00 -1.5234270161618621e-01
2.4168817437393626e+00 -1.5235300444105898e-01
2.4174653627695504e+00 -1.5236309898514366e-01
2.4180489817997390e+00 -1.5237298572184599e-01
2.4186326008299277e+00 -1.5238266512371915e-01
2.4192162198601159e+00 -1.5239213766246529e-01
2.4197998388903041e+00 -1.5240140380893699e-01
2.4203834579204928e+00 -1.5241046403313863e-01
2.4209670769506810e+00 -1.5241931880422779e-01
2.4215506959808692e+00 -1.5242796859051672e-01
2.4221343150110579e+00 -1.5243641385947368e-01
2.4227179340412461e+00 -1.5244465507772423e-01
2.4233015530714344e+00 -1.5245269271105291e-01
2.4238851721016230e+00 -1.5246052722440456e-01
2.4244687911318112e+00 -1.5246815908188535e-01
2.4250524101619995e+00 -1.5247558874676473e-01
2.4256360291921881e+00 -1.5248281668147654e-01
2.4262196482223763e+00 -1.5248984334762025e-01
2.4268032672525646e+00 -1.5249666920596261e-01
2.4273868862827532e+00 -1.5250329471643900e-01
2.4279705053129415e+00 -1.5250972033815463e-01
2.4285541243431297e+00 -1.5251594652938616e-01
2.4291377433733183e+00 -1.5252197374758283e-01
2.4297213624035066e+00 -1.5252780244936803e-01
2.4303049814336948e+00 -1.5253343309054068e-01
2.4308886004638834e+00 -1.5253886612607637e-01
2.4314722194940721e+00 -1.5254410201012900e-01
2.4320558385242599e+00 -1.5254914119603200e-01
2.4326394575544485e+00 -1.5255398413629973e-01
2.4332230765846372e+00 -1.5255863128262881e-01
2.4338066956148250e+00 -1.5256308308589964e-01
2.4343903146450137e+00 -1.5256733999617741e-01
2.4349739336752023e+00 -1.5257140246271383e-01
2.4355575527053905e+00 -1.5257527093394840e-01
2.4361411717355788e+00 -1.5257894585750942e-01
2.4367247907657674e+00 -1.5258242768021585e-01
2.4373084097959556e+00 -1.5258571684807834e-01
2.4378920288261439e+00 -1.5258881380630063e-01
2.4384756478563325e+00 -1.5259171899928101e-01
2.4390592668865207e+00 -1.5259443287061339e-01
2.4396428859167090e+00 -1.5259695586308891e-01
2.4402265049468976e+00 -1.5259928841869730e-01
2.4408101239770859e+00 -1.5260143097862783e-01
2.4413937430072741e+00 -1.5260338398327117e-01
2.4419773620374627e+00 -1.5260514787222026e-01
2.4425609810676510e+00 -1.5260672308427201e-01
2.4431446000978392e+00 -1.5260811005742822e-01
2.4437282191280278e+00 -1.5260930922889734e-01
2.4443118381582161e+00 -1.5261032103509550e-01
2.4448954571884043e+00 -1.5261114591164798e-01
2.4454790762185930e+00 -1.5261178429339031e-01
2.4460626952487812e+00 -1.5261223661436987e-01
2.4466463142789694e+00 -1.5261250330784706e-01
2.4472299333091581e+00 -1.5261258480629655e-01
2.4478135523393467e+00 -1.5261248154140875e-01
2.4483971713695345e+00 -1.5261219394409092e-01
2.4489807903997232e+00 -1.5261172244446866e-01
2.4495644094299118e+00 -1.5261106747188713e-01
2.4501480284600996e+00 -1.5261022945491229e-01
2.4507316474902883e+00 -1.5260920882133230e-01
2.4513152665204769e+00 -1.5260800599815882e-01
2.4518988855506652e+00 -1.5260662141162820e-01
2.4524825045808534e+00 -1.5260505548720285e-01
2.4530661236110420e+00 -1.5260330864957253e-01
2.4536497426412303e+00 -1.5260138132265558e-01
2.4542333616714185e+00 -1.5259927392960035e-01
2.4548169807016071e+00 -1.5259698689278620e-01
2.4554005997317954e+00 -1.5259452063382517e-01
2.4559842187619836e+00 -1.5259187557356288e-01
2.4565678377921722e+00 -1.5258905213208004e-01
2.4571514568223605e+00 -1.5258605072869375e-01
2.4577350758525487e+00 -1.5258287178195856e-01
2.4583186948827374e+00 -1.5257951570966793e-01
2.4589023139129256e+00 -1.5257598292885544e-01
2.4594859329431138e+00 -1.5257227385579605e-01
2.4600695519733025e+00 -1.5256838890600738e-01
2.4606531710034907e+00 -1.5256432849425094e-01
2.4612367900336789e+00 -1.5256009303453347e-01
2.4618204090638676e+00 -1.5255568294010804e-01
2.4624040280940558e+00 -1.5255109862347555e-01
2.4629876471242440e+00 -1.5254634049638571e-01
2.4635712661544327e+00 -1.5254140896983862e-01
2.4641548851846209e+00 -1.5253630445408559e-01
2.4647385042148091e+00 -1.5253102735863075e-01
2.4653221232449978e+00 -1.5252557809223230e-01
2.4659057422751864e+00 -1.5251995706290342e-01
2.4664893613053742e+00 -1.5251416467791384e-01
2.4670729803355629e+00 -1.5250820134379098e-01
2.4676565993657515e+00 -1.5250206746632111e-01
2.4682402183959393e+00 -1.5249576345055071e-01
2.4688238374261280e+00 -1.5248928970078762e-01
2.4694074564563167e+00 -1.5248264662060229e-01
2.4699910754865049e+00 -1.5247583461282910e-01
2.4705746945166931e+00 -1.5246885407956740e-01
2.4711583135468818e+00 -1.5246170542218293e-01
2.4717419325770700e+00 -1.5245438904130895e-01
2.4723255516072582e+00 -1.5244690533684740e-01
2.4729091706374469e+00 -1.5243925470797037e-01
2.4734927896676351e+00 -1.5243143755312100e-01
2.4740764086978233e+00 -1.5242345427001486e-01
2.4746600277280120e+00 -1.5241530525564123e-01
2.4752436467582002e+00 -1.5240699090626417e-01
2.4758272657883884e+00 -1.5239851161742379e-01
2.4764108848185771e+00 -1.5238986778393754e-01
2.4769945038487653e+00 -1.5238105979990124e-01
2.4775781228789535e+00 -1.5237208805869046e-01
2.4781617419091422e+00 -1.5236295295296159e-01
2.4787453609393304e+00 -1.5235365487465324e-01
2.4793289799695186e+00 -1.5234419421498716e-01
2.4799125989997073e+00 -1.5233457136446962e-01
2.4804962180298955e+00 -1.5232478671289257e-01
2.4810798370600837e+00 -1.5231484064933487e-01
2.4816634560902724e+00 -1.5230473356216345e-01
2.4822470751204611e+00 -1.5229446583903439e-01
2.4828306941506488e+00 -1.5228403786689437e-01
2.4834143131808375e+00 -1.5227345003198151e-01
2.4839979322110262e+00 -1.5226270271982692e-01
2.4845815512412139e+00 -1.5225179631525562e-01
2.4851651702714026e+00 -1.5224073120238779e-01
2.4857487893015913e+00 -1.5222950776464000e-01
2.4863324083317795e+00 -1.5221812638472640e-01
2.4869160273619677e+00 -1.5220658744465973e-01
2.4874996463921564e+00 -1.5219489132575270e-01
2.4880832654223446e+00 -1.5218303840861905e-01
2.4886668844525328e+00 -1.5217102907317478e-01
2.4892505034827215e+00 -1.5215886369863912e-01
2.4898341225129097e+00 -1.5214654266353608e-01
2.4904177415430979e+00 -1.5213406634569518e-01
2.4910013605732866e+00 -1.5212143512225298e-01
2.4915849796034748e+00 -1.5210864936965407e-01
2.4921685986336630e+00 -1.5209570946365203e-01
2.4927522176638517e+00 -1.5208261577931106e-01
2.4933358366940399e+00 -1.5206936869100673e-01
2.4939194557242281e+00 -1.5205596857242726e-01
2.4945030747544168e+00 -1.5204241579657474e-01
2.4950866937846050e+00 -1.5202871073576621e-01
2.4956703128147932e+00 -1.5201485376163479e-01
2.4962539318449819e+00 -1.5200084524513077e-01
2.4968375508751701e+00 -1.5198668555652309e-01
2.4974211699053583e+00 -1.5197237506539996e-01
2.4980047889355470e+00 -1.5195791414067036e-01
2.4985884079657357e+00 -1.5194330315056512e-01
2.4991720269959234e+00 -1.5192854246263801e-01
2.4997556460261121e+00 -1.5191363244376682e-01
2.5003392650563008e+00 -1.5189857346015459e-01
2.5009228840864886e+00 -1.5188336587733081e-01
2.5015065031166772e+00 -1.5186801006015224e-01
2.5020901221468659e+00 -1.5185250637280437e-01
2.5026737411770537e+00 -1.5183685517880247e-01
2.5032573602072423e+00 -1.5182105684099248e-01
2.5038409792374310e+00 -1.5180511172155250e-01
2.5044245982676192e+00 -1.5178902018199356e-01
2.5050082172978074e+00 -1.5177278258316107e-01
2.5055918363279961e+00 -1.5175639928523560e-01
2.5061754553581843e+00 -1.5173987064773420e-01
2.5067590743883725e+00 -1.5172319702951156e-01
2.5073426934185612e+00 -1.5170637878876095e-01
2.5079263124487494e+00 -1.5168941628301541e-01
2.5085099314789376e+00 -1.5167230986914887e-01
2.5090935505091263e+00 -1.5165505990337727e-01
2.5096771695393145e+00 -1.5163766674125956e-01
2.5102607885695027e+00 -1.5162013073769898e-01
2.5108444075996914e+00 -1.5160245224694396e-01
2.5114280266298796e+00 -1.5158463162258931e-01
2.5120116456600678e+00 -1.5156666921757750e-01
2.5125952646902565e+00 -1.5154856538419928e-01
2.5131788837204447e+00 -1.5153032047409537e-01
2.5137625027506330e+00 -1.5151193483825703e-01
2.5143461217808216e+00 -1.5149340882702744e-01
2.5149297408110098e+00 -1.5147474279010273e-01
2.5155133598411981e+00 -1.5145593707653310e-01
2.5160969788713867e+00 -1.5143699203472369e-01
2.5166805979015754e+00 -1.5141790801243599e-01
2.5172642169317632e+00 -1.5139868535678877e-01
2.5178478359619518e+00 -1.5137932441425891e-01
2.5184314549921405e+00 -1.5135982553068306e-01
2.5190150740223283e+00 -1.5134018905125809e-01
2.5195986930525169e+00 -1.5132041532054258e-01
2.5201823120827056e+00 -1.5130050468245768e-01
2.5207659311128938e+00 -1.5128045748028832e-01
2.5213495501430820e+00 -1.5126027405668419e-01
2.5219331691732707e+00 -1.5123995475366084e-01
2.5225167882034589e+00 -1.5121949991260070e-01
2.5231004072336471e+00 -1.5119890987425413e-01
2.5236840262638358e+00 -1.5117818497874067e-01
2.5242676452940240e+00 -1.5115732556554992e-01
2.5248512643242123e+00 -1.5113633197354251e-01
2.5254348833544009e+00 -1.5111520454095143e-01
2.5260185023845891e+00 -1.5109394360538286e-01
2.5266021214147774e+00 -1.5107254950381732e-01
2.5271857404449660e+00 -1.5105102257261069e-01
2.5277693594751542e+00 -1.5102936314749529e-01
2.5283529785053425e+00 -1.5100757156358097e-01
2.5289365975355311e+00 -1.5098564815535592e-01
2.5295202165657193e+00 -1.5096359325668809e-01
2.5301038355959076e+00 -1.5094140720082591e-01
2.5306874546260962e+00 -1.5091909032039946e-01
2.5312710736562845e+00 -1.5089664294742156e-01
2.5318546926864727e+00 -1.5087406541328871e-01
2.5324383117166613e+00 -1.5085135804878214e-01
2.5330219307468500e+00 -1.5082852118406895e-01
2.5336055497770378e+00 -1.5080555514870306e-01
2.5341891688072264e+00 -1.5078246027162615e-01
2.5347727878374151e+00 -1.5075923688116882e-01
2.5353564068676029e+00 -1.5073588530505166e-01
2.5359400258977915e+00 -1.5071240587038612e-01
2.5365236449279802e+00 -1.5068879890367565e-01
2.5371072639581684e+00 -1.5066506473081659e-01
2.5376908829883567e+00 -1.5064120367709954e-01
2.5382745020185453e+00 -1.5061721606720982e-01
2.5388581210487335e+00 -1.5059310222522895e-01
2.5394417400789218e+00 -1.5056886247463550e-01
2.5400253591091104e+00 -1.5054449713830612e-01
2.5406089781392986e+00 -1.5052000653851652e-01
2.5411925971694869e+00 -1.5049539099694248e-01
2.5417762161996755e+00 -1.5047065083466102e-01
2.5423598352298638e+00 -1.5044578637215111e-01
2.5429434542600520e+00 -1.5042079792929497e-01
2.5435270732902406e+00 -1.5039568582537882e-01
2.5441106923204289e+00 -1.5037045037909422e-01
2.5446943113506171e+00 -1.5034509190853859e-01
2.5452779303808057e+00 -1.5031961073121669e-01
2.5458615494109940e+00 -1.5029400716404134e-01
2.5464451684411822e+00 -1.5026828152333457e-01
2.5470287874713708e+00 -1.5024243412482832e-01
2.5476124065015591e+00 -1.5021646528366583e-01
2.5481960255317473e+00 -1.5019037531440244e-01
2.5487796445619360e+00 -1.5016416453100648e-01
2.5493632635921242e+00 -1.5013783324686045e-01
2.5499468826223124e+00 -1.5011138177476199e-01
2.5505305016525011e+00 -1.5008481042692459e-01
2.5511141206826897e+00 -1.5005811951497902e-01
2.5516977397128775e+00 -1.5003130934997391e-01
2.5522813587430662e+00 -1.5000438024237694e-01
2.5528649777732548e+00 -1.4997733250207582e-01
2.5534485968034426e+00 -1.4995016643837919e-01
2.5540322158336313e+00 -1.4992288236001761e-01
2.5546158348638199e+00 -1.4989548057514454e-01
2.5551994538940082e+00 -1.4986796139133743e-01
2.5557830729241964e+00 -1.4984032511559847e-01
2.5563666919543850e+00 -1.4981257205435575e-01
2.5569503109845733e+00 -1.4978470251346407e-01
2.5575339300147615e+00 -1.4975671679820615e-01
2.5581175490449501e+00 -1.4972861521329323e-01
2.5587011680751384e+00 -1.4970039806286639e-01
2.5592847871053266e+00 -1.4967206565049734e-01
2.5598684061355153e+00 -1.4964361827918934e-01
2.5604520251657035e+00 -1.4961505625137828e-01
2.5610356441958917e+00 -1.4958637986893358e-01
2.5616192632260804e+00 -1.4955758943315905e-01
2.5622028822562686e+00 -1.4952868524479410e-01
2.5627865012864568e+00 -1.4949966760401437e-01
2.5633701203166455e+00 -1.4947053681043296e-01
2.5639537393468337e+00 -1.4944129316310115e-01
2.5645373583770219e+00 -1.4941193696050961e-01
2.5651209774072106e+00 -1.4938246850058903e-01
2.5657045964373988e+00 -1.4935288808071137e-01
2.5662882154675870e+00 -1.4932319599769056e-01
2.5668718344977757e+00 -1.4929339254778359e-01
2.5674554535279643e+00 -1.4926347802669140e-01
2.5680390725581521e+00 -1.4923345272955987e-01
2.5686226915883408e+00 -1.4920331695098063e-01
2.5692063106185294e+00 -1.4917307098499213e-01
2.5697899296487172e+00 -1.4914271512508051e-01
2.5703735486789059e+00 -1.4911224966418052e-01
2.5709571677090945e+00 -1.4908167489467647e-01
2.5715407867392828e+00 -1.4905099110840334e-01
2.5721244057694710e+00 -1.4902019859664725e-01
2.5727080247996597e+00 -1.4898929765014687e-01
2.5732916438298479e+00 -1.4895828855909407e-01
2.5738752628600361e+00 -1.4892717161313493e-01
2.5744588818902248e+00 -1.4889594710137063e-01
2.5750425009204130e+00 -1.4886461531235851e-01
2.5756261199506012e+00 -1.4883317653411274e-01
2.5762097389807899e+00 -1.4880163105410532e-01
2.5767933580109781e+00 -1.4876997915926732e-01
2.5773769770411663e+00 -1.4873822113598922e-01
2.5779605960713550e+00 -1.4870635727012224e-01
2.5785442151015432e+00 -1.4867438784697917e-01
2.5791278341317314e+00 -1.4864231315133519e-01
2.5797114531619201e+00 -1.4861013346742891e-01
2.5802950721921083e+00 -1.4857784907896310e-01
2.5808786912222965e+00 -1.4854546026910581e-01
2.5814623102524852e+00 -1.4851296732049105e-01
2.5820459292826734e+00 -1.4848037051521989e-01
2.5826295483128616e+00 -1.4844767013486129e-01
2.5832131673430503e+00 -1.4841486646045285e-01
2.5837967863732390e+00 -1.4838195977250204e-01
2.5843804054034267e+00 -1.4834895035098677e-01
2.5849640244336154e+00 -1.4831583847535645e-01
2.5855476434638041e+00 -1.4828262442453288e-01
2.5861312624939918e+00 -1.4824930847691115e-01
2.5867148815241805e+00 -1.4821589091036028e-01
2.5872985005543692e+00 -1.4818237200222467e-01
2.5878821195845574e+00 -1.4814875202932443e-01
2.5884657386147456e+00 -1.4811503126795650e-01
2.5890493576449343e+00 -1.4808120999389554e-01
2.5896329766751225e+00 -1.4804728848239485e-01
2.5902165957053107e+00 -1.4801326700818709e-01
2.5908002147354994e+00 -1.4797914584548535e-01
2.5913838337656876e+00 -1.4794492526798395e-01
2.5919674527958758e+00 -1.4791060554885924e-01
2.5925510718260645e+00 -1.4787618696077062e-01
2.5931346908562527e+00 -1.4784166977586136e-01
2.5937183098864409e+00 -1.4780705426575941e-01
2.5943019289166296e+00 -1.4777234070157835e-01
2.5948855479468178e+00 -1.4773752935391826e-01
2.5954691669770060e+00 -1.4770262049286653e-01
2.5960527860071947e+00 -1.4766761438799877e-01
2.5966364050373829e+00 -1.4763251130837979e-01
2.5972200240675711e+00 -1.4759731152256406e-01
2.5978036430977598e+00 -1.4756201529859719e-01
2.5983872621279480e+00 -1.4752662290401633e-01
2.5989708811581362e+00 -1.4749113460585112e-01
2.5995545001883249e+00 -1.4745555067062463e-01
2.6001381192185131e+00 -1.4741987136435425e-01
2.6007217382487013e+00 -1.4738409695255245e-01
2.6013053572788900e+00 -1.4734822770022757e-01
2.6018889763090787e+00 -1.4731226387188495e-01
2.6024725953392664e+00 -1.4727620573152753e-01
2.6030562143694551e+00 -1.4724005354265668e-01
2.6036398333996438e+00 -1.4720380756827331e-01
2.6042234524298316e+00 -1.4716746807087858e-01
2.6048070714600202e+00 -1.4713103531247448e-01
2.6053906904902089e+00 -1.4709450955456516e-01
2.6059743095203971e+00 -1.4705789105815750e-01
2.6065579285505853e+00 -1.4702118008376194e-01
2.6071415475807740e+00 -1.4698437689139335e-01
2.6077251666109622e+00 -1.4694748174057204e-01
2.6083087856411504e+00 -1.4691049489032429e-01
2.6088924046713391e+00 -1.4687341659918343e-01
2.6094760237015273e+00 -1.4683624712519058e-01
2.6100596427317155e+00 -1.4679898672589559e-01
2.6106432617619042e+00 -1.4676163565835765e-01
2.6112268807920924e+00 -1.4672419417914637e-01
2.6118104998222806e+00 -1.4668666254434246e-01
2.6123941188524693e+00 -1.4664904100953860e-01
2.6129777378826575e+00 -1.4661132982984035e-01
2.6135613569128457e+00 -1.4657352925986675e-01
2.6141449759430344e+00 -1.4653563955375143e-01
2.6147285949732226e+00 -1.4649766096514330e-01
2.6153122140034109e+00 -1.4645959374720724e-01
2.6158958330335995e+00 -1.4642143815262521e-01
2.6164794520637877e+00 -1.4638319443359687e-01
2.6170630710939760e+00 -1.4634486284184042e-01
2.6176466901241646e+00 -1.4630644362859341e-01
2.6182303091543533e+00 -1.4626793704461369e-01
2.6188139281845411e+00 -1.4622934334018015e-01
2.6193975472147297e+00 -1.4619066276509324e-01
2.6199811662449184e+00 -1.4615189556867647e-01
2.6205647852751062e+00 -1.4611304199977651e-01
2.6211484043052948e+00 -1.4607410230676435e-01
2.6217320233354835e+00 -1.4603507673753605e-01
2.6223156423656717e+00 -1.4599596553951369e-01
2.6228992613958599e+00 -1.4595676895964591e-01
2.6234828804260486e+00 -1.4591748724440873e-01
2.6240664994562368e+00 -1.4587812063980676e-01
2.6246501184864250e+00 -1.4583866939137349e-01
2.6252337375166137e+00 -1.4579913374417236e-01
2.6258173565468019e+00 -1.4575951394279751e-01
2.6264009755769901e+00 -1.4571981023137465e-01
2.6269845946071788e+00 -1.4568002285356166e-01
2.6275682136373670e+00 -1.4564015205254957e-01
2.6281518326675553e+00 -1.4560019807106334e-01
2.6287354516977439e+00 -1.4556016115136255e-01
2.6293190707279321e+00 -1.4552004153524228e-01
2.6299026897581204e+00 -1.4547983946403381e-01
2.6304863087883090e+00 -1.4543955517860557e-01
2.6310699278184972e+00 -1.4539918891936376e-01
2.6316535468486855e+00 -1.4535874092625325e-01
2.6322371658788741e+00 -1.4531821143875820e-01
2.6328207849090624e+00 -1.4527760069590318e-01
2.6334044039392506e+00 -1.4523690893625354e-01
2.6339880229694392e+00 -1.4519613639791645e-01
2.6345716419996275e+00 -1.4515528331854174e-01
2.6351552610298157e+00 -1.4511434993532238e-01
2.6357388800600043e+00 -1.4507333648499549e-01
2.6363224990901930e+00 -1.4503224320384311e-01
2.6369061181203808e+00 -1.4499107032769301e-01
2.6374897371505694e+00 -1.4494981809191909e-01
2.6380733561807581e+00 -1.4490848673144271e-01
2.6386569752109459e+00 -1.4486707648073324e-01
2.6392405942411346e+00 -1.4482558757380851e-01
2.6398242132713232e+00 -1.4478402024423606e-01
2.6404078323015114e+00 -1.4474237472513374e-01
2.6409914513316997e+00 -1.4470065124917031e-01
2.6415750703618883e+00 -1.4465885004856638e-01
2.6421586893920765e+00 -1.4461697135509516e-01
2.6427423084222648e+00 -1.4457501540008319e-01
2.6433259274524534e+00 -1.4453298241441107e-01
2.6439095464826416e+00 -1.4449087262851432e-01
2.6444931655128299e+00 -1.4444868627238397e-01
2.6450767845430185e+00 -1.4440642357556754e-01
2.6456604035732068e+00 -1.4436408476716964e-01
2.6462440226033950e+00 -1.4432167007585267e-01
2.6468276416335836e+00 -1.4427917972983784e-01
2.6474112606637719e+00 -1.4423661395690565e-01
2.6479948796939601e+00 -1.4419397298439676e-01
2.6485784987241487e+00 -1.4415125703921267e-01
2.6491621177543370e+00 -1.4410846634781665e-01
2.6497457367845252e+00 -1.4406560113623432e-01
2.6503293558147138e+00 -1.4402266163005428e-01
2.6509129748449021e+00 -1.4397964805442931e-01
2.6514965938750903e+00 -1.4393656063407656e-01
2.6520802129052790e+00 -1.4389339959327865e-01
2.6526638319354676e+00 -1.4385016515588434e-01
2.6532474509656554e+00 -1.4380685754530928e-01
2.6538310699958441e+00 -1.4376347698453654e-01
2.6544146890260327e+00 -1.4372002369611769e-01
2.6549983080562205e+00 -1.4367649790217343e-01
2.6555819270864092e+00 -1.4363289982439401e-01
2.6561655461165978e+00 -1.4358922968404045e-01
2.6567491651467861e+00 -1.4354548770194495e-01
2.6573327841769743e+00 -1.4350167409851181e-01
2.6579164032071629e+00 -1.4345778909371787e-01
2.6585000222373512e+00 -1.4341383290711365e-01
2.6590836412675394e+00 -1.4336980575782379e-01
2.6596672602977280e+00 -1.4332570786454785e-01
2.6602508793279163e+00 -1.4328153944556110e-01
2.6608344983581045e+00 -1.4323730071871502e-01
2.6614181173882931e+00 -1.4319299190143839e-01
2.6620017364184814e+00 -1.4314861321073777e-01
2.6625853554486696e+00 -1.4310416486319813e-01
2.6631689744788583e+00 -1.4305964707498392e-01
2.6637525935090465e+00 -1.4301506006183942e-01
2.6643362125392347e+00 -1.4297040403908973e-01
2.6649198315694234e+00 -1.4292567922164115e-01
2.6655034505996116e+00 -1.4288088582398251e-01
2.6660870696297998e+00 -1.4283602406018514e-01
2.6666706886599885e+00 -1.4279109414390401e-01
2.6672543076901767e+00 -1.4274609628837856e-01
2.6678379267203649e+00 -1.4270103070643303e-01
2.6684215457505536e+00 -1.4265589761047739e-01
2.6690051647807422e+00 -1.4261069721250808e-01
2.6695887838109300e+00 -1.4256542972410871e-01
2.6701724028411187e+00 -1.4252009535645049e-01
2.6707560218713073e+00 -1.4247469432029336e-01
2.6713396409014951e+00 -1.4242922682598655e-01
2.6719232599316838e+00 -1.4238369308346902e-01
2.6725068789618724e+00 -1.4233809330227046e-01
2.6730904979920607e+00 -1.4229242769151196e-01
2.6736741170222489e+00 -1.4224669645990670e-01
2.6742577360524376e+00 -1.4220089981576034e-01
2.6748413550826258e+00 -1.4215503796697226e-01
2.6754249741128140e+00 -1.4210911112103589e-01
2.6760085931430027e+00 -1.4206311948503939e-01
2.6765922121731909e+00 -1.4201706326566660e-01
2.6771758312033791e+00 -1.4197094266919741e-01
2.6777594502335678e+00 -1.4192475790150880e-01
2.6783430692637560e+00 -1.4187850916807523e-01
2.6789266882939442e+00 -1.4183219667396949e-01
2.6795103073241329e+00 -1.4178582062386325e-01
2.6800939263543211e+00 -1.4173938122202809e-01
2.6806775453845093e+00 -1.4169287867233574e-01
2.6812611644146980e+00 -1.4164631317825893e-01
2.6818447834448862e+00 -1.4159968494287231e-01
2.6824284024750744e+00 -1.4155299416885281e-01
2.6830120215052631e+00 -1.4150624105848042e-01
2.6835956405354513e+00 -1.4145942581363896e-01
2.6841792595656395e+00 -1.4141254863581668e-01
2.6847628785958282e+00 -1.4136560972610696e-01
2.6853464976260164e+00 -1.4131860928520898e-01
2.6859301166562046e+00 -1.4127154751342841e-01
2.6865137356863933e+00 -1.4122442461067800e-01
2.6870973547165820e+00 -1.4117724077647845e-01
2.6876809737467697e+00 -1.4112999620995897e-01
2.6882645927769584e+00 -1.4108269110985774e-01
2.6888482118071471e+00 -1.4103532567452301e-01
2.6894318308373348e+00 -1.4098790010191342e-01
2.6900154498675235e+00 -1.4094041458959888e-01
2.6905990688977122e+00 -1.4089286933476106e-01
2.6911826879279004e+00 -1.4084526453419424e-01
2.6917663069580886e+00 -1.4079760038430578e-01
2.6923499259882773e+00 -1.4074987708111697e-01
2.6929335450184655e+00 -1.4070209482026358e-01
2.6935171640486537e+00 -1.4065425379699656e-01
2.6941007830788424e+00 -1.4060635420618267e-01
2.6946844021090306e+00 -1.4055839624230526e-01
2.6952680211392188e+00 -1.4051038009946470e-01
2.6958516401694075e+00 -1.4046230597137915e-01
2.6964352591995957e+00 -1.4041417405138545e-01
2.6970188782297839e+00 -1.4036598453243940e-01
2.6976024972599726e+00 -1.4031773760711649e-01
2.6981861162901608e+00 -1.4026943346761295e-01
2.6987697353203490e+00 -1.4022107230574579e-01
2.6993533543505377e+00 -1.4017265431295384e-01
2.6999369733807259e+00 -1.4012417968029839e-01
2.7005205924109141e+00 -1.4007564859846375e-01
2.7011042114411028e+00 -1.4002706125775782e-01
2.7016878304712910e+00 -1.3997841784811293e-01
2.7022714495014792e+00 -1.3992971855908640e-01
2.7028550685316679e+00 -1.3988096357986102e-01
2.7034386875618566e+00 -1.3983215309924601e-01
2.7040223065920443e+00 -1.3978328730567746e-01
2.7046059256222330e+00 -1.3973436638721892e-01
2.7051895446524217e+00 -1.3968539053156226e-01
2.7057731636826095e+00 -1.3963635992602819e-01
2.7063567827127981e+00 -1.3958727475756663e-01
2.7069404017429868e+00 -1.3953813521275799e-01
2.7075240207731750e+00 -1.3948894147781318e-01
2.7081076398033632e+00 -1.3943969373857451e-01
2.7086912588335519e+00 -1.3939039218051641e-01
2.7092748778637401e+00 -1.3934103698874586e-01
2.7098584968939283e+00 -1.3929162834800315e-01
2.7104421159241170e+00 -1.3924216644266255e-01
2.7110257349543052e+00 -1.3919265145673279e-01
2.7116093539844934e+00 -1.3914308357385777e-01
2.7121929730146821e+00 -1.3909346297731720e-01
2.7127765920448703e+00 -1.3904378985002736e-01
2.7133602110750585e+00 -1.3899406437454137e-01
2.7139438301052472e+00 -1.3894428673305012e-01
2.7145274491354354e+00 -1.3889445710738293e-01
2.7151110681656236e+00 -1.3884457567900785e-01
2.7156946871958123e+00 -1.3879464262903254e-01
2.7162783062260005e+00 -1.3874465813820494e-01
2.7168619252561887e+00 -1.3869462238691366e-01
2.7174455442863774e+00 -1.3864453555518877e-01
2.7180291633165656e+00 -1.3859439782270239e-01
2.7186127823467539e+00 -1.3854420936876927e-01
2.7191964013769425e+00 -1.3849397037234734e-01
2.7197800204071312e+00 -1.3844368101203863e-01
2.7203636394373190e+00 -1.3839334146608948e-01
2.7209472584675076e+00 -1.3834295191239132e-01
2.7215308774976963e+00 -1.3829251252848140e-01
2.7221144965278841e+00 -1.3824202349154338e-01
2.7226981155580727e+00 -1.3819148497840752e-01
2.7232817345882614e+00 -1.3814089716555208e-01
2.7238653536184492e+00 -1.3809026022910320e-01
2.7244489726486378e+00 -1.3803957434483571e-01
2.7250325916788265e+00 -1.3798883968817408e-01
2.7256162107090147e+00 -1.3793805643419269e-01
2.7261998297392029e+00 -1.3788722475761631e-01
2.7267834487693916e+00 -1.3783634483282101e-01
2.7273670677995798e+00 -1.3778541683383480e-01
2.7279506868297680e+00 -1.3773444093433784e-01
2.7285343058599567e+00 -1.3768341730766337e-01
2.7291179248901449e+00 -1.3763234612679834e-01
2.7297015439203332e+00 -1.3758122756438373e-01
2.7302851629505218e+00 -1.3753006179271529e-01
2.7308687819807100e+00 -1.3747884898374427e-01
2.7314524010108983e+00 -1.3742758930907789e-01
2.7320360200410869e+00 -1.3737628293997986e-01
2.7326196390712751e+00 -1.3732493004737104e-01
2.7332032581014634e+00 -1.3727353080183025e-01
2.7337868771316520e+00 -1.3722208537359434e-01
2.7343704961618402e+00 -1.3717059393255940e-01
2.7349541151920285e+00 -1.3711905664828089e-01
2.7355377342222171e+00 -1.3706747368997432e-01
2.7361213532524054e+00 -1.3701584522651625e-01
2.7367049722825936e+00 -1.3696417142644404e-01
2.7372885913127822e+00 -1.3691245245795730e-01
2.7378722103429709e+00 -1.3686068848891803e-01
2.7384558293731587e+00 -1.3680887968685121e-01
2.7390394484033473e+00 -1.3675702621894537e-01
2.7396230674335360e+00 -1.3670512825205350e-01
2.7402066864637238e+00 -1.3665318595269324e-01
2.7407903054939124e+00 -1.3660119948704746e-01
2.7413739245241011e+00 -1.3654916902096528e-01
2.7419575435542893e+00 -1.3649709471996221e-01
2.7425411625844776e+00 -1.3644497674922082e-01
2.7431247816146662e+00 -1.3639281527359137e-01
2.7437084006448544e+00 -1.3634061045759252e-01
2.7442920196750427e+00 -1.3628836246541165e-01
2.7448756387052313e+00 -1.3623607146090544e-01
2.7454592577354195e+00 -1.3618373760760089e-01
2.7460428767656078e+00 -1.3613136106869522e-01
2.7466264957957964e+00 -1.3607894200705689e-01
2.7472101148259847e+00 -1.3602648058522612e-01
2.7477937338561729e+00 -1.3597397696541536e-01
2.7483773528863615e+00 -1.3592143130950973e-01
2.7489609719165498e+00 -1.3586884377906802e-01
2.7495445909467380e+00 -1.3581621453532286e-01
2.7501282099769266e+00 -1.3576354373918129e-01
2.7507118290071149e+00 -1.3571083155122565e-01
2.7512954480373031e+00 -1.3565807813171379e-01
2.7518790670674917e+00 -1.3560528364057983e-01
2.7524626860976800e+00 -1.3555244823743473e-01
2.7530463051278682e+00 -1.3549957208156671e-01
2.7536299241580569e+00 -1.3544665533194178e-01
2.7542135431882455e+00 -1.3539369814720473e-01
2.7547971622184333e+00 -1.3534070068567916e-01
2.7553807812486220e+00 -1.3528766310536811e-01
2.7559644002788106e+00 -1.3523458556395504e-01
2.7565480193089984e+00 -1.3518146821880400e-01
2.7571316383391871e+00 -1.3512831122696012e-01
2.7577152573693757e+00 -1.3507511474515041e-01
2.7582988763995639e+00 -1.3502187892978446e-01
2.7588824954297522e+00 -1.3496860393695440e-01
2.7594661144599408e+00 -1.3491528992243595e-01
2.7600497334901291e+00 -1.3486193704168897e-01
2.7606333525203173e+00 -1.3480854544985765e-01
2.7612169715505059e+00 -1.3475511530177128e-01
2.7618005905806942e+00 -1.3470164675194504e-01
2.7623842096108824e+00 -1.3464813995458005e-01
2.7629678286410710e+00 -1.3459459506356419e-01
2.7635514476712593e+00 -1.3454101223247270e-01
2.7641350667014475e+00 -1.3448739161456866e-01
2.7647186857316361e+00 -1.3443373336280337e-01
2.7653023047618244e+00 -1.3438003762981718e-01
2.7658859237920126e+00 -1.3432630456793979e-01
2.7664695428222013e+00 -1.3427253432919092e-01
2.7670531618523895e+00 -1.3421872706528082e-01
2.7676367808825777e+00 -1.3416488292761081e-01
2.7682203999127664e+00 -1.3411100206727372e-01
2.7688040189429546e+00 -1.3405708463505470e-01
2.7693876379731428e+00 -1.3400313078143139e-01
2.7699712570033315e+00 -1.3394914065657465e-01
2.7705548760335197e+00 -1.3389511441034921e-01
2.7711384950637079e+00 -1.3384105219231401e-01
2.7717221140938966e+00 -1.3378695415172262e-01
2.7723057331240852e+00 -1.3373282043752424e-01
2.7728893521542730e+00 -1.3367865119836386e-01
2.7734729711844617e+00 -1.3362444658258260e-01
2.7740565902146503e+00 -1.3357020673821873e-01
2.7746402092448381e+00 -1.3351593181300814e-01
2.7752238282750268e+00 -1.3346162195438424e-01
2.7758074473052154e+00 -1.3340727730947927e-01
2.7763910663354037e+00 -1.3335289802512457e-01
2.7769746853655919e+00 -1.3329848424785071e-01
2.7775583043957806e+00 -1.3324403612388858e-01
2.7781419234259688e+00 -1.3318955379916955e-01
2.7787255424561570e+00 -1.3313503741932628e-01
2.7793091614863457e+00 -1.3308048712969278e-01
2.7798927805165339e+00 -1.3302590307530551e-01
2.7804763995467221e+00 -1.3297128540090342e-01
2.7810600185769108e+00 -1.3291663425092876e-01
2.7816436376070990e+00 -1.3286194976952745e-01
2.7822272566372872e+00 -1.3280723210054957e-01
2.7828108756674759e+00 -1.3275248138755008e-01
2.7833944946976641e+00 -1.3269769777378915e-01
2.7839781137278523e+00 -1.3264288140223271e-01
2.7845617327580410e+00 -1.3258803241555298e-01
2.7851453517882292e+00 -1.3253315095612897e-01
2.7857289708184174e+00 -1.3247823716604706e-01
2.7863125898486061e+00 -1.3242329118710128e-01
2.7868962088787943e+00 -1.3236831316079431e-01
2.7874798279089825e+00 -1.3231330322833734e-01
2.7880634469391712e+00 -1.3225826153065104e-01
2.7886470659693599e+00 -1.3220318820836602e-01
2.7892306849995476e+00 -1.3214808340182324e-01
2.7898143040297363e+00 -1.3209294725107429e-01
2.7903979230599250e+00 -1.3203777989588233e-01
2.7909815420901127e+00 -1.3198258147572259e-01
2.7915651611203014e+00 -1.3192735212978215e-01
2.7921487801504901e+00 -1.3187209199696145e-01
2.7927323991806783e+00 -1.3181680121587422e-01
2.7933160182108665e+00 -1.3176147992484794e-01
2.7938996372410552e+00 -1.3170612826192443e-01
2.7944832562712434e+00 -1.3165074636486063e-01
2.7950668753014316e+00 -1.3159533437112869e-01
2.7956504943316203e+00 -1.3153989241791667e-01
2.7962341133618085e+00 -1.3148442064212901e-01
2.7968177323919967e+00 -1.3142891918038707e-01
2.7974013514221854e+00 -1.3137338816902944e-01
2.7979849704523736e+00 -1.3131782774411274e-01
2.7985685894825618e+00 -1.3126223804141182e-01
2.7991522085127505e+00 -1.3120661919642040e-01
2.7997358275429387e+00 -1.3115097134435164e-01
2.8003194465731269e+00 -1.3109529462013833e-01
2.8009030656033156e+00 -1.3103958915843369e-01
2.8014866846335038e+00 -1.3098385509361188e-01
2.8020703036636920e+00 -1.3092809255976814e-01
2.8026539226938807e+00 -1.3087230169071945e-01
2.8032375417240689e+00 -1.3081648262000542e-01
2.8038211607542571e+00 -1.3076063548088801e-01
2.8044047797844458e+00 -1.3070476040635265e-01
2.8049883988146345e+00 -1.3064885752910835e-01
2.8055720178448222e+00 -1.3059292698158859e-01
2.8061556368750109e+00 -1.3053696889595123e-01
2.8067392559051996e+00 -1.3048098340407940e-01
2.8073228749353873e+00 -1.3042497063758215e-01
2.8079064939655760e+00 -1.3036893072779424e-01
2.8084901129957647e+00 -1.3031286380577728e-01
2.8090737320259529e+00 -1.3025677000231997e-01
2.8096573510561411e+00 -1.3020064944793858e-01
2.8102409700863298e+00 -1.3014450227287733e-01
2.8108245891165180e+00 -1.3008832860710912e-01
2.8114082081467062e+00 -1.3003212858033578e-01
2.8119918271768949e+00 -1.2997590232198850e-01
2.8125754462070831e+00 -1.2991964996122865e-01
2.8131590652372713e+00 -1.2986337162694783e-01
2.8137426842674600e+00 -1.2980706744776863e-01
2.8143263032976482e+00 -1.2975073755204508e-01
2.8149099223278364e+00 -1.2969438206786282e-01
2.8154935413580251e+00 -1.2963800112304005e-01
2.8160771603882133e+00 -1.2958159484512763e-01
2.8166607794184015e+00 -1.2952516336140962e-01
2.8172443984485902e+00 -1.2946870679890388e-01
2.8178280174787784e+00 -1.2941222528436253e-01
2.8184116365089666e+00 -1.2935571894427217e-01
2.8189952555391553e+00 -1.2929918790485448e-01
2.8195788745693435e+00 -1.2924263229206703e-01
2.8201624935995318e+00 -1.2918605223160320e-01
2.8207461126297204e+00 -1.2912944784889280e-01
2.8213297316599086e+00 -1.2907281926910280e-01
2.8219133506900969e+00 -1.2901616661713755e-01
2.8224969697202855e+00 -1.2895949001763926e-01
2.8230805887504742e+00 -1.2890278959498844e-01
2.8236642077806620e+00 -1.2884606547330468e-01
2.8242478268108506e+00 -1.2878931777644642e-01
2.8248314458410393e+00 -1.2873254662801217e-01
2.8254150648712271e+00 -1.2867575215134058e-01
2.8259986839014157e+00 -1.2861893446951075e-01
2.8265823029316044e+00 -1.2856209370534311e-01
2.8271659219617926e+00 -1.2850522998139949e-01
2.8277495409919808e+00 -1.2844834341998387e-01
2.8283331600221695e+00 -1.2839143414314255e-01
2.8289167790523577e+00 -1.2833450227266488e-01
2.8295003980825459e+00 -1.2827754793008339e-01
2.8300840171127346e+00 -1.2822057123667466e-01
2.8306676361429228e+00 -1.2816357231345946e-01
2.8312512551731110e+00 -1.2810655128120318e-01
2.8318348742032997e+00 -1.2804950826041639e-01
2.8324184932334879e+00 -1.2799244337135551e-01
2.8330021122636762e+00 -1.2793535673402279e-01
2.8335857312938648e+00 -1.2787824846816701e-01
2.8341693503240530e+00 -1.2782111869328402e-01
2.8347529693542413e+00 -1.2776396752861707e-01
2.8353365883844299e+00 -1.2770679509315702e-01
2.8359202074146181e+00 -1.2764960150564342e-01
2.8365038264448064e+00 -1.2759238688456426e-01
2.8370874454749950e+00 -1.2753515134815674e-01
2.8376710645051832e+00 -1.2747789501440782e-01
2.8382546835353715e+00 -1.2742061800105442e-01
2.8388383025655601e+00 -1.2736332042558399e-01
2.8394219215957488e+00 -1.2730600240523482e-01
2.8400055406259366e+00 -1.2724866405699689e-01
2.8405891596561252e+00 -1.2719130549761154e-01
2.8411727786863139e+00 -1.2713392684357272e-01
2.8417563977165017e+00 -1.2707652821112703e-01
2.8423400167466903e+00 -1.2701910971627400e-01
2.8429236357768790e+00 -1.2696167147476695e-01
2.8435072548070672e+00 -1.2690421360211313e-01
2.8440908738372555e+00 -1.2684673621357406e-01
2.8446744928674441e+00 -1.2678923942416639e-01
2.8452581118976323e+00 -1.2673172334866198e-01
2.8458417309278206e+00 -1.2667418810158823e-01
2.8464253499580092e+00 -1.2661663379722901e-01
2.8470089689881974e+00 -1.2655906054962454e-01
2.8475925880183857e+00 -1.2650146847257224e-01
2.8481762070485743e+00 -1.2644385767962671e-01
2.8487598260787625e+00 -1.2638622828410079e-01
2.8493434451089508e+00 -1.2632858039906542e-01
2.8499270641391394e+00 -1.2627091413735014e-01
2.8505106831693277e+00 -1.2621322961154402e-01
2.8510943021995159e+00 -1.2615552693399540e-01
2.8516779212297045e+00 -1.2609780621681269e-01
2.8522615402598928e+00 -1.2604006757186484e-01
2.8528451592900810e+00 -1.2598231111078156e-01
2.8534287783202696e+00 -1.2592453694495384e-01
2.8540123973504579e+00 -1.2586674518553442e-01
2.8545960163806461e+00 -1.2580893594343817e-01
2.8551796354108347e+00 -1.2575110932934241e-01
2.8557632544410230e+00 -1.2569326545368756e-01
2.8563468734712112e+00 -1.2563540442667723e-01
2.8569304925013999e+00 -1.2557752635827901e-01
2.8575141115315885e+00 -1.2551963135822464e-01
2.8580977305617763e+00 -1.2546171953601051e-01
2.8586813495919650e+00 -1.2540379100089799e-01
2.8592649686221536e+00 -1.2534584586191400e-01
2.8598485876523414e+00 -1.2528788422785136e-01
2.8604322066825301e+00 -1.2522990620726898e-01
2.8610158257127187e+00 -1.2517191190849275e-01
2.8615994447429070e+00 -1.2511390143961562e-01
2.8621830637730952e+00 -1.2505587490849790e-01
2.8627666828032838e+00 -1.2499783242276802e-01
2.8633503018334721e+00 -1.2493977408982272e-01
2.8639339208636603e+00 -1.2488170001682752e-01
2.8645175398938489e+00 -1.2482361031071697e-01
2.8651011589240372e+00 -1.2476550507819548e-01
2.8656847779542254e+00 -1.2470738442573724e-01
2.8662683969844140e+00 -1.2464924845958684e-01
2.8668520160146023e+00 -1.2459109728575987e-01
2.8674356350447905e+00 -1.2453293101004294e-01
2.8680192540749792e+00 -1.2447474973799430e-01
2.8686028731051674e+00 -1.2441655357494434e-01
2.8691864921353556e+00 -1.2435834262599579e-01
2.8697701111655443e+00 -1.2430011699602417e-01
2.8703537301957325e+00 -1.2424187678967835e-01
2.8709373492259207e+00 -1.2418362211138076e-01
2.8715209682561094e+00 -1.2412535306532788e-01
2.8721045872862976e+00 -1.2406706975549070e-01
2.8726882063164858e+00 -1.2400877228561484e-01
2.8732718253466745e+00 -1.2395046075922142e-01
2.8738554443768631e+00 -1.2389213527960703e-01
2.8744390634070509e+00 -1.2383379594984446e-01
2.8750226824372396e+00 -1.2377544287278258e-01
2.8756063014674282e+00 -1.2371707615104753e-01
2.8761899204976160e+00 -1.2365869588704249e-01
2.8767735395278047e+00 -1.2360030218294801e-01
2.8773571585579933e+00 -1.2354189514072314e-01
2.8779407775881816e+00 -1.2348347486210502e-01
2.8785243966183698e+00 -1.2342504144860966e-01
2.8791080156485584e+00 -1.2336659500153216e-01
2.8796916346787467e+00 -1.2330813562194753e-01
2.8802752537089349e+00 -1.2324966341071045e-01
2.8808588727391236e+00 -1.2319117846845601e-01
2.8814424917693118e+00 -1.2313268089560027e-01
2.8820261107995000e+00 -1.2307417079234026e-01
2.8826097298296887e+00 -1.2301564825865449e-01
2.8831933488598769e+00 -1.2295711339430364e-01
2.8837769678900651e+00 -1.2289856629883054e-01
2.8843605869202538e+00 -1.2284000707156069e-01
2.8849442059504420e+00 -1.2278143581160277e-01
2.8855278249806302e+00 -1.2272285261784900e-01
2.8861114440108189e+00 -1.2266425758897527e-01
2.8866950630410071e+00 -1.2260565082344194e-01
2.8872786820711953e+00 -1.2254703241949375e-01
2.8878623011013840e+00 -1.2248840247516066e-01
2.8884459201315722e+00 -1.2242976108825801e-01
2.8890295391617604e+00 -1.2237110835638675e-01
2.8896131581919491e+00 -1.2231244437693417e-01
2.8901967772221377e+00 -1.2225376924707404e-01
2.8907803962523255e+00 -1.2219508306376715e-01
2.8913640152825142e+00 -1.2213638592376123e-01
2.8919476343127029e+00 -1.2207767792359216e-01
2.8925312533428906e+00 -1.2201895915958370e-01
2.8931148723730793e+00 -1.2196022972784779e-01
2.8936984914032680e+00 -1.2190148972428559e-01
2.8942821104334562e+00 -1.2184273924458726e-01
2.8948657294636444e+00 -1.2178397838423251e-01
2.8954493484938331e+00 -1.2172520723849087e-01
2.8960329675240213e+00 -1.2166642590242255e-01
2.8966165865542095e+00 -1.2160763447087813e-01
2.8972002055843982e+00 -1.2154883303849925e-01
2.8977838246145864e+00 -1.2149002169971926e-01
2.8983674436447746e+00 -1.2143120054876304e-01
2.8989510626749633e+00 -1.2137236967964771e-01
2.8995346817051515e+00 -1.2131352918618304e-01
2.9001183007353397e+00 -1.2125467916197162e-01
2.9007019197655284e+00 -1.2119581970040937e-01
2.9012855387957166e+00 -1.2113695089468587e-01
2.9018691578259048e+00 -1.2107807283778473e-01
2.9024527768560935e+00 -1.2101918562248391e-01
2.9030363958862817e+00 -1.2096028934135619e-01
2.9036200149164699e+00 -1.2090138408676938e-01
2.9042036339466586e+00 -1.2084246995088692e-01
2.9047872529768468e+00 -1.2078354702566810e-01
2.9053708720070350e+00 -1.2072461540286827e-01
2.9059544910372237e+00 -1.2066567517403944e-01
2.9065381100674119e+00 -1.2060672643053076e-01
2.9071217290976001e+00 -1.2054776926348847e-01
2.9077053481277888e+00 -1.2048880376385640e-01
2.9082889671579775e+00 -1.2042983002237678e-01
2.9088725861881652e+00 -1.2037084812959008e-01
2.9094562052183539e+00 -1.2031185817583522e-01
2.9100398242485426e+00 -1.2025286025125072e-01
2.9106234432787303e+00 -1.2019385444577435e-01
2.9112070623089190e+00 -1.2013484084914361e-01
2.9117906813391077e+00 -1.2007581955089637e-01
2.9123743003692959e+00 -1.2001679064037110e-01
2.9129579193994841e+00 -1.1995775420670701e-01
2.9135415384296728e+00 -1.1989871033884454e-01
2.9141251574598610e+00 -1.1983965912552609e-01
2.9147087764900492e+00 -1.1978060065529565e-01
2.9152923955202379e+00 -1.1972153501649974e-01
2.9158760145504261e+00 -1.1966246229728750e-01
2.9164596335806143e+00 -1.1960338258561123e-01
2.9170432526108030e+00 -1.1954429596922644e-01
2.9176268716409912e+00 -1.1948520253569257e-01
2.9182104906711794e+00 -1.1942610237237297e-01
2.9187941097013681e+00 -1.1936699556643558e-01
2.9193777287315563e+00 -1.1930788220485312e-01
2.9199613477617445e+00 -1.1924876237440341e-01
2.9205449667919332e+00 -1.1918963616166975e-01
2.9211285858221214e+00 -1.1913050365304141e-01
2.9217122048523096e+00 -1.1907136493471371e-01
2.9222958238824983e+00 -1.1901222009268854e-01
2.9228794429126865e+00 -1.1895306921277482e-01
2.9234630619428748e+00 -1.1889391238058854e-01
2.9240466809730634e+00 -1.1883474968155325e-01
2.9246303000032521e+00 -1.1877558120090065e-01
2.9252139190334399e+00 -1.1871640702367055e-01
2.9257975380636285e+00 -1.1865722723471131e-01
2.9263811570938172e+00 -1.1859804191868033e-01
2.9269647761240050e+00 -1.1853885116004452e-01
2.9275483951541936e+00 -1.1847965504307997e-01
2.9281320141843823e+00 -1.1842045365187312e-01
2.9287156332145705e+00 -1.1836124707032071e-01
2.9292992522447587e+00 -1.1830203538213006e-01
2.9298828712749474e+00 -1.1824281867081941e-01
2.9304664903051356e+00 -1.1818359701971858e-01
2.9310501093353238e+00 -1.1812437051196889e-01
2.9316337283655125e+00 -1.1806513923052377e-01
2.9322173473957007e+00 -1.1800590325814900e-01
2.9328009664258889e+00 -1.1794666267742308e-01
2.9333845854560776e+00 -1.1788741757073747e-01
2.9339682044862658e+00 -1.1782816802029714e-01
2.9345518235164540e+00 -1.1776891410812057e-01
2.9351354425466427e+00 -1.1770965591604052e-01
2.9357190615768309e+00 -1.1765039352570404e-01
2.9363026806070192e+00 -1.1759112701857274e-01
2.9368862996372078e+00 -1.1753185647592351e-01
2.9374699186673960e+00 -1.1747258197884855e-01
2.9380535376975843e+00 -1.1741330360825571e-01
2.9386371567277729e+00 -1.1735402144486881e-01
2.9392207757579611e+00 -1.1729473556922834e-01
2.9398043947881494e+00 -1.1723544606169123e-01
2.9403880138183380e+00 -1.1717615300243145e-01
2.9409716328485267e+00 -1.1711685647144054e-01
2.9415552518787145e+00 -1.1705755654852767e-01
2.9421388709089031e+00 -1.1699825331331981e-01
2.9427224899390918e+00 -1.1693894684526245e-01
2.9433061089692796e+00 -1.1687963722361999e-01
2.9438897279994682e+00 -1.1682032452747534e-01
2.9444733470296569e+00 -1.1676100883573109e-01
2.9450569660598447e+00 -1.1670169022710959e-01
2.9456405850900333e+00 -1.1664236878015276e-01
2.9462242041202220e+00 -1.1658304457322312e-01
2.9468078231504102e+00 -1.1652371768450383e-01
2.9473914421805985e+00 -1.1646438819199893e-01
2.9479750612107871e+00 -1.1640505617353369e-01
2.9485586802409753e+00 -1.1634572170675507e-01
2.9491422992711636e+00 -1.1628638486913201e-01
2.9497259183013522e+00 -1.1622704573795549e-01
2.9503095373315404e+00 -1.1616770439033929e-01
2.9508931563617287e+00 -1.1610836090321985e-01
2.9514767753919173e+00 -1.1604901535335703e-01
2.9520603944221055e+00 -1.1598966781733411e-01
2.9526440134522938e+00 -1.1593031837155826e-01
2.9532276324824824e+00 -1.1587096709226061e-01
2.9538112515126707e+00 -1.1581161405549716e-01
2.9543948705428589e+00 -1.1575225933714839e-01
2.9549784895730475e+00 -1.1569290301291996e-01
2.9555621086032358e+00 -1.1563354515834308e-01
2.9561457276334240e+00 -1.1557418584877463e-01
2.9567293466636126e+00 -1.1551482515939744e-01
2.9573129656938009e+00 -1.1545546316522094e-01
2.9578965847239891e+00 -1.1539609994108110e-01
2.9584802037541778e+00 -1.1533673556164088e-01
2.9590638227843664e+00 -1.1527737010139062e-01
2.9596474418145542e+00 -1.1521800363464847e-01
2.9602310608447429e+00 -1.1515863623556007e-01
2.9608146798749315e+00 -1.1509926797809962e-01
2.9613982989051193e+00 -1.1503989893607003e-01
2.9619819179353080e+00 -1.1498052918310271e-01
2.9625655369654966e+00 -1.1492115879265846e-01
2.9631491559956848e+00 -1.1486178783802760e-01
2.9637327750258731e+00 -1.1480241639233026e-01
2.9643163940560617e+00 -1.1474304452851652e-01
2.9649000130862500e+00 -1.1468367231936706e-01
2.9654836321164382e+00 -1.1462429983749317e-01
2.9660672511466268e+00 -1.1456492715533723e-01
2.9666508701768151e+00 -1.1450555434517302e-01
2.9672344892070033e+00 -1.1444618147910580e-01
2.9678181082371919e+00 -1.1438680862907293e-01
2.9684017272673802e+00 -1.1432743586684399e-01
2.9689853462975684e+00 -1.1426806326402110e-01
2.9695689653277570e+00 -1.1420869089203914e-01
2.9701525843579453e+00 -1.1414931882216643e-01
2.9707362033881335e+00 -1.1408994712550453e-01
2.9713198224183222e+00 -1.1403057587298875e-01
2.9719034414485104e+00 -1.1397120513538872e-01
2.9724870604786986e+00 -1.1391183498330824e-01
2.9730706795088873e+00 -1.1385246548718576e-01
2.9736542985390755e+00 -1.1379309671729483e-01
2.9742379175692637e+00 -1.1373372874374425e-01
2.9748215365994524e+00 -1.1367436163647837e-01
2.9754051556296410e+00 -1.1361499546527734e-01
2.9759887746598288e+00 -1.1355563029975774e-01
2.9765723936900175e+00 -1.1349626620937227e-01
2.9771560127202061e+00 -1.1343690326341063e-01
2.9777396317503939e+00 -1.1337754153099956e-01
2.9783232507805826e+00 -1.1331818108110304e-01
2.9789068698107712e+00 -1.1325882198252289e-01
2.9794904888409595e+00 -1.1319946430389873e-01
2.9800741078711477e+00 -1.1314010811370850e-01
2.9806577269013363e+00 -1.1308075348026865e-01
2.9812413459315246e+00 -1.1302140047173453e-01
2.9818249649617128e+00 -1.1296204915610046e-01
2.9824085839919015e+00 -1.1290269960120033e-01
2.9829922030220897e+00 -1.1284335187470779e-01
2.9835758220522779e+00 -1.1278400604413627e-01
2.9841594410824666e+00 -1.1272466217683969e-01
2.9847430601126548e+00 -1.1266532034001253e-01
2.9853266791428430e+00 -1.1260598060069014e-01
2.9859102981730317e+00 -1.1254664302574885e-01
2.9864939172032199e+00 -1.1248730768190682e-01
2.9870775362334081e+00 -1.1242797463572365e-01
2.9876611552635968e+00 -1.1236864395360102e-01
2.9882447742937850e+00 -1.1230931570178312e-01
2.9888283933239732e+00 -1.1224998994635654e-01
2.9894120123541619e+00 -1.1219066675325082e-01
2.9899956313843501e+00 -1.1213134618823874e-01
2.9905792504145383e+00 -1.1207202831693656e-01
2.9911628694447270e+00 -1.1201271320480417e-01
2.9917464884749152e+00 -1.1195340091714569e-01
2.9923301075051034e+00 -1.1189409151910931e-01
2.9929137265352921e+00 -1.1183478507568813e-01
2.9934973455654807e+00 -1.1177548165171988e-01
2.9940809645956685e+00 -1.1171618131188769e-01
2.9946645836258572e+00 -1.1165688412071995e-01
2.9952482026560459e+00 -1.1159759014259091e-01
2.9958318216862336e+00 -1.1153829944172089e-01
2.9964154407164223e+00 -1.1147901208217620e-01
2.9969990597466110e+00 -1.1141972812787021e-01
2.9975826787767992e+00 -1.1136044764256287e-01
2.9981662978069874e+00 -1.1130117068986127e-01
2.9987499168371761e+00 -1.1124189733322001e-01
2.9993335358673643e+00 -1.1118262763594139e-01
2.9999171548975525e+00 -1.1112336166117563e-01
3.0005007739277412e+00 -1.1106409947192117e-01
3.0010843929579294e+00 -1.1100484113102524e-01
3.0016680119881176e+00 -1.1094558670118362e-01
3.0022516310183063e+00 -1.1088633624494121e-01
3.0028352500484945e+00 -1.1082708982469247e-01
3.0034188690786827e+00 -1.1076784750268134e-01
3.0040024881088714e+00 -1.1070860934100164e-01
3.0045861071390596e+00 -1.1064937540159749e-01
3.0051697261692478e+00 -1.1059014574626354e-01
3.0057533451994365e+00 -1.1053092043664495e-01
3.0063369642296247e+00 -1.1047169953423812e-01
3.0069205832598129e+00 -1.1041248310039069e-01
3.0075042022900016e+00 -1.1035327119630173e-01
3.0080878213201898e+00 -1.1029406388302232e-01
3.0086714403503780e+00 -1.1023486122145552e-01
3.0092550593805667e+00 -1.1017566327235681e-01
3.0098386784107554e+00 -1.1011647009633432e-01
3.0104222974409431e+00 -1.1005728175384921e-01
3.0110059164711318e+00 -1.0999809830521554e-01
3.0115895355013205e+00 -1.0993891981060107e-01
3.0121731545315082e+00 -1.0987974633002734e-01
3.0127567735616969e+00 -1.0982057792336948e-01
3.0133403925918856e+00 -1.0976141465035737e-01
3.0139240116220738e+00 -1.0970225657057522e-01
3.0145076306522620e+00 -1.0964310374346192e-01
3.0150912496824507e+00 -1.0958395622831160e-01
3.0156748687126389e+00 -1.0952481408427364e-01
3.0162584877428271e+00 -1.0946567737035304e-01
3.0168421067730158e+00 -1.0940654614541051e-01
3.0174257258032040e+00 -1.0934742046816323e-01
3.0180093448333922e+00 -1.0928830039718443e-01
3.0185929638635809e+00 -1.0922918599090410e-01
3.0191765828937691e+00 -1.0917007730760932e-01
3.0197602019239573e+00 -1.0911097440544408e-01
3.0203438209541460e+00 -1.0905187734240993e-01
3.0209274399843342e+00 -1.0899278617636612e-01
3.0215110590145224e+00 -1.0893370096502997e-01
3.0220946780447111e+00 -1.0887462176597687e-01
3.0226782970748993e+00 -1.0881554863664074e-01
3.0232619161050875e+00 -1.0875648163431437e-01
3.0238455351352762e+00 -1.0869742081614935e-01
3.0244291541654644e+00 -1.0863836623915674e-01
3.0250127731956526e+00 -1.0857931796020696e-01
3.0255963922258413e+00 -1.0852027603603037e-01
3.0261800112560300e+00 -1.0846124052321726e-01
3.0267636302862178e+00 -1.0840221147821841e-01
3.0273472493164064e+00 -1.0834318895734472e-01
3.0279308683465951e+00 -1.0828417301676847e-01
3.0285144873767829e+00 -1.0822516371252272e-01
3.0290981064069715e+00 -1.0816616110050176e-01
3.0296817254371602e+00 -1.0810716523646167e-01
3.0302653444673484e+00 -1.0804817617602040e-01
3.0308489634975366e+00 -1.0798919397465780e-01
3.0314325825277253e+00 -1.0793021868771607e-01
3.0320162015579135e+00 -1.0787125037040032e-01
3.0325998205881017e+00 -1.0781228907777823e-01
3.0331834396182904e+00 -1.0775333486478056e-01
3.0337670586484786e+00 -1.0769438778620172e-01
3.0343506776786668e+00 -1.0763544789669949e-01
3.0349342967088555e+00 -1.0757651525079551e-01
3.0355179157390437e+00 -1.0751758990287581e-01
3.0361015347692319e+00 -1.0745867190719048e-01
3.0366851537994206e+00 -1.0739976131785434e-01
3.0372687728296088e+00 -1.0734085818884713e-01
3.0378523918597971e+00 -1.0728196257401372e-01
3.0384360108899857e+00 -1.0722307452706424e-01
3.0390196299201739e+00 -1.0716419410157459e-01
3.0396032489503622e+00 -1.0710532135098635e-01
3.0401868679805508e+00 -1.0704645632860742e-01
3.0407704870107390e+00 -1.0698759908761195e-01
3.0413541060409273e+00 -1.0692874968104069e-01
3.0419377250711159e+00 -1.0686990816180128e-01
3.0425213441013041e+00 -1.0681107458266853e-01
3.0431049631314924e+00 -1.0675224899628449e-01
3.0436885821616810e+00 -1.0669343145515878e-01
3.0442722011918697e+00 -1.0663462201166903e-01
3.0448558202220575e+00 -1.0657582071806092e-01
3.0454394392522461e+00 -1.0651702762644820e-01
3.0460230582824348e+00 -1.0645824278881354e-01
3.0466066773126226e+00 -1.0639946625700833e-01
3.0471902963428112e+00 -1.0634069808275280e-01
3.0477739153729999e+00 -1.0628193831763674e-01
3.0483575344031881e+00 -1.0622318701311949e-01
3.0489411534333763e+00 -1.0616444422053005e-01
3.0495247724635650e+00 -1.0610570999106735e-01
3.0501083914937532e+00 -1.0604698437580097e-01
3.0506920105239415e+00 -1.0598826742567062e-01
3.0512756295541301e+00 -1.0592955919148692e-01
3.0518592485843183e+00 -1.0587085972393150e-01
3.0524428676145066e+00 -1.0581216907355721e-01
3.0530264866446952e+00 -1.0575348729078828e-01
3.0536101056748834e+00 -1.0569481442592078e-01
3.0541937247050717e+00 -1.0563615052912267e-01
3.0547773437352603e+00 -1.0557749565043408e-01
3.0553609627654486e+00 -1.0551884983976760e-01
3.0559445817956368e+00 -1.0546021314690840e-01
3.0565282008258254e+00 -1.0540158562151462e-01
3.0571118198560137e+00 -1.0534296731311760e-01
3.0576954388862019e+00 -1.0528435827112187e-01
3.0582790579163905e+00 -1.0522575854480569e-01
3.0588626769465788e+00 -1.0516716818332116e-01
3.0594462959767670e+00 -1.0510858723569441e-01
3.0600299150069556e+00 -1.0505001575082581e-01
3.0606135340371443e+00 -1.0499145377749046e-01
3.0611971530673321e+00 -1.0493290136433817e-01
3.0617807720975208e+00 -1.0487435855989352e-01
3.0623643911277094e+00 -1.0481582541255670e-01
3.0629480101578972e+00 -1.0475730197060326e-01
3.0635316291880859e+00 -1.0469878828218419e-01
3.0641152482182745e+00 -1.0464028439532672e-01
3.0646988672484627e+00 -1.0458179035793427e-01
3.0652824862786510e+00 -1.0452330621778644e-01
3.0658661053088396e+00 -1.0446483202253949e-01
3.0664497243390278e+00 -1.0440636781972681e-01
3.0670333433692161e+00 -1.0434791365675859e-01
3.0676169623994047e+00 -1.0428946958092239e-01
3.0682005814295930e+00 -1.0423103563938339e-01
3.0687842004597812e+00 -1.0417261187918460e-01
3.0693678194899698e+00 -1.0411419834724682e-01
3.0699514385201581e+00 -1.0405579509036930e-01
3.0705350575503463e+00 -1.0399740215522968e-01
3.0711186765805349e+00 -1.0393901958838418e-01
3.0717022956107232e+00 -1.0388064743626814e-01
3.0722859146409114e+00 -1.0382228574519582e-01
3.0728695336711001e+00 -1.0376393456136095e-01
3.0734531527012883e+00 -1.0370559393083695e-01
3.0740367717314765e+00 -1.0364726389957689e-01
3.0746203907616652e+00 -1.0358894451341383e-01
3.0752040097918534e+00 -1.0353063581806141e-01
3.0757876288220416e+00 -1.0347233785911342e-01
3.0763712478522303e+00 -1.0341405068204448e-01
3.0769548668824185e+00 -1.0335577433221027e-01
3.0775384859126067e+00 -1.0329750885484743e-01
3.0781221049427954e+00 -1.0323925429507404e-01
3.0787057239729840e+00 -1.0318101069788982e-01
3.0792893430031718e+00 -1.0312277810817642e-01
3.0798729620333605e+00 -1.0306455657069728e-01
3.0804565810635491e+00 -1.0300634613009824e-01
3.0810402000937369e+00 -1.0294814683090774e-01
3.0816238191239256e+00 -1.0288995871753666e-01
3.0822074381541142e+00 -1.0283178183427903e-01
3.0827910571843025e+00 -1.0277361622531196e-01
3.0833746762144907e+00 -1.0271546193469594e-01
3.0839582952446793e+00 -1.0265731900637494e-01
3.0845419142748676e+00 -1.0259918748417686e-01
3.0851255333050558e+00 -1.0254106741181358e-01
3.0857091523352445e+00 -1.0248295883288117e-01
3.0862927713654327e+00 -1.0242486179086023e-01
3.0868763903956209e+00 -1.0236677632911591e-01
3.0874600094258096e+00 -1.0230870249089838e-01
3.0880436284559978e+00 -1.0225064031934290e-01
3.0886272474861860e+00 -1.0219258985746991e-01
3.0892108665163747e+00 -1.0213455114818554e-01
3.0897944855465629e+00 -1.0207652423428165e-01
3.0903781045767511e+00 -1.0201850915843598e-01
3.0909617236069398e+00 -1.0196050596321239e-01
3.0915453426371280e+00 -1.0190251469106143e-01
3.0921289616673162e+00 -1.0184453538431996e-01
3.0927125806975049e+00 -1.0178656808521166e-01
3.0932961997276931e+00 -1.0172861283584755e-01
3.0938798187578813e+00 -1.0167066967822556e-01
3.0944634377880700e+00 -1.0161273865423119e-01
3.0950470568182586e+00 -1.0155481980563758e-01
3.0956306758484464e+00 -1.0149691317410597e-01
3.0962142948786351e+00 -1.0143901880118529e-01
3.0967979139088238e+00 -1.0138113672831306e-01
3.0973815329390115e+00 -1.0132326699681536e-01
3.0979651519692002e+00 -1.0126540964790670e-01
3.0985487709993889e+00 -1.0120756472269074e-01
3.0991323900295771e+00 -1.0114973226216026e-01
3.0997160090597653e+00 -1.0109191230719736e-01
3.1002996280899540e+00 -1.0103410489857367e-01
3.1008832471201422e+00 -1.0097631007695060e-01
3.1014668661503304e+00 -1.0091852788287962e-01
3.1020504851805191e+00 -1.0086075835680219e-01
3.1026341042107073e+00 -1.0080300153905040e-01
3.1032177232408955e+00 -1.0074525746984669e-01
3.1038013422710842e+00 -1.0068752618930450e-01
3.1043849613012724e+00 -1.0062980773742816e-01
3.1049685803314606e+00 -1.0057210215411327e-01
3.1055521993616493e+00 -1.0051440947914679e-01
3.1061358183918375e+00 -1.0045672975220743e-01
3.1067194374220257e+00 -1.0039906301286558e-01
3.1073030564522144e+00 -1.0034140930058363e-01
3.1078866754824026e+00 -1.0028376865471650e-01
3.1084702945125908e+00 -1.0022614111451122e-01
3.1090539135427795e+00 -1.0016852671910757e-01
3.1096375325729677e+00 -1.0011092550753831e-01
3.1102211516031564e+00 -1.0005333751872901e-01
3.1108047706333446e+00 -9.9995762791498785e-02
3.1113883896635328e+00 -9.9938201364559845e-02
3.1119720086937215e+00 -9.9880653276518391e-02
3.1125556277239097e+00 -9.9823118565874308e-02
3.1131392467540979e+00 -9.9765597271021550e-02
3.1137228657842866e+00 -9.9708089430248267e-02
3.1143064848144748e+00 -9.9650595081737306e-02
3.1148901038446630e+00 -9.9593114263565943e-02
3.1154737228748517e+00 -9.9535647013706277e-02
3.1160573419050399e+00 -9.9478193370025766e-02
3.1166409609352281e+00 -9.9420753370286788e-02
3.1172245799654168e+00 -9.9363327052147316e-02
3.1178081989956050e+00 -9.9305914453161004e-02
3.1183918180257937e+00 -9.9248515610777313e-02
3.1189754370559819e+00 -9.9191130562341800e-02
3.1195590560861701e+00 -9.9133759345096162e-02
3.1201426751163588e+00 -9.9076401996178634e-02
3.1207262941465470e+00 -9.9019058552624120e-02
3.1213099131767352e+00 -9.8961729051364217e-02
3.1218935322069239e+00 -9.8904413529227589e-02
3.1224771512371121e+00 -9.8847112022940289e-02
3.1230607702673003e+00 -9.8789824569125662e-02
3.1236443892974890e+00 -9.8732551204304547e-02
3.1242280083276772e+00 -9.8675291964895870e-02
3.1248116273578654e+00 -9.8618046887216371e-02
3.1253952463880541e+00 -9.8560816007480997e-02
3.1259788654182423e+00 -9.8503599361803154e-02
3.1265624844484310e+00 -9.8446396986194784e-02
3.1271461034786192e+00 -9.8389208916566731e-02
3.1277297225088074e+00 -9.8332035188728545e-02
3.1283133415389961e+00 -9.8274875838389189e-02
3.1288969605691843e+00 -9.8217730901156930e-02
3.1294805795993725e+00 -9.8160600412539475e-02
3.1300641986295612e+00 -9.8103484407944294e-02
3.1306478176597494e+00 -9.8046382922678976e-02
3.1312314366899376e+00 -9.7989295991950984e-02
3.1318150557201263e+00 -9.7932223650868122e-02
3.1323986747503145e+00 -9.7875165934438957e-02
3.1329822937805027e+00 -9.7818122877572411e-02
3.1335659128106914e+00 -9.7761094515078403e-02
3.1341495318408796e+00 -9.7704080881668015e-02
3.1347331508710683e+00 -9.7647082011953448e-02
3.1353167699012565e+00 -9.7590097940448525e-02
3.1359003889314447e+00 -9.7533128701568425e-02
3.1364840079616334e+00 -9.7476174329630405e-02
3.1370676269918216e+00 -9.7419234858853634e-02
3.1376512460220098e+00 -9.7362310323359472e-02
3.1382348650521985e+00 -9.7305400757171590e-02
3.1388184840823867e+00 -9.7248506194216405e-02
3.1394021031125749e+00 -9.7191626668322983e-02
3.1399857221427636e+00 -9.7134762213223189e-02
3.1405693411729518e+00 -9.7077912862552337e-02
3.1411529602031401e+00 -9.7021078649848796e-02
3.1417365792333287e+00 -9.6964259608554482e-02
3.1423201982635169e+00 -9.6907455772014997e-02
3.1429038172937052e+00 -9.6850667173479940e-02
3.1434874363238938e+00 -9.6793893846102708e-02
3.1440710553540820e+00 -9.6737135822941134e-02
3.1446546743842707e+00 -9.6680393136957393e-02
3.1452382934144589e+00 -9.6623665821018320e-02
3.1458219124446472e+00 -9.6566953907895395e-02
3.1464055314748358e+00 -9.6510257430265103e-02
3.1469891505050240e+00 -9.6453576420709217e-02
3.1475727695352123e+00 -9.6396910911714720e-02
3.1481563885654009e+00 -9.6340260935674008e-02
3.1487400075955891e+00 -9.6283626524885424e-02
3.1493236266257774e+00 -9.6227007711552986e-02
3.1499072456559660e+00 -9.6170404527786732e-02
3.1504908646861542e+00 -9.6113817005603050e-02
3.1510744837163425e+00 -9.6057245176924780e-02
3.1516581027465311e+00 -9.6000689073581127e-02
3.1522417217767194e+00 -9.5944148727308373e-02
3.1528253408069080e+00 -9.5887624169749386e-02
3.1534089598370962e+00 -9.5831115432454594e-02
3.1539925788672845e+00 -9.5774622546881336e-02
3.1545761978974731e+00 -9.5718145544394603e-02
3.1551598169276613e+00 -9.5661684456267174e-02
3.1557434359578496e+00 -9.5605239313679424e-02
3.1563270549880382e+00 -9.5548810147719848e-02
3.1569106740182264e+00 -9.5492396989385206e-02
3.1574942930484147e+00 -9.5435999869580554e-02
3.1580779120786033e+00 -9.5379618819119480e-02
3.1586615311087916e+00 -9.5323253868724325e-02
3.1592451501389798e+00 -9.5266905049026393e-02
3.1598287691691684e+00 -9.5210572390565879e-02
3.1604123881993567e+00 -9.5154255923792425e-02
3.1609960072295453e+00 -9.5097955679064913e-02
3.1615796262597335e+00 -9.5041671686652077e-02
3.1621632452899218e+00 -9.4985403976732163e-02
3.1627468643201104e+00 -9.4929152579393411e-02
3.1633304833502986e+00 -9.4872917524634379e-02
3.1639141023804869e+00 -9.4816698842363711e-02
3.1644977214106755e+00 -9.4760496562400529e-02
3.1650813404408638e+00 -9.4704310714474674e-02
3.1656649594710520e+00 -9.4648141328226826e-02
3.1662485785012406e+00 -9.4591988433208485e-02
3.1668321975314289e+00 -9.4535852058882486e-02
3.1674158165616171e+00 -9.4479732234622901e-02
3.1679994355918057e+00 -9.4423628989715278e-02
3.1685830546219940e+00 -9.4367542353356926e-02
3.1691666736521826e+00 -9.4311472354656839e-02
3.1697502926823709e+00 -9.4255419022636219e-02
3.1703339117125591e+00 -9.4199382386228298e-02
3.1709175307427477e+00 -9.4143362474278638e-02
3.1715011497729360e+00 -9.4087359315545502e-02
3.1720847688031242e+00 -9.4031372938699689e-02
3.1726683878333128e+00 -9.3975403372324795e-02
3.1732520068635011e+00 -9.3919450644917607e-02
3.1738356258936893e+00 -9.3863514784888066e-02
3.1744192449238779e+00 -9.3807595820559378e-02
3.1750028639540662e+00 -9.3751693780168316e-02
3.1755864829842544e+00 -9.3695808691865487e-02
3.1761701020144431e+00 -9.3639940583715123e-02
3.1767537210446313e+00 -9.3584089483695732e-02
3.1773373400748199e+00 -9.3528255419699738e-02
3.1779209591050082e+00 -9.3472438419534273e-02
3.1785045781351964e+00 -9.3416638510920733e-02
3.1790881971653850e+00 -9.3360855721495217e-02
3.1796718161955733e+00 -9.3305090078808897e-02
3.1802554352257615e+00 -9.3249341610327788e-02
3.1808390542559501e+00 -9.3193610343433070e-02
3.1814226732861384e+00 -9.3137896305421408e-02
3.1820062923163266e+00 -9.3082199523504980e-02
3.1825899113465153e+00 -9.3026520024811502e-02
3.1831735303767035e+00 -9.2970857836384702e-02
3.1837571494068917e+00 -9.2915212985184251e-02
3.1843407684370804e+00 -9.2859585498085914e-02
3.1849243874672686e+00 -9.2803975401881997e-02
3.1855080064974572e+00 -9.2748382723281023e-02
3.1860916255276455e+00 -9.2692807488908513e-02
3.1866752445578337e+00 -9.2637249725306570e-02
3.1872588635880224e+00 -9.2581709458934264e-02
3.1878424826182106e+00 -9.2526186716168038e-02
3.1884261016483988e+00 -9.2470681523301457e-02
3.1890097206785875e+00 -9.2415193906545498e-02
3.1895933397087757e+00 -9.2359723892029025e-02
3.1901769587389639e+00 -9.2304271505798480e-02
3.1907605777691526e+00 -9.2248836773818330e-02
3.1913441967993408e+00 -9.2193419721971134e-02
3.1919278158295290e+00 -9.2138020376057755e-02
3.1925114348597177e+00 -9.2082638761797411e-02
3.1930950538899059e+00 -9.2027274904828066e-02
3.1936786729200941e+00 -9.1971928830706179e-02
3.1942622919502828e+00 -9.1916600564907372e-02
3.1948459109804710e+00 -9.1861290132826220e-02
3.1954295300106597e+00 -9.1805997559776475e-02
3.1960131490408479e+00 -9.1750722870991383e-02
3.1965967680710361e+00 -9.1695466091623670e-02
3.1971803871012248e+00 -9.1640227246745656e-02
3.1977640061314130e+00 -9.1585006361349711e-02
3.1983476251616012e+00 -9.1529803460348100e-02
3.1989312441917899e+00 -9.1474618568573210e-02
3.1995148632219781e+00 -9.1419451710777894e-02
3.2000984822521663e+00 -9.1364302911635289e-02
3.2006821012823550e+00 -9.1309172195739322e-02
3.2012657203125432e+00 -9.1254059587604727e-02
3.2018493393427314e+00 -9.1198965111667016e-02
3.2024329583729201e+00 -9.1143888792282912e-02
3.2030165774031083e+00 -9.1088830653730427e-02
3.2036001964332970e+00 -9.1033790720208854e-02
3.2041838154634852e+00 -9.0978769015839164e-02
3.2047674344936734e+00 -9.0923765564664014e-02
3.2053510535238621e+00 -9.0868780390647858e-02
3.2059346725540503e+00 -9.0813813517677242e-02
3.2065182915842385e+00 -9.0758864969560926e-02
3.2071019106144272e+00 -9.0703934770029832e-02
3.2076855296446154e+00 -9.0649022942737578e-02
3.2082691486748036e+00 -9.0594129511260224e-02
3.2088527677049923e+00 -9.0539254499096708e-02
3.2094363867351805e+00 -9.0484397929668947e-02
3.2100200057653687e+00 -9.0429559826321781e-02
3.2106036247955574e+00 -9.0374740212323487e-02
3.2111872438257456e+00 -9.0319939110865624e-02
3.2117708628559343e+00 -9.0265156545063216e-02
3.2123544818861225e+00 -9.0210392537955153e-02
3.2129381009163107e+00 -9.0155647112504025e-02
3.2135217199464994e+00 -9.0100920291596456e-02
3.2141053389766876e+00 -9.0046212098043171e-02
3.2146889580068758e+00 -8.9991522554579331e-02
3.2152725770370645e+00 -8.9936851683864297e-02
3.2158561960672527e+00 -8.9882199508482238e-02
3.2164398150974409e+00 -8.9827566050941887e-02
3.2170234341276296e+00 -8.9772951333676923e-02
3.2176070531578178e+00 -8.9718355379046169e-02
3.2181906721880060e+00 -8.9663778209333411e-02
3.2187742912181947e+00 -8.9609219846747898e-02
3.2193579102483829e+00 -8.9554680313424367e-02
3.2199415292785716e+00 -8.9500159631423076e-02
3.2205251483087598e+00 -8.9445657822730132e-02
3.2211087673389480e+00 -8.9391174909257506e-02
3.2216923863691367e+00 -8.9336710912843273e-02
3.2222760053993249e+00 -8.9282265855251661e-02
3.2228596244295131e+00 -8.9227839758173333e-02
3.2234432434597018e+00 -8.9173432643225289e-02
3.2240268624898900e+00 -8.9119044531951394e-02
3.2246104815200782e+00 -8.9064675445822070e-02
3.2251941005502669e+00 -8.9010325406234853e-02
3.2257777195804551e+00 -8.8955994434514296e-02
3.2263613386106433e+00 -8.8901682551912081e-02
3.2269449576408320e+00 -8.8847389779607308e-02
3.2275285766710202e+00 -8.8793116138706746e-02
3.2281121957012089e+00 -8.8738861650244541e-02
3.2286958147313971e+00 -8.8684626335182842e-02
3.2292794337615853e+00 -8.8630410214411662e-02
3.2298630527917740e+00 -8.8576213308749041e-02
3.2304466718219622e+00 -8.8522035638941302e-02
3.2310302908521504e+00 -8.8467877225663197e-02
3.2316139098823391e+00 -8.8413738089517829e-02
3.2321975289125273e+00 -8.8359618251037095e-02
3.2327811479427155e+00 -8.8305517730681557e-02
3.2333647669729042e+00 -8.8251436548840809e-02
3.2339483860030924e+00 -8.8197374725833513e-02
3.2345320050332806e+00 -8.8143332281907474e-02
3.2351156240634693e+00 -8.8089309237239830e-02
3.2356992430936575e+00 -8.8035305611937384e-02
3.2362828621238457e+00 -8.7981321426036443e-02
3.2368664811540344e+00 -8.7927356699502981e-02
3.2374501001842226e+00 -8.7873411452233180e-02
3.2380337192144113e+00 -8.7819485704053013e-02
3.2386173382445995e+00 -8.7765579474718775e-02
3.2392009572747877e+00 -8.7711692783917009e-02
3.2397845763049764e+00 -8.7657825651264801e-02
3.2403681953351646e+00 -8.7603978096309848e-02
3.2409518143653528e+00 -8.7550150138530486e-02
3.2415354333955415e+00 -8.7496341797336077e-02
3.2421190524257297e+00 -8.7442553092066971e-02
3.2427026714559180e+00 -8.7388784041994599e-02
3.2432862904861066e+00 -8.7335034666321643e-02
3.2438699095162948e+00 -8.7281304984182490e-02
3.2444535285464831e+00 -8.7227595014642834e-02
3.2450371475766717e+00 -8.7173904776700062e-02
3.2456207666068599e+00 -8.7120234289283685e-02
3.2462043856370486e+00 -8.7066583571254907e-02
3.2467880046672368e+00 -8.7012952641407168e-02
3.2473716236974250e+00 -8.6959341518466113e-02
3.2479552427276137e+00 -8.6905750221089803e-02
3.2485388617578019e+00 -8.6852178767868868e-02
3.2491224807879902e+00 -8.6798627177326476e-02
3.2497060998181788e+00 -8.6745095467918670e-02
3.2502897188483670e+00 -8.6691583658034435e-02
3.2508733378785553e+00 -8.6638091765995767e-02
3.2514569569087439e+00 -8.6584619810057745e-02
3.2520405759389321e+00 -8.6531167808409082e-02
3.2526241949691204e+00 -8.6477735779171658e-02
3.2532078139993090e+00 -8.6424323740400974e-02
3.2537914330294972e+00 -8.6370931710086488e-02
3.2543750520596859e+00 -8.6317559706151292e-02
3.2549586710898741e+00 -8.6264207746452562e-02
3.2555422901200624e+00 -8.6210875848781496e-02
3.2561259091502510e+00 -8.6157564030863693e-02
3.2567095281804392e+00 -8.6104272310359067e-02
3.2572931472106275e+00 -8.6051000704862018e-02
3.2578767662408161e+00 -8.5997749231901663e-02
3.2584603852710043e+00 -8.5944517908941906e-02
3.2590440043011926e+00 -8.5891306753381483e-02
3.2596276233313812e+00 -8.5838115782554139e-02
3.2602112423615695e+00 -8.5784945013729075e-02
3.2607948613917577e+00 -8.5731794464110431e-02
3.2613784804219463e+00 -8.5678664150837941e-02
3.2619620994521346e+00 -8.5625554090986988e-02
3.2625457184823232e+00 -8.5572464301568521e-02
3.2631293375125114e+00 -8.5519394799529400e-02
3.2637129565426997e+00 -8.5466345601752342e-02
3.2642965755728883e+00 -8.5413316725056185e-02
3.2648801946030765e+00 -8.5360308186196054e-02
3.2654638136332648e+00 -8.5307320001863293e-02
3.2660474326634534e+00 -8.5254352188685711e-02
3.2666310516936417e+00 -8.5201404763227934e-02
3.2672146707238299e+00 -8.5148477741990969e-02
3.2677982897540185e+00 -8.5095571141412876e-02
3.2683819087842068e+00 -8.5042684977868752e-02
3.2689655278143950e+00 -8.4989819267670672e-02
3.2695491468445836e+00 -8.4936974027067833e-02
3.2701327658747719e+00 -8.4884149272247161e-02
3.2707163849049605e+00 -8.4831345019332691e-02
3.2713000039351487e+00 -8.4778561284386253e-02
3.2718836229653370e+00 -8.4725798083407355e-02
3.2724672419955256e+00 -8.4673055432333388e-02
3.2730508610257139e+00 -8.4620333347039819e-02
3.2736344800559021e+00 -8.4567631843340027e-02
3.2742180990860907e+00 -8.4514950936985730e-02
3.2748017181162790e+00 -8.4462290643667143e-02
3.2753853371464672e+00 -8.4409650979012790e-02
3.2759689561766558e+00 -8.4357031958589762e-02
3.2765525752068441e+00 -8.4304433597904127e-02
3.2771361942370323e+00 -8.4251855912400697e-02
3.2777198132672209e+00 -8.4199298917463097e-02
3.2783034322974092e+00 -8.4146762628414307e-02
3.2788870513275974e+00 -8.4094247060516505e-02
3.2794706703577861e+00 -8.4041752228971006e-02
3.2800542893879743e+00 -8.3989278148918892e-02
3.2806379084181629e+00 -8.3936824835440627e-02
3.2812215274483512e+00 -8.3884392303556585e-02
3.2818051464785394e+00 -8.3831980568226841e-02
3.2823887655087280e+00 -8.3779589644351365e-02
3.2829723845389163e+00 -8.3727219546770565e-02
3.2835560035691045e+00 -8.3674870290264700e-02
3.2841396225992932e+00 -8.3622541889554411e-02
3.2847232416294814e+00 -8.3570234359301068e-02
3.2853068606596696e+00 -8.3517947714106325e-02
3.2858904796898583e+00 -8.3465681968512576e-02
3.2864740987200465e+00 -8.3413437137003166e-02
3.2870577177502347e+00 -8.3361213234002335e-02
3.2876413367804234e+00 -8.3309010273875245e-02
3.2882249558106116e+00 -8.3256828270928410e-02
3.2888085748408002e+00 -8.3204667239409530e-02
3.2893921938709885e+00 -8.3152527193507839e-02
3.2899758129011767e+00 -8.3100408147353963e-02
3.2905594319313654e+00 -8.3048310115020188e-02
3.2911430509615536e+00 -8.2996233110520776e-02
3.2917266699917418e+00 -8.2944177147811715e-02
3.2923102890219305e+00 -8.2892142240790917e-02
3.2928939080521187e+00 -8.2840128403298713e-02
3.2934775270823069e+00 -8.2788135649117453e-02
3.2940611461124956e+00 -8.2736163991971867e-02
3.2946447651426838e+00 -8.2684213445529259e-02
3.2952283841728720e+00 -8.2632284023399533e-02
3.2958120032030607e+00 -8.2580375739135181e-02
3.2963956222332489e+00 -8.2528488606231673e-02
3.2969792412634376e+00 -8.2476622638127439e-02
3.2975628602936258e+00 -8.2424777848203901e-02
3.2981464793238140e+00 -8.2372954249785663e-02
3.2987300983540027e+00 -8.2321151856140626e-02
3.2993137173841909e+00 -8.2269370680480264e-02
3.2998973364143791e+00 -8.2217610735959429e-02
3.3004809554445678e+00 -8.2165872035676546e-02
3.3010645744747560e+00 -8.2114154592674141e-02
3.3016481935049442e+00 -8.2062458419938297e-02
3.3022318125351329e+00 -8.2010783530399173e-02
3.3028154315653211e+00 -8.1959129936931094e-02
3.3033990505955093e+00 -8.1907497652352682e-02
3.3039826696256980e+00 -8.1855886689426657e-02
3.3045662886558862e+00 -8.1804297060860467e-02
3.3051499076860749e+00 -8.1752728779305964e-02
3.3057335267162631e+00 -8.1701181857359778e-02
3.3063171457464513e+00 -8.1649656307563281e-02
3.3069007647766400e+00 -8.1598152142402666e-02
3.3074843838068282e+00 -8.1546669374309405e-02
3.3080680028370164e+00 -8.1495208015659848e-02
3.3086516218672051e+00 -8.1443768078775694e-02
3.3092352408973933e+00 -8.1392349575924131e-02
3.3098188599275815e+00 -8.1340952519317597e-02
3.3104024789577702e+00 -8.1289576921114229e-02
3.3109860979879584e+00 -8.1238222793417914e-02
3.3115697170181466e+00 -8.1186890148278276e-02
3.3121533360483353e+00 -8.1135578997690846e-02
3.3127369550785235e+00 -8.1084289353597350e-02
3.3133205741087122e+00 -8.1033021227885374e-02
3.3139041931389004e+00 -8.0981774632389078e-02
3.3144878121690886e+00 -8.0930549578888789e-02
3.3150714311992773e+00 -8.0879346079111319e-02
3.3156550502294655e+00 -8.0828164144730250e-02
3.3162386692596537e+00 -8.0777003787365617e-02
3.3168222882898424e+00 -8.0725865018584447e-02
3.3174059073200306e+00 -8.0674747849900558e-02
3.3179895263502188e+00 -8.0623652292775017e-02
3.3185731453804075e+00 -8.0572578358615726e-02
3.3191567644105957e+00 -8.0521526058778034e-02
3.3197403834407839e+00 -8.0470495404564718e-02
3.3203240024709726e+00 -8.0419486407225765e-02
3.3209076215011608e+00 -8.0368499077959010e-02
3.3214912405313490e+00 -8.0317533427909760e-02
3.3220748595615377e+00 -8.0266589468171265e-02
3.3226584785917259e+00 -8.0215667209784680e-02
3.3232420976219146e+00 -8.0164766663738965e-02
3.3238257166521028e+00 -8.0113887840971523e-02
3.3244093356822910e+00 -8.0063030752367731e-02
3.3249929547124797e+00 -8.0012195408761339e-02
3.3255765737426679e+00 -7.9961381820934610e-02
3.3261601927728561e+00 -7.9910589999618392e-02
3.3267438118030448e+00 -7.9859819955492031e-02
3.3273274308332330e+00 -7.9809071699183748e-02
3.3279110498634212e+00 -7.9758345241270692e-02
3.3284946688936099e+00 -7.9707640592278778e-02
3.3290782879237981e+00 -7.9656957762683292e-02
3.3296619069539863e+00 -7.9606296762908368e-02
3.3302455259841750e+00 -7.9555657603327751e-02
3.3308291450143632e+00 -7.9505040294264431e-02
3.3314127640445519e+00 -7.9454444845990818e-02
3.3319963830747401e+00 -7.9403871268729193e-02
3.3325800021049283e+00 -7.9353319572651321e-02
3.3331636211351170e+00 -7.9302789767878828e-02
3.3337472401653052e+00 -7.9252281864483340e-02
3.3343308591954934e+00 -7.9201795872486491e-02
3.3349144782256821e+00 -7.9151331801859959e-02
3.3354980972558703e+00 -7.9100889662525778e-02
3.3360817162860585e+00 -7.9050469464356302e-02
3.3366653353162472e+00 -7.9000071217174256e-02
3.3372489543464354e+00 -7.8949694930753017e-02
3.3378325733766236e+00 -7.8899340614816488e-02
3.3384161924068123e+00 -7.8849008279039456e-02
3.3389998114370005e+00 -7.8798697933047557e-02
3.3395834304671892e+00 -7.8748409586417240e-02
3.3401670494973774e+00 -7.8698143248676258e-02
3.3407506685275656e+00 -7.8647898929303295e-02
3.3413342875577543e+00 -7.8597676637728459e-02
3.3419179065879425e+00 -7.8547476383333148e-02
3.3425015256181307e+00 -7.8497298175450342e-02
3.3430851446483194e+00 -7.8447142023364447e-02
3.3436687636785076e+00 -7.8397007936311658e-02
3.3442523827086958e+00 -7.8346895923479959e-02
3.3448360017388845e+00 -7.8296805994009080e-02
3.3454196207690727e+00 -7.8246738156990930e-02
3.3460032397992610e+00 -7.8196692421469274e-02
3.3465868588294496e+00 -7.8146668796440305e-02
3.3471704778596378e+00 -7.8096667290852351e-02
3.3477540968898265e+00 -7.8046687913606055e-02
3.3483377159200147e+00 -7.7996730673554782e-02
3.3489213349502029e+00 -7.7946795579504277e-02
3.3495049539803916e+00 -7.7896882640213050e-02
3.3500885730105798e+00 -7.7846991864392326e-02
3.3506721920407680e+00 -7.7797123260706369e-02
3.3512558110709567e+00 -7.7747276837772217e-02
3.3518394301011449e+00 -7.7697452604160222e-02
3.3524230491313332e+00 -7.7647650568393692e-02
3.3530066681615218e+00 -7.7597870738949359e-02
3.3535902871917100e+00 -7.7548113124257356e-02
3.3541739062218983e+00 -7.7498377732701143e-02
3.3547575252520869e+00 -7.7448664572617870e-02
3.3553411442822751e+00 -7.7398973652298406e-02
3.3559247633124638e+00 -7.7349304979987196e-02
3.3565083823426520e+00 -7.7299658563882864e-02
3.3570920013728403e+00 -7.7250034412137680e-02
3.3576756204030289e+00 -7.7200432532858146e-02
3.3582592394332171e+00 -7.7150852934104938e-02
3.3588428584634054e+00 -7.7101295623892979e-02
3.3594264774935940e+00 -7.7051760610191436e-02
3.3600100965237822e+00 -7.7002247900924109e-02
3.3605937155539705e+00 -7.6952757503969196e-02
3.3611773345841591e+00 -7.6903289427159613e-02
3.3617609536143473e+00 -7.6853843678283074e-02
3.3623445726445356e+00 -7.6804420265081996e-02
3.3629281916747242e+00 -7.6755019195253821e-02
3.3635118107049125e+00 -7.6705640476451051e-02
3.3640954297351007e+00 -7.6656284116281198e-02
3.3646790487652893e+00 -7.6606950122307046e-02
3.3652626677954776e+00 -7.6557638502046818e-02
3.3658462868256662e+00 -7.6508349262973993e-02
3.3664299058558544e+00 -7.6459082412517559e-02
3.3670135248860427e+00 -7.6409837958062235e-02
3.3675971439162313e+00 -7.6360615906948287e-02
3.3681807629464195e+00 -7.6311416266471893e-02
3.3687643819766078e+00 -7.6262239043885044e-02
3.3693480010067964e+00 -7.6213084246395710e-02
3.3699316200369847e+00 -7.6163951881167993e-02
3.3705152390671729e+00 -7.6114841955322074e-02
3.3710988580973615e+00 -7.6065754475934486e-02
3.3716824771275498e+00 -7.6016689450038102e-02
3.3722660961577380e+00 -7.5967646884622153e-02
3.3728497151879266e+00 -7.5918626786632415e-02
3.3734333342181149e+00 -7.5869629162971464e-02
3.3740169532483035e+00 -7.5820654020498451e-02
3.3746005722784918e+00 -7.5771701366029343e-02
3.3751841913086800e+00 -7.5722771206337136e-02
3.3757678103388686e+00 -7.5673863548151657e-02
3.3763514293690569e+00 -7.5624978398160014e-02
3.3769350483992451e+00 -7.5576115763006338e-02
3.3775186674294337e+00 -7.5527275649292111e-02
3.3781022864596220e+00 -7.5478458063576254e-02
3.3786859054898102e+00 -7.5429663012375012e-02
3.3792695245199988e+00 -7.5380890502162262e-02
3.3798531435501871e+00 -7.5332140539369569e-02
3.3804367625803753e+00 -7.5283413130386154e-02
3.3810203816105640e+00 -7.5234708281558982e-02
3.3816040006407522e+00 -7.5186025999193218e-02
3.3821876196709408e+00 -7.5137366289551755e-02
3.3827712387011291e+00 -7.5088729158855699e-02
3.3833548577313173e+00 -7.5040114613284345e-02
3.3839384767615059e+00 -7.4991522658975254e-02
3.3845220957916942e+00 -7.4942953302024384e-02
3.3851057148218824e+00 -7.4894406548486017e-02
3.3856893338520710e+00 -7.4845882404373190e-02
3.3862729528822593e+00 -7.4797380875657460e-02
3.3868565719124475e+00 -7.4748901968269083e-02
3.3874401909426362e+00 -7.4700445688097111e-02
3.3880238099728244e+00 -7.4652012040989701e-02
3.3886074290030126e+00 -7.4603601032753764e-02
3.3891910480332013e+00 -7.4555212669155338e-02
3.3897746670633895e+00 -7.4506846955919803e-02
3.3903582860935781e+00 -7.4458503898731584e-02
3.3909419051237664e+00 -7.4410183503234556e-02
3.3915255241539546e+00 -7.4361885775032013e-02
3.3921091431841432e+00 -7.4313610719686757e-02
3.3926927622143315e+00 -7.4265358342721258e-02
3.3932763812445197e+00 -7.4217128649617534e-02
3.3938600002747084e+00 -7.4168921645817537e-02
3.3944436193048966e+00 -7.4120737336723100e-02
3.3950272383350848e+00 -7.4072575727695891e-02
3.3956108573652735e+00 -7.4024436824057599e-02
3.3961944763954617e+00 -7.3976320631090317e-02
3.3967780954256499e+00 -7.3928227154036075e-02
3.3973617144558386e+00 -7.3880156398097238e-02
3.3979453334860268e+00 -7.3832108368436747e-02
3.3985289525162155e+00 -7.3784083070177808e-02
3.3991125715464037e+00 -7.3736080508404356e-02
3.3996961905765919e+00 -7.3688100688160826e-02
3.4002798096067806e+00 -7.3640143614452494e-02
3.4008634286369688e+00 -7.3592209292245456e-02
3.4014470476671570e+00 -7.3544297726466618e-02
3.4020306666973457e+00 -7.3496408922003972e-02
3.4026142857275339e+00 -7.3448542883706572e-02
3.4031979047577221e+00 -7.3400699616384596e-02
3.4037815237879108e+00 -7.3352879124809423e-02
3.4043651428180990e+00 -7.3305081413713932e-02
3.4049487618482872e+00 -7.3257306487792273e-02
3.4055323808784759e+00 -7.3209554351699999e-02
3.4061159999086641e+00 -7.3161825010054582e-02
3.4066996189388528e+00 -7.3114118467434805e-02
3.4072832379690410e+00 -7.3066434728381438e-02
3.4078668569992292e+00 -7.3018773797396935e-02
3.4084504760294179e+00 -7.2971135678945739e-02
3.4090340950596061e+00 -7.2923520377454337e-02
3.4096177140897943e+00 -7.2875927897311149e-02
3.4102013331199830e+00 -7.2828358242866931e-02
3.4107849521501712e+00 -7.2780811418434649e-02
3.4113685711803594e+00 -7.2733287428289509e-02
3.4119521902105481e+00 -7.2685786276669148e-02
3.4125358092407363e+00 -7.2638307967773902e-02
3.4131194282709245e+00 -7.2590852505766440e-02
3.4137030473011132e+00 -7.2543419894772129e-02
3.4142866663313014e+00 -7.2496010138879269e-02
3.4148702853614896e+00 -7.2448623242138799e-02
3.4154539043916783e+00 -7.2401259208564592e-02
3.4160375234218665e+00 -7.2353918042133578e-02
3.4166211424520552e+00 -7.2306599746785702e-02
3.4172047614822434e+00 -7.2259304326424176e-02
3.4177883805124316e+00 -7.2212031784915212e-02
3.4183719995426203e+00 -7.2164782126088567e-02
3.4189556185728085e+00 -7.2117555353737345e-02
3.4195392376029967e+00 -7.2070351471618027e-02
3.4201228566331854e+00 -7.2023170483450638e-02
3.4207064756633736e+00 -7.1976012392919106e-02
3.4212900946935618e+00 -7.1928877203670777e-02
3.4218737137237505e+00 -7.1881764919316860e-02
3.4224573327539387e+00 -7.1834675543432577e-02
3.4230409517841269e+00 -7.1787609079557016e-02
3.4236245708143156e+00 -7.1740565531193234e-02
3.4242081898445038e+00 -7.1693544901808556e-02
3.4247918088746925e+00 -7.1646547194834390e-02
3.4253754279048807e+00 -7.1599572413666490e-02
3.4259590469350689e+00 -7.1552620561664906e-02
3.4265426659652576e+00 -7.1505691642154090e-02
3.4271262849954458e+00 -7.1458785658423216e-02
3.4277099040256340e+00 -7.1411902613725819e-02
3.4282935230558227e+00 -7.1365042511280105e-02
3.4288771420860109e+00 -7.1318205354269290e-02
3.4294607611161991e+00 -7.1271391145841162e-02
3.4300443801463878e+00 -7.1224599889108398e-02
3.4306279991765760e+00 -7.1177831587148896e-02
3.4312116182067642e+00 -7.1131086243005445e-02
3.4317952372369529e+00 -7.1084363859685931e-02
3.4323788562671411e+00 -7.1037664440163600e-02
3.4329624752973298e+00 -7.0990987987376894e-02
3.4335460943275180e+00 -7.0944334504229697e-02
3.4341297133577062e+00 -7.0897703993591271e-02
3.4347133323878949e+00 -7.0851096458296375e-02
3.4352969514180831e+00 -7.0804511901145589e-02
3.4358805704482713e+00 -7.0757950324904895e-02
3.4364641894784600e+00 -7.0711411732306134e-02
3.4370478085086482e+00 -7.0664896126047094e-02
3.4376314275388364e+00 -7.0618403508791366e-02
3.4382150465690251e+00 -7.0571933883168458e-02
3.4387986655992133e+00 -7.0525487251774086e-02
3.4393822846294015e+00 -7.0479063617170087e-02
3.4399659036595902e+00 -7.0432662981884359e-02
3.4405495226897784e+00 -7.0386285348411265e-02
3.4411331417199671e+00 -7.0339930719211449e-02
3.4417167607501553e+00 -7.0293599096712067e-02
3.4423003797803435e+00 -7.0247290483306662e-02
3.4428839988105322e+00 -7.0201004881355430e-02
3.4434676178407204e+00 -7.0154742293185357e-02
3.4440512368709086e+00 -7.0108502721090010e-02
3.4446348559010973e+00 -7.0062286167329707e-02
3.4452184749312855e+00 -7.0016092634131957e-02
3.4458020939614737e+00 -6.9969922123690978e-02
3.4463857129916624e+00 -6.9923774638168054e-02
3.4469693320218506e+00 -6.9877650179691664e-02
3.4475529510520388e+00 -6.9831548750357464e-02
3.4481365700822275e+00 -6.9785470352228318e-02
3.4487201891124157e+00 -6.9739414987334436e-02
3.4493038081426044e+00 -6.9693382657673497e-02
3.4498874271727926e+00 -6.9647373365210638e-02
3.4504710462029808e+00 -6.9601387111878521e-02
3.4510546652331695e+00 -6.9555423899577362e-02
3.4516382842633577e+00 -6.9509483730175348e-02
3.4522219032935459e+00 -6.9463566605508162e-02
3.4528055223237346e+00 -6.9417672527379376e-02
3.4533891413539228e+00 -6.9371801497560698e-02
3.4539727603841111e+00 -6.9325953517791611e-02
3.4545563794142997e+00 -6.9280128589779694e-02
3.4551399984444879e+00 -6.9234326715200731e-02
3.4557236174746762e+00 -6.9188547895698768e-02
3.4563072365048648e+00 -6.9142792132885933e-02
3.4568908555350530e+00 -6.9097059428342891e-02
3.4574744745652413e+00 -6.9051349783618737e-02
3.4580580935954299e+00 -6.9005663200230924e-02
3.4586417126256181e+00 -6.8959999679665623e-02
3.4592253316558068e+00 -6.8914359223377492e-02
3.4598089506859950e+00 -6.8868741832790112e-02
3.4603925697161833e+00 -6.8823147509295676e-02
3.4609761887463719e+00 -6.8777576254255221e-02
3.4615598077765601e+00 -6.8732028068998904e-02
3.4621434268067484e+00 -6.8686502954825715e-02
3.4627270458369370e+00 -6.8641000913003694e-02
3.4633106648671252e+00 -6.8595521944770088e-02
3.4638942838973135e+00 -6.8550066051331418e-02
3.4644779029275021e+00 -6.8504633233863341e-02
3.4650615219576903e+00 -6.8459223493510940e-02
3.4656451409878786e+00 -6.8413836831388755e-02
3.4662287600180672e+00 -6.8368473248580724e-02
3.4668123790482555e+00 -6.8323132746140450e-02
3.4673959980784441e+00 -6.8277815325091001e-02
3.4679796171086323e+00 -6.8232520986425391e-02
3.4685632361388206e+00 -6.8187249731106195e-02
3.4691468551690092e+00 -6.8142001560065835e-02
3.4697304741991974e+00 -6.8096776474206852e-02
3.4703140932293857e+00 -6.8051574474401508e-02
3.4708977122595743e+00 -6.8006395561492197e-02
3.4714813312897626e+00 -6.7961239736291479e-02
3.4720649503199508e+00 -6.7916106999582102e-02
3.4726485693501394e+00 -6.7870997352116935e-02
3.4732321883803277e+00 -6.7825910794619346e-02
3.4738158074105159e+00 -6.7780847327782931e-02
3.4743994264407045e+00 -6.7735806952271854e-02
3.4749830454708928e+00 -6.7690789668720774e-02
3.4755666645010814e+00 -6.7645795477734846e-02
3.4761502835312696e+00 -6.7600824379890109e-02
3.4767339025614579e+00 -6.7555876375733112e-02
3.4773175215916465e+00 -6.7510951465781260e-02
3.4779011406218348e+00 -6.7466049650522844e-02
3.4784847596520230e+00 -6.7421170930417135e-02
3.4790683786822116e+00 -6.7376315305894288e-02
3.4796519977123999e+00 -6.7331482777355595e-02
3.4802356167425881e+00 -6.7286673345173506e-02
3.4808192357727767e+00 -6.7241887009691581e-02
3.4814028548029650e+00 -6.7197123771224734e-02
3.4819864738331532e+00 -6.7152383630059140e-02
3.4825700928633418e+00 -6.7107666586452383e-02
3.4831537118935301e+00 -6.7062972640633614e-02
3.4837373309237187e+00 -6.7018301792803311e-02
3.4843209499539070e+00 -6.6973654043133810e-02
3.4849045689840952e+00 -6.6929029391768868e-02
3.4854881880142838e+00 -6.6884427838824131e-02
3.4860718070444721e+00 -6.6839849384386918e-02
3.4866554260746603e+00 -6.6795294028516555e-02
3.4872390451048489e+00 -6.6750761771244130e-02
3.4878226641350372e+00 -6.6706252612572833e-02
3.4884062831652254e+00 -6.6661766552477936e-02
3.4889899021954141e+00 -6.6617303590906701e-02
3.4895735212256023e+00 -6.6572863727778722e-02
3.4901571402557905e+00 -6.6528446962985696e-02
3.4907407592859792e+00 -6.6484053296391774e-02
3.4913243783161674e+00 -6.6439682727833446e-02
3.4919079973463560e+00 -6.6395335257119562e-02
3.4924916163765443e+00 -6.6351010884031655e-02
3.4930752354067325e+00 -6.6306709608323661e-02
3.4936588544369211e+00 -6.6262431429722227e-02
3.4942424734671094e+00 -6.6218176347926719e-02
3.4948260924972976e+00 -6.6173944362609288e-02
3.4954097115274863e+00 -6.6129735473414802e-02
3.4959933305576745e+00 -6.6085549679961150e-02
3.4965769495878627e+00 -6.6041386981839187e-02
3.4971605686180514e+00 -6.5997247378612622e-02
3.4977441876482396e+00 -6.5953130869818466e-02
3.4983278066784278e+00 -6.5909037454966679e-02
3.4989114257086165e+00 -6.5864967133540592e-02
3.4994950447388047e+00 -6.5820919904996791e-02
3.5000786637689929e+00 -6.5776895768765081e-02
3.5006622827991816e+00 -6.5732894724248703e-02
3.5012459018293698e+00 -6.5688916770824543e-02
3.5018295208595585e+00 -6.5644961907842789e-02
3.5024131398897467e+00 -6.5601030134627272e-02
3.5029967589199349e+00 -6.5557121450475611e-02
3.5035803779501236e+00 -6.5513235854658916e-02
3.5041639969803118e+00 -6.5469373346422249e-02
3.5047476160105000e+00 -6.5425533924984472e-02
3.5053312350406887e+00 -6.5381717589538257e-02
3.5059148540708769e+00 -6.5337924339250369e-02
3.5064984731010651e+00 -6.5294154173261468e-02
3.5070820921312538e+00 -6.5250407090686399e-02
3.5076657111614420e+00 -6.5206683090614143e-02
3.5082493301916302e+00 -6.5162982172107836e-02
3.5088329492218189e+00 -6.5119304334204833e-02
3.5094165682520071e+00 -6.5075649575917008e-02
3.5100001872821958e+00 -6.5032017896230476e-02
3.5105838063123840e+00 -6.4988409294105806e-02
3.5111674253425722e+00 -6.4944823768478183e-02
3.5117510443727609e+00 -6.4901261318257242e-02
3.5123346634029491e+00 -6.4857721942327334e-02
3.5129182824331373e+00 -6.4814205639547443e-02
3.5135019014633260e+00 -6.4770712408751360e-02
3.5140855204935142e+00 -6.4727242248747721e-02
3.5146691395237024e+00 -6.4683795158319901e-02
3.5152527585538911e+00 -6.4640371136226366e-02
3.5158363775840793e+00 -6.4596970181200516e-02
3.5164199966142675e+00 -6.4553592291950804e-02
3.5170036156444562e+00 -6.4510237467160683e-02
3.5175872346746444e+00 -6.4466905705489047e-02
3.5181708537048331e+00 -6.4423597005569794e-02
3.5187544727350213e+00 -6.4380311366012188e-02
3.5193380917652095e+00 -6.4337048785400905e-02
3.5199217107953982e+00 -6.4293809262295901e-02
3.5205053298255864e+00 -6.4250592795232750e-02
3.5210889488557746e+00 -6.4207399382722422e-02
3.5216725678859633e+00 -6.4164229023251584e-02
3.5222561869161515e+00 -6.4121081715282524e-02
3.5228398059463397e+00 -6.4077957457253143e-02
3.5234234249765284e+00 -6.4034856247577238e-02
3.5240070440067166e+00 -6.3991778084644388e-02
3.5245906630369048e+00 -6.3948722966820026e-02
3.5251742820670935e+00 -6.3905690892445466e-02
3.5257579010972817e+00 -6.3862681859838191e-02
3.5263415201274704e+00 -6.3819695867291595e-02
3.5269251391576586e+00 -6.3776732913075215e-02
3.5275087581878468e+00 -6.3733792995434857e-02
3.5280923772180355e+00 -6.3690876112592359e-02
3.5286759962482237e+00 -6.3647982262746067e-02
3.5292596152784119e+00 -6.3605111444070467e-02
3.5298432343086006e+00 -6.3562263654716608e-02
3.5304268533387888e+00 -6.3519438892811947e-02
3.5310104723689770e+00 -6.3476637156460375e-02
3.5315940913991657e+00 -6.3433858443742483e-02
3.5321777104293539e+00 -6.3391102752715464e-02
3.5327613294595421e+00 -6.3348370081413127e-02
3.5333449484897308e+00 -6.3305660427845994e-02
3.5339285675199190e+00 -6.3262973790001592e-02
3.5345121865501077e+00 -6.3220310165844104e-02
3.5350958055802959e+00 -6.3177669553314678e-02
3.5356794246104841e+00 -6.3135051950331519e-02
3.5362630436406728e+00 -6.3092457354789702e-02
3.5368466626708610e+00 -6.3049885764561553e-02
3.5374302817010492e+00 -6.3007337177496361e-02
3.5380139007312379e+00 -6.2964811591420727e-02
3.5385975197614261e+00 -6.2922309004138546e-02
3.5391811387916143e+00 -6.2879829413430829e-02
3.5397647578218030e+00 -6.2837372817056147e-02
3.5403483768519912e+00 -6.2794939212750409e-02
3.5409319958821794e+00 -6.2752528598226956e-02
3.5415156149123681e+00 -6.2710140971176651e-02
3.5420992339425563e+00 -6.2667776329268052e-02
3.5426828529727445e+00 -6.2625434670147279e-02
3.5432664720029332e+00 -6.2583115991438065e-02
3.5438500910331214e+00 -6.2540820290742080e-02
3.5444337100633101e+00 -6.2498547565638607e-02
3.5450173290934983e+00 -6.2456297813684933e-02
3.5456009481236865e+00 -6.2414071032416106e-02
3.5461845671538752e+00 -6.2371867219345276e-02
3.5467681861840634e+00 -6.2329686371963587e-02
3.5473518052142516e+00 -6.2287528487740204e-02
3.5479354242444403e+00 -6.2245393564122349e-02
3.5485190432746285e+00 -6.2203281598535699e-02
3.5491026623048167e+00 -6.2161192588383908e-02
3.5496862813350054e+00 -6.2119126531048945e-02
3.5502699003651936e+00 -6.2077083423891288e-02
3.5508535193953819e+00 -6.2035063264249665e-02
3.5514371384255705e+00 -6.1993066049441277e-02
3.5520207574557587e+00 -6.1951091776761884e-02
3.5526043764859474e+00 -6.1909140443485743e-02
3.5531879955161356e+00 -6.1867212046865801e-02
3.5537716145463238e+00 -6.1825306584133551e-02
3.5543552335765125e+00 -6.1783424052499314e-02
3.5549388526067007e+00 -6.1741564449152180e-02
3.5555224716368889e+00 -6.1699727771259975e-02
3.5561060906670776e+00 -6.1657914015969387e-02
3.5566897096972658e+00 -6.1616123180406247e-02
3.5572733287274541e+00 -6.1574355261675130e-02
3.5578569477576427e+00 -6.1532610256859688e-02
3.5584405667878309e+00 -6.1490888163022811e-02
3.5590241858180192e+00 -6.1449188977206387e-02
3.5596078048482078e+00 -6.1407512696431472e-02
3.5601914238783960e+00 -6.1365859317698473e-02
3.5607750429085847e+00 -6.1324228837987028e-02
3.5613586619387729e+00 -6.1282621254256195e-02
3.5619422809689611e+00 -6.1241036563444283e-02
3.5625258999991498e+00 -6.1199474762469196e-02
3.5631095190293380e+00 -6.1157935848228311e-02
3.5636931380595263e+00 -6.1116419817598508e-02
3.5642767570897149e+00 -6.1074926667436219e-02
3.5648603761199031e+00 -6.1033456394577766e-02
3.5654439951500914e+00 -6.0992008995838960e-02
3.5660276141802800e+00 -6.0950584468015372e-02
3.5666112332104682e+00 -6.0909182807882573e-02
3.5671948522406565e+00 -6.0867804012195811e-02
3.5677784712708451e+00 -6.0826448077690276e-02
3.5683620903010334e+00 -6.0785115001081219e-02
3.5689457093312220e+00 -6.0743804779063784e-02
3.5695293283614102e+00 -6.0702517408313290e-02
3.5701129473915985e+00 -6.0661252885485059e-02
3.5706965664217871e+00 -6.0620011207214664e-02
3.5712801854519753e+00 -6.0578792370117901e-02
3.5718638044821636e+00 -6.0537596370790744e-02
3.5724474235123522e+00 -6.0496423205809481e-02
3.5730310425425404e+00 -6.0455272871730963e-02
3.5736146615727287e+00 -6.0414145365092230e-02
3.5741982806029173e+00 -6.0373040682410811e-02
3.5747818996331056e+00 -6.0331958820184946e-02
3.5753655186632938e+00 -6.0290899774893221e-02
3.5759491376934824e+00 -6.0249863542994914e-02
3.5765327567236707e+00 -6.0208850120929996e-02
3.5771163757538593e+00 -6.0167859505119124e-02
3.5776999947840475e+00 -6.0126891691963752e-02
3.5782836138142358e+00 -6.0085946677846051e-02
3.5788672328444244e+00 -6.0045024459129168e-02
3.5794508518746126e+00 -6.0004125032157143e-02
3.5800344709048009e+00 -5.9963248393254912e-02
3.5806180899349895e+00 -5.9922394538728357e-02
3.5812017089651778e+00 -5.9881563464864680e-02
3.5817853279953660e+00 -5.9840755167931935e-02
3.5823689470255546e+00 -5.9799969644179343e-02
3.5829525660557429e+00 -5.9759206889837546e-02
3.5835361850859311e+00 -5.9718466901118206e-02
3.5841198041161197e+00 -5.9677749674214346e-02
3.5847034231463080e+00 -5.9637055205300417e-02
3.5852870421764962e+00 -5.9596383490532180e-02
3.5858706612066849e+00 -5.9555734526046844e-02
3.5864542802368731e+00 -5.9515108307963180e-02
3.5870378992670617e+00 -5.9474504832381363e-02
3.5876215182972500e+00 -5.9433924095383374e-02
3.5882051373274382e+00 -5.9393366093032619e-02
3.5887887563576268e+00 -5.9352830821374200e-02
3.5893723753878151e+00 -5.9312318276435155e-02
3.5899559944180033e+00 -5.9271828454224088e-02
3.5905396134481919e+00 -5.9231361350731426e-02
3.5911232324783802e+00 -5.9190916961929664e-02
3.5917068515085684e+00 -5.9150495283773030e-02
3.5922904705387571e+00 -5.9110096312197748e-02
3.5928740895689453e+00 -5.9069720043122130e-02
3.5934577085991335e+00 -5.9029366472446505e-02
3.5940413276293222e+00 -5.8989035596053278e-02
3.5946249466595104e+00 -5.8948727409807056e-02
3.5952085656896990e+00 -5.8908441909554569e-02
3.5957921847198873e+00 -5.8868179091124961e-02
3.5963758037500755e+00 -5.8827938950329492e-02
3.5969594227802641e+00 -5.8787721482961762e-02
3.5975430418104524e+00 -5.8747526684797942e-02
3.5981266608406406e+00 -5.8707354551596487e-02
3.5987102798708293e+00 -5.8667205079098284e-02
3.5992938989010175e+00 -5.8627078263026849e-02
3.5998775179312057e+00 -5.8586974099088300e-02
3.6004611369613944e+00 -5.8546892582971209e-02
3.6010447559915826e+00 -5.8506833710346963e-02
3.6016283750217708e+00 -5.8466797476869586e-02
3.6022119940519595e+00 -5.8426783878175868e-02
3.6027956130821477e+00 -5.8386792909885396e-02
3.6033792321123364e+00 -5.8346824567600569e-02
3.6039628511425246e+00 -5.8306878846906766e-02
3.6045464701727128e+00 -5.8266955743372220e-02
3.6051300892029015e+00 -5.8227055252548086e-02
3.6057137082330897e+00 -5.8187177369968757e-02
3.6062973272632779e+00 -5.8147322091151470e-02
3.6068809462934666e+00 -5.8107489411596644e-02
3.6074645653236548e+00 -5.8067679326787920e-02
3.6080481843538430e+00 -5.8027891832192133e-02
3.6086318033840317e+00 -5.7988126923259234e-02
3.6092154224142199e+00 -5.7948384595422633e-02
3.6097990414444081e+00 -5.7908664844099039e-02
3.6103826604745968e+00 -5.7868967664688423e-02
3.6109662795047850e+00 -5.7829293052574358e-02
3.6115498985349737e+00 -5.7789641003123712e-02
3.6121335175651619e+00 -5.7750011511687058e-02
3.6127171365953501e+00 -5.7710404573598363e-02
3.6133007556255388e+00 -5.7670820184175221e-02
3.6138843746557270e+00 -5.7631258338719030e-02
3.6144679936859152e+00 -5.7591719032514678e-02
3.6150516127161039e+00 -5.7552202260830847e-02
3.6156352317462921e+00 -5.7512708018920042e-02
3.6162188507764803e+00 -5.7473236302018602e-02
3.6168024698066690e+00 -5.7433787105346627e-02
3.6173860888368572e+00 -5.7394360424108212e-02
3.6179697078670454e+00 -5.7354956253491435e-02
3.6185533268972341e+00 -5.7315574588668219e-02
3.6191369459274223e+00 -5.7276215424794712e-02
3.6197205649576110e+00 -5.7236878757010945e-02
3.6203041839877992e+00 -5.7197564580441299e-02
3.6208878030179874e+00 -5.7158272890194137e-02
3.6214714220481761e+00 -5.7119003681362038e-02
3.6220550410783643e+00 -5.7079756949022009e-02
3.6226386601085525e+00 -5.7040532688235175e-02
3.6232222791387412e+00 -5.7001330894047041e-02
3.6238058981689294e+00 -5.6962151561487512e-02
3.6243895171991176e+00 -5.6922994685570945e-02
3.6249731362293063e+00 -5.6883860261296083e-02
3.6255567552594945e+00 -5.6844748283646253e-02
3.6261403742896827e+00 -5.6805658747589270e-02
3.6267239933198714e+00 -5.6766591648077590e-02
3.6273076123500596e+00 -5.6727546980048289e-02
3.6278912313802483e+00 -5.6688524738423042e-02
3.6284748504104365e+00 -5.6649524918108436e-02
3.6290584694406247e+00 -5.6610547513995600e-02
3.6296420884708134e+00 -5.6571592520960515e-02
3.6302257075010016e+00 -5.6532659933864172e-02
3.6308093265311898e+00 -5.6493749747552231e-02
3.6313929455613785e+00 -5.6454861956855340e-02
3.6319765645915667e+00 -5.6415996556589180e-02
3.6325601836217549e+00 -5.6377153541554419e-02
3.6331438026519436e+00 -5.6338332906536698e-02
3.6337274216821318e+00 -5.6299534646306840e-02
3.6343110407123200e+00 -5.6260758755620734e-02
3.6348946597425087e+00 -5.6222005229219482e-02
3.6354782787726969e+00 -5.6183274061829401e-02
3.6360618978028851e+00 -5.6144565248162026e-02
3.6366455168330738e+00 -5.6105878782914224e-02
3.6372291358632620e+00 -5.6067214660768187e-02
3.6378127548934507e+00 -5.6028572876391458e-02
3.6383963739236389e+00 -5.5989953424437015e-02
3.6389799929538271e+00 -5.5951356299543363e-02
3.6395636119840158e+00 -5.5912781496334329e-02
3.6401472310142040e+00 -5.5874229009419463e-02
3.6407308500443922e+00 -5.5835698833393836e-02
3.6413144690745809e+00 -5.5797190962838042e-02
3.6418980881047691e+00 -5.5758705392318496e-02
3.6424817071349573e+00 -5.5720242116387146e-02
3.6430653261651460e+00 -5.5681801129581800e-02
3.6436489451953342e+00 -5.5643382426426025e-02
3.6442325642255224e+00 -5.5604986001429137e-02
3.6448161832557111e+00 -5.5566611849086386e-02
3.6453998022858993e+00 -5.5528259963878904e-02
3.6459834213160880e+00 -5.5489930340273719e-02
3.6465670403462762e+00 -5.5451622972723859e-02
3.6471506593764644e+00 -5.5413337855668418e-02
3.6477342784066531e+00 -5.5375074983532439e-02
3.6483178974368413e+00 -5.5336834350727150e-02
3.6489015164670295e+00 -5.5298615951649928e-02
3.6494851354972182e+00 -5.5260419780684196e-02
3.6500687545274064e+00 -5.5222245832199736e-02
3.6506523735575946e+00 -5.5184094100552465e-02
3.6512359925877833e+00 -5.5145964580084660e-02
3.6518196116179715e+00 -5.5107857265124939e-02
3.6524032306481597e+00 -5.5069772149988205e-02
3.6529868496783484e+00 -5.5031709228975850e-02
3.6535704687085366e+00 -5.4993668496375665e-02
3.6541540877387253e+00 -5.4955649946461939e-02
3.6547377067689135e+00 -5.4917653573495470e-02
3.6553213257991017e+00 -5.4879679371723659e-02
3.6559049448292904e+00 -5.4841727335380411e-02
3.6564885638594786e+00 -5.4803797458686375e-02
3.6570721828896668e+00 -5.4765889735848838e-02
3.6576558019198555e+00 -5.4728004161061751e-02
3.6582394209500437e+00 -5.4690140728505893e-02
3.6588230399802320e+00 -5.4652299432348742e-02
3.6594066590104206e+00 -5.4614480266744689e-02
3.6599902780406088e+00 -5.4576683225834963e-02
3.6605738970707971e+00 -5.4538908303747670e-02
3.6611575161009857e+00 -5.4501155494597810e-02
3.6617411351311739e+00 -5.4463424792487523e-02
3.6623247541613626e+00 -5.4425716191505796e-02
3.6629083731915508e+00 -5.4388029685728742e-02
3.6634919922217390e+00 -5.4350365269219603e-02
3.6640756112519277e+00 -5.4312722936028603e-02
3.6646592302821159e+00 -5.4275102680193296e-02
3.6652428493123042e+00 -5.4237504495738366e-02
3.6658264683424928e+00 -5.4199928376675699e-02
3.6664100873726810e+00 -5.4162374317004540e-02
3.6669937064028693e+00 -5.4124842310711324e-02
3.6675773254330579e+00 -5.4087332351769962e-02
3.6681609444632461e+00 -5.4049844434141729e-02
3.6687445634934344e+00 -5.4012378551775236e-02
3.6693281825236230e+00 -5.3974934698606571e-02
3.6699118015538112e+00 -5.3937512868559440e-02
3.6704954205839999e+00 -5.3900113055544964e-02
3.6710790396141881e+00 -5.3862735253461844e-02
3.6716626586443764e+00 -5.3825379456196455e-02
3.6722462776745650e+00 -5.3788045657622685e-02
3.6728298967047532e+00 -5.3750733851602270e-02
3.6734135157349415e+00 -5.3713444031984477e-02
3.6739971347651301e+00 -5.3676176192606458e-02
3.6745807537953183e+00 -5.3638930327293131e-02
3.6751643728255066e+00 -5.3601706429857142e-02
3.6757479918556952e+00 -5.3564504494099115e-02
3.6763316108858834e+00 -5.3527324513807525e-02
3.6769152299160717e+00 -5.3490166482758741e-02
3.6774988489462603e+00 -5.3453030394717077e-02
3.6780824679764486e+00 -5.3415916243434967e-02
3.6786660870066368e+00 -5.3378824022652795e-02
3.6792497060368254e+00 -5.3341753726098944e-02
3.6798333250670137e+00 -5.3304705347490100e-02
3.6804169440972023e+00 -5.3267678880530890e-02
3.6810005631273905e+00 -5.3230674318914276e-02
3.6815841821575788e+00 -5.3193691656321290e-02
3.6821678011877674e+00 -5.3156730886421318e-02
3.6827514202179557e+00 -5.3119792002872021e-02
3.6833350392481439e+00 -5.3082874999319296e-02
3.6839186582783325e+00 -5.3045979869397471e-02
3.6845022773085208e+00 -5.3009106606729264e-02
3.6850858963387090e+00 -5.2972255204925774e-02
3.6856695153688976e+00 -5.2935425657586500e-02
3.6862531343990859e+00 -5.2898617958299608e-02
3.6868367534292741e+00 -5.2861832100641659e-02
3.6874203724594627e+00 -5.2825068078177724e-02
3.6880039914896510e+00 -5.2788325884461661e-02
3.6885876105198396e+00 -5.2751605513035753e-02
3.6891712295500279e+00 -5.2714906957431099e-02
3.6897548485802161e+00 -5.2678230211167382e-02
3.6903384676104047e+00 -5.2641575267753087e-02
3.6909220866405930e+00 -5.2604942120685484e-02
3.6915057056707812e+00 -5.2568330763450556e-02
3.6920893247009698e+00 -5.2531741189523189e-02
3.6926729437311581e+00 -5.2495173392367145e-02
3.6932565627613463e+00 -5.2458627365435044e-02
3.6938401817915349e+00 -5.2422103102168403e-02
3.6944238008217232e+00 -5.2385600595997873e-02
3.6950074198519114e+00 -5.2349119840342948e-02
3.6955910388821001e+00 -5.2312660828612148e-02
3.6961746579122883e+00 -5.2276223554203263e-02
3.6967582769424769e+00 -5.2239808010502944e-02
3.6973418959726652e+00 -5.2203414190887164e-02
3.6979255150028534e+00 -5.2167042088720909e-02
3.6985091340330420e+00 -5.2130691697358511e-02
3.6990927530632303e+00 -5.2094363010143474e-02
3.6996763720934185e+00 -5.2058056020408569e-02
3.7002599911236072e+00 -5.2021770721475805e-02
3.7008436101537954e+00 -5.1985507106656739e-02
3.7014272291839836e+00 -5.1949265169252079e-02
3.7020108482141723e+00 -5.1913044902551976e-02
3.7025944672443605e+00 -5.1876846299836139e-02
3.7031780862745487e+00 -5.1840669354373654e-02
3.7037617053047374e+00 -5.1804514059423018e-02
3.7043453243349256e+00 -5.1768380408232471e-02
3.7049289433651142e+00 -5.1732268394039646e-02
3.7055125623953025e+00 -5.1696178010071876e-02
3.7060961814254907e+00 -5.1660109249546025e-02
3.7066798004556794e+00 -5.1624062105668694e-02
3.7072634194858676e+00 -5.1588036571636221e-02
3.7078470385160558e+00 -5.1552032640634571e-02
3.7084306575462445e+00 -5.1516050305839445e-02
3.7090142765764327e+00 -5.1480089560416532e-02
3.7095978956066209e+00 -5.1444150397521135e-02
3.7101815146368096e+00 -5.1408232810298479e-02
3.7107651336669978e+00 -5.1372336791883751e-02
3.7113487526971860e+00 -5.1336462335401990e-02
3.7119323717273747e+00 -5.1300609433968143e-02
3.7125159907575629e+00 -5.1264778080687239e-02
3.7130996097877516e+00 -5.1228968268654237e-02
3.7136832288179398e+00 -5.1193179990954255e-02
3.7142668478481280e+00 -5.1157413240662329e-02
3.7148504668783167e+00 -5.1121668010843717e-02
3.7154340859085049e+00 -5.1085944294553862e-02
3.7160177049386931e+00 -5.1050242084838243e-02
3.7166013239688818e+00 -5.1014561374732557e-02
3.7171849429990700e+00 -5.0978902157262911e-02
3.7177685620292582e+00 -5.0943264425445514e-02
3.7183521810594469e+00 -5.0907648172286851e-02
3.7189358000896351e+00 -5.0872053390783892e-02
3.7195194191198233e+00 -5.0836480073923836e-02
3.7201030381500120e+00 -5.0800928214684293e-02
3.7206866571802002e+00 -5.0765397806033341e-02
3.7212702762103884e+00 -5.0729888840929487e-02
3.7218538952405771e+00 -5.0694401312321703e-02
3.7224375142707653e+00 -5.0658935213149472e-02
3.7230211333009540e+00 -5.0623490536342859e-02
3.7236047523311422e+00 -5.0588067274822499e-02
3.7241883713613304e+00 -5.0552665421499617e-02
3.7247719903915191e+00 -5.0517284969275995e-02
3.7253556094217073e+00 -5.0481925911044286e-02
3.7259392284518955e+00 -5.0446588239687645e-02
3.7265228474820842e+00 -5.0411271948079976e-02
3.7271064665122724e+00 -5.0375977029086097e-02
3.7276900855424606e+00 -5.0340703475561473e-02
3.7282737045726493e+00 -5.0305451280352353e-02
3.7288573236028375e+00 -5.0270220436295955e-02
3.7294409426330257e+00 -5.0235010936220320e-02
3.7300245616632144e+00 -5.0199822772944387e-02
3.7306081806934026e+00 -5.0164655939278026e-02
3.7311917997235913e+00 -5.0129510428022106e-02
3.7317754187537795e+00 -5.0094386231968512e-02
3.7323590377839677e+00 -5.0059283343900092e-02
3.7329426568141564e+00 -5.0024201756590711e-02
3.7335262758443446e+00 -4.9989141462805510e-02
3.7341098948745328e+00 -4.9954102455300575e-02
3.7346935139047215e+00 -4.9919084726823132e-02
3.7352771329349097e+00 -4.9884088270111725e-02
3.7358607519650979e+00 -4.9849113077895982e-02
3.7364443709952866e+00 -4.9814159142896774e-02
3.7370279900254748e+00 -4.9779226457826273e-02
3.7376116090556630e+00 -4.9744315015387945e-02
3.7381952280858517e+00 -4.9709424808276524e-02
3.7387788471160399e+00 -4.9674555829178138e-02
3.7393624661462286e+00 -4.9639708070770290e-02
3.7399460851764168e+00 -4.9604881525721914e-02
3.7405297042066050e+00 -4.9570076186693318e-02
3.7411133232367937e+00 -4.9535292046336263e-02
3.7416969422669819e+00 -4.9500529097294167e-02
3.7422805612971701e+00 -4.9465787332201784e-02
3.7428641803273588e+00 -4.9431066743685435e-02
3.7434477993575470e+00 -4.9396367324363200e-02
3.7440314183877352e+00 -4.9361689066844579e-02
3.7446150374179239e+00 -4.9327031963730762e-02
3.7451986564481121e+00 -4.9292396007614647e-02
3.7457822754783003e+00 -4.9257781191080784e-02
3.7463658945084890e+00 -4.9223187506705457e-02
3.7469495135386772e+00 -4.9188614947056730e-02
3.7475331325688659e+00 -4.9154063504694347e-02
3.7481167515990541e+00 -4.9119533172170042e-02
3.7487003706292423e+00 -4.9085023942027212e-02
3.7492839896594310e+00 -4.9050535806801125e-02
3.7498676086896192e+00 -4.9016068759019114e-02
3.7504512277198074e+00 -4.8981622791200254e-02
3.7510348467499961e+00 -4.8947197895855589e-02
3.7516184657801843e+00 -4.8912794065488215e-02
3.7522020848103725e+00 -4.8878411292593217e-02
3.7527857038405612e+00 -4.8844049569657613e-02
3.7533693228707494e+00 -4.8809708889160613e-02
3.7539529419009376e+00 -4.8775389243573435e-02
3.7545365609311263e+00 -4.8741090625359404e-02
3.7551201799613145e+00 -4.8706813026974043e-02
3.7557037989915032e+00 -4.8672556440864947e-02
3.7562874180216914e+00 -4.8638320859472055e-02
3.7568710370518796e+00 -4.8604106275227404e-02
3.7574546560820683e+00 -4.8569912680555244e-02
3.7580382751122565e+00 -4.8535740067872327e-02
3.7586218941424447e+00 -4.8501588429587468e-02
3.7592055131726334e+00 -4.8467457758101906e-02
3.7597891322028216e+00 -4.8433348045809246e-02
3.7603727512330098e+00 -4.8399259285095531e-02
3.7609563702631985e+00 -4.8365191468339064e-02
3.7615399892933867e+00 -4.8331144587910740e-02
3.7621236083235750e+00 -4.8297118636173884e-02
3.7627072273537636e+00 -4.8263113605484256e-02
3.7632908463839518e+00 -4.8229129488190199e-02
3.7638744654141401e+00 -4.8195166276632541e-02
3.7644580844443287e+00 -4.8161223963144748e-02
3.7650417034745169e+00 -4.8127302540052895e-02
3.7656253225047056e+00 -4.8093401999675552e-02
3.7662089415348938e+00 -4.8059522334324152e-02
3.7667925605650820e+00 -4.8025663536302644e-02
3.7673761795952707e+00 -4.7991825597907711e-02
3.7679597986254589e+00 -4.7958008511428812e-02
3.7685434176556472e+00 -4.7924212269148163e-02
3.7691270366858358e+00 -4.7890436863340706e-02
3.7697106557160240e+00 -4.7856682286274259e-02
3.7702942747462123e+00 -4.7822948530209471e-02
3.7708778937764009e+00 -4.7789235587399788e-02
3.7714615128065891e+00 -4.7755543450091635e-02
3.7720451318367774e+00 -4.7721872110524276e-02
3.7726287508669660e+00 -4.7688221560929965e-02
3.7732123698971543e+00 -4.7654591793533915e-02
3.7737959889273429e+00 -4.7620982800554275e-02
3.7743796079575311e+00 -4.7587394574202357e-02
3.7749632269877194e+00 -4.7553827106682364e-02
3.7755468460179080e+00 -4.7520280390191592e-02
3.7761304650480962e+00 -4.7486754416920525e-02
3.7767140840782845e+00 -4.7453249179052699e-02
3.7772977031084731e+00 -4.7419764668764776e-02
3.7778813221386613e+00 -4.7386300878226643e-02
3.7784649411688496e+00 -4.7352857799601390e-02
3.7790485601990382e+00 -4.7319435425045249e-02
3.7796321792292265e+00 -4.7286033746707777e-02
3.7802157982594147e+00 -4.7252652756731808e-02
3.7807994172896033e+00 -4.7219292447253418e-02
3.7813830363197916e+00 -4.7185952810401992e-02
3.7819666553499802e+00 -4.7152633838300401e-02
3.7825502743801684e+00 -4.7119335523064743e-02
3.7831338934103567e+00 -4.7086057856804531e-02
3.7837175124405453e+00 -4.7052800831622811e-02
3.7843011314707335e+00 -4.7019564439615982e-02
3.7848847505009218e+00 -4.6986348672873914e-02
3.7854683695311104e+00 -4.6953153523479972e-02
3.7860519885612987e+00 -4.6919978983511162e-02
3.7866356075914869e+00 -4.6886825045037876e-02
3.7872192266216755e+00 -4.6853691700124114e-02
3.7878028456518638e+00 -4.6820578940827619e-02
3.7883864646820520e+00 -4.6787486759199588e-02
3.7889700837122406e+00 -4.6754415147284845e-02
3.7895537027424289e+00 -4.6721364097122083e-02
3.7901373217726175e+00 -4.6688333600743460e-02
3.7907209408028057e+00 -4.6655323650175044e-02
3.7913045598329940e+00 -4.6622334237436523e-02
3.7918881788631826e+00 -4.6589365354541327e-02
3.7924717978933709e+00 -4.6556416993496857e-02
3.7930554169235591e+00 -4.6523489146304144e-02
3.7936390359537477e+00 -4.6490581804958082e-02
3.7942226549839360e+00 -4.6457694961447582e-02
3.7948062740141242e+00 -4.6424828607755264e-02
3.7953898930443128e+00 -4.6391982735857713e-02
3.7959735120745011e+00 -4.6359157337725526e-02
3.7965571311046893e+00 -4.6326352405323186e-02
3.7971407501348780e+00 -4.6293567930609146e-02
3.7977243691650662e+00 -4.6260803905535865e-02
3.7983079881952548e+00 -4.6228060322049944e-02
3.7988916072254431e+00 -4.6195337172091906e-02
3.7994752262556313e+00 -4.6162634447596378e-02
3.8000588452858199e+00 -4.6129952140492196e-02
3.8006424643160082e+00 -4.6097290242702170e-02
3.8012260833461964e+00 -4.6064648746143341e-02
3.8018097023763850e+00 -4.6032027642726875e-02
3.8023933214065733e+00 -4.5999426924358232e-02
3.8029769404367615e+00 -4.5966846582937003e-02
3.8035605594669502e+00 -4.5934286610356964e-02
3.8041441784971384e+00 -4.5901746998506361e-02
3.8047277975273266e+00 -4.5869227739267555e-02
3.8053114165575153e+00 -4.5836728824517177e-02
3.8058950355877035e+00 -4.5804250246126416e-02
3.8064786546178917e+00 -4.5771791995960619e-02
3.8070622736480804e+00 -4.5739354065879541e-02
3.8076458926782686e+00 -4.5706936447737462e-02
3.8082295117084572e+00 -4.5674539133382909e-02
3.8088131307386455e+00 -4.5642162114659067e-02
3.8093967497688337e+00 -4.5609805383403403e-02
3.8099803687990224e+00 -4.5577468931447949e-02
3.8105639878292106e+00 -4.5545152750619301e-02
3.8111476068593988e+00 -4.5512856832738556e-02
3.8117312258895875e+00 -4.5480581169621358e-02
3.8123148449197757e+00 -4.5448325753077896e-02
3.8128984639499639e+00 -4.5416090574913123e-02
3.8134820829801526e+00 -4.5383875626926480e-02
3.8140657020103408e+00 -4.5351680900912066e-02
3.8146493210405290e+00 -4.5319506388658760e-02
3.8152329400707177e+00 -4.5287352081950040e-02
3.8158165591009059e+00 -4.5255217972564141e-02
3.8164001781310946e+00 -4.5223104052273977e-02
3.8169837971612828e+00 -4.5191010312847384e-02
3.8175674161914710e+00 -4.5158936746046825e-02
3.8181510352216597e+00 -4.5126883343629610e-02
3.8187346542518479e+00 -4.5094850097347997e-02
3.8193182732820361e+00 -4.5062836998948905e-02
3.8199018923122248e+00 -4.5030844040174212e-02
3.8204855113424130e+00 -4.4998871212760819e-02
3.8210691303726012e+00 -4.4966918508440354e-02
3.8216527494027899e+00 -4.4934985918939421e-02
3.8222363684329781e+00 -4.4903073435979719e-02
3.8228199874631663e+00 -4.4871181051277811e-02
3.8234036064933550e+00 -4.4839308756545224e-02
3.8239872255235432e+00 -4.4807456543488708e-02
3.8245708445537319e+00 -4.4775624403809791e-02
3.8251544635839201e+00 -4.4743812329205372e-02
3.8257380826141083e+00 -4.4712020311367208e-02
3.8263217016442970e+00 -4.4680248341982212e-02
3.8269053206744852e+00 -4.4648496412732552e-02
3.8274889397046734e+00 -4.4616764515295435e-02
3.8280725587348621e+00 -4.4585052641343284e-02
3.8286561777650503e+00 -4.4553360782543662e-02
3.8292397967952385e+00 -4.4521688930559508e-02
3.8298234158254272e+00 -4.4490037077048850e-02
3.8304070348556154e+00 -4.4458405213664995e-02
3.8309906538858036e+00 -4.4426793332056652e-02
3.8315742729159923e+00 -4.4395201423867714e-02
3.8321578919461805e+00 -4.4363629480737458e-02
3.8327415109763692e+00 -4.4332077494300418e-02
3.8333251300065574e+00 -4.4300545456186682e-02
3.8339087490367456e+00 -4.4269033358021535e-02
3.8344923680669343e+00 -4.4237541191425749e-02
3.8350759870971225e+00 -4.4206068948015598e-02
3.8356596061273107e+00 -4.4174616619402682e-02
3.8362432251574994e+00 -4.4143184197194089e-02
3.8368268441876876e+00 -4.4111771672992559e-02
3.8374104632178758e+00 -4.4080379038396150e-02
3.8379940822480645e+00 -4.4049006284998499e-02
3.8385777012782527e+00 -4.4017653404388908e-02
3.8391613203084409e+00 -4.3986320388152145e-02
3.8397449393386296e+00 -4.3955007227868548e-02
3.8403285583688178e+00 -4.3923713915114238e-02
3.8409121773990065e+00 -4.3892440441460762e-02
3.8414957964291947e+00 -4.3861186798475518e-02
3.8420794154593829e+00 -4.3829952977721423e-02
3.8426630344895716e+00 -4.3798738970757159e-02
3.8432466535197598e+00 -4.3767544769137162e-02
3.8438302725499480e+00 -4.3736370364411567e-02
3.8444138915801367e+00 -4.3705215748126261e-02
3.8449975106103249e+00 -4.3674080911822837e-02
3.8455811296405131e+00 -4.3642965847038896e-02
3.8461647486707018e+00 -4.3611870545307685e-02
3.8467483677008900e+00 -4.3580794998158298e-02
3.8473319867310782e+00 -4.3549739197115724e-02
3.8479156057612669e+00 -4.3518703133700869e-02
3.8484992247914551e+00 -4.3487686799430499e-02
3.8490828438216438e+00 -4.3456690185817215e-02
3.8496664628518320e+00 -4.3425713284369762e-02
3.8502500818820202e+00 -4.3394756086592642e-02
3.8508337009122089e+00 -4.3363818583986392e-02
3.8514173199423971e+00 -4.3332900768047626e-02
3.8520009389725853e+00 -4.3302002630268892e-02
3.8525845580027740e+00 -4.3271124162138720e-02
3.8531681770329622e+00 -4.3240265355141895e-02
3.8537517960631504e+00 -4.3209426200759099e-02
3.8543354150933391e+00 -4.3178606690467108e-02
3.8549190341235273e+00 -4.3147806815738945e-02
3.8555026531537155e+00 -4.3117026568043677e-02
3.8560862721839042e+00 -4.3086265938846464e-02
3.8566698912140924e+00 -4.3055524919608790e-02
3.8572535102442806e+00 -4.3024803501788236e-02
3.8578371292744693e+00 -4.2994101676838536e-02
3.8584207483046575e+00 -4.2963419436209842e-02
3.8590043673348462e+00 -4.2932756771348363e-02
3.8595879863650344e+00 -4.2902113673696590e-02
3.8601716053952226e+00 -4.2871490134693505e-02
3.8607552244254113e+00 -4.2840886145774165e-02
3.8613388434555995e+00 -4.2810301698370010e-02
3.8619224624857877e+00 -4.2779736783908930e-02
3.8625060815159764e+00 -4.2749191393815077e-02
3.8630897005461646e+00 -4.2718665519508987e-02
3.8636733195763528e+00 -4.2688159152407583e-02
3.8642569386065415e+00 -4.2657672283924315e-02
3.8648405576367297e+00 -4.2627204905468986e-02
3.8654241766669180e+00 -4.2596757008447783e-02
3.8660077956971066e+00 -4.2566328584263569e-02
3.8665914147272948e+00 -4.2535919624315535e-02
3.8671750337574835e+00 -4.2505530119999385e-02
3.8677586527876717e+00 -4.2475160062707490e-02
3.8683422718178599e+00 -4.2444809443828654e-02
3.8689258908480486e+00 -4.2414478254748200e-02
3.8695095098782368e+00 -4.2384166486848222e-02
3.8700931289084251e+00 -4.2353874131507298e-02
3.8706767479386137e+00 -4.2323601180100548e-02
3.8712603669688019e+00 -4.2293347623999958e-02
3.8718439859989902e+00 -4.2263113454573981e-02
3.8724276050291788e+00 -4.2232898663187760e-02
3.8730112240593670e+00 -4.2202703241203302e-02
3.8735948430895553e+00 -4.2172527179979123e-02
3.8741784621197439e+00 -4.2142370470870577e-02
3.8747620811499321e+00 -4.2112233105229789e-02
3.8753457001801208e+00 -4.2082115074405596e-02
3.8759293192103090e+00 -4.2052016369743567e-02
3.8765129382404973e+00 -4.2021936982586272e-02
3.8770965572706859e+00 -4.1991876904272932e-02
3.8776801763008741e+00 -4.1961836126139587e-02
3.8782637953310624e+00 -4.1931814639519324e-02
3.8788474143612510e+00 -4.1901812435741918e-02
3.8794310333914392e+00 -4.1871829506134113e-02
3.8800146524216275e+00 -4.1841865842019529e-02
3.8805982714518161e+00 -4.1811921434718798e-02
3.8811818904820043e+00 -4.1781996275549425e-02
3.8817655095121926e+00 -4.1752090355825923e-02
3.8823491285423812e+00 -4.1722203666859664e-02
3.8829327475725695e+00 -4.1692336199959219e-02
3.8835163666027581e+00 -4.1662487946430030e-02
3.8840999856329463e+00 -4.1632658897574670e-02
3.8846836046631346e+00 -4.1602849044692677e-02
3.8852672236933232e+00 -4.1573058379080631e-02
3.8858508427235114e+00 -4.1543286892032377e-02
3.8864344617536997e+00 -4.1513534574838702e-02
3.8870180807838883e+00 -4.1483801418787505e-02
3.8876016998140766e+00 -4.1454087415163966e-02
3.8881853188442648e+00 -4.1424392555250295e-02
3.8887689378744534e+00 -4.1394716830325869e-02
3.8893525569046417e+00 -4.1365060231667396e-02
3.8899361759348299e+00 -4.1335422750548627e-02
3.8905197949650185e+00 -4.1305804378240593e-02
3.8911034139952068e+00 -4.1276205106011640e-02
3.8916870330253954e+00 -4.1246624925127290e-02
3.8922706520555836e+00 -4.1217063826850281e-02
3.8928542710857719e+00 -4.1187521802440855e-02
3.8934378901159605e+00 -4.1157998843156358e-02
3.8940215091461488e+00 -4.1128494940251531e-02
3.8946051281763370e+00 -4.1099010084978432e-02
3.8951887472065256e+00 -4.1069544268586604e-02
3.8957723662367139e+00 -4.1040097482322811e-02
3.8963559852669021e+00 -4.1010669717431225e-02
3.8969396042970907e+00 -4.0981260965153553e-02
3.8975232233272790e+00 -4.0951871216728809e-02
3.8981068423574672e+00 -4.0922500463393505e-02
3.8986904613876558e+00 -4.0893148696381533e-02
3.8992740804178441e+00 -4.0863815906924394e-02
3.8998576994480323e+00 -4.0834502086251001e-02
3.9004413184782210e+00 -4.0805207225587711e-02
3.9010249375084092e+00 -4.0775931316158587e-02
3.9016085565385978e+00 -4.0746674349185018e-02
3.9021921755687861e+00 -4.0717436315886160e-02
3.9027757945989743e+00 -4.0688217207478609e-02
3.9033594136291629e+00 -4.0659017015176532e-02
3.9039430326593512e+00 -4.0629835730191820e-02
3.9045266516895394e+00 -4.0600673343733927e-02
3.9051102707197280e+00 -4.0571529847009860e-02
3.9056938897499163e+00 -4.0542405231224453e-02
3.9062775087801045e+00 -4.0513299487580090e-02
3.9068611278102932e+00 -4.0484212607276839e-02
3.9074447468404814e+00 -4.0455144581512566e-02
3.9080283658706696e+00 -4.0426095401482787e-02
3.9086119849008583e+00 -4.0397065058380678e-02
3.9091956039310465e+00 -4.0368053543397377e-02
3.9097792229612351e+00 -4.0339060847721604e-02
3.9103628419914234e+00 -4.0310086962539918e-02
3.9109464610216116e+00 -4.0281131879036633e-02
3.9115300800518003e+00 -4.0252195588394039e-02
3.9121136990819885e+00 -4.0223278081792102e-02
3.9126973181121767e+00 -4.0194379350408586e-02
3.9132809371423654e+00 -4.0165499385419343e-02
3.9138645561725536e+00 -4.0136638177997890e-02
3.9144481752027418e+00 -4.0107795719315741e-02
3.9150317942329305e+00 -4.0078972000542230e-02
3.9156154132631187e+00 -4.0050167012844751e-02
3.9161990322933069e+00 -4.0021380747388556e-02
3.9167826513234956e+00 -3.9992613195336785e-02
3.9173662703536838e+00 -3.9963864347850743e-02
3.9179498893838725e+00 -3.9935134196089475e-02
3.9185335084140607e+00 -3.9906422731210270e-02
3.9191171274442489e+00 -3.9877729944368265e-02
3.9197007464744376e+00 -3.9849055826716641e-02
3.9202843655046258e+00 -3.9820400369406761e-02
3.9208679845348140e+00 -3.9791763563587920e-02
3.9214516035650027e+00 -3.9763145400407478e-02
3.9220352225951909e+00 -3.9734545871011009e-02
3.9226188416253791e+00 -3.9705964966542127e-02
3.9232024606555678e+00 -3.9677402678142480e-02
3.9237860796857560e+00 -3.9648858996952065e-02
3.9243696987159442e+00 -3.9620333914108831e-02
3.9249533177461329e+00 -3.9591827420748973e-02
3.9255369367763211e+00 -3.9563339508006945e-02
3.9261205558065098e+00 -3.9534870167015276e-02
3.9267041748366980e+00 -3.9506419388904757e-02
3.9272877938668862e+00 -3.9477987164804378e-02
3.9278714128970749e+00 -3.9449573485841501e-02
3.9284550319272631e+00 -3.9421178343141572e-02
3.9290386509574513e+00 -3.9392801727828435e-02
3.9296222699876400e+00 -3.9364443631024086e-02
3.9302058890178282e+00 -3.9336104043849032e-02
3.9307895080480164e+00 -3.9307782957421912e-02
3.9313731270782051e+00 -3.9279480362859748e-02
3.9319567461083933e+00 -3.9251196251277973e-02
3.9325403651385815e+00 -3.9222930613790313e-02
3.9331239841687702e+00 -3.9194683441508837e-02
3.9337076031989584e+00 -3.9166454725544128e-02
3.9342912222291471e+00 -3.9138244457005034e-02
3.9348748412593353e+00 -3.9110052626998966e-02
3.9354584602895235e+00 -3.9081879226631644e-02
3.9360420793197122e+00 -3.9053724247007232e-02
3.9366256983499004e+00 -3.9025587679228521e-02
3.9372093173800886e+00 -3.8997469514396602e-02
3.9377929364102773e+00 -3.8969369743611079e-02
3.9383765554404655e+00 -3.8941288357970186e-02
3.9389601744706537e+00 -3.8913225348570557e-02
3.9395437935008424e+00 -3.8885180706507344e-02
3.9401274125310306e+00 -3.8857154422874393e-02
3.9407110315612188e+00 -3.8829146488763955e-02
3.9412946505914075e+00 -3.8801156895266947e-02
3.9418782696215957e+00 -3.8773185633472804e-02
3.9424618886517839e+00 -3.8745232694469681e-02
3.9430455076819726e+00 -3.8717298069344236e-02
3.9436291267121608e+00 -3.8689381749181767e-02
3.9442127457423495e+00 -3.8661483725066358e-02
3.9447963647725377e+00 -3.8633603988080585e-02
3.9453799838027259e+00 -3.8605742529305764e-02
3.9459636028329146e+00 -3.8577899339821885e-02
3.9465472218631028e+00 -3.8550074410707715e-02
3.9471308408932910e+00 -3.8522267733040627e-02
3.9477144599234797e+00 -3.8494479297896768e-02
3.9482980789536679e+00 -3.8466709096351068e-02
3.9488816979838561e+00 -3.8438957119477153e-02
3.9494653170140448e+00 -3.8411223358347450e-02
3.9500489360442330e+00 -3.8383507804033205e-02
3.9506325550744212e+00 -3.8355810447604367e-02
3.9512161741046099e+00 -3.8328131280129761e-02
3.9517997931347981e+00 -3.8300470292677052e-02
3.9523834121649868e+00 -3.8272827476312707e-02
3.9529670311951750e+00 -3.8245202822102094e-02
3.9535506502253632e+00 -3.8217596321109375e-02
3.9541342692555519e+00 -3.8190007964397608e-02
3.9547178882857401e+00 -3.8162437743028819e-02
3.9553015073159283e+00 -3.8134885648063874e-02
3.9558851263461170e+00 -3.8107351670562506e-02
3.9564687453763052e+00 -3.8079835801583535e-02
3.9570523644064934e+00 -3.8052338032184586e-02
3.9576359834366821e+00 -3.8024858353422328e-02
3.9582196024668703e+00 -3.7997396756352261e-02
3.9588032214970585e+00 -3.7969953232029140e-02
3.9593868405272472e+00 -3.7942527771506439e-02
3.9599704595574354e+00 -3.7915120365836816e-02
3.9605540785876241e+00 -3.7887731006071824e-02
3.9611376976178123e+00 -3.7860359683262249e-02
3.9617213166480005e+00 -3.7833006388457720e-02
3.9623049356781892e+00 -3.7805671112707023e-02
3.9628885547083774e+00 -3.7778353847058077e-02
3.9634721737385656e+00 -3.7751054582557807e-02
3.9640557927687543e+00 -3.7723773310252222e-02
3.9646394117989425e+00 -3.7696510021186541e-02
3.9652230308291307e+00 -3.7669264706405067e-02
3.9658066498593194e+00 -3.7642037356951201e-02
3.9663902688895076e+00 -3.7614827963867593e-02
3.9669738879196959e+00 -3.7587636518195959e-02
3.9675575069498845e+00 -3.7560463010977256e-02
3.9681411259800727e+00 -3.7533307433251638e-02
3.9687247450102614e+00 -3.7506169776058411e-02
3.9693083640404496e+00 -3.7479050030436216e-02
3.9698919830706378e+00 -3.7451948187422771e-02
3.9704756021008265e+00 -3.7424864238055112e-02
3.9710592211310147e+00 -3.7397798173369586e-02
3.9716428401612029e+00 -3.7370749984401742e-02
3.9722264591913916e+00 -3.7343719662186386e-02
3.9728100782215798e+00 -3.7316707197757662e-02
3.9733936972517681e+00 -3.7289712582149061e-02
3.9739773162819567e+00 -3.7262735806393332e-02
3.9745609353121449e+00 -3.7235776861522497e-02
3.9751445543423332e+00 -3.7208835738568105e-02
3.9757281733725218e+00 -3.7181912428560893e-02
3.9763117924027100e+00 -3.7155006922531056e-02
3.9768954114328987e+00 -3.7128119211508055e-02
3.9774790304630869e+00 -3.7101249286520942e-02
3.9780626494932751e+00 -3.7074397138598010e-02
3.9786462685234638e+00 -3.7047562758766972e-02
3.9792298875536520e+00 -3.7020746138055102e-02
3.9798135065838403e+00 -3.6993947267489030e-02
3.9803971256140289e+00 -3.6967166138094754e-02
3.9809807446442171e+00 -3.6940402740897924e-02
3.9815643636744054e+00 -3.6913657066923532e-02
3.9821479827045940e+00 -3.6886929107196084e-02
3.9827316017347822e+00 -3.6860218852739664e-02
3.9833152207649705e+00 -3.6833526294577770e-02
3.9838988397951591e+00 -3.6806851423733439e-02
3.9844824588253474e+00 -3.6780194231229350e-02
3.9850660778555356e+00 -3.6753554708087638e-02
3.9856496968857242e+00 -3.6726932845329963e-02
3.9862333159159125e+00 -3.6700328633977694e-02
3.9868169349461011e+00 -3.6673742065051647e-02
3.9874005539762893e+00 -3.6647173129572365e-02
3.9879841730064776e+00 -3.6620621818559913e-02
3.9885677920366662e+00 -3.6594088123033976e-02
3.9891514110668544e+00 -3.6567572034013875e-02
3.9897350300970427e+00 -3.6541073542518662e-02
3.9903186491272313e+00 -3.6514592639566960e-02
3.9909022681574196e+00 -3.6488129316177016e-02
3.9914858871876078e+00 -3.6461683563366924e-02
3.9920695062177964e+00 -3.6435255372154314e-02
3.9926531252479847e+00 -3.6408844733556586e-02
3.9932367442781729e+00 -3.6382451638590788e-02
3.9938203633083615e+00 -3.6356076078273833e-02
3.9944039823385498e+00 -3.6329718043622242e-02
3.9949876013687384e+00 -3.6303377525652304e-02
3.9955712203989266e+00 -3.6277054515380144e-02
3.9961548394291149e+00 -3.6250749003821608e-02
3.9967384584593035e+00 -3.6224460981992272e-02
3.9973220774894918e+00 -3.6198190440907614e-02
3.9979056965196800e+00 -3.6171937371582856e-02
3.9984893155498686e+00 -3.6145701765033018e-02
3.9990729345800569e+00 -3.6119483612273046e-02
3.9996565536102451e+00 -3.6093282904317590e-02
4.0002401726404333e+00 -3.6067099632181257e-02
4.0008237916706220e+00 -3.6040933786878428e-02
4.0014074107008106e+00 -3.6014785359423457e-02
4.0019910297309984e+00 -3.5988654340830602e-02
4.0025746487611871e+00 -3.5962540722113800e-02
4.0031582677913757e+00 -3.5936444494287116e-02
4.0037418868215635e+00 -3.5910365648364549e-02
4.0043255058517522e+00 -3.5884304175359781e-02
4.0049091248819408e+00 -3.5858260066286694e-02
4.0054927439121286e+00 -3.5832233312159012e-02
4.0060763629423173e+00 -3.5806223903990381e-02
4.0066599819725059e+00 -3.5780231832794551e-02
4.0072436010026937e+00 -3.5754257089585122e-02
4.0078272200328824e+00 -3.5728299665375725e-02
4.0084108390630711e+00 -3.5702359551180070e-02
4.0089944580932588e+00 -3.5676436738011817e-02
4.0095780771234475e+00 -3.5650531216884586e-02
4.0101616961536362e+00 -3.5624642978812238e-02
4.0107453151838239e+00 -3.5598772014808482e-02
4.0113289342140135e+00 -3.5572918315887124e-02
4.0119125532442013e+00 -3.5547081873062228e-02
4.0124961722743890e+00 -3.5521262677347683e-02
4.0130797913045786e+00 -3.5495460719757566e-02
4.0136634103347664e+00 -3.5469675991306134e-02
4.0142470293649541e+00 -3.5443908483007658e-02
4.0148306483951437e+00 -3.5418158185876555e-02
4.0154142674253315e+00 -3.5392425090927451e-02
4.0159978864555193e+00 -3.5366709189175005e-02
4.0165815054857088e+00 -3.5341010471634071e-02
4.0171651245158966e+00 -3.5315328929319732e-02
4.0177487435460844e+00 -3.5289664553247224e-02
4.0183323625762739e+00 -3.5264017334431789e-02
4.0189159816064617e+00 -3.5238387263889184e-02
4.0194996006366503e+00 -3.5212774332635144e-02
4.0200832196668390e+00 -3.5187178531685674e-02
4.0206668386970268e+00 -3.5161599852057093e-02
4.0212504577272155e+00 -3.5136038284765823e-02
4.0218340767574041e+00 -3.5110493820828592e-02
4.0224176957875919e+00 -3.5084966451262446e-02
4.0230013148177806e+00 -3.5059456167084654e-02
4.0235849338479692e+00 -3.5033962959312687e-02
4.0241685528781570e+00 -3.5008486818964485e-02
4.0247521719083457e+00 -3.4983027737058123e-02
4.0253357909385343e+00 -3.4957585704612028e-02
4.0259194099687221e+00 -3.4932160712645037e-02
4.0265030289989108e+00 -3.4906752752176230e-02
4.0270866480290994e+00 -3.4881361814224986e-02
4.0276702670592872e+00 -3.4855987889811216e-02
4.0282538860894759e+00 -3.4830630969954916e-02
4.0288375051196645e+00 -3.4805291045676721e-02
4.0294211241498523e+00 -3.4779968107997571e-02
4.0300047431800410e+00 -3.4754662147938632e-02
4.0305883622102296e+00 -3.4729373156521678e-02
4.0311719812404174e+00 -3.4704101124768877e-02
4.0317556002706061e+00 -3.4678846043702624e-02
4.0323392193007948e+00 -3.4653607904345948e-02
4.0329228383309825e+00 -3.4628386697722301e-02
4.0335064573611712e+00 -3.4603182414855424e-02
4.0340900763913599e+00 -3.4577995046769693e-02
4.0346736954215476e+00 -3.4552824584489952e-02
4.0352573144517363e+00 -3.4527671019041320e-02
4.0358409334819250e+00 -3.4502534341449648e-02
4.0364245525121127e+00 -3.4477414542741169e-02
4.0370081715423014e+00 -3.4452311613942598e-02
4.0375917905724901e+00 -3.4427225546081262e-02
4.0381754096026778e+00 -3.4402156330184952e-02
4.0387590286328665e+00 -3.4377103957281975e-02
4.0393426476630552e+00 -3.4352068418401306e-02
4.0399262666932430e+00 -3.4327049704572316e-02
4.0405098857234316e+00 -3.4302047806825026e-02
4.0410935047536203e+00 -3.4277062716190063e-02
4.0416771237838081e+00 -3.4252094423698601e-02
4.0422607428139967e+00 -3.4227142920382383e-02
4.0428443618441854e+00 -3.4202208197273758e-02
4.0434279808743732e+00 -3.4177290245405785e-02
4.0440115999045618e+00 -3.4152389055812069e-02
4.0445952189347505e+00 -3.4127504619526759e-02
4.0451788379649383e+00 -3.4102636927584883e-02
4.0457624569951278e+00 -3.4077785971021859e-02
4.0463460760253156e+00 -3.4052951740873971e-02
4.0469296950555034e+00 -3.4028134228178061e-02
4.0475133140856929e+00 -3.4003333423971639e-02
4.0480969331158807e+00 -3.3978549319293026e-02
4.0486805521460685e+00 -3.3953781905181092e-02
4.0492641711762580e+00 -3.3929031172675470e-02
4.0498477902064458e+00 -3.3904297112816582e-02
4.0504314092366336e+00 -3.3879579716645514e-02
4.0510150282668231e+00 -3.3854878975203950e-02
4.0515986472970109e+00 -3.3830194879534606e-02
4.0521822663271987e+00 -3.3805527420680791e-02
4.0527658853573882e+00 -3.3780876589686419e-02
4.0533495043875760e+00 -3.3756242377596543e-02
4.0539331234177647e+00 -3.3731624775456687e-02
4.0545167424479533e+00 -3.3707023774313255e-02
4.0551003614781411e+00 -3.3682439365213521e-02
4.0556839805083298e+00 -3.3657871539205478e-02
4.0562675995385185e+00 -3.3633320287337926e-02
4.0568512185687062e+00 -3.3608785600660614e-02
4.0574348375988949e+00 -3.3584267470223979e-02
4.0580184566290836e+00 -3.3559765887079346e-02
4.0586020756592713e+00 -3.3535280842278990e-02
4.0591856946894600e+00 -3.3510812326875847e-02
4.0597693137196487e+00 -3.3486360331923884e-02
4.0603529327498364e+00 -3.3461924848477972e-02
4.0609365517800251e+00 -3.3437505867593663e-02
4.0615201708102138e+00 -3.3413103380327609e-02
4.0621037898404015e+00 -3.3388717377737361e-02
4.0626874088705902e+00 -3.3364347850881187e-02
4.0632710279007789e+00 -3.3339994790818450e-02
4.0638546469309667e+00 -3.3315658188609494e-02
4.0644382659611553e+00 -3.3291338035315345e-02
4.0650218849913440e+00 -3.3267034321998207e-02
4.0656055040215318e+00 -3.3242747039721264e-02
4.0661891230517204e+00 -3.3218476179548428e-02
4.0667727420819091e+00 -3.3194221732544819e-02
4.0673563611120969e+00 -3.3169983689776410e-02
4.0679399801422855e+00 -3.3145762042310178e-02
4.0685235991724742e+00 -3.3121556781214187e-02
4.0691072182026620e+00 -3.3097367897557420e-02
4.0696908372328506e+00 -3.3073195382409847e-02
4.0702744562630393e+00 -3.3049039226842589e-02
4.0708580752932271e+00 -3.3024899421927698e-02
4.0714416943234157e+00 -3.3000775958738245e-02
4.0720253133536044e+00 -3.2976668828348495e-02
4.0726089323837922e+00 -3.2952578021833615e-02
4.0731925514139808e+00 -3.2928503530269868e-02
4.0737761704441695e+00 -3.2904445344734697e-02
4.0743597894743573e+00 -3.2880403456306516e-02
4.0749434085045459e+00 -3.2856377856064857e-02
4.0755270275347346e+00 -3.2832368535090334e-02
4.0761106465649224e+00 -3.2808375484464754e-02
4.0766942655951111e+00 -3.2784398695270958e-02
4.0772778846252997e+00 -3.2760438158592871e-02
4.0778615036554875e+00 -3.2736493865515720e-02
4.0784451226856762e+00 -3.2712565807125692e-02
4.0790287417158648e+00 -3.2688653974510186e-02
4.0796123607460526e+00 -3.2664758358757803e-02
4.0801959797762422e+00 -3.2640878950958220e-02
4.0807795988064299e+00 -3.2617015742202410e-02
4.0813632178366177e+00 -3.2593168723582436e-02
4.0819468368668073e+00 -3.2569337886191430e-02
4.0825304558969950e+00 -3.2545523221124036e-02
4.0831140749271828e+00 -3.2521724719475877e-02
4.0836976939573724e+00 -3.2497942372343706e-02
4.0842813129875601e+00 -3.2474176170825805e-02
4.0848649320177479e+00 -3.2450426106021439e-02
4.0854485510479375e+00 -3.2426692169031053e-02
4.0860321700781252e+00 -3.2402974350956626e-02
4.0866157891083130e+00 -3.2379272642901191e-02
4.0871994081385026e+00 -3.2355587035968934e-02
4.0877830271686904e+00 -3.2331917521265588e-02
4.0883666461988790e+00 -3.2308264089897967e-02
4.0889502652290677e+00 -3.2284626732974192e-02
4.0895338842592555e+00 -3.2261005441603791e-02
4.0901175032894441e+00 -3.2237400206897367e-02
4.0907011223196328e+00 -3.2213811019967030e-02
4.0912847413498206e+00 -3.2190237871926201e-02
4.0918683603800092e+00 -3.2166680753889426e-02
4.0924519794101979e+00 -3.2143139656972776e-02
4.0930355984403857e+00 -3.2119614572293655e-02
4.0936192174705743e+00 -3.2096105490970639e-02
4.0942028365007630e+00 -3.2072612404123825e-02
4.0947864555309508e+00 -3.2049135302874683e-02
4.0953700745611394e+00 -3.2025674178345849e-02
4.0959536935913281e+00 -3.2002229021661527e-02
4.0965373126215159e+00 -3.1978799823947315e-02
4.0971209316517045e+00 -3.1955386576329986e-02
4.0977045506818932e+00 -3.1931989269937969e-02
4.0982881697120810e+00 -3.1908607895900928e-02
4.0988717887422697e+00 -3.1885242445349994e-02
4.0994554077724583e+00 -3.1861892909417759e-02
4.1000390268026461e+00 -3.1838559279238177e-02
4.1006226458328348e+00 -3.1815241545946615e-02
4.1012062648630234e+00 -3.1791939700679998e-02
4.1017898838932112e+00 -3.1768653734576623e-02
4.1023735029233999e+00 -3.1745383638776180e-02
4.1029571219535885e+00 -3.1722129404419985e-02
4.1035407409837763e+00 -3.1698891022650680e-02
4.1041243600139650e+00 -3.1675668484612431e-02
4.1047079790441536e+00 -3.1652461781450945e-02
4.1052915980743414e+00 -3.1629270904313368e-02
4.1058752171045301e+00 -3.1606095844348314e-02
4.1064588361347187e+00 -3.1582936592705953e-02
4.1070424551649065e+00 -3.1559793140537994e-02
4.1076260741950952e+00 -3.1536665478997632e-02
4.1082096932252838e+00 -3.1513553599239540e-02
4.1087933122554716e+00 -3.1490457492420049e-02
4.1093769312856603e+00 -3.1467377149696947e-02
4.1099605503158489e+00 -3.1444312562229550e-02
4.1105441693460367e+00 -3.1421263721178844e-02
4.1111277883762254e+00 -3.1398230617707253e-02
4.1117114074064141e+00 -3.1375213242978837e-02
4.1122950264366018e+00 -3.1352211588159283e-02
4.1128786454667914e+00 -3.1329225644415662e-02
4.1134622644969792e+00 -3.1306255402916955e-02
4.1140458835271669e+00 -3.1283300854833510e-02
4.1146295025573565e+00 -3.1260361991337235e-02
4.1152131215875443e+00 -3.1237438803601907e-02
4.1157967406177320e+00 -3.1214531282802743e-02
4.1163803596479216e+00 -3.1191639420116490e-02
4.1169639786781094e+00 -3.1168763206721833e-02
4.1175475977082971e+00 -3.1145902633798867e-02
4.1181312167384867e+00 -3.1123057692529262e-02
4.1187148357686745e+00 -3.1100228374096650e-02
4.1192984547988623e+00 -3.1077414669686099e-02
4.1198820738290518e+00 -3.1054616570484282e-02
4.1204656928592396e+00 -3.1031834067679825e-02
4.1210493118894274e+00 -3.1009067152462742e-02
4.1216329309196169e+00 -3.0986315816024831e-02
4.1222165499498047e+00 -3.0963580049559791e-02
4.1228001689799934e+00 -3.0940859844262678e-02
4.1233837880101820e+00 -3.0918155191330482e-02
4.1239674070403698e+00 -3.0895466081961923e-02
4.1245510260705585e+00 -3.0872792507357236e-02
4.1251346451007471e+00 -3.0850134458718599e-02
4.1257182641309349e+00 -3.0827491927249880e-02
4.1263018831611236e+00 -3.0804864904156560e-02
4.1268855021913122e+00 -3.0782253380646021e-02
4.1274691212215000e+00 -3.0759657347927395e-02
4.1280527402516887e+00 -3.0737076797211407e-02
4.1286363592818773e+00 -3.0714511719710718e-02
4.1292199783120651e+00 -3.0691962106639777e-02
4.1298035973422538e+00 -3.0669427949214630e-02
4.1303872163724424e+00 -3.0646909238653309e-02
4.1309708354026302e+00 -3.0624405966175536e-02
4.1315544544328189e+00 -3.0601918123002832e-02
4.1321380734630075e+00 -3.0579445700358612e-02
4.1327216924931953e+00 -3.0556988689467986e-02
4.1333053115233840e+00 -3.0534547081557933e-02
4.1338889305535726e+00 -3.0512120867857311e-02
4.1344725495837604e+00 -3.0489710039596756e-02
4.1350561686139491e+00 -3.0467314588008682e-02
4.1356397876441378e+00 -3.0444934504327521e-02
4.1362234066743255e+00 -3.0422569779789368e-02
4.1368070257045142e+00 -3.0400220405632311e-02
4.1373906447347029e+00 -3.0377886373096165e-02
4.1379742637648906e+00 -3.0355567673422814e-02
4.1385578827950793e+00 -3.0333264297855829e-02
4.1391415018252680e+00 -3.0310976237640733e-02
4.1397251208554557e+00 -3.0288703484024987e-02
4.1403087398856444e+00 -3.0266446028257888e-02
4.1408923589158331e+00 -3.0244203861590605e-02
4.1414759779460208e+00 -3.0221976975276316e-02
4.1420595969762095e+00 -3.0199765360570022e-02
4.1426432160063982e+00 -3.0177569008728658e-02
4.1432268350365860e+00 -3.0155387911011185e-02
4.1438104540667746e+00 -3.0133222058678282e-02
4.1443940730969633e+00 -3.0111071442992771e-02
4.1449776921271511e+00 -3.0088936055219385e-02
4.1455613111573397e+00 -3.0066815886624656e-02
4.1461449301875284e+00 -3.0044710928477231e-02
4.1467285492177162e+00 -3.0022621172047723e-02
4.1473121682479057e+00 -3.0000546608608524e-02
4.1478957872780935e+00 -2.9978487229434265e-02
4.1484794063082813e+00 -2.9956443025801405e-02
4.1490630253384708e+00 -2.9934413988988277e-02
4.1496466443686586e+00 -2.9912400110275506e-02
4.1502302633988464e+00 -2.9890401380945491e-02
4.1508138824290359e+00 -2.9868417792282574e-02
4.1513975014592237e+00 -2.9846449335573372e-02
4.1519811204894115e+00 -2.9824496002106342e-02
4.1525647395196010e+00 -2.9802557783171851e-02
4.1531483585497888e+00 -2.9780634670062620e-02
4.1537319775799766e+00 -2.9758726654073066e-02
4.1543155966101661e+00 -2.9736833726499771e-02
4.1548992156403539e+00 -2.9714955878641536e-02
4.1554828346705426e+00 -2.9693093101798892e-02
4.1560664537007312e+00 -2.9671245387274645e-02
4.1566500727309190e+00 -2.9649412726373673e-02
4.1572336917611077e+00 -2.9627595110402718e-02
4.1578173107912964e+00 -2.9605792530670791e-02
4.1584009298214841e+00 -2.9584004978488964e-02
4.1589845488516728e+00 -2.9562232445170269e-02
4.1595681678818615e+00 -2.9540474922029929e-02
4.1601517869120492e+00 -2.9518732400385307e-02
4.1607354059422379e+00 -2.9497004871555689e-02
4.1613190249724266e+00 -2.9475292326862648e-02
4.1619026440026143e+00 -2.9453594757629802e-02
4.1624862630328030e+00 -2.9431912155182819e-02
4.1630698820629917e+00 -2.9410244510849615e-02
4.1636535010931794e+00 -2.9388591815960156e-02
4.1642371201233681e+00 -2.9366954061846542e-02
4.1648207391535568e+00 -2.9345331239843082e-02
4.1654043581837445e+00 -2.9323723341286131e-02
4.1659879772139332e+00 -2.9302130357514229e-02
4.1665715962441219e+00 -2.9280552279868140e-02
4.1671552152743097e+00 -2.9258989099690720e-02
4.1677388343044983e+00 -2.9237440808326992e-02
4.1683224533346870e+00 -2.9215907397124142e-02
4.1689060723648748e+00 -2.9194388857431613e-02
4.1694896913950634e+00 -2.9172885180600974e-02
4.1700733104252521e+00 -2.9151396357985908e-02
4.1706569294554399e+00 -2.9129922380942478e-02
4.1712405484856285e+00 -2.9108463240828771e-02
4.1718241675158172e+00 -2.9087018929005139e-02
4.1724077865460050e+00 -2.9065589436834200e-02
4.1729914055761936e+00 -2.9044174755680725e-02
4.1735750246063823e+00 -2.9022774876911666e-02
4.1741586436365701e+00 -2.9001389791896315e-02
4.1747422626667587e+00 -2.8980019492006116e-02
4.1753258816969474e+00 -2.8958663968614729e-02
4.1759095007271352e+00 -2.8937323213098196e-02
4.1764931197573238e+00 -2.8915997216834570e-02
4.1770767387875125e+00 -2.8894685971204342e-02
4.1776603578177003e+00 -2.8873389467590289e-02
4.1782439768478890e+00 -2.8852107697377220e-02
4.1788275958780776e+00 -2.8830840651952440e-02
4.1794112149082654e+00 -2.8809588322705491e-02
4.1799948339384541e+00 -2.8788350701028042e-02
4.1805784529686427e+00 -2.8767127778314205e-02
4.1811620719988305e+00 -2.8745919545960383e-02
4.1817456910290201e+00 -2.8724725995365057e-02
4.1823293100592078e+00 -2.8703547117929339e-02
4.1829129290893956e+00 -2.8682382905056401e-02
4.1834965481195852e+00 -2.8661233348151689e-02
4.1840801671497729e+00 -2.8640098438623248e-02
4.1846637861799607e+00 -2.8618978167881122e-02
4.1852474052101503e+00 -2.8597872527337791e-02
4.1858310242403380e+00 -2.8576781508408228e-02
4.1864146432705258e+00 -2.8555705102509477e-02
4.1869982623007154e+00 -2.8534643301060997e-02
4.1875818813309031e+00 -2.8513596095484799e-02
4.1881655003610909e+00 -2.8492563477204948e-02
4.1887491193912805e+00 -2.8471545437647947e-02
4.1893327384214682e+00 -2.8450541968242846e-02
4.1899163574516569e+00 -2.8429553060420769e-02
4.1904999764818456e+00 -2.8408578705615393e-02
4.1910835955120334e+00 -2.8387618895262780e-02
4.1916672145422220e+00 -2.8366673620801201e-02
4.1922508335724107e+00 -2.8345742873671500e-02
4.1928344526025985e+00 -2.8324826645316784e-02
4.1934180716327871e+00 -2.8303924927182568e-02
4.1940016906629758e+00 -2.8283037710716843e-02
4.1945853096931636e+00 -2.8262164987369925e-02
4.1951689287233522e+00 -2.8241306748594507e-02
4.1957525477535409e+00 -2.8220462985845803e-02
4.1963361667837287e+00 -2.8199633690581351e-02
4.1969197858139173e+00 -2.8178818854261115e-02
4.1975034048441060e+00 -2.8158018468347555e-02
4.1980870238742938e+00 -2.8137232524305476e-02
4.1986706429044824e+00 -2.8116461013602129e-02
4.1992542619346711e+00 -2.8095703927707272e-02
4.1998378809648589e+00 -2.8074961258093042e-02
4.2004214999950475e+00 -2.8054232996234031e-02
4.2010051190252362e+00 -2.8033519133607260e-02
4.2015887380554240e+00 -2.8012819661692313e-02
4.2021723570856127e+00 -2.7992134571971122e-02
4.2027559761158013e+00 -2.7971463855928080e-02
4.2033395951459891e+00 -2.7950807505050180e-02
4.2039232141761778e+00 -2.7930165510826759e-02
4.2045068332063664e+00 -2.7909537864749659e-02
4.2050904522365542e+00 -2.7888924558313270e-02
4.2056740712667429e+00 -2.7868325583014421e-02
4.2062576902969315e+00 -2.7847740930352385e-02
4.2068413093271193e+00 -2.7827170591829091e-02
4.2074249283573080e+00 -2.7806614558948731e-02
4.2080085473874966e+00 -2.7786072823218228e-02
4.2085921664176844e+00 -2.7765545376146963e-02
4.2091757854478731e+00 -2.7745032209246682e-02
4.2097594044780617e+00 -2.7724533314031827e-02
4.2103430235082495e+00 -2.7704048682019356e-02
4.2109266425384382e+00 -2.7683578304728580e-02
4.2115102615686268e+00 -2.7663122173681533e-02
4.2120938805988146e+00 -2.7642680280402749e-02
4.2126774996290033e+00 -2.7622252616419180e-02
4.2132611186591920e+00 -2.7601839173260478e-02
4.2138447376893797e+00 -2.7581439942458819e-02
4.2144283567195684e+00 -2.7561054915548795e-02
4.2150119757497571e+00 -2.7540684084067724e-02
4.2155955947799448e+00 -2.7520327439555424e-02
4.2161792138101344e+00 -2.7499984973554190e-02
4.2167628328403222e+00 -2.7479656677609130e-02
4.2173464518705099e+00 -2.7459342543267658e-02
4.2179300709006995e+00 -2.7439042562079862e-02
4.2185136899308873e+00 -2.7418756725598570e-02
4.2190973089610750e+00 -2.7398485025378939e-02
4.2196809279912646e+00 -2.7378227452978816e-02
4.2202645470214524e+00 -2.7357983999958837e-02
4.2208481660516401e+00 -2.7337754657881949e-02
4.2214317850818297e+00 -2.7317539418313774e-02
4.2220154041120175e+00 -2.7297338272822772e-02
4.2225990231422053e+00 -2.7277151212979696e-02
4.2231826421723948e+00 -2.7256978230358095e-02
4.2237662612025826e+00 -2.7236819316534142e-02
4.2243498802327712e+00 -2.7216674463086541e-02
4.2249334992629599e+00 -2.7196543661596760e-02
4.2255171182931477e+00 -2.7176426903648760e-02
4.2261007373233364e+00 -2.7156324180829208e-02
4.2266843563535250e+00 -2.7136235484727440e-02
4.2272679753837128e+00 -2.7116160806935404e-02
4.2278515944139015e+00 -2.7096100139047639e-02
4.2284352134440901e+00 -2.7076053472661489e-02
4.2290188324742779e+00 -2.7056020799376804e-02
4.2296024515044666e+00 -2.7036002110796147e-02
4.2301860705346552e+00 -2.7015997398524803e-02
4.2307696895648430e+00 -2.6996006654170665e-02
4.2313533085950317e+00 -2.6976029869344290e-02
4.2319369276252203e+00 -2.6956067035658917e-02
4.2325205466554081e+00 -2.6936118144730556e-02
4.2331041656855968e+00 -2.6916183188177779e-02
4.2336877847157854e+00 -2.6896262157621885e-02
4.2342714037459732e+00 -2.6876355044686925e-02
4.2348550227761619e+00 -2.6856461840999588e-02
4.2354386418063505e+00 -2.6836582538189224e-02
4.2360222608365383e+00 -2.6816717127888020e-02
4.2366058798667270e+00 -2.6796865601730748e-02
4.2371894988969157e+00 -2.6777027951354913e-02
4.2377731179271034e+00 -2.6757204168400838e-02
4.2383567369572921e+00 -2.6737394244511384e-02
4.2389403559874808e+00 -2.6717598171332273e-02
4.2395239750176685e+00 -2.6697815940511987e-02
4.2401075940478572e+00 -2.6678047543701535e-02
4.2406912130780459e+00 -2.6658292972554891e-02
4.2412748321082336e+00 -2.6638552218728691e-02
4.2418584511384223e+00 -2.6618825273882197e-02
4.2424420701686110e+00 -2.6599112129677558e-02
4.2430256891987987e+00 -2.6579412777779695e-02
4.2436093082289874e+00 -2.6559727209856086e-02
4.2441929272591761e+00 -2.6540055417577150e-02
4.2447765462893638e+00 -2.6520397392616083e-02
4.2453601653195525e+00 -2.6500753126648645e-02
4.2459437843497412e+00 -2.6481122611353582e-02
4.2465274033799290e+00 -2.6461505838412280e-02
4.2471110224101176e+00 -2.6441902799508910e-02
4.2476946414403063e+00 -2.6422313486330506e-02
4.2482782604704941e+00 -2.6402737890566821e-02
4.2488618795006827e+00 -2.6383176003910332e-02
4.2494454985308714e+00 -2.6363627818056474e-02
4.2500291175610592e+00 -2.6344093324703308e-02
4.2506127365912487e+00 -2.6324572515551734e-02
4.2511963556214365e+00 -2.6305065382305575e-02
4.2517799746516243e+00 -2.6285571916671285e-02
4.2523635936818138e+00 -2.6266092110358134e-02
4.2529472127120016e+00 -2.6246625955078425e-02
4.2535308317421894e+00 -2.6227173442546988e-02
4.2541144507723789e+00 -2.6207734564481590e-02
4.2546980698025667e+00 -2.6188309312602943e-02
4.2552816888327545e+00 -2.6168897678634354e-02
4.2558653078629440e+00 -2.6149499654302071e-02
4.2564489268931318e+00 -2.6130115231335221e-02
4.2570325459233196e+00 -2.6110744401465699e-02
4.2576161649535091e+00 -2.6091387156428218e-02
4.2581997839836969e+00 -2.6072043487960404e-02
4.2587834030138856e+00 -2.6052713387802656e-02
4.2593670220440742e+00 -2.6033396847698290e-02
4.2599506410742620e+00 -2.6014093859393433e-02
4.2605342601044507e+00 -2.5994804414637009e-02
4.2611178791346394e+00 -2.5975528505180957e-02
4.2617014981648271e+00 -2.5956266122779910e-02
4.2622851171950158e+00 -2.5937017259191474e-02
4.2628687362252045e+00 -2.5917781906176024e-02
4.2634523552553922e+00 -2.5898560055496945e-02
4.2640359742855809e+00 -2.5879351698920378e-02
4.2646195933157696e+00 -2.5860156828215353e-02
4.2652032123459573e+00 -2.5840975435153866e-02
4.2657868313761460e+00 -2.5821807511510721e-02
4.2663704504063347e+00 -2.5802653049063588e-02
4.2669540694365224e+00 -2.5783512039593115e-02
4.2675376884667111e+00 -2.5764384474882780e-02
4.2681213074968998e+00 -2.5745270346718946e-02
4.2687049265270876e+00 -2.5726169646890978e-02
4.2692885455572762e+00 -2.5707082367190957e-02
4.2698721645874649e+00 -2.5688008499414047e-02
4.2704557836176527e+00 -2.5668948035358300e-02
4.2710394026478413e+00 -2.5649900966824526e-02
4.2716230216780300e+00 -2.5630867285616622e-02
4.2722066407082178e+00 -2.5611846983541384e-02
4.2727902597384064e+00 -2.5592840052408403e-02
4.2733738787685951e+00 -2.5573846484030320e-02
4.2739574977987829e+00 -2.5554866270222729e-02
4.2745411168289715e+00 -2.5535899402803961e-02
4.2751247358591602e+00 -2.5516945873595490e-02
4.2757083548893480e+00 -2.5498005674421682e-02
4.2762919739195366e+00 -2.5479078797109710e-02
4.2768755929497253e+00 -2.5460165233489828e-02
4.2774592119799131e+00 -2.5441264975395280e-02
4.2780428310101017e+00 -2.5422378014662048e-02
4.2786264500402904e+00 -2.5403504343129289e-02
4.2792100690704782e+00 -2.5384643952638973e-02
4.2797936881006668e+00 -2.5365796835036068e-02
4.2803773071308555e+00 -2.5346962982168555e-02
4.2809609261610433e+00 -2.5328142385887324e-02
4.2815445451912320e+00 -2.5309335038046193e-02
4.2821281642214206e+00 -2.5290540930502078e-02
4.2827117832516084e+00 -2.5271760055114747e-02
4.2832954022817979e+00 -2.5252992403746951e-02
4.2838790213119857e+00 -2.5234237968264562e-02
4.2844626403421735e+00 -2.5215496740536251e-02
4.2850462593723631e+00 -2.5196768712433707e-02
4.2856298784025508e+00 -2.5178053875831791e-02
4.2862134974327386e+00 -2.5159352222608098e-02
4.2867971164629282e+00 -2.5140663744643341e-02
4.2873807354931159e+00 -2.5121988433821272e-02
4.2879643545233037e+00 -2.5103326282028545e-02
4.2885479735534933e+00 -2.5084677281154863e-02
4.2891315925836810e+00 -2.5066041423092950e-02
4.2897152116138688e+00 -2.5047418699738519e-02
4.2902988306440584e+00 -2.5028809102990254e-02
4.2908824496742461e+00 -2.5010212624749933e-02
4.2914660687044348e+00 -2.4991629256922266e-02
4.2920496877346235e+00 -2.4973058991415064e-02
4.2926333067648113e+00 -2.4954501820139103e-02
4.2932169257949999e+00 -2.4935957735008181e-02
4.2938005448251886e+00 -2.4917426727939115e-02
4.2943841638553764e+00 -2.4898908790851822e-02
4.2949677828855650e+00 -2.4880403915669203e-02
4.2955514019157537e+00 -2.4861912094317130e-02
4.2961350209459415e+00 -2.4843433318724659e-02
4.2967186399761301e+00 -2.4824967580823750e-02
4.2973022590063188e+00 -2.4806514872549451e-02
4.2978858780365066e+00 -2.4788075185839909e-02
4.2984694970666952e+00 -2.4769648512636244e-02
4.2990531160968839e+00 -2.4751234844882640e-02
4.2996367351270717e+00 -2.4732834174526385e-02
4.3002203541572603e+00 -2.4714446493517762e-02
4.3008039731874490e+00 -2.4696071793810143e-02
4.3013875922176368e+00 -2.4677710067360002e-02
4.3019712112478254e+00 -2.4659361306126736e-02
4.3025548302780141e+00 -2.4641025502072957e-02
4.3031384493082019e+00 -2.4622702647164343e-02
4.3037220683383905e+00 -2.4604392733369489e-02
4.3043056873685792e+00 -2.4586095752660221e-02
4.3048893063987670e+00 -2.4567811697011423e-02
4.3054729254289557e+00 -2.4549540558400949e-02
4.3060565444591443e+00 -2.4531282328809845e-02
4.3066401634893321e+00 -2.4513037000222265e-02
4.3072237825195208e+00 -2.4494804564625269e-02
4.3078074015497094e+00 -2.4476585014009192e-02
4.3083910205798972e+00 -2.4458378340367445e-02
4.3089746396100859e+00 -2.4440184535696373e-02
4.3095582586402745e+00 -2.4422003591995606e-02
4.3101418776704623e+00 -2.4403835501267776e-02
4.3107254967006510e+00 -2.4385680255518610e-02
4.3113091157308396e+00 -2.4367537846757013e-02
4.3118927347610274e+00 -2.4349408266994908e-02
4.3124763537912161e+00 -2.4331291508247359e-02
4.3130599728214047e+00 -2.4313187562532583e-02
4.3136435918515925e+00 -2.4295096421871876e-02
4.3142272108817812e+00 -2.4277018078289588e-02
4.3148108299119698e+00 -2.4258952523813330e-02
4.3153944489421576e+00 -2.4240899750473707e-02
4.3159780679723463e+00 -2.4222859750304509e-02
4.3165616870025350e+00 -2.4204832515342587e-02
4.3171453060327227e+00 -2.4186818037628042e-02
4.3177289250629123e+00 -2.4168816309203971e-02
4.3183125440931001e+00 -2.4150827322116705e-02
4.3188961631232878e+00 -2.4132851068415645e-02
4.3194797821534774e+00 -2.4114887540153344e-02
4.3200634011836652e+00 -2.4096936729385534e-02
4.3206470202138529e+00 -2.4078998628171030e-02
4.3212306392440425e+00 -2.4061073228571796e-02
4.3218142582742303e+00 -2.4043160522653019e-02
4.3223978773044180e+00 -2.4025260502482951e-02
4.3229814963346076e+00 -2.4007373160132999e-02
4.3235651153647954e+00 -2.3989498487677778e-02
4.3241487343949832e+00 -2.3971636477195055e-02
4.3247323534251727e+00 -2.3953787120765610e-02
4.3253159724553605e+00 -2.3935950410473628e-02
4.3258995914855491e+00 -2.3918126338406270e-02
4.3264832105157378e+00 -2.3900314896653896e-02
4.3270668295459256e+00 -2.3882516077310102e-02
4.3276504485761143e+00 -2.3864729872471582e-02
4.3282340676063029e+00 -2.3846956274238197e-02
4.3288176866364907e+00 -2.3829195274713052e-02
4.3294013056666794e+00 -2.3811446866002350e-02
4.3299849246968680e+00 -2.3793711040215493e-02
4.3305685437270558e+00 -2.3775987789465099e-02
4.3311521627572445e+00 -2.3758277105866941e-02
4.3317357817874331e+00 -2.3740578981539931e-02
4.3323194008176209e+00 -2.3722893408606279e-02
4.3329030198478096e+00 -2.3705220379191209e-02
4.3334866388779982e+00 -2.3687559885423315e-02
4.3340702579081860e+00 -2.3669911919434336e-02
4.3346538769383747e+00 -2.3652276473359064e-02
4.3352374959685633e+00 -2.3634653539335679e-02
4.3358211149987511e+00 -2.3617043109505503e-02
4.3364047340289398e+00 -2.3599445176012930e-02
4.3369883530591284e+00 -2.3581859731005721e-02
4.3375719720893162e+00 -2.3564286766634811e-02
4.3381555911195049e+00 -2.3546726275054233e-02
4.3387392101496935e+00 -2.3529178248421337e-02
4.3393228291798813e+00 -2.3511642678896712e-02
4.3399064482100700e+00 -2.3494119558643983e-02
4.3404900672402587e+00 -2.3476608879830173e-02
4.3410736862704464e+00 -2.3459110634625451e-02
4.3416573053006351e+00 -2.3441624815203156e-02
4.3422409243308238e+00 -2.3424151413739953e-02
4.3428245433610115e+00 -2.3406690422415641e-02
4.3434081623912002e+00 -2.3389241833413250e-02
4.3439917814213889e+00 -2.3371805638919121e-02
4.3445754004515766e+00 -2.3354381831122720e-02
4.3451590194817653e+00 -2.3336970402216755e-02
4.3457426385119540e+00 -2.3319571344397258e-02
4.3463262575421417e+00 -2.3302184649863399e-02
4.3469098765723304e+00 -2.3284810310817580e-02
4.3474934956025191e+00 -2.3267448319465544e-02
4.3480771146327069e+00 -2.3250098668016157e-02
4.3486607336628955e+00 -2.3232761348681592e-02
4.3492443526930842e+00 -2.3215436353677198e-02
4.3498279717232720e+00 -2.3198123675221699e-02
4.3504115907534606e+00 -2.3180823305536922e-02
4.3509952097836493e+00 -2.3163535236848012e-02
4.3515788288138371e+00 -2.3146259461383378e-02
4.3521624478440266e+00 -2.3128995971374629e-02
4.3527460668742144e+00 -2.3111744759056696e-02
4.3533296859044022e+00 -2.3094505816667707e-02
4.3539133049345917e+00 -2.3077279136449042e-02
4.3544969239647795e+00 -2.3060064710645412e-02
4.3550805429949673e+00 -2.3042862531504751e-02
4.3556641620251568e+00 -2.3025672591278155e-02
4.3562477810553446e+00 -2.3008494882220176e-02
4.3568314000855324e+00 -2.2991329396588538e-02
4.3574150191157219e+00 -2.2974176126644100e-02
4.3579986381459097e+00 -2.2957035064651278e-02
4.3585822571760975e+00 -2.2939906202877548e-02
4.3591658762062870e+00 -2.2922789533593634e-02
4.3597494952364748e+00 -2.2905685049073723e-02
4.3603331142666635e+00 -2.2888592741595135e-02
4.3609167332968521e+00 -2.2871512603438452e-02
4.3615003523270399e+00 -2.2854444626887672e-02
4.3620839713572286e+00 -2.2837388804229936e-02
4.3626675903874172e+00 -2.2820345127755718e-02
4.3632512094176050e+00 -2.2803313589758841e-02
4.3638348284477937e+00 -2.2786294182536269e-02
4.3644184474779824e+00 -2.2769286898388381e-02
4.3650020665081701e+00 -2.2752291729618852e-02
4.3655856855383588e+00 -2.2735308668534508e-02
4.3661693045685475e+00 -2.2718337707445618e-02
4.3667529235987352e+00 -2.2701378838665739e-02
4.3673365426289239e+00 -2.2684432054511580e-02
4.3679201616591126e+00 -2.2667497347303278e-02
4.3685037806893003e+00 -2.2650574709364307e-02
4.3690873997194890e+00 -2.2633664133021262e-02
4.3696710187496777e+00 -2.2616765610604207e-02
4.3702546377798654e+00 -2.2599879134446478e-02
4.3708382568100541e+00 -2.2583004696884634e-02
4.3714218758402428e+00 -2.2566142290258658e-02
4.3720054948704306e+00 -2.2549291906911753e-02
4.3725891139006192e+00 -2.2532453539190450e-02
4.3731727329308079e+00 -2.2515627179444657e-02
4.3737563519609957e+00 -2.2498812820027522e-02
4.3743399709911843e+00 -2.2482010453295509e-02
4.3749235900213730e+00 -2.2465220071608460e-02
4.3755072090515608e+00 -2.2448441667329486e-02
4.3760908280817494e+00 -2.2431675232825011e-02
4.3766744471119381e+00 -2.2414920760464842e-02
4.3772580661421259e+00 -2.2398178242622024e-02
4.3778416851723145e+00 -2.2381447671672973e-02
4.3784253042025032e+00 -2.2364729039997453e-02
4.3790089232326910e+00 -2.2348022339978527e-02
4.3795925422628796e+00 -2.2331327564002565e-02
4.3801761612930683e+00 -2.2314644704459284e-02
4.3807597803232561e+00 -2.2297973753741773e-02
4.3813433993534447e+00 -2.2281314704246418e-02
4.3819270183836334e+00 -2.2264667548372884e-02
4.3825106374138212e+00 -2.2248032278524316e-02
4.3830942564440099e+00 -2.2231408887107056e-02
4.3836778754741985e+00 -2.2214797366530831e-02
4.3842614945043863e+00 -2.2198197709208750e-02
4.3848451135345750e+00 -2.2181609907557229e-02
4.3854287325647636e+00 -2.2165033953995990e-02
4.3860123515949514e+00 -2.2148469840948200e-02
4.3865959706251410e+00 -2.2131917560840195e-02
4.3871795896553287e+00 -2.2115377106101883e-02
4.3877632086855165e+00 -2.2098848469166401e-02
4.3883468277157061e+00 -2.2082331642470136e-02
4.3889304467458938e+00 -2.2065826618453063e-02
4.3895140657760816e+00 -2.2049333389558341e-02
4.3900976848062712e+00 -2.2032851948232429e-02
4.3906813038364589e+00 -2.2016382286925356e-02
4.3912649228666467e+00 -2.1999924398090363e-02
4.3918485418968363e+00 -2.1983478274183978e-02
4.3924321609270240e+00 -2.1967043907666284e-02
4.3930157799572118e+00 -2.1950621291000602e-02
4.3935993989874014e+00 -2.1934210416653537e-02
4.3941830180175891e+00 -2.1917811277095304e-02
4.3947666370477778e+00 -2.1901423864799201e-02
4.3953502560779665e+00 -2.1885048172242079e-02
4.3959338751081543e+00 -2.1868684191904127e-02
4.3965174941383429e+00 -2.1852331916268789e-02
4.3971011131685316e+00 -2.1835991337823001e-02
4.3976847321987194e+00 -2.1819662449057083e-02
4.3982683512289080e+00 -2.1803345242464568e-02
4.3988519702590967e+00 -2.1787039710542518e-02
4.3994355892892845e+00 -2.1770745845791376e-02
4.4000192083194731e+00 -2.1754463640714782e-02
4.4006028273496618e+00 -2.1738193087819949e-02
4.4011864463798496e+00 -2.1721934179617403e-02
4.4017700654100382e+00 -2.1705686908620962e-02
4.4023536844402269e+00 -2.1689451267347934e-02
4.4029373034704147e+00 -2.1673227248319025e-02
4.4035209225006033e+00 -2.1657014844058180e-02
4.4041045415307920e+00 -2.1640814047092883e-02
4.4046881605609798e+00 -2.1624624849953897e-02
4.4052717795911684e+00 -2.1608447245175400e-02
4.4058553986213571e+00 -2.1592281225295006e-02
4.4064390176515449e+00 -2.1576126782853675e-02
4.4070226366817336e+00 -2.1559983910395701e-02
4.4076062557119222e+00 -2.1543852600468903e-02
4.4081898747421100e+00 -2.1527732845624366e-02
4.4087734937722987e+00 -2.1511624638416604e-02
4.4093571128024873e+00 -2.1495527971403576e-02
4.4099407318326751e+00 -2.1479442837146583e-02
4.4105243508628638e+00 -2.1463369228210311e-02
4.4111079698930524e+00 -2.1447307137162863e-02
4.4116915889232402e+00 -2.1431256556575778e-02
4.4122752079534289e+00 -2.1415217479023942e-02
4.4128588269836175e+00 -2.1399189897085624e-02
4.4134424460138053e+00 -2.1383173803342568e-02
4.4140260650439940e+00 -2.1367169190379856e-02
4.4146096840741826e+00 -2.1351176050785993e-02
4.4151933031043704e+00 -2.1335194377152922e-02
4.4157769221345591e+00 -2.1319224162075920e-02
4.4163605411647477e+00 -2.1303265398153706e-02
4.4169441601949355e+00 -2.1287318077988445e-02
4.4175277792251242e+00 -2.1271382194185669e-02
4.4181113982553128e+00 -2.1255457739354278e-02
4.4186950172855006e+00 -2.1239544706106697e-02
4.4192786363156902e+00 -2.1223643087058597e-02
4.4198622553458780e+00 -2.1207752874829261e-02
4.4204458743760657e+00 -2.1191874062041264e-02
4.4210294934062553e+00 -2.1176006641320511e-02
4.4216131124364431e+00 -2.1160150605296548e-02
4.4221967314666308e+00 -2.1144305946602184e-02
4.4227803504968204e+00 -2.1128472657873577e-02
4.4233639695270082e+00 -2.1112650731750508e-02
4.4239475885571959e+00 -2.1096840160876065e-02
4.4245312075873855e+00 -2.1081040937896655e-02
4.4251148266175733e+00 -2.1065253055462307e-02
4.4256984456477610e+00 -2.1049476506226374e-02
4.4262820646779506e+00 -2.1033711282845521e-02
4.4268656837081384e+00 -2.1017957377980095e-02
4.4274493027383262e+00 -2.1002214784293625e-02
4.4280329217685157e+00 -2.0986483494453118e-02
4.4286165407987035e+00 -2.0970763501129176e-02
4.4292001598288921e+00 -2.0955054796995581e-02
4.4297837788590808e+00 -2.0939357374729708e-02
4.4303673978892686e+00 -2.0923671227012341e-02
4.4309510169194573e+00 -2.0907996346527596e-02
4.4315346359496459e+00 -2.0892332725963119e-02
4.4321182549798337e+00 -2.0876680358010005e-02
4.4327018740100224e+00 -2.0861039235362644e-02
4.4332854930402110e+00 -2.0845409350718991e-02
4.4338691120703988e+00 -2.0829790696780433e-02
4.4344527311005875e+00 -2.0814183266251656e-02
4.4350363501307761e+00 -2.0798587051840938e-02
4.4356199691609639e+00 -2.0783002046259911e-02
4.4362035881911526e+00 -2.0767428242223645e-02
4.4367872072213412e+00 -2.0751865632450715e-02
4.4373708262515290e+00 -2.0736314209663036e-02
4.4379544452817177e+00 -2.0720773966586004e-02
4.4385380643119063e+00 -2.0705244895948497e-02
4.4391216833420941e+00 -2.0689726990482792e-02
4.4397053023722828e+00 -2.0674220242924566e-02
4.4402889214024714e+00 -2.0658724646013055e-02
4.4408725404326592e+00 -2.0643240192490829e-02
4.4414561594628479e+00 -2.0627766875103953e-02
4.4420397784930366e+00 -2.0612304686601877e-02
4.4426233975232243e+00 -2.0596853619737631e-02
4.4432070165534130e+00 -2.0581413667267543e-02
4.4437906355836017e+00 -2.0565984821951440e-02
4.4443742546137894e+00 -2.0550567076552652e-02
4.4449578736439781e+00 -2.0535160423837896e-02
4.4455414926741668e+00 -2.0519764856577315e-02
4.4461251117043545e+00 -2.0504380367544584e-02
4.4467087307345432e+00 -2.0489006949516761e-02
4.4472923497647319e+00 -2.0473644595274371e-02
4.4478759687949196e+00 -2.0458293297601425e-02
4.4484595878251083e+00 -2.0442953049285336e-02
4.4490432068552970e+00 -2.0427623843116974e-02
4.4496268258854847e+00 -2.0412305671890753e-02
4.4502104449156734e+00 -2.0396998528404368e-02
4.4507940639458621e+00 -2.0381702405459123e-02
4.4513776829760499e+00 -2.0366417295859751e-02
4.4519613020062385e+00 -2.0351143192414354e-02
4.4525449210364272e+00 -2.0335880087934577e-02
4.4531285400666150e+00 -2.0320627975235549e-02
4.4537121590968045e+00 -2.0305386847135690e-02
4.4542957781269923e+00 -2.0290156696457118e-02
4.4548793971571801e+00 -2.0274937516025247e-02
4.4554630161873696e+00 -2.0259729298668910e-02
4.4560466352175574e+00 -2.0244532037220583e-02
4.4566302542477452e+00 -2.0229345724516096e-02
4.4572138732779347e+00 -2.0214170353394654e-02
4.4577974923081225e+00 -2.0199005916699143e-02
4.4583811113383103e+00 -2.0183852407275691e-02
4.4589647303684998e+00 -2.0168709817973970e-02
4.4595483493986876e+00 -2.0153578141647255e-02
4.4601319684288754e+00 -2.0138457371152056e-02
4.4607155874590649e+00 -2.0123347499348437e-02
4.4612992064892527e+00 -2.0108248519100046e-02
4.4618828255194414e+00 -2.0093160423273800e-02
4.4624664445496300e+00 -2.0078083204740218e-02
4.4630500635798178e+00 -2.0063016856373270e-02
4.4636336826100065e+00 -2.0047961371050322e-02
4.4642173016401951e+00 -2.0032916741652272e-02
4.4648009206703829e+00 -2.0017882961063535e-02
4.4653845397005716e+00 -2.0002860022171835e-02
4.4659681587307603e+00 -1.9987847917868527e-02
4.4665517777609480e+00 -1.9972846641048370e-02
4.4671353967911367e+00 -1.9957856184609556e-02
4.4677190158213254e+00 -1.9942876541453842e-02
4.4683026348515131e+00 -1.9927907704486384e-02
4.4688862538817018e+00 -1.9912949666615817e-02
4.4694698729118905e+00 -1.9898002420754308e-02
4.4700534919420782e+00 -1.9883065959817415e-02
4.4706371109722669e+00 -1.9868140276724209e-02
4.4712207300024556e+00 -1.9853225364397261e-02
4.4718043490326433e+00 -1.9838321215762587e-02
4.4723879680628320e+00 -1.9823427823749643e-02
4.4729715870930207e+00 -1.9808545181291461e-02
4.4735552061232084e+00 -1.9793673281324458e-02
4.4741388251533971e+00 -1.9778812116788565e-02
4.4747224441835858e+00 -1.9763961680627141e-02
4.4753060632137736e+00 -1.9749121965787143e-02
4.4758896822439622e+00 -1.9734292965218874e-02
4.4764733012741509e+00 -1.9719474671876170e-02
4.4770569203043387e+00 -1.9704667078716379e-02
4.4776405393345273e+00 -1.9689870178700282e-02
4.4782241583647160e+00 -1.9675083964792124e-02
4.4788077773949038e+00 -1.9660308429959691e-02
4.4793913964250924e+00 -1.9645543567174212e-02
4.4799750154552811e+00 -1.9630789369410370e-02
4.4805586344854689e+00 -1.9616045829646437e-02
4.4811422535156575e+00 -1.9601312940863994e-02
4.4817258725458462e+00 -1.9586590696048241e-02
4.4823094915760340e+00 -1.9571879088187867e-02
4.4828931106062226e+00 -1.9557178110274916e-02
4.4834767296364113e+00 -1.9542487755305031e-02
4.4840603486665991e+00 -1.9527808016277334e-02
4.4846439676967877e+00 -1.9513138886194343e-02
4.4852275867269764e+00 -1.9498480358062138e-02
4.4858112057571642e+00 -1.9483832424890307e-02
4.4863948247873529e+00 -1.9469195079691793e-02
4.4869784438175415e+00 -1.9454568315483152e-02
4.4875620628477293e+00 -1.9439952125284429e-02
4.4881456818779188e+00 -1.9425346502118981e-02
4.4887293009081066e+00 -1.9410751439013930e-02
4.4893129199382944e+00 -1.9396166928999634e-02
4.4898965389684840e+00 -1.9381592965110023e-02
4.4904801579986717e+00 -1.9367029540382621e-02
4.4910637770288595e+00 -1.9352476647858257e-02
4.4916473960590491e+00 -1.9337934280581323e-02
4.4922310150892368e+00 -1.9323402431599818e-02
4.4928146341194246e+00 -1.9308881093965037e-02
4.4933982531496142e+00 -1.9294370260731816e-02
4.4939818721798019e+00 -1.9279869924958622e-02
4.4945654912099897e+00 -1.9265380079707215e-02
4.4951491102401793e+00 -1.9250900718042918e-02
4.4957327292703670e+00 -1.9236431833034640e-02
4.4963163483005557e+00 -1.9221973417754609e-02
4.4968999673307444e+00 -1.9207525465278687e-02
4.4974835863609322e+00 -1.9193087968686132e-02
4.4980672053911208e+00 -1.9178660921059722e-02
4.4986508244213095e+00 -1.9164244315485759e-02
4.4992344434514973e+00 -1.9149838145054006e-02
4.4998180624816859e+00 -1.9135442402857677e-02
4.5004016815118746e+00 -1.9121057081993569e-02
4.5009853005420624e+00 -1.9106682175561895e-02
4.5015689195722510e+00 -1.9092317676666377e-02
4.5021525386024397e+00 -1.9077963578414268e-02
4.5027361576326275e+00 -1.9063619873916252e-02
4.5033197766628161e+00 -1.9049286556286529e-02
4.5039033956930048e+00 -1.9034963618642830e-02
4.5044870147231926e+00 -1.9020651054106337e-02
4.5050706337533812e+00 -1.9006348855801710e-02
4.5056542527835699e+00 -1.8992057016857126e-02
4.5062378718137577e+00 -1.8977775530404278e-02
4.5068214908439463e+00 -1.8963504389578327e-02
4.5074051098741350e+00 -1.8949243587517879e-02
4.5079887289043228e+00 -1.8934993117365160e-02
4.5085723479345114e+00 -1.8920752972265770e-02
4.5091559669647001e+00 -1.8906523145368830e-02
4.5097395859948879e+00 -1.8892303629827006e-02
4.5103232050250766e+00 -1.8878094418796416e-02
4.5109068240552652e+00 -1.8863895505436646e-02
4.5114904430854530e+00 -1.8849706882910877e-02
4.5120740621156417e+00 -1.8835528544385614e-02
4.5126576811458303e+00 -1.8821360483031038e-02
4.5132413001760181e+00 -1.8807202692020766e-02
4.5138249192062068e+00 -1.8793055164531804e-02
4.5144085382363954e+00 -1.8778917893744789e-02
4.5149921572665832e+00 -1.8764790872843839e-02
4.5155757762967719e+00 -1.8750674095016451e-02
4.5161593953269605e+00 -1.8736567553453730e-02
4.5167430143571483e+00 -1.8722471241350284e-02
4.5173266333873370e+00 -1.8708385151904112e-02
4.5179102524175256e+00 -1.8694309278316803e-02
4.5184938714477134e+00 -1.8680243613793439e-02
4.5190774904779021e+00 -1.8666188151542511e-02
4.5196611095080907e+00 -1.8652142884776096e-02
4.5202447285382785e+00 -1.8638107806709749e-02
4.5208283475684672e+00 -1.8624082910562459e-02
4.5214119665986559e+00 -1.8610068189556801e-02
4.5219955856288436e+00 -1.8596063636918785e-02
4.5225792046590332e+00 -1.8582069245877911e-02
4.5231628236892210e+00 -1.8568085009667282e-02
4.5237464427194087e+00 -1.8554110921523339e-02
4.5243300617495983e+00 -1.8540146974686061e-02
4.5249136807797861e+00 -1.8526193162399077e-02
4.5254972998099738e+00 -1.8512249477909304e-02
4.5260809188401634e+00 -1.8498315914467208e-02
4.5266645378703512e+00 -1.8484392465326904e-02
4.5272481569005389e+00 -1.8470479123745786e-02
4.5278317759307285e+00 -1.8456575882984837e-02
4.5284153949609163e+00 -1.8442682736308634e-02
4.5289990139911041e+00 -1.8428799676985082e-02
4.5295826330212936e+00 -1.8414926698285653e-02
4.5301662520514814e+00 -1.8401063793485360e-02
4.5307498710816700e+00 -1.8387210955862626e-02
4.5313334901118587e+00 -1.8373368178699463e-02
4.5319171091420465e+00 -1.8359535455281312e-02
4.5325007281722351e+00 -1.8345712778897103e-02
4.5330843472024238e+00 -1.8331900142839332e-02
4.5336679662326116e+00 -1.8318097540403925e-02
4.5342515852628003e+00 -1.8304304964890307e-02
4.5348352042929889e+00 -1.8290522409601467e-02
4.5354188233231767e+00 -1.8276749867843802e-02
4.5360024423533654e+00 -1.8262987332927250e-02
4.5365860613835540e+00 -1.8249234798165224e-02
4.5371696804137418e+00 -1.8235492256874687e-02
4.5377532994439305e+00 -1.8221759702376022e-02
4.5383369184741191e+00 -1.8208037127993140e-02
4.5389205375043069e+00 -1.8194324527053479e-02
4.5395041565344956e+00 -1.8180621892887928e-02
4.5400877755646842e+00 -1.8166929218830858e-02
4.5406713945948720e+00 -1.8153246498220216e-02
4.5412550136250607e+00 -1.8139573724397357e-02
4.5418386326552493e+00 -1.8125910890707159e-02
4.5424222516854371e+00 -1.8112257990498027e-02
4.5430058707156258e+00 -1.8098615017121827e-02
4.5435894897458144e+00 -1.8084981963933901e-02
4.5441731087760022e+00 -1.8071358824293171e-02
4.5447567278061909e+00 -1.8057745591561907e-02
4.5453403468363796e+00 -1.8044142259106014e-02
4.5459239658665673e+00 -1.8030548820294874e-02
4.5465075848967560e+00 -1.8016965268501241e-02
4.5470912039269447e+00 -1.8003391597101494e-02
4.5476748229571324e+00 -1.7989827799475496e-02
4.5482584419873211e+00 -1.7976273869006489e-02
4.5488420610175098e+00 -1.7962729799081319e-02
4.5494256800476975e+00 -1.7949195583090348e-02
4.5500092990778862e+00 -1.7935671214427285e-02
4.5505929181080749e+00 -1.7922156686489478e-02
4.5511765371382626e+00 -1.7908651992677733e-02
4.5517601561684513e+00 -1.7895157126396263e-02
4.5523437751986400e+00 -1.7881672081052891e-02
4.5529273942288278e+00 -1.7868196850058873e-02
4.5535110132590164e+00 -1.7854731426828932e-02
4.5540946322892051e+00 -1.7841275804781367e-02
4.5546782513193929e+00 -1.7827829977337881e-02
4.5552618703495824e+00 -1.7814393937923691e-02
4.5558454893797702e+00 -1.7800967679967590e-02
4.5564291084099580e+00 -1.7787551196901740e-02
4.5570127274401475e+00 -1.7774144482161809e-02
4.5575963464703353e+00 -1.7760747529187097e-02
4.5581799655005231e+00 -1.7747360331420218e-02
4.5587635845307126e+00 -1.7733982882307313e-02
4.5593472035609004e+00 -1.7720615175298163e-02
4.5599308225910882e+00 -1.7707257203845840e-02
4.5605144416212777e+00 -1.7693908961406993e-02
4.5610980606514655e+00 -1.7680570441441796e-02
4.5616816796816533e+00 -1.7667241637413865e-02
4.5622652987118428e+00 -1.7653922542790280e-02
4.5628489177420306e+00 -1.7640613151041689e-02
4.5634325367722184e+00 -1.7627313455642168e-02
4.5640161558024079e+00 -1.7614023450069276e-02
4.5645997748325957e+00 -1.7600743127804134e-02
4.5651833938627844e+00 -1.7587472482331234e-02
4.5657670128929730e+00 -1.7574211507138688e-02
4.5663506319231608e+00 -1.7560960195717987e-02
4.5669342509533495e+00 -1.7547718541564162e-02
4.5675178699835381e+00 -1.7534486538175690e-02
4.5681014890137259e+00 -1.7521264179054617e-02
4.5686851080439146e+00 -1.7508051457706387e-02
4.5692687270741033e+00 -1.7494848367639954e-02
4.5698523461042910e+00 -1.7481654902367805e-02
4.5704359651344797e+00 -1.7468471055405867e-02
4.5710195841646684e+00 -1.7455296820273528e-02
4.5716032031948561e+00 -1.7442132190493734e-02
4.5721868222250448e+00 -1.7428977159592862e-02
4.5727704412552335e+00 -1.7415831721100773e-02
4.5733540602854212e+00 -1.7402695868550862e-02
4.5739376793156099e+00 -1.7389569595479940e-02
4.5745212983457986e+00 -1.7376452895428333e-02
4.5751049173759863e+00 -1.7363345761939899e-02
4.5756885364061750e+00 -1.7350248188561856e-02
4.5762721554363637e+00 -1.7337160168845015e-02
4.5768557744665515e+00 -1.7324081696343665e-02
4.5774393934967401e+00 -1.7311012764615486e-02
4.5780230125269288e+00 -1.7297953367221727e-02
4.5786066315571166e+00 -1.7284903497727128e-02
4.5791902505873052e+00 -1.7271863149699800e-02
4.5797738696174939e+00 -1.7258832316711437e-02
4.5803574886476817e+00 -1.7245810992337223e-02
4.5809411076778703e+00 -1.7232799170155709e-02
4.5815247267080590e+00 -1.7219796843749021e-02
4.5821083457382468e+00 -1.7206804006702801e-02
4.5826919647684354e+00 -1.7193820652606020e-02
4.5832755837986241e+00 -1.7180846775051287e-02
4.5838592028288119e+00 -1.7167882367634578e-02
4.5844428218590005e+00 -1.7154927423955389e-02
4.5850264408891892e+00 -1.7141981937616717e-02
4.5856100599193770e+00 -1.7129045902225002e-02
4.5861936789495656e+00 -1.7116119311390138e-02
4.5867772979797543e+00 -1.7103202158725590e-02
4.5873609170099421e+00 -1.7090294437848187e-02
4.5879445360401307e+00 -1.7077396142378281e-02
4.5885281550703194e+00 -1.7064507265939732e-02
4.5891117741005072e+00 -1.7051627802159831e-02
4.5896953931306967e+00 -1.7038757744669307e-02
4.5902790121608845e+00 -1.7025897087102514e-02
4.5908626311910723e+00 -1.7013045823097098e-02
4.5914462502212618e+00 -1.7000203946294257e-02
4.5920298692514496e+00 -1.6987371450338701e-02
4.5926134882816374e+00 -1.6974548328878552e-02
4.5931971073118270e+00 -1.6961734575565404e-02
4.5937807263420147e+00 -1.6948930184054380e-02
4.5943643453722025e+00 -1.6936135148004027e-02
4.5949479644023921e+00 -1.6923349461076341e-02
4.5955315834325798e+00 -1.6910573116936861e-02
4.5961152024627676e+00 -1.6897806109254541e-02
4.5966988214929572e+00 -1.6885048431701799e-02
4.5972824405231449e+00 -1.6872300077954580e-02
4.5978660595533336e+00 -1.6859561041692200e-02
4.5984496785835223e+00 -1.6846831316597567e-02
4.5990332976137100e+00 -1.6834110896356953e-02
4.5996169166438987e+00 -1.6821399774660146e-02
4.6002005356740874e+00 -1.6808697945200356e-02
4.6007841547042752e+00 -1.6796005401674349e-02
4.6013677737344638e+00 -1.6783322137782265e-02
4.6019513927646525e+00 -1.6770648147227733e-02
4.6025350117948403e+00 -1.6757983423717891e-02
4.6031186308250289e+00 -1.6745327960963303e-02
4.6037022498552176e+00 -1.6732681752677968e-02
4.6042858688854054e+00 -1.6720044792579422e-02
4.6048694879155940e+00 -1.6707417074388612e-02
4.6054531069457827e+00 -1.6694798591829943e-02
4.6060367259759705e+00 -1.6682189338631349e-02
4.6066203450061591e+00 -1.6669589308524111e-02
4.6072039640363478e+00 -1.6656998495243058e-02
4.6077875830665356e+00 -1.6644416892526499e-02
4.6083712020967242e+00 -1.6631844494116095e-02
4.6089548211269129e+00 -1.6619281293757060e-02
4.6095384401571007e+00 -1.6606727285198072e-02
4.6101220591872893e+00 -1.6594182462191177e-02
4.6107056782174780e+00 -1.6581646818491971e-02
4.6112892972476658e+00 -1.6569120347859498e-02
4.6118729162778545e+00 -1.6556603044056168e-02
4.6124565353080431e+00 -1.6544094900847947e-02
4.6130401543382309e+00 -1.6531595912004267e-02
4.6136237733684196e+00 -1.6519106071297890e-02
4.6142073923986082e+00 -1.6506625372505173e-02
4.6147910114287960e+00 -1.6494153809405852e-02
4.6153746304589847e+00 -1.6481691375783120e-02
4.6159582494891733e+00 -1.6469238065423674e-02
4.6165418685193611e+00 -1.6456793872117594e-02
4.6171254875495498e+00 -1.6444358789658442e-02
4.6177091065797384e+00 -1.6431932811843263e-02
4.6182927256099262e+00 -1.6419515932472515e-02
4.6188763446401149e+00 -1.6407108145350083e-02
4.6194599636703035e+00 -1.6394709444283395e-02
4.6200435827004913e+00 -1.6382319823083229e-02
4.6206272017306800e+00 -1.6369939275563850e-02
4.6212108207608686e+00 -1.6357567795542989e-02
4.6217944397910564e+00 -1.6345205376841820e-02
4.6223780588212451e+00 -1.6332852013284920e-02
4.6229616778514337e+00 -1.6320507698700356e-02
4.6235452968816215e+00 -1.6308172426919652e-02
4.6241289159118111e+00 -1.6295846191777721e-02
4.6247125349419989e+00 -1.6283528987113004e-02
4.6252961539721866e+00 -1.6271220806767302e-02
4.6258797730023762e+00 -1.6258921644585891e-02
4.6264633920325640e+00 -1.6246631494417529e-02
4.6270470110627517e+00 -1.6234350350114366e-02
4.6276306300929413e+00 -1.6222078205531988e-02
4.6282142491231291e+00 -1.6209815054529484e-02
4.6287978681533168e+00 -1.6197560890969350e-02
4.6293814871835064e+00 -1.6185315708717438e-02
4.6299651062136942e+00 -1.6173079501643216e-02
4.6305487252438819e+00 -1.6160852263619463e-02
4.6311323442740715e+00 -1.6148633988522378e-02
4.6317159633042593e+00 -1.6136424670231714e-02
4.6322995823344479e+00 -1.6124224302630580e-02
4.6328832013646366e+00 -1.6112032879605491e-02
4.6334668203948244e+00 -1.6099850395046505e-02
4.6340504394250130e+00 -1.6087676842847017e-02
4.6346340584552017e+00 -1.6075512216903887e-02
4.6352176774853895e+00 -1.6063356511117441e-02
4.6358012965155782e+00 -1.6051209719391408e-02
4.6363849155457668e+00 -1.6039071835632922e-02
4.6369685345759546e+00 -1.6026942853752640e-02
4.6375521536061433e+00 -1.6014822767664513e-02
4.6381357726363319e+00 -1.6002711571286053e-02
4.6387193916665197e+00 -1.5990609258538176e-02
4.6393030106967084e+00 -1.5978515823345130e-02
4.6398866297268970e+00 -1.5966431259634706e-02
4.6404702487570848e+00 -1.5954355561338115e-02
4.6410538677872735e+00 -1.5942288722389890e-02
4.6416374868174621e+00 -1.5930230736728099e-02
4.6422211058476499e+00 -1.5918181598294230e-02
4.6428047248778386e+00 -1.5906141301033107e-02
4.6433883439080272e+00 -1.5894109838893070e-02
4.6439719629382150e+00 -1.5882087205825887e-02
4.6445555819684037e+00 -1.5870073395786645e-02
4.6451392009985923e+00 -1.5858068402733978e-02
4.6457228200287801e+00 -1.5846072220629875e-02
4.6463064390589688e+00 -1.5834084843439733e-02
4.6468900580891574e+00 -1.5822106265132436e-02
4.6474736771193452e+00 -1.5810136479680235e-02
4.6480572961495339e+00 -1.5798175481058798e-02
4.6486409151797226e+00 -1.5786223263247263e-02
4.6492245342099103e+00 -1.5774279820228124e-02
4.6498081532400990e+00 -1.5762345145987317e-02
4.6503917722702877e+00 -1.5750419234514226e-02
4.6509753913004754e+00 -1.5738502079801615e-02
4.6515590103306641e+00 -1.5726593675845637e-02
4.6521426293608528e+00 -1.5714694016645950e-02
4.6527262483910405e+00 -1.5702803096205541e-02
4.6533098674212292e+00 -1.5690920908530852e-02
4.6538934864514179e+00 -1.5679047447631683e-02
4.6544771054816056e+00 -1.5667182707521352e-02
4.6550607245117943e+00 -1.5655326682216489e-02
4.6556443435419830e+00 -1.5643479365737165e-02
4.6562279625721708e+00 -1.5631640752106886e-02
4.6568115816023594e+00 -1.5619810835352549e-02
4.6573952006325481e+00 -1.5607989609504424e-02
4.6579788196627359e+00 -1.5596177068596258e-02
4.6585624386929254e+00 -1.5584373206665142e-02
4.6591460577231132e+00 -1.5572578017751632e-02
4.6597296767533010e+00 -1.5560791495899654e-02
4.6603132957834905e+00 -1.5549013635156478e-02
4.6608969148136783e+00 -1.5537244429572918e-02
4.6614805338438661e+00 -1.5525483873203108e-02
4.6620641528740556e+00 -1.5513731960104516e-02
4.6626477719042434e+00 -1.5501988684338183e-02
4.6632313909344312e+00 -1.5490254039968418e-02
4.6638150099646207e+00 -1.5478528021062922e-02
4.6643986289948085e+00 -1.5466810621692908e-02
4.6649822480249963e+00 -1.5455101835932916e-02
4.6655658670551858e+00 -1.5443401657860810e-02
4.6661494860853736e+00 -1.5431710081558022e-02
4.6667331051155623e+00 -1.5420027101109247e-02
4.6673167241457509e+00 -1.5408352710602605e-02
4.6679003431759387e+00 -1.5396686904129651e-02
4.6684839622061274e+00 -1.5385029675785295e-02
4.6690675812363160e+00 -1.5373381019667828e-02
4.6696512002665038e+00 -1.5361740929879009e-02
4.6702348192966925e+00 -1.5350109400523860e-02
4.6708184383268812e+00 -1.5338486425710916e-02
4.6714020573570689e+00 -1.5326871999552084e-02
4.6719856763872576e+00 -1.5315266116162570e-02
4.6725692954174463e+00 -1.5303668769661062e-02
4.6731529144476340e+00 -1.5292079954169631e-02
4.6737365334778227e+00 -1.5280499663813653e-02
4.6743201525080114e+00 -1.5268927892721971e-02
4.6749037715381991e+00 -1.5257364635026822e-02
4.6754873905683878e+00 -1.5245809884863735e-02
4.6760710095985765e+00 -1.5234263636371717e-02
4.6766546286287642e+00 -1.5222725883693146e-02
4.6772382476589529e+00 -1.5211196620973704e-02
4.6778218666891416e+00 -1.5199675842362547e-02
4.6784054857193293e+00 -1.5188163542012176e-02
4.6789891047495180e+00 -1.5176659714078439e-02
4.6795727237797067e+00 -1.5165164352720629e-02
4.6801563428098945e+00 -1.5153677452101371e-02
4.6807399618400831e+00 -1.5142199006386664e-02
4.6813235808702718e+00 -1.5130729009745934e-02
4.6819071999004596e+00 -1.5119267456351920e-02
4.6824908189306482e+00 -1.5107814340380755e-02
4.6830744379608369e+00 -1.5096369656011984e-02
4.6836580569910247e+00 -1.5084933397428488e-02
4.6842416760212133e+00 -1.5073505558816515e-02
4.6848252950514020e+00 -1.5062086134365693e-02
4.6854089140815898e+00 -1.5050675118269050e-02
4.6859925331117784e+00 -1.5039272504722956e-02
4.6865761521419671e+00 -1.5027878287927116e-02
4.6871597711721549e+00 -1.5016492462084698e-02
4.6877433902023435e+00 -1.5005115021402149e-02
4.6883270092325322e+00 -1.4993745960089306e-02
4.6889106282627200e+00 -1.4982385272359401e-02
4.6894942472929086e+00 -1.4971032952429011e-02
4.6900778663230973e+00 -1.4959688994518045e-02
4.6906614853532851e+00 -1.4948353392849842e-02
4.6912451043834738e+00 -1.4937026141651051e-02
4.6918287234136624e+00 -1.4925707235151690e-02
4.6924123424438502e+00 -1.4914396667585187e-02
4.6929959614740397e+00 -1.4903094433188208e-02
4.6935795805042275e+00 -1.4891800526200949e-02
4.6941631995344153e+00 -1.4880514940866849e-02
4.6947468185646049e+00 -1.4869237671432663e-02
4.6953304375947926e+00 -1.4857968712148664e-02
4.6959140566249804e+00 -1.4846708057268345e-02
4.6964976756551700e+00 -1.4835455701048557e-02
4.6970812946853577e+00 -1.4824211637749598e-02
4.6976649137155455e+00 -1.4812975861635061e-02
4.6982485327457351e+00 -1.4801748366971819e-02
4.6988321517759228e+00 -1.4790529148030260e-02
4.6994157708061106e+00 -1.4779318199084004e-02
4.6999993898363002e+00 -1.4768115514409989e-02
4.7005830088664879e+00 -1.4756921088288652e-02
4.7011666278966766e+00 -1.4745734915003608e-02
4.7017502469268653e+00 -1.4734556988841931e-02
4.7023338659570530e+00 -1.4723387304094032e-02
4.7029174849872417e+00 -1.4712225855053574e-02
4.7035011040174304e+00 -1.4701072636017673e-02
4.7040847230476182e+00 -1.4689927641286776e-02
4.7046683420778068e+00 -1.4678790865164569e-02
4.7052519611079955e+00 -1.4667662301958191e-02
4.7058355801381833e+00 -1.4656541945978110e-02
4.7064191991683719e+00 -1.4645429791538043e-02
4.7070028181985606e+00 -1.4634325832955130e-02
4.7075864372287484e+00 -1.4623230064549879e-02
4.7081700562589370e+00 -1.4612142480646007e-02
4.7087536752891257e+00 -1.4601063075570691e-02
4.7093372943193135e+00 -1.4589991843654372e-02
4.7099209133495021e+00 -1.4578928779230836e-02
4.7105045323796908e+00 -1.4567873876637246e-02
4.7110881514098786e+00 -1.4556827130214049e-02
4.7116717704400672e+00 -1.4545788534305014e-02
4.7122553894702559e+00 -1.4534758083257307e-02
4.7128390085004437e+00 -1.4523735771421352e-02
4.7134226275306323e+00 -1.4512721593150925e-02
4.7140062465608210e+00 -1.4501715542803158e-02
4.7145898655910088e+00 -1.4490717614738481e-02
4.7151734846211975e+00 -1.4479727803320637e-02
4.7157571036513861e+00 -1.4468746102916713e-02
4.7163407226815739e+00 -1.4457772507897133e-02
4.7169243417117626e+00 -1.4446807012635629e-02
4.7175079607419512e+00 -1.4435849611509228e-02
4.7180915797721390e+00 -1.4424900298898334e-02
4.7186751988023277e+00 -1.4413959069186629e-02
4.7192588178325163e+00 -1.4403025916761113e-02
4.7198424368627041e+00 -1.4392100836012150e-02
4.7204260558928928e+00 -1.4381183821333359e-02
4.7210096749230814e+00 -1.4370274867121700e-02
4.7215932939532692e+00 -1.4359373967777480e-02
4.7221769129834579e+00 -1.4348481117704282e-02
4.7227605320136465e+00 -1.4337596311308990e-02
4.7233441510438343e+00 -1.4326719543001874e-02
4.7239277700740230e+00 -1.4315850807196395e-02
4.7245113891042116e+00 -1.4304990098309434e-02
4.7250950081343994e+00 -1.4294137410761170e-02
4.7256786271645890e+00 -1.4283292738974980e-02
4.7262622461947768e+00 -1.4272456077377716e-02
4.7268458652249645e+00 -1.4261627420399428e-02
4.7274294842551541e+00 -1.4250806762473428e-02
4.7280131032853419e+00 -1.4239994098036479e-02
4.7285967223155296e+00 -1.4229189421528558e-02
4.7291803413457192e+00 -1.4218392727392889e-02
4.7297639603759070e+00 -1.4207604010076135e-02
4.7303475794060947e+00 -1.4196823264028177e-02
4.7309311984362843e+00 -1.4186050483702134e-02
4.7315148174664721e+00 -1.4175285663554601e-02
4.7320984364966598e+00 -1.4164528798045299e-02
4.7326820555268494e+00 -1.4153779881637287e-02
4.7332656745570372e+00 -1.4143038908797031e-02
4.7338492935872258e+00 -1.4132305873994130e-02
4.7344329126174145e+00 -1.4121580771701572e-02
4.7350165316476023e+00 -1.4110863596395648e-02
4.7356001506777909e+00 -1.4100154342555864e-02
4.7361837697079796e+00 -1.4089453004665077e-02
4.7367673887381674e+00 -1.4078759577209462e-02
4.7373510077683560e+00 -1.4068074054678369e-02
4.7379346267985447e+00 -1.4057396431564543e-02
4.7385182458287325e+00 -1.4046726702364010e-02
4.7391018648589212e+00 -1.4036064861575989e-02
4.7396854838891098e+00 -1.4025410903703088e-02
4.7402691029192976e+00 -1.4014764823251147e-02
4.7408527219494863e+00 -1.4004126614729282e-02
4.7414363409796749e+00 -1.3993496272649942e-02
4.7420199600098627e+00 -1.3982873791528790e-02
4.7426035790400514e+00 -1.3972259165884803e-02
4.7431871980702400e+00 -1.3961652390240257e-02
4.7437708171004278e+00 -1.3951053459120665e-02
4.7443544361306165e+00 -1.3940462367054820e-02
4.7449380551608051e+00 -1.3929879108574839e-02
4.7455216741909929e+00 -1.3919303678216061e-02
4.7461052932211816e+00 -1.3908736070517099e-02
4.7466889122513702e+00 -1.3898176280019889e-02
4.7472725312815580e+00 -1.3887624301269597e-02
4.7478561503117467e+00 -1.3877080128814652e-02
4.7484397693419353e+00 -1.3866543757206765e-02
4.7490233883721231e+00 -1.3856015181000944e-02
4.7496070074023118e+00 -1.3845494394755431e-02
4.7501906264325005e+00 -1.3834981393031718e-02
4.7507742454626882e+00 -1.3824476170394617e-02
4.7513578644928769e+00 -1.3813978721412164e-02
4.7519414835230656e+00 -1.3803489040655651e-02
4.7525251025532533e+00 -1.3793007122699680e-02
4.7531087215834420e+00 -1.3782532962122063e-02
4.7536923406136307e+00 -1.3772066553503886e-02
4.7542759596438184e+00 -1.3761607891429533e-02
4.7548595786740071e+00 -1.3751156970486560e-02
4.7554431977041958e+00 -1.3740713785265861e-02
4.7560268167343835e+00 -1.3730278330361586e-02
4.7566104357645722e+00 -1.3719850600371061e-02
4.7571940547947609e+00 -1.3709430589894935e-02
4.7577776738249486e+00 -1.3699018293537120e-02
4.7583612928551373e+00 -1.3688613705904702e-02
4.7589449118853260e+00 -1.3678216821608085e-02
4.7595285309155138e+00 -1.3667827635260938e-02
4.7601121499457033e+00 -1.3657446141480066e-02
4.7606957689758911e+00 -1.3647072334885673e-02
4.7612793880060789e+00 -1.3636706210101124e-02
4.7618630070362684e+00 -1.3626347761752986e-02
4.7624466260664562e+00 -1.3615996984471204e-02
4.7630302450966440e+00 -1.3605653872888829e-02
4.7636138641268335e+00 -1.3595318421642202e-02
4.7641974831570213e+00 -1.3584990625370986e-02
4.7647811021872091e+00 -1.3574670478717958e-02
4.7653647212173986e+00 -1.3564357976329164e-02
4.7659483402475864e+00 -1.3554053112853995e-02
4.7665319592777742e+00 -1.3543755882944934e-02
4.7671155783079637e+00 -1.3533466281257745e-02
4.7676991973381515e+00 -1.3523184302451518e-02
4.7682828163683402e+00 -1.3512909941188428e-02
4.7688664353985288e+00 -1.3502643192133986e-02
4.7694500544287166e+00 -1.3492384049956932e-02
4.7700336734589053e+00 -1.3482132509329153e-02
4.7706172924890939e+00 -1.3471888564925854e-02
4.7712009115192817e+00 -1.3461652211425432e-02
4.7717845305494704e+00 -1.3451423443509494e-02
4.7723681495796590e+00 -1.3441202255862912e-02
4.7729517686098468e+00 -1.3430988643173762e-02
4.7735353876400355e+00 -1.3420782600133317e-02
4.7741190066702242e+00 -1.3410584121436146e-02
4.7747026257004119e+00 -1.3400393201779956e-02
4.7752862447306006e+00 -1.3390209835865715e-02
4.7758698637607893e+00 -1.3380034018397623e-02
4.7764534827909770e+00 -1.3369865744083081e-02
4.7770371018211657e+00 -1.3359705007632675e-02
4.7776207208513544e+00 -1.3349551803760287e-02
4.7782043398815421e+00 -1.3339406127182939e-02
4.7787879589117308e+00 -1.3329267972620903e-02
4.7793715779419195e+00 -1.3319137334797631e-02
4.7799551969721072e+00 -1.3309014208439848e-02
4.7805388160022959e+00 -1.3298898588277430e-02
4.7811224350324846e+00 -1.3288790469043474e-02
4.7817060540626724e+00 -1.3278689845474324e-02
4.7822896730928610e+00 -1.3268596712309488e-02
4.7828732921230497e+00 -1.3258511064291673e-02
4.7834569111532375e+00 -1.3248432896166845e-02
4.7840405301834261e+00 -1.3238362202684128e-02
4.7846241492136148e+00 -1.3228298978595844e-02
4.7852077682438026e+00 -1.3218243218657577e-02
4.7857913872739912e+00 -1.3208194917628015e-02
4.7863750063041799e+00 -1.3198154070269119e-02
4.7869586253343677e+00 -1.3188120671346058e-02
4.7875422443645563e+00 -1.3178094715627113e-02
4.7881258633947450e+00 -1.3168076197883837e-02
4.7887094824249328e+00 -1.3158065112890988e-02
4.7892931014551214e+00 -1.3148061455426432e-02
4.7898767204853101e+00 -1.3138065220271304e-02
4.7904603395154979e+00 -1.3128076402209936e-02
4.7910439585456865e+00 -1.3118094996029768e-02
4.7916275775758752e+00 -1.3108120996521505e-02
4.7922111966060630e+00 -1.3098154398479049e-02
4.7927948156362516e+00 -1.3088195196699395e-02
4.7933784346664403e+00 -1.3078243385982815e-02
4.7939620536966281e+00 -1.3068298961132771e-02
4.7945456727268176e+00 -1.3058361916955800e-02
4.7951292917570054e+00 -1.3048432248261774e-02
4.7957129107871932e+00 -1.3038509949863612e-02
4.7962965298173827e+00 -1.3028595016577453e-02
4.7968801488475705e+00 -1.3018687443222706e-02
4.7974637678777583e+00 -1.3008787224621824e-02
4.7980473869079479e+00 -1.2998894355600464e-02
4.7986310059381356e+00 -1.2989008830987575e-02
4.7992146249683234e+00 -1.2979130645615128e-02
4.7997982439985130e+00 -1.2969259794318327e-02
4.8003818630287007e+00 -1.2959396271935606e-02
4.8009654820588885e+00 -1.2949540073308480e-02
4.8015491010890781e+00 -1.2939691193281642e-02
4.8021327201192658e+00 -1.2929849626703058e-02
4.8027163391494545e+00 -1.2920015368423713e-02
4.8032999581796432e+00 -1.2910188413297873e-02
4.8038835772098309e+00 -1.2900368756182915e-02
4.8044671962400196e+00 -1.2890556391939371e-02
4.8050508152702083e+00 -1.2880751315430981e-02
4.8056344343003961e+00 -1.2870953521524613e-02
4.8062180533305847e+00 -1.2861163005090291e-02
4.8068016723607734e+00 -1.2851379761001236e-02
4.8073852913909612e+00 -1.2841603784133779e-02
4.8079689104211498e+00 -1.2831835069367430e-02
4.8085525294513385e+00 -1.2822073611584871e-02
4.8091361484815263e+00 -1.2812319405671915e-02
4.8097197675117149e+00 -1.2802572446517531e-02
4.8103033865419036e+00 -1.2792832729013838e-02
4.8108870055720914e+00 -1.2783100248056130e-02
4.8114706246022800e+00 -1.2773374998542829e-02
4.8120542436324687e+00 -1.2763656975375485e-02
4.8126378626626565e+00 -1.2753946173458864e-02
4.8132214816928451e+00 -1.2744242587700809e-02
4.8138051007230338e+00 -1.2734546213012328e-02
4.8143887197532216e+00 -1.2724857044307593e-02
4.8149723387834102e+00 -1.2715175076503910e-02
4.8155559578135989e+00 -1.2705500304521691e-02
4.8161395768437867e+00 -1.2695832723284551e-02
4.8167231958739753e+00 -1.2686172327719198e-02
4.8173068149041640e+00 -1.2676519112755479e-02
4.8178904339343518e+00 -1.2666873073326436e-02
4.8184740529645405e+00 -1.2657234204368139e-02
4.8190576719947291e+00 -1.2647602500819885e-02
4.8196412910249169e+00 -1.2637977957624100e-02
4.8202249100551056e+00 -1.2628360569726259e-02
4.8208085290852942e+00 -1.2618750332075058e-02
4.8213921481154820e+00 -1.2609147239622307e-02
4.8219757671456707e+00 -1.2599551287322886e-02
4.8225593861758593e+00 -1.2589962470134865e-02
4.8231430052060471e+00 -1.2580380783019441e-02
4.8237266242362358e+00 -1.2570806220940863e-02
4.8243102432664244e+00 -1.2561238778866579e-02
4.8248938622966122e+00 -1.2551678451767164e-02
4.8254774813268009e+00 -1.2542125234616232e-02
4.8260611003569895e+00 -1.2532579122390605e-02
4.8266447193871773e+00 -1.2523040110070180e-02
4.8272283384173660e+00 -1.2513508192637966e-02
4.8278119574475546e+00 -1.2503983365080133e-02
4.8283955764777424e+00 -1.2494465622385919e-02
4.8289791955079320e+00 -1.2484954959547665e-02
4.8295628145381198e+00 -1.2475451371560928e-02
4.8301464335683075e+00 -1.2465954853424249e-02
4.8307300525984971e+00 -1.2456465400139307e-02
4.8313136716286849e+00 -1.2446983006710996e-02
4.8318972906588726e+00 -1.2437507668147177e-02
4.8324809096890622e+00 -1.2428039379458878e-02
4.8330645287192500e+00 -1.2418578135660281e-02
4.8336481477494377e+00 -1.2409123931768589e-02
4.8342317667796273e+00 -1.2399676762804136e-02
4.8348153858098151e+00 -1.2390236623790397e-02
4.8353990048400028e+00 -1.2380803509753900e-02
4.8359826238701924e+00 -1.2371377415724282e-02
4.8365662429003802e+00 -1.2361958336734313e-02
4.8371498619305688e+00 -1.2352546267819802e-02
4.8377334809607575e+00 -1.2343141204019713e-02
4.8383170999909453e+00 -1.2333743140376064e-02
4.8389007190211339e+00 -1.2324352071933973e-02
4.8394843380513226e+00 -1.2314967993741682e-02
4.8400679570815104e+00 -1.2305590900850476e-02
4.8406515761116991e+00 -1.2296220788314761e-02
4.8412351951418877e+00 -1.2286857651192012e-02
4.8418188141720755e+00 -1.2277501484542831e-02
4.8424024332022642e+00 -1.2268152283430854e-02
4.8429860522324528e+00 -1.2258810042922829e-02
4.8435696712626406e+00 -1.2249474758088593e-02
4.8441532902928293e+00 -1.2240146424001066e-02
4.8447369093230179e+00 -1.2230825035736205e-02
4.8453205283532057e+00 -1.2221510588373129e-02
4.8459041473833944e+00 -1.2212203076993963e-02
4.8464877664135830e+00 -1.2202902496683933e-02
4.8470713854437708e+00 -1.2193608842531362e-02
4.8476550044739595e+00 -1.2184322109627629e-02
4.8482386235041481e+00 -1.2175042293067165e-02
4.8488222425343359e+00 -1.2165769387947542e-02
4.8494058615645246e+00 -1.2156503389369295e-02
4.8499894805947132e+00 -1.2147244292436141e-02
4.8505730996249010e+00 -1.2137992092254831e-02
4.8511567186550897e+00 -1.2128746783935117e-02
4.8517403376852783e+00 -1.2119508362589900e-02
4.8523239567154661e+00 -1.2110276823335148e-02
4.8529075757456548e+00 -1.2101052161289805e-02
4.8534911947758435e+00 -1.2091834371575955e-02
4.8540748138060312e+00 -1.2082623449318763e-02
4.8546584328362199e+00 -1.2073419389646359e-02
4.8552420518664086e+00 -1.2064222187690009e-02
4.8558256708965963e+00 -1.2055031838584050e-02
4.8564092899267850e+00 -1.2045848337465781e-02
4.8569929089569737e+00 -1.2036671679475657e-02
4.8575765279871614e+00 -1.2027501859757140e-02
4.8581601470173501e+00 -1.2018338873456734e-02
4.8587437660475388e+00 -1.2009182715724034e-02
4.8593273850777265e+00 -1.2000033381711661e-02
4.8599110041079152e+00 -1.1990890866575264e-02
4.8604946231381039e+00 -1.1981755165473600e-02
4.8610782421682917e+00 -1.1972626273568413e-02
4.8616618611984812e+00 -1.1963504186024491e-02
4.8622454802286690e+00 -1.1954388898009760e-02
4.8628290992588568e+00 -1.1945280404695065e-02
4.8634127182890463e+00 -1.1936178701254329e-02
4.8639963373192341e+00 -1.1927083782864606e-02
4.8645799563494219e+00 -1.1917995644705859e-02
4.8651635753796114e+00 -1.1908914281961145e-02
4.8657471944097992e+00 -1.1899839689816585e-02
4.8663308134399870e+00 -1.1890771863461300e-02
4.8669144324701765e+00 -1.1881710798087438e-02
4.8674980515003643e+00 -1.1872656488890217e-02
4.8680816705305521e+00 -1.1863608931067852e-02
4.8686652895607416e+00 -1.1854568119821596e-02
4.8692489085909294e+00 -1.1845534050355756e-02
4.8698325276211172e+00 -1.1836506717877632e-02
4.8704161466513067e+00 -1.1827486117597560e-02
4.8709997656814945e+00 -1.1818472244728919e-02
4.8715833847116832e+00 -1.1809465094488091e-02
4.8721670037418718e+00 -1.1800464662094497e-02
4.8727506227720596e+00 -1.1791470942770570e-02
4.8733342418022483e+00 -1.1782483931741763e-02
4.8739178608324369e+00 -1.1773503624236530e-02
4.8745014798626247e+00 -1.1764530015486392e-02
4.8750850988928134e+00 -1.1755563100725848e-02
4.8756687179230020e+00 -1.1746602875192403e-02
4.8762523369531898e+00 -1.1737649334126611e-02
4.8768359559833785e+00 -1.1728702472772017e-02
4.8774195750135672e+00 -1.1719762286375167e-02
4.8780031940437549e+00 -1.1710828770185660e-02
4.8785868130739436e+00 -1.1701901919456048e-02
4.8791704321041323e+00 -1.1692981729441918e-02
4.8797540511343200e+00 -1.1684068195401893e-02
4.8803376701645087e+00 -1.1675161312597522e-02
4.8809212891946974e+00 -1.1666261076293429e-02
4.8815049082248851e+00 -1.1657367481757238e-02
4.8820885272550738e+00 -1.1648480524259510e-02
4.8826721462852625e+00 -1.1639600199073872e-02
4.8832557653154502e+00 -1.1630726501476949e-02
4.8838393843456389e+00 -1.1621859426748293e-02
4.8844230033758276e+00 -1.1612998970170523e-02
4.8850066224060154e+00 -1.1604145127029248e-02
4.8855902414362040e+00 -1.1595297892613007e-02
4.8861738604663927e+00 -1.1586457262213396e-02
4.8867574794965805e+00 -1.1577623231125014e-02
4.8873410985267691e+00 -1.1568795794645360e-02
4.8879247175569578e+00 -1.1559974948075024e-02
4.8885083365871456e+00 -1.1551160686717509e-02
4.8890919556173342e+00 -1.1542353005879332e-02
4.8896755746475229e+00 -1.1533551900870008e-02
4.8902591936777107e+00 -1.1524757367002024e-02
4.8908428127078993e+00 -1.1515969399590813e-02
4.8914264317380880e+00 -1.1507187993954868e-02
4.8920100507682758e+00 -1.1498413145415588e-02
4.8925936697984644e+00 -1.1489644849297369e-02
4.8931772888286531e+00 -1.1480883100927611e-02
4.8937609078588409e+00 -1.1472127895636662e-02
4.8943445268890295e+00 -1.1463379228757840e-02
4.8949281459192182e+00 -1.1454637095627466e-02
4.8955117649494060e+00 -1.1445901491584809e-02
4.8960953839795955e+00 -1.1437172411972096e-02
4.8966790030097833e+00 -1.1428449852134571e-02
4.8972626220399711e+00 -1.1419733807420391e-02
4.8978462410701606e+00 -1.1411024273180703e-02
4.8984298601003484e+00 -1.1402321244769635e-02
4.8990134791305362e+00 -1.1393624717544260e-02
4.8995970981607257e+00 -1.1384934686864594e-02
4.9001807171909135e+00 -1.1376251148093661e-02
4.9007643362211013e+00 -1.1367574096597412e-02
4.9013479552512909e+00 -1.1358903527744758e-02
4.9019315742814786e+00 -1.1350239436907595e-02
4.9025151933116664e+00 -1.1341581819460744e-02
4.9030988123418560e+00 -1.1332930670781957e-02
4.9036824313720437e+00 -1.1324285986252024e-02
4.9042660504022324e+00 -1.1315647761254622e-02
4.9048496694324211e+00 -1.1307015991176363e-02
4.9054332884626088e+00 -1.1298390671406887e-02
4.9060169074927975e+00 -1.1289771797338703e-02
4.9066005265229862e+00 -1.1281159364367289e-02
4.9071841455531739e+00 -1.1272553367891106e-02
4.9077677645833626e+00 -1.1263953803311518e-02
4.9083513836135513e+00 -1.1255360666032834e-02
4.9089350026437391e+00 -1.1246773951462327e-02
4.9095186216739277e+00 -1.1238193655010198e-02
4.9101022407041164e+00 -1.1229619772089576e-02
4.9106858597343042e+00 -1.1221052298116568e-02
4.9112694787644928e+00 -1.1212491228510146e-02
4.9118530977946815e+00 -1.1203936558692285e-02
4.9124367168248693e+00 -1.1195388284087887e-02
4.9130203358550579e+00 -1.1186846400124725e-02
4.9136039548852466e+00 -1.1178310902233568e-02
4.9141875739154344e+00 -1.1169781785848111e-02
4.9147711929456230e+00 -1.1161259046404927e-02
4.9153548119758117e+00 -1.1152742679343559e-02
4.9159384310059995e+00 -1.1144232680106505e-02
4.9165220500361881e+00 -1.1135729044139085e-02
4.9171056690663768e+00 -1.1127231766889640e-02
4.9176892880965646e+00 -1.1118740843809418e-02
4.9182729071267532e+00 -1.1110256270352527e-02
4.9188565261569419e+00 -1.1101778041976049e-02
4.9194401451871297e+00 -1.1093306154140014e-02
4.9200237642173184e+00 -1.1084840602307262e-02
4.9206073832475070e+00 -1.1076381381943657e-02
4.9211910022776948e+00 -1.1067928488517917e-02
4.9217746213078835e+00 -1.1059481917501680e-02
4.9223582403380721e+00 -1.1051041664369526e-02
4.9229418593682599e+00 -1.1042607724598915e-02
4.9235254783984486e+00 -1.1034180093670203e-02
4.9241090974286372e+00 -1.1025758767066712e-02
4.9246927164588250e+00 -1.1017343740274617e-02
4.9252763354890137e+00 -1.1008935008783000e-02
4.9258599545192023e+00 -1.1000532568083881e-02
4.9264435735493901e+00 -1.0992136413672162e-02
4.9270271925795788e+00 -1.0983746541045640e-02
4.9276108116097674e+00 -1.0975362945705005e-02
4.9281944306399552e+00 -1.0966985623153881e-02
4.9287780496701439e+00 -1.0958614568898762e-02
4.9293616687003325e+00 -1.0950249778449024e-02
4.9299452877305203e+00 -1.0941891247316978e-02
4.9305289067607099e+00 -1.0933538971017787e-02
4.9311125257908976e+00 -1.0925192945069547e-02
4.9316961448210854e+00 -1.0916853164993209e-02
4.9322797638512750e+00 -1.0908519626312617e-02
4.9328633828814628e+00 -1.0900192324554527e-02
4.9334470019116505e+00 -1.0891871255248575e-02
4.9340306209418401e+00 -1.0883556413927225e-02
4.9346142399720279e+00 -1.0875247796125935e-02
4.9351978590022156e+00 -1.0866945397382958e-02
4.9357814780324052e+00 -1.0858649213239428e-02
4.9363650970625930e+00 -1.0850359239239429e-02
4.9369487160927807e+00 -1.0842075470929873e-02
4.9375323351229703e+00 -1.0833797903860505e-02
4.9381159541531581e+00 -1.0825526533584064e-02
4.9386995731833467e+00 -1.0817261355656060e-02
4.9392831922135354e+00 -1.0809002365634913e-02
4.9398668112437232e+00 -1.0800749559081927e-02
4.9404504302739118e+00 -1.0792502931561261e-02
4.9410340493041005e+00 -1.0784262478639929e-02
4.9416176683342883e+00 -1.0776028195887853e-02
4.9422012873644769e+00 -1.0767800078877791e-02
4.9427849063946656e+00 -1.0759578123185362e-02
4.9433685254248534e+00 -1.0751362324389092e-02
4.9439521444550421e+00 -1.0743152678070291e-02
4.9445357634852307e+00 -1.0734949179813208e-02
4.9451193825154185e+00 -1.0726751825204940e-02
4.9457030015456072e+00 -1.0718560609835379e-02
4.9462866205757958e+00 -1.0710375529297338e-02
4.9468702396059836e+00 -1.0702196579186493e-02
4.9474538586361723e+00 -1.0694023755101308e-02
4.9480374776663609e+00 -1.0685857052643164e-02
4.9486210966965487e+00 -1.0677696467416288e-02
4.9492047157267374e+00 -1.0669541995027697e-02
4.9497883347569260e+00 -1.0661393631087326e-02
4.9503719537871138e+00 -1.0653251371207957e-02
4.9509555728173025e+00 -1.0645115211005148e-02
4.9515391918474911e+00 -1.0636985146097379e-02
4.9521228108776789e+00 -1.0628861172105937e-02
4.9527064299078676e+00 -1.0620743284654946e-02
4.9532900489380562e+00 -1.0612631479371413e-02
4.9538736679682440e+00 -1.0604525751885132e-02
4.9544572869984327e+00 -1.0596426097828756e-02
4.9550409060286214e+00 -1.0588332512837799e-02
4.9556245250588091e+00 -1.0580244992550584e-02
4.9562081440889978e+00 -1.0572163532608255e-02
4.9567917631191865e+00 -1.0564088128654843e-02
4.9573753821493742e+00 -1.0556018776337160e-02
4.9579590011795629e+00 -1.0547955471304866e-02
4.9585426202097516e+00 -1.0539898209210429e-02
4.9591262392399393e+00 -1.0531846985709215e-02
4.9597098582701280e+00 -1.0523801796459328e-02
4.9602934773003167e+00 -1.0515762637121746e-02
4.9608770963305044e+00 -1.0507729503360272e-02
4.9614607153606931e+00 -1.0499702390841519e-02
4.9620443343908818e+00 -1.0491681295234903e-02
4.9626279534210695e+00 -1.0483666212212710e-02
4.9632115724512582e+00 -1.0475657137449999e-02
4.9637951914814469e+00 -1.0467654066624659e-02
4.9643788105116347e+00 -1.0459656995417415e-02
4.9649624295418242e+00 -1.0451665919511762e-02
4.9655460485720120e+00 -1.0443680834594064e-02
4.9661296676021998e+00 -1.0435701736353472e-02
4.9667132866323893e+00 -1.0427728620481887e-02
4.9672969056625771e+00 -1.0419761482674147e-02
4.9678805246927649e+00 -1.0411800318627800e-02
4.9684641437229544e+00 -1.0403845124043198e-02
4.9690477627531422e+00 -1.0395895894623574e-02
4.9696313817833300e+00 -1.0387952626074910e-02
4.9702150008135195e+00 -1.0380015314105951e-02
4.9707986198437073e+00 -1.0372083954428353e-02
4.9713822388738951e+00 -1.0364158542756491e-02
4.9719658579040846e+00 -1.0356239074807519e-02
4.9725494769342724e+00 -1.0348325546301471e-02
4.9731330959644611e+00 -1.0340417952961124e-02
4.9737167149946497e+00 -1.0332516290512034e-02
4.9743003340248375e+00 -1.0324620554682612e-02
4.9748839530550262e+00 -1.0316730741203971e-02
4.9754675720852148e+00 -1.0308846845810096e-02
4.9760511911154026e+00 -1.0300968864237746e-02
4.9766348101455913e+00 -1.0293096792226409e-02
4.9772184291757799e+00 -1.0285230625518423e-02
4.9778020482059677e+00 -1.0277370359858914e-02
4.9783856672361564e+00 -1.0269515990995723e-02
4.9789692862663451e+00 -1.0261667514679535e-02
4.9795529052965328e+00 -1.0253824926663822e-02
4.9801365243267215e+00 -1.0245988222704772e-02
4.9807201433569102e+00 -1.0238157398561409e-02
4.9813037623870979e+00 -1.0230332449995539e-02
4.9818873814172866e+00 -1.0222513372771679e-02
4.9824710004474753e+00 -1.0214700162657192e-02
4.9830546194776630e+00 -1.0206892815422173e-02
4.9836382385078517e+00 -1.0199091326839488e-02
4.9842218575380404e+00 -1.0191295692684801e-02
4.9848054765682281e+00 -1.0183505908736524e-02
4.9853890955984168e+00 -1.0175721970775825e-02
4.9859727146286055e+00 -1.0167943874586681e-02
4.9865563336587932e+00 -1.0160171615955785e-02
4.9871399526889819e+00 -1.0152405190672613e-02
4.9877235717191706e+00 -1.0144644594529413e-02
4.9883071907493584e+00 -1.0136889823321192e-02
4.9888908097795470e+00 -1.0129140872845693e-02
4.9894744288097357e+00 -1.0121397738903432e-02
4.9900580478399235e+00 -1.0113660417297698e-02
4.9906416668701121e+00 -1.0105928903834516e-02
4.9912252859003008e+00 -1.0098203194322650e-02
4.9918089049304886e+00 -1.0090483284573661e-02
4.9923925239606772e+00 -1.0082769170401828e-02
4.9929761429908659e+00 -1.0075060847624167e-02
4.9935597620210537e+00 -1.0067358312060494e-02
4.9941433810512423e+00 -1.0059661559533325e-02
4.9947270000814310e+00 -1.0051970585867933e-02
4.9953106191116188e+00 -1.0044285386892350e-02
4.9958942381418074e+00 -1.0036605958437339e-02
4.9964778571719961e+00 -1.0028932296336395e-02
4.9970614762021839e+00 -1.0021264396425799e-02
4.9976450952323734e+00 -1.0013602254544484e-02
4.9982287142625612e+00 -1.0005945866534222e-02
4.9988123332927490e+00 -9.9982952282394663e-03
4.9993959523229385e+00 -9.9906503355073652e-03
4.9999795713531263e+00 -9.9830111841879097e-03
5.0005631903833141e+00 -9.9753777701337368e-03
5.0011468094135036e+00 -9.9677500892002141e-03
5.0017304284436914e+00 -9.9601281372455001e-03
5.0023140474738792e+00 -9.9525119101304422e-03
5.0028976665040688e+00 -9.9449014037185663e-03
5.0034812855342565e+00 -9.9372966138762397e-03
5.0040649045644443e+00 -9.9296975364724666e-03
5.0046485235946339e+00 -9.9221041673789589e-03
5.0052321426248216e+00 -9.9145165024702494e-03
5.0058157616550094e+00 -9.9069345376234848e-03
5.0063993806851990e+00 -9.8993582687185670e-03
5.0069829997153867e+00 -9.8917876916381695e-03
5.0075666187455754e+00 -9.8842228022675820e-03
5.0081502377757641e+00 -9.8766635964948855e-03
5.0087338568059518e+00 -9.8691100702108774e-03
5.0093174758361405e+00 -9.8615622193089850e-03
5.0099010948663292e+00 -9.8540200396854301e-03
5.0104847138965170e+00 -9.8464835272391322e-03
5.0110683329267056e+00 -9.8389526778716613e-03
5.0116519519568943e+00 -9.8314274874873476e-03
5.0122355709870821e+00 -9.8239079519932410e-03
5.0128191900172707e+00 -9.8163940672990266e-03
5.0134028090474594e+00 -9.8088858293171564e-03
5.0139864280776472e+00 -9.8013832339627471e-03
5.0145700471078358e+00 -9.7938862771536229e-03
5.0151536661380245e+00 -9.7863949548103266e-03
5.0157372851682123e+00 -9.7789092628560743e-03
5.0163209041984009e+00 -9.7714291972167706e-03
5.0169045232285896e+00 -9.7639547538210560e-03
5.0174881422587774e+00 -9.7564859286002215e-03
5.0180717612889660e+00 -9.7490227174882541e-03
5.0186553803191547e+00 -9.7415651164218641e-03
5.0192389993493425e+00 -9.7341131213404194e-03
5.0198226183795311e+00 -9.7266667281859717e-03
5.0204062374097198e+00 -9.7192259329032891e-03
5.0209898564399076e+00 -9.7117907314398077e-03
5.0215734754700962e+00 -9.7043611197456352e-03
5.0221570945002849e+00 -9.6969370937735645e-03
5.0227407135304727e+00 -9.6895186494790966e-03
5.0233243325606614e+00 -9.6821057828203883e-03
5.0239079515908500e+00 -9.6746984897582537e-03
5.0244915706210378e+00 -9.6672967662562483e-03
5.0250751896512265e+00 -9.6599006082805378e-03
5.0256588086814151e+00 -9.6525100117999824e-03
5.0262424277116029e+00 -9.6451249727861326e-03
5.0268260467417916e+00 -9.6377454872131983e-03
5.0274096657719802e+00 -9.6303715510580364e-03
5.0279932848021680e+00 -9.6230031603002312e-03
5.0285769038323567e+00 -9.6156403109219444e-03
5.0291605228625453e+00 -9.6082829989080892e-03
5.0297441418927331e+00 -9.6009312202462224e-03
5.0303277609229218e+00 -9.5935849709265116e-03
5.0309113799531104e+00 -9.5862442469418427e-03
5.0314949989832982e+00 -9.5789090442877645e-03
5.0320786180134878e+00 -9.5715793589624173e-03
5.0326622370436755e+00 -9.5642551869666945e-03
5.0332458560738633e+00 -9.5569365243040917e-03
5.0338294751040529e+00 -9.5496233669807203e-03
5.0344130941342407e+00 -9.5423157110054377e-03
5.0349967131644284e+00 -9.5350135523897036e-03
5.0355803321946180e+00 -9.5277168871475779e-03
5.0361639512248058e+00 -9.5204257112958997e-03
5.0367475702549935e+00 -9.5131400208540284e-03
5.0373311892851831e+00 -9.5058598118440054e-03
5.0379148083153709e+00 -9.4985850802905940e-03
5.0384984273455586e+00 -9.4913158222210969e-03
5.0390820463757482e+00 -9.4840520336654920e-03
5.0396656654059360e+00 -9.4767937106564528e-03
5.0402492844361246e+00 -9.4695408492292115e-03
5.0408329034663133e+00 -9.4622934454216909e-03
5.0414165224965011e+00 -9.4550514952744576e-03
5.0420001415266897e+00 -9.4478149948306472e-03
5.0425837605568784e+00 -9.4405839401361050e-03
5.0431673795870662e+00 -9.4333583272392905e-03
5.0437509986172548e+00 -9.4261381521912532e-03
5.0443346176474435e+00 -9.4189234110457123e-03
5.0449182366776313e+00 -9.4117140998590445e-03
5.0455018557078199e+00 -9.4045102146901663e-03
5.0460854747380086e+00 -9.3973117516007055e-03
5.0466690937681964e+00 -9.3901187066548659e-03
5.0472527127983851e+00 -9.3829310759194866e-03
5.0478363318285737e+00 -9.3757488554640500e-03
5.0484199508587615e+00 -9.3685720413606358e-03
5.0490035698889502e+00 -9.3614006296839289e-03
5.0495871889191388e+00 -9.3542346165112842e-03
5.0501708079493266e+00 -9.3470739979226239e-03
5.0507544269795153e+00 -9.3399187700004983e-03
5.0513380460097039e+00 -9.3327689288300927e-03
5.0519216650398917e+00 -9.3256244704991876e-03
5.0525052840700804e+00 -9.3184853910981674e-03
5.0530889031002690e+00 -9.3113516867200305e-03
5.0536725221304568e+00 -9.3042233534604071e-03
5.0542561411606455e+00 -9.2971003874175121e-03
5.0548397601908341e+00 -9.2899827846921537e-03
5.0554233792210219e+00 -9.2828705413877839e-03
5.0560069982512106e+00 -9.2757636536104256e-03
5.0565906172813992e+00 -9.2686621174687105e-03
5.0571742363115870e+00 -9.2615659290738884e-03
5.0577578553417757e+00 -9.2544750845397813e-03
5.0583414743719644e+00 -9.2473895799828135e-03
5.0589250934021521e+00 -9.2403094115220477e-03
5.0595087124323408e+00 -9.2332345752790639e-03
5.0600923314625295e+00 -9.2261650673781011e-03
5.0606759504927172e+00 -9.2191008839459816e-03
5.0612595695229059e+00 -9.2120420211120775e-03
5.0618431885530946e+00 -9.2049884750083962e-03
5.0624268075832823e+00 -9.1979402417695314e-03
5.0630104266134710e+00 -9.1908973175326130e-03
5.0635940456436597e+00 -9.1838596984374077e-03
5.0641776646738474e+00 -9.1768273806262738e-03
5.0647612837040361e+00 -9.1698003602440868e-03
5.0653449027342248e+00 -9.1627786334383642e-03
5.0659285217644126e+00 -9.1557621963592115e-03
5.0665121407946021e+00 -9.1487510451592341e-03
5.0670957598247899e+00 -9.1417451759937124e-03
5.0676793788549777e+00 -9.1347445850204542e-03
5.0682629978851672e+00 -9.1277492683997982e-03
5.0688466169153550e+00 -9.1207592222947737e-03
5.0694302359455428e+00 -9.1137744428708665e-03
5.0700138549757323e+00 -9.1067949262961627e-03
5.0705974740059201e+00 -9.0998206687413919e-03
5.0711810930361079e+00 -9.0928516663797455e-03
5.0717647120662974e+00 -9.0858879153870292e-03
5.0723483310964852e+00 -9.0789294119416487e-03
5.0729319501266730e+00 -9.0719761522245097e-03
5.0735155691568625e+00 -9.0650281324190941e-03
5.0740991881870503e+00 -9.0580853487115098e-03
5.0746828072172390e+00 -9.0511477972903265e-03
5.0752664262474276e+00 -9.0442154743467350e-03
5.0758500452776154e+00 -9.0372883760744885e-03
5.0764336643078041e+00 -9.0303664986698395e-03
5.0770172833379927e+00 -9.0234498383316535e-03
5.0776009023681805e+00 -9.0165383912613212e-03
5.0781845213983692e+00 -9.0096321536627787e-03
5.0787681404285578e+00 -9.0027311217425431e-03
5.0793517594587456e+00 -8.9958352917096467e-03
5.0799353784889343e+00 -8.9889446597756755e-03
5.0805189975191229e+00 -8.9820592221547865e-03
5.0811026165493107e+00 -8.9751789750636603e-03
5.0816862355794994e+00 -8.9683039147215021e-03
5.0822698546096881e+00 -8.9614340373501151e-03
5.0828534736398758e+00 -8.9545693391737888e-03
5.0834370926700645e+00 -8.9477098164193782e-03
5.0840207117002532e+00 -8.9408554653162570e-03
5.0846043307304409e+00 -8.9340062820963753e-03
5.0851879497606296e+00 -8.9271622629941757e-03
5.0857715687908183e+00 -8.9203234042466457e-03
5.0863551878210060e+00 -8.9134897020933263e-03
5.0869388068511947e+00 -8.9066611527762740e-03
5.0875224258813834e+00 -8.8998377525400536e-03
5.0881060449115711e+00 -8.8930194976318058e-03
5.0886896639417598e+00 -8.8862063843011610e-03
5.0892732829719485e+00 -8.8793984088002802e-03
5.0898569020021363e+00 -8.8725955673838782e-03
5.0904405210323249e+00 -8.8657978563091520e-03
5.0910241400625136e+00 -8.8590052718358347e-03
5.0916077590927014e+00 -8.8522178102262098e-03
5.0921913781228900e+00 -8.8454354677450168e-03
5.0927749971530787e+00 -8.8386582406595696e-03
5.0933586161832665e+00 -8.8318861252396942e-03
5.0939422352134551e+00 -8.8251191177576814e-03
5.0945258542436438e+00 -8.8183572144883877e-03
5.0951094732738316e+00 -8.8116004117091834e-03
5.0956930923040202e+00 -8.8048487056998914e-03
5.0962767113342089e+00 -8.7981020927429005e-03
5.0968603303643967e+00 -8.7913605691231130e-03
5.0974439493945853e+00 -8.7846241311278737e-03
5.0980275684247740e+00 -8.7778927750470897e-03
5.0986111874549618e+00 -8.7711664971731849e-03
5.0991948064851504e+00 -8.7644452938010122e-03
5.0997784255153391e+00 -8.7577291612280055e-03
5.1003620445455269e+00 -8.7510180957540463e-03
5.1009456635757164e+00 -8.7443120936815215e-03
5.1015292826059042e+00 -8.7376111513153710e-03
5.1021129016360920e+00 -8.7309152649629532e-03
5.1026965206662815e+00 -8.7242244309341348e-03
5.1032801396964693e+00 -8.7175386455413499e-03
5.1038637587266571e+00 -8.7108579050994284e-03
5.1044473777568466e+00 -8.7041822059257291e-03
5.1050309967870344e+00 -8.6975115443401405e-03
5.1056146158172231e+00 -8.6908459166649601e-03
5.1061982348474109e+00 -8.6841853192250514e-03
5.1067818538775995e+00 -8.6775297483476857e-03
5.1073654729077882e+00 -8.6708792003626738e-03
5.1079490919379760e+00 -8.6642336716023140e-03
5.1085327109681646e+00 -8.6575931584013249e-03
5.1091163299983533e+00 -8.6509576570969610e-03
5.1096999490285411e+00 -8.6443271640289573e-03
5.1102835680587297e+00 -8.6377016755394727e-03
5.1108671870889184e+00 -8.6310811879731896e-03
5.1114508061191062e+00 -8.6244656976772732e-03
5.1120344251492948e+00 -8.6178552010012979e-03
5.1126180441794835e+00 -8.6112496942973744e-03
5.1132016632096722e+00 -8.6046491739200613e-03
5.1137852822398600e+00 -8.5980536362263854e-03
5.1143689012700486e+00 -8.5914630775758317e-03
5.1149525203002373e+00 -8.5848774943303573e-03
5.1155361393304251e+00 -8.5782968828543998e-03
5.1161197583606137e+00 -8.5717212395148464e-03
5.1167033773908024e+00 -8.5651505606810265e-03
5.1172869964209902e+00 -8.5585848427247851e-03
5.1178706154511788e+00 -8.5520240820203680e-03
5.1184542344813675e+00 -8.5454682749445069e-03
5.1190378535115553e+00 -8.5389174178763984e-03
5.1196214725417439e+00 -8.5323715071976818e-03
5.1202050915719326e+00 -8.5258305392924370e-03
5.1207887106021204e+00 -8.5192945105472297e-03
5.1213723296323090e+00 -8.5127634173510509e-03
5.1219559486624977e+00 -8.5062372560953444e-03
5.1225395676926855e+00 -8.4997160231740296e-03
5.1231231867228741e+00 -8.4931997149834213e-03
5.1237068057530628e+00 -8.4866883279223239e-03
5.1242904247832506e+00 -8.4801818583919945e-03
5.1248740438134393e+00 -8.4736803027960720e-03
5.1254576628436279e+00 -8.4671836575406986e-03
5.1260412818738157e+00 -8.4606919190344469e-03
5.1266249009040044e+00 -8.4542050836882935e-03
5.1272085199341930e+00 -8.4477231479156874e-03
5.1277921389643808e+00 -8.4412461081325232e-03
5.1283757579945695e+00 -8.4347739607570759e-03
5.1289593770247581e+00 -8.4283067022101060e-03
5.1295429960549468e+00 -8.4218443289147994e-03
5.1301266150851346e+00 -8.4153868372967584e-03
5.1307102341153232e+00 -8.4089342237840137e-03
5.1312938531455119e+00 -8.4024864848070285e-03
5.1318774721756997e+00 -8.3960436167987099e-03
5.1324610912058883e+00 -8.3896056161943747e-03
5.1330447102360770e+00 -8.3831724794317455e-03
5.1336283292662648e+00 -8.3767442029510190e-03
5.1342119482964534e+00 -8.3703207831947665e-03
5.1347955673266421e+00 -8.3639022166079914e-03
5.1353791863568299e+00 -8.3574884996381361e-03
5.1359628053870185e+00 -8.3510796287350423e-03
5.1365464244172072e+00 -8.3446756003509575e-03
5.1371300434473950e+00 -8.3382764109405771e-03
5.1377136624775837e+00 -8.3318820569609851e-03
5.1382972815077723e+00 -8.3254925348716733e-03
5.1388809005379601e+00 -8.3191078411345848e-03
5.1394645195681488e+00 -8.3127279722140044e-03
5.1400481385983374e+00 -8.3063529245766821e-03
5.1406317576285252e+00 -8.2999826946917755e-03
5.1412153766587139e+00 -8.2936172790307929e-03
5.1417989956889025e+00 -8.2872566740677008e-03
5.1423826147190903e+00 -8.2809008762788662e-03
5.1429662337492790e+00 -8.2745498821430105e-03
5.1435498527794676e+00 -8.2682036881413026e-03
5.1441334718096554e+00 -8.2618622907573141e-03
5.1447170908398441e+00 -8.2555256864769583e-03
5.1453007098700327e+00 -8.2491938717885998e-03
5.1458843289002205e+00 -8.2428668431829971e-03
5.1464679479304092e+00 -8.2365445971532489e-03
5.1470515669605978e+00 -8.2302271301949066e-03
5.1476351859907865e+00 -8.2239144388058724e-03
5.1482188050209743e+00 -8.2176065194864735e-03
5.1488024240511630e+00 -8.2113033687393946e-03
5.1493860430813516e+00 -8.2050049830697056e-03
5.1499696621115394e+00 -8.1987113589848983e-03
5.1505532811417281e+00 -8.1924224929948112e-03
5.1511369001719167e+00 -8.1861383816116736e-03
5.1517205192021045e+00 -8.1798590213501138e-03
5.1523041382322932e+00 -8.1735844087271314e-03
5.1528877572624818e+00 -8.1673145402620800e-03
5.1534713762926696e+00 -8.1610494124767473e-03
5.1540549953228583e+00 -8.1547890218952191e-03
5.1546386143530469e+00 -8.1485333650440257e-03
5.1552222333832347e+00 -8.1422824384520601e-03
5.1558058524134234e+00 -8.1360362386505326e-03
5.1563894714436120e+00 -8.1297947621730860e-03
5.1569730904737998e+00 -8.1235580055557238e-03
5.1575567095039885e+00 -8.1173259653367722e-03
5.1581403285341771e+00 -8.1110986380569725e-03
5.1587239475643649e+00 -8.1048760202594265e-03
5.1593075665945536e+00 -8.0986581084895645e-03
5.1598911856247422e+00 -8.0924448992952154e-03
5.1604748046549300e+00 -8.0862363892265764e-03
5.1610584236851187e+00 -8.0800325748361518e-03
5.1616420427153074e+00 -8.0738334526788622e-03
5.1622256617454951e+00 -8.0676390193119615e-03
5.1628092807756838e+00 -8.0614492712950472e-03
5.1633928998058725e+00 -8.0552642051901005e-03
5.1639765188360611e+00 -8.0490838175614286e-03
5.1645601378662489e+00 -8.0429081049757187e-03
5.1651437568964376e+00 -8.0367370640019864e-03
5.1657273759266262e+00 -8.0305706912115905e-03
5.1663109949568140e+00 -8.0244089831782769e-03
5.1668946139870027e+00 -8.0182519364780953e-03
5.1674782330171913e+00 -8.0120995476894545e-03
5.1680618520473791e+00 -8.0059518133931262e-03
5.1686454710775678e+00 -7.9998087301722080e-03
5.1692290901077564e+00 -7.9936702946121242e-03
5.1698127091379442e+00 -7.9875365033006858e-03
5.1703963281681329e+00 -7.9814073528279728e-03
5.1709799471983215e+00 -7.9752828397864697e-03
5.1715635662285093e+00 -7.9691629607709837e-03
5.1721471852586980e+00 -7.9630477123786066e-03
5.1727308042888867e+00 -7.9569370912088207e-03
5.1733144233190744e+00 -7.9508310938634363e-03
5.1738980423492631e+00 -7.9447297169465449e-03
5.1744816613794518e+00 -7.9386329570646161e-03
5.1750652804096395e+00 -7.9325408108264547e-03
5.1756488994398282e+00 -7.9264532748431326e-03
5.1762325184700169e+00 -7.9203703457281054e-03
5.1768161375002046e+00 -7.9142920200971495e-03
5.1773997565303933e+00 -7.9082182945683106e-03
5.1779833755605820e+00 -7.9021491657620194e-03
5.1785669945907697e+00 -7.8960846303009983e-03
5.1791506136209584e+00 -7.8900246848102699e-03
5.1797342326511471e+00 -7.8839693259172266e-03
5.1803178516813349e+00 -7.8779185502515243e-03
5.1809014707115235e+00 -7.8718723544451558e-03
5.1814850897417122e+00 -7.8658307351324400e-03
5.1820687087719008e+00 -7.8597936889499807e-03
5.1826523278020886e+00 -7.8537612125367234e-03
5.1832359468322773e+00 -7.8477333025338963e-03
5.1838195658624660e+00 -7.8417099555850422e-03
5.1844031848926537e+00 -7.8356911683360383e-03
5.1849868039228424e+00 -7.8296769374350105e-03
5.1855704229530311e+00 -7.8236672595324418e-03
5.1861540419832188e+00 -7.8176621312811157e-03
5.1867376610134075e+00 -7.8116615493360646e-03
5.1873212800435962e+00 -7.8056655103546802e-03
5.1879048990737839e+00 -7.7996740109966475e-03
5.1884885181039726e+00 -7.7936870479238972e-03
5.1890721371341613e+00 -7.7877046178007094e-03
5.1896557561643490e+00 -7.7817267172936603e-03
5.1902393751945377e+00 -7.7757533430715684e-03
5.1908229942247264e+00 -7.7697844918055902e-03
5.1914066132549141e+00 -7.7638201601691837e-03
5.1919902322851028e+00 -7.7578603448380402e-03
5.1925738513152915e+00 -7.7519050424901875e-03
5.1931574703454793e+00 -7.7459542498059470e-03
5.1937410893756679e+00 -7.7400079634678707e-03
5.1943247084058566e+00 -7.7340661801608536e-03
5.1949083274360444e+00 -7.7281288965720457e-03
5.1954919464662330e+00 -7.7221961093908702e-03
5.1960755654964217e+00 -7.7162678153090691e-03
5.1966591845266095e+00 -7.7103440110206254e-03
5.1972428035567981e+00 -7.7044246932218077e-03
5.1978264225869868e+00 -7.6985098586111831e-03
5.1984100416171755e+00 -7.6925995038895625e-03
5.1989936606473632e+00 -7.6866936257600667e-03
5.1995772796775519e+00 -7.6807922209280533e-03
5.2001608987077406e+00 -7.6748952861011664e-03
5.2007445177379283e+00 -7.6690028179893432e-03
5.2013281367681170e+00 -7.6631148133047356e-03
5.2019117557983057e+00 -7.6572312687618093e-03
5.2024953748284934e+00 -7.6513521810772991e-03
5.2030789938586821e+00 -7.6454775469701579e-03
5.2036626128888708e+00 -7.6396073631616471e-03
5.2042462319190586e+00 -7.6337416263752914e-03
5.2048298509492472e+00 -7.6278803333368252e-03
5.2054134699794359e+00 -7.6220234807742948e-03
5.2059970890096237e+00 -7.6161710654180067e-03
5.2065807080398123e+00 -7.6103230840004676e-03
5.2071643270700010e+00 -7.6044795332564936e-03
5.2077479461001888e+00 -7.5986404099231616e-03
5.2083315651303774e+00 -7.5928057107397416e-03
5.2089151841605661e+00 -7.5869754324478199e-03
5.2094988031907539e+00 -7.5811495717911922e-03
5.2100824222209425e+00 -7.5753281255159155e-03
5.2106660412511312e+00 -7.5695110903703060e-03
5.2112496602813190e+00 -7.5636984631049170e-03
5.2118332793115076e+00 -7.5578902404725302e-03
5.2124168983416963e+00 -7.5520864192282107e-03
5.2130005173718841e+00 -7.5462869961292305e-03
5.2135841364020727e+00 -7.5404919679351078e-03
5.2141677554322614e+00 -7.5347013314076275e-03
5.2147513744624501e+00 -7.5289150833107756e-03
5.2153349934926378e+00 -7.5231332204108142e-03
5.2159186125228265e+00 -7.5173557394762058e-03
5.2165022315530152e+00 -7.5115826372776596e-03
5.2170858505832030e+00 -7.5058139105881501e-03
5.2176694696133916e+00 -7.5000495561828159e-03
5.2182530886435803e+00 -7.4942895708390873e-03
5.2188367076737681e+00 -7.4885339513366149e-03
5.2194203267039567e+00 -7.4827826944572394e-03
5.2200039457341454e+00 -7.4770357969850664e-03
5.2205875647643332e+00 -7.4712932557064338e-03
5.2211711837945218e+00 -7.4655550674098525e-03
5.2217548028247105e+00 -7.4598212288861047e-03
5.2223384218548983e+00 -7.4540917369281976e-03
5.2229220408850869e+00 -7.4483665883313043e-03
5.2235056599152756e+00 -7.4426457798928694e-03
5.2240892789454634e+00 -7.4369293084125604e-03
5.2246728979756520e+00 -7.4312171706922038e-03
5.2252565170058407e+00 -7.4255093635359030e-03
5.2258401360360285e+00 -7.4198058837499376e-03
5.2264237550662171e+00 -7.4141067281428084e-03
5.2270073740964058e+00 -7.4084118935252435e-03
5.2275909931265936e+00 -7.4027213767101667e-03
5.2281746121567823e+00 -7.3970351745126948e-03
5.2287582311869709e+00 -7.3913532837501959e-03
5.2293418502171587e+00 -7.3856757012422010e-03
5.2299254692473474e+00 -7.3800024238104608e-03
5.2305090882775360e+00 -7.3743334482789438e-03
5.2310927073077238e+00 -7.3686687714738077e-03
5.2316763263379125e+00 -7.3630083902234012e-03
5.2322599453681011e+00 -7.3573523013582831e-03
5.2328435643982898e+00 -7.3517005017112187e-03
5.2334271834284776e+00 -7.3460529881171745e-03
5.2340108024586662e+00 -7.3404097574132719e-03
5.2345944214888549e+00 -7.3347708064388705e-03
5.2351780405190427e+00 -7.3291361320355214e-03
5.2357616595492313e+00 -7.3235057310469288e-03
5.2363452785794200e+00 -7.3178796003190256e-03
5.2369288976096078e+00 -7.3122577366999380e-03
5.2375125166397964e+00 -7.3066401370399311e-03
5.2380961356699851e+00 -7.3010267981915063e-03
5.2386797547001729e+00 -7.2954177170093488e-03
5.2392633737303616e+00 -7.2898128903502802e-03
5.2398469927605502e+00 -7.2842123150733615e-03
5.2404306117907380e+00 -7.2786159880398014e-03
5.2410142308209267e+00 -7.2730239061129945e-03
5.2415978498511153e+00 -7.2674360661585356e-03
5.2421814688813031e+00 -7.2618524650441638e-03
5.2427650879114918e+00 -7.2562730996398100e-03
5.2433487069416804e+00 -7.2506979668175934e-03
5.2439323259718682e+00 -7.2451270634517912e-03
5.2445159450020569e+00 -7.2395603864188396e-03
5.2450995640322455e+00 -7.2339979325973898e-03
5.2456831830624333e+00 -7.2284396988682191e-03
5.2462668020926220e+00 -7.2228856821142887e-03
5.2468504211228106e+00 -7.2173358792207397e-03
5.2474340401529984e+00 -7.2117902870748657e-03
5.2480176591831871e+00 -7.2062489025661227e-03
5.2486012782133757e+00 -7.2007117225861301e-03
5.2491848972435644e+00 -7.1951787440286841e-03
5.2497685162737522e+00 -7.1896499637897461e-03
5.2503521353039408e+00 -7.1841253787673920e-03
5.2509357543341295e+00 -7.1786049858619059e-03
5.2515193733643173e+00 -7.1730887819757231e-03
5.2521029923945060e+00 -7.1675767640133952e-03
5.2526866114246946e+00 -7.1620689288816684e-03
5.2532702304548824e+00 -7.1565652734894448e-03
5.2538538494850711e+00 -7.1510657947477328e-03
5.2544374685152597e+00 -7.1455704895697367e-03
5.2550210875454475e+00 -7.1400793548708121e-03
5.2556047065756362e+00 -7.1345923875684144e-03
5.2561883256058248e+00 -7.1291095845821958e-03
5.2567719446360126e+00 -7.1236309428339322e-03
5.2573555636662013e+00 -7.1181564592475415e-03
5.2579391826963899e+00 -7.1126861307491034e-03
5.2585228017265777e+00 -7.1072199542668154e-03
5.2591064207567664e+00 -7.1017579267310220e-03
5.2596900397869550e+00 -7.0963000450742246e-03
5.2602736588171428e+00 -7.0908463062310445e-03
5.2608572778473315e+00 -7.0853967071382298e-03
5.2614408968775201e+00 -7.0799512447347014e-03
5.2620245159077079e+00 -7.0745099159614773e-03
5.2626081349378966e+00 -7.0690727177617164e-03
5.2631917539680853e+00 -7.0636396470807293e-03
5.2637753729982730e+00 -7.0582107008659387e-03
5.2643589920284617e+00 -7.0527858760668942e-03
5.2649426110586504e+00 -7.0473651696352745e-03
5.2655262300888390e+00 -7.0419485785248948e-03
5.2661098491190268e+00 -7.0365360996917058e-03
5.2666934681492155e+00 -7.0311277300937345e-03
5.2672770871794041e+00 -7.0257234666911781e-03
5.2678607062095919e+00 -7.0203233064463503e-03
5.2684443252397806e+00 -7.0149272463236479e-03
5.2690279442699692e+00 -7.0095352832896269e-03
5.2696115633001570e+00 -7.0041474143129577e-03
5.2701951823303457e+00 -6.9987636363643873e-03
5.2707788013605343e+00 -6.9933839464168196e-03
5.2713624203907221e+00 -6.9880083414452718e-03
5.2719460394209108e+00 -6.9826368184268319e-03
5.2725296584510994e+00 -6.9772693743407454e-03
5.2731132774812872e+00 -6.9719060061683462e-03
5.2736968965114759e+00 -6.9665467108930724e-03
5.2742805155416645e+00 -6.9611914855004908e-03
5.2748641345718523e+00 -6.9558403269782496e-03
5.2754477536020410e+00 -6.9504932323161085e-03
5.2760313726322297e+00 -6.9451501985059476e-03
5.2766149916624174e+00 -6.9398112225417339e-03
5.2771986106926061e+00 -6.9344763014195215e-03
5.2777822297227948e+00 -6.9291454321375049e-03
5.2783658487529825e+00 -6.9238186116959395e-03
5.2789494677831712e+00 -6.9184958370971956e-03
5.2795330868133599e+00 -6.9131771053457204e-03
5.2801167058435476e+00 -6.9078624134480951e-03
5.2807003248737363e+00 -6.9025517584129547e-03
5.2812839439039250e+00 -6.8972451372510384e-03
5.2818675629341127e+00 -6.8919425469751907e-03
5.2824511819643014e+00 -6.8866439846003323e-03
5.2830348009944901e+00 -6.8813494471434604e-03
5.2836184200246787e+00 -6.8760589316236853e-03
5.2842020390548665e+00 -6.8707724350622022e-03
5.2847856580850552e+00 -6.8654899544822543e-03
5.2853692771152438e+00 -6.8602114869092054e-03
5.2859528961454316e+00 -6.8549370293705071e-03
5.2865365151756203e+00 -6.8496665788956431e-03
5.2871201342058090e+00 -6.8444001325162276e-03
5.2877037532359967e+00 -6.8391376872659320e-03
5.2882873722661854e+00 -6.8338792401804937e-03
5.2888709912963741e+00 -6.8286247882977527e-03
5.2894546103265618e+00 -6.8233743286576056e-03
5.2900382293567505e+00 -6.8181278583020156e-03
5.2906218483869392e+00 -6.8128853742750461e-03
5.2912054674171269e+00 -6.8076468736228005e-03
5.2917890864473156e+00 -6.8024123533934611e-03
5.2923727054775043e+00 -6.7971818106372945e-03
5.2929563245076920e+00 -6.7919552424066170e-03
5.2935399435378807e+00 -6.7867326457558023e-03
5.2941235625680694e+00 -6.7815140177413238e-03
5.2947071815982572e+00 -6.7762993554216812e-03
5.2952908006284458e+00 -6.7710886558574584e-03
5.2958744196586345e+00 -6.7658819161112759e-03
5.2964580386888223e+00 -6.7606791332478549e-03
5.2970416577190109e+00 -6.7554803043339334e-03
5.2976252767491996e+00 -6.7502854264383213e-03
5.2982088957793874e+00 -6.7450944966318980e-03
5.2987925148095760e+00 -6.7399075119875824e-03
5.2993761338397647e+00 -6.7347244695803374e-03
5.2999597528699534e+00 -6.7295453664871999e-03
5.3005433719001411e+00 -6.7243701997872583e-03
5.3011269909303298e+00 -6.7191989665616163e-03
5.3017106099605185e+00 -6.7140316638934616e-03
5.3022942289907062e+00 -6.7088682888680300e-03
5.3028778480208949e+00 -6.7037088385725630e-03
5.3034614670510836e+00 -6.6985533100963916e-03
5.3040450860812713e+00 -6.6934017005308693e-03
5.3046287051114600e+00 -6.6882540069693819e-03
5.3052123241416487e+00 -6.6831102265073822e-03
5.3057959431718364e+00 -6.6779703562423447e-03
5.3063795622020251e+00 -6.6728343932737763e-03
5.3069631812322138e+00 -6.6677023347032479e-03
5.3075468002624016e+00 -6.6625741776343344e-03
5.3081304192925902e+00 -6.6574499191726592e-03
5.3087140383227789e+00 -6.6523295564258891e-03
5.3092976573529667e+00 -6.6472130865037104e-03
5.3098812763831553e+00 -6.6421005065178361e-03
5.3104648954133440e+00 -6.6369918135820143e-03
5.3110485144435318e+00 -6.6318870048120340e-03
5.3116321334737204e+00 -6.6267860773256944e-03
5.3122157525039091e+00 -6.6216890282428135e-03
5.3127993715340969e+00 -6.6165958546852708e-03
5.3133829905642855e+00 -6.6115065537769267e-03
5.3139666095944742e+00 -6.6064211226436829e-03
5.3145502286246620e+00 -6.6013395584134677e-03
5.3151338476548506e+00 -6.5962618582162229e-03
5.3157174666850393e+00 -6.5911880191838954e-03
5.3163010857152271e+00 -6.5861180384504756e-03
5.3168847047454157e+00 -6.5810519131519482e-03
5.3174683237756044e+00 -6.5759896404263196e-03
5.3180519428057931e+00 -6.5709312174136100e-03
5.3186355618359809e+00 -6.5658766412558722e-03
5.3192191808661695e+00 -6.5608259090971163e-03
5.3198027998963582e+00 -6.5557790180834205e-03
5.3203864189265460e+00 -6.5507359653628420e-03
5.3209700379567346e+00 -6.5456967480854366e-03
5.3215536569869233e+00 -6.5406613634032959e-03
5.3221372760171111e+00 -6.5356298084704939e-03
5.3227208950472997e+00 -6.5306020804431096e-03
5.3233045140774884e+00 -6.5255781764792424e-03
5.3238881331076762e+00 -6.5205580937389681e-03
5.3244717521378648e+00 -6.5155418293843699e-03
5.3250553711680535e+00 -6.5105293805795463e-03
5.3256389901982413e+00 -6.5055207444905776e-03
5.3262226092284299e+00 -6.5005159182855363e-03
5.3268062282586186e+00 -6.4955148991344951e-03
5.3273898472888064e+00 -6.4905176842095305e-03
5.3279734663189950e+00 -6.4855242706847050e-03
5.3285570853491837e+00 -6.4805346557360519e-03
5.3291407043793715e+00 -6.4755488365416374e-03
5.3297243234095601e+00 -6.4705668102814770e-03
5.3303079424397488e+00 -6.4655885741375886e-03
5.3308915614699366e+00 -6.4606141252939852e-03
5.3314751805001253e+00 -6.4556434609366557e-03
5.3320587995303139e+00 -6.4506765782535612e-03
5.3326424185605017e+00 -6.4457134744346813e-03
5.3332260375906904e+00 -6.4407541466719228e-03
5.3338096566208790e+00 -6.4357985921592213e-03
5.3343932756510677e+00 -6.4308468080924832e-03
5.3349768946812555e+00 -6.4258987916695704e-03
5.3355605137114441e+00 -6.4209545400903305e-03
5.3361441327416328e+00 -6.4160140505566043e-03
5.3367277517718206e+00 -6.4110773202721866e-03
5.3373113708020092e+00 -6.4061443464428405e-03
5.3378949898321979e+00 -6.4012151262763306e-03
5.3384786088623857e+00 -6.3962896569823621e-03
5.3390622278925743e+00 -6.3913679357726159e-03
5.3396458469227630e+00 -6.3864499598607558e-03
5.3402294659529508e+00 -6.3815357264624013e-03
5.3408130849831394e+00 -6.3766252327951247e-03
5.3413967040133281e+00 -6.3717184760784919e-03
5.3419803230435159e+00 -6.3668154535340086e-03
5.3425639420737046e+00 -6.3619161623851561e-03
5.3431475611038932e+00 -6.3570205998573544e-03
5.3437311801340810e+00 -6.3521287631780185e-03
5.3443147991642697e+00 -6.3472406495764912e-03
5.3448984181944583e+00 -6.3423562562840803e-03
5.3454820372246461e+00 -6.3374755805340691e-03
5.3460656562548348e+00 -6.3325986195616633e-03
5.3466492752850234e+00 -6.3277253706040364e-03
5.3472328943152112e+00 -6.3228558309003256e-03
5.3478165133453999e+00 -6.3179899976916103e-03
5.3484001323755885e+00 -6.3131278682209023e-03
5.3489837514057763e+00 -6.3082694397332030e-03
5.3495673704359650e+00 -6.3034147094754066e-03
5.3501509894661536e+00 -6.2985636746963995e-03
5.3507346084963423e+00 -6.2937163326470041e-03
5.3513182275265301e+00 -6.2888726805799666e-03
5.3519018465567187e+00 -6.2840327157499872e-03
5.3524854655869074e+00 -6.2791964354137180e-03
5.3530690846170952e+00 -6.2743638368297399e-03
5.3536527036472839e+00 -6.2695349172585627e-03
5.3542363226774725e+00 -6.2647096739626628e-03
5.3548199417076603e+00 -6.2598881042064264e-03
5.3554035607378490e+00 -6.2550702052561790e-03
5.3559871797680376e+00 -6.2502559743801995e-03
5.3565707987982254e+00 -6.2454454088486820e-03
5.3571544178284141e+00 -6.2406385059337512e-03
5.3577380368586027e+00 -6.2358352629094628e-03
5.3583216558887905e+00 -6.2310356770518185e-03
5.3589052749189792e+00 -6.2262397456387336e-03
5.3594888939491678e+00 -6.2214474659500413e-03
5.3600725129793556e+00 -6.2166588352675243e-03
5.3606561320095443e+00 -6.2118738508748729e-03
5.3612397510397329e+00 -6.2070925100577009e-03
5.3618233700699207e+00 -6.2023148101035593e-03
5.3624069891001094e+00 -6.1975407483018958e-03
5.3629906081302980e+00 -6.1927703219440940e-03
5.3635742271604858e+00 -6.1880035283234597e-03
5.3641578461906745e+00 -6.1832403647352051e-03
5.3647414652208631e+00 -6.1784808284764551e-03
5.3653250842510509e+00 -6.1737249168462727e-03
5.3659087032812396e+00 -6.1689726271455976e-03
5.3664923223114283e+00 -6.1642239566773145e-03
5.3670759413416160e+00 -6.1594789027462219e-03
5.3676595603718047e+00 -6.1547374626589844e-03
5.3682431794019934e+00 -6.1499996337242204e-03
5.3688267984321820e+00 -6.1452654132524483e-03
5.3694104174623698e+00 -6.1405347985560793e-03
5.3699940364925585e+00 -6.1358077869494224e-03
5.3705776555227471e+00 -6.1310843757487301e-03
5.3711612745529349e+00 -6.1263645622721156e-03
5.3717448935831236e+00 -6.1216483438396073e-03
5.3723285126133122e+00 -6.1169357177731504e-03
5.3729121316435000e+00 -6.1122266813965704e-03
5.3734957506736887e+00 -6.1075212320355933e-03
5.3740793697038773e+00 -6.1028193670178404e-03
5.3746629887340651e+00 -6.0981210836728488e-03
5.3752466077642538e+00 -6.0934263793320292e-03
5.3758302267944424e+00 -6.0887352513286815e-03
5.3764138458246302e+00 -6.0840476969980205e-03
5.3769974648548189e+00 -6.0793637136771338e-03
5.3775810838850076e+00 -6.0746832987050017e-03
5.3781647029151953e+00 -6.0700064494225055e-03
5.3787483219453840e+00 -6.0653331631723966e-03
5.3793319409755727e+00 -6.0606634372993165e-03
5.3799155600057604e+00 -6.0559972691498131e-03
5.3804991790359491e+00 -6.0513346560722757e-03
5.3810827980661378e+00 -6.0466755954170113e-03
5.3816664170963255e+00 -6.0420200845362109e-03
5.3822500361265142e+00 -6.0373681207839128e-03
5.3828336551567029e+00 -6.0327197015160646e-03
5.3834172741868906e+00 -6.0280748240904933e-03
5.3840008932170793e+00 -6.0234334858668666e-03
5.3845845122472680e+00 -6.0187956842067672e-03
5.3851681312774566e+00 -6.0141614164736391e-03
5.3857517503076444e+00 -6.0095306800327991e-03
5.3863353693378331e+00 -6.0049034722514192e-03
5.3869189883680217e+00 -6.0002797904985796e-03
5.3875026073982095e+00 -5.9956596321451951e-03
5.3880862264283982e+00 -5.9910429945640676e-03
5.3886698454585868e+00 -5.9864298751298485e-03
5.3892534644887746e+00 -5.9818202712190894e-03
5.3898370835189633e+00 -5.9772141802101712e-03
5.3904207025491520e+00 -5.9726115994833502e-03
5.3910043215793397e+00 -5.9680125264207585e-03
5.3915879406095284e+00 -5.9634169584063751e-03
5.3921715596397171e+00 -5.9588248928260359e-03
5.3927551786699048e+00 -5.9542363270674538e-03
5.3933387977000935e+00 -5.9496512585201838e-03
5.3939224167302822e+00 -5.9450696845756374e-03
5.3945060357604699e+00 -5.9404916026271019e-03
5.3950896547906586e+00 -5.9359170100696896e-03
5.3956732738208473e+00 -5.9313459043003830e-03
5.3962568928510350e+00 -5.9267782827180293e-03
5.3968405118812237e+00 -5.9222141427232840e-03
5.3974241309114124e+00 -5.9176534817186963e-03
5.3980077499416002e+00 -5.9130962971086541e-03
5.3985913689717888e+00 -5.9085425862993677e-03
5.3991749880019775e+00 -5.9039923466989190e-03
5.3997586070321653e+00 -5.8994455757172453e-03
5.4003422260623539e+00 -5.8949022707660793e-03
5.4009258450925426e+00 -5.8903624292590421e-03
5.4015094641227304e+00 -5.8858260486115942e-03
5.4020930831529190e+00 -5.8812931262409978e-03
5.4026767021831077e+00 -5.8767636595663886e-03
5.4032603212132964e+00 -5.8722376460087480e-03
5.4038439402434841e+00 -5.8677150829908624e-03
5.4044275592736728e+00 -5.8631959679373751e-03
5.4050111783038615e+00 -5.8586802982747441e-03
5.4055947973340492e+00 -5.8541680714312974e-03
5.4061784163642379e+00 -5.8496592848371592e-03
5.4067620353944266e+00 -5.8451539359242943e-03
5.4073456544246143e+00 -5.8406520221265133e-03
5.4079292734548030e+00 -5.8361535408794386e-03
5.4085128924849917e+00 -5.8316584896205151e-03
5.4090965115151795e+00 -5.8271668657890394e-03
5.4096801305453681e+00 -5.8226786668261086e-03
5.4102637495755568e+00 -5.8181938901746503e-03
5.4108473686057446e+00 -5.8137125332794288e-03
5.4114309876359332e+00 -5.8092345935870093e-03
5.4120146066661219e+00 -5.8047600685457853e-03
5.4125982256963097e+00 -5.8002889556059865e-03
5.4131818447264983e+00 -5.7958212522196241e-03
5.4137654637566870e+00 -5.7913569558405613e-03
5.4143490827868748e+00 -5.7868960639244713e-03
5.4149327018170634e+00 -5.7824385739288142e-03
5.4155163208472521e+00 -5.7779844833128983e-03
5.4160999398774399e+00 -5.7735337895378396e-03
5.4166835589076285e+00 -5.7690864900665304e-03
5.4172671779378172e+00 -5.7646425823637175e-03
5.4178507969680050e+00 -5.7602020638959439e-03
5.4184344159981936e+00 -5.7557649321315326e-03
5.4190180350283823e+00 -5.7513311845406451e-03
5.4196016540585710e+00 -5.7469008185952516e-03
5.4201852730887587e+00 -5.7424738317691012e-03
5.4207688921189474e+00 -5.7380502215377636e-03
5.4213525111491361e+00 -5.7336299853785926e-03
5.4219361301793239e+00 -5.7292131207707783e-03
5.4225197492095125e+00 -5.7247996251952723e-03
5.4231033682397012e+00 -5.7203894961348417e-03
5.4236869872698890e+00 -5.7159827310740603e-03
5.4242706063000776e+00 -5.7115793274992834e-03
5.4248542253302663e+00 -5.7071792828986565e-03
5.4254378443604541e+00 -5.7027825947621458e-03
5.4260214633906427e+00 -5.6983892605814825e-03
5.4266050824208314e+00 -5.6939992778501994e-03
5.4271887014510192e+00 -5.6896126440636376e-03
5.4277723204812078e+00 -5.6852293567188870e-03
5.4283559395113965e+00 -5.6808494133148597e-03
5.4289395585415843e+00 -5.6764728113522598e-03
5.4295231775717729e+00 -5.6720995483335373e-03
5.4301067966019616e+00 -5.6677296217629665e-03
5.4306904156321494e+00 -5.6633630291466003e-03
5.4312740346623380e+00 -5.6589997679922458e-03
5.4318576536925267e+00 -5.6546398358095201e-03
5.4324412727227145e+00 -5.6502832301098234e-03
5.4330248917529032e+00 -5.6459299484063015e-03
5.4336085107830918e+00 -5.6415799882139099e-03
5.4341921298132796e+00 -5.6372333470493851e-03
5.4347757488434683e+00 -5.6328900224311973e-03
5.4353593678736569e+00 -5.6285500118796418e-03
5.4359429869038456e+00 -5.6242133129167492e-03
5.4365266059340334e+00 -5.6198799230663538e-03
5.4371102249642220e+00 -5.6155498398540388e-03
5.4376938439944107e+00 -5.6112230608071538e-03
5.4382774630245985e+00 -5.6068995834548446e-03
5.4388610820547871e+00 -5.6025794053279994e-03
5.4394447010849758e+00 -5.5982625239592758e-03
5.4400283201151636e+00 -5.5939489368831141e-03
5.4406119391453522e+00 -5.5896386416357038e-03
5.4411955581755409e+00 -5.5853316357549919e-03
5.4417791772057287e+00 -5.5810279167807092e-03
5.4423627962359173e+00 -5.5767274822543286e-03
5.4429464152661060e+00 -5.5724303297190868e-03
5.4435300342962938e+00 -5.5681364567199973e-03
5.4441136533264824e+00 -5.5638458608037924e-03
5.4446972723566711e+00 -5.5595585395189964e-03
5.4452808913868589e+00 -5.5552744904158848e-03
5.4458645104170476e+00 -5.5509937110464593e-03
5.4464481294472362e+00 -5.5467161989645047e-03
5.4470317484774240e+00 -5.5424419517255590e-03
5.4476153675076127e+00 -5.5381709668868781e-03
5.4481989865378013e+00 -5.5339032420075006e-03
5.4487826055679891e+00 -5.5296387746482092e-03
5.4493662245981778e+00 -5.5253775623715041e-03
5.4499498436283664e+00 -5.5211196027416688e-03
5.4505334626585542e+00 -5.5168648933247317e-03
5.4511170816887429e+00 -5.5126134316884250e-03
5.4517007007189315e+00 -5.5083652154022649e-03
5.4522843197491193e+00 -5.5041202420374920e-03
5.4528679387793080e+00 -5.4998785091670867e-03
5.4534515578094966e+00 -5.4956400143657737e-03
5.4540351768396853e+00 -5.4914047552100170e-03
5.4546187958698731e+00 -5.4871727292780132e-03
5.4552024149000617e+00 -5.4829439341497034e-03
5.4557860339302504e+00 -5.4787183674067479e-03
5.4563696529604382e+00 -5.4744960266325570e-03
5.4569532719906269e+00 -5.4702769094122708e-03
5.4575368910208155e+00 -5.4660610133327459e-03
5.4581205100510033e+00 -5.4618483359826012e-03
5.4587041290811920e+00 -5.4576388749521471e-03
5.4592877481113806e+00 -5.4534326278334400e-03
5.4598713671415684e+00 -5.4492295922202874e-03
5.4604549861717571e+00 -5.4450297657081736e-03
5.4610386052019457e+00 -5.4408331458943400e-03
5.4616222242321335e+00 -5.4366397303777644e-03
5.4622058432623222e+00 -5.4324495167591006e-03
5.4627894622925108e+00 -5.4282625026407716e-03
5.4633730813226986e+00 -5.4240786856269048e-03
5.4639567003528873e+00 -5.4198980633233217e-03
5.4645403193830759e+00 -5.4157206333376008e-03
5.4651239384132637e+00 -5.4115463932790289e-03
5.4657075574434524e+00 -5.4073753407585766e-03
5.4662911764736410e+00 -5.4032074733889662e-03
5.4668747955038288e+00 -5.3990427887846389e-03
5.4674584145340175e+00 -5.3948812845617065e-03
5.4680420335642062e+00 -5.3907229583380276e-03
5.4686256525943939e+00 -5.3865678077331652e-03
5.4692092716245826e+00 -5.3824158303683780e-03
5.4697928906547713e+00 -5.3782670238666473e-03
5.4703765096849599e+00 -5.3741213858526570e-03
5.4709601287151477e+00 -5.3699789139527972e-03
5.4715437477453364e+00 -5.3658396057951656e-03
5.4721273667755250e+00 -5.3617034590095558e-03
5.4727109858057128e+00 -5.3575704712274718e-03
5.4732946048359015e+00 -5.3534406400821220e-03
5.4738782238660901e+00 -5.3493139632083946e-03
5.4744618428962779e+00 -5.3451904382429164e-03
5.4750454619264666e+00 -5.3410700628239672e-03
5.4756290809566552e+00 -5.3369528345915494e-03
5.4762126999868430e+00 -5.3328387511873783e-03
5.4767963190170317e+00 -5.3287278102548182e-03
5.4773799380472203e+00 -5.3246200094389596e-03
5.4779635570774081e+00 -5.3205153463865961e-03
5.4785471761075968e+00 -5.3164138187461697e-03
5.4791307951377854e+00 -5.3123154241678586e-03
5.4797144141679732e+00 -5.3082201603035142e-03
5.4802980331981619e+00 -5.3041280248066532e-03
5.4808816522283506e+00 -5.3000390153325177e-03
5.4814652712585383e+00 -5.2959531295380191e-03
5.4820488902887270e+00 -5.2918703650817380e-03
5.4826325093189157e+00 -5.2877907196239703e-03
5.4832161283491034e+00 -5.2837141908266688e-03
5.4837997473792921e+00 -5.2796407763534819e-03
5.4843833664094808e+00 -5.2755704738697354e-03
5.4849669854396685e+00 -5.2715032810424379e-03
5.4855506044698572e+00 -5.2674391955402659e-03
5.4861342235000459e+00 -5.2633782150335829e-03
5.4867178425302345e+00 -5.2593203371944265e-03
5.4873014615604223e+00 -5.2552655596965142e-03
5.4878850805906110e+00 -5.2512138802152317e-03
5.4884686996207996e+00 -5.2471652964276288e-03
5.4890523186509874e+00 -5.2431198060124556e-03
5.4896359376811761e+00 -5.2390774066501051e-03
5.4902195567113647e+00 -5.2350380960226412e-03
5.4908031757415525e+00 -5.2310018718138293e-03
5.4913867947717412e+00 -5.2269687317090564e-03
5.4919704138019299e+00 -5.2229386733954001e-03
5.4925540328321176e+00 -5.2189116945616232e-03
5.4931376518623063e+00 -5.2148877928981027e-03
5.4937212708924950e+00 -5.2108669660969262e-03
5.4943048899226827e+00 -5.2068492118518290e-03
5.4948885089528714e+00 -5.2028345278581824e-03
5.4954721279830601e+00 -5.1988229118130535e-03
5.4960557470132478e+00 -5.1948143614151633e-03
5.4966393660434365e+00 -5.1908088743648538e-03
5.4972229850736252e+00 -5.1868064483641717e-03
5.4978066041038129e+00 -5.1828070811168010e-03
5.4983902231340016e+00 -5.1788107703280581e-03
5.4989738421641903e+00 -5.1748175137049553e-03
5.4995574611943780e+00 -5.1708273089561187e-03
5.5001410802245667e+00 -5.1668401537918506e-03
5.5007246992547554e+00 -5.1628560459240913e-03
5.5013083182849432e+00 -5.1588749830664398e-03
5.5018919373151318e+00 -5.1548969629341300e-03
5.5024755563453205e+00 -5.1509219832440532e-03
5.5030591753755083e+00 -5.1469500417147471e-03
5.5036427944056969e+00 -5.1429811360663808e-03
5.5042264134358856e+00 -5.1390152640207925e-03
5.5048100324660743e+00 -5.1350524233014323e-03
5.5053936514962620e+00 -5.1310926116334282e-03
5.5059772705264507e+00 -5.1271358267435084e-03
5.5065608895566394e+00 -5.1231820663600611e-03
5.5071445085868271e+00 -5.1192313282131348e-03
5.5077281276170158e+00 -5.1152836100343668e-03
5.5083117466472045e+00 -5.1113389095570633e-03
5.5088953656773922e+00 -5.1073972245161761e-03
5.5094789847075809e+00 -5.1034585526482492e-03
5.5100626037377696e+00 -5.0995228916915014e-03
5.5106462227679573e+00 -5.0955902393857687e-03
5.5112298417981460e+00 -5.0916605934724999e-03
5.5118134608283347e+00 -5.0877339516948008e-03
5.5123970798585225e+00 -5.0838103117974041e-03
5.5129806988887111e+00 -5.0798896715266387e-03
5.5135643179188998e+00 -5.0759720286305023e-03
5.5141479369490876e+00 -5.0720573808585882e-03
5.5147315559792762e+00 -5.0681457259621268e-03
5.5153151750094649e+00 -5.0642370616939755e-03
5.5158987940396527e+00 -5.0603313858085981e-03
5.5164824130698413e+00 -5.0564286960620951e-03
5.5170660321000300e+00 -5.0525289902121802e-03
5.5176496511302178e+00 -5.0486322660181961e-03
5.5182332701604064e+00 -5.0447385212410841e-03
5.5188168891905951e+00 -5.0408477536434187e-03
5.5194005082207829e+00 -5.0369599609893893e-03
5.5199841272509715e+00 -5.0330751410447849e-03
5.5205677462811602e+00 -5.0291932915770381e-03
5.5211513653113489e+00 -5.0253144103551556e-03
5.5217349843415366e+00 -5.0214384951498018e-03
5.5223186033717253e+00 -5.0175655437332024e-03
5.5229022224019140e+00 -5.0136955538792223e-03
5.5234858414321018e+00 -5.0098285233633457e-03
5.5240694604622904e+00 -5.0059644499626261e-03
5.5246530794924791e+00 -5.0021033314557517e-03
5.5252366985226669e+00 -4.9982451656230241e-03
5.5258203175528555e+00 -4.9943899502463106e-03
5.5264039365830442e+00 -4.9905376831091228e-03
5.5269875556132320e+00 -4.9866883619965616e-03
5.5275711746434206e+00 -4.9828419846953045e-03
5.5281547936736093e+00 -4.9789985489936649e-03
5.5287384127037971e+00 -4.9751580526815452e-03
5.5293220317339857e+00 -4.9713204935504180e-03
5.5299056507641744e+00 -4.9674858693933991e-03
5.5304892697943622e+00 -4.9636541780051623e-03
5.5310728888245508e+00 -4.9598254171819931e-03
5.5316565078547395e+00 -4.9559995847217753e-03
5.5322401268849273e+00 -4.9521766784239654e-03
5.5328237459151159e+00 -4.9483566960896314e-03
5.5334073649453046e+00 -4.9445396355214223e-03
5.5339909839754924e+00 -4.9407254945235887e-03
5.5345746030056810e+00 -4.9369142709019438e-03
5.5351582220358697e+00 -4.9331059624639134e-03
5.5357418410660575e+00 -4.9293005670185052e-03
5.5363254600962462e+00 -4.9254980823762928e-03
5.5369090791264348e+00 -4.9216985063494671e-03
5.5374926981566226e+00 -4.9179018367517743e-03
5.5380763171868113e+00 -4.9141080713985515e-03
5.5386599362169999e+00 -4.9103172081067193e-03
5.5392435552471886e+00 -4.9065292446947746e-03
5.5398271742773764e+00 -4.9027441789828126e-03
5.5404107933075650e+00 -4.8989620087924700e-03
5.5409944123377537e+00 -4.8951827319469836e-03
5.5415780313679415e+00 -4.8914063462711784e-03
5.5421616503981301e+00 -4.8876328495914166e-03
5.5427452694283188e+00 -4.8838622397356707e-03
5.5433288884585066e+00 -4.8800945145334772e-03
5.5439125074886952e+00 -4.8763296718159167e-03
5.5444961265188839e+00 -4.8725677094156828e-03
5.5450797455490717e+00 -4.8688086251670185e-03
5.5456633645792603e+00 -4.8650524169057173e-03
5.5462469836094490e+00 -4.8612990824691803e-03
5.5468306026396368e+00 -4.8575486196963391e-03
5.5474142216698255e+00 -4.8538010264277094e-03
5.5479978407000141e+00 -4.8500563005053742e-03
5.5485814597302019e+00 -4.8463144397729611e-03
5.5491650787603906e+00 -4.8425754420756764e-03
5.5497486977905792e+00 -4.8388393052602860e-03
5.5503323168207670e+00 -4.8351060271751151e-03
5.5509159358509557e+00 -4.8313756056700399e-03
5.5514995548811443e+00 -4.8276480385965048e-03
5.5520831739113321e+00 -4.8239233238075128e-03
5.5526667929415208e+00 -4.8202014591576144e-03
5.5532504119717094e+00 -4.8164824425029097e-03
5.5538340310018972e+00 -4.8127662717010796e-03
5.5544176500320859e+00 -4.8090529446113287e-03
5.5550012690622745e+00 -4.8053424590944306e-03
5.5555848880924632e+00 -4.8016348130127005e-03
5.5561685071226510e+00 -4.7979300042300258e-03
5.5567521261528396e+00 -4.7942280306118032e-03
5.5573357451830283e+00 -4.7905288900250073e-03
5.5579193642132161e+00 -4.7868325803381634e-03
5.5585029832434047e+00 -4.7831390994213085e-03
5.5590866022735934e+00 -4.7794484451460654e-03
5.5596702213037812e+00 -4.7757606153855841e-03
5.5602538403339699e+00 -4.7720756080145378e-03
5.5608374593641585e+00 -4.7683934209091765e-03
5.5614210783943463e+00 -4.7647140519472683e-03
5.5620046974245350e+00 -4.7610374990081170e-03
5.5625883164547236e+00 -4.7573637599725924e-03
5.5631719354849114e+00 -4.7536928327230714e-03
5.5637555545151001e+00 -4.7500247151434820e-03
5.5643391735452887e+00 -4.7463594051192944e-03
5.5649227925754765e+00 -4.7426969005374946e-03
5.5655064116056652e+00 -4.7390371992866174e-03
5.5660900306358538e+00 -4.7353802992567270e-03
5.5666736496660416e+00 -4.7317261983394181e-03
5.5672572686962303e+00 -4.7280748944278101e-03
5.5678408877264189e+00 -4.7244263854165610e-03
5.5684245067566067e+00 -4.7207806692018571e-03
5.5690081257867954e+00 -4.7171377436814044e-03
5.5695917448169840e+00 -4.7134976067544319e-03
5.5701753638471718e+00 -4.7098602563217171e-03
5.5707589828773605e+00 -4.7062256902855367e-03
5.5713426019075492e+00 -4.7025939065497005e-03
5.5719262209377378e+00 -4.6989649030195384e-03
5.5725098399679256e+00 -4.6953386776019228e-03
5.5730934589981143e+00 -4.6917152282052029e-03
5.5736770780283029e+00 -4.6880945527392782e-03
5.5742606970584907e+00 -4.6844766491155763e-03
5.5748443160886794e+00 -4.6808615152470019e-03
5.5754279351188680e+00 -4.6772491490480140e-03
5.5760115541490558e+00 -4.6736395484345810e-03
5.5765951731792445e+00 -4.6700327113241534e-03
5.5771787922094331e+00 -4.6664286356357413e-03
5.5777624112396209e+00 -4.6628273192898355e-03
5.5783460302698096e+00 -4.6592287602084401e-03
5.5789296492999982e+00 -4.6556329563150920e-03
5.5795132683301860e+00 -4.6520399055348079e-03
5.5800968873603747e+00 -4.6484496057941352e-03
5.5806805063905633e+00 -4.6448620550211192e-03
5.5812641254207511e+00 -4.6412772511453078e-03
5.5818477444509398e+00 -4.6376951920977585e-03
5.5824313634811285e+00 -4.6341158758110368e-03
5.5830149825113162e+00 -4.6305393002192084e-03
5.5835986015415049e+00 -4.6269654632578368e-03
5.5841822205716936e+00 -4.6233943628639813e-03
5.5847658396018813e+00 -4.6198259969762283e-03
5.5853494586320700e+00 -4.6162603635346335e-03
5.5859330776622587e+00 -4.6126974604807566e-03
5.5865166966924464e+00 -4.6091372857576763e-03
5.5871003157226351e+00 -4.6055798373099361e-03
5.5876839347528238e+00 -4.6020251130835963e-03
5.5882675537830115e+00 -4.5984731110262078e-03
5.5888511728132002e+00 -4.5949238290868034e-03
5.5894347918433889e+00 -4.5913772652159211e-03
5.5900184108735775e+00 -4.5878334173655782e-03
5.5906020299037653e+00 -4.5842922834893078e-03
5.5911856489339540e+00 -4.5807538615420867e-03
5.5917692679641426e+00 -4.5772181494804247e-03
5.5923528869943304e+00 -4.5736851452623031e-03
5.5929365060245191e+00 -4.5701548468471661e-03
5.5935201250547077e+00 -4.5666272521959830e-03
5.5941037440848955e+00 -4.5631023592711817e-03
5.5946873631150842e+00 -4.5595801660366694e-03
5.5952709821452729e+00 -4.5560606704578626e-03
5.5958546011754606e+00 -4.5525438705016283e-03
5.5964382202056493e+00 -4.5490297641363302e-03
5.5970218392358380e+00 -4.5455183493318145e-03
5.5976054582660257e+00 -4.5420096240593880e-03
5.5981890772962144e+00 -4.5385035862918512e-03
5.5987726963264031e+00 -4.5350002340034746e-03
5.5993563153565908e+00 -4.5314995651700093e-03
5.5999399343867795e+00 -4.5280015777686708e-03
5.6005235534169682e+00 -4.5245062697781427e-03
5.6011071724471559e+00 -4.5210136391786119e-03
5.6016907914773446e+00 -4.5175236839517033e-03
5.6022744105075333e+00 -4.5140364020805164e-03
5.6028580295377211e+00 -4.5105517915496451e-03
5.6034416485679097e+00 -4.5070698503451214e-03
5.6040252675980984e+00 -4.5035905764544623e-03
5.6046088866282862e+00 -4.5001139678666480e-03
5.6051925056584748e+00 -4.4966400225721148e-03
5.6057761246886635e+00 -4.4931687385627757e-03
5.6063597437188522e+00 -4.4897001138319969e-03
5.6069433627490399e+00 -4.4862341463746281e-03
5.6075269817792286e+00 -4.4827708341869396e-03
5.6081106008094173e+00 -4.4793101752667085e-03
5.6086942198396050e+00 -4.4758521676131376e-03
5.6092778388697937e+00 -4.4723968092268964e-03
5.6098614578999824e+00 -4.4689440981101275e-03
5.6104450769301701e+00 -4.4654940322664130e-03
5.6110286959603588e+00 -4.4620466097007845e-03
5.6116123149905475e+00 -4.4586018284197568e-03
5.6121959340207352e+00 -4.4551596864312662e-03
5.6127795530509239e+00 -4.4517201817447210e-03
5.6133631720811126e+00 -4.4482833123709788e-03
5.6139467911113003e+00 -4.4448490763223372e-03
5.6145304101414890e+00 -4.4414174716125533e-03
5.6151140291716777e+00 -4.4379884962568320e-03
5.6156976482018655e+00 -4.4345621482718249e-03
5.6162812672320541e+00 -4.4311384256756287e-03
5.6168648862622428e+00 -4.4277173264877763e-03
5.6174485052924306e+00 -4.4242988487292727e-03
5.6180321243226192e+00 -4.4208829904225392e-03
5.6186157433528079e+00 -4.4174697495914447e-03
5.6191993623829957e+00 -4.4140591242613188e-03
5.6197829814131843e+00 -4.4106511124589074e-03
5.6203666004433730e+00 -4.4072457122124112e-03
5.6209502194735608e+00 -4.4038429215514686e-03
5.6215338385037494e+00 -4.4004427385071453e-03
5.6221174575339381e+00 -4.3970451611119550e-03
5.6227010765641259e+00 -4.3936501873998524e-03
5.6232846955943145e+00 -4.3902578154061990e-03
5.6238683146245032e+00 -4.3868680431678212e-03
5.6244519336546919e+00 -4.3834808687229750e-03
5.6250355526848796e+00 -4.3800962901113325e-03
5.6256191717150683e+00 -4.3767143053739981e-03
5.6262027907452570e+00 -4.3733349125535280e-03
5.6267864097754448e+00 -4.3699581096938852e-03
5.6273700288056334e+00 -4.3665838948404598e-03
5.6279536478358221e+00 -4.3632122660400953e-03
5.6285372668660099e+00 -4.3598432213410301e-03
5.6291208858961985e+00 -4.3564767587929475e-03
5.6297045049263872e+00 -4.3531128764469516e-03
5.6302881239565750e+00 -4.3497515723555612e-03
5.6308717429867636e+00 -4.3463928445727296e-03
5.6314553620169523e+00 -4.3430366911538171e-03
5.6320389810471401e+00 -4.3396831101556264e-03
5.6326226000773287e+00 -4.3363320996363608e-03
5.6332062191075174e+00 -4.3329836576556386e-03
5.6337898381377052e+00 -4.3296377822745211e-03
5.6343734571678938e+00 -4.3262944715554618e-03
5.6349570761980825e+00 -4.3229537235623316e-03
5.6355406952282703e+00 -4.3196155363604384e-03
5.6361243142584589e+00 -4.3162799080164746e-03
5.6367079332886476e+00 -4.3129468365985645e-03
5.6372915523188354e+00 -4.3096163201762436e-03
5.6378751713490241e+00 -4.3062883568204431e-03
5.6384587903792127e+00 -4.3029629446035200e-03
5.6390424094094005e+00 -4.2996400815992425e-03
5.6396260284395892e+00 -4.2963197658827590e-03
5.6402096474697778e+00 -4.2930019955306573e-03
5.6407932664999665e+00 -4.2896867686209265e-03
5.6413768855301543e+00 -4.2863740832329456e-03
5.6419605045603429e+00 -4.2830639374474974e-03
5.6425441235905316e+00 -4.2797563293467929e-03
5.6431277426207194e+00 -4.2764512570144190e-03
5.6437113616509080e+00 -4.2731487185353693e-03
5.6442949806810967e+00 -4.2698487119960530e-03
5.6448785997112845e+00 -4.2665512354842592e-03
5.6454622187414731e+00 -4.2632562870891875e-03
5.6460458377716618e+00 -4.2599638649014355e-03
5.6466294568018496e+00 -4.2566739670129843e-03
5.6472130758320382e+00 -4.2533865915172307e-03
5.6477966948622269e+00 -4.2501017365089416e-03
5.6483803138924147e+00 -4.2468194000843066e-03
5.6489639329226033e+00 -4.2435395803408858e-03
5.6495475519527920e+00 -4.2402622753776320e-03
5.6501311709829798e+00 -4.2369874832949078e-03
5.6507147900131685e+00 -4.2337152021944486e-03
5.6512984090433571e+00 -4.2304454301793732e-03
5.6518820280735449e+00 -4.2271781653542163e-03
5.6524656471037336e+00 -4.2239134058248678e-03
5.6530492661339222e+00 -4.2206511496986239e-03
5.6536328851641100e+00 -4.2173913950841677e-03
5.6542165041942987e+00 -4.2141341400915404e-03
5.6548001232244873e+00 -4.2108793828321998e-03
5.6553837422546751e+00 -4.2076271214189749e-03
5.6559673612848638e+00 -4.2043773539660548e-03
5.6565509803150524e+00 -4.2011300785890389e-03
5.6571345993452411e+00 -4.1978852934049012e-03
5.6577182183754289e+00 -4.1946429965319812e-03
5.6583018374056175e+00 -4.1914031860899939e-03
5.6588854564358062e+00 -4.1881658602000559e-03
5.6594690754659940e+00 -4.1849310169846353e-03
5.6600526944961826e+00 -4.1816986545675757e-03
5.6606363135263713e+00 -4.1784687710741180e-03
5.6612199325565591e+00 -4.1752413646308495e-03
5.6618035515867478e+00 -4.1720164333657441e-03
5.6623871706169364e+00 -4.1687939754081462e-03
5.6629707896471242e+00 -4.1655739888887613e-03
5.6635544086773129e+00 -4.1623564719396764e-03
5.6641380277075015e+00 -4.1591414226943308e-03
5.6647216467376893e+00 -4.1559288392875576e-03
5.6653052657678780e+00 -4.1527187198555299e-03
5.6658888847980666e+00 -4.1495110625357906e-03
5.6664725038282544e+00 -4.1463058654672685e-03
5.6670561228584431e+00 -4.1431031267902332e-03
5.6676397418886317e+00 -4.1399028446463164e-03
5.6682233609188195e+00 -4.1367050171785356e-03
5.6688069799490082e+00 -4.1335096425312431e-03
5.6693905989791968e+00 -4.1303167188501628e-03
5.6699742180093846e+00 -4.1271262442823878e-03
5.6705578370395733e+00 -4.1239382169763368e-03
5.6711414560697619e+00 -4.1207526350818214e-03
5.6717250750999497e+00 -4.1175694967500020e-03
5.6723086941301384e+00 -4.1143888001333650e-03
5.6728923131603270e+00 -4.1112105433857883e-03
5.6734759321905148e+00 -4.1080347246624958e-03
5.6740595512207035e+00 -4.1048613421200411e-03
5.6746431702508922e+00 -4.1016903939163490e-03
5.6752267892810808e+00 -4.0985218782107011e-03
5.6758104083112686e+00 -4.0953557931637111e-03
5.6763940273414573e+00 -4.0921921369373431e-03
5.6769776463716459e+00 -4.0890309076949292e-03
5.6775612654018337e+00 -4.0858721036011241e-03
5.6781448844320224e+00 -4.0827157228219462e-03
5.6787285034622110e+00 -4.0795617635247467e-03
5.6793121224923988e+00 -4.0764102238782284e-03
5.6798957415225875e+00 -4.0732611020524393e-03
5.6804793605527761e+00 -4.0701143962187554e-03
5.6810629795829639e+00 -4.0669701045499195e-03
5.6816465986131526e+00 -4.0638282252199939e-03
5.6822302176433412e+00 -4.0606887564043782e-03
5.6828138366735290e+00 -4.0575516962798363e-03
5.6833974557037177e+00 -4.0544170430244445e-03
5.6839810747339063e+00 -4.0512847948176185e-03
5.6845646937640941e+00 -4.0481549498401310e-03
5.6851483127942828e+00 -4.0450275062740631e-03
5.6857319318244715e+00 -4.0419024623028470e-03
5.6863155508546592e+00 -4.0387798161112508e-03
5.6868991698848479e+00 -4.0356595658853477e-03
5.6874827889150366e+00 -4.0325417098125791e-03
5.6880664079452243e+00 -4.0294262460817019e-03
5.6886500269754130e+00 -4.0263131728827837e-03
5.6892336460056017e+00 -4.0232024884072478e-03
5.6898172650357894e+00 -4.0200941908478463e-03
5.6904008840659781e+00 -4.0169882783986314e-03
5.6909845030961668e+00 -4.0138847492549971e-03
5.6915681221263554e+00 -4.0107836016136759e-03
5.6921517411565432e+00 -4.0076848336727039e-03
5.6927353601867319e+00 -4.0045884436314396e-03
5.6933189792169205e+00 -4.0014944296905856e-03
5.6939025982471083e+00 -3.9984027900521442e-03
5.6944862172772970e+00 -3.9953135229194503e-03
5.6950698363074856e+00 -3.9922266264971482e-03
5.6956534553376734e+00 -3.9891420989912130e-03
5.6962370743678621e+00 -3.9860599386089320e-03
5.6968206933980508e+00 -3.9829801435589014e-03
5.6974043124282385e+00 -3.9799027120510548e-03
5.6979879314584272e+00 -3.9768276422966183e-03
5.6985715504886159e+00 -3.9737549325081353e-03
5.6991551695188036e+00 -3.9706845808994834e-03
5.6997387885489923e+00 -3.9676165856858299e-03
5.7003224075791810e+00 -3.9645509450836553e-03
5.7009060266093687e+00 -3.9614876573107723e-03
5.7014896456395574e+00 -3.9584267205862696e-03
5.7020732646697461e+00 -3.9553681331305742e-03
5.7026568836999338e+00 -3.9523118931654132e-03
5.7032405027301225e+00 -3.9492579989138027e-03
5.7038241217603112e+00 -3.9462064486000901e-03
5.7044077407904989e+00 -3.9431572404499222e-03
5.7049913598206876e+00 -3.9401103726902278e-03
5.7055749788508763e+00 -3.9370658435492669e-03
5.7061585978810641e+00 -3.9340236512566016e-03
5.7067422169112527e+00 -3.9309837940430699e-03
5.7073258359414414e+00 -3.9279462701408280e-03
5.7079094549716300e+00 -3.9249110777833402e-03
5.7084930740018178e+00 -3.9218782152053546e-03
5.7090766930320065e+00 -3.9188476806429184e-03
5.7096603120621952e+00 -3.9158194723333825e-03
5.7102439310923829e+00 -3.9127935885153939e-03
5.7108275501225716e+00 -3.9097700274288941e-03
5.7114111691527603e+00 -3.9067487873151114e-03
5.7119947881829480e+00 -3.9037298664165777e-03
5.7125784072131367e+00 -3.9007132629771172e-03
5.7131620262433254e+00 -3.8976989752418320e-03
5.7137456452735131e+00 -3.8946870014571386e-03
5.7143292643037018e+00 -3.8916773398707254e-03
5.7149128833338905e+00 -3.8886699887315680e-03
5.7154965023640782e+00 -3.8856649462899497e-03
5.7160801213942669e+00 -3.8826622107974232e-03
5.7166637404244556e+00 -3.8796617805068267e-03
5.7172473594546434e+00 -3.8766636536723062e-03
5.7178309784848320e+00 -3.8736678285492578e-03
5.7184145975150207e+00 -3.8706743033943940e-03
5.7189982165452085e+00 -3.8676830764656995e-03
5.7195818355753971e+00 -3.8646941460224204e-03
5.7201654546055858e+00 -3.8617075103251170e-03
5.7207490736357736e+00 -3.8587231676356173e-03
5.7213326926659622e+00 -3.8557411162170097e-03
5.7219163116961509e+00 -3.8527613543336862e-03
5.7224999307263387e+00 -3.8497838802513200e-03
5.7230835497565273e+00 -3.8468086922368292e-03
5.7236671687867160e+00 -3.8438357885584337e-03
5.7242507878169038e+00 -3.8408651674856332e-03
5.7248344068470924e+00 -3.8378968272891742e-03
5.7254180258772811e+00 -3.8349307662410991e-03
5.7260016449074698e+00 -3.8319669826147170e-03
5.7265852639376575e+00 -3.8290054746846071e-03
5.7271688829678462e+00 -3.8260462407266223e-03
5.7277525019980349e+00 -3.8230892790178765e-03
5.7283361210282226e+00 -3.8201345878367634e-03
5.7289197400584113e+00 -3.8171821654629412e-03
5.7295033590886000e+00 -3.8142320101773228e-03
5.7300869781187878e+00 -3.8112841202621152e-03
5.7306705971489764e+00 -3.8083384940007644e-03
5.7312542161791651e+00 -3.8053951296779854e-03
5.7318378352093529e+00 -3.8024540255797764e-03
5.7324214542395415e+00 -3.7995151799933694e-03
5.7330050732697302e+00 -3.7965785912072733e-03
5.7335886922999180e+00 -3.7936442575112733e-03
5.7341723113301066e+00 -3.7907121771963768e-03
5.7347559303602953e+00 -3.7877823485548859e-03
5.7353395493904831e+00 -3.7848547698803503e-03
5.7359231684206717e+00 -3.7819294394675585e-03
5.7365067874508604e+00 -3.7790063556125851e-03
5.7370904064810482e+00 -3.7760855166127489e-03
5.7376740255112368e+00 -3.7731669207666050e-03
5.7382576445414255e+00 -3.7702505663739895e-03
5.7388412635716133e+00 -3.7673364517359915e-03
5.7394248826018019e+00 -3.7644245751549238e-03
5.7400085016319906e+00 -3.7615149349343739e-03
5.7405921206621784e+00 -3.7586075293791869e-03
5.7411757396923671e+00 -3.7557023567954297e-03
5.7417593587225557e+00 -3.7527994154904400e-03
5.7423429777527444e+00 -3.7498987037727963e-03
5.7429265967829322e+00 -3.7470002199523271e-03
5.7435102158131208e+00 -3.7441039623401073e-03
5.7440938348433095e+00 -3.7412099292484483e-03
5.7446774538734973e+00 -3.7383181189909161e-03
5.7452610729036859e+00 -3.7354285298823210e-03
5.7458446919338746e+00 -3.7325411602387015e-03
5.7464283109640624e+00 -3.7296560083773613e-03
5.7470119299942510e+00 -3.7267730726168280e-03
5.7475955490244397e+00 -3.7238923512768643e-03
5.7481791680546275e+00 -3.7210138426784999e-03
5.7487627870848161e+00 -3.7181375451439680e-03
5.7493464061150048e+00 -3.7152634569967598e-03
5.7499300251451926e+00 -3.7123915765616133e-03
5.7505136441753812e+00 -3.7095219021644676e-03
5.7510972632055699e+00 -3.7066544321325335e-03
5.7516808822357577e+00 -3.7037891647942415e-03
5.7522645012659464e+00 -3.7009260984792389e-03
5.7528481202961350e+00 -3.6980652315184354e-03
5.7534317393263228e+00 -3.6952065622439596e-03
5.7540153583565115e+00 -3.6923500889891546e-03
5.7545989773867001e+00 -3.6894958100886165e-03
5.7551825964168879e+00 -3.6866437238781725e-03
5.7557662154470766e+00 -3.6837938286948509e-03
5.7563498344772652e+00 -3.6809461228769313e-03
5.7569334535074530e+00 -3.6781006047639153e-03
5.7575170725376417e+00 -3.6752572726965207e-03
5.7581006915678303e+00 -3.6724161250167005e-03
5.7586843105980181e+00 -3.6695771600676304e-03
5.7592679296282068e+00 -3.6667403761936985e-03
5.7598515486583954e+00 -3.6639057717405350e-03
5.7604351676885841e+00 -3.6610733450549715e-03
5.7610187867187719e+00 -3.6582430944850706e-03
5.7616024057489605e+00 -3.6554150183801168e-03
5.7621860247791492e+00 -3.6525891150905984e-03
5.7627696438093370e+00 -3.6497653829682467e-03
5.7633532628395256e+00 -3.6469438203659897e-03
5.7639368818697143e+00 -3.6441244256379701e-03
5.7645205008999021e+00 -3.6413071971395715e-03
5.7651041199300908e+00 -3.6384921332273585e-03
5.7656877389602794e+00 -3.6356792322591279e-03
5.7662713579904672e+00 -3.6328684925939015e-03
5.7668549770206559e+00 -3.6300599125918790e-03
5.7674385960508445e+00 -3.6272534906145039e-03
5.7680222150810323e+00 -3.6244492250244210e-03
5.7686058341112210e+00 -3.6216471141854644e-03
5.7691894531414096e+00 -3.6188471564627079e-03
5.7697730721715974e+00 -3.6160493502224206e-03
5.7703566912017861e+00 -3.6132536938320628e-03
5.7709403102319747e+00 -3.6104601856603242e-03
5.7715239292621625e+00 -3.6076688240770992e-03
5.7721075482923512e+00 -3.6048796074534643e-03
5.7726911673225398e+00 -3.6020925341617195e-03
5.7732747863527276e+00 -3.5993076025753654e-03
5.7738584053829163e+00 -3.5965248110690941e-03
5.7744420244131049e+00 -3.5937441580188106e-03
5.7750256434432927e+00 -3.5909656418016177e-03
5.7756092624734814e+00 -3.5881892607958067e-03
5.7761928815036701e+00 -3.5854150133808891e-03
5.7767765005338587e+00 -3.5826428979375520e-03
5.7773601195640465e+00 -3.5798729128476924e-03
5.7779437385942352e+00 -3.5771050564944043e-03
5.7785273576244238e+00 -3.5743393272619625e-03
5.7791109766546116e+00 -3.5715757235358636e-03
5.7796945956848003e+00 -3.5688142437027641e-03
5.7802782147149889e+00 -3.5660548861505344e-03
5.7808618337451767e+00 -3.5632976492682446e-03
5.7814454527753654e+00 -3.5605425314461296e-03
5.7820290718055540e+00 -3.5577895310756318e-03
5.7826126908357418e+00 -3.5550386465493930e-03
5.7831963098659305e+00 -3.5522898762612135e-03
5.7837799288961191e+00 -3.5495432186061107e-03
5.7843635479263069e+00 -3.5467986719802812e-03
5.7849471669564956e+00 -3.5440562347810881e-03
5.7855307859866842e+00 -3.5413159054071093e-03
5.7861144050168720e+00 -3.5385776822580953e-03
5.7866980240470607e+00 -3.5358415637349659e-03
5.7872816430772493e+00 -3.5331075482398439e-03
5.7878652621074371e+00 -3.5303756341760377e-03
5.7884488811376258e+00 -3.5276458199480112e-03
5.7890325001678145e+00 -3.5249181039614290e-03
5.7896161191980022e+00 -3.5221924846231337e-03
5.7901997382281909e+00 -3.5194689603411365e-03
5.7907833572583796e+00 -3.5167475295246379e-03
5.7913669762885673e+00 -3.5140281905840123e-03
5.7919505953187560e+00 -3.5113109419307995e-03
5.7925342143489447e+00 -3.5085957819777384e-03
5.7931178333791333e+00 -3.5058827091387153e-03
5.7937014524093211e+00 -3.5031717218288148e-03
5.7942850714395098e+00 -3.5004628184642770e-03
5.7948686904696984e+00 -3.4977559974625162e-03
5.7954523094998862e+00 -3.4950512572421350e-03
5.7960359285300749e+00 -3.4923485962228807e-03
5.7966195475602635e+00 -3.4896480128256855e-03
5.7972031665904513e+00 -3.4869495054726603e-03
5.7977867856206400e+00 -3.4842530725870588e-03
5.7983704046508286e+00 -3.4815587125933173e-03
5.7989540236810164e+00 -3.4788664239170488e-03
5.7995376427112051e+00 -3.4761762049850026e-03
5.8001212617413938e+00 -3.4734880542251216e-03
5.8007048807715815e+00 -3.4708019700665045e-03
5.8012884998017702e+00 -3.4681179509393951e-03
5.8018721188319589e+00 -3.4654359952752270e-03
5.8024557378621466e+00 -3.4627561015065857e-03
5.8030393568923353e+00 -3.4600782680672001e-03
5.8036229759225240e+00 -3.4574024933919888e-03
5.8042065949527117e+00 -3.4547287759170045e-03
5.8047902139829004e+00 -3.4520571140794721e-03
5.8053738330130891e+00 -3.4493875063177706e-03
5.8059574520432768e+00 -3.4467199510714373e-03
5.8065410710734655e+00 -3.4440544467811583e-03
5.8071246901036542e+00 -3.4413909918887824e-03
5.8077083091338420e+00 -3.4387295848373146e-03
5.8082919281640306e+00 -3.4360702240708980e-03
5.8088755471942193e+00 -3.4334129080348524e-03
5.8094591662244071e+00 -3.4307576351756317e-03
5.8100427852545957e+00 -3.4281044039408369e-03
5.8106264042847844e+00 -3.4254532127792419e-03
5.8112100233149730e+00 -3.4228040601407450e-03
5.8117936423451608e+00 -3.4201569444764182e-03
5.8123772613753495e+00 -3.4175118642384528e-03
5.8129608804055382e+00 -3.4148688178802043e-03
5.8135444994357259e+00 -3.4122278038561851e-03
5.8141281184659146e+00 -3.4095888206220207e-03
5.8147117374961033e+00 -3.4069518666345125e-03
5.8152953565262910e+00 -3.4043169403515988e-03
5.8158789755564797e+00 -3.4016840402323386e-03
5.8164625945866684e+00 -3.3990531647369632e-03
5.8170462136168561e+00 -3.3964243123268349e-03
5.8176298326470448e+00 -3.3937974814644404e-03
5.8182134516772335e+00 -3.3911726706134307e-03
5.8187970707074212e+00 -3.3885498782385867e-03
5.8193806897376099e+00 -3.3859291028058183e-03
5.8199643087677986e+00 -3.3833103427821881e-03
5.8205479277979864e+00 -3.3806935966358806e-03
5.8211315468281750e+00 -3.3780788628362266e-03
5.8217151658583637e+00 -3.3754661398536895e-03
5.8222987848885515e+00 -3.3728554261598679e-03
5.8228824039187401e+00 -3.3702467202274861e-03
5.8234660229489288e+00 -3.3676400205304106e-03
5.8240496419791166e+00 -3.3650353255436391e-03
5.8246332610093052e+00 -3.3624326337432877e-03
5.8252168800394939e+00 -3.3598319436066258e-03
5.8258004990696817e+00 -3.3572332536120314e-03
5.8263841180998703e+00 -3.3546365622390169e-03
5.8269677371300590e+00 -3.3520418679682269e-03
5.8275513561602477e+00 -3.3494491692814274e-03
5.8281349751904354e+00 -3.3468584646615257e-03
5.8287185942206241e+00 -3.3442697525925282e-03
5.8293022132508128e+00 -3.3416830315595846e-03
5.8298858322810005e+00 -3.3390983000489748e-03
5.8304694513111892e+00 -3.3365155565480750e-03
5.8310530703413779e+00 -3.3339347995454119e-03
5.8316366893715657e+00 -3.3313560275306238e-03
5.8322203084017543e+00 -3.3287792389944545e-03
5.8328039274319430e+00 -3.3262044324287947e-03
5.8333875464621308e+00 -3.3236316063266417e-03
5.8339711654923194e+00 -3.3210607591820972e-03
5.8345547845225081e+00 -3.3184918894904086e-03
5.8351384035526959e+00 -3.3159249957479165e-03
5.8357220225828845e+00 -3.3133600764520886e-03
5.8363056416130732e+00 -3.3107971301015097e-03
5.8368892606432610e+00 -3.3082361551958692e-03
5.8374728796734496e+00 -3.3056771502359785e-03
5.8380564987036383e+00 -3.3031201137237614e-03
5.8386401177338261e+00 -3.3005650441622516e-03
5.8392237367640147e+00 -3.2980119400555920e-03
5.8398073557942034e+00 -3.2954607999090397e-03
5.8403909748243912e+00 -3.2929116222289640e-03
5.8409745938545798e+00 -3.2903644055228311e-03
5.8415582128847685e+00 -3.2878191482992366e-03
5.8421418319149563e+00 -3.2852758490678627e-03
5.8427254509451449e+00 -3.2827345063395062e-03
5.8433090699753336e+00 -3.2801951186260717e-03
5.8438926890055214e+00 -3.2776576844405709e-03
5.8444763080357101e+00 -3.2751222022971102e-03
5.8450599270658987e+00 -3.2725886707109090e-03
5.8456435460960874e+00 -3.2700570881982823e-03
5.8462271651262752e+00 -3.2675274532766641e-03
5.8468107841564638e+00 -3.2649997644645578e-03
5.8473944031866525e+00 -3.2624740202815972e-03
5.8479780222168403e+00 -3.2599502192485084e-03
5.8485616412470289e+00 -3.2574283598870990e-03
5.8491452602772176e+00 -3.2549084407202970e-03
5.8497288793074054e+00 -3.2523904602721238e-03
5.8503124983375940e+00 -3.2498744170676780e-03
5.8508961173677827e+00 -3.2473603096331823e-03
5.8514797363979705e+00 -3.2448481364959324e-03
5.8520633554281591e+00 -3.2423378961843300e-03
5.8526469744583478e+00 -3.2398295872278684e-03
5.8532305934885356e+00 -3.2373232081571264e-03
5.8538142125187242e+00 -3.2348187575037845e-03
5.8543978315489129e+00 -3.2323162338006094e-03
5.8549814505791007e+00 -3.2298156355814621e-03
5.8555650696092894e+00 -3.2273169613812849e-03
5.8561486886394780e+00 -3.2248202097361167e-03
5.8567323076696658e+00 -3.2223253791830845e-03
5.8573159266998545e+00 -3.2198324682603981e-03
5.8578995457300431e+00 -3.2173414755073495e-03
5.8584831647602309e+00 -3.2148523994643351e-03
5.8590667837904196e+00 -3.2123652386728155e-03
5.8596504028206082e+00 -3.2098799916753470e-03
5.8602340218507960e+00 -3.2073966570155695e-03
5.8608176408809847e+00 -3.2049152332381970e-03
5.8614012599111733e+00 -3.2024357188890347e-03
5.8619848789413620e+00 -3.1999581125149615e-03
5.8625684979715498e+00 -3.1974824126639535e-03
5.8631521170017384e+00 -3.1950086178850362e-03
5.8637357360319271e+00 -3.1925367267283426e-03
5.8643193550621149e+00 -3.1900667377450765e-03
5.8649029740923035e+00 -3.1875986494875009e-03
5.8654865931224922e+00 -3.1851324605089810e-03
5.8660702121526800e+00 -3.1826681693639500e-03
5.8666538311828687e+00 -3.1802057746078997e-03
5.8672374502130573e+00 -3.1777452747974227e-03
5.8678210692432451e+00 -3.1752866684901641e-03
5.8684046882734338e+00 -3.1728299542448531e-03
5.8689883073036224e+00 -3.1703751306212898e-03
5.8695719263338102e+00 -3.1679221961803381e-03
5.8701555453639989e+00 -3.1654711494839413e-03
5.8707391643941875e+00 -3.1630219890951090e-03
5.8713227834243753e+00 -3.1605747135779222e-03
5.8719064024545640e+00 -3.1581293214975230e-03
5.8724900214847526e+00 -3.1556858114201287e-03
5.8730736405149404e+00 -3.1532441819130228e-03
5.8736572595451291e+00 -3.1508044315445515e-03
5.8742408785753177e+00 -3.1483665588841205e-03
5.8748244976055055e+00 -3.1459305625022183e-03
5.8754081166356942e+00 -3.1434964409703782e-03
5.8759917356658828e+00 -3.1410641928612077e-03
5.8765753546960706e+00 -3.1386338167483743e-03
5.8771589737262593e+00 -3.1362053112066004e-03
5.8777425927564479e+00 -3.1337786748116777e-03
5.8783262117866366e+00 -3.1313539061404530e-03
5.8789098308168244e+00 -3.1289310037708436e-03
5.8794934498470131e+00 -3.1265099662818006e-03
5.8800770688772017e+00 -3.1240907922533579e-03
5.8806606879073895e+00 -3.1216734802665992e-03
5.8812443069375782e+00 -3.1192580289036501e-03
5.8818279259677668e+00 -3.1168444367477149e-03
5.8824115449979546e+00 -3.1144327023830370e-03
5.8829951640281433e+00 -3.1120228243949133e-03
5.8835787830583319e+00 -3.1096148013697077e-03
5.8841624020885197e+00 -3.1072086318948214e-03
5.8847460211187084e+00 -3.1048043145587147e-03
5.8853296401488970e+00 -3.1024018479509021e-03
5.8859132591790848e+00 -3.1000012306619373e-03
5.8864968782092735e+00 -3.0976024612834347e-03
