3.9967707535835051e-01 9.7885315305945242e-01
4.0129344632456787e-01 9.7876765679651101e-01
4.0290981729078529e-01 9.7868216084410886e-01
4.0452618825700265e-01 9.7859666520349531e-01
4.0614255922322001e-01 9.7851116987591946e-01
4.0775893018943743e-01 9.7842567486263066e-01
4.0937530115565479e-01 9.7834018016487823e-01
4.1099167212187215e-01 9.7825468578391139e-01
4.1260804308808952e-01 9.7816919172097927e-01
4.1422441405430693e-01 9.7808369797733119e-01
4.1584078502052430e-01 9.7799820455421627e-01
4.1745715598674166e-01 9.7791271145288361e-01
4.1907352695295907e-01 9.7782721867458244e-01
4.2068989791917644e-01 9.7774172622056188e-01
4.2230626888539380e-01 9.7765623409207103e-01
4.2392263985161122e-01 9.7757074229035890e-01
4.2553901081782858e-01 9.7748525081667470e-01
4.2715538178404594e-01 9.7739975967226733e-01
4.2877175275026336e-01 9.7731426885838579e-01
4.3038812371648072e-01 9.7722877837627931e-01
4.3200449468269808e-01 9.7714328822719665e-01
4.3362086564891544e-01 9.7705779841238694e-01
4.3523723661513286e-01 9.7697230893309905e-01
4.3685360758135022e-01 9.7688681979058190e-01
4.3846997854756764e-01 9.7680133098608435e-01
4.4008634951378500e-01 9.7671584252085553e-01
4.4170272048000236e-01 9.7663035439614398e-01
4.4331909144621973e-01 9.7654486661319884e-01
4.4493546241243714e-01 9.7645937917326875e-01
4.4655183337865451e-01 9.7637389207760261e-01
4.4816820434487187e-01 9.7628840532744920e-01
4.4978457531108929e-01 9.7620291892405719e-01
4.5140094627730665e-01 9.7611743286867547e-01
4.5301731724352401e-01 9.7603194716255270e-01
4.5463368820974143e-01 9.7594646180693767e-01
4.5625005917595879e-01 9.7586097680307904e-01
4.5786643014217615e-01 9.7577549215222537e-01
4.5948280110839357e-01 9.7569000785562532e-01
4.6109917207461093e-01 9.7560452391452768e-01
4.6271554304082829e-01 9.7551904033018089e-01
4.6433191400704565e-01 9.7543355710383373e-01
4.6594828497326307e-01 9.7534807423673453e-01
4.6756465593948043e-01 9.7526259173013186e-01
4.6918102690569785e-01 9.7517710958527448e-01
4.7079739787191521e-01 9.7509162780341063e-01
4.7241376883813258e-01 9.7500614638578897e-01
4.7403013980434994e-01 9.7492066533365784e-01
4.7564651077056735e-01 9.7483518464826568e-01
4.7726288173678472e-01 9.7474970433086094e-01
4.7887925270300208e-01 9.7466422438269207e-01
4.8049562366921950e-01 9.7457874480500739e-01
4.8211199463543686e-01 9.7449326559905525e-01
4.8372836560165422e-01 9.7440778676608397e-01
4.8534473656787158e-01 9.7432230830734190e-01
4.8696110753408900e-01 9.7423683022407725e-01
4.8857747850030636e-01 9.7415135251753837e-01
4.9019384946652378e-01 9.7406587518897347e-01
4.9181022043274114e-01 9.7398039823963067e-01
4.9342659139895850e-01 9.7389492167075842e-01
4.9504296236517586e-01 9.7380944548360460e-01
4.9665933333139328e-01 9.7372396967941754e-01
4.9827570429761064e-01 9.7363849425944526e-01
4.9989207526382806e-01 9.7355301922493598e-01
5.0150844623004542e-01 9.7346754457713780e-01
5.0312481719626279e-01 9.7338207031729862e-01
5.0474118816248015e-01 9.7329659644666666e-01
5.0635755912869751e-01 9.7321112296648982e-01
5.0797393009491487e-01 9.7312564987801620e-01
5.0959030106113234e-01 9.7304017718249358e-01
5.1120667202734971e-01 9.7295470488117020e-01
5.1282304299356707e-01 9.7286923297529371e-01
5.1443941395978443e-01 9.7278376146611212e-01
5.1605578492600179e-01 9.7269829035487332e-01
5.1767215589221915e-01 9.7261281964282520e-01
5.1928852685843663e-01 9.7252734933121554e-01
5.2090489782465399e-01 9.7244187942129212e-01
5.2252126879087135e-01 9.7235640991430283e-01
5.2413763975708871e-01 9.7227094081149534e-01
5.2575401072330608e-01 9.7218547211411743e-01
5.2737038168952344e-01 9.7210000382341677e-01
5.2898675265574080e-01 9.7201453594064102e-01
5.3060312362195827e-01 9.7192906846703808e-01
5.3221949458817563e-01 9.7184360140385528e-01
5.3383586555439300e-01 9.7175813475234041e-01
5.3545223652061036e-01 9.7167266851374112e-01
5.3706860748682772e-01 9.7158720268930487e-01
5.3868497845304519e-01 9.7150173728027922e-01
5.4030134941926256e-01 9.7141627228791161e-01
5.4191772038547992e-01 9.7133080771344982e-01
5.4353409135169728e-01 9.7124534355814107e-01
5.4515046231791464e-01 9.7115987982323282e-01
5.4676683328413200e-01 9.7107441650997262e-01
5.4838320425034937e-01 9.7098895361960780e-01
5.4999957521656673e-01 9.7090349115338570e-01
5.5161594618278420e-01 9.7081802911255377e-01
5.5323231714900156e-01 9.7073256749835923e-01
5.5484868811521892e-01 9.7064710631204953e-01
5.5646505908143629e-01 9.7056164555487179e-01
5.5808143004765365e-01 9.7047618522807322e-01
5.5969780101387112e-01 9.7039072533290127e-01
5.6131417198008848e-01 9.7030526587060295e-01
5.6293054294630585e-01 9.7021980684242548e-01
5.6454691391252321e-01 9.7013434824961609e-01
5.6616328487874057e-01 9.7004889009342177e-01
5.6777965584495793e-01 9.6996343237508975e-01
5.6939602681117529e-01 9.6987797509586704e-01
5.7101239777739266e-01 9.6979251825700075e-01
5.7262876874361013e-01 9.6970706185973776e-01
5.7424513970982749e-01 9.6962160590532509e-01
5.7586151067604485e-01 9.6953615039500984e-01
5.7747788164226221e-01 9.6945069533003891e-01
5.7909425260847958e-01 9.6936524071165919e-01
5.8071062357469705e-01 9.6927978654111757e-01
5.8232699454091441e-01 9.6919433281966083e-01
5.8394336550713177e-01 9.6910887954853597e-01
5.8555973647334914e-01 9.6902342672898978e-01
5.8717610743956650e-01 9.6893797436226892e-01
5.8879247840578386e-01 9.6885252244962028e-01
5.9040884937200122e-01 9.6876707099229054e-01
5.9202522033821858e-01 9.6868161999152635e-01
5.9364159130443606e-01 9.6859616944857452e-01
5.9525796227065342e-01 9.6851071936468158e-01
5.9687433323687078e-01 9.6842526974109422e-01
5.9849070420308814e-01 9.6833982057905899e-01
6.0010707516930561e-01 9.6825437187982266e-01
6.0172344613552298e-01 9.6816892364463147e-01
6.0333981710174034e-01 9.6808347587473209e-01
6.0495618806795770e-01 9.6799802857137107e-01
6.0657255903417506e-01 9.6791258173579486e-01
6.0818893000039242e-01 9.6782713536924980e-01
6.0980530096660979e-01 9.6774168947298234e-01
6.1142167193282715e-01 9.6765624404823891e-01
6.1303804289904451e-01 9.6757079909626575e-01
6.1465441386526198e-01 9.6748535461830931e-01
6.1627078483147935e-01 9.6739991061561592e-01
6.1788715579769671e-01 9.6731446708943170e-01
6.1950352676391407e-01 9.6722902404100297e-01
6.2111989773013154e-01 9.6714358147157597e-01
6.2273626869634890e-01 9.6705813938239693e-01
6.2435263966256627e-01 9.6697269777471184e-01
6.2596901062878363e-01 9.6688725664976694e-01
6.2758538159500099e-01 9.6680181600880843e-01
6.2920175256121835e-01 9.6671637585308223e-01
6.3081812352743571e-01 9.6663093618383433e-01
6.3243449449365308e-01 9.6654549700231107e-01
6.3405086545987055e-01 9.6646005830975801e-01
6.3566723642608791e-01 9.6637462010742148e-01
6.3728360739230527e-01 9.6628918239654726e-01
6.3889997835852264e-01 9.6620374517838126e-01
6.4051634932474000e-01 9.6611830845416924e-01
6.4213272029095747e-01 9.6603287222515721e-01
6.4374909125717483e-01 9.6594743649259096e-01
6.4536546222339219e-01 9.6586200125771626e-01
6.4698183318960956e-01 9.6577656652177890e-01
6.4859820415582692e-01 9.6569113228602455e-01
6.5021457512204428e-01 9.6560569855169887e-01
6.5183094608826164e-01 9.6552026532004764e-01
6.5344731705447900e-01 9.6543483259231655e-01
6.5506368802069637e-01 9.6534940036975103e-01
6.5668005898691384e-01 9.6526396865359676e-01
6.5829642995313120e-01 9.6517853744509929e-01
6.5991280091934856e-01 9.6509310674550408e-01
6.6152917188556604e-01 9.6500767655605679e-01
6.6314554285178340e-01 9.6492224687800277e-01
6.6476191381800076e-01 9.6483681771258734e-01
6.6637828478421812e-01 9.6475138906105617e-01
6.6799465575043548e-01 9.6466596092465440e-01
6.6961102671665285e-01 9.6458053330462756e-01
6.7122739768287021e-01 9.6449510620222090e-01
6.7284376864908757e-01 9.6440967961867963e-01
6.7446013961530493e-01 9.6432425355524898e-01
6.7607651058152229e-01 9.6423882801317429e-01
6.7769288154773977e-01 9.6415340299370078e-01
6.7930925251395713e-01 9.6406797849807346e-01
6.8092562348017449e-01 9.6398255452753756e-01
6.8254199444639196e-01 9.6389713108333819e-01
6.8415836541260933e-01 9.6381170816672035e-01
6.8577473637882669e-01 9.6372628577892916e-01
6.8739110734504405e-01 9.6364086392120951e-01
6.8900747831126141e-01 9.6355544259480663e-01
6.9062384927747877e-01 9.6347002180096519e-01
6.9224022024369614e-01 9.6338460154093020e-01
6.9385659120991350e-01 9.6329918181594654e-01
6.9547296217613086e-01 9.6321376262725911e-01
6.9708933314234833e-01 9.6312834397611269e-01
6.9870570410856569e-01 9.6304292586375217e-01
7.0032207507478306e-01 9.6295750829142213e-01
7.0193844604100042e-01 9.6287209126036744e-01
7.0355481700721789e-01 9.6278667477183266e-01
7.0517118797343525e-01 9.6270125882706270e-01
7.0678755893965262e-01 9.6261584342730189e-01
7.0840392990586998e-01 9.6253042857379500e-01
7.1002030087208734e-01 9.6244501426778661e-01
7.1163667183830470e-01 9.6235960051052116e-01
7.1325304280452206e-01 9.6227418730324332e-01
7.1486941377073943e-01 9.6218877464719732e-01
7.1648578473695679e-01 9.6210336254362783e-01
7.1810215570317426e-01 9.6201795099377907e-01
7.1971852666939162e-01 9.6193253999889561e-01
7.2133489763560898e-01 9.6184712956022167e-01
7.2295126860182635e-01 9.6176171967900159e-01
7.2456763956804382e-01 9.6167631035647960e-01
7.2618401053426118e-01 9.6159090159389993e-01
7.2780038150047854e-01 9.6150549339250690e-01
7.2941675246669591e-01 9.6142008575354476e-01
7.3103312343291327e-01 9.6133467867825739e-01
7.3264949439913063e-01 9.6124927216788913e-01
7.3426586536534799e-01 9.6116386622368388e-01
7.3588223633156535e-01 9.6107846084688586e-01
7.3749860729778272e-01 9.6099305603873908e-01
7.3911497826400019e-01 9.6090765180048732e-01
7.4073134923021755e-01 9.6082224813337480e-01
7.4234772019643491e-01 9.6073684503864520e-01
7.4396409116265239e-01 9.6065144251754264e-01
7.4558046212886975e-01 9.6056604057131068e-01
7.4719683309508711e-01 9.6048063920119331e-01
7.4881320406130447e-01 9.6039523840843444e-01
7.5042957502752183e-01 9.6030983819427751e-01
7.5204594599373920e-01 9.6022443855996642e-01
7.5366231695995656e-01 9.6013903950674484e-01
7.5527868792617392e-01 9.6005364103585644e-01
7.5689505889239128e-01 9.5996824314854468e-01
7.5851142985860864e-01 9.5988284584605332e-01
7.6012780082482612e-01 9.5979744912962583e-01
7.6174417179104348e-01 9.5971205300050566e-01
7.6336054275726084e-01 9.5962665745993636e-01
7.6497691372347831e-01 9.5954126250916139e-01
7.6659328468969568e-01 9.5945586814942418e-01
7.6820965565591304e-01 9.5937047438196799e-01
7.6982602662213040e-01 9.5928508120803613e-01
7.7144239758834776e-01 9.5919968862887206e-01
7.7305876855456512e-01 9.5911429664571901e-01
7.7467513952078249e-01 9.5902890525982010e-01
7.7629151048699985e-01 9.5894351447241866e-01
7.7790788145321721e-01 9.5885812428475770e-01
7.7952425241943457e-01 9.5877273469808055e-01
7.8114062338565204e-01 9.5868734571363012e-01
7.8275699435186941e-01 9.5860195733264963e-01
7.8437336531808677e-01 9.5851656955638187e-01
7.8598973628430424e-01 9.5843118238607006e-01
7.8760610725052160e-01 9.5834579582295709e-01
7.8922247821673897e-01 9.5826040986828587e-01
7.9083884918295633e-01 9.5817502452329928e-01
7.9245522014917369e-01 9.5808963978924011e-01
7.9407159111539105e-01 9.5800425566735115e-01
7.9568796208160841e-01 9.5791887215887539e-01
7.9730433304782578e-01 9.5783348926505529e-01
7.9892070401404314e-01 9.5774810698713375e-01
8.0053707498026061e-01 9.5766272532635321e-01
8.0215344594647797e-01 9.5757734428395658e-01
8.0376981691269533e-01 9.5749196386118640e-01
8.0538618787891270e-01 9.5740658405928503e-01
8.0700255884513017e-01 9.5732120487949512e-01
8.0861892981134753e-01 9.5723582632305926e-01
8.1023530077756489e-01 9.5715044839121965e-01
8.1185167174378225e-01 9.5706507108521899e-01
8.1346804270999962e-01 9.5697969440629937e-01
8.1508441367621698e-01 9.5689431835570338e-01
8.1670078464243434e-01 9.5680894293467322e-01
8.1831715560865170e-01 9.5672356814445114e-01
8.1993352657486906e-01 9.5663819398627936e-01
8.2154989754108654e-01 9.5655282046140000e-01
8.2316626850730390e-01 9.5646744757105540e-01
8.2478263947352126e-01 9.5638207531648767e-01
8.2639901043973862e-01 9.5629670369893871e-01
8.2801538140595610e-01 9.5621133271965064e-01
8.2963175237217346e-01 9.5612596237986558e-01
8.3124812333839082e-01 9.5604059268082531e-01
8.3286449430460818e-01 9.5595522362377194e-01
8.3448086527082554e-01 9.5586985520994727e-01
8.3609723623704291e-01 9.5578448744059319e-01
8.3771360720326027e-01 9.5569912031695148e-01
8.3932997816947763e-01 9.5561375384026392e-01
8.4094634913569499e-01 9.5552838801177231e-01
8.4256272010191247e-01 9.5544302283271831e-01
8.4417909106812983e-01 9.5535765830434372e-01
8.4579546203434719e-01 9.5527229442788997e-01
8.4741183300056466e-01 9.5518693120459863e-01
8.4902820396678202e-01 9.5510156863571150e-01
8.5064457493299939e-01 9.5501620672246990e-01
8.5226094589921675e-01 9.5493084546611540e-01
8.5387731686543411e-01 9.5484548486788945e-01
8.5549368783165147e-01 9.5476012492903339e-01
8.5711005879786883e-01 9.5467476565078857e-01
8.5872642976408620e-01 9.5458940703439632e-01
8.6034280073030356e-01 9.5450404908109798e-01
8.6195917169652092e-01 9.5441869179213479e-01
8.6357554266273839e-01 9.5433333516874796e-01
8.6519191362895576e-01 9.5424797921217863e-01
8.6680828459517312e-01 9.5416262392366791e-01
8.6842465556139059e-01 9.5407726930445691e-01
8.7004102652760795e-01 9.5399191535578676e-01
8.7165739749382531e-01 9.5390656207889835e-01
8.7327376846004268e-01 9.5382120947503268e-01
8.7489013942626004e-01 9.5373585754543067e-01
8.7650651039247740e-01 9.5365050629133341e-01
8.7812288135869476e-01 9.5356515571398148e-01
8.7973925232491212e-01 9.5347980581461589e-01
8.8135562329112949e-01 9.5339445659447730e-01
8.8297199425734685e-01 9.5330910805480651e-01
8.8458836522356432e-01 9.5322376019684429e-01
8.8620473618978168e-01 9.5313841302183111e-01
8.8782110715599905e-01 9.5305306653100774e-01
8.8943747812221652e-01 9.5296772072561464e-01
8.9105384908843388e-01 9.5288237560689248e-01
8.9267022005465124e-01 9.5279703117608172e-01
8.9428659102086860e-01 9.5271168743442269e-01
8.9590296198708597e-01 9.5262634438315597e-01
8.9751933295330333e-01 9.5254100202352199e-01
8.9913570391952069e-01 9.5245566035676077e-01
9.0075207488573805e-01 9.5237031938411298e-01
9.0236844585195553e-01 9.5228497910681864e-01
9.0398481681817289e-01 9.5219963952611797e-01
9.0560118778439025e-01 9.5211430064325131e-01
9.0721755875060761e-01 9.5202896245945867e-01
9.0883392971682497e-01 9.5194362497598017e-01
9.1045030068304234e-01 9.5185828819405582e-01
9.1206667164925981e-01 9.5177295211492574e-01
9.1368304261547717e-01 9.5168761673982982e-01
9.1529941358169453e-01 9.5160228207000797e-01
9.1691578454791189e-01 9.5151694810670007e-01
9.1853215551412926e-01 9.5143161485114602e-01
9.2014852648034662e-01 9.5134628230458573e-01
9.2176489744656398e-01 9.5126095046825876e-01
9.2338126841278145e-01 9.5117561934340489e-01
9.2499763937899881e-01 9.5109028893126391e-01
9.2661401034521618e-01 9.5100495923307538e-01
9.2823038131143354e-01 9.5091963025007886e-01
9.2984675227765090e-01 9.5083430198351404e-01
9.3146312324386826e-01 9.5074897443462025e-01
9.3307949421008574e-01 9.5066364760463706e-01
9.3469586517630310e-01 9.5057832149480403e-01
9.3631223614252046e-01 9.5049299610636029e-01
9.3792860710873782e-01 9.5040767144054539e-01
9.3954497807495518e-01 9.5032234749859845e-01
9.4116134904117255e-01 9.5023702428175905e-01
9.4277772000738991e-01 9.5015170179126607e-01
9.4439409097360738e-01 9.5006638002835886e-01
9.4601046193982474e-01 9.4998105899427643e-01
9.4762683290604210e-01 9.4989573869025812e-01
9.4924320387225947e-01 9.4981041911754271e-01
9.5085957483847683e-01 9.4972510027736934e-01
9.5247594580469419e-01 9.4963978217097700e-01
9.5409231677091166e-01 9.4955446479960459e-01
9.5570868773712903e-01 9.4946914816449091e-01
9.5732505870334639e-01 9.4938383226687495e-01
9.5894142966956375e-01 9.4929851710799540e-01
9.6055780063578111e-01 9.4921320268909093e-01
9.6217417160199847e-01 9.4912788901140044e-01
9.6379054256821595e-01 9.4904257607616249e-01
9.6540691353443331e-01 9.4895726388461565e-01
9.6702328450065067e-01 9.4887195243799860e-01
9.6863965546686803e-01 9.4878664173754979e-01
9.7025602643308539e-01 9.4870133178450777e-01
9.7187239739930276e-01 9.4861602258011102e-01
9.7348876836552012e-01 9.4853071412559786e-01
9.7510513933173759e-01 9.4844540642220665e-01
9.7672151029795495e-01 9.4836009947117572e-01
9.7833788126417232e-01 9.4827479327374342e-01
9.7995425223038968e-01 9.4818948783114798e-01
9.8157062319660704e-01 9.4810418314462741e-01
9.8318699416282440e-01 9.4801887921542005e-01
9.8480336512904187e-01 9.4793357604476391e-01
9.8641973609525924e-01 9.4784827363389701e-01
9.8803610706147660e-01 9.4776297198405735e-01
9.8965247802769396e-01 9.4767767109648293e-01
9.9126884899391132e-01 9.4759237097241178e-01
9.9288521996012868e-01 9.4750707161308156e-01
9.9450159092634616e-01 9.4742177301973030e-01
9.9611796189256352e-01 9.4733647519359565e-01
9.9773433285878088e-01 9.4725117813591542e-01
9.9935070382499824e-01 9.4716588184792727e-01
1.0009670747912156e+00 9.4708058633086889e-01
1.0025834457574330e+00 9.4699529158597784e-01
1.0041998167236503e+00 9.4690999761449168e-01
1.0058161876898679e+00 9.4682470441764788e-01
1.0074325586560851e+00 9.4673941199668410e-01
1.0090489296223026e+00 9.4665412035283758e-01
1.0106653005885198e+00 9.4656882948734578e-01
1.0122816715547374e+00 9.4648353940144592e-01
1.0138980425209545e+00 9.4639825009637546e-01
1.0155144134871721e+00 9.4631296157337152e-01
1.0171307844533894e+00 9.4622767383367146e-01
1.0187471554196068e+00 9.4614238687851226e-01
1.0203635263858242e+00 9.4605710070913107e-01
1.0219798973520415e+00 9.4597181532676500e-01
1.0235962683182589e+00 9.4588653073265094e-01
1.0252126392844763e+00 9.4580124692802603e-01
1.0268290102506938e+00 9.4571596391412716e-01
1.0284453812169110e+00 9.4563068169219111e-01
1.0300617521831286e+00 9.4554540026345479e-01
1.0316781231493457e+00 9.4546011962915488e-01
1.0332944941155633e+00 9.4537483979052828e-01
1.0349108650817804e+00 9.4528956074881154e-01
1.0365272360479980e+00 9.4520428250524136e-01
1.0381436070142154e+00 9.4511900506105440e-01
1.0397599779804327e+00 9.4503372841748723e-01
1.0413763489466501e+00 9.4494845257577609e-01
1.0429927199128675e+00 9.4486317753715776e-01
1.0446090908790848e+00 9.4477790330286848e-01
1.0462254618453022e+00 9.4469262987414471e-01
1.0478418328115198e+00 9.4460735725222267e-01
1.0494582037777369e+00 9.4452208543833871e-01
1.0510745747439545e+00 9.4443681443372907e-01
1.0526909457101716e+00 9.4435154423962986e-01
1.0543073166763892e+00 9.4426627485727721e-01
1.0559236876426064e+00 9.4418100628790724e-01
1.0575400586088239e+00 9.4409573853275597e-01
1.0591564295750413e+00 9.4401047159305929e-01
1.0607728005412587e+00 9.4392520547005343e-01
1.0623891715074760e+00 9.4383994016497397e-01
1.0640055424736934e+00 9.4375467567905691e-01
1.0656219134399108e+00 9.4366941201353804e-01
1.0672382844061281e+00 9.4358414916965305e-01
1.0688546553723457e+00 9.4349888714863772e-01
1.0704710263385628e+00 9.4341362595172762e-01
1.0720873973047804e+00 9.4332836558015842e-01
1.0737037682709976e+00 9.4324310603516570e-01
1.0753201392372151e+00 9.4315784731798491e-01
1.0769365102034323e+00 9.4307258942985150e-01
1.0785528811696499e+00 9.4298733237200094e-01
1.0801692521358672e+00 9.4290207614566857e-01
1.0817856231020846e+00 9.4281682075208972e-01
1.0834019940683020e+00 9.4273156619249965e-01
1.0850183650345193e+00 9.4264631246813346e-01
1.0866347360007367e+00 9.4256105958022662e-01
1.0882511069669540e+00 9.4247580753001392e-01
1.0898674779331716e+00 9.4239055631873070e-01
1.0914838488993888e+00 9.4230530594761175e-01
1.0931002198656063e+00 9.4222005641789219e-01
1.0947165908318235e+00 9.4213480773080693e-01
1.0963329617980411e+00 9.4204955988759087e-01
1.0979493327642584e+00 9.4196431288947879e-01
1.0995657037304758e+00 9.4187906673770549e-01
1.1011820746966932e+00 9.4179382143350565e-01
1.1027984456629105e+00 9.4170857697811405e-01
1.1044148166291279e+00 9.4162333337276527e-01
1.1060311875953452e+00 9.4153809061869387e-01
1.1076475585615626e+00 9.4145284871713431e-01
1.1092639295277800e+00 9.4136760766932126e-01
1.1108803004939976e+00 9.4128236747648908e-01
1.1124966714602147e+00 9.4119712813987211e-01
1.1141130424264323e+00 9.4111188966070458e-01
1.1157294133926494e+00 9.4102665204022107e-01
1.1173457843588670e+00 9.4094141527965547e-01
1.1189621553250844e+00 9.4085617938024224e-01
1.1205785262913017e+00 9.4077094434321540e-01
1.1221948972575191e+00 9.4068571016980906e-01
1.1238112682237364e+00 9.4060047686125714e-01
1.1254276391899538e+00 9.4051524441879375e-01
1.1270440101561712e+00 9.4043001284365280e-01
1.1286603811223885e+00 9.4034478213706818e-01
1.1302767520886059e+00 9.4025955230027358e-01
1.1318931230548235e+00 9.4017432333450301e-01
1.1335094940210406e+00 9.4008909524099005e-01
1.1351258649872582e+00 9.4000386802096836e-01
1.1367422359534753e+00 9.3991864167567174e-01
1.1383586069196929e+00 9.3983341620633354e-01
1.1399749778859103e+00 9.3974819161418743e-01
1.1415913488521277e+00 9.3966296790046677e-01
1.1432077198183450e+00 9.3957774506640523e-01
1.1448240907845624e+00 9.3949252311323583e-01
1.1464404617507797e+00 9.3940730204219225e-01
1.1480568327169971e+00 9.3932208185450750e-01
1.1496732036832145e+00 9.3923686255141481e-01
1.1512895746494318e+00 9.3915164413414753e-01
1.1529059456156494e+00 9.3906642660393858e-01
1.1545223165818665e+00 9.3898120996202117e-01
1.1561386875480841e+00 9.3889599420962822e-01
1.1577550585143013e+00 9.3881077934799273e-01
1.1593714294805189e+00 9.3872556537834762e-01
1.1609878004467362e+00 9.3864035230192566e-01
1.1626041714129536e+00 9.3855514011995977e-01
1.1642205423791709e+00 9.3846992883368274e-01
1.1658369133453883e+00 9.3838471844432703e-01
1.1674532843116057e+00 9.3829950895312553e-01
1.1690696552778230e+00 9.3821430036131070e-01
1.1706860262440406e+00 9.3812909267011513e-01
1.1723023972102578e+00 9.3804388588077137e-01
1.1739187681764753e+00 9.3795867999451177e-01
1.1755351391426925e+00 9.3787347501256868e-01
1.1771515101089101e+00 9.3778827093617456e-01
1.1787678810751272e+00 9.3770306776656165e-01
1.1803842520413448e+00 9.3761786550496218e-01
1.1820006230075621e+00 9.3753266415260827e-01
1.1836169939737795e+00 9.3744746371073195e-01
1.1852333649399969e+00 9.3736226418056556e-01
1.1868497359062142e+00 9.3727706556334101e-01
1.1884661068724316e+00 9.3719186786029007e-01
1.1900824778386490e+00 9.3710667107264489e-01
1.1916988488048665e+00 9.3702147520163726e-01
1.1933152197710837e+00 9.3693628024849895e-01
1.1949315907373013e+00 9.3685108621446167e-01
1.1965479617035184e+00 9.3676589310075720e-01
1.1981643326697360e+00 9.3668070090861721e-01
1.1997807036359531e+00 9.3659550963927318e-01
1.2013970746021707e+00 9.3651031929395667e-01
1.2030134455683881e+00 9.3642512987389914e-01
1.2046298165346054e+00 9.3633994138033216e-01
1.2062461875008228e+00 9.3625475381448697e-01
1.2078625584670402e+00 9.3616956717759503e-01
1.2094789294332575e+00 9.3608438147088746e-01
1.2110953003994749e+00 9.3599919669559539e-01
1.2127116713656925e+00 9.3591401285295028e-01
1.2143280423319096e+00 9.3582882994418293e-01
1.2159444132981272e+00 9.3574364797052456e-01
1.2175607842643443e+00 9.3565846693320620e-01
1.2191771552305619e+00 9.3557328683345864e-01
1.2207935261967791e+00 9.3548810767251289e-01
1.2224098971629966e+00 9.3540292945159964e-01
1.2240262681292140e+00 9.3531775217194979e-01
1.2256426390954314e+00 9.3523257583479413e-01
1.2272590100616487e+00 9.3514740044136313e-01
1.2288753810278661e+00 9.3506222599288746e-01
1.2304917519940834e+00 9.3497705249059782e-01
1.2321081229603008e+00 9.3489187993572453e-01
1.2337244939265184e+00 9.3480670832949819e-01
1.2353408648927355e+00 9.3472153767314903e-01
1.2369572358589531e+00 9.3463636796790750e-01
1.2385736068251703e+00 9.3455119921500396e-01
1.2401899777913878e+00 9.3446603141566831e-01
1.2418063487576050e+00 9.3438086457113112e-01
1.2434227197238226e+00 9.3429569868262230e-01
1.2450390906900399e+00 9.3421053375137186e-01
1.2466554616562573e+00 9.3412536977860994e-01
1.2482718326224747e+00 9.3404020676556643e-01
1.2498882035886920e+00 9.3395504471347124e-01
1.2515045745549094e+00 9.3386988362355416e-01
1.2531209455211267e+00 9.3378472349704489e-01
1.2547373164873443e+00 9.3369956433517343e-01
1.2563536874535615e+00 9.3361440613916913e-01
1.2579700584197790e+00 9.3352924891026190e-01
1.2595864293859962e+00 9.3344409264968098e-01
1.2612028003522138e+00 9.3335893735865616e-01
1.2628191713184309e+00 9.3327378303841668e-01
1.2644355422846485e+00 9.3318862969019212e-01
1.2660519132508659e+00 9.3310347731521159e-01
1.2676682842170832e+00 9.3301832591470446e-01
1.2692846551833006e+00 9.3293317548989996e-01
1.2709010261495179e+00 9.3284802604202732e-01
1.2725173971157353e+00 9.3276287757231557e-01
1.2741337680819527e+00 9.3267773008199362e-01
1.2757501390481703e+00 9.3259258357229069e-01
1.2773665100143874e+00 9.3250743804443559e-01
1.2789828809806050e+00 9.3242229349965733e-01
1.2805992519468221e+00 9.3233714993918448e-01
1.2822156229130397e+00 9.3225200736424596e-01
1.2838319938792568e+00 9.3216686577607055e-01
1.2854483648454744e+00 9.3208172517588672e-01
1.2870647358116918e+00 9.3199658556492315e-01
1.2886811067779091e+00 9.3191144694440842e-01
1.2902974777441265e+00 9.3182630931557087e-01
1.2919138487103439e+00 9.3174117267963907e-01
1.2935302196765612e+00 9.3165603703784117e-01
1.2951465906427786e+00 9.3157090239140572e-01
1.2967629616089962e+00 9.3148576874156086e-01
1.2983793325752133e+00 9.3140063608953472e-01
1.2999957035414309e+00 9.3131550443655542e-01
1.3016120745076480e+00 9.3123037378385121e-01
1.3032284454738656e+00 9.3114524413264976e-01
1.3048448164400830e+00 9.3106011548417944e-01
1.3064611874063004e+00 9.3097498783966781e-01
1.3080775583725177e+00 9.3088986120034289e-01
1.3096939293387351e+00 9.3080473556743237e-01
1.3113103003049524e+00 9.3071961094216404e-01
1.3129266712711698e+00 9.3063448732576548e-01
1.3145430422373872e+00 9.3054936471946437e-01
1.3161594132036045e+00 9.3046424312448817e-01
1.3177757841698221e+00 9.3037912254206445e-01
1.3193921551360392e+00 9.3029400297342058e-01
1.3210085261022568e+00 9.3020888441978389e-01
1.3226248970684740e+00 9.3012376688238174e-01
1.3242412680346916e+00 9.3003865036244149e-01
1.3258576390009089e+00 9.2995353486119015e-01
1.3274740099671263e+00 9.2986842037985484e-01
1.3290903809333436e+00 9.2978330691966282e-01
1.3307067518995610e+00 9.2969819448184099e-01
1.3323231228657784e+00 9.2961308306761625e-01
1.3339394938319957e+00 9.2952797267821563e-01
1.3355558647982131e+00 9.2944286331486581e-01
1.3371722357644305e+00 9.2935775497879369e-01
1.3387886067306480e+00 9.2927264767122586e-01
1.3404049776968652e+00 9.2918754139338899e-01
1.3420213486630828e+00 9.2910243614650989e-01
1.3436377196292999e+00 9.2901733193181479e-01
1.3452540905955175e+00 9.2893222875053039e-01
1.3468704615617348e+00 9.2884712660388302e-01
1.3484868325279522e+00 9.2876202549309905e-01
1.3501032034941696e+00 9.2867692541940472e-01
1.3517195744603869e+00 9.2859182638402638e-01
1.3533359454266043e+00 9.2850672838819004e-01
1.3549523163928217e+00 9.2842163143312195e-01
1.3565686873590390e+00 9.2833653552004813e-01
1.3581850583252564e+00 9.2825144065019449e-01
1.3598014292914740e+00 9.2816634682478705e-01
1.3614178002576911e+00 9.2808125404505171e-01
1.3630341712239087e+00 9.2799616231221427e-01
1.3646505421901258e+00 9.2791107162750042e-01
1.3662669131563434e+00 9.2782598199213573e-01
1.3678832841225608e+00 9.2774089340734611e-01
1.3694996550887781e+00 9.2765580587435703e-01
1.3711160260549955e+00 9.2757071939439384e-01
1.3727323970212129e+00 9.2748563396868222e-01
1.3743487679874302e+00 9.2740054959844731e-01
1.3759651389536476e+00 9.2731546628491468e-01
1.3775815099198652e+00 9.2723038402930935e-01
1.3791978808860823e+00 9.2714530283285668e-01
1.3808142518522999e+00 9.2706022269678179e-01
1.3824306228185170e+00 9.2697514362230971e-01
1.3840469937847346e+00 9.2689006561066545e-01
1.3856633647509518e+00 9.2680498866307404e-01
1.3872797357171693e+00 9.2671991278076027e-01
1.3888961066833867e+00 9.2663483796494905e-01
1.3905124776496041e+00 9.2654976421686508e-01
1.3921288486158214e+00 9.2646469153773314e-01
1.3937452195820388e+00 9.2637961992877782e-01
1.3953615905482561e+00 9.2629454939122369e-01
1.3969779615144735e+00 9.2620947992629543e-01
1.3985943324806911e+00 9.2612441153521718e-01
1.4002107034469082e+00 9.2603934421921363e-01
1.4018270744131256e+00 9.2595427797950891e-01
1.4034434453793432e+00 9.2586921281732748e-01
1.4050598163455605e+00 9.2578414873389336e-01
1.4066761873117779e+00 9.2569908573043092e-01
1.4082925582779953e+00 9.2561402380816404e-01
1.4099089292442126e+00 9.2552896296831677e-01
1.4115253002104300e+00 9.2544390321211312e-01
1.4131416711766474e+00 9.2535884454077688e-01
1.4147580421428647e+00 9.2527378695553208e-01
1.4163744131090821e+00 9.2518873045760230e-01
1.4179907840752994e+00 9.2510367504821134e-01
1.4196071550415168e+00 9.2501862072858287e-01
1.4212235260077342e+00 9.2493356749994027e-01
1.4228398969739515e+00 9.2484851536350732e-01
1.4244562679401691e+00 9.2476346432050727e-01
1.4260726389063865e+00 9.2467841437216369e-01
1.4276890098726038e+00 9.2459336551969973e-01
1.4293053808388212e+00 9.2450831776433873e-01
1.4309217518050386e+00 9.2442327110730393e-01
1.4325381227712559e+00 9.2433822554981826e-01
1.4341544937374733e+00 9.2425318109310506e-01
1.4357708647036906e+00 9.2416813773838724e-01
1.4373872356699080e+00 9.2408309548688772e-01
1.4390036066361254e+00 9.2399805433982929e-01
1.4406199776023427e+00 9.2391301429843486e-01
1.4422363485685601e+00 9.2382797536392725e-01
1.4438527195347775e+00 9.2374293753752901e-01
1.4454690905009950e+00 9.2365790082046284e-01
1.4470854614672124e+00 9.2357286521395121e-01
1.4487018324334298e+00 9.2348783071921670e-01
1.4503182033996471e+00 9.2340279733748176e-01
1.4519345743658645e+00 9.2331776506996865e-01
1.4535509453320818e+00 9.2323273391789973e-01
1.4551673162982992e+00 9.2314770388249723e-01
1.4567836872645166e+00 9.2306267496498329e-01
1.4584000582307339e+00 9.2297764716658015e-01
1.4600164291969513e+00 9.2289262048850962e-01
1.4616328001631687e+00 9.2280759493199382e-01
1.4632491711293860e+00 9.2272257049825468e-01
1.4648655420956034e+00 9.2263754718851398e-01
1.4664819130618210e+00 9.2255252500399343e-01
1.4680982840280383e+00 9.2246750394591481e-01
1.4697146549942557e+00 9.2238248401549994e-01
1.4713310259604730e+00 9.2229746521397005e-01
1.4729473969266904e+00 9.2221244754254705e-01
1.4745637678929078e+00 9.2212743100245209e-01
1.4761801388591251e+00 9.2204241559490663e-01
1.4777965098253425e+00 9.2195740132113202e-01
1.4794128807915599e+00 9.2187238818234962e-01
1.4810292517577772e+00 9.2178737617978046e-01
1.4826456227239946e+00 9.2170236531464567e-01
1.4842619936902119e+00 9.2161735558816638e-01
1.4858783646564293e+00 9.2153234700156361e-01
1.4874947356226469e+00 9.2144733955605818e-01
1.4891111065888643e+00 9.2136233325287098e-01
1.4907274775550816e+00 9.2127732809322282e-01
1.4923438485212990e+00 9.2119232407833451e-01
1.4939602194875163e+00 9.2110732120942651e-01
1.4955765904537337e+00 9.2102231948771962e-01
1.4971929614199511e+00 9.2093731891443431e-01
1.4988093323861684e+00 9.2085231949079094e-01
1.5004257033523858e+00 9.2076732121800997e-01
1.5020420743186031e+00 9.2068232409731166e-01
1.5036584452848205e+00 9.2059732812991646e-01
1.5052748162510379e+00 9.2051233331704441e-01
1.5068911872172555e+00 9.2042733965991563e-01
1.5085075581834728e+00 9.2034234715975016e-01
1.5101239291496902e+00 9.2025735581776813e-01
1.5117403001159075e+00 9.2017236563518934e-01
1.5133566710821249e+00 9.2008737661323370e-01
1.5149730420483423e+00 9.2000238875312101e-01
1.5165894130145596e+00 9.1991740205607098e-01
1.5182057839807770e+00 9.1983241652330328e-01
1.5198221549469944e+00 9.1974743215603738e-01
1.5214385259132117e+00 9.1966244895549298e-01
1.5230548968794291e+00 9.1957746692288944e-01
1.5246712678456464e+00 9.1949248605944611e-01
1.5262876388118638e+00 9.1940750636638247e-01
1.5279040097780814e+00 9.1932252784491753e-01
1.5295203807442987e+00 9.1923755049627065e-01
1.5311367517105161e+00 9.1915257432166086e-01
1.5327531226767335e+00 9.1906759932230719e-01
1.5343694936429508e+00 9.1898262549942866e-01
1.5359858646091682e+00 9.1889765285424430e-01
1.5376022355753856e+00 9.1881268138797278e-01
1.5392186065416029e+00 9.1872771110183282e-01
1.5408349775078203e+00 9.1864274199704332e-01
1.5424513484740376e+00 9.1855777407482286e-01
1.5440677194402550e+00 9.1847280733638992e-01
1.5456840904064724e+00 9.1838784178296307e-01
1.5473004613726897e+00 9.1830287741576078e-01
1.5489168323389073e+00 9.1821791423600119e-01
1.5505332033051247e+00 9.1813295224490288e-01
1.5521495742713420e+00 9.1804799144368399e-01
1.5537659452375594e+00 9.1796303183356254e-01
1.5553823162037768e+00 9.1787807341575678e-01
1.5569986871699941e+00 9.1779311619148463e-01
1.5586150581362115e+00 9.1770816016196399e-01
1.5602314291024288e+00 9.1762320532841291e-01
1.5618478000686462e+00 9.1753825169204906e-01
1.5634641710348636e+00 9.1745329925409025e-01
1.5650805420010809e+00 9.1736834801575406e-01
1.5666969129672983e+00 9.1728339797825820e-01
1.5683132839335157e+00 9.1719844914282012e-01
1.5699296548997332e+00 9.1711350151065740e-01
1.5715460258659506e+00 9.1702855508298731e-01
1.5731623968321680e+00 9.1694360986102719e-01
1.5747787677983853e+00 9.1685866584599429e-01
1.5763951387646027e+00 9.1677372303910587e-01
1.5780115097308201e+00 9.1668878144157895e-01
1.5796278806970374e+00 9.1660384105463055e-01
1.5812442516632548e+00 9.1651890187947782e-01
1.5828606226294721e+00 9.1643396391733745e-01
1.5844769935956895e+00 9.1634902716942646e-01
1.5860933645619069e+00 9.1626409163696143e-01
1.5877097355281242e+00 9.1617915732115918e-01
1.5893261064943418e+00 9.1609422422323628e-01
1.5909424774605592e+00 9.1600929234440931e-01
1.5925588484267765e+00 9.1592436168589475e-01
1.5941752193929939e+00 9.1583943224890896e-01
1.5957915903592113e+00 9.1575450403466818e-01
1.5974079613254286e+00 9.1566957704438900e-01
1.5990243322916460e+00 9.1558465127928734e-01
1.6006407032578633e+00 9.1549972674057933e-01
1.6022570742240807e+00 9.1541480342948123e-01
1.6038734451902981e+00 9.1532988134720883e-01
1.6054898161565154e+00 9.1524496049497817e-01
1.6071061871227328e+00 9.1516004087400493e-01
1.6087225580889501e+00 9.1507512248550493e-01
1.6103389290551677e+00 9.1499020533069408e-01
1.6119553000213851e+00 9.1490528941078775e-01
1.6135716709876025e+00 9.1482037472700162e-01
1.6151880419538198e+00 9.1473546128055105e-01
1.6168044129200372e+00 9.1465054907265164e-01
1.6184207838862545e+00 9.1456563810451863e-01
1.6200371548524719e+00 9.1448072837736727e-01
1.6216535258186893e+00 9.1439581989241270e-01
1.6232698967849066e+00 9.1431091265087028e-01
1.6248862677511240e+00 9.1422600665395481e-01
1.6265026387173414e+00 9.1414110190288134e-01
1.6281190096835587e+00 9.1405619839886487e-01
1.6297353806497761e+00 9.1397129614312012e-01
1.6313517516159937e+00 9.1388639513686198e-01
1.6329681225822110e+00 9.1380149538130495e-01
1.6345844935484284e+00 9.1371659687766393e-01
1.6362008645146457e+00 9.1363169962715318e-01
1.6378172354808631e+00 9.1354680363098739e-01
1.6394336064470805e+00 9.1346190889038081e-01
1.6410499774132978e+00 9.1337701540654792e-01
1.6426663483795152e+00 9.1329212318070274e-01
1.6442827193457326e+00 9.1320723221405975e-01
1.6458990903119499e+00 9.1312234250783286e-01
1.6475154612781673e+00 9.1303745406323622e-01
1.6491318322443846e+00 9.1295256688148363e-01
1.6507482032106020e+00 9.1286768096378912e-01
1.6523645741768196e+00 9.1278279631136650e-01
1.6539809451430370e+00 9.1269791292542957e-01
1.6555973161092543e+00 9.1261303080719181e-01
1.6572136870754717e+00 9.1252814995786702e-01
1.6588300580416890e+00 9.1244327037866857e-01
1.6604464290079064e+00 9.1235839207081004e-01
1.6620627999741238e+00 9.1227351503550480e-01
1.6636791709403411e+00 9.1218863927396598e-01
1.6652955419065585e+00 9.1210376478740707e-01
1.6669119128727758e+00 9.1201889157704097e-01
1.6685282838389932e+00 9.1193401964408105e-01
1.6701446548052106e+00 9.1184914898974001e-01
1.6717610257714279e+00 9.1176427961523099e-01
1.6733773967376455e+00 9.1167941152176679e-01
1.6749937677038629e+00 9.1159454471056023e-01
1.6766101386700802e+00 9.1150967918282400e-01
1.6782265096362976e+00 9.1142481493977079e-01
1.6798428806025150e+00 9.1133995198261308e-01
1.6814592515687323e+00 9.1125509031256335e-01
1.6830756225349497e+00 9.1117022993083407e-01
1.6846919935011671e+00 9.1108537083863761e-01
1.6863083644673844e+00 9.1100051303718621e-01
1.6879247354336018e+00 9.1091565652769202e-01
1.6895411063998191e+00 9.1083080131136718e-01
1.6911574773660365e+00 9.1074594738942383e-01
1.6927738483322539e+00 9.1066109476307378e-01
1.6943902192984714e+00 9.1057624343352894e-01
1.6960065902646888e+00 9.1049139340200125e-01
1.6976229612309062e+00 9.1040654466970239e-01
1.6992393321971235e+00 9.1032169723784406e-01
1.7008557031633409e+00 9.1023685110763775e-01
1.7024720741295583e+00 9.1015200628029513e-01
1.7040884450957756e+00 9.1006716275702748e-01
1.7057048160619930e+00 9.0998232053904626e-01
1.7073211870282103e+00 9.0989747962756273e-01
1.7089375579944277e+00 9.0981264002378814e-01
1.7105539289606451e+00 9.0972780172893364e-01
1.7121702999268624e+00 9.0964296474421025e-01
1.7137866708930800e+00 9.0955812907082889e-01
1.7154030418592974e+00 9.0947329471000060e-01
1.7170194128255147e+00 9.0938846166293630e-01
1.7186357837917321e+00 9.0930362993084646e-01
1.7202521547579495e+00 9.0921879951494200e-01
1.7218685257241668e+00 9.0913397041643351e-01
1.7234848966903842e+00 9.0904914263653147e-01
1.7251012676566015e+00 9.0896431617644624e-01
1.7267176386228189e+00 9.0887949103738830e-01
1.7283340095890363e+00 9.0879466722056801e-01
1.7299503805552536e+00 9.0870984472719551e-01
1.7315667515214710e+00 9.0862502355848107e-01
1.7331831224876884e+00 9.0854020371563460e-01
1.7347994934539059e+00 9.0845538519986624e-01
1.7364158644201233e+00 9.0837056801238569e-01
1.7380322353863407e+00 9.0828575215440310e-01
1.7396486063525580e+00 9.0820093762712806e-01
1.7412649773187754e+00 9.0811612443177026e-01
1.7428813482849927e+00 9.0803131256953939e-01
1.7444977192512101e+00 9.0794650204164484e-01
1.7461140902174275e+00 9.0786169284929630e-01
1.7477304611836448e+00 9.0777688499370290e-01
1.7493468321498622e+00 9.0769207847607414e-01
1.7509632031160796e+00 9.0760727329761914e-01
1.7525795740822969e+00 9.0752246945954707e-01
1.7541959450485143e+00 9.0743766696306705e-01
1.7558123160147319e+00 9.0735286580938801e-01
1.7574286869809492e+00 9.0726806599971899e-01
1.7590450579471666e+00 9.0718326753526868e-01
1.7606614289133840e+00 9.0709847041724578e-01
1.7622777998796013e+00 9.0701367464685934e-01
1.7638941708458187e+00 9.0692888022531748e-01
1.7655105418120360e+00 9.0684408715382914e-01
1.7671269127782534e+00 9.0675929543360256e-01
1.7687432837444708e+00 9.0667450506584613e-01
1.7703596547106881e+00 9.0658971605176819e-01
1.7719760256769055e+00 9.0650492839257701e-01
1.7735923966431228e+00 9.0642014208948063e-01
1.7752087676093402e+00 9.0633535714368707e-01
1.7768251385755578e+00 9.0625057355640437e-01
1.7784415095417752e+00 9.0616579132884056e-01
1.7800578805079925e+00 9.0608101046220324e-01
1.7816742514742099e+00 9.0599623095770032e-01
1.7832906224404272e+00 9.0591145281653929e-01
1.7849069934066446e+00 9.0582667603992806e-01
1.7865233643728620e+00 9.0574190062907378e-01
1.7881397353390793e+00 9.0565712658518405e-01
1.7897561063052967e+00 9.0557235390946633e-01
1.7913724772715141e+00 9.0548758260312767e-01
1.7929888482377314e+00 9.0540281266737543e-01
1.7946052192039488e+00 9.0531804410341654e-01
1.7962215901701664e+00 9.0523327691245825e-01
1.7978379611363837e+00 9.0514851109570749e-01
1.7994543321026011e+00 9.0506374665437095e-01
1.8010707030688184e+00 9.0497898358965556e-01
1.8026870740350358e+00 9.0489422190276814e-01
1.8043034450012532e+00 9.0480946159491515e-01
1.8059198159674705e+00 9.0472470266730320e-01
1.8075361869336879e+00 9.0463994512113877e-01
1.8091525578999053e+00 9.0455518895762832e-01
1.8107689288661226e+00 9.0447043417797812e-01
1.8123852998323400e+00 9.0438568078339432e-01
1.8140016707985573e+00 9.0430092877508328e-01
1.8156180417647747e+00 9.0421617815425093e-01
1.8172344127309923e+00 9.0413142892210330e-01
1.8188507836972096e+00 9.0404668107984631e-01
1.8204671546634270e+00 9.0396193462868590e-01
1.8220835256296444e+00 9.0387718956982765e-01
1.8236998965958617e+00 9.0379244590447738e-01
1.8253162675620791e+00 9.0370770363384056e-01
1.8269326385282965e+00 9.0362296275912279e-01
1.8285490094945138e+00 9.0353822328152955e-01
1.8301653804607312e+00 9.0345348520226620e-01
1.8317817514269485e+00 9.0336874852253790e-01
1.8333981223931659e+00 9.0328401324354990e-01
1.8350144933593833e+00 9.0319927936650735e-01
1.8366308643256006e+00 9.0311454689261517e-01
1.8382472352918182e+00 9.0302981582307851e-01
1.8398636062580356e+00 9.0294508615910207e-01
1.8414799772242529e+00 9.0286035790189068e-01
1.8430963481904703e+00 9.0277563105264913e-01
1.8447127191566877e+00 9.0269090561258192e-01
1.8463290901229050e+00 9.0260618158289363e-01
1.8479454610891224e+00 9.0252145896478886e-01
1.8495618320553397e+00 9.0243673775947186e-01
1.8511782030215571e+00 9.0235201796814690e-01
1.8527945739877745e+00 9.0226729959201835e-01
1.8544109449539918e+00 9.0218258263229023e-01
1.8560273159202092e+00 9.0209786709016659e-01
1.8576436868864266e+00 9.0201315296685147e-01
1.8592600578526441e+00 9.0192844026354868e-01
1.8608764288188615e+00 9.0184372898146214e-01
1.8624927997850789e+00 9.0175901912179557e-01
1.8641091707512962e+00 9.0167431068575254e-01
1.8657255417175136e+00 9.0158960367453667e-01
1.8673419126837310e+00 9.0150489808935130e-01
1.8689582836499483e+00 9.0142019393140005e-01
1.8705746546161657e+00 9.0133549120188616e-01
1.8721910255823830e+00 9.0125078990201291e-01
1.8738073965486004e+00 9.0116609003298331e-01
1.8754237675148178e+00 9.0108139159600054e-01
1.8770401384810351e+00 9.0099669459226750e-01
1.8786565094472525e+00 9.0091199902298724e-01
1.8802728804134701e+00 9.0082730488936247e-01
1.8818892513796874e+00 9.0074261219259599e-01
1.8835056223459048e+00 9.0065792093389041e-01
1.8851219933121222e+00 9.0057323111444831e-01
1.8867383642783395e+00 9.0048854273547219e-01
1.8883547352445569e+00 9.0040385579816451e-01
1.8899711062107742e+00 9.0031917030372755e-01
1.8915874771769916e+00 9.0023448625336355e-01
1.8932038481432090e+00 9.0014980364827457e-01
1.8948202191094263e+00 9.0006512248966286e-01
1.8964365900756437e+00 8.9998044277873035e-01
1.8980529610418611e+00 8.9989576451667896e-01
1.8996693320080784e+00 8.9981108770471052e-01
1.9012857029742960e+00 8.9972641234402673e-01
1.9029020739405134e+00 8.9964173843582929e-01
1.9045184449067307e+00 8.9955706598131968e-01
1.9061348158729481e+00 8.9947239498169951e-01
1.9077511868391654e+00 8.9938772543817003e-01
1.9093675578053828e+00 8.9930305735193283e-01
1.9109839287716002e+00 8.9921839072418885e-01
1.9126002997378175e+00 8.9913372555613957e-01
1.9142166707040349e+00 8.9904906184898570e-01
1.9158330416702523e+00 8.9896439960392849e-01
1.9174494126364696e+00 8.9887973882216865e-01
1.9190657836026870e+00 8.9879507950490722e-01
1.9206821545689046e+00 8.9871042165334480e-01
1.9222985255351219e+00 8.9862576526868199e-01
1.9239148965013393e+00 8.9854111035211948e-01
1.9255312674675567e+00 8.9845645690485765e-01
1.9271476384337740e+00 8.9837180492809687e-01
1.9287640093999914e+00 8.9828715442303764e-01
1.9303803803662087e+00 8.9820250539087998e-01
1.9319967513324261e+00 8.9811785783282416e-01
1.9336131222986435e+00 8.9803321175007012e-01
1.9352294932648608e+00 8.9794856714381799e-01
1.9368458642310782e+00 8.9786392401526749e-01
1.9384622351972955e+00 8.9777928236561844e-01
1.9400786061635129e+00 8.9769464219607076e-01
1.9416949771297305e+00 8.9761000350782383e-01
1.9433113480959479e+00 8.9752536630207724e-01
1.9449277190621652e+00 8.9744073058003060e-01
1.9465440900283826e+00 8.9735609634288316e-01
1.9481604609945999e+00 8.9727146359183418e-01
1.9497768319608173e+00 8.9718683232808305e-01
1.9513932029270347e+00 8.9710220255282858e-01
1.9530095738932520e+00 8.9701757426727013e-01
1.9546259448594694e+00 8.9693294747260643e-01
1.9562423158256868e+00 8.9684832217003629e-01
1.9578586867919041e+00 8.9676369836075875e-01
1.9594750577581215e+00 8.9667907604597230e-01
1.9610914287243388e+00 8.9659445522687553e-01
1.9627077996905564e+00 8.9650983590466704e-01
1.9643241706567738e+00 8.9642521808054532e-01
1.9659405416229911e+00 8.9634060175570851e-01
1.9675569125892085e+00 8.9625598693135500e-01
1.9691732835554259e+00 8.9617137360868293e-01
1.9707896545216432e+00 8.9608676178889046e-01
1.9724060254878606e+00 8.9600215147317541e-01
1.9740223964540780e+00 8.9591754266273593e-01
1.9756387674202953e+00 8.9583293535876962e-01
1.9772551383865127e+00 8.9574832956247430e-01
1.9788715093527300e+00 8.9566372527504767e-01
1.9804878803189474e+00 8.9557912249768723e-01
1.9821042512851648e+00 8.9549452123159057e-01
1.9837206222513823e+00 8.9540992147795484e-01
1.9853369932175997e+00 8.9532532323797764e-01
1.9869533641838171e+00 8.9524072651285591e-01
1.9885697351500344e+00 8.9515613130378702e-01
1.9901861061162518e+00 8.9507153761196778e-01
1.9918024770824692e+00 8.9498694543859536e-01
1.9934188480486865e+00 8.9490235478486646e-01
1.9950352190149039e+00 8.9481776565197801e-01
1.9966515899811212e+00 8.9473317804112662e-01
1.9982679609473386e+00 8.9464859195350876e-01
1.9998843319135560e+00 8.9456400739032116e-01
2.0015007028797731e+00 8.9447942435276018e-01
2.0031170738459911e+00 8.9439484284202209e-01
2.0047334448122083e+00 8.9431026285930326e-01
2.0063498157784254e+00 8.9422568440579986e-01
2.0079661867446430e+00 8.9414110748270781e-01
2.0095825577108606e+00 8.9405653209122316e-01
2.0111989286770777e+00 8.9397195823254183e-01
2.0128152996432949e+00 8.9388738590785966e-01
2.0144316706095124e+00 8.9380281511837234e-01
2.0160480415757300e+00 8.9371824586527560e-01
2.0176644125419472e+00 8.9363367814976491e-01
2.0192807835081643e+00 8.9354911197303566e-01
2.0208971544743819e+00 8.9346454733628322e-01
2.0225135254405995e+00 8.9337998424070308e-01
2.0241298964068166e+00 8.9329542268749018e-01
2.0257462673730342e+00 8.9321086267783978e-01
2.0273626383392518e+00 8.9312630421294681e-01
2.0289790093054689e+00 8.9304174729400632e-01
2.0305953802716861e+00 8.9295719192221301e-01
2.0322117512379037e+00 8.9287263809876161e-01
2.0338281222041212e+00 8.9278808582484692e-01
2.0354444931703384e+00 8.9270353510166345e-01
2.0370608641365555e+00 8.9261898593040567e-01
2.0386772351027731e+00 8.9253443831226797e-01
2.0402936060689907e+00 8.9244989224844462e-01
2.0419099770352078e+00 8.9236534774012988e-01
2.0435263480014250e+00 8.9228080478851790e-01
2.0451427189676430e+00 8.9219626339480262e-01
2.0467590899338601e+00 8.9211172356017809e-01
2.0483754609000773e+00 8.9202718528583813e-01
2.0499918318662949e+00 8.9194264857297645e-01
2.0516082028325124e+00 8.9185811342278676e-01
2.0532245737987296e+00 8.9177357983646277e-01
2.0548409447649467e+00 8.9168904781519776e-01
2.0564573157311643e+00 8.9160451736018520e-01
2.0580736866973819e+00 8.9151998847261849e-01
2.0596900576635990e+00 8.9143546115369077e-01
2.0613064286298162e+00 8.9135093540459520e-01
2.0629227995960338e+00 8.9126641122652484e-01
2.0645391705622513e+00 8.9118188862067260e-01
2.0661555415284685e+00 8.9109736758823155e-01
2.0677719124946861e+00 8.9101284813039416e-01
2.0693882834609036e+00 8.9092833024835327e-01
2.0710046544271208e+00 8.9084381394330148e-01
2.0726210253933379e+00 8.9075929921643127e-01
2.0742373963595555e+00 8.9067478606893491e-01
2.0758537673257731e+00 8.9059027450200501e-01
2.0774701382919902e+00 8.9050576451683361e-01
2.0790865092582074e+00 8.9042125611461287e-01
2.0807028802244250e+00 8.9033674929653484e-01
2.0823192511906425e+00 8.9025224406379155e-01
2.0839356221568597e+00 8.9016774041757474e-01
2.0855519931230768e+00 8.9008323835907621e-01
2.0871683640892948e+00 8.8999873788948780e-01
2.0887847350555120e+00 8.8991423901000088e-01
2.0904011060217291e+00 8.8982974172180707e-01
2.0920174769879467e+00 8.8974524602609784e-01
2.0936338479541643e+00 8.8966075192406435e-01
2.0952502189203814e+00 8.8957625941689789e-01
2.0968665898865986e+00 8.8949176850578970e-01
2.0984829608528162e+00 8.8940727919193074e-01
2.1000993318190337e+00 8.8932279147651183e-01
2.1017157027852509e+00 8.8923830536072401e-01
2.1033320737514680e+00 8.8915382084575811e-01
2.1049484447176856e+00 8.8906933793280452e-01
2.1065648156839032e+00 8.8898485662305404e-01
2.1081811866501203e+00 8.8890037691769708e-01
2.1097975576163379e+00 8.8881589881792411e-01
2.1114139285825555e+00 8.8873142232492541e-01
2.1130302995487726e+00 8.8864694743989114e-01
2.1146466705149898e+00 8.8856247416401146e-01
2.1162630414812074e+00 8.8847800249847642e-01
2.1178794124474249e+00 8.8839353244447594e-01
2.1194957834136421e+00 8.8830906400319987e-01
2.1211121543798592e+00 8.8822459717583802e-01
2.1227285253460768e+00 8.8814013196357977e-01
2.1243448963122944e+00 8.8805566836761507e-01
2.1259612672785115e+00 8.8797120638913318e-01
2.1275776382447291e+00 8.8788674602932349e-01
2.1291940092109467e+00 8.8780228728937538e-01
2.1308103801771638e+00 8.8771783017047790e-01
2.1324267511433810e+00 8.8763337467382031e-01
2.1340431221095986e+00 8.8754892080059156e-01
2.1356594930758162e+00 8.8746446855198047e-01
2.1372758640420333e+00 8.8738001792917598e-01
2.1388922350082504e+00 8.8729556893336681e-01
2.1405086059744680e+00 8.8721112156574156e-01
2.1421249769406856e+00 8.8712667582748872e-01
2.1437413479069027e+00 8.8704223171979679e-01
2.1453577188731199e+00 8.8695778924385427e-01
2.1469740898393375e+00 8.8687334840084908e-01
2.1485904608055550e+00 8.8678890919196973e-01
2.1502068317717722e+00 8.8670447161840404e-01
2.1518232027379898e+00 8.8662003568134018e-01
2.1534395737042074e+00 8.8653560138196597e-01
2.1550559446704245e+00 8.8645116872146912e-01
2.1566723156366416e+00 8.8636673770103747e-01
2.1582886866028592e+00 8.8628230832185850e-01
2.1599050575690768e+00 8.8619788058511972e-01
2.1615214285352939e+00 8.8611345449200862e-01
2.1631377995015111e+00 8.8602903004371258e-01
2.1647541704677287e+00 8.8594460724141866e-01
2.1663705414339463e+00 8.8586018608631401e-01
2.1679869124001634e+00 8.8577576657958579e-01
2.1696032833663810e+00 8.8569134872242095e-01
2.1712196543325986e+00 8.8560693251600608e-01
2.1728360252988157e+00 8.8552251796152825e-01
2.1744523962650328e+00 8.8543810506017406e-01
2.1760687672312504e+00 8.8535369381312989e-01
2.1776851381974680e+00 8.8526928422158224e-01
2.1793015091636851e+00 8.8518487628671771e-01
2.1809178801299023e+00 8.8510047000972236e-01
2.1825342510961199e+00 8.8501606539178246e-01
2.1841506220623375e+00 8.8493166243408405e-01
2.1857669930285546e+00 8.8484726113781320e-01
2.1873833639947717e+00 8.8476286150415584e-01
2.1889997349609893e+00 8.8467846353429747e-01
2.1906161059272069e+00 8.8459406722942424e-01
2.1922324768934240e+00 8.8450967259072144e-01
2.1938488478596416e+00 8.8442527961937467e-01
2.1954652188258592e+00 8.8434088831656943e-01
2.1970815897920764e+00 8.8425649868349088e-01
2.1986979607582935e+00 8.8417211072132451e-01
2.2003143317245111e+00 8.8408772443125516e-01
2.2019307026907287e+00 8.8400333981446799e-01
2.2035470736569458e+00 8.8391895687214805e-01
2.2051634446231629e+00 8.8383457560548007e-01
2.2067798155893805e+00 8.8375019601564875e-01
2.2083961865555981e+00 8.8366581810383882e-01
2.2100125575218152e+00 8.8358144187123488e-01
2.2116289284880328e+00 8.8349706731902133e-01
2.2132452994542504e+00 8.8341269444838255e-01
2.2148616704204676e+00 8.8332832326050270e-01
2.2164780413866847e+00 8.8324395375656617e-01
2.2180944123529023e+00 8.8315958593775679e-01
2.2197107833191199e+00 8.8307521980525872e-01
2.2213271542853370e+00 8.8299085536025579e-01
2.2229435252515541e+00 8.8290649260393173e-01
2.2245598962177717e+00 8.8282213153747024e-01
2.2261762671839893e+00 8.8273777216205507e-01
2.2277926381502065e+00 8.8265341447886947e-01
2.2294090091164236e+00 8.8256905848909706e-01
2.2310253800826416e+00 8.8248470419392089e-01
2.2326417510488588e+00 8.8240035159452446e-01
2.2342581220150759e+00 8.8231600069209060e-01
2.2358744929812935e+00 8.8223165148780247e-01
2.2374908639475111e+00 8.8214730398284291e-01
2.2391072349137282e+00 8.8206295817839486e-01
2.2407236058799453e+00 8.8197861407564093e-01
2.2423399768461629e+00 8.8189427167576362e-01
2.2439563478123805e+00 8.8180993097994576e-01
2.2455727187785977e+00 8.8172559198936951e-01
2.2471890897448148e+00 8.8164125470521737e-01
2.2488054607110324e+00 8.8155691912867140e-01
2.2504218316772500e+00 8.8147258526091377e-01
2.2520382026434671e+00 8.8138825310312663e-01
2.2536545736096847e+00 8.8130392265649182e-01
2.2552709445759023e+00 8.8121959392219118e-01
2.2568873155421194e+00 8.8113526690140642e-01
2.2585036865083365e+00 8.8105094159531927e-01
2.2601200574745541e+00 8.8096661800511122e-01
2.2617364284407717e+00 8.8088229613196378e-01
2.2633527994069889e+00 8.8079797597705811e-01
2.2649691703732060e+00 8.8071365754157560e-01
2.2665855413394236e+00 8.8062934082669742e-01
2.2682019123056412e+00 8.8054502583360450e-01
2.2698182832718583e+00 8.8046071256347791e-01
2.2714346542380754e+00 8.8037640101749848e-01
2.2730510252042935e+00 8.8029209119684693e-01
2.2746673961705106e+00 8.8020778310270387e-01
2.2762837671367278e+00 8.8012347673625002e-01
2.2779001381029453e+00 8.8003917209866556e-01
2.2795165090691629e+00 8.7995486919113108e-01
2.2811328800353801e+00 8.7987056801482688e-01
2.2827492510015972e+00 8.7978626857093289e-01
2.2843656219678148e+00 8.7970197086062929e-01
2.2859819929340324e+00 8.7961767488509601e-01
2.2875983639002495e+00 8.7953338064551301e-01
2.2892147348664666e+00 8.7944908814306000e-01
2.2908311058326842e+00 8.7936479737891660e-01
2.2924474767989018e+00 8.7928050835426230e-01
2.2940638477651190e+00 8.7919622107027684e-01
2.2956802187313365e+00 8.7911193552813927e-01
2.2972965896975541e+00 8.7902765172902897e-01
2.2989129606637713e+00 8.7894336967412523e-01
2.3005293316299884e+00 8.7885908936460699e-01
2.3021457025962060e+00 8.7877481080165321e-01
2.3037620735624236e+00 8.7869053398644270e-01
2.3053784445286407e+00 8.7860625892015443e-01
2.3069948154948579e+00 8.7852198560396688e-01
2.3086111864610754e+00 8.7843771403905868e-01
2.3102275574272930e+00 8.7835344422660822e-01
2.3118439283935102e+00 8.7826917616779410e-01
2.3134602993597273e+00 8.7818490986379427e-01
2.3150766703259453e+00 8.7810064531578702e-01
2.3166930412921625e+00 8.7801638252495051e-01
2.3183094122583796e+00 8.7793212149246258e-01
2.3199257832245972e+00 8.7784786221950106e-01
2.3215421541908148e+00 8.7776360470724391e-01
2.3231585251570319e+00 8.7767934895686861e-01
2.3247748961232491e+00 8.7759509496955268e-01
2.3263912670894666e+00 8.7751084274647373e-01
2.3280076380556842e+00 8.7742659228880915e-01
2.3296240090219014e+00 8.7734234359773600e-01
2.3312403799881185e+00 8.7725809667443155e-01
2.3328567509543361e+00 8.7717385152007288e-01
2.3344731219205537e+00 8.7708960813583681e-01
2.3360894928867708e+00 8.7700536652290040e-01
2.3377058638529884e+00 8.7692112668244016e-01
2.3393222348192060e+00 8.7683688861563291e-01
2.3409386057854231e+00 8.7675265232365529e-01
2.3425549767516403e+00 8.7666841780768345e-01
2.3441713477178578e+00 8.7658418506889391e-01
2.3457877186840754e+00 8.7649995410846293e-01
2.3474040896502926e+00 8.7641572492756659e-01
2.3490204606165097e+00 8.7633149752738104e-01
2.3506368315827273e+00 8.7624727190908203e-01
2.3522532025489449e+00 8.7616304807384549e-01
2.3538695735151620e+00 8.7607882602284726e-01
2.3554859444813796e+00 8.7599460575726273e-01
2.3571023154475972e+00 8.7591038727826775e-01
2.3587186864138143e+00 8.7582617058703749e-01
2.3603350573800315e+00 8.7574195568474733e-01
2.3619514283462490e+00 8.7565774257257245e-01
2.3635677993124666e+00 8.7557353125168813e-01
2.3651841702786838e+00 8.7548932172326932e-01
2.3668005412449009e+00 8.7540511398849086e-01
2.3684169122111185e+00 8.7532090804852758e-01
2.3700332831773361e+00 8.7523670390455433e-01
2.3716496541435532e+00 8.7515250155774549e-01
2.3732660251097704e+00 8.7506830100927580e-01
2.3748823960759879e+00 8.7498410226031942e-01
2.3764987670422055e+00 8.7489990531205086e-01
2.3781151380084227e+00 8.7481571016564419e-01
2.3797315089746403e+00 8.7473151682227357e-01
2.3813478799408578e+00 8.7464732528311306e-01
2.3829642509070750e+00 8.7456313554933640e-01
2.3845806218732921e+00 8.7447894762211731e-01
2.3861969928395097e+00 8.7439476150262974e-01
2.3878133638057273e+00 8.7431057719204697e-01
2.3894297347719444e+00 8.7422639469154273e-01
2.3910461057381616e+00 8.7414221400229031e-01
2.3926624767043791e+00 8.7405803512546287e-01
2.3942788476705967e+00 8.7397385806223371e-01
2.3958952186368139e+00 8.7388968281377588e-01
2.3975115896030315e+00 8.7380550938126211e-01
2.3991279605692490e+00 8.7372133776586558e-01
2.4007443315354662e+00 8.7363716796875879e-01
2.4023607025016833e+00 8.7355299999111458e-01
2.4039770734679005e+00 8.7346883383410534e-01
2.4055934444341185e+00 8.7338466949890359e-01
2.4072098154003356e+00 8.7330050698668160e-01
2.4088261863665528e+00 8.7321634629861167e-01
2.4104425573327708e+00 8.7313218743586585e-01
2.4120589282989879e+00 8.7304803039961631e-01
2.4136752992652051e+00 8.7296387519103469e-01
2.4152916702314222e+00 8.7287972181129314e-01
2.4169080411976402e+00 8.7279557026156307e-01
2.4185244121638574e+00 8.7271142054301620e-01
2.4201407831300745e+00 8.7262727265682416e-01
2.4217571540962917e+00 8.7254312660415811e-01
2.4233735250625097e+00 8.7245898238618946e-01
2.4249898960287268e+00 8.7237484000408938e-01
2.4266062669949440e+00 8.7229069945902893e-01
2.4282226379611620e+00 8.7220656075217917e-01
2.4298390089273791e+00 8.7212242388471084e-01
2.4314553798935963e+00 8.7203828885779489e-01
2.4330717508598134e+00 8.7195415567260171e-01
2.4346881218260314e+00 8.7187002433030203e-01
2.4363044927922486e+00 8.7178589483206625e-01
2.4379208637584657e+00 8.7170176717906489e-01
2.4395372347246829e+00 8.7161764137246789e-01
2.4411536056909009e+00 8.7153351741344554e-01
2.4427699766571180e+00 8.7144939530316790e-01
2.4443863476233352e+00 8.7136527504280481e-01
2.4460027185895523e+00 8.7128115663352612e-01
2.4476190895557703e+00 8.7119704007650145e-01
2.4492354605219875e+00 8.7111292537290064e-01
2.4508518314882046e+00 8.7102881252389297e-01
2.4524682024544227e+00 8.7094470153064785e-01
2.4540845734206398e+00 8.7086059239433466e-01
2.4557009443868569e+00 8.7077648511612260e-01
2.4573173153530741e+00 8.7069237969718072e-01
2.4589336863192921e+00 8.7060827613867786e-01
2.4605500572855092e+00 8.7052417444178309e-01
2.4621664282517264e+00 8.7044007460766504e-01
2.4637827992179435e+00 8.7035597663749220e-01
2.4653991701841615e+00 8.7027188053243343e-01
2.4670155411503787e+00 8.7018778629365712e-01
2.4686319121165958e+00 8.7010369392233144e-01
2.4702482830828139e+00 8.7001960341962459e-01
2.4718646540490310e+00 8.6993551478670494e-01
2.4734810250152481e+00 8.6985142802474025e-01
2.4750973959814653e+00 8.6976734313489856e-01
2.4767137669476833e+00 8.6968326011834751e-01
2.4783301379139004e+00 8.6959917897625505e-01
2.4799465088801176e+00 8.6951509970978857e-01
2.4815628798463347e+00 8.6943102232011571e-01
2.4831792508125528e+00 8.6934694680840363e-01
2.4847956217787699e+00 8.6926287317581963e-01
2.4864119927449870e+00 8.6917880142353110e-01
2.4880283637112042e+00 8.6909473155270478e-01
2.4896447346774222e+00 8.6901066356450785e-01
2.4912611056436393e+00 8.6892659746010692e-01
2.4928774766098565e+00 8.6884253324066896e-01
2.4944938475760745e+00 8.6875847090736036e-01
2.4961102185422916e+00 8.6867441046134786e-01
2.4977265895085088e+00 8.6859035190379774e-01
2.4993429604747259e+00 8.6850629523587619e-01
2.5009593314409440e+00 8.6842224045874961e-01
2.5025757024071611e+00 8.6833818757358405e-01
2.5041920733733782e+00 8.6825413658154527e-01
2.5058084443395954e+00 8.6817008748379942e-01
2.5074248153058134e+00 8.6808604028151193e-01
2.5090411862720305e+00 8.6800199497584873e-01
2.5106575572382477e+00 8.6791795156797524e-01
2.5122739282044657e+00 8.6783391005905697e-01
2.5138902991706829e+00 8.6774987045025920e-01
2.5155066701369000e+00 8.6766583274274711e-01
2.5171230411031171e+00 8.6758179693768578e-01
2.5187394120693352e+00 8.6749776303624038e-01
2.5203557830355523e+00 8.6741373103957564e-01
2.5219721540017694e+00 8.6732970094885642e-01
2.5235885249679866e+00 8.6724567276524733e-01
2.5252048959342046e+00 8.6716164648991290e-01
2.5268212669004217e+00 8.6707762212401773e-01
2.5284376378666389e+00 8.6699359966872613e-01
2.5300540088328560e+00 8.6690957912520228e-01
2.5316703797990741e+00 8.6682556049461024e-01
2.5332867507652912e+00 8.6674154377811419e-01
2.5349031217315083e+00 8.6665752897687798e-01
2.5365194926977264e+00 8.6657351609206534e-01
2.5381358636639435e+00 8.6648950512484013e-01
2.5397522346301606e+00 8.6640549607636586e-01
2.5413686055963778e+00 8.6632148894780592e-01
2.5429849765625958e+00 8.6623748374032361e-01
2.5446013475288130e+00 8.6615348045508245e-01
2.5462177184950301e+00 8.6606947909324550e-01
2.5478340894612472e+00 8.6598547965597561e-01
2.5494504604274653e+00 8.6590148214443585e-01
2.5510668313936824e+00 8.6581748655978907e-01
2.5526832023598995e+00 8.6573349290319790e-01
2.5542995733261176e+00 8.6564950117582495e-01
2.5559159442923347e+00 8.6556551137883275e-01
2.5575323152585518e+00 8.6548152351338381e-01
2.5591486862247690e+00 8.6539753758064009e-01
2.5607650571909870e+00 8.6531355358176398e-01
2.5623814281572042e+00 8.6522957151791746e-01
2.5639977991234213e+00 8.6514559139026237e-01
2.5656141700896384e+00 8.6506161319996067e-01
2.5672305410558565e+00 8.6497763694817409e-01
2.5688469120220736e+00 8.6489366263606415e-01
2.5704632829882907e+00 8.6480969026479237e-01
2.5720796539545079e+00 8.6472571983552027e-01
2.5736960249207259e+00 8.6464175134940879e-01
2.5753123958869431e+00 8.6455778480761947e-01
2.5769287668531602e+00 8.6447382021131314e-01
2.5785451378193782e+00 8.6438985756165077e-01
2.5801615087855954e+00 8.6430589685979331e-01
2.5817778797518125e+00 8.6422193810690140e-01
2.5833942507180296e+00 8.6413798130413566e-01
2.5850106216842477e+00 8.6405402645265650e-01
2.5866269926504648e+00 8.6397007355362443e-01
2.5882433636166819e+00 8.6388612260819975e-01
2.5898597345828991e+00 8.6380217361754252e-01
2.5914761055491171e+00 8.6371822658281283e-01
2.5930924765153343e+00 8.6363428150517063e-01
2.5947088474815514e+00 8.6355033838577577e-01
2.5963252184477694e+00 8.6346639722578800e-01
2.5979415894139866e+00 8.6338245802636682e-01
2.5995579603802037e+00 8.6329852078867186e-01
2.6011743313464208e+00 8.6321458551386243e-01
2.6027907023126389e+00 8.6313065220309781e-01
2.6044070732788560e+00 8.6304672085753720e-01
2.6060234442450732e+00 8.6296279147833965e-01
2.6076398152112903e+00 8.6287886406666403e-01
2.6092561861775083e+00 8.6279493862366918e-01
2.6108725571437255e+00 8.6271101515051396e-01
2.6124889281099426e+00 8.6262709364835677e-01
2.6141052990761606e+00 8.6254317411835624e-01
2.6157216700423778e+00 8.6245925656167066e-01
2.6173380410085949e+00 8.6237534097945845e-01
2.6189544119748120e+00 8.6229142737287756e-01
2.6205707829410301e+00 8.6220751574308618e-01
2.6221871539072472e+00 8.6212360609124217e-01
2.6238035248734644e+00 8.6203969841850336e-01
2.6254198958396815e+00 8.6195579272602751e-01
2.6270362668058995e+00 8.6187188901497214e-01
2.6286526377721167e+00 8.6178798728649475e-01
2.6302690087383338e+00 8.6170408754175276e-01
2.6318853797045509e+00 8.6162018978190336e-01
2.6335017506707690e+00 8.6153629400810361e-01
2.6351181216369861e+00 8.6145240022151071e-01
2.6367344926032033e+00 8.6136850842328150e-01
2.6383508635694213e+00 8.6128461861457284e-01
2.6399672345356384e+00 8.6120073079654136e-01
2.6415836055018556e+00 8.6111684497034358e-01
2.6431999764680727e+00 8.6103296113713612e-01
2.6448163474342907e+00 8.6094907929807518e-01
2.6464327184005079e+00 8.6086519945431705e-01
2.6480490893667250e+00 8.6078132160701792e-01
2.6496654603329421e+00 8.6069744575733365e-01
2.6512818312991602e+00 8.6061357190642029e-01
2.6528982022653773e+00 8.6052970005543350e-01
2.6545145732315945e+00 8.6044583020552901e-01
2.6561309441978125e+00 8.6036196235786244e-01
2.6577473151640296e+00 8.6027809651358911e-01
2.6593636861302468e+00 8.6019423267386441e-01
2.6609800570964639e+00 8.6011037083984365e-01
2.6625964280626819e+00 8.6002651101268168e-01
2.6642127990288991e+00 8.5994265319353369e-01
2.6658291699951162e+00 8.5985879738355453e-01
2.6674455409613334e+00 8.5977494358389894e-01
2.6690619119275514e+00 8.5969109179572145e-01
2.6706782828937685e+00 8.5960724202017680e-01
2.6722946538599857e+00 8.5952339425841917e-01
2.6739110248262028e+00 8.5943954851160309e-01
2.6755273957924208e+00 8.5935570478088252e-01
2.6771437667586380e+00 8.5927186306741177e-01
2.6787601377248551e+00 8.5918802337234457e-01
2.6803765086910731e+00 8.5910418569683489e-01
2.6819928796572903e+00 8.5902035004203658e-01
2.6836092506235074e+00 8.5893651640910296e-01
2.6852256215897246e+00 8.5885268479918775e-01
2.6868419925559426e+00 8.5876885521344426e-01
2.6884583635221597e+00 8.5868502765302568e-01
2.6900747344883769e+00 8.5860120211908530e-01
2.6916911054545940e+00 8.5851737861277622e-01
2.6933074764208120e+00 8.5843355713525105e-01
2.6949238473870292e+00 8.5834973768766287e-01
2.6965402183532463e+00 8.5826592027116433e-01
2.6981565893194643e+00 8.5818210488690794e-01
2.6997729602856815e+00 8.5809829153604622e-01
2.7013893312518986e+00 8.5801448021973148e-01
2.7030057022181158e+00 8.5793067093911590e-01
2.7046220731843338e+00 8.5784686369535179e-01
2.7062384441505509e+00 8.5776305848959089e-01
2.7078548151167681e+00 8.5767925532298528e-01
2.7094711860829852e+00 8.5759545419668670e-01
2.7110875570492032e+00 8.5751165511184668e-01
2.7127039280154204e+00 8.5742785806961697e-01
2.7143202989816375e+00 8.5734406307114885e-01
2.7159366699478547e+00 8.5726027011759354e-01
2.7175530409140727e+00 8.5717647921010232e-01
2.7191694118802898e+00 8.5709269034982638e-01
2.7207857828465070e+00 8.5700890353791648e-01
2.7224021538127250e+00 8.5692511877552358e-01
2.7240185247789421e+00 8.5684133606379842e-01
2.7256348957451593e+00 8.5675755540389154e-01
2.7272512667113764e+00 8.5667377679695345e-01
2.7288676376775944e+00 8.5659000024413456e-01
2.7304840086438116e+00 8.5650622574658508e-01
2.7321003796100287e+00 8.5642245330545519e-01
2.7337167505762459e+00 8.5633868292189486e-01
2.7353331215424639e+00 8.5625491459705405e-01
2.7369494925086810e+00 8.5617114833208252e-01
2.7385658634748982e+00 8.5608738412813001e-01
2.7401822344411162e+00 8.5600362198634594e-01
2.7417986054073333e+00 8.5591986190787994e-01
2.7434149763735505e+00 8.5583610389388121e-01
2.7450313473397676e+00 8.5575234794549893e-01
2.7466477183059856e+00 8.5566859406388229e-01
2.7482640892722028e+00 8.5558484225018028e-01
2.7498804602384199e+00 8.5550109250554163e-01
2.7514968312046371e+00 8.5541734483111520e-01
2.7531132021708551e+00 8.5533359922804952e-01
2.7547295731370722e+00 8.5524985569749301e-01
2.7563459441032894e+00 8.5516611424059441e-01
2.7579623150695065e+00 8.5508237485850158e-01
2.7595786860357245e+00 8.5499863755236283e-01
2.7611950570019417e+00 8.5491490232332634e-01
2.7628114279681588e+00 8.5483116917253976e-01
2.7644277989343768e+00 8.5474743810115106e-01
2.7660441699005940e+00 8.5466370911030787e-01
2.7676605408668111e+00 8.5457998220115783e-01
2.7692769118330283e+00 8.5449625737484824e-01
2.7708932827992463e+00 8.5441253463252653e-01
2.7725096537654634e+00 8.5432881397533988e-01
2.7741260247316806e+00 8.5424509540443538e-01
2.7757423956978977e+00 8.5416137892096011e-01
2.7773587666641157e+00 8.5407766452606060e-01
2.7789751376303329e+00 8.5399395222088392e-01
2.7805915085965500e+00 8.5391024200657650e-01
2.7822078795627680e+00 8.5382653388428498e-01
2.7838242505289852e+00 8.5374282785515565e-01
2.7854406214952023e+00 8.5365912392033483e-01
2.7870569924614195e+00 8.5357542208096859e-01
2.7886733634276375e+00 8.5349172233820281e-01
2.7902897343938546e+00 8.5340802469318366e-01
2.7919061053600718e+00 8.5332432914705703e-01
2.7935224763262889e+00 8.5324063570096820e-01
2.7951388472925069e+00 8.5315694435606293e-01
2.7967552182587241e+00 8.5307325511348664e-01
2.7983715892249412e+00 8.5298956797438463e-01
2.7999879601911593e+00 8.5290588293990199e-01
2.8016043311573764e+00 8.5282220001118403e-01
2.8032207021235935e+00 8.5273851918937549e-01
2.8048370730898107e+00 8.5265484047562123e-01
2.8064534440560287e+00 8.5257116387106602e-01
2.8080698150222458e+00 8.5248748937685448e-01
2.8096861859884630e+00 8.5240381699413104e-01
2.8113025569546801e+00 8.5232014672404011e-01
2.8129189279208981e+00 8.5223647856772577e-01
2.8145352988871153e+00 8.5215281252633235e-01
2.8161516698533324e+00 8.5206914860100369e-01
2.8177680408195496e+00 8.5198548679288377e-01
2.8193844117857676e+00 8.5190182710311613e-01
2.8210007827519847e+00 8.5181816953284473e-01
2.8226171537182019e+00 8.5173451408321288e-01
2.8242335246844199e+00 8.5165086075536400e-01
2.8258498956506370e+00 8.5156720955044141e-01
2.8274662666168542e+00 8.5148356046958829e-01
2.8290826375830713e+00 8.5139991351394761e-01
2.8306990085492894e+00 8.5131626868466215e-01
2.8323153795155065e+00 8.5123262598287508e-01
2.8339317504817236e+00 8.5114898540972872e-01
2.8355481214479408e+00 8.5106534696636582e-01
2.8371644924141588e+00 8.5098171065392880e-01
2.8387808633803759e+00 8.5089807647355986e-01
2.8403972343465931e+00 8.5081444442640120e-01
2.8420136053128111e+00 8.5073081451359511e-01
2.8436299762790282e+00 8.5064718673628337e-01
2.8452463472452454e+00 8.5056356109560771e-01
2.8468627182114625e+00 8.5047993759271012e-01
2.8484790891776806e+00 8.5039631622873191e-01
2.8500954601438977e+00 8.5031269700481471e-01
2.8517118311101148e+00 8.5022907992209984e-01
2.8533282020763320e+00 8.5014546498172838e-01
2.8549445730425500e+00 8.5006185218484165e-01
2.8565609440087671e+00 8.4997824153258061e-01
2.8581773149749843e+00 8.4989463302608603e-01
2.8597936859412014e+00 8.4981102666649866e-01
2.8614100569074195e+00 8.4972742245495914e-01
2.8630264278736366e+00 8.4964382039260800e-01
2.8646427988398537e+00 8.4956022048058555e-01
2.8662591698060718e+00 8.4947662272003210e-01
2.8678755407722889e+00 8.4939302711208775e-01
2.8694919117385060e+00 8.4930943365789258e-01
2.8711082827047232e+00 8.4922584235858634e-01
2.8727246536709412e+00 8.4914225321530890e-01
2.8743410246371583e+00 8.4905866622919990e-01
2.8759573956033755e+00 8.4897508140139888e-01
2.8775737665695926e+00 8.4889149873304515e-01
2.8791901375358107e+00 8.4880791822527812e-01
2.8808065085020278e+00 8.4872433987923679e-01
2.8824228794682449e+00 8.4864076369606045e-01
2.8840392504344630e+00 8.4855718967688776e-01
2.8856556214006801e+00 8.4847361782285757e-01
2.8872719923668972e+00 8.4839004813510854e-01
2.8888883633331144e+00 8.4830648061477942e-01
2.8905047342993324e+00 8.4822291526300830e-01
2.8921211052655496e+00 8.4813935208093372e-01
2.8937374762317667e+00 8.4805579106969387e-01
2.8953538471979838e+00 8.4797223223042661e-01
2.8969702181642019e+00 8.4788867556427006e-01
2.8985865891304190e+00 8.4780512107236194e-01
2.9002029600966361e+00 8.4772156875583993e-01
2.9018193310628533e+00 8.4763801861584176e-01
2.9034357020290713e+00 8.4755447065350453e-01
2.9050520729952884e+00 8.4747092486996589e-01
2.9066684439615056e+00 8.4738738126636293e-01
2.9082848149277236e+00 8.4730383984383262e-01
2.9099011858939408e+00 8.4722030060351206e-01
2.9115175568601579e+00 8.4713676354653800e-01
2.9131339278263750e+00 8.4705322867404709e-01
2.9147502987925931e+00 8.4696969598717597e-01
2.9163666697588102e+00 8.4688616548706119e-01
2.9179830407250273e+00 8.4680263717483895e-01
2.9195994116912445e+00 8.4671911105164543e-01
2.9212157826574625e+00 8.4663558711861686e-01
2.9228321536236797e+00 8.4655206537688910e-01
2.9244485245898968e+00 8.4646854582759801e-01
2.9260648955561148e+00 8.4638502847187924e-01
2.9276812665223320e+00 8.4630151331086867e-01
2.9292976374885491e+00 8.4621800034570138e-01
2.9309140084547662e+00 8.4613448957751292e-01
2.9325303794209843e+00 8.4605098100743836e-01
2.9341467503872014e+00 8.4596747463661304e-01
2.9357631213534185e+00 8.4588397046617159e-01
2.9373794923196357e+00 8.4580046849724932e-01
2.9389958632858537e+00 8.4571696873098046e-01
2.9406122342520709e+00 8.4563347116849996e-01
2.9422286052182880e+00 8.4554997581094216e-01
2.9438449761845051e+00 8.4546648265944135e-01
2.9454613471507232e+00 8.4538299171513187e-01
2.9470777181169403e+00 8.4529950297914780e-01
2.9486940890831574e+00 8.4521601645262301e-01
2.9503104600493755e+00 8.4513253213669148e-01
2.9519268310155926e+00 8.4504905003248698e-01
2.9535432019818098e+00 8.4496557014114282e-01
2.9551595729480269e+00 8.4488209246379276e-01
2.9567759439142449e+00 8.4479861700157000e-01
2.9583923148804621e+00 8.4471514375560797e-01
2.9600086858466792e+00 8.4463167272703954e-01
2.9616250568128963e+00 8.4454820391699770e-01
2.9632414277791144e+00 8.4446473732661542e-01
2.9648577987453315e+00 8.4438127295702536e-01
2.9664741697115486e+00 8.4429781080936017e-01
2.9680905406777667e+00 8.4421435088475227e-01
2.9697069116439838e+00 8.4413089318433410e-01
2.9713232826102010e+00 8.4404743770923774e-01
2.9729396535764181e+00 8.4396398446059540e-01
2.9745560245426361e+00 8.4388053343953895e-01
2.9761723955088533e+00 8.4379708464720038e-01
2.9777887664750704e+00 8.4371363808471134e-01
2.9794051374412875e+00 8.4363019375320336e-01
2.9810215084075056e+00 8.4354675165380799e-01
2.9826378793737227e+00 8.4346331178765666e-01
2.9842542503399399e+00 8.4337987415588045e-01
2.9858706213061570e+00 8.4329643875961047e-01
2.9874869922723750e+00 8.4321300559997758e-01
2.9891033632385922e+00 8.4312957467811289e-01
2.9907197342048093e+00 8.4304614599514682e-01
2.9923361051710273e+00 8.4296271955221025e-01
2.9939524761372445e+00 8.4287929535043349e-01
2.9955688471034616e+00 8.4279587339094686e-01
2.9971852180696787e+00 8.4271245367488057e-01
2.9988015890358968e+00 8.4262903620336471e-01
3.0004179600021139e+00 8.4254562097752927e-01
3.0020343309683311e+00 8.4246220799850413e-01
3.0036507019345482e+00 8.4237879726741882e-01
3.0052670729007662e+00 8.4229538878540311e-01
3.0068834438669834e+00 8.4221198255358631e-01
3.0084998148332005e+00 8.4212857857309786e-01
3.0101161857994185e+00 8.4204517684506675e-01
3.0117325567656357e+00 8.4196177737062228e-01
3.0133489277318528e+00 8.4187838015089334e-01
3.0149652986980700e+00 8.4179498518700857e-01
3.0165816696642880e+00 8.4171159248009686e-01
3.0181980406305051e+00 8.4162820203128674e-01
3.0198144115967223e+00 8.4154481384170665e-01
3.0214307825629394e+00 8.4146142791248479e-01
3.0230471535291574e+00 8.4137804424474938e-01
3.0246635244953746e+00 8.4129466283962850e-01
3.0262798954615917e+00 8.4121128369825016e-01
3.0278962664278097e+00 8.4112790682174188e-01
3.0295126373940269e+00 8.4104453221123165e-01
3.0311290083602440e+00 8.4096115986784692e-01
3.0327453793264612e+00 8.4087778979271499e-01
3.0343617502926792e+00 8.4079442198696319e-01
3.0359781212588963e+00 8.4071105645171873e-01
3.0375944922251135e+00 8.4062769318810859e-01
3.0392108631913306e+00 8.4054433219725977e-01
3.0408272341575486e+00 8.4046097348029891e-01
3.0424436051237658e+00 8.4037761703835279e-01
3.0440599760899829e+00 8.4029426287254771e-01
3.0456763470562001e+00 8.4021091098401035e-01
3.0472927180224181e+00 8.4012756137386679e-01
3.0489090889886352e+00 8.4004421404324314e-01
3.0505254599548524e+00 8.3996086899326561e-01
3.0521418309210704e+00 8.3987752622505973e-01
3.0537582018872875e+00 8.3979418573975162e-01
3.0553745728535047e+00 8.3971084753846670e-01
3.0569909438197218e+00 8.3962751162233051e-01
3.0586073147859398e+00 8.3954417799246839e-01
3.0602236857521570e+00 8.3946084665000553e-01
3.0618400567183741e+00 8.3937751759606716e-01
3.0634564276845913e+00 8.3929419083177825e-01
3.0650727986508093e+00 8.3921086635826347e-01
3.0666891696170264e+00 8.3912754417664770e-01
3.0683055405832436e+00 8.3904422428805558e-01
3.0699219115494616e+00 8.3896090669361123e-01
3.0715382825156787e+00 8.3887759139443951e-01
3.0731546534818959e+00 8.3879427839166421e-01
3.0747710244481130e+00 8.3871096768640951e-01
3.0763873954143310e+00 8.3862765927979943e-01
3.0780037663805482e+00 8.3854435317295772e-01
3.0796201373467653e+00 8.3846104936700816e-01
3.0812365083129825e+00 8.3837774786307429e-01
3.0828528792792005e+00 8.3829444866227931e-01
3.0844692502454176e+00 8.3821115176574668e-01
3.0860856212116348e+00 8.3812785717459981e-01
3.0877019921778519e+00 8.3804456488996126e-01
3.0893183631440699e+00 8.3796127491295425e-01
3.0909347341102871e+00 8.3787798724470153e-01
3.0925511050765042e+00 8.3779470188632577e-01
3.0941674760427222e+00 8.3771141883894928e-01
3.0957838470089394e+00 8.3762813810369474e-01
3.0974002179751565e+00 8.3754485968168424e-01
3.0990165889413737e+00 8.3746158357403999e-01
3.1006329599075917e+00 8.3737830978188388e-01
3.1022493308738088e+00 8.3729503830633778e-01
3.1038657018400260e+00 8.3721176914852369e-01
3.1054820728062431e+00 8.3712850230956293e-01
3.1070984437724611e+00 8.3704523779057693e-01
3.1087148147386783e+00 8.3696197559268737e-01
3.1103311857048954e+00 8.3687871571701511e-01
3.1119475566711134e+00 8.3679545816468148e-01
3.1135639276373306e+00 8.3671220293680737e-01
3.1151802986035477e+00 8.3662895003451365e-01
3.1167966695697649e+00 8.3654569945892088e-01
3.1184130405359829e+00 8.3646245121114970e-01
3.1200294115022000e+00 8.3637920529232057e-01
3.1216457824684172e+00 8.3629596170355380e-01
3.1232621534346343e+00 8.3621272044596950e-01
3.1248785244008523e+00 8.3612948152068778e-01
3.1264948953670695e+00 8.3604624492882851e-01
3.1281112663332866e+00 8.3596301067151146e-01
3.1297276372995038e+00 8.3587977874985631e-01
3.1313440082657218e+00 8.3579654916498258e-01
3.1329603792319389e+00 8.3571332191800962e-01
3.1345767501981561e+00 8.3563009701005664e-01
3.1361931211643741e+00 8.3554687444224285e-01
3.1378094921305912e+00 8.3546365421568725e-01
3.1394258630968084e+00 8.3538043633150871e-01
3.1410422340630255e+00 8.3529722079082591e-01
3.1426586050292435e+00 8.3521400759475739e-01
3.1442749759954607e+00 8.3513079674442170e-01
3.1458913469616778e+00 8.3504758824093717e-01
3.1475077179278950e+00 8.3496438208542190e-01
3.1491240888941130e+00 8.3488117827899400e-01
3.1507404598603301e+00 8.3479797682277157e-01
3.1523568308265473e+00 8.3471477771787228e-01
3.1539732017927653e+00 8.3463158096541379e-01
3.1555895727589824e+00 8.3454838656651376e-01
3.1572059437251996e+00 8.3446519452228940e-01
3.1588223146914167e+00 8.3438200483385816e-01
3.1604386856576347e+00 8.3429881750233714e-01
3.1620550566238519e+00 8.3421563252884334e-01
3.1636714275900690e+00 8.3413244991449365e-01
3.1652877985562862e+00 8.3404926966040471e-01
3.1669041695225042e+00 8.3396609176769332e-01
3.1685205404887213e+00 8.3388291623747590e-01
3.1701369114549385e+00 8.3379974307086868e-01
3.1717532824211556e+00 8.3371657226898810e-01
3.1733696533873736e+00 8.3363340383295004e-01
3.1749860243535908e+00 8.3355023776387061e-01
3.1766023953198079e+00 8.3346707406286558e-01
3.1782187662860260e+00 8.3338391273105050e-01
3.1798351372522431e+00 8.3330075376954105e-01
3.1814515082184602e+00 8.3321759717945276e-01
3.1830678791846774e+00 8.3313444296190076e-01
3.1846842501508954e+00 8.3305129111800014e-01
3.1863006211171125e+00 8.3296814164886612e-01
3.1879169920833297e+00 8.3288499455561349e-01
3.1895333630495468e+00 8.3280184983935701e-01
3.1911497340157648e+00 8.3271870750121135e-01
3.1927661049819820e+00 8.3263556754229096e-01
3.1943824759481991e+00 8.3255242996371015e-01
3.1959988469144172e+00 8.3246929476658316e-01
3.1976152178806343e+00 8.3238616195202408e-01
3.1992315888468514e+00 8.3230303152114704e-01
3.2008479598130686e+00 8.3221990347506558e-01
3.2024643307792866e+00 8.3213677781489359e-01
3.2040807017455037e+00 8.3205365454174451e-01
3.2056970727117209e+00 8.3197053365673179e-01
3.2073134436779380e+00 8.3188741516096887e-01
3.2089298146441561e+00 8.3180429905556863e-01
3.2105461856103732e+00 8.3172118534164419e-01
3.2121625565765903e+00 8.3163807402030865e-01
3.2137789275428084e+00 8.3155496509267435e-01
3.2153952985090255e+00 8.3147185855985439e-01
3.2170116694752426e+00 8.3138875442296079e-01
3.2186280404414598e+00 8.3130565268310619e-01
3.2202444114076778e+00 8.3122255334140271e-01
3.2218607823738949e+00 8.3113945639896247e-01
3.2234771533401121e+00 8.3105636185689735e-01
3.2250935243063292e+00 8.3097326971631924e-01
3.2267098952725473e+00 8.3089017997833969e-01
3.2283262662387644e+00 8.3080709264407038e-01
3.2299426372049815e+00 8.3072400771462263e-01
3.2315590081711987e+00 8.3064092519110777e-01
3.2331753791374167e+00 8.3055784507463692e-01
3.2347917501036338e+00 8.3047476736632109e-01
3.2364081210698510e+00 8.3039169206727104e-01
3.2380244920360690e+00 8.3030861917859766e-01
3.2396408630022862e+00 8.3022554870141141e-01
3.2412572339685033e+00 8.3014248063682294e-01
3.2428736049347204e+00 8.3005941498594238e-01
3.2444899759009385e+00 8.2997635174987994e-01
3.2461063468671556e+00 8.2989329092974584e-01
3.2477227178333727e+00 8.2981023252664987e-01
3.2493390887995899e+00 8.2972717654170192e-01
3.2509554597658079e+00 8.2964412297601142e-01
3.2525718307320250e+00 8.2956107183068817e-01
3.2541882016982422e+00 8.2947802310684138e-01
3.2558045726644602e+00 8.2939497680558028e-01
3.2574209436306774e+00 8.2931193292801408e-01
3.2590373145968945e+00 8.2922889147525169e-01
3.2606536855631116e+00 8.2914585244840189e-01
3.2622700565293297e+00 8.2906281584857355e-01
3.2638864274955468e+00 8.2897978167687514e-01
3.2655027984617639e+00 8.2889674993441498e-01
3.2671191694279811e+00 8.2881372062230152e-01
3.2687355403941991e+00 8.2873069374164288e-01
3.2703519113604163e+00 8.2864766929354705e-01
3.2719682823266334e+00 8.2856464727912194e-01
3.2735846532928505e+00 8.2848162769947531e-01
3.2752010242590686e+00 8.2839861055571484e-01
3.2768173952252857e+00 8.2831559584894787e-01
3.2784337661915028e+00 8.2823258358028173e-01
3.2800501371577209e+00 8.2814957375082376e-01
3.2816665081239380e+00 8.2806656636168097e-01
3.2832828790901551e+00 8.2798356141396023e-01
3.2848992500563723e+00 8.2790055890876846e-01
3.2865156210225903e+00 8.2781755884721220e-01
3.2881319919888075e+00 8.2773456123039801e-01
3.2897483629550246e+00 8.2765156605943235e-01
3.2913647339212417e+00 8.2756857333542133e-01
3.2929811048874598e+00 8.2748558305947106e-01
3.2945974758536769e+00 8.2740259523268778e-01
3.2962138468198940e+00 8.2731960985617703e-01
3.2978302177861121e+00 8.2723662693104461e-01
3.2994465887523292e+00 8.2715364645839606e-01
3.3010629597185464e+00 8.2707066843933696e-01
3.3026793306847635e+00 8.2698769287497242e-01
3.3042957016509815e+00 8.2690471976640756e-01
3.3059120726171987e+00 8.2682174911474760e-01
3.3075284435834158e+00 8.2673878092109732e-01
3.3091448145496329e+00 8.2665581518656128e-01
3.3107611855158510e+00 8.2657285191224439e-01
3.3123775564820681e+00 8.2648989109925086e-01
3.3139939274482852e+00 8.2640693274868526e-01
3.3156102984145024e+00 8.2632397686165149e-01
3.3172266693807204e+00 8.2624102343925387e-01
3.3188430403469376e+00 8.2615807248259621e-01
3.3204594113131547e+00 8.2607512399278216e-01
3.3220757822793727e+00 8.2599217797091562e-01
3.3236921532455899e+00 8.2590923441809982e-01
3.3253085242118070e+00 8.2582629333543833e-01
3.3269248951780241e+00 8.2574335472403437e-01
3.3285412661442422e+00 8.2566041858499084e-01
3.3301576371104593e+00 8.2557748491941085e-01
3.3317740080766765e+00 8.2549455372839708e-01
3.3333903790428936e+00 8.2541162501305243e-01
3.3350067500091116e+00 8.2532869877447912e-01
3.3366231209753288e+00 8.2524577501377983e-01
3.3382394919415459e+00 8.2516285373205678e-01
3.3398558629077639e+00 8.2507993493041187e-01
3.3414722338739811e+00 8.2499701860994723e-01
3.3430886048401982e+00 8.2491410477176474e-01
3.3447049758064153e+00 8.2483119341696609e-01
3.3463213467726334e+00 8.2474828454665272e-01
3.3479377177388505e+00 8.2466537816192620e-01
3.3495540887050677e+00 8.2458247426388787e-01
3.3511704596712848e+00 8.2449957285363862e-01
3.3527868306375028e+00 8.2441667393227969e-01
3.3544032016037200e+00 8.2433377750091186e-01
3.3560195725699371e+00 8.2425088356063592e-01
3.3576359435361542e+00 8.2416799211255243e-01
3.3592523145023723e+00 8.2408510315776173e-01
3.3608686854685894e+00 8.2400221669736418e-01
3.3624850564348066e+00 8.2391933273246021e-01
3.3641014274010246e+00 8.2383645126414951e-01
3.3657177983672417e+00 8.2375357229353219e-01
3.3673341693334589e+00 8.2367069582170793e-01
3.3689505402996760e+00 8.2358782184977641e-01
3.3705669112658940e+00 8.2350495037883698e-01
3.3721832822321112e+00 8.2342208140998907e-01
3.3737996531983283e+00 8.2333921494433193e-01
3.3754160241645454e+00 8.2325635098296446e-01
3.3770323951307635e+00 8.2317348952698566e-01
3.3786487660969806e+00 8.2309063057749432e-01
3.3802651370631978e+00 8.2300777413558923e-01
3.3818815080294158e+00 8.2292492020236863e-01
3.3834978789956329e+00 8.2284206877893107e-01
3.3851142499618501e+00 8.2275921986637457e-01
3.3867306209280672e+00 8.2267637346579736e-01
3.3883469918942852e+00 8.2259352957829734e-01
3.3899633628605024e+00 8.2251068820497242e-01
3.3915797338267195e+00 8.2242784934692015e-01
3.3931961047929367e+00 8.2234501300523799e-01
3.3948124757591547e+00 8.2226217918102340e-01
3.3964288467253718e+00 8.2217934787537372e-01
3.3980452176915890e+00 8.2209651908938586e-01
3.3996615886578061e+00 8.2201369282415682e-01
3.4012779596240241e+00 8.2193086908078350e-01
3.4028943305902413e+00 8.2184804786036247e-01
3.4045107015564584e+00 8.2176522916399042e-01
3.4061270725226764e+00 8.2168241299276357e-01
3.4077434434888936e+00 8.2159959934777826e-01
3.4093598144551107e+00 8.2151678823013063e-01
3.4109761854213279e+00 8.2143397964091669e-01
3.4125925563875459e+00 8.2135117358123200e-01
3.4142089273537630e+00 8.2126837005217268e-01
3.4158252983199802e+00 8.2118556905483397e-01
3.4174416692861973e+00 8.2110277059031134e-01
3.4190580402524153e+00 8.2101997465970000e-01
3.4206744112186325e+00 8.2093718126409532e-01
3.4222907821848496e+00 8.2085439040459207e-01
3.4239071531510676e+00 8.2077160208228506e-01
3.4255235241172848e+00 8.2068881629826917e-01
3.4271398950835019e+00 8.2060603305363888e-01
3.4287562660497191e+00 8.2052325234948864e-01
3.4303726370159371e+00 8.2044047418691257e-01
3.4319890079821542e+00 8.2035769856700502e-01
3.4336053789483714e+00 8.2027492549085990e-01
3.4352217499145885e+00 8.2019215495957098e-01
3.4368381208808065e+00 8.2010938697423208e-01
3.4384544918470237e+00 8.2002662153593675e-01
3.4400708628132408e+00 8.1994385864577846e-01
3.4416872337794588e+00 8.1986109830485032e-01
3.4433036047456760e+00 8.1977834051424570e-01
3.4449199757118931e+00 8.1969558527505737e-01
3.4465363466781103e+00 8.1961283258837847e-01
3.4481527176443283e+00 8.1953008245530146e-01
3.4497690886105454e+00 8.1944733487691912e-01
3.4513854595767626e+00 8.1936458985432370e-01
3.4530018305429797e+00 8.1928184738860765e-01
3.4546182015091977e+00 8.1919910748086300e-01
3.4562345724754149e+00 8.1911637013218175e-01
3.4578509434416320e+00 8.1903363534365592e-01
3.4594673144078492e+00 8.1895090311637708e-01
3.4610836853740672e+00 8.1886817345143681e-01
3.4627000563402843e+00 8.1878544634992667e-01
3.4643164273065015e+00 8.1870272181293791e-01
3.4659327982727195e+00 8.1861999984156153e-01
3.4675491692389366e+00 8.1853728043688878e-01
3.4691655402051538e+00 8.1845456360001034e-01
3.4707819111713709e+00 8.1837184933201701e-01
3.4723982821375889e+00 8.1828913763399935e-01
3.4740146531038061e+00 8.1820642850704783e-01
3.4756310240700232e+00 8.1812372195225269e-01
3.4772473950362404e+00 8.1804101797070417e-01
3.4788637660024584e+00 8.1795831656349216e-01
3.4804801369686755e+00 8.1787561773170658e-01
3.4820965079348927e+00 8.1779292147643723e-01
3.4837128789011107e+00 8.1771022779877345e-01
3.4853292498673278e+00 8.1762753669980492e-01
3.4869456208335450e+00 8.1754484818062090e-01
3.4885619917997621e+00 8.1746216224231050e-01
3.4901783627659801e+00 8.1737947888596252e-01
3.4917947337321973e+00 8.1729679811266620e-01
3.4934111046984144e+00 8.1721411992351001e-01
3.4950274756646316e+00 8.1713144431958262e-01
3.4966438466308496e+00 8.1704877130197229e-01
3.4982602175970667e+00 8.1696610087176758e-01
3.4998765885632839e+00 8.1688343303005650e-01
3.5014929595295010e+00 8.1680076777792698e-01
3.5031093304957190e+00 8.1671810511646681e-01
3.5047257014619362e+00 8.1663544504676400e-01
3.5063420724281533e+00 8.1655278756990590e-01
3.5079584433943714e+00 8.1647013268697988e-01
3.5095748143605885e+00 8.1638748039907338e-01
3.5111911853268056e+00 8.1630483070727333e-01
3.5128075562930228e+00 8.1622218361266707e-01
3.5144239272592408e+00 8.1613953911634107e-01
3.5160402982254579e+00 8.1605689721938213e-01
3.5176566691916751e+00 8.1597425792287703e-01
3.5192730401578922e+00 8.1589162122791192e-01
3.5208894111241102e+00 8.1580898713557315e-01
3.5225057820903274e+00 8.1572635564694695e-01
3.5241221530565445e+00 8.1564372676311903e-01
3.5257385240227626e+00 8.1556110048517549e-01
3.5273548949889797e+00 8.1547847681420194e-01
3.5289712659551968e+00 8.1539585575128393e-01
3.5305876369214140e+00 8.1531323729750682e-01
3.5322040078876320e+00 8.1523062145395586e-01
3.5338203788538491e+00 8.1514800822171618e-01
3.5354367498200663e+00 8.1506539760187269e-01
3.5370531207862834e+00 8.1498278959551040e-01
3.5386694917525015e+00 8.1490018420371368e-01
3.5402858627187186e+00 8.1481758142756733e-01
3.5419022336849357e+00 8.1473498126815558e-01
3.5435186046511529e+00 8.1465238372656279e-01
3.5451349756173709e+00 8.1456978880387287e-01
3.5467513465835880e+00 8.1448719650116996e-01
3.5483677175498052e+00 8.1440460681953775e-01
3.5499840885160232e+00 8.1432201976005991e-01
3.5516004594822403e+00 8.1423943532381993e-01
3.5532168304484575e+00 8.1415685351190126e-01
3.5548332014146746e+00 8.1407427432538715e-01
3.5564495723808927e+00 8.1399169776536051e-01
3.5580659433471098e+00 8.1390912383290437e-01
3.5596823143133269e+00 8.1382655252910152e-01
3.5612986852795441e+00 8.1374398385503455e-01
3.5629150562457621e+00 8.1366141781178591e-01
3.5645314272119792e+00 8.1357885440043809e-01
3.5661477981781964e+00 8.1349629362207321e-01
3.5677641691444144e+00 8.1341373547777329e-01
3.5693805401106316e+00 8.1333117996862025e-01
3.5709969110768487e+00 8.1324862709569590e-01
3.5726132820430658e+00 8.1316607686008180e-01
3.5742296530092839e+00 8.1308352926285943e-01
3.5758460239755010e+00 8.1300098430511014e-01
3.5774623949417181e+00 8.1291844198791507e-01
3.5790787659079353e+00 8.1283590231235525e-01
3.5806951368741533e+00 8.1275336527951159e-01
3.5823115078403704e+00 8.1267083089046488e-01
3.5839278788065876e+00 8.1258829914629560e-01
3.5855442497728047e+00 8.1250577004808422e-01
3.5871606207390228e+00 8.1242324359691109e-01
3.5887769917052399e+00 8.1234071979385625e-01
3.5903933626714570e+00 8.1225819863999982e-01
3.5920097336376751e+00 8.1217568013642161e-01
3.5936261046038922e+00 8.1209316428420131e-01
3.5952424755701093e+00 8.1201065108441850e-01
3.5968588465363265e+00 8.1192814053815254e-01
3.5984752175025445e+00 8.1184563264648280e-01
3.6000915884687616e+00 8.1176312741048839e-01
3.6017079594349788e+00 8.1168062483124814e-01
3.6033243304011959e+00 8.1159812490984107e-01
3.6049407013674140e+00 8.1151562764734564e-01
3.6065570723336311e+00 8.1143313304484055e-01
3.6081734432998482e+00 8.1135064110340427e-01
3.6097898142660663e+00 8.1126815182411471e-01
3.6114061852322834e+00 8.1118566520805024e-01
3.6130225561985005e+00 8.1110318125628877e-01
3.6146389271647177e+00 8.1102069996990800e-01
3.6162552981309357e+00 8.1093822134998561e-01
3.6178716690971529e+00 8.1085574539759908e-01
3.6194880400633700e+00 8.1077327211382588e-01
3.6211044110295871e+00 8.1069080149974304e-01
3.6227207819958052e+00 8.1060833355642770e-01
3.6243371529620223e+00 8.1052586828495676e-01
3.6259535239282394e+00 8.1044340568640694e-01
3.6275698948944575e+00 8.1036094576185491e-01
3.6291862658606746e+00 8.1027848851237705e-01
3.6308026368268917e+00 8.1019603393904993e-01
3.6324190077931089e+00 8.1011358204294937e-01
3.6340353787593269e+00 8.1003113282515149e-01
3.6356517497255441e+00 8.0994868628673233e-01
3.6372681206917612e+00 8.0986624242876748e-01
3.6388844916579783e+00 8.0978380125233251e-01
3.6405008626241964e+00 8.0970136275850280e-01
3.6421172335904135e+00 8.0961892694835380e-01
3.6437336045566306e+00 8.0953649382296045e-01
3.6453499755228478e+00 8.0945406338339776e-01
3.6469663464890658e+00 8.0937163563074066e-01
3.6485827174552830e+00 8.0928921056606373e-01
3.6501990884215001e+00 8.0920678819044167e-01
3.6518154593877181e+00 8.0912436850494862e-01
3.6534318303539353e+00 8.0904195151065905e-01
3.6550482013201524e+00 8.0895953720864677e-01
3.6566645722863695e+00 8.0887712559998604e-01
3.6582809432525876e+00 8.0879471668575043e-01
3.6598973142188047e+00 8.0871231046701364e-01
3.6615136851850218e+00 8.0862990694484926e-01
3.6631300561512390e+00 8.0854750612033044e-01
3.6647464271174570e+00 8.0846510799453042e-01
3.6663627980836742e+00 8.0838271256852234e-01
3.6679791690498913e+00 8.0830031984337902e-01
3.6695955400161093e+00 8.0821792982017326e-01
3.6712119109823265e+00 8.0813554249997765e-01
3.6728282819485436e+00 8.0805315788386456e-01
3.6744446529147607e+00 8.0797077597290634e-01
3.6760610238809788e+00 8.0788839676817503e-01
3.6776773948471959e+00 8.0780602027074289e-01
3.6792937658134131e+00 8.0772364648168149e-01
3.6809101367796302e+00 8.0764127540206276e-01
3.6825265077458482e+00 8.0755890703295796e-01
3.6841428787120654e+00 8.0747654137543878e-01
3.6857592496782825e+00 8.0739417843057626e-01
3.6873756206444996e+00 8.0731181819944164e-01
3.6889919916107177e+00 8.0722946068310575e-01
3.6906083625769348e+00 8.0714710588263949e-01
3.6922247335431519e+00 8.0706475379911347e-01
3.6938411045093700e+00 8.0698240443359814e-01
3.6954574754755871e+00 8.0690005778716389e-01
3.6970738464418043e+00 8.0681771386088097e-01
3.6986902174080214e+00 8.0673537265581929e-01
3.7003065883742394e+00 8.0665303417304879e-01
3.7019229593404566e+00 8.0657069841363938e-01
3.7035393303066737e+00 8.0648836537866042e-01
3.7051557012728908e+00 8.0640603506918151e-01
3.7067720722391089e+00 8.0632370748627180e-01
3.7083884432053260e+00 8.0624138263100065e-01
3.7100048141715432e+00 8.0615906050443686e-01
3.7116211851377612e+00 8.0607674110764937e-01
3.7132375561039783e+00 8.0599442444170688e-01
3.7148539270701955e+00 8.0591211050767786e-01
3.7164702980364126e+00 8.0582979930663079e-01
3.7180866690026306e+00 8.0574749083963371e-01
3.7197030399688478e+00 8.0566518510775498e-01
3.7213194109350649e+00 8.0558288211206242e-01
3.7229357819012820e+00 8.0550058185362372e-01
3.7245521528675001e+00 8.0541828433350660e-01
3.7261685238337172e+00 8.0533598955277863e-01
3.7277848947999344e+00 8.0525369751250697e-01
3.7294012657661515e+00 8.0517140821375888e-01
3.7310176367323695e+00 8.0508912165760149e-01
3.7326340076985867e+00 8.0500683784510141e-01
3.7342503786648038e+00 8.0492455677732577e-01
3.7358667496310218e+00 8.0484227845534073e-01
3.7374831205972390e+00 8.0476000288021299e-01
3.7390994915634561e+00 8.0467773005300869e-01
3.7407158625296733e+00 8.0459545997479398e-01
3.7423322334958913e+00 8.0451319264663490e-01
3.7439486044621084e+00 8.0443092806959726e-01
3.7455649754283256e+00 8.0434866624474655e-01
3.7471813463945427e+00 8.0426640717314846e-01
3.7487977173607607e+00 8.0418415085586825e-01
3.7504140883269779e+00 8.0410189729397130e-01
3.7520304592931950e+00 8.0401964648852253e-01
3.7536468302594130e+00 8.0393739844058665e-01
3.7552632012256302e+00 8.0385515315122880e-01
3.7568795721918473e+00 8.0377291062151346e-01
3.7584959431580645e+00 8.0369067085250490e-01
3.7601123141242825e+00 8.0360843384526759e-01
3.7617286850904996e+00 8.0352619960086569e-01
3.7633450560567168e+00 8.0344396812036312e-01
3.7649614270229339e+00 8.0336173940482358e-01
3.7665777979891519e+00 8.0327951345531101e-01
3.7681941689553691e+00 8.0319729027288889e-01
3.7698105399215862e+00 8.0311506985862047e-01
3.7714269108878034e+00 8.0303285221356913e-01
3.7730432818540214e+00 8.0295063733879779e-01
3.7746596528202385e+00 8.0286842523536961e-01
3.7762760237864557e+00 8.0278621590434707e-01
3.7778923947526737e+00 8.0270400934679298e-01
3.7795087657188908e+00 8.0262180556376994e-01
3.7811251366851080e+00 8.0253960455633988e-01
3.7827415076513251e+00 8.0245740632556517e-01
3.7843578786175431e+00 8.0237521087250796e-01
3.7859742495837603e+00 8.0229301819822973e-01
3.7875906205499774e+00 8.0221082830379253e-01
3.7892069915161946e+00 8.0212864119025784e-01
3.7908233624824126e+00 8.0204645685868692e-01
3.7924397334486297e+00 8.0196427531014114e-01
3.7940561044148469e+00 8.0188209654568154e-01
3.7956724753810649e+00 8.0179992056636906e-01
3.7972888463472820e+00 8.0171774737326440e-01
3.7989052173134992e+00 8.0163557696742838e-01
3.8005215882797163e+00 8.0155340934992125e-01
3.8021379592459343e+00 8.0147124452180352e-01
3.8037543302121515e+00 8.0138908248413521e-01
3.8053707011783686e+00 8.0130692323797637e-01
3.8069870721445858e+00 8.0122476678438703e-01
3.8086034431108038e+00 8.0114261312442658e-01
3.8102198140770209e+00 8.0106046225915484e-01
3.8118361850432381e+00 8.0097831418963117e-01
3.8134525560094552e+00 8.0089616891691473e-01
3.8150689269756732e+00 8.0081402644206445e-01
3.8166852979418904e+00 8.0073188676613971e-01
3.8183016689081075e+00 8.0064974989019888e-01
3.8199180398743255e+00 8.0056761581530078e-01
3.8215344108405427e+00 8.0048548454250390e-01
3.8231507818067598e+00 8.0040335607286650e-01
3.8247671527729770e+00 8.0032123040744674e-01
3.8263835237391950e+00 8.0023910754730254e-01
3.8279998947054121e+00 8.0015698749349196e-01
3.8296162656716293e+00 8.0007487024707258e-01
3.8312326366378464e+00 7.9999275580910201e-01
3.8328490076040644e+00 7.9991064418063762e-01
3.8344653785702816e+00 7.9982853536273657e-01
3.8360817495364987e+00 7.9974642935645612e-01
3.8376981205027167e+00 7.9966432616285288e-01
3.8393144914689339e+00 7.9958222578298399e-01
3.8409308624351510e+00 7.9950012821790595e-01
3.8425472334013682e+00 7.9941803346867513e-01
3.8441636043675862e+00 7.9933594153634790e-01
3.8457799753338033e+00 7.9925385242198033e-01
3.8473963463000205e+00 7.9917176612662855e-01
3.8490127172662376e+00 7.9908968265134850e-01
3.8506290882324556e+00 7.9900760199719556e-01
3.8522454591986728e+00 7.9892552416522544e-01
3.8538618301648899e+00 7.9884344915649352e-01
3.8554782011311080e+00 7.9876137697205507e-01
3.8570945720973251e+00 7.9867930761296513e-01
3.8587109430635422e+00 7.9859724108027852e-01
3.8603273140297594e+00 7.9851517737505018e-01
3.8619436849959774e+00 7.9843311649833448e-01
3.8635600559621945e+00 7.9835105845118604e-01
3.8651764269284117e+00 7.9826900323465921e-01
3.8667927978946288e+00 7.9818695084980784e-01
3.8684091688608468e+00 7.9810490129768619e-01
3.8700255398270640e+00 7.9802285457934796e-01
3.8716419107932811e+00 7.9794081069584688e-01
3.8732582817594983e+00 7.9785876964823643e-01
3.8748746527257163e+00 7.9777673143757000e-01
3.8764910236919334e+00 7.9769469606490073e-01
3.8781073946581506e+00 7.9761266353128168e-01
3.8797237656243686e+00 7.9753063383776568e-01
3.8813401365905857e+00 7.9744860698540565e-01
3.8829565075568029e+00 7.9736658297525409e-01
3.8845728785230200e+00 7.9728456180836338e-01
3.8861892494892381e+00 7.9720254348578568e-01
3.8878056204554552e+00 7.9712052800857336e-01
3.8894219914216723e+00 7.9703851537777815e-01
3.8910383623878895e+00 7.9695650559445208e-01
3.8926547333541075e+00 7.9687449865964644e-01
3.8942711043203246e+00 7.9679249457441303e-01
3.8958874752865418e+00 7.9671049333980304e-01
3.8975038462527598e+00 7.9662849495686772e-01
3.8991202172189769e+00 7.9654649942665801e-01
3.9007365881851941e+00 7.9646450675022473e-01
3.9023529591514112e+00 7.9638251692861872e-01
3.9039693301176293e+00 7.9630052996289036e-01
3.9055857010838464e+00 7.9621854585409013e-01
3.9072020720500635e+00 7.9613656460326832e-01
3.9088184430162807e+00 7.9605458621147496e-01
3.9104348139824987e+00 7.9597261067975988e-01
3.9120511849487158e+00 7.9589063800917303e-01
3.9136675559149330e+00 7.9580866820076379e-01
3.9152839268811501e+00 7.9572670125558176e-01
3.9169002978473682e+00 7.9564473717467610e-01
3.9185166688135853e+00 7.9556277595909597e-01
3.9201330397798024e+00 7.9548081760989053e-01
3.9217494107460205e+00 7.9539886212810851e-01
3.9233657817122376e+00 7.9531690951479839e-01
3.9249821526784547e+00 7.9523495977100889e-01
3.9265985236446719e+00 7.9515301289778828e-01
3.9282148946108899e+00 7.9507106889618462e-01
3.9298312655771070e+00 7.9498912776724628e-01
3.9314476365433242e+00 7.9490718951202077e-01
3.9330640075095413e+00 7.9482525413155591e-01
3.9346803784757594e+00 7.9474332162689942e-01
3.9362967494419765e+00 7.9466139199909858e-01
3.9379131204081936e+00 7.9457946524920064e-01
3.9395294913744117e+00 7.9449754137825257e-01
3.9411458623406288e+00 7.9441562038730151e-01
3.9427622333068459e+00 7.9433370227739408e-01
3.9443786042730631e+00 7.9425178704957700e-01
3.9459949752392811e+00 7.9416987470489664e-01
3.9476113462054983e+00 7.9408796524439929e-01
3.9492277171717154e+00 7.9400605866913110e-01
3.9508440881379325e+00 7.9392415498013813e-01
3.9524604591041506e+00 7.9384225417846599e-01
3.9540768300703677e+00 7.9376035626516062e-01
3.9556932010365848e+00 7.9367846124126740e-01
3.9573095720028020e+00 7.9359656910783172e-01
3.9589259429690200e+00 7.9351467986589852e-01
3.9605423139352371e+00 7.9343279351651319e-01
3.9621586849014543e+00 7.9335091006072034e-01
3.9637750558676723e+00 7.9326902949956479e-01
3.9653914268338895e+00 7.9318715183409116e-01
3.9670077978001066e+00 7.9310527706534373e-01
3.9686241687663237e+00 7.9302340519436676e-01
3.9702405397325418e+00 7.9294153622220431e-01
3.9718569106987589e+00 7.9285967014990044e-01
3.9734732816649760e+00 7.9277780697849876e-01
3.9750896526311932e+00 7.9269594670904286e-01
3.9767060235974112e+00 7.9261408934257616e-01
3.9783223945636284e+00 7.9253223488014213e-01
3.9799387655298455e+00 7.9245038332278384e-01
3.9815551364960635e+00 7.9236853467154411e-01
3.9831715074622807e+00 7.9228668892746579e-01
3.9847878784284978e+00 7.9220484609159159e-01
3.9864042493947149e+00 7.9212300616496401e-01
3.9880206203609330e+00 7.9204116914862543e-01
3.9896369913271501e+00 7.9195933504361782e-01
3.9912533622933672e+00 7.9187750385098332e-01
3.9928697332595844e+00 7.9179567557176389e-01
3.9944861042258024e+00 7.9171385020700091e-01
3.9961024751920196e+00 7.9163202775773622e-01
3.9977188461582367e+00 7.9155020822501110e-01
3.9993352171244538e+00 7.9146839160986671e-01
4.0009515880906719e+00 7.9138657791334410e-01
4.0025679590568890e+00 7.9130476713648423e-01
4.0041843300231061e+00 7.9122295928032771e-01
4.0058007009893242e+00 7.9114115434591525e-01
4.0074170719555413e+00 7.9105935233428726e-01
4.0090334429217584e+00 7.9097755324648389e-01
4.0106498138879756e+00 7.9089575708354531e-01
4.0122661848541936e+00 7.9081396384651148e-01
4.0138825558204108e+00 7.9073217353642200e-01
4.0154989267866279e+00 7.9065038615431671e-01
4.0171152977528450e+00 7.9056860170123500e-01
4.0187316687190631e+00 7.9048682017821603e-01
4.0203480396852802e+00 7.9040504158629910e-01
4.0219644106514973e+00 7.9032326592652313e-01
4.0235807816177154e+00 7.9024149319992687e-01
4.0251971525839325e+00 7.9015972340754903e-01
4.0268135235501497e+00 7.9007795655042812e-01
4.0284298945163668e+00 7.8999619262960252e-01
4.0300462654825848e+00 7.8991443164611019e-01
4.0316626364488020e+00 7.8983267360098941e-01
4.0332790074150191e+00 7.8975091849527779e-01
4.0348953783812362e+00 7.8966916633001327e-01
4.0365117493474543e+00 7.8958741710623315e-01
4.0381281203136714e+00 7.8950567082497480e-01
4.0397444912798885e+00 7.8942392748727563e-01
4.0413608622461066e+00 7.8934218709417259e-01
4.0429772332123237e+00 7.8926044964670239e-01
4.0445936041785409e+00 7.8917871514590210e-01
4.0462099751447580e+00 7.8909698359280800e-01
4.0478263461109760e+00 7.8901525498845659e-01
4.0494427170771932e+00 7.8893352933388416e-01
4.0510590880434103e+00 7.8885180663012666e-01
4.0526754590096274e+00 7.8877008687822014e-01
4.0542918299758455e+00 7.8868837007920023e-01
4.0559082009420626e+00 7.8860665623410275e-01
4.0575245719082798e+00 7.8852494534396289e-01
4.0591409428744969e+00 7.8844323740981603e-01
4.0607573138407149e+00 7.8836153243269735e-01
4.0623736848069321e+00 7.8827983041364158e-01
4.0639900557731492e+00 7.8819813135368388e-01
4.0656064267393672e+00 7.8811643525385844e-01
4.0672227977055844e+00 7.8803474211520008e-01
4.0688391686718015e+00 7.8795305193874288e-01
4.0704555396380186e+00 7.8787136472552111e-01
4.0720719106042367e+00 7.8778968047656872e-01
4.0736882815704538e+00 7.8770799919291945e-01
4.0753046525366710e+00 7.8762632087560713e-01
4.0769210235028881e+00 7.8754464552566505e-01
4.0785373944691061e+00 7.8746297314412672e-01
4.0801537654353233e+00 7.8738130373202531e-01
4.0817701364015404e+00 7.8729963729039365e-01
4.0833865073677584e+00 7.8721797382026470e-01
4.0850028783339756e+00 7.8713631332267120e-01
4.0866192493001927e+00 7.8705465579864564e-01
4.0882356202664099e+00 7.8697300124922032e-01
4.0898519912326279e+00 7.8689134967542751e-01
4.0914683621988450e+00 7.8680970107829906e-01
4.0930847331650622e+00 7.8672805545886726e-01
4.0947011041312793e+00 7.8664641281816339e-01
4.0963174750974973e+00 7.8656477315721918e-01
4.0979338460637145e+00 7.8648313647706614e-01
4.0995502170299316e+00 7.8640150277873533e-01
4.1011665879961487e+00 7.8631987206325782e-01
4.1027829589623668e+00 7.8623824433166445e-01
4.1043993299285839e+00 7.8615661958498617e-01
4.1060157008948011e+00 7.8607499782425339e-01
4.1076320718610191e+00 7.8599337905049649e-01
4.1092484428272362e+00 7.8591176326474588e-01
4.1108648137934534e+00 7.8583015046803151e-01
4.1124811847596705e+00 7.8574854066138333e-01
4.1140975557258885e+00 7.8566693384583108e-01
4.1157139266921057e+00 7.8558533002240449e-01
4.1173302976583228e+00 7.8550372919213296e-01
4.1189466686245400e+00 7.8542213135604566e-01
4.1205630395907580e+00 7.8534053651517155e-01
4.1221794105569751e+00 7.8525894467053992e-01
4.1237957815231923e+00 7.8517735582317938e-01
4.1254121524894103e+00 7.8509576997411856e-01
4.1270285234556274e+00 7.8501418712438586e-01
4.1286448944218446e+00 7.8493260727500969e-01
4.1302612653880617e+00 7.8485103042701809e-01
4.1318776363542797e+00 7.8476945658143904e-01
4.1334940073204969e+00 7.8468788573930026e-01
4.1351103782867140e+00 7.8460631790162960e-01
4.1367267492529312e+00 7.8452475306945446e-01
4.1383431202191492e+00 7.8444319124380191e-01
4.1399594911853663e+00 7.8436163242569945e-01
4.1415758621515835e+00 7.8428007661617383e-01
4.1431922331178006e+00 7.8419852381625188e-01
4.1448086040840186e+00 7.8411697402696034e-01
4.1464249750502358e+00 7.8403542724932573e-01
4.1480413460164529e+00 7.8395388348437423e-01
4.1496577169826709e+00 7.8387234273313211e-01
4.1512740879488881e+00 7.8379080499662535e-01
4.1528904589151052e+00 7.8370927027587978e-01
4.1545068298813224e+00 7.8362773857192103e-01
4.1561232008475404e+00 7.8354620988577472e-01
4.1577395718137575e+00 7.8346468421846605e-01
4.1593559427799747e+00 7.8338316157102039e-01
4.1609723137461918e+00 7.8330164194446250e-01
4.1625886847124098e+00 7.8322012533981744e-01
4.1642050556786270e+00 7.8313861175810984e-01
4.1658214266448441e+00 7.8305710120036409e-01
4.1674377976110621e+00 7.8297559366760461e-01
4.1690541685772793e+00 7.8289408916085579e-01
4.1706705395434964e+00 7.8281258768114137e-01
4.1722869105097136e+00 7.8273108922948542e-01
4.1739032814759316e+00 7.8264959380691157e-01
4.1755196524421487e+00 7.8256810141444333e-01
4.1771360234083659e+00 7.8248661205310399e-01
4.1787523943745830e+00 7.8240512572391696e-01
4.1803687653408010e+00 7.8232364242790497e-01
4.1819851363070182e+00 7.8224216216609133e-01
4.1836015072732353e+00 7.8216068493949831e-01
4.1852178782394525e+00 7.8207921074914877e-01
4.1868342492056705e+00 7.8199773959606478e-01
4.1884506201718876e+00 7.8191627148126885e-01
4.1900669911381048e+00 7.8183480640578296e-01
4.1916833621043228e+00 7.8175334437062882e-01
4.1932997330705399e+00 7.8167188537682841e-01
4.1949161040367571e+00 7.8159042942540302e-01
4.1965324750029742e+00 7.8150897651737428e-01
4.1981488459691922e+00 7.8142752665376314e-01
4.1997652169354094e+00 7.8134607983559090e-01
4.2013815879016265e+00 7.8126463606387841e-01
4.2029979588678437e+00 7.8118319533964620e-01
4.2046143298340617e+00 7.8110175766391510e-01
4.2062307008002788e+00 7.8102032303770530e-01
4.2078470717664960e+00 7.8093889146203710e-01
4.2094634427327140e+00 7.8085746293793057e-01
4.2110798136989311e+00 7.8077603746640567e-01
4.2126961846651483e+00 7.8069461504848192e-01
4.2143125556313654e+00 7.8061319568517917e-01
4.2159289265975834e+00 7.8053177937751661e-01
4.2175452975638006e+00 7.8045036612651353e-01
4.2191616685300177e+00 7.8036895593318900e-01
4.2207780394962349e+00 7.8028754879856199e-01
4.2223944104624529e+00 7.8020614472365113e-01
4.2240107814286700e+00 7.8012474370947504e-01
4.2256271523948872e+00 7.8004334575705203e-01
4.2272435233611043e+00 7.7996195086740061e-01
4.2288598943273223e+00 7.7988055904153852e-01
4.2304762652935395e+00 7.7979917028048373e-01
4.2320926362597566e+00 7.7971778458525420e-01
4.2337090072259747e+00 7.7963640195686734e-01
4.2353253781921918e+00 7.7955502239634045e-01
4.2369417491584089e+00 7.7947364590469104e-01
4.2385581201246261e+00 7.7939227248293597e-01
4.2401744910908441e+00 7.7931090213209209e-01
4.2417908620570612e+00 7.7922953485317648e-01
4.2434072330232784e+00 7.7914817064720532e-01
4.2450236039894955e+00 7.7906680951519525e-01
4.2466399749557135e+00 7.7898545145816234e-01
4.2482563459219307e+00 7.7890409647712289e-01
4.2498727168881478e+00 7.7882274457309264e-01
4.2514890878543659e+00 7.7874139574708723e-01
4.2531054588205830e+00 7.7866005000012251e-01
4.2547218297868001e+00 7.7857870733321377e-01
4.2563382007530173e+00 7.7849736774737610e-01
4.2579545717192353e+00 7.7841603124362468e-01
4.2595709426854524e+00 7.7833469782297449e-01
4.2611873136516696e+00 7.7825336748644014e-01
4.2628036846178867e+00 7.7817204023503628e-01
4.2644200555841048e+00 7.7809071606977731e-01
4.2660364265503219e+00 7.7800939499167743e-01
4.2676527975165390e+00 7.7792807700175071e-01
4.2692691684827571e+00 7.7784676210101100e-01
4.2708855394489742e+00 7.7776545029047206e-01
4.2725019104151913e+00 7.7768414157114751e-01
4.2741182813814085e+00 7.7760283594405089e-01
4.2757346523476265e+00 7.7752153341019503e-01
4.2773510233138436e+00 7.7744023397059325e-01
4.2789673942800608e+00 7.7735893762625852e-01
4.2805837652462779e+00 7.7727764437820346e-01
4.2822001362124960e+00 7.7719635422744049e-01
4.2838165071787131e+00 7.7711506717498224e-01
4.2854328781449302e+00 7.7703378322184080e-01
4.2870492491111474e+00 7.7695250236902824e-01
4.2886656200773654e+00 7.7687122461755642e-01
4.2902819910435825e+00 7.7678994996843720e-01
4.2918983620097997e+00 7.7670867842268199e-01
4.2935147329760177e+00 7.7662740998130220e-01
4.2951311039422349e+00 7.7654614464530902e-01
4.2967474749084520e+00 7.7646488241571354e-01
4.2983638458746691e+00 7.7638362329352673e-01
4.2999802168408872e+00 7.7630236727975910e-01
4.3015965878071043e+00 7.7622111437542129e-01
4.3032129587733214e+00 7.7613986458152384e-01
4.3048293297395386e+00 7.7605861789907671e-01
4.3064457007057566e+00 7.7597737432908986e-01
4.3080620716719737e+00 7.7589613387257350e-01
4.3096784426381909e+00 7.7581489653053715e-01
4.3112948136044089e+00 7.7573366230399021e-01
4.3129111845706261e+00 7.7565243119394234e-01
4.3145275555368432e+00 7.7557120320140249e-01
4.3161439265030603e+00 7.7548997832737965e-01
4.3177602974692784e+00 7.7540875657288288e-01
4.3193766684354955e+00 7.7532753793892084e-01
4.3209930394017126e+00 7.7524632242650193e-01
4.3226094103679298e+00 7.7516511003663457e-01
4.3242257813341478e+00 7.7508390077032696e-01
4.3258421523003650e+00 7.7500269462858706e-01
4.3274585232665821e+00 7.7492149161242274e-01
4.3290748942327992e+00 7.7484029172284163e-01
4.3306912651990173e+00 7.7475909496085127e-01
4.3323076361652344e+00 7.7467790132745906e-01
4.3339240071314515e+00 7.7459671082367210e-01
4.3355403780976696e+00 7.7451552345049723e-01
4.3371567490638867e+00 7.7443433920894167e-01
4.3387731200301038e+00 7.7435315810001182e-01
4.3403894909963210e+00 7.7427198012471410e-01
4.3420058619625390e+00 7.7419080528405493e-01
4.3436222329287562e+00 7.7410963357904050e-01
4.3452386038949733e+00 7.7402846501067679e-01
4.3468549748611904e+00 7.7394729957996955e-01
4.3484713458274085e+00 7.7386613728792442e-01
4.3500877167936256e+00 7.7378497813554692e-01
4.3517040877598427e+00 7.7370382212384237e-01
4.3533204587260608e+00 7.7362266925381573e-01
4.3549368296922779e+00 7.7354151952647221e-01
4.3565532006584951e+00 7.7346037294281644e-01
4.3581695716247122e+00 7.7337922950385318e-01
4.3597859425909302e+00 7.7329808921058674e-01
4.3614023135571474e+00 7.7321695206402152e-01
4.3630186845233645e+00 7.7313581806516152e-01
4.3646350554895816e+00 7.7305468721501081e-01
4.3662514264557997e+00 7.7297355951457303e-01
4.3678677974220168e+00 7.7289243496485183e-01
4.3694841683882339e+00 7.7281131356685073e-01
4.3711005393544511e+00 7.7273019532157294e-01
4.3727169103206691e+00 7.7264908023002143e-01
4.3743332812868863e+00 7.7256796829319929e-01
4.3759496522531034e+00 7.7248685951210927e-01
4.3775660232193214e+00 7.7240575388775379e-01
4.3791823941855386e+00 7.7232465142113549e-01
4.3807987651517557e+00 7.7224355211325646e-01
4.3824151361179728e+00 7.7216245596511879e-01
4.3840315070841909e+00 7.7208136297772434e-01
4.3856478780504080e+00 7.7200027315207498e-01
4.3872642490166252e+00 7.7191918648917213e-01
4.3888806199828423e+00 7.7183810299001732e-01
4.3904969909490603e+00 7.7175702265561152e-01
4.3921133619152775e+00 7.7167594548695606e-01
4.3937297328814946e+00 7.7159487148505168e-01
4.3953461038477126e+00 7.7151380065089903e-01
4.3969624748139298e+00 7.7143273298549875e-01
4.3985788457801469e+00 7.7135166848985115e-01
4.4001952167463640e+00 7.7127060716495655e-01
4.4018115877125812e+00 7.7118954901181469e-01
4.4034279586787992e+00 7.7110849403142567e-01
4.4050443296450164e+00 7.7102744222478914e-01
4.4066607006112335e+00 7.7094639359290440e-01
4.4082770715774506e+00 7.7086534813677110e-01
4.4098934425436687e+00 7.7078430585738811e-01
4.4115098135098858e+00 7.7070326675575462e-01
4.4131261844761029e+00 7.7062223083286940e-01
4.4147425554423210e+00 7.7054119808973121e-01
4.4163589264085381e+00 7.7046016852733823e-01
4.4179752973747553e+00 7.7037914214668901e-01
4.4195916683409724e+00 7.7029811894878175e-01
4.4212080393071904e+00 7.7021709893461410e-01
4.4228244102734076e+00 7.7013608210518425e-01
4.4244407812396247e+00 7.7005506846148952e-01
4.4260571522058418e+00 7.6997405800452756e-01
4.4276735231720599e+00 7.6989305073529546e-01
4.4292898941382770e+00 7.6981204665479042e-01
4.4309062651044941e+00 7.6973104576400941e-01
4.4325226360707113e+00 7.6965004806394921e-01
4.4341390070369293e+00 7.6956905355560623e-01
4.4357553780031465e+00 7.6948806223997712e-01
4.4373717489693636e+00 7.6940707411805798e-01
4.4389881199355816e+00 7.6932608919084500e-01
4.4406044909017988e+00 7.6924510745933394e-01
4.4422208618680159e+00 7.6916412892452068e-01
4.4438372328342330e+00 7.6908315358740076e-01
4.4454536038004511e+00 7.6900218144896937e-01
4.4470699747666682e+00 7.6892121251022194e-01
4.4486863457328853e+00 7.6884024677215357e-01
4.4503027166991025e+00 7.6875928423575890e-01
4.4519190876653205e+00 7.6867832490203258e-01
4.4535354586315377e+00 7.6859736877196949e-01
4.4551518295977548e+00 7.6851641584656383e-01
4.4567682005639728e+00 7.6843546612680957e-01
4.4583845715301900e+00 7.6835451961370094e-01
4.4600009424964071e+00 7.6827357630823179e-01
4.4616173134626242e+00 7.6819263621139555e-01
4.4632336844288423e+00 7.6811169932418599e-01
4.4648500553950594e+00 7.6803076564759631e-01
4.4664664263612766e+00 7.6794983518261961e-01
4.4680827973274937e+00 7.6786890793024898e-01
4.4696991682937117e+00 7.6778798389147696e-01
4.4713155392599289e+00 7.6770706306729652e-01
4.4729319102261460e+00 7.6762614545869989e-01
4.4745482811923631e+00 7.6754523106667949e-01
4.4761646521585812e+00 7.6746431989222730e-01
4.4777810231247983e+00 7.6738341193633530e-01
4.4793973940910154e+00 7.6730250719999527e-01
4.4810137650572335e+00 7.6722160568419873e-01
4.4826301360234506e+00 7.6714070738993723e-01
4.4842465069896678e+00 7.6705981231820186e-01
4.4858628779558849e+00 7.6697892046998384e-01
4.4874792489221029e+00 7.6689803184627392e-01
4.4890956198883201e+00 7.6681714644806287e-01
4.4907119908545372e+00 7.6673626427634134e-01
4.4923283618207543e+00 7.6665538533209943e-01
4.4939447327869724e+00 7.6657450961632767e-01
4.4955611037531895e+00 7.6649363713001595e-01
4.4971774747194067e+00 7.6641276787415413e-01
4.4987938456856247e+00 7.6633190184973177e-01
4.5004102166518418e+00 7.6625103905773861e-01
4.5020265876180590e+00 7.6617017949916377e-01
4.5036429585842761e+00 7.6608932317499656e-01
4.5052593295504941e+00 7.6600847008622597e-01
4.5068757005167113e+00 7.6592762023384064e-01
4.5084920714829284e+00 7.6584677361882936e-01
4.5101084424491455e+00 7.6576593024218054e-01
4.5117248134153636e+00 7.6568509010488239e-01
4.5133411843815807e+00 7.6560425320792325e-01
4.5149575553477979e+00 7.6552341955229086e-01
4.5165739263140150e+00 7.6544258913897312e-01
4.5181902972802330e+00 7.6536176196895755e-01
4.5198066682464502e+00 7.6528093804323150e-01
4.5214230392126673e+00 7.6520011736278237e-01
4.5230394101788853e+00 7.6511929992859706e-01
4.5246557811451025e+00 7.6503848574166267e-01
4.5262721521113196e+00 7.6495767480296584e-01
4.5278885230775368e+00 7.6487686711349301e-01
4.5295048940437548e+00 7.6479606267423061e-01
4.5311212650099719e+00 7.6471526148616498e-01
4.5327376359761891e+00 7.6463446355028197e-01
4.5343540069424062e+00 7.6455366886756748e-01
4.5359703779086242e+00 7.6447287743900716e-01
4.5375867488748414e+00 7.6439208926558666e-01
4.5392031198410585e+00 7.6431130434829120e-01
4.5408194908072765e+00 7.6423052268810576e-01
4.5424358617734937e+00 7.6414974428601556e-01
4.5440522327397108e+00 7.6406896914300548e-01
4.5456686037059280e+00 7.6398819726005984e-01
4.5472849746721460e+00 7.6390742863816330e-01
4.5489013456383631e+00 7.6382666327830007e-01
4.5505177166045803e+00 7.6374590118145425e-01
4.5521340875707974e+00 7.6366514234860983e-01
4.5537504585370154e+00 7.6358438678075036e-01
4.5553668295032326e+00 7.6350363447885972e-01
4.5569832004694497e+00 7.6342288544392123e-01
4.5585995714356677e+00 7.6334213967691789e-01
4.5602159424018849e+00 7.6326139717883301e-01
4.5618323133681020e+00 7.6318065795064938e-01
4.5634486843343192e+00 7.6309992199334964e-01
4.5650650553005372e+00 7.6301918930791646e-01
4.5666814262667543e+00 7.6293845989533204e-01
4.5682977972329715e+00 7.6285773375657862e-01
4.5699141681991886e+00 7.6277701089263827e-01
4.5715305391654066e+00 7.6269629130449268e-01
4.5731469101316238e+00 7.6261557499312349e-01
4.5747632810978409e+00 7.6253486195951237e-01
4.5763796520640581e+00 7.6245415220464041e-01
4.5779960230302761e+00 7.6237344572948884e-01
4.5796123939964932e+00 7.6229274253503854e-01
4.5812287649627104e+00 7.6221204262227038e-01
4.5828451359289284e+00 7.6213134599216481e-01
4.5844615068951455e+00 7.6205065264570238e-01
4.5860778778613627e+00 7.6196996258386340e-01
4.5876942488275798e+00 7.6188927580762766e-01
4.5893106197937978e+00 7.6180859231797526e-01
4.5909269907600150e+00 7.6172791211588586e-01
4.5925433617262321e+00 7.6164723520233901e-01
4.5941597326924493e+00 7.6156656157831415e-01
4.5957761036586673e+00 7.6148589124479027e-01
4.5973924746248844e+00 7.6140522420274648e-01
4.5990088455911016e+00 7.6132456045316177e-01
4.6006252165573196e+00 7.6124389999701458e-01
4.6022415875235367e+00 7.6116324283528347e-01
4.6038579584897539e+00 7.6108258896894676e-01
4.6054743294559710e+00 7.6100193839898256e-01
4.6070907004221890e+00 7.6092129112636886e-01
4.6087070713884062e+00 7.6084064715208344e-01
4.6103234423546233e+00 7.6076000647710385e-01
4.6119398133208405e+00 7.6067936910240741e-01
4.6135561842870585e+00 7.6059873502897157e-01
4.6151725552532756e+00 7.6051810425777333e-01
4.6167889262194928e+00 7.6043747678978946e-01
4.6184052971857099e+00 7.6035685262599695e-01
4.6200216681519279e+00 7.6027623176737213e-01
4.6216380391181451e+00 7.6019561421489135e-01
4.6232544100843622e+00 7.6011499996953091e-01
4.6248707810505802e+00 7.6003438903226672e-01
4.6264871520167974e+00 7.5995378140407466e-01
4.6281035229830145e+00 7.5987317708593038e-01
4.6297198939492317e+00 7.5979257607880935e-01
4.6313362649154497e+00 7.5971197838368687e-01
4.6329526358816668e+00 7.5963138400153818e-01
4.6345690068478840e+00 7.5955079293333805e-01
4.6361853778141011e+00 7.5947020518006136e-01
4.6378017487803191e+00 7.5938962074268257e-01
4.6394181197465363e+00 7.5930903962217633e-01
4.6410344907127534e+00 7.5922846181951664e-01
4.6426508616789715e+00 7.5914788733567773e-01
4.6442672326451886e+00 7.5906731617163337e-01
4.6458836036114057e+00 7.5898674832835733e-01
4.6474999745776229e+00 7.5890618380682318e-01
4.6491163455438409e+00 7.5882562260800412e-01
4.6507327165100580e+00 7.5874506473287351e-01
4.6523490874762752e+00 7.5866451018240411e-01
4.6539654584424923e+00 7.5858395895756903e-01
4.6555818294087103e+00 7.5850341105934072e-01
4.6571982003749275e+00 7.5842286648869162e-01
4.6588145713411446e+00 7.5834232524659417e-01
4.6604309423073618e+00 7.5826178733402039e-01
4.6620473132735798e+00 7.5818125275194215e-01
4.6636636842397969e+00 7.5810072150133134e-01
4.6652800552060141e+00 7.5802019358315942e-01
4.6668964261722321e+00 7.5793966899839782e-01
4.6685127971384492e+00 7.5785914774801766e-01
4.6701291681046664e+00 7.5777862983299027e-01
4.6717455390708835e+00 7.5769811525428632e-01
4.6733619100371016e+00 7.5761760401287637e-01
4.6749782810033187e+00 7.5753709610973108e-01
4.6765946519695358e+00 7.5745659154582090e-01
4.6782110229357530e+00 7.5737609032211561e-01
4.6798273939019710e+00 7.5729559243958555e-01
4.6814437648681881e+00 7.5721509789920050e-01
4.6830601358344053e+00 7.5713460670192967e-01
4.6846765068006233e+00 7.5705411884874296e-01
4.6862928777668404e+00 7.5697363434060938e-01
4.6879092487330576e+00 7.5689315317849803e-01
4.6895256196992747e+00 7.5681267536337793e-01
4.6911419906654928e+00 7.5673220089621773e-01
4.6927583616317099e+00 7.5665172977798589e-01
4.6943747325979270e+00 7.5657126200965097e-01
4.6959911035641442e+00 7.5649079759218096e-01
4.6976074745303622e+00 7.5641033652654399e-01
4.6992238454965793e+00 7.5632987881370783e-01
4.7008402164627965e+00 7.5624942445464016e-01
4.7024565874290136e+00 7.5616897345030842e-01
4.7040729583952317e+00 7.5608852580167996e-01
4.7056893293614488e+00 7.5600808150972187e-01
4.7073057003276659e+00 7.5592764057540096e-01
4.7089220712938840e+00 7.5584720299968422e-01
4.7105384422601011e+00 7.5576676878353810e-01
4.7121548132263182e+00 7.5568633792792894e-01
4.7137711841925354e+00 7.5560591043382308e-01
4.7153875551587534e+00 7.5552548630218652e-01
4.7170039261249705e+00 7.5544506553398505e-01
4.7186202970911877e+00 7.5536464813018456e-01
4.7202366680574048e+00 7.5528423409175027e-01
4.7218530390236229e+00 7.5520382341964765e-01
4.7234694099898400e+00 7.5512341611484179e-01
4.7250857809560571e+00 7.5504301217829783e-01
4.7267021519222752e+00 7.5496261161098022e-01
4.7283185228884923e+00 7.5488221441385395e-01
4.7299348938547094e+00 7.5480182058788314e-01
4.7315512648209266e+00 7.5472143013403226e-01
4.7331676357871446e+00 7.5464104305326518e-01
4.7347840067533618e+00 7.5456065934654593e-01
4.7364003777195789e+00 7.5448027901483816e-01
4.7380167486857960e+00 7.5439990205910545e-01
4.7396331196520141e+00 7.5431952848031103e-01
4.7412494906182312e+00 7.5423915827941812e-01
4.7428658615844483e+00 7.5415879145738984e-01
4.7444822325506655e+00 7.5407842801518887e-01
4.7460986035168835e+00 7.5399806795377777e-01
4.7477149744831006e+00 7.5391771127411922e-01
4.7493313454493178e+00 7.5383735797717533e-01
4.7509477164155358e+00 7.5375700806390800e-01
4.7525640873817530e+00 7.5367666153527957e-01
4.7541804583479701e+00 7.5359631839225150e-01
4.7557968293141872e+00 7.5351597863578534e-01
4.7574132002804053e+00 7.5343564226684245e-01
4.7590295712466224e+00 7.5335530928638428e-01
4.7606459422128395e+00 7.5327497969537149e-01
4.7622623131790567e+00 7.5319465349476511e-01
4.7638786841452747e+00 7.5311433068552558e-01
4.7654950551114919e+00 7.5303401126861358e-01
4.7671114260777090e+00 7.5295369524498945e-01
4.7687277970439270e+00 7.5287338261561298e-01
4.7703441680101442e+00 7.5279307338144441e-01
4.7719605389763613e+00 7.5271276754344341e-01
4.7735769099425784e+00 7.5263246510256943e-01
4.7751932809087965e+00 7.5255216605978192e-01
4.7768096518750136e+00 7.5247187041604013e-01
4.7784260228412307e+00 7.5239157817230307e-01
4.7800423938074479e+00 7.5231128932952951e-01
4.7816587647736659e+00 7.5223100388867814e-01
4.7832751357398831e+00 7.5215072185070753e-01
4.7848915067061002e+00 7.5207044321657590e-01
4.7865078776723182e+00 7.5199016798724128e-01
4.7881242486385354e+00 7.5190989616366177e-01
4.7897406196047525e+00 7.5182962774679507e-01
4.7913569905709696e+00 7.5174936273759885e-01
4.7929733615371877e+00 7.5166910113703023e-01
4.7945897325034048e+00 7.5158884294604666e-01
4.7962061034696220e+00 7.5150858816560517e-01
4.7978224744358391e+00 7.5142833679666254e-01
4.7994388454020571e+00 7.5134808884017534e-01
4.8010552163682743e+00 7.5126784429710036e-01
4.8026715873344914e+00 7.5118760316839350e-01
4.8042879583007085e+00 7.5110736545501133e-01
4.8059043292669266e+00 7.5102713115790942e-01
4.8075207002331437e+00 7.5094690027804378e-01
4.8091370711993608e+00 7.5086667281636987e-01
4.8107534421655789e+00 7.5078644877384315e-01
4.8123698131317960e+00 7.5070622815141874e-01
4.8139861840980132e+00 7.5062601095005177e-01
4.8156025550642303e+00 7.5054579717069714e-01
4.8172189260304483e+00 7.5046558681430942e-01
4.8188352969966655e+00 7.5038537988184317e-01
4.8204516679628826e+00 7.5030517637425276e-01
4.8220680389290997e+00 7.5022497629249207e-01
4.8236844098953178e+00 7.5014477963751536e-01
4.8253007808615349e+00 7.5006458641027618e-01
4.8269171518277521e+00 7.4998439661172822e-01
4.8285335227939701e+00 7.4990421024282483e-01
4.8301498937601872e+00 7.4982402730451925e-01
4.8317662647264044e+00 7.4974384779776448e-01
4.8333826356926215e+00 7.4966367172351356e-01
4.8349990066588395e+00 7.4958349908271882e-01
4.8366153776250567e+00 7.4950332987633317e-01
4.8382317485912738e+00 7.4942316410530863e-01
4.8398481195574909e+00 7.4934300177059743e-01
4.8414644905237090e+00 7.4926284287315137e-01
4.8430808614899261e+00 7.4918268741392247e-01
4.8446972324561433e+00 7.4910253539386218e-01
4.8463136034223604e+00 7.4902238681392186e-01
4.8479299743885784e+00 7.4894224167505274e-01
4.8495463453547956e+00 7.4886209997820585e-01
4.8511627163210127e+00 7.4878196172433220e-01
4.8527790872872307e+00 7.4870182691438225e-01
4.8543954582534479e+00 7.4862169554930658e-01
4.8560118292196650e+00 7.4854156763005553e-01
4.8576282001858822e+00 7.4846144315757912e-01
4.8592445711521002e+00 7.4838132213282738e-01
4.8608609421183173e+00 7.4830120455675009e-01
4.8624773130845345e+00 7.4822109043029672e-01
4.8640936840507516e+00 7.4814097975441674e-01
4.8657100550169696e+00 7.4806087253005926e-01
4.8673264259831868e+00 7.4798076875817343e-01
4.8689427969494039e+00 7.4790066843970804e-01
4.8705591679156219e+00 7.4782057157561166e-01
4.8721755388818391e+00 7.4774047816683309e-01
4.8737919098480562e+00 7.4766038821432024e-01
4.8754082808142734e+00 7.4758030171902135e-01
4.8770246517804914e+00 7.4750021868188443e-01
4.8786410227467085e+00 7.4742013910385718e-01
4.8802573937129257e+00 7.4734006298588718e-01
4.8818737646791428e+00 7.4725999032892187e-01
4.8834901356453608e+00 7.4717992113390808e-01
4.8851065066115780e+00 7.4709985540179336e-01
4.8867228775777951e+00 7.4701979313352418e-01
4.8883392485440122e+00 7.4693973433004723e-01
4.8899556195102303e+00 7.4685967899230921e-01
4.8915719904764474e+00 7.4677962712125612e-01
4.8931883614426646e+00 7.4669957871783410e-01
4.8948047324088826e+00 7.4661953378298918e-01
4.8964211033750997e+00 7.4653949231766714e-01
4.8980374743413169e+00 7.4645945432281335e-01
4.8996538453075340e+00 7.4637941979937317e-01
4.9012702162737520e+00 7.4629938874829194e-01
4.9028865872399692e+00 7.4621936117051446e-01
4.9045029582061863e+00 7.4613933706698576e-01
4.9061193291724035e+00 7.4605931643865031e-01
4.9077357001386215e+00 7.4597929928645257e-01
4.9093520711048386e+00 7.4589928561133689e-01
4.9109684420710558e+00 7.4581927541424720e-01
4.9125848130372738e+00 7.4573926869612750e-01
4.9142011840034909e+00 7.4565926545792161e-01
4.9158175549697081e+00 7.4557926570057287e-01
4.9174339259359252e+00 7.4549926942502465e-01
4.9190502969021432e+00 7.4541927663222007e-01
4.9206666678683604e+00 7.4533928732310228e-01
4.9222830388345775e+00 7.4525930149861397e-01
4.9238994098007947e+00 7.4517931915969760e-01
4.9255157807670127e+00 7.4509934030729574e-01
4.9271321517332298e+00 7.4501936494235066e-01
4.9287485226994470e+00 7.4493939306580437e-01
4.9303648936656641e+00 7.4485942467859867e-01
4.9319812646318821e+00 7.4477945978167526e-01
4.9335976355980993e+00 7.4469949837597582e-01
4.9352140065643164e+00 7.4461954046244139e-01
4.9368303775305344e+00 7.4453958604201331e-01
4.9384467484967516e+00 7.4445963511563251e-01
4.9400631194629687e+00 7.4437968768423957e-01
4.9416794904291859e+00 7.4429974374877528e-01
4.9432958613954039e+00 7.4421980331017989e-01
4.9449122323616210e+00 7.4413986636939367e-01
4.9465286033278382e+00 7.4405993292735662e-01
4.9481449742940553e+00 7.4398000298500855e-01
4.9497613452602733e+00 7.4390007654328927e-01
4.9513777162264905e+00 7.4382015360313813e-01
4.9529940871927076e+00 7.4374023416549429e-01
4.9546104581589256e+00 7.4366031823129708e-01
4.9562268291251428e+00 7.4358040580148521e-01
4.9578432000913599e+00 7.4350049687699760e-01
4.9594595710575771e+00 7.4342059145877282e-01
4.9610759420237951e+00 7.4334068954774890e-01
4.9626923129900122e+00 7.4326079114486432e-01
4.9643086839562294e+00 7.4318089625105710e-01
4.9659250549224465e+00 7.4310100486726471e-01
4.9675414258886645e+00 7.4302111699442519e-01
4.9691577968548817e+00 7.4294123263347567e-01
4.9707741678210988e+00 7.4286135178535351e-01
4.9723905387873168e+00 7.4278147445099574e-01
4.9740069097535340e+00 7.4270160063133928e-01
4.9756232807197511e+00 7.4262173032732082e-01
4.9772396516859683e+00 7.4254186353987683e-01
4.9788560226521863e+00 7.4246200026994358e-01
4.9804723936184034e+00 7.4238214051845741e-01
4.9820887645846206e+00 7.4230228428635425e-01
4.9837051355508377e+00 7.4222243157456957e-01
4.9853215065170557e+00 7.4214258238403930e-01
4.9869378774832729e+00 7.4206273671569867e-01
4.9885542484494900e+00 7.4198289457048272e-01
4.9901706194157072e+00 7.4190305594932671e-01
4.9917869903819252e+00 7.4182322085316554e-01
4.9934033613481423e+00 7.4174338928293371e-01
4.9950197323143595e+00 7.4166356123956567e-01
4.9966361032805775e+00 7.4158373672399580e-01
4.9982524742467946e+00 7.4150391573715813e-01
4.9998688452130118e+00 7.4142409827998657e-01
5.0014852161792289e+00 7.4134428435341493e-01
5.0031015871454469e+00 7.4126447395837658e-01
5.0047179581116641e+00 7.4118466709580511e-01
5.0063343290778812e+00 7.4110486376663343e-01
5.0079507000440984e+00 7.4102506397179480e-01
5.0095670710103164e+00 7.4094526771222169e-01
5.0111834419765335e+00 7.4086547498884681e-01
5.0127998129427507e+00 7.4078568580260284e-01
5.0144161839089687e+00 7.4070590015442161e-01
5.0160325548751858e+00 7.4062611804523559e-01
5.0176489258414030e+00 7.4054633947597637e-01
5.0192652968076201e+00 7.4046656444757564e-01
5.0208816677738382e+00 7.4038679296096488e-01
5.0224980387400553e+00 7.4030702501707557e-01
5.0241144097062724e+00 7.4022726061683874e-01
5.0257307806724896e+00 7.4014749976118521e-01
5.0273471516387076e+00 7.4006774245104578e-01
5.0289635226049247e+00 7.3998798868735105e-01
5.0305798935711419e+00 7.3990823847103138e-01
5.0321962645373590e+00 7.3982849180301713e-01
5.0338126355035770e+00 7.3974874868423779e-01
5.0354290064697942e+00 7.3966900911562372e-01
5.0370453774360113e+00 7.3958927309810429e-01
5.0386617484022294e+00 7.3950954063260887e-01
5.0402781193684465e+00 7.3942981172006694e-01
5.0418944903346636e+00 7.3935008636140742e-01
5.0435108613008808e+00 7.3927036455755923e-01
5.0451272322670988e+00 7.3919064630945097e-01
5.0467436032333159e+00 7.3911093161801134e-01
5.0483599741995331e+00 7.3903122048416836e-01
5.0499763451657502e+00 7.3895151290885042e-01
5.0515927161319683e+00 7.3887180889298532e-01
5.0532090870981854e+00 7.3879210843750098e-01
5.0548254580644025e+00 7.3871241154332479e-01
5.0564418290306206e+00 7.3863271821138421e-01
5.0580581999968377e+00 7.3855302844260651e-01
5.0596745709630548e+00 7.3847334223791861e-01
5.0612909419292720e+00 7.3839365959824721e-01
5.0629073128954900e+00 7.3831398052451913e-01
5.0645236838617071e+00 7.3823430501766074e-01
5.0661400548279243e+00 7.3815463307859830e-01
5.0677564257941414e+00 7.3807496470825806e-01
5.0693727967603595e+00 7.3799529990756563e-01
5.0709891677265766e+00 7.3791563867744669e-01
5.0726055386927937e+00 7.3783598101882708e-01
5.0742219096590109e+00 7.3775632693263193e-01
5.0758382806252289e+00 7.3767667641978618e-01
5.0774546515914460e+00 7.3759702948121508e-01
5.0790710225576632e+00 7.3751738611784323e-01
5.0806873935238812e+00 7.3743774633059522e-01
5.0823037644900984e+00 7.3735811012039554e-01
5.0839201354563155e+00 7.3727847748816822e-01
5.0855365064225326e+00 7.3719884843483741e-01
5.0871528773887507e+00 7.3711922296132681e-01
5.0887692483549678e+00 7.3703960106856026e-01
5.0903856193211849e+00 7.3695998275746089e-01
5.0920019902874021e+00 7.3688036802895218e-01
5.0936183612536201e+00 7.3680075688395719e-01
5.0952347322198372e+00 7.3672114932339872e-01
5.0968511031860544e+00 7.3664154534819948e-01
5.0984674741522724e+00 7.3656194495928196e-01
5.1000838451184896e+00 7.3648234815756852e-01
5.1017002160847067e+00 7.3640275494398133e-01
5.1033165870509238e+00 7.3632316531944231e-01
5.1049329580171419e+00 7.3624357928487305e-01
5.1065493289833590e+00 7.3616399684119538e-01
5.1081656999495761e+00 7.3608441798933044e-01
5.1097820709157933e+00 7.3600484273019962e-01
5.1113984418820113e+00 7.3592527106472372e-01
5.1130148128482285e+00 7.3584570299382368e-01
5.1146311838144456e+00 7.3576613851842021e-01
5.1162475547806627e+00 7.3568657763943346e-01
5.1178639257468808e+00 7.3560702035778380e-01
5.1194802967130979e+00 7.3552746667439151e-01
5.1210966676793150e+00 7.3544791659017617e-01
5.1227130386455331e+00 7.3536837010605760e-01
5.1243294096117502e+00 7.3528882722295530e-01
5.1259457805779673e+00 7.3520928794178853e-01
5.1275621515441845e+00 7.3512975226347632e-01
5.1291785225104025e+00 7.3505022018893773e-01
5.1307948934766197e+00 7.3497069171909146e-01
5.1324112644428368e+00 7.3489116685485611e-01
5.1340276354090539e+00 7.3481164559714995e-01
5.1356440063752720e+00 7.3473212794689113e-01
5.1372603773414891e+00 7.3465261390499770e-01
5.1388767483077062e+00 7.3457310347238747e-01
5.1404931192739243e+00 7.3449359664997793e-01
5.1421094902401414e+00 7.3441409343868669e-01
5.1437258612063586e+00 7.3433459383943078e-01
5.1453422321725757e+00 7.3425509785312726e-01
5.1469586031387937e+00 7.3417560548069316e-01
5.1485749741050109e+00 7.3409611672304487e-01
5.1501913450712280e+00 7.3401663158109920e-01
5.1518077160374451e+00 7.3393715005577209e-01
5.1534240870036632e+00 7.3385767214797970e-01
5.1550404579698803e+00 7.3377819785863818e-01
5.1566568289360974e+00 7.3369872718866302e-01
5.1582731999023155e+00 7.3361926013896972e-01
5.1598895708685326e+00 7.3353979671047376e-01
5.1615059418347498e+00 7.3346033690409018e-01
5.1631223128009669e+00 7.3338088072073404e-01
5.1647386837671849e+00 7.3330142816131982e-01
5.1663550547334021e+00 7.3322197922676247e-01
5.1679714256996192e+00 7.3314253391797624e-01
5.1695877966658363e+00 7.3306309223587518e-01
5.1712041676320544e+00 7.3298365418137346e-01
5.1728205385982715e+00 7.3290421975538500e-01
5.1744369095644887e+00 7.3282478895882308e-01
5.1760532805307058e+00 7.3274536179260141e-01
5.1776696514969238e+00 7.3266593825763326e-01
5.1792860224631410e+00 7.3258651835483146e-01
5.1809023934293581e+00 7.3250710208510905e-01
5.1825187643955761e+00 7.3242768944937875e-01
5.1841351353617933e+00 7.3234828044855305e-01
5.1857515063280104e+00 7.3226887508354399e-01
5.1873678772942275e+00 7.3218947335526396e-01
5.1889842482604456e+00 7.3211007526462479e-01
5.1906006192266627e+00 7.3203068081253808e-01
5.1922169901928799e+00 7.3195128999991566e-01
5.1938333611590970e+00 7.3187190282766879e-01
5.1954497321253150e+00 7.3179251929670830e-01
5.1970661030915322e+00 7.3171313940794558e-01
5.1986824740577493e+00 7.3163376316229134e-01
5.2002988450239673e+00 7.3155439056065585e-01
5.2019152159901845e+00 7.3147502160394984e-01
5.2035315869564016e+00 7.3139565629308345e-01
5.2051479579226188e+00 7.3131629462896663e-01
5.2067643288888368e+00 7.3123693661250910e-01
5.2083806998550539e+00 7.3115758224462080e-01
5.2099970708212711e+00 7.3107823152621099e-01
5.2116134417874882e+00 7.3099888445818895e-01
5.2132298127537062e+00 7.3091954104146373e-01
5.2148461837199234e+00 7.3084020127694416e-01
5.2164625546861405e+00 7.3076086516553906e-01
5.2180789256523576e+00 7.3068153270815683e-01
5.2196952966185757e+00 7.3060220390570574e-01
5.2213116675847928e+00 7.3052287875909405e-01
5.2229280385510100e+00 7.3044355726922960e-01
5.2245444095172280e+00 7.3036423943702000e-01
5.2261607804834451e+00 7.3028492526337296e-01
5.2277771514496623e+00 7.3020561474919576e-01
5.2293935224158794e+00 7.3012630789539557e-01
5.2310098933820974e+00 7.3004700470287931e-01
5.2326262643483146e+00 7.2996770517255394e-01
5.2342426353145317e+00 7.2988840930532584e-01
5.2358590062807489e+00 7.2980911710210150e-01
5.2374753772469669e+00 7.2972982856378699e-01
5.2390917482131840e+00 7.2965054369128857e-01
5.2407081191794012e+00 7.2957126248551196e-01
5.2423244901456192e+00 7.2949198494736267e-01
5.2439408611118363e+00 7.2941271107774619e-01
5.2455572320780535e+00 7.2933344087756802e-01
5.2471736030442706e+00 7.2925417434773276e-01
5.2487899740104886e+00 7.2917491148914571e-01
5.2504063449767058e+00 7.2909565230271123e-01
5.2520227159429229e+00 7.2901639678933405e-01
5.2536390869091401e+00 7.2893714494991846e-01
5.2552554578753581e+00 7.2885789678536828e-01
5.2568718288415752e+00 7.2877865229658756e-01
5.2584881998077924e+00 7.2869941148448014e-01
5.2601045707740095e+00 7.2862017434994941e-01
5.2617209417402275e+00 7.2854094089389876e-01
5.2633373127064447e+00 7.2846171111723146e-01
5.2649536836726618e+00 7.2838248502085023e-01
5.2665700546388798e+00 7.2830326260565781e-01
5.2681864256050970e+00 7.2822404387255713e-01
5.2698027965713141e+00 7.2814482882245035e-01
5.2714191675375313e+00 7.2806561745623943e-01
5.2730355385037493e+00 7.2798640977482676e-01
5.2746519094699664e+00 7.2790720577911383e-01
5.2762682804361836e+00 7.2782800547000237e-01
5.2778846514024007e+00 7.2774880884839388e-01
5.2795010223686187e+00 7.2766961591518964e-01
5.2811173933348359e+00 7.2759042667129037e-01
5.2827337643010530e+00 7.2751124111759724e-01
5.2843501352672710e+00 7.2743205925501064e-01
5.2859665062334882e+00 7.2735288108443119e-01
5.2875828771997053e+00 7.2727370660675916e-01
5.2891992481659225e+00 7.2719453582289473e-01
5.2908156191321405e+00 7.2711536873373739e-01
5.2924319900983576e+00 7.2703620534018731e-01
5.2940483610645748e+00 7.2695704564314367e-01
5.2956647320307919e+00 7.2687788964350586e-01
5.2972811029970099e+00 7.2679873734217293e-01
5.2988974739632271e+00 7.2671958874004416e-01
5.3005138449294442e+00 7.2664044383801785e-01
5.3021302158956614e+00 7.2656130263699259e-01
5.3037465868618794e+00 7.2648216513786690e-01
5.3053629578280965e+00 7.2640303134153883e-01
5.3069793287943137e+00 7.2632390124890656e-01
5.3085956997605317e+00 7.2624477486086747e-01
5.3102120707267488e+00 7.2616565217831941e-01
5.3118284416929660e+00 7.2608653320215977e-01
5.3134448126591831e+00 7.2600741793328560e-01
5.3150611836254011e+00 7.2592830637259387e-01
5.3166775545916183e+00 7.2584919852098162e-01
5.3182939255578354e+00 7.2577009437934525e-01
5.3199102965240526e+00 7.2569099394858139e-01
5.3215266674902706e+00 7.2561189722958597e-01
5.3231430384564877e+00 7.2553280422325517e-01
5.3247594094227049e+00 7.2545371493048494e-01
5.3263757803889229e+00 7.2537462935217079e-01
5.3279921513551400e+00 7.2529554748920821e-01
5.3296085223213572e+00 7.2521646934249262e-01
5.3312248932875743e+00 7.2513739491291884e-01
5.3328412642537923e+00 7.2505832420138194e-01
5.3344576352200095e+00 7.2497925720877643e-01
5.3360740061862266e+00 7.2490019393599692e-01
5.3376903771524438e+00 7.2482113438393769e-01
5.3393067481186618e+00 7.2474207855349282e-01
5.3409231190848789e+00 7.2466302644555647e-01
5.3425394900510961e+00 7.2458397806102193e-01
5.3441558610173132e+00 7.2450493340078292e-01
5.3457722319835312e+00 7.2442589246573286e-01
5.3473886029497484e+00 7.2434685525676468e-01
5.3490049739159655e+00 7.2426782177477178e-01
5.3506213448821835e+00 7.2418879202064634e-01
5.3522377158484007e+00 7.2410976599528121e-01
5.3538540868146178e+00 7.2403074369956888e-01
5.3554704577808350e+00 7.2395172513440120e-01
5.3570868287470530e+00 7.2387271030067035e-01
5.3587031997132701e+00 7.2379369919926817e-01
5.3603195706794873e+00 7.2371469183108617e-01
5.3619359416457044e+00 7.2363568819701585e-01
5.3635523126119224e+00 7.2355668829794817e-01
5.3651686835781396e+00 7.2347769213477431e-01
5.3667850545443567e+00 7.2339869970838511e-01
5.3684014255105748e+00 7.2331971101967119e-01
5.3700177964767919e+00 7.2324072606952294e-01
5.3716341674430090e+00 7.2316174485883056e-01
5.3732505384092262e+00 7.2308276738848420e-01
5.3748669093754442e+00 7.2300379365937362e-01
5.3764832803416613e+00 7.2292482367238864e-01
5.3780996513078785e+00 7.2284585742841845e-01
5.3797160222740956e+00 7.2276689492835255e-01
5.3813323932403136e+00 7.2268793617307980e-01
5.3829487642065308e+00 7.2260898116348948e-01
5.3845651351727479e+00 7.2253002990046988e-01
5.3861815061389660e+00 7.2245108238490952e-01
5.3877978771051831e+00 7.2237213861769689e-01
5.3894142480714002e+00 7.2229319859972019e-01
5.3910306190376174e+00 7.2221426233186703e-01
5.3926469900038354e+00 7.2213532981502515e-01
5.3942633609700525e+00 7.2205640105008229e-01
5.3958797319362697e+00 7.2197747603792561e-01
5.3974961029024868e+00 7.2189855477944231e-01
5.3991124738687049e+00 7.2181963727551945e-01
5.4007288448349220e+00 7.2174072352704355e-01
5.4023452158011391e+00 7.2166181353490133e-01
5.4039615867673563e+00 7.2158290729997898e-01
5.4055779577335743e+00 7.2150400482316279e-01
5.4071943286997914e+00 7.2142510610533872e-01
5.4088106996660086e+00 7.2134621114739261e-01
5.4104270706322266e+00 7.2126731995020987e-01
5.4120434415984437e+00 7.2118843251467601e-01
5.4136598125646609e+00 7.2110954884167633e-01
5.4152761835308780e+00 7.2103066893209555e-01
5.4168925544970961e+00 7.2095179278681853e-01
5.4185089254633132e+00 7.2087292040673012e-01
5.4201252964295303e+00 7.2079405179271450e-01
5.4217416673957475e+00 7.2071518694565584e-01
5.4233580383619655e+00 7.2063632586643844e-01
5.4249744093281826e+00 7.2055746855594593e-01
5.4265907802943998e+00 7.2047861501506194e-01
5.4282071512606178e+00 7.2039976524467009e-01
5.4298235222268350e+00 7.2032091924565345e-01
5.4314398931930521e+00 7.2024207701889509e-01
5.4330562641592692e+00 7.2016323856527786e-01
5.4346726351254873e+00 7.2008440388568440e-01
5.4362890060917044e+00 7.2000557298099732e-01
5.4379053770579215e+00 7.1992674585209870e-01
5.4395217480241387e+00 7.1984792249987084e-01
5.4411381189903567e+00 7.1976910292519536e-01
5.4427544899565738e+00 7.1969028712895411e-01
5.4443708609227910e+00 7.1961147511202861e-01
5.4459872318890081e+00 7.1953266687530004e-01
5.4476036028552262e+00 7.1945386241964948e-01
5.4492199738214433e+00 7.1937506174595800e-01
5.4508363447876604e+00 7.1929626485510623e-01
5.4524527157538785e+00 7.1921747174797457e-01
5.4540690867200956e+00 7.1913868242544354e-01
5.4556854576863127e+00 7.1905989688839311e-01
5.4573018286525299e+00 7.1898111513770324e-01
5.4589181996187479e+00 7.1890233717425378e-01
5.4605345705849651e+00 7.1882356299892403e-01
5.4621509415511822e+00 7.1874479261259350e-01
5.4637673125173993e+00 7.1866602601614127e-01
5.4653836834836174e+00 7.1858726321044641e-01
5.4670000544498345e+00 7.1850850419638757e-01
5.4686164254160516e+00 7.1842974897484335e-01
5.4702327963822697e+00 7.1835099754669207e-01
5.4718491673484868e+00 7.1827224991281191e-01
5.4734655383147039e+00 7.1819350607408095e-01
5.4750819092809211e+00 7.1811476603137681e-01
5.4766982802471391e+00 7.1803602978557701e-01
5.4783146512133563e+00 7.1795729733755920e-01
5.4799310221795734e+00 7.1787856868820055e-01
5.4815473931457905e+00 7.1779984383837769e-01
5.4831637641120086e+00 7.1772112278896771e-01
5.4847801350782257e+00 7.1764240554084746e-01
5.4863965060444428e+00 7.1756369209489268e-01
5.4880128770106600e+00 7.1748498245198022e-01
5.4896292479768780e+00 7.1740627661298562e-01
5.4912456189430952e+00 7.1732757457878504e-01
5.4928619899093123e+00 7.1724887635025392e-01
5.4944783608755303e+00 7.1717018192826787e-01
5.4960947318417475e+00 7.1709149131370176e-01
5.4977111028079646e+00 7.1701280450743099e-01
5.4993274737741817e+00 7.1693412151033020e-01
5.5009438447403998e+00 7.1685544232327414e-01
5.5025602157066169e+00 7.1677676694713721e-01
5.5041765866728340e+00 7.1669809538279372e-01
5.5057929576390512e+00 7.1661942763111763e-01
5.5074093286052692e+00 7.1654076369298281e-01
5.5090256995714864e+00 7.1646210356926288e-01
5.5106420705377035e+00 7.1638344726083147e-01
5.5122584415039215e+00 7.1630479476856168e-01
5.5138748124701387e+00 7.1622614609332669e-01
5.5154911834363558e+00 7.1614750123599924e-01
5.5171075544025729e+00 7.1606886019745231e-01
5.5187239253687910e+00 7.1599022297855797e-01
5.5203402963350081e+00 7.1591158958018886e-01
5.5219566673012253e+00 7.1583296000321672e-01
5.5235730382674424e+00 7.1575433424851376e-01
5.5251894092336604e+00 7.1567571231695160e-01
5.5268057801998776e+00 7.1559709420940165e-01
5.5284221511660947e+00 7.1551847992673534e-01
5.5300385221323118e+00 7.1543986946982363e-01
5.5316548930985299e+00 7.1536126283953738e-01
5.5332712640647470e+00 7.1528266003674756e-01
5.5348876350309641e+00 7.1520406106232459e-01
5.5365040059971822e+00 7.1512546591713866e-01
5.5381203769633993e+00 7.1504687460205996e-01
5.5397367479296165e+00 7.1496828711795857e-01
5.5413531188958336e+00 7.1488970346570391e-01
5.5429694898620516e+00 7.1481112364616561e-01
5.5445858608282688e+00 7.1473254766021332e-01
5.5462022317944859e+00 7.1465397550871579e-01
5.5478186027607030e+00 7.1457540719254209e-01
5.5494349737269211e+00 7.1449684271256109e-01
5.5510513446931382e+00 7.1441828206964120e-01
5.5526677156593554e+00 7.1433972526465062e-01
5.5542840866255734e+00 7.1426117229845776e-01
5.5559004575917905e+00 7.1418262317193060e-01
5.5575168285580077e+00 7.1410407788593666e-01
5.5591331995242248e+00 7.1402553644134370e-01
5.5607495704904428e+00 7.1394699883901902e-01
5.5623659414566600e+00 7.1386846507982971e-01
5.5639823124228771e+00 7.1378993516464284e-01
5.5655986833890942e+00 7.1371140909432529e-01
5.5672150543553123e+00 7.1363288686974324e-01
5.5688314253215294e+00 7.1355436849176335e-01
5.5704477962877466e+00 7.1347585396125202e-01
5.5720641672539637e+00 7.1339734327907467e-01
5.5736805382201817e+00 7.1331883644609739e-01
5.5752969091863989e+00 7.1324033346318605e-01
5.5769132801526160e+00 7.1316183433120550e-01
5.5785296511188340e+00 7.1308333905102117e-01
5.5801460220850512e+00 7.1300484762349825e-01
5.5817623930512683e+00 7.1292636004950127e-01
5.5833787640174855e+00 7.1284787632989488e-01
5.5849951349837035e+00 7.1276939646554371e-01
5.5866115059499206e+00 7.1269092045731153e-01
5.5882278769161378e+00 7.1261244830606263e-01
5.5898442478823549e+00 7.1253398001266088e-01
5.5914606188485729e+00 7.1245551557796960e-01
5.5930769898147901e+00 7.1237705500285253e-01
5.5946933607810072e+00 7.1229859828817266e-01
5.5963097317472252e+00 7.1222014543479306e-01
5.5979261027134424e+00 7.1214169644357661e-01
5.5995424736796595e+00 7.1206325131538595e-01
5.6011588446458767e+00 7.1198481005108327e-01
5.6027752156120947e+00 7.1190637265153112e-01
5.6043915865783118e+00 7.1182793911759124e-01
5.6060079575445290e+00 7.1174950945012572e-01
5.6076243285107461e+00 7.1167108364999598e-01
5.6092406994769641e+00 7.1159266171806346e-01
5.6108570704431813e+00 7.1151424365518956e-01
5.6124734414093984e+00 7.1143582946223516e-01
5.6140898123756164e+00 7.1135741914006123e-01
5.6157061833418336e+00 7.1127901268952831e-01
5.6173225543080507e+00 7.1120061011149682e-01
5.6189389252742679e+00 7.1112221140682697e-01
5.6205552962404859e+00 7.1104381657637905e-01
5.6221716672067030e+00 7.1096542562101261e-01
5.6237880381729202e+00 7.1088703854158752e-01
5.6254044091391373e+00 7.1080865533896298e-01
5.6270207801053553e+00 7.1073027601399841e-01
5.6286371510715725e+00 7.1065190056755290e-01
5.6302535220377896e+00 7.1057352900048532e-01
5.6318698930040068e+00 7.1049516131365409e-01
5.6334862639702248e+00 7.1041679750791786e-01
5.6351026349364419e+00 7.1033843758413484e-01
5.6367190059026591e+00 7.1026008154316322e-01
5.6383353768688771e+00 7.1018172938586055e-01
5.6399517478350942e+00 7.1010338111308480e-01
5.6415681188013114e+00 7.1002503672569328e-01
5.6431844897675285e+00 7.0994669622454332e-01
5.6448008607337465e+00 7.0986835961049199e-01
5.6464172316999637e+00 7.0979002688439596e-01
5.6480336026661808e+00 7.0971169804711209e-01
5.6496499736323980e+00 7.0963337309949692e-01
5.6512663445986160e+00 7.0955505204240654e-01
5.6528827155648331e+00 7.0947673487669705e-01
5.6544990865310503e+00 7.0939842160322453e-01
5.6561154574972683e+00 7.0932011222284430e-01
5.6577318284634854e+00 7.0924180673641213e-01
5.6593481994297026e+00 7.0916350514478310e-01
5.6609645703959197e+00 7.0908520744881254e-01
5.6625809413621377e+00 7.0900691364935486e-01
5.6641973123283549e+00 7.0892862374726540e-01
5.6658136832945720e+00 7.0885033774339812e-01
5.6674300542607892e+00 7.0877205563860735e-01
5.6690464252270072e+00 7.0869377743374729e-01
5.6706627961932243e+00 7.0861550312967192e-01
5.6722791671594415e+00 7.0853723272723479e-01
5.6738955381256586e+00 7.0845896622728932e-01
5.6755119090918766e+00 7.0838070363068895e-01
5.6771282800580938e+00 7.0830244493828665e-01
5.6787446510243109e+00 7.0822419015093530e-01
5.6803610219905289e+00 7.0814593926948766e-01
5.6819773929567461e+00 7.0806769229479616e-01
5.6835937639229632e+00 7.0798944922771312e-01
5.6852101348891804e+00 7.0791121006909064e-01
5.6868265058553984e+00 7.0783297481978047e-01
5.6884428768216155e+00 7.0775474348063461e-01
5.6900592477878327e+00 7.0767651605250426e-01
5.6916756187540498e+00 7.0759829253624074e-01
5.6932919897202678e+00 7.0752007293269514e-01
5.6949083606864850e+00 7.0744185724271846e-01
5.6965247316527021e+00 7.0736364546716146e-01
5.6981411026189202e+00 7.0728543760687423e-01
5.6997574735851373e+00 7.0720723366270755e-01
5.7013738445513544e+00 7.0712903363551127e-01
5.7029902155175716e+00 7.0705083752613529e-01
5.7046065864837896e+00 7.0697264533542925e-01
5.7062229574500067e+00 7.0689445706424281e-01
5.7078393284162239e+00 7.0681627271342506e-01
5.7094556993824410e+00 7.0673809228382523e-01
5.7110720703486590e+00 7.0665991577629206e-01
5.7126884413148762e+00 7.0658174319167455e-01
5.7143048122810933e+00 7.0650357453082080e-01
5.7159211832473105e+00 7.0642540979457946e-01
5.7175375542135285e+00 7.0634724898379830e-01
5.7191539251797456e+00 7.0626909209932554e-01
5.7207702961459628e+00 7.0619093914200848e-01
5.7223866671121808e+00 7.0611279011269490e-01
5.7240030380783979e+00 7.0603464501223212e-01
5.7256194090446151e+00 7.0595650384146713e-01
5.7272357800108322e+00 7.0587836660124670e-01
5.7288521509770503e+00 7.0580023329241759e-01
5.7304685219432674e+00 7.0572210391582657e-01
5.7320848929094845e+00 7.0564397847231963e-01
5.7337012638757017e+00 7.0556585696274288e-01
5.7353176348419197e+00 7.0548773938794218e-01
5.7369340058081368e+00 7.0540962574876342e-01
5.7385503767743540e+00 7.0533151604605182e-01
5.7401667477405720e+00 7.0525341028065291e-01
5.7417831187067891e+00 7.0517530845341181e-01
5.7433994896730063e+00 7.0509721056517305e-01
5.7450158606392234e+00 7.0501911661678163e-01
5.7466322316054415e+00 7.0494102660908209e-01
5.7482486025716586e+00 7.0486294054291831e-01
5.7498649735378757e+00 7.0478485841913496e-01
5.7514813445040929e+00 7.0470678023857536e-01
5.7530977154703109e+00 7.0462870600208349e-01
5.7547140864365280e+00 7.0455063571050291e-01
5.7563304574027452e+00 7.0447256936467673e-01
5.7579468283689623e+00 7.0439450696544803e-01
5.7595631993351804e+00 7.0431644851365971e-01
5.7611795703013975e+00 7.0423839401015453e-01
5.7627959412676146e+00 7.0416034345577483e-01
5.7644123122338327e+00 7.0408229685136314e-01
5.7660286832000498e+00 7.0400425419776136e-01
5.7676450541662669e+00 7.0392621549581125e-01
5.7692614251324841e+00 7.0384818074635469e-01
5.7708777960987021e+00 7.0377014995023313e-01
5.7724941670649192e+00 7.0369212310828766e-01
5.7741105380311364e+00 7.0361410022135962e-01
5.7757269089973535e+00 7.0353608129028977e-01
5.7773432799635716e+00 7.0345806631591867e-01
5.7789596509297887e+00 7.0338005529908698e-01
5.7805760218960058e+00 7.0330204824063491e-01
5.7821923928622239e+00 7.0322404514140224e-01
5.7838087638284410e+00 7.0314604600222941e-01
5.7854251347946581e+00 7.0306805082395563e-01
5.7870415057608753e+00 7.0299005960742056e-01
5.7886578767270933e+00 7.0291207235346320e-01
5.7902742476933104e+00 7.0283408906292300e-01
5.7918906186595276e+00 7.0275610973663860e-01
5.7935069896257447e+00 7.0267813437544879e-01
5.7951233605919628e+00 7.0260016298019190e-01
5.7967397315581799e+00 7.0252219555170614e-01
5.7983561025243970e+00 7.0244423209082973e-01
5.7999724734906151e+00 7.0236627259840034e-01
5.8015888444568322e+00 7.0228831707525585e-01
5.8032052154230493e+00 7.0221036552223348e-01
5.8048215863892665e+00 7.0213241794017067e-01
5.8064379573554845e+00 7.0205447432990431e-01
5.8080543283217017e+00 7.0197653469227128e-01
5.8096706992879188e+00 7.0189859902810836e-01
5.8112870702541359e+00 7.0182066733825199e-01
5.8129034412203540e+00 7.0174273962353817e-01
5.8145198121865711e+00 7.0166481588480312e-01
5.8161361831527882e+00 7.0158689612288283e-01
5.8177525541190054e+00 7.0150898033861253e-01
5.8193689250852234e+00 7.0143106853282799e-01
5.8209852960514405e+00 7.0135316070636433e-01
5.8226016670176577e+00 7.0127525686005654e-01
5.8242180379838757e+00 7.0119735699473951e-01
5.8258344089500929e+00 7.0111946111124790e-01
5.8274507799163100e+00 7.0104156921041616e-01
5.8290671508825271e+00 7.0096368129307840e-01
5.8306835218487452e+00 7.0088579736006862e-01
5.8322998928149623e+00 7.0080791741222082e-01
5.8339162637811794e+00 7.0073004145036832e-01
5.8355326347473966e+00 7.0065216947534492e-01
5.8371490057136146e+00 7.0057430148798350e-01
5.8387653766798318e+00 7.0049643748911739e-01
5.8403817476460489e+00 7.0041857747957903e-01
5.8419981186122669e+00 7.0034072146020143e-01
5.8436144895784841e+00 7.0026286943181670e-01
5.8452308605447012e+00 7.0018502139525718e-01
5.8468472315109183e+00 7.0010717735135475e-01
5.8484636024771364e+00 7.0002933730094130e-01
5.8500799734433535e+00 6.9995150124484851e-01
5.8516963444095706e+00 6.9987366918390759e-01
5.8533127153757878e+00 6.9979584111894977e-01
5.8549290863420058e+00 6.9971801705080616e-01
5.8565454573082230e+00 6.9964019698030766e-01
5.8581618282744401e+00 6.9956238090828449e-01
5.8597781992406572e+00 6.9948456883556731e-01
5.8613945702068753e+00 6.9940676076298613e-01
5.8630109411730924e+00 6.9932895669137107e-01
5.8646273121393095e+00 6.9925115662155179e-01
5.8662436831055276e+00 6.9917336055435808e-01
5.8678600540717447e+00 6.9909556849061905e-01
5.8694764250379619e+00 6.9901778043116392e-01
5.8710927960041790e+00 6.9893999637682191e-01
5.8727091669703970e+00 6.9886221632842149e-01
5.8743255379366142e+00 6.9878444028679132e-01
5.8759419089028313e+00 6.9870666825275973e-01
5.8775582798690484e+00 6.9862890022715496e-01
5.8791746508352665e+00 6.9855113621080489e-01
5.8807910218014836e+00 6.9847337620453731e-01
5.8824073927677007e+00 6.9839562020917967e-01
5.8840237637339188e+00 6.9831786822555952e-01
5.8856401347001359e+00 6.9824012025450388e-01
5.8872565056663531e+00 6.9816237629683964e-01
5.8888728766325702e+00 6.9808463635339368e-01
5.8904892475987882e+00 6.9800690042499225e-01
5.8921056185650054e+00 6.9792916851246201e-01
5.8937219895312225e+00 6.9785144061662896e-01
5.8953383604974396e+00 6.9777371673831901e-01
5.8969547314636577e+00 6.9769599687835782e-01
5.8985711024298748e+00 6.9761828103757106e-01
5.9001874733960920e+00 6.9754056921678398e-01
5.9018038443623091e+00 6.9746286141682168e-01
5.9034202153285271e+00 6.9738515763850906e-01
5.9050365862947443e+00 6.9730745788267079e-01
5.9066529572609614e+00 6.9722976215013144e-01
5.9082693282271794e+00 6.9715207044171534e-01
5.9098856991933966e+00 6.9707438275824651e-01
5.9115020701596137e+00 6.9699669910054896e-01
5.9131184411258308e+00 6.9691901946944623e-01
5.9147348120920489e+00 6.9684134386576191e-01
5.9163511830582660e+00 6.9676367229031921e-01
5.9179675540244832e+00 6.9668600474394138e-01
5.9195839249907003e+00 6.9660834122745108e-01
5.9212002959569183e+00 6.9653068174167099e-01
5.9228166669231355e+00 6.9645302628742378e-01
5.9244330378893526e+00 6.9637537486553169e-01
5.9260494088555706e+00 6.9629772747681673e-01
5.9276657798217878e+00 6.9622008412210068e-01
5.9292821507880049e+00 6.9614244480220522e-01
5.9308985217542221e+00 6.9606480951795180e-01
5.9325148927204401e+00 6.9598717827016188e-01
5.9341312636866572e+00 6.9590955105965624e-01
5.9357476346528744e+00 6.9583192788725579e-01
5.9373640056190915e+00 6.9575430875378141e-01
5.9389803765853095e+00 6.9567669366005314e-01
5.9405967475515267e+00 6.9559908260689152e-01
5.9422131185177438e+00 6.9552147559511646e-01
5.9438294894839609e+00 6.9544387262554785e-01
5.9454458604501790e+00 6.9536627369900517e-01
5.9470622314163961e+00 6.9528867881630796e-01
5.9486786023826133e+00 6.9521108797827547e-01
5.9502949733488313e+00 6.9513350118572659e-01
5.9519113443150484e+00 6.9505591843948022e-01
5.9535277152812656e+00 6.9497833974035494e-01
5.9551440862474827e+00 6.9490076508916920e-01
5.9567604572137007e+00 6.9482319448674112e-01
5.9583768281799179e+00 6.9474562793388861e-01
5.9599931991461350e+00 6.9466806543142967e-01
5.9616095701123522e+00 6.9459050698018165e-01
5.9632259410785702e+00 6.9451295258096213e-01
5.9648423120447873e+00 6.9443540223458822e-01
5.9664586830110045e+00 6.9435785594187704e-01
5.9680750539772225e+00 6.9428031370364496e-01
5.9696914249434396e+00 6.9420277552070897e-01
5.9713077959096568e+00 6.9412524139388521e-01
5.9729241668758739e+00 6.9404771132398979e-01
5.9745405378420919e+00 6.9397018531183874e-01
5.9761569088083091e+00 6.9389266335824795e-01
5.9777732797745262e+00 6.9381514546403289e-01
5.9793896507407434e+00 6.9373763163000868e-01
5.9810060217069614e+00 6.9366012185699066e-01
5.9826223926731785e+00 6.9358261614579375e-01
5.9842387636393957e+00 6.9350511449723262e-01
5.9858551346056137e+00 6.9342761691212185e-01
5.9874715055718308e+00 6.9335012339127566e-01
5.9890878765380480e+00 6.9327263393550831e-01
5.9907042475042651e+00 6.9319514854563358e-01
5.9923206184704831e+00 6.9311766722246526e-01
5.9939369894367003e+00 6.9304018996681682e-01
5.9955533604029174e+00 6.9296271677950161e-01
5.9971697313691346e+00 6.9288524766133264e-01
5.9987861023353526e+00 6.9280778261312270e-01
6.0004024733015697e+00 6.9273032163568482e-01
6.0020188442677869e+00 6.9265286472983112e-01
6.0036352152340040e+00 6.9257541189637406e-01
6.0052515862002220e+00 6.9249796313612566e-01
6.0068679571664392e+00 6.9242051844989772e-01
6.0084843281326563e+00 6.9234307783850202e-01
6.0101006990988743e+00 6.9226564130274992e-01
6.0117170700650915e+00 6.9218820884345278e-01
6.0133334410313086e+00 6.9211078046142149e-01
6.0149498119975258e+00 6.9203335615746708e-01
6.0165661829637438e+00 6.9195593593240001e-01
6.0181825539299609e+00 6.9187851978703085e-01
6.0197989248961781e+00 6.9180110772216974e-01
6.0214152958623952e+00 6.9172369973862669e-01
6.0230316668286132e+00 6.9164629583721160e-01
6.0246480377948304e+00 6.9156889601873406e-01
6.0262644087610475e+00 6.9149150028400341e-01
6.0278807797272655e+00 6.9141410863382902e-01
6.0294971506934827e+00 6.9133672106901967e-01
6.0311135216596998e+00 6.9125933759038416e-01
6.0327298926259170e+00 6.9118195819873129e-01
6.0343462635921350e+00 6.9110458289486931e-01
6.0359626345583521e+00 6.9102721167960635e-01
6.0375790055245693e+00 6.9094984455375053e-01
6.0391953764907864e+00 6.9087248151810954e-01
6.0408117474570044e+00 6.9079512257349074e-01
6.0424281184232216e+00 6.9071776772070193e-01
6.0440444893894387e+00 6.9064041696055001e-01
6.0456608603556559e+00 6.9056307029384167e-01
6.0472772313218739e+00 6.9048572772138417e-01
6.0488936022880910e+00 6.9040838924398362e-01
6.0505099732543082e+00 6.9033105486244661e-01
6.0521263442205262e+00 6.9025372457757916e-01
6.0537427151867433e+00 6.9017639839018718e-01
6.0553590861529605e+00 6.9009907630107648e-01
6.0569754571191776e+00 6.9002175831105239e-01
6.0585918280853956e+00 6.8994444442092040e-01
6.0602081990516128e+00 6.8986713463148552e-01
6.0618245700178299e+00 6.8978982894355267e-01
6.0634409409840471e+00 6.8971252735792665e-01
6.0650573119502651e+00 6.8963522987541170e-01
6.0666736829164822e+00 6.8955793649681230e-01
6.0682900538826994e+00 6.8948064722293234e-01
6.0699064248489174e+00 6.8940336205457586e-01
6.0715227958151345e+00 6.8932608099254633e-01
6.0731391667813517e+00 6.8924880403764754e-01
6.0747555377475688e+00 6.8917153119068242e-01
6.0763719087137869e+00 6.8909426245245409e-01
6.0779882796800040e+00 6.8901699782376546e-01
6.0796046506462211e+00 6.8893973730541913e-01
6.0812210216124383e+00 6.8886248089821756e-01
6.0828373925786563e+00 6.8878522860296298e-01
6.0844537635448734e+00 6.8870798042045722e-01
6.0860701345110906e+00 6.8863073635150229e-01
6.0876865054773077e+00 6.8855349639689978e-01
6.0893028764435257e+00 6.8847626055745104e-01
6.0909192474097429e+00 6.8839902883395721e-01
6.0925356183759600e+00 6.8832180122721942e-01
6.0941519893421781e+00 6.8824457773803827e-01
6.0957683603083952e+00 6.8816735836721454e-01
6.0973847312746123e+00 6.8809014311554839e-01
6.0990011022408295e+00 6.8801293198384017e-01
6.1006174732070475e+00 6.8793572497288968e-01
6.1022338441732646e+00 6.8785852208349685e-01
6.1038502151394818e+00 6.8778132331646114e-01
6.1054665861056989e+00 6.8770412867258179e-01
6.1070829570719170e+00 6.8762693815265796e-01
6.1086993280381341e+00 6.8754975175748867e-01
6.1103156990043512e+00 6.8747256948787272e-01
6.1119320699705693e+00 6.8739539134460848e-01
6.1135484409367864e+00 6.8731821732849419e-01
6.1151648119030035e+00 6.8724104744032810e-01
6.1167811828692207e+00 6.8716388168090803e-01
6.1183975538354387e+00 6.8708672005103177e-01
6.1200139248016558e+00 6.8700956255149670e-01
6.1216302957678730e+00 6.8693240918310017e-01
6.1232466667340901e+00 6.8685525994663932e-01
6.1248630377003082e+00 6.8677811484291063e-01
6.1264794086665253e+00 6.8670097387271123e-01
6.1280957796327424e+00 6.8662383703683738e-01
6.1297121505989596e+00 6.8654670433608533e-01
6.1313285215651776e+00 6.8646957577125101e-01
6.1329448925313947e+00 6.8639245134313054e-01
6.1345612634976119e+00 6.8631533105251930e-01
6.1361776344638299e+00 6.8623821490021264e-01
6.1377940054300471e+00 6.8616110288700616e-01
6.1394103763962642e+00 6.8608399501369455e-01
6.1410267473624813e+00 6.8600689128107262e-01
6.1426431183286994e+00 6.8592979168993518e-01
6.1442594892949165e+00 6.8585269624107636e-01
6.1458758602611336e+00 6.8577560493529044e-01
6.1474922312273508e+00 6.8569851777337143e-01
6.1491086021935688e+00 6.8562143475611315e-01
6.1507249731597859e+00 6.8554435588430906e-01
6.1523413441260031e+00 6.8546728115875255e-01
6.1539577150922211e+00 6.8539021058023675e-01
6.1555740860584383e+00 6.8531314414955458e-01
6.1571904570246554e+00 6.8523608186749885e-01
6.1588068279908725e+00 6.8515902373486215e-01
6.1604231989570906e+00 6.8508196975243651e-01
6.1620395699233077e+00 6.8500491992101442e-01
6.1636559408895248e+00 6.8492787424138757e-01
6.1652723118557420e+00 6.8485083271434766e-01
6.1668886828219600e+00 6.8477379534068628e-01
6.1685050537881772e+00 6.8469676212119457e-01
6.1701214247543943e+00 6.8461973305666379e-01
6.1717377957206114e+00 6.8454270814788476e-01
6.1733541666868295e+00 6.8446568739564806e-01
6.1749705376530466e+00 6.8438867080074406e-01
6.1765869086192637e+00 6.8431165836396346e-01
6.1782032795854818e+00 6.8423465008609574e-01
6.1798196505516989e+00 6.8415764596793116e-01
6.1814360215179160e+00 6.8408064601025909e-01
6.1830523924841332e+00 6.8400365021386922e-01
6.1846687634503512e+00 6.8392665857955048e-01
6.1862851344165684e+00 6.8384967110809203e-01
6.1879015053827855e+00 6.8377268780028266e-01
6.1895178763490026e+00 6.8369570865691098e-01
6.1911342473152207e+00 6.8361873367876536e-01
6.1927506182814378e+00 6.8354176286663393e-01
6.1943669892476549e+00 6.8346479622130474e-01
6.1959833602138730e+00 6.8338783374356549e-01
6.1975997311800901e+00 6.8331087543420388e-01
6.1992161021463073e+00 6.8323392129400717e-01
6.2008324731125244e+00 6.8315697132376241e-01
6.2024488440787424e+00 6.8308002552425673e-01
6.2040652150449596e+00 6.8300308389627662e-01
6.2056815860111767e+00 6.8292614644060889e-01
6.2072979569773938e+00 6.8284921315803970e-01
6.2089143279436119e+00 6.8277228404935508e-01
6.2105306989098290e+00 6.8269535911534107e-01
6.2121470698760461e+00 6.8261843835678326e-01
6.2137634408422642e+00 6.8254152177446725e-01
6.2153798118084813e+00 6.8246460936917841e-01
6.2169961827746985e+00 6.8238770114170144e-01
6.2186125537409156e+00 6.8231079709282150e-01
6.2202289247071336e+00 6.8223389722332317e-01
6.2218452956733508e+00 6.8215700153399084e-01
6.2234616666395679e+00 6.8208011002560887e-01
6.2250780376057850e+00 6.8200322269896141e-01
6.2266944085720031e+00 6.8192633955483184e-01
6.2283107795382202e+00 6.8184946059400420e-01
6.2299271505044373e+00 6.8177258581726163e-01
6.2315435214706545e+00 6.8169571522538752e-01
6.2331598924368725e+00 6.8161884881916479e-01
6.2347762634030897e+00 6.8154198659937637e-01
6.2363926343693068e+00 6.8146512856680452e-01
6.2380090053355248e+00 6.8138827472223185e-01
6.2396253763017420e+00 6.8131142506644049e-01
6.2412417472679591e+00 6.8123457960021239e-01
6.2428581182341762e+00 6.8115773832432924e-01
6.2444744892003943e+00 6.8108090123957266e-01
6.2460908601666114e+00 6.8100406834672389e-01
6.2477072311328286e+00 6.8092723964656421e-01
6.2493236020990457e+00 6.8085041513987443e-01
6.2509399730652637e+00 6.8077359482743516e-01
6.2525563440314809e+00 6.8069677871002710e-01
6.2541727149976980e+00 6.8061996678843051e-01
6.2557890859639160e+00 6.8054315906342522e-01
6.2574054569301332e+00 6.8046635553579138e-01
6.2590218278963503e+00 6.8038955620630870e-01
6.2606381988625674e+00 6.8031276107575644e-01
6.2622545698287855e+00 6.8023597014491388e-01
6.2638709407950026e+00 6.8015918341456016e-01
6.2654873117612198e+00 6.8008240088547400e-01
6.2671036827274369e+00 6.8000562255843433e-01
6.2687200536936549e+00 6.7992884843421908e-01
6.2703364246598721e+00 6.7985207851360685e-01
6.2719527956260892e+00 6.7977531279737557e-01
6.2735691665923063e+00 6.7969855128630297e-01
6.2751855375585244e+00 6.7962179398116651e-01
6.2768019085247415e+00 6.7954504088274381e-01
6.2784182794909587e+00 6.7946829199181191e-01
6.2800346504571767e+00 6.7939154730914786e-01
6.2816510214233938e+00 6.7931480683552825e-01
6.2832673923896110e+00 6.7923807057172980e-01
6.2848837633558281e+00 6.7916133851852867e-01
6.2865001343220461e+00 6.7908461067670123e-01
6.2881165052882633e+00 6.7900788704702320e-01
6.2897328762544804e+00 6.7893116763027039e-01
6.2913492472206975e+00 6.7885445242721820e-01
6.2929656181869156e+00 6.7877774143864200e-01
6.2945819891531327e+00 6.7870103466531695e-01
6.2961983601193499e+00 6.7862433210801787e-01
6.2978147310855679e+00 6.7854763376751914e-01
6.2994311020517850e+00 6.7847093964459582e-01
6.3010474730180022e+00 6.7839424974002160e-01
6.3026638439842193e+00 6.7831756405457078e-01
6.3042802149504373e+00 6.7824088258901716e-01
6.3058965859166545e+00 6.7816420534413457e-01
6.3075129568828716e+00 6.7808753232069596e-01
6.3091293278490888e+00 6.7801086351947504e-01
6.3107456988153068e+00 6.7793419894124440e-01
6.3123620697815239e+00 6.7785753858677700e-01
6.3139784407477411e+00 6.7778088245684553e-01
6.3155948117139582e+00 6.7770423055222229e-01
6.3172111826801762e+00 6.7762758287367919e-01
6.3188275536463934e+00 6.7755093942198863e-01
6.3204439246126105e+00 6.7747430019792210e-01
6.3220602955788285e+00 6.7739766520225109e-01
6.3236766665450457e+00 6.7732103443574709e-01
6.3252930375112628e+00 6.7724440789918117e-01
6.3269094084774800e+00 6.7716778559332413e-01
6.3285257794436980e+00 6.7709116751894682e-01
6.3301421504099151e+00 6.7701455367681973e-01
6.3317585213761323e+00 6.7693794406771302e-01
6.3333748923423494e+00 6.7686133869239673e-01
6.3349912633085674e+00 6.7678473755164104e-01
6.3366076342747846e+00 6.7670814064621521e-01
6.3382240052410017e+00 6.7663154797688896e-01
6.3398403762072197e+00 6.7655495954443157e-01
6.3414567471734369e+00 6.7647837534961175e-01
6.3430731181396540e+00 6.7640179539319867e-01
6.3446894891058712e+00 6.7632521967596082e-01
6.3463058600720892e+00 6.7624864819866637e-01
6.3479222310383063e+00 6.7617208096208392e-01
6.3495386020045235e+00 6.7609551796698120e-01
6.3511549729707406e+00 6.7601895921412591e-01
6.3527713439369586e+00 6.7594240470428590e-01
6.3543877149031758e+00 6.7586585443822833e-01
6.3560040858693929e+00 6.7578930841672036e-01
6.3576204568356101e+00 6.7571276664052904e-01
6.3592368278018281e+00 6.7563622911042098e-01
6.3608531987680452e+00 6.7555969582716269e-01
6.3624695697342624e+00 6.7548316679152054e-01
6.3640859407004804e+00 6.7540664200426059e-01
6.3657023116666975e+00 6.7533012146614890e-01
6.3673186826329147e+00 6.7525360517795097e-01
6.3689350535991318e+00 6.7517709314043217e-01
6.3705514245653498e+00 6.7510058535435813e-01
6.3721677955315670e+00 6.7502408182049356e-01
6.3737841664977841e+00 6.7494758253960341e-01
6.3754005374640013e+00 6.7487108751245239e-01
6.3770169084302193e+00 6.7479459673980480e-01
6.3786332793964364e+00 6.7471811022242512e-01
6.3802496503626536e+00 6.7464162796107696e-01
6.3818660213288716e+00 6.7456514995652439e-01
6.3834823922950887e+00 6.7448867620953101e-01
6.3850987632613059e+00 6.7441220672086000e-01
6.3867151342275230e+00 6.7433574149127473e-01
6.3883315051937410e+00 6.7425928052153794e-01
6.3899478761599582e+00 6.7418282381241268e-01
6.3915642471261753e+00 6.7410637136466123e-01
6.3931806180923925e+00 6.7402992317904609e-01
6.3947969890586105e+00 6.7395347925632920e-01
6.3964133600248276e+00 6.7387703959727263e-01
6.3980297309910448e+00 6.7380060420263788e-01
6.3996461019572619e+00 6.7372417307318688e-01
6.4012624729234799e+00 6.7364774620968038e-01
6.4028788438896971e+00 6.7357132361287975e-01
6.4044952148559142e+00 6.7349490528354583e-01
6.4061115858221322e+00 6.7341849122243913e-01
6.4077279567883494e+00 6.7334208143032015e-01
6.4093443277545665e+00 6.7326567590794939e-01
6.4109606987207837e+00 6.7318927465608658e-01
6.4125770696870017e+00 6.7311287767549133e-01
6.4141934406532188e+00 6.7303648496692381e-01
6.4158098116194360e+00 6.7296009653114308e-01
6.4174261825856531e+00 6.7288371236890820e-01
6.4190425535518711e+00 6.7280733248097824e-01
6.4206589245180883e+00 6.7273095686811224e-01
6.4222752954843054e+00 6.7265458553106838e-01
6.4238916664505235e+00 6.7257821847060517e-01
6.4255080374167406e+00 6.7250185568748067e-01
6.4271244083829577e+00 6.7242549718245292e-01
6.4287407793491749e+00 6.7234914295627957e-01
6.4303571503153929e+00 6.7227279300971809e-01
6.4319735212816100e+00 6.7219644734352579e-01
6.4335898922478272e+00 6.7212010595845972e-01
6.4352062632140443e+00 6.7204376885527695e-01
6.4368226341802623e+00 6.7196743603473374e-01
6.4384390051464795e+00 6.7189110749758685e-01
6.4400553761126966e+00 6.7181478324459254e-01
6.4416717470789147e+00 6.7173846327650666e-01
6.4432881180451318e+00 6.7166214759408516e-01
6.4449044890113489e+00 6.7158583619808354e-01
6.4465208599775661e+00 6.7150952908925732e-01
6.4481372309437841e+00 6.7143322626836155e-01
6.4497536019100012e+00 6.7135692773615152e-01
6.4513699728762184e+00 6.7128063349338163e-01
6.4529863438424355e+00 6.7120434354080649e-01
6.4546027148086536e+00 6.7112805787918062e-01
6.4562190857748707e+00 6.7105177650925807e-01
6.4578354567410878e+00 6.7097549943179269e-01
6.4594518277073050e+00 6.7089922664753843e-01
6.4610681986735230e+00 6.7082295815724846e-01
6.4626845696397401e+00 6.7074669396167641e-01
6.4643009406059573e+00 6.7067043406157500e-01
6.4659173115721753e+00 6.7059417845769742e-01
6.4675336825383924e+00 6.7051792715079639e-01
6.4691500535046096e+00 6.7044168014162397e-01
6.4707664244708267e+00 6.7036543743093280e-01
6.4723827954370448e+00 6.7028919901947459e-01
6.4739991664032619e+00 6.7021296490800142e-01
6.4756155373694790e+00 6.7013673509726479e-01
6.4772319083356962e+00 6.7006050958801611e-01
6.4788482793019142e+00 6.6998428838100643e-01
6.4804646502681313e+00 6.6990807147698694e-01
6.4820810212343485e+00 6.6983185887670837e-01
6.4836973922005665e+00 6.6975565058092124e-01
6.4853137631667837e+00 6.6967944659037570e-01
6.4869301341330008e+00 6.6960324690582229e-01
6.4885465050992179e+00 6.6952705152801073e-01
6.4901628760654360e+00 6.6945086045769053e-01
6.4917792470316531e+00 6.6937467369561154e-01
6.4933956179978702e+00 6.6929849124252283e-01
6.4950119889640874e+00 6.6922231309917368e-01
6.4966283599303054e+00 6.6914613926631272e-01
6.4982447308965225e+00 6.6906996974468869e-01
6.4998611018627397e+00 6.6899380453505009e-01
6.5014774728289568e+00 6.6891764363814521e-01
6.5030938437951749e+00 6.6884148705472191e-01
6.5047102147613920e+00 6.6876533478552824e-01
6.5063265857276091e+00 6.6868918683131151e-01
6.5079429566938272e+00 6.6861304319281922e-01
6.5095593276600443e+00 6.6853690387079878e-01
6.5111756986262614e+00 6.6846076886599692e-01
6.5127920695924786e+00 6.6838463817916050e-01
6.5144084405586966e+00 6.6830851181103590e-01
6.5160248115249138e+00 6.6823238976236965e-01
6.5176411824911309e+00 6.6815627203390782e-01
6.5192575534573480e+00 6.6808015862639647e-01
6.5208739244235661e+00 6.6800404954058101e-01
6.5224902953897832e+00 6.6792794477720707e-01
6.5241066663560003e+00 6.6785184433702005e-01
6.5257230373222184e+00 6.6777574822076480e-01
6.5273394082884355e+00 6.6769965642918638e-01
6.5289557792546526e+00 6.6762356896302932e-01
6.5305721502208698e+00 6.6754748582303813e-01
6.5321885211870878e+00 6.6747140700995700e-01
6.5338048921533050e+00 6.6739533252452987e-01
6.5354212631195221e+00 6.6731926236750083e-01
6.5370376340857392e+00 6.6724319653961306e-01
6.5386540050519573e+00 6.6716713504161018e-01
6.5402703760181744e+00 6.6709107787423549e-01
6.5418867469843915e+00 6.6701502503823162e-01
6.5435031179506087e+00 6.6693897653434164e-01
6.5451194889168267e+00 6.6686293236330774e-01
6.5467358598830439e+00 6.6678689252587253e-01
6.5483522308492610e+00 6.6671085702277799e-01
6.5499686018154790e+00 6.6663482585476619e-01
6.5515849727816962e+00 6.6655879902257853e-01
6.5532013437479133e+00 6.6648277652695675e-01
6.5548177147141304e+00 6.6640675836864216e-01
6.5564340856803485e+00 6.6633074454837549e-01
6.5580504566465656e+00 6.6625473506689770e-01
6.5596668276127827e+00 6.6617872992494975e-01
6.5612831985789999e+00 6.6610272912327162e-01
6.5628995695452179e+00 6.6602673266260370e-01
6.5645159405114351e+00 6.6595074054368608e-01
6.5661323114776522e+00 6.6587475276725838e-01
6.5677486824438702e+00 6.6579876933406035e-01
6.5693650534100874e+00 6.6572279024483128e-01
6.5709814243763045e+00 6.6564681550031013e-01
6.5725977953425216e+00 6.6557084510123621e-01
6.5742141663087397e+00 6.6549487904834792e-01
6.5758305372749568e+00 6.6541891734238401e-01
6.5774469082411740e+00 6.6534295998408255e-01
6.5790632792073911e+00 6.6526700697418195e-01
6.5806796501736091e+00 6.6519105831341974e-01
6.5822960211398263e+00 6.6511511400253387e-01
6.5839123921060434e+00 6.6503917404226165e-01
6.5855287630722605e+00 6.6496323843334038e-01
6.5871451340384786e+00 6.6488730717650690e-01
6.5887615050046957e+00 6.6481138027249842e-01
6.5903778759709128e+00 6.6473545772205134e-01
6.5919942469371309e+00 6.6465953952590195e-01
6.5936106179033480e+00 6.6458362568478657e-01
6.5952269888695652e+00 6.6450771619944127e-01
6.5968433598357823e+00 6.6443181107060156e-01
6.5984597308020003e+00 6.6435591029900309e-01
6.6000761017682175e+00 6.6428001388538138e-01
6.6016924727344346e+00 6.6420412183047128e-01
6.6033088437006517e+00 6.6412823413500788e-01
6.6049252146668698e+00 6.6405235079972591e-01
6.6065415856330869e+00 6.6397647182535979e-01
6.6081579565993041e+00 6.6390059721264372e-01
6.6097743275655221e+00 6.6382472696231187e-01
6.6113906985317392e+00 6.6374886107509812e-01
6.6130070694979564e+00 6.6367299955173598e-01
6.6146234404641735e+00 6.6359714239295897e-01
6.6162398114303915e+00 6.6352128959950041e-01
6.6178561823966087e+00 6.6344544117209314e-01
6.6194725533628258e+00 6.6336959711147003e-01
6.6210889243290429e+00 6.6329375741836372e-01
6.6227052952952610e+00 6.6321792209350638e-01
6.6243216662614781e+00 6.6314209113763034e-01
6.6259380372276953e+00 6.6306626455146755e-01
6.6275544081939133e+00 6.6299044233574955e-01
6.6291707791601304e+00 6.6291462449120830e-01
6.6307871501263476e+00 6.6283881101857456e-01
6.6324035210925647e+00 6.6276300191857984e-01
6.6340198920587827e+00 6.6268719719195479e-01
6.6356362630249999e+00 6.6261139683943027e-01
6.6372526339912170e+00 6.6253560086173646e-01
6.6388690049574342e+00 6.6245980925960390e-01
6.6404853759236522e+00 6.6238402203376245e-01
6.6421017468898693e+00 6.6230823918494197e-01
6.6437181178560865e+00 6.6223246071387210e-01
6.6453344888223036e+00 6.6215668662128224e-01
6.6469508597885216e+00 6.6208091690790161e-01
6.6485672307547388e+00 6.6200515157445916e-01
6.6501836017209559e+00 6.6192939062168354e-01
6.6517999726871739e+00 6.6185363405030340e-01
6.6534163436533911e+00 6.6177788186104713e-01
6.6550327146196082e+00 6.6170213405464273e-01
6.6566490855858254e+00 6.6162639063181816e-01
6.6582654565520434e+00 6.6155065159330118e-01
6.6598818275182605e+00 6.6147491693981908e-01
6.6614981984844777e+00 6.6139918667209940e-01
6.6631145694506948e+00 6.6132346079086912e-01
6.6647309404169128e+00 6.6124773929685488e-01
6.6663473113831300e+00 6.6117202219078353e-01
6.6679636823493471e+00 6.6109630947338149e-01
6.6695800533155651e+00 6.6102060114537498e-01
6.6711964242817823e+00 6.6094489720748983e-01
6.6728127952479994e+00 6.6086919766045193e-01
6.6744291662142166e+00 6.6079350250498692e-01
6.6760455371804346e+00 6.6071781174181998e-01
6.6776619081466517e+00 6.6064212537167655e-01
6.6792782791128689e+00 6.6056644339528126e-01
6.6808946500790860e+00 6.6049076581335897e-01
6.6825110210453040e+00 6.6041509262663423e-01
6.6841273920115212e+00 6.6033942383583133e-01
6.6857437629777383e+00 6.6026375944167415e-01
6.6873601339439555e+00 6.6018809944488677e-01
6.6889765049101735e+00 6.6011244384619272e-01
6.6905928758763906e+00 6.6003679264631576e-01
6.6922092468426078e+00 6.5996114584597865e-01
6.6938256178088258e+00 6.5988550344590469e-01
6.6954419887750429e+00 6.5980986544681675e-01
6.6970583597412601e+00 6.5973423184943725e-01
6.6986747307074772e+00 6.5965860265448861e-01
6.7002911016736952e+00 6.5958297786269293e-01
6.7019074726399124e+00 6.5950735747477229e-01
6.7035238436061295e+00 6.5943174149144845e-01
6.7051402145723467e+00 6.5935612991344295e-01
6.7067565855385647e+00 6.5928052274147686e-01
6.7083729565047818e+00 6.5920491997627151e-01
6.7099893274709990e+00 6.5912932161854787e-01
6.7116056984372170e+00 6.5905372766902637e-01
6.7132220694034341e+00 6.5897813812842754e-01
6.7148384403696513e+00 6.5890255299747169e-01
6.7164548113358684e+00 6.5882697227687903e-01
6.7180711823020864e+00 6.5875139596736898e-01
6.7196875532683036e+00 6.5867582406966152e-01
6.7213039242345207e+00 6.5860025658447585e-01
6.7229202952007379e+00 6.5852469351253107e-01
6.7245366661669559e+00 6.5844913485454648e-01
6.7261530371331730e+00 6.5837358061124052e-01
6.7277694080993902e+00 6.5829803078333193e-01
6.7293857790656073e+00 6.5822248537153893e-01
6.7310021500318253e+00 6.5814694437657972e-01
6.7326185209980425e+00 6.5807140779917206e-01
6.7342348919642596e+00 6.5799587564003392e-01
6.7358512629304776e+00 6.5792034789988252e-01
6.7374676338966948e+00 6.5784482457943516e-01
6.7390840048629119e+00 6.5776930567940894e-01
6.7407003758291291e+00 6.5769379120052085e-01
6.7423167467953471e+00 6.5761828114348719e-01
6.7439331177615642e+00 6.5754277550902474e-01
6.7455494887277814e+00 6.5746727429784946e-01
6.7471658596939985e+00 6.5739177751067734e-01
6.7487822306602165e+00 6.5731628514822416e-01
6.7503986016264337e+00 6.5724079721120565e-01
6.7520149725926508e+00 6.5716531370033704e-01
6.7536313435588688e+00 6.5708983461633330e-01
6.7552477145250860e+00 6.5701435995990964e-01
6.7568640854913031e+00 6.5693888973178050e-01
6.7584804564575203e+00 6.5686342393266062e-01
6.7600968274237383e+00 6.5678796256326399e-01
6.7617131983899554e+00 6.5671250562430505e-01
6.7633295693561726e+00 6.5663705311649734e-01
6.7649459403223897e+00 6.5656160504055472e-01
6.7665623112886077e+00 6.5648616139719029e-01
6.7681786822548249e+00 6.5641072218711760e-01
6.7697950532210420e+00 6.5633528741104952e-01
6.7714114241872592e+00 6.5625985706969880e-01
6.7730277951534772e+00 6.5618443116377800e-01
6.7746441661196943e+00 6.5610900969399966e-01
6.7762605370859115e+00 6.5603359266107564e-01
6.7778769080521295e+00 6.5595818006571793e-01
6.7794932790183466e+00 6.5588277190863864e-01
6.7811096499845638e+00 6.5580736819054875e-01
6.7827260209507809e+00 6.5573196891215979e-01
6.7843423919169989e+00 6.5565657407418276e-01
6.7859587628832161e+00 6.5558118367732865e-01
6.7875751338494332e+00 6.5550579772230799e-01
6.7891915048156504e+00 6.5543041620983122e-01
6.7908078757818684e+00 6.5535503914060866e-01
6.7924242467480855e+00 6.5527966651535019e-01
6.7940406177143027e+00 6.5520429833476568e-01
6.7956569886805207e+00 6.5512893459956467e-01
6.7972733596467378e+00 6.5505357531045660e-01
6.7988897306129550e+00 6.5497822046815046e-01
6.8005061015791721e+00 6.5490287007335546e-01
6.8021224725453902e+00 6.5482752412678003e-01
6.8037388435116073e+00 6.5475218262913271e-01
6.8053552144778244e+00 6.5467684558112205e-01
6.8069715854440416e+00 6.5460151298345604e-01
6.8085879564102596e+00 6.5452618483684222e-01
6.8102043273764767e+00 6.5445086114198869e-01
6.8118206983426939e+00 6.5437554189960279e-01
6.8134370693089119e+00 6.5430022711039149e-01
6.8150534402751290e+00 6.5422491677506200e-01
6.8166698112413462e+00 6.5414961089432122e-01
6.8182861822075633e+00 6.5407430946887546e-01
6.8199025531737814e+00 6.5399901249943126e-01
6.8215189241399985e+00 6.5392371998669496e-01
6.8231352951062156e+00 6.5384843193137210e-01
6.8247516660724328e+00 6.5377314833416866e-01
6.8263680370386508e+00 6.5369786919579020e-01
6.8279844080048679e+00 6.5362259451694182e-01
6.8296007789710851e+00 6.5354732429832874e-01
6.8312171499373022e+00 6.5347205854065571e-01
6.8328335209035203e+00 6.5339679724462751e-01
6.8344498918697374e+00 6.5332154041094870e-01
6.8360662628359545e+00 6.5324628804032336e-01
6.8376826338021726e+00 6.5317104013345539e-01
6.8392990047683897e+00 6.5309579669104867e-01
6.8409153757346068e+00 6.5302055771380696e-01
6.8425317467008240e+00 6.5294532320243348e-01
6.8441481176670420e+00 6.5287009315763145e-01
6.8457644886332591e+00 6.5279486758010363e-01
6.8473808595994763e+00 6.5271964647055314e-01
6.8489972305656934e+00 6.5264442982968207e-01
6.8506136015319115e+00 6.5256921765819298e-01
6.8522299724981286e+00 6.5249400995678797e-01
6.8538463434643457e+00 6.5241880672616870e-01
6.8554627144305638e+00 6.5234360796703705e-01
6.8570790853967809e+00 6.5226841368009425e-01
6.8586954563629980e+00 6.5219322386604184e-01
6.8603118273292152e+00 6.5211803852558070e-01
6.8619281982954332e+00 6.5204285765941139e-01
6.8635445692616504e+00 6.5196768126823479e-01
6.8651609402278675e+00 6.5189250935275123e-01
6.8667773111940846e+00 6.5181734191366081e-01
6.8683936821603027e+00 6.5174217895166331e-01
6.8700100531265198e+00 6.5166702046745884e-01
6.8716264240927369e+00 6.5159186646174660e-01
6.8732427950589541e+00 6.5151671693522617e-01
6.8748591660251721e+00 6.5144157188859642e-01
6.8764755369913892e+00 6.5136643132255623e-01
6.8780919079576064e+00 6.5129129523780427e-01
6.8797082789238244e+00 6.5121616363503909e-01
6.8813246498900416e+00 6.5114103651495880e-01
6.8829410208562587e+00 6.5106591387826152e-01
6.8845573918224758e+00 6.5099079572564489e-01
6.8861737627886939e+00 6.5091568205780670e-01
6.8877901337549110e+00 6.5084057287544428e-01
6.8894065047211281e+00 6.5076546817925462e-01
6.8910228756873453e+00 6.5069036796993474e-01
6.8926392466535633e+00 6.5061527224818150e-01
6.8942556176197805e+00 6.5054018101469135e-01
6.8958719885859976e+00 6.5046509427016042e-01
6.8974883595522156e+00 6.5039001201528501e-01
6.8991047305184328e+00 6.5031493425076092e-01
6.9007211014846499e+00 6.5023986097728381e-01
6.9023374724508670e+00 6.5016479219554912e-01
6.9039538434170851e+00 6.5008972790625186e-01
6.9055702143833022e+00 6.5001466811008757e-01
6.9071865853495193e+00 6.4993961280775059e-01
6.9088029563157365e+00 6.4986456199993548e-01
6.9104193272819545e+00 6.4978951568733678e-01
6.9120356982481717e+00 6.4971447387064885e-01
6.9136520692143888e+00 6.4963943655056511e-01
6.9152684401806059e+00 6.4956440372777979e-01
6.9168848111468240e+00 6.4948937540298612e-01
6.9185011821130411e+00 6.4941435157687732e-01
6.9201175530792582e+00 6.4933933225014684e-01
6.9217339240454763e+00 6.4926431742348711e-01
6.9233502950116934e+00 6.4918930709759093e-01
6.9249666659779106e+00 6.4911430127315084e-01
6.9265830369441277e+00 6.4903929995085918e-01
6.9281994079103457e+00 6.4896430313140752e-01
6.9298157788765629e+00 6.4888931081548806e-01
6.9314321498427800e+00 6.4881432300379205e-01
6.9330485208089971e+00 6.4873933969701114e-01
6.9346648917752152e+00 6.4866436089583623e-01
6.9362812627414323e+00 6.4858938660095844e-01
6.9378976337076494e+00 6.4851441681306854e-01
6.9395140046738675e+00 6.4843945153285665e-01
6.9411303756400846e+00 6.4836449076101343e-01
6.9427467466063018e+00 6.4828953449822890e-01
6.9443631175725189e+00 6.4821458274519272e-01
6.9459794885387369e+00 6.4813963550259468e-01
6.9475958595049541e+00 6.4806469277112422e-01
6.9492122304711712e+00 6.4798975455147045e-01
6.9508286014373883e+00 6.4791482084432250e-01
6.9524449724036064e+00 6.4783989165036893e-01
6.9540613433698235e+00 6.4776496697029862e-01
6.9556777143360407e+00 6.4769004680479969e-01
6.9572940853022578e+00 6.4761513115456038e-01
6.9589104562684758e+00 6.4754022002026845e-01
6.9605268272346930e+00 6.4746531340261182e-01
6.9621431982009101e+00 6.4739041130227770e-01
6.9637595691671281e+00 6.4731551371995377e-01
6.9653759401333453e+00 6.4724062065632670e-01
6.9669923110995624e+00 6.4716573211208361e-01
6.9686086820657795e+00 6.4709084808791095e-01
6.9702250530319976e+00 6.4701596858449517e-01
6.9718414239982147e+00 6.4694109360252261e-01
6.9734577949644319e+00 6.4686622314267905e-01
6.9750741659306490e+00 6.4679135720565040e-01
6.9766905368968670e+00 6.4671649579212209e-01
6.9783069078630842e+00 6.4664163890277959e-01
6.9799232788293013e+00 6.4656678653830801e-01
6.9815396497955193e+00 6.4649193869939214e-01
6.9831560207617365e+00 6.4641709538671677e-01
6.9847723917279536e+00 6.4634225660096645e-01
6.9863887626941708e+00 6.4626742234282519e-01
6.9880051336603888e+00 6.4619259261297723e-01
6.9896215046266059e+00 6.4611776741210636e-01
6.9912378755928231e+00 6.4604294674089635e-01
6.9928542465590402e+00 6.4596813060003033e-01
6.9944706175252582e+00 6.4589331899019164e-01
6.9960869884914754e+00 6.4581851191206308e-01
6.9977033594576925e+00 6.4574370936632763e-01
6.9993197304239096e+00 6.4566891135366777e-01
7.0009361013901277e+00 6.4559411787476573e-01
7.0025524723563448e+00 6.4551932893030384e-01
7.0041688433225620e+00 6.4544454452096378e-01
7.0057852142887800e+00 6.4536976464742712e-01
7.0074015852549971e+00 6.4529498931037566e-01
7.0090179562212143e+00 6.4522021851049038e-01
7.0106343271874314e+00 6.4514545224845254e-01
7.0122506981536494e+00 6.4507069052494270e-01
7.0138670691198666e+00 6.4499593334064154e-01
7.0154834400860837e+00 6.4492118069622961e-01
7.0170998110523009e+00 6.4484643259238683e-01
7.0187161820185189e+00 6.4477168902979343e-01
7.0203325529847360e+00 6.4469695000912886e-01
7.0219489239509532e+00 6.4462221553107280e-01
7.0235652949171712e+00 6.4454748559630470e-01
7.0251816658833883e+00 6.4447276020550337e-01
7.0267980368496055e+00 6.4439803935934781e-01
7.0284144078158226e+00 6.4432332305851658e-01
7.0300307787820406e+00 6.4424861130368838e-01
7.0316471497482578e+00 6.4417390409554121e-01
7.0332635207144749e+00 6.4409920143475330e-01
7.0348798916806921e+00 6.4402450332200223e-01
7.0364962626469101e+00 6.4394980975796545e-01
7.0381126336131272e+00 6.4387512074332087e-01
7.0397290045793444e+00 6.4380043627874506e-01
7.0413453755455624e+00 6.4372575636491525e-01
7.0429617465117795e+00 6.4365108100250823e-01
7.0445781174779967e+00 6.4357641019220035e-01
7.0461944884442138e+00 6.4350174393466797e-01
7.0478108594104318e+00 6.4342708223058698e-01
7.0494272303766490e+00 6.4335242508063351e-01
7.0510436013428661e+00 6.4327777248548312e-01
7.0526599723090833e+00 6.4320312444581118e-01
7.0542763432753013e+00 6.4312848096229280e-01
7.0558927142415184e+00 6.4305384203560323e-01
7.0575090852077356e+00 6.4297920766641714e-01
7.0591254561739527e+00 6.4290457785540900e-01
7.0607418271401707e+00 6.4282995260325315e-01
7.0623581981063879e+00 6.4275533191062384e-01
7.0639745690726050e+00 6.4268071577819508e-01
7.0655909400388230e+00 6.4260610420664022e-01
7.0672073110050402e+00 6.4253149719663305e-01
7.0688236819712573e+00 6.4245689474884671e-01
7.0704400529374745e+00 6.4238229686395443e-01
7.0720564239036925e+00 6.4230770354262878e-01
7.0736727948699096e+00 6.4223311478554246e-01
7.0752891658361268e+00 6.4215853059336803e-01
7.0769055368023439e+00 6.4208395096677751e-01
7.0785219077685619e+00 6.4200937590644291e-01
7.0801382787347791e+00 6.4193480541303605e-01
7.0817546497009962e+00 6.4186023948722837e-01
7.0833710206672142e+00 6.4178567812969134e-01
7.0849873916334314e+00 6.4171112134109598e-01
7.0866037625996485e+00 6.4163656912211320e-01
7.0882201335658657e+00 6.4156202147341368e-01
7.0898365045320837e+00 6.4148747839566778e-01
7.0914528754983008e+00 6.4141293988954584e-01
7.0930692464645180e+00 6.4133840595571801e-01
7.0946856174307351e+00 6.4126387659485395e-01
7.0963019883969531e+00 6.4118935180762304e-01
7.0979183593631703e+00 6.4111483159469518e-01
7.0995347303293874e+00 6.4104031595673916e-01
7.1011511012956046e+00 6.4096580489442401e-01
7.1027674722618226e+00 6.4089129840841852e-01
7.1043838432280397e+00 6.4081679649939116e-01
7.1060002141942569e+00 6.4074229916801029e-01
7.1076165851604749e+00 6.4066780641494381e-01
7.1092329561266920e+00 6.4059331824085985e-01
7.1108493270929092e+00 6.4051883464642589e-01
7.1124656980591263e+00 6.4044435563230950e-01
7.1140820690253443e+00 6.4036988119917782e-01
7.1156984399915615e+00 6.4029541134769774e-01
7.1173148109577786e+00 6.4022094607853619e-01
7.1189311819239958e+00 6.4014648539235985e-01
7.1205475528902138e+00 6.4007202928983475e-01
7.1221639238564309e+00 6.3999757777162736e-01
7.1237802948226481e+00 6.3992313083840346e-01
7.1253966657888661e+00 6.3984868849082865e-01
7.1270130367550832e+00 6.3977425072956862e-01
7.1286294077213004e+00 6.3969981755528860e-01
7.1302457786875175e+00 6.3962538896865362e-01
7.1318621496537355e+00 6.3955096497032837e-01
7.1334785206199527e+00 6.3947654556097766e-01
7.1350948915861698e+00 6.3940213074126595e-01
7.1367112625523870e+00 6.3932772051185727e-01
7.1383276335186050e+00 6.3925331487341563e-01
7.1399440044848221e+00 6.3917891382660497e-01
7.1415603754510393e+00 6.3910451737208862e-01
7.1431767464172564e+00 6.3903012551052996e-01
7.1447931173834744e+00 6.3895573824259222e-01
7.1464094883496916e+00 6.3888135556893810e-01
7.1480258593159087e+00 6.3880697749023052e-01
7.1496422302821268e+00 6.3873260400713172e-01
7.1512586012483439e+00 6.3865823512030406e-01
7.1528749722145610e+00 6.3858387083040946e-01
7.1544913431807782e+00 6.3850951113811005e-01
7.1561077141469962e+00 6.3843515604406698e-01
7.1577240851132133e+00 6.3836080554894192e-01
7.1593404560794305e+00 6.3828645965339603e-01
7.1609568270456476e+00 6.3821211835809022e-01
7.1625731980118656e+00 6.3813778166368507e-01
7.1641895689780828e+00 6.3806344957084127e-01
7.1658059399442999e+00 6.3798912208021918e-01
7.1674223109105180e+00 6.3791479919247873e-01
7.1690386818767351e+00 6.3784048090827983e-01
7.1706550528429522e+00 6.3776616722828205e-01
7.1722714238091694e+00 6.3769185815314500e-01
7.1738877947753874e+00 6.3761755368352779e-01
7.1755041657416045e+00 6.3754325382008947e-01
7.1771205367078217e+00 6.3746895856348873e-01
7.1787369076740388e+00 6.3739466791438437e-01
7.1803532786402569e+00 6.3732038187343454e-01
7.1819696496064740e+00 6.3724610044129726e-01
7.1835860205726911e+00 6.3717182361863078e-01
7.1852023915389083e+00 6.3709755140609248e-01
7.1868187625051263e+00 6.3702328380433992e-01
7.1884351334713434e+00 6.3694902081403071e-01
7.1900515044375606e+00 6.3687476243582153e-01
7.1916678754037786e+00 6.3680050867036919e-01
7.1932842463699957e+00 6.3672625951833051e-01
7.1949006173362129e+00 6.3665201498036184e-01
7.1965169883024300e+00 6.3657777505711932e-01
7.1981333592686481e+00 6.3650353974925900e-01
7.1997497302348652e+00 6.3642930905743655e-01
7.2013661012010823e+00 6.3635508298230747e-01
7.2029824721672995e+00 6.3628086152452723e-01
7.2045988431335175e+00 6.3620664468475085e-01
7.2062152140997346e+00 6.3613243246363305e-01
7.2078315850659518e+00 6.3605822486182895e-01
7.2094479560321698e+00 6.3598402187999248e-01
7.2110643269983870e+00 6.3590982351877812e-01
7.2126806979646041e+00 6.3583562977884001e-01
7.2142970689308212e+00 6.3576144066083184e-01
7.2159134398970393e+00 6.3568725616540700e-01
7.2175298108632564e+00 6.3561307629321917e-01
7.2191461818294735e+00 6.3553890104492150e-01
7.2207625527956907e+00 6.3546473042116647e-01
7.2223789237619087e+00 6.3539056442260733e-01
7.2239952947281258e+00 6.3531640304989634e-01
7.2256116656943430e+00 6.3524224630368598e-01
7.2272280366605601e+00 6.3516809418462805e-01
7.2288444076267782e+00 6.3509394669337438e-01
7.2304607785929953e+00 6.3501980383057688e-01
7.2320771495592124e+00 6.3494566559688681e-01
7.2336935205254305e+00 6.3487153199295543e-01
7.2353098914916476e+00 6.3479740301943366e-01
7.2369262624578647e+00 6.3472327867697231e-01
7.2385426334240819e+00 6.3464915896622198e-01
7.2401590043902999e+00 6.3457504388783281e-01
7.2417753753565171e+00 6.3450093344245506e-01
7.2433917463227342e+00 6.3442682763073877e-01
7.2450081172889513e+00 6.3435272645333329e-01
7.2466244882551694e+00 6.3427862991088846e-01
7.2482408592213865e+00 6.3420453800405319e-01
7.2498572301876036e+00 6.3413045073347674e-01
7.2514736011538217e+00 6.3405636809980781e-01
7.2530899721200388e+00 6.3398229010369511e-01
7.2547063430862559e+00 6.3390821674578690e-01
7.2563227140524731e+00 6.3383414802673144e-01
7.2579390850186911e+00 6.3376008394717664e-01
7.2595554559849083e+00 6.3368602450777023e-01
7.2611718269511254e+00 6.3361196970915967e-01
7.2627881979173425e+00 6.3353791955199235e-01
7.2644045688835606e+00 6.3346387403691540e-01
7.2660209398497777e+00 6.3338983316457553e-01
7.2676373108159948e+00 6.3331579693561935e-01
7.2692536817822129e+00 6.3324176535069354e-01
7.2708700527484300e+00 6.3316773841044416e-01
7.2724864237146472e+00 6.3309371611551712e-01
7.2741027946808643e+00 6.3301969846655848e-01
7.2757191656470823e+00 6.3294568546421348e-01
7.2773355366132995e+00 6.3287167710912762e-01
7.2789519075795166e+00 6.3279767340194604e-01
7.2805682785457337e+00 6.3272367434331356e-01
7.2821846495119518e+00 6.3264967993387500e-01
7.2838010204781689e+00 6.3257569017427473e-01
7.2854173914443860e+00 6.3250170506515713e-01
7.2870337624106032e+00 6.3242772460716612e-01
7.2886501333768212e+00 6.3235374880094564e-01
7.2902665043430384e+00 6.3227977764713916e-01
7.2918828753092555e+00 6.3220581114639007e-01
7.2934992462754735e+00 6.3213184929934174e-01
7.2951156172416907e+00 6.3205789210663688e-01
7.2967319882079078e+00 6.3198393956891841e-01
7.2983483591741249e+00 6.3190999168682893e-01
7.2999647301403430e+00 6.3183604846101038e-01
7.3015811011065601e+00 6.3176210989210524e-01
7.3031974720727773e+00 6.3168817598075522e-01
7.3048138430389944e+00 6.3161424672760202e-01
7.3064302140052124e+00 6.3154032213328692e-01
7.3080465849714296e+00 6.3146640219845129e-01
7.3096629559376467e+00 6.3139248692373617e-01
7.3112793269038647e+00 6.3131857630978216e-01
7.3128956978700819e+00 6.3124467035722998e-01
7.3145120688362990e+00 6.3117076906671998e-01
7.3161284398025161e+00 6.3109687243889223e-01
7.3177448107687342e+00 6.3102298047438665e-01
7.3193611817349513e+00 6.3094909317384307e-01
7.3209775527011685e+00 6.3087521053790074e-01
7.3225939236673856e+00 6.3080133256719906e-01
7.3242102946336036e+00 6.3072745926237717e-01
7.3258266655998208e+00 6.3065359062407378e-01
7.3274430365660379e+00 6.3057972665292750e-01
7.3290594075322550e+00 6.3050586734957670e-01
7.3306757784984731e+00 6.3043201271465965e-01
7.3322921494646902e+00 6.3035816274881440e-01
7.3339085204309074e+00 6.3028431745267843e-01
7.3355248913971254e+00 6.3021047682688947e-01
7.3371412623633425e+00 6.3013664087208465e-01
7.3387576333295597e+00 6.3006280958890126e-01
7.3403740042957768e+00 6.2998898297797612e-01
7.3419903752619948e+00 6.2991516103994583e-01
7.3436067462282120e+00 6.2984134377544687e-01
7.3452231171944291e+00 6.2976753118511541e-01
7.3468394881606462e+00 6.2969372326958761e-01
7.3484558591268643e+00 6.2961992002949896e-01
7.3500722300930814e+00 6.2954612146548539e-01
7.3516886010592986e+00 6.2947232757818194e-01
7.3533049720255166e+00 6.2939853836822390e-01
7.3549213429917337e+00 6.2932475383624631e-01
7.3565377139579509e+00 6.2925097398288365e-01
7.3581540849241680e+00 6.2917719880877043e-01
7.3597704558903860e+00 6.2910342831454114e-01
7.3613868268566032e+00 6.2902966250082959e-01
7.3630031978228203e+00 6.2895590136826973e-01
7.3646195687890375e+00 6.2888214491749506e-01
7.3662359397552555e+00 6.2880839314913906e-01
7.3678523107214726e+00 6.2873464606383500e-01
7.3694686816876898e+00 6.2866090366221572e-01
7.3710850526539069e+00 6.2858716594491382e-01
7.3727014236201249e+00 6.2851343291256212e-01
7.3743177945863421e+00 6.2843970456579279e-01
7.3759341655525592e+00 6.2836598090523799e-01
7.3775505365187772e+00 6.2829226193152943e-01
7.3791669074849944e+00 6.2821854764529905e-01
7.3807832784512115e+00 6.2814483804717802e-01
7.3823996494174287e+00 6.2807113313779772e-01
7.3840160203836467e+00 6.2799743291778898e-01
7.3856323913498638e+00 6.2792373738778284e-01
7.3872487623160810e+00 6.2785004654840959e-01
7.3888651332822981e+00 6.2777636040029983e-01
7.3904815042485161e+00 6.2770267894408360e-01
7.3920978752147333e+00 6.2762900218039075e-01
7.3937142461809504e+00 6.2755533010985109e-01
7.3953306171471684e+00 6.2748166273309391e-01
7.3969469881133856e+00 6.2740800005074870e-01
7.3985633590796027e+00 6.2733434206344452e-01
7.4001797300458199e+00 6.2726068877181018e-01
7.4017961010120379e+00 6.2718704017647386e-01
7.4034124719782550e+00 6.2711339627806462e-01
7.4050288429444722e+00 6.2703975707721027e-01
7.4066452139106893e+00 6.2696612257453865e-01
7.4082615848769073e+00 6.2689249277067782e-01
7.4098779558431245e+00 6.2681886766625516e-01
7.4114943268093416e+00 6.2674524726189795e-01
7.4131106977755588e+00 6.2667163155823324e-01
7.4147270687417768e+00 6.2659802055588809e-01
7.4163434397079939e+00 6.2652441425548888e-01
7.4179598106742111e+00 6.2645081265766234e-01
7.4195761816404291e+00 6.2637721576303451e-01
7.4211925526066462e+00 6.2630362357223135e-01
7.4228089235728634e+00 6.2623003608587879e-01
7.4244252945390805e+00 6.2615645330460223e-01
7.4260416655052985e+00 6.2608287522902717e-01
7.4276580364715157e+00 6.2600930185977866e-01
7.4292744074377328e+00 6.2593573319748164e-01
7.4308907784039500e+00 6.2586216924276084e-01
7.4325071493701680e+00 6.2578860999624053e-01
7.4341235203363851e+00 6.2571505545854533e-01
7.4357398913026023e+00 6.2564150563029886e-01
7.4373562622688203e+00 6.2556796051212538e-01
7.4389726332350374e+00 6.2549442010464817e-01
7.4405890042012546e+00 6.2542088440849075e-01
7.4422053751674717e+00 6.2534735342427616e-01
7.4438217461336897e+00 6.2527382715262747e-01
7.4454381170999069e+00 6.2520030559416750e-01
7.4470544880661240e+00 6.2512678874951866e-01
7.4486708590323412e+00 6.2505327661930332e-01
7.4502872299985592e+00 6.2497976920414344e-01
7.4519036009647763e+00 6.2490626650466086e-01
7.4535199719309935e+00 6.2483276852147740e-01
7.4551363428972115e+00 6.2475927525521435e-01
7.4567527138634286e+00 6.2468578670649300e-01
7.4583690848296458e+00 6.2461230287593428e-01
7.4599854557958629e+00 6.2453882376415903e-01
7.4616018267620809e+00 6.2446534937178777e-01
7.4632181977282981e+00 6.2439187969944077e-01
7.4648345686945152e+00 6.2431841474773830e-01
7.4664509396607324e+00 6.2424495451730022e-01
7.4680673106269504e+00 6.2417149900874613e-01
7.4696836815931675e+00 6.2409804822269555e-01
7.4713000525593847e+00 6.2402460215976774e-01
7.4729164235256018e+00 6.2395116082058166e-01
7.4745327944918198e+00 6.2387772420575627e-01
7.4761491654580370e+00 6.2380429231591006e-01
7.4777655364242541e+00 6.2373086515166132e-01
7.4793819073904722e+00 6.2365744271362855e-01
7.4809982783566893e+00 6.2358402500242927e-01
7.4826146493229064e+00 6.2351061201868152e-01
7.4842310202891236e+00 6.2343720376300249e-01
7.4858473912553416e+00 6.2336380023600990e-01
7.4874637622215587e+00 6.2329040143832048e-01
7.4890801331877759e+00 6.2321700737055119e-01
7.4906965041539930e+00 6.2314361803331875e-01
7.4923128751202110e+00 6.2307023342723933e-01
7.4939292460864282e+00 6.2299685355292933e-01
7.4955456170526453e+00 6.2292347841100482e-01
7.4971619880188634e+00 6.2285010800208118e-01
7.4987783589850805e+00 6.2277674232677449e-01
7.5003947299512976e+00 6.2270338138569969e-01
7.5020111009175148e+00 6.2263002517947208e-01
7.5036274718837328e+00 6.2255667370870627e-01
7.5052438428499499e+00 6.2248332697401731e-01
7.5068602138161671e+00 6.2240998497601940e-01
7.5084765847823842e+00 6.2233664771532693e-01
7.5100929557486023e+00 6.2226331519255385e-01
7.5117093267148194e+00 6.2218998740831388e-01
7.5133256976810365e+00 6.2211666436322077e-01
7.5149420686472537e+00 6.2204334605788780e-01
7.5165584396134717e+00 6.2197003249292804e-01
7.5181748105796888e+00 6.2189672366895454e-01
7.5197911815459060e+00 6.2182341958657994e-01
7.5214075525121240e+00 6.2175012024641674e-01
7.5230239234783411e+00 6.2167682564907734e-01
7.5246402944445583e+00 6.2160353579517369e-01
7.5262566654107754e+00 6.2153025068531753e-01
7.5278730363769935e+00 6.2145697032012071e-01
7.5294894073432106e+00 6.2138369470019450e-01
7.5311057783094277e+00 6.2131042382614998e-01
7.5327221492756449e+00 6.2123715769859844e-01
7.5343385202418629e+00 6.2116389631815028e-01
7.5359548912080800e+00 6.2109063968541622e-01
7.5375712621742972e+00 6.2101738780100657e-01
7.5391876331405152e+00 6.2094414066553139e-01
7.5408040041067324e+00 6.2087089827960051e-01
7.5424203750729495e+00 6.2079766064382369e-01
7.5440367460391666e+00 6.2072442775881020e-01
7.5456531170053847e+00 6.2065119962516957e-01
7.5472694879716018e+00 6.2057797624351041e-01
7.5488858589378189e+00 6.2050475761444179e-01
7.5505022299040361e+00 6.2043154373857234e-01
7.5521186008702541e+00 6.2035833461651013e-01
7.5537349718364712e+00 6.2028513024886345e-01
7.5553513428026884e+00 6.2021193063624025e-01
7.5569677137689055e+00 6.2013873577924816e-01
7.5585840847351236e+00 6.2006554567849459e-01
7.5602004557013407e+00 6.1999236033458704e-01
7.5618168266675578e+00 6.1991917974813227e-01
7.5634331976337759e+00 6.1984600391973732e-01
7.5650495685999930e+00 6.1977283285000873e-01
7.5666659395662101e+00 6.1969966653955277e-01
7.5682823105324273e+00 6.1962650498897576e-01
7.5698986814986453e+00 6.1955334819888352e-01
7.5715150524648624e+00 6.1948019616988192e-01
7.5731314234310796e+00 6.1940704890257647e-01
7.5747477943972967e+00 6.1933390639757246e-01
7.5763641653635148e+00 6.1926076865547475e-01
7.5779805363297319e+00 6.1918763567688839e-01
7.5795969072959490e+00 6.1911450746241814e-01
7.5812132782621671e+00 6.1904138401266828e-01
7.5828296492283842e+00 6.1896826532824289e-01
7.5844460201946013e+00 6.1889515140974627e-01
7.5860623911608185e+00 6.1882204225778192e-01
7.5876787621270365e+00 6.1874893787295338e-01
7.5892951330932537e+00 6.1867583825586414e-01
7.5909115040594708e+00 6.1860274340711741e-01
7.5925278750256879e+00 6.1852965332731591e-01
7.5941442459919060e+00 6.1845656801706217e-01
7.5957606169581231e+00 6.1838348747695893e-01
7.5973769879243402e+00 6.1831041170760837e-01
7.5989933588905574e+00 6.1823734070961245e-01
7.6006097298567754e+00 6.1816427448357292e-01
7.6022261008229925e+00 6.1809121303009162e-01
7.6038424717892097e+00 6.1801815634976953e-01
7.6054588427554277e+00 6.1794510444320827e-01
7.6070752137216449e+00 6.1787205731100836e-01
7.6086915846878620e+00 6.1779901495377065e-01
7.6103079556540791e+00 6.1772597737209578e-01
7.6119243266202972e+00 6.1765294456658382e-01
7.6135406975865143e+00 6.1757991653783484e-01
7.6151570685527314e+00 6.1750689328644892e-01
7.6167734395189486e+00 6.1743387481302547e-01
7.6183898104851666e+00 6.1736086111816391e-01
7.6200061814513838e+00 6.1728785220246363e-01
7.6216225524176009e+00 6.1721484806652327e-01
7.6232389233838189e+00 6.1714184871094169e-01
7.6248552943500361e+00 6.1706885413631762e-01
7.6264716653162532e+00 6.1699586434324916e-01
7.6280880362824703e+00 6.1692287933233447e-01
7.6297044072486884e+00 6.1684989910417154e-01
7.6313207782149055e+00 6.1677692365935777e-01
7.6329371491811226e+00 6.1670395299849079e-01
7.6345535201473398e+00 6.1663098712216780e-01
7.6361698911135578e+00 6.1655802603098575e-01
7.6377862620797750e+00 6.1648506972554151e-01
7.6394026330459921e+00 6.1641211820643160e-01
7.6410190040122101e+00 6.1633917147425232e-01
7.6426353749784273e+00 6.1626622952959975e-01
7.6442517459446444e+00 6.1619329237307008e-01
7.6458681169108615e+00 6.1612036000525872e-01
7.6474844878770796e+00 6.1604743242676130e-01
7.6491008588432967e+00 6.1597450963817302e-01
7.6507172298095139e+00 6.1590159164008895e-01
7.6523336007757310e+00 6.1582867843310374e-01
7.6539499717419490e+00 6.1575577001781223e-01
7.6555663427081662e+00 6.1568286639480863e-01
7.6571827136743833e+00 6.1560996756468733e-01
7.6587990846406004e+00 6.1553707352804199e-01
7.6604154556068185e+00 6.1546418428546645e-01
7.6620318265730356e+00 6.1539129983755436e-01
7.6636481975392527e+00 6.1531842018489891e-01
7.6652645685054708e+00 6.1524554532809306e-01
7.6668809394716879e+00 6.1517267526772978e-01
7.6684973104379051e+00 6.1509981000440173e-01
7.6701136814041222e+00 6.1502694953870130e-01
7.6717300523703402e+00 6.1495409387122058e-01
7.6733464233365574e+00 6.1488124300255165e-01
7.6749627943027745e+00 6.1480839693328648e-01
7.6765791652689916e+00 6.1473555566401616e-01
7.6781955362352097e+00 6.1466271919533244e-01
7.6798119072014268e+00 6.1458988752782617e-01
7.6814282781676440e+00 6.1451706066208833e-01
7.6830446491338620e+00 6.1444423859870945e-01
7.6846610201000791e+00 6.1437142133828027e-01
7.6862773910662963e+00 6.1429860888139087e-01
7.6878937620325134e+00 6.1422580122863124e-01
7.6895101329987314e+00 6.1415299838059101e-01
7.6911265039649486e+00 6.1408020033786015e-01
7.6927428749311657e+00 6.1400740710102775e-01
7.6943592458973828e+00 6.1393461867068311e-01
7.6959756168636009e+00 6.1386183504741487e-01
7.6975919878298180e+00 6.1378905623181201e-01
7.6992083587960352e+00 6.1371628222446306e-01
7.7008247297622523e+00 6.1364351302595588e-01
7.7024411007284703e+00 6.1357074863687899e-01
7.7040574716946875e+00 6.1349798905781994e-01
7.7056738426609046e+00 6.1342523428936646e-01
7.7072902136271226e+00 6.1335248433210598e-01
7.7089065845933398e+00 6.1327973918662548e-01
7.7105229555595569e+00 6.1320699885351215e-01
7.7121393265257741e+00 6.1313426333335264e-01
7.7137556974919921e+00 6.1306153262673324e-01
7.7153720684582092e+00 6.1298880673424072e-01
7.7169884394244264e+00 6.1291608565646083e-01
7.7186048103906435e+00 6.1284336939397954e-01
7.7202211813568615e+00 6.1277065794738239e-01
7.7218375523230787e+00 6.1269795131725491e-01
7.7234539232892958e+00 6.1262524950418229e-01
7.7250702942555138e+00 6.1255255250874940e-01
7.7266866652217310e+00 6.1247986033154134e-01
7.7283030361879481e+00 6.1240717297314240e-01
7.7299194071541653e+00 6.1233449043413690e-01
7.7315357781203833e+00 6.1226181271510893e-01
7.7331521490866004e+00 6.1218913981664258e-01
7.7347685200528176e+00 6.1211647173932149e-01
7.7363848910190347e+00 6.1204380848372897e-01
7.7380012619852527e+00 6.1197115005044833e-01
7.7396176329514699e+00 6.1189849644006267e-01
7.7412340039176870e+00 6.1182584765315484e-01
7.7428503748839042e+00 6.1175320369030706e-01
7.7444667458501222e+00 6.1168056455210218e-01
7.7460831168163393e+00 6.1160793023912219e-01
7.7476994877825565e+00 6.1153530075194873e-01
7.7493158587487745e+00 6.1146267609116389e-01
7.7509322297149916e+00 6.1139005625734899e-01
7.7525486006812088e+00 6.1131744125108534e-01
7.7541649716474259e+00 6.1124483107295402e-01
7.7557813426136439e+00 6.1117222572353580e-01
7.7573977135798611e+00 6.1109962520341132e-01
7.7590140845460782e+00 6.1102702951316101e-01
7.7606304555122954e+00 6.1095443865336518e-01
7.7622468264785134e+00 6.1088185262460359e-01
7.7638631974447305e+00 6.1080927142745600e-01
7.7654795684109477e+00 6.1073669506250206e-01
7.7670959393771657e+00 6.1066412353032096e-01
7.7687123103433828e+00 6.1059155683149180e-01
7.7703286813096000e+00 6.1051899496659356e-01
7.7719450522758171e+00 6.1044643793620490e-01
7.7735614232420351e+00 6.1037388574090401e-01
7.7751777942082523e+00 6.1030133838126943e-01
7.7767941651744694e+00 6.1022879585787893e-01
7.7784105361406866e+00 6.1015625817131047e-01
7.7800269071069046e+00 6.1008372532214128e-01
7.7816432780731217e+00 6.1001119731094899e-01
7.7832596490393389e+00 6.0993867413831082e-01
7.7848760200055560e+00 6.0986615580480330e-01
7.7864923909717740e+00 6.0979364231100353e-01
7.7881087619379912e+00 6.0972113365748759e-01
7.7897251329042083e+00 6.0964862984483204e-01
7.7913415038704263e+00 6.0957613087361273e-01
7.7929578748366435e+00 6.0950363674440544e-01
7.7945742458028606e+00 6.0943114745778593e-01
7.7961906167690778e+00 6.0935866301432950e-01
7.7978069877352958e+00 6.0928618341461127e-01
7.7994233587015129e+00 6.0921370865920621e-01
7.8010397296677301e+00 6.0914123874868897e-01
7.8026561006339472e+00 6.0906877368363410e-01
7.8042724716001652e+00 6.0899631346461580e-01
7.8058888425663824e+00 6.0892385809220850e-01
7.8075052135325995e+00 6.0885140756698553e-01
7.8091215844988175e+00 6.0877896188952074e-01
7.8107379554650347e+00 6.0870652106038770e-01
7.8123543264312518e+00 6.0863408508015948e-01
7.8139706973974690e+00 6.0856165394940887e-01
7.8155870683636870e+00 6.0848922766870872e-01
7.8172034393299041e+00 6.0841680623863170e-01
7.8188198102961213e+00 6.0834438965975002e-01
7.8204361812623384e+00 6.0827197793263577e-01
7.8220525522285564e+00 6.0819957105786082e-01
7.8236689231947736e+00 6.0812716903599684e-01
7.8252852941609907e+00 6.0805477186761536e-01
7.8269016651272079e+00 6.0798237955328749e-01
7.8285180360934259e+00 6.0790999209358421e-01
7.8301344070596430e+00 6.0783760948907628e-01
7.8317507780258602e+00 6.0776523174033448e-01
7.8333671489920782e+00 6.0769285884792890e-01
7.8349835199582953e+00 6.0762049081242986e-01
7.8365998909245125e+00 6.0754812763440702e-01
7.8382162618907296e+00 6.0747576931443037e-01
7.8398326328569476e+00 6.0740341585306923e-01
7.8414490038231648e+00 6.0733106725089292e-01
7.8430653747893819e+00 6.0725872350847032e-01
7.8446817457555991e+00 6.0718638462637031e-01
7.8462981167218171e+00 6.0711405060516155e-01
7.8479144876880342e+00 6.0704172144541246e-01
7.8495308586542514e+00 6.0696939714769105e-01
7.8511472296204694e+00 6.0689707771256551e-01
7.8527636005866865e+00 6.0682476314060319e-01
7.8543799715529037e+00 6.0675245343237183e-01
7.8559963425191208e+00 6.0668014858843877e-01
7.8576127134853389e+00 6.0660784860937089e-01
7.8592290844515560e+00 6.0653555349573518e-01
7.8608454554177731e+00 6.0646326324809818e-01
7.8624618263839903e+00 6.0639097786702645e-01
7.8640781973502083e+00 6.0631869735308586e-01
7.8656945683164254e+00 6.0624642170684273e-01
7.8673109392826426e+00 6.0617415092886273e-01
7.8689273102488606e+00 6.0610188501971118e-01
7.8705436812150777e+00 6.0602962397995364e-01
7.8721600521812949e+00 6.0595736781015519e-01
7.8737764231475120e+00 6.0588511651088062e-01
7.8753927941137301e+00 6.0581287008269447e-01
7.8770091650799472e+00 6.0574062852616151e-01
7.8786255360461643e+00 6.0566839184184573e-01
7.8802419070123815e+00 6.0559616003031103e-01
7.8818582779785995e+00 6.0552393309212149e-01
7.8834746489448166e+00 6.0545171102784057e-01
7.8850910199110338e+00 6.0537949383803147e-01
7.8867073908772509e+00 6.0530728152325741e-01
7.8883237618434690e+00 6.0523507408408150e-01
7.8899401328096861e+00 6.0516287152106618e-01
7.8915565037759032e+00 6.0509067383477388e-01
7.8931728747421213e+00 6.0501848102576705e-01
7.8947892457083384e+00 6.0494629309460768e-01
7.8964056166745555e+00 6.0487411004185754e-01
7.8980219876407727e+00 6.0480193186807829e-01
7.8996383586069907e+00 6.0472975857383127e-01
7.9012547295732078e+00 6.0465759015967757e-01
7.9028711005394250e+00 6.0458542662617831e-01
7.9044874715056421e+00 6.0451326797389404e-01
7.9061038424718602e+00 6.0444111420338520e-01
7.9077202134380773e+00 6.0436896531521234e-01
7.9093365844042944e+00 6.0429682130993534e-01
7.9109529553705125e+00 6.0422468218811420e-01
7.9125693263367296e+00 6.0415254795030848e-01
7.9141856973029467e+00 6.0408041859707740e-01
7.9158020682691639e+00 6.0400829412898038e-01
7.9174184392353819e+00 6.0393617454657633e-01
7.9190348102015991e+00 6.0386405985042413e-01
7.9206511811678162e+00 6.0379195004108210e-01
7.9222675521340333e+00 6.0371984511910870e-01
7.9238839231002514e+00 6.0364774508506192e-01
7.9255002940664685e+00 6.0357564993949975e-01
7.9271166650326856e+00 6.0350355968297986e-01
7.9287330359989028e+00 6.0343147431605948e-01
7.9303494069651208e+00 6.0335939383929615e-01
7.9319657779313379e+00 6.0328731825324666e-01
7.9335821488975551e+00 6.0321524755846778e-01
7.9351985198637731e+00 6.0314318175551640e-01
7.9368148908299903e+00 6.0307112084494841e-01
7.9384312617962074e+00 6.0299906482732024e-01
7.9400476327624245e+00 6.0292701370318769e-01
7.9416640037286426e+00 6.0285496747310652e-01
7.9432803746948597e+00 6.0278292613763218e-01
7.9448967456610768e+00 6.0271088969731990e-01
7.9465131166272940e+00 6.0263885815272489e-01
7.9481294875935120e+00 6.0256683150440149e-01
7.9497458585597292e+00 6.0249480975290493e-01
7.9513622295259463e+00 6.0242279289878919e-01
7.9529786004921643e+00 6.0235078094260852e-01
7.9545949714583815e+00 6.0227877388491691e-01
7.9562113424245986e+00 6.0220677172626802e-01
7.9578277133908157e+00 6.0213477446721542e-01
7.9594440843570338e+00 6.0206278210831221e-01
7.9610604553232509e+00 6.0199079465011174e-01
7.9626768262894680e+00 6.0191881209316689e-01
7.9642931972556852e+00 6.0184683443803000e-01
7.9659095682219032e+00 6.0177486168525351e-01
7.9675259391881204e+00 6.0170289383538988e-01
7.9691423101543375e+00 6.0163093088899089e-01
7.9707586811205546e+00 6.0155897284660842e-01
7.9723750520867727e+00 6.0148701970879381e-01
7.9739914230529898e+00 6.0141507147609863e-01
7.9756077940192069e+00 6.0134312814907376e-01
7.9772241649854250e+00 6.0127118972827009e-01
7.9788405359516421e+00 6.0119925621423853e-01
7.9804569069178592e+00 6.0112732760752929e-01
7.9820732778840764e+00 6.0105540390869272e-01
7.9836896488502944e+00 6.0098348511827870e-01
7.9853060198165116e+00 6.0091157123683714e-01
7.9869223907827287e+00 6.0083966226491770e-01
7.9885387617489458e+00 6.0076775820306938e-01
7.9901551327151639e+00 6.0069585905184164e-01
7.9917715036813810e+00 6.0062396481178326e-01
7.9933878746475981e+00 6.0055207548344303e-01
7.9950042456138162e+00 6.0048019106736927e-01
7.9966206165800333e+00 6.0040831156411034e-01
7.9982369875462505e+00 6.0033643697421435e-01
7.9998533585124676e+00 6.0026456729822897e-01
8.0014697294786856e+00 6.0019270253670176e-01
8.0030861004449036e+00 6.0012084269018029e-01
8.0047024714111199e+00 6.0004898775921178e-01
8.0063188423773379e+00 5.9997713774434291e-01
8.0079352133435560e+00 5.9990529264612058e-01
8.0095515843097722e+00 5.9983345246509123e-01
8.0111679552759902e+00 5.9976161720180121e-01
8.0127843262422065e+00 5.9968978685679664e-01
8.0144006972084245e+00 5.9961796143062318e-01
8.0160170681746425e+00 5.9954614092382652e-01
8.0176334391408588e+00 5.9947432533695233e-01
8.0192498101070768e+00 5.9940251467054551e-01
8.0208661810732949e+00 5.9933070892515106e-01
8.0224825520395111e+00 5.9925890810131399e-01
8.0240989230057291e+00 5.9918711219957843e-01
8.0257152939719472e+00 5.9911532122048905e-01
8.0273316649381634e+00 5.9904353516458997e-01
8.0289480359043814e+00 5.9897175403242464e-01
8.0305644068705977e+00 5.9889997782453730e-01
8.0321807778368157e+00 5.9882820654147106e-01
8.0337971488030337e+00 5.9875644018376917e-01
8.0354135197692500e+00 5.9868467875197473e-01
8.0370298907354680e+00 5.9861292224663054e-01
8.0386462617016861e+00 5.9854117066827894e-01
8.0402626326679023e+00 5.9846942401746261e-01
8.0418790036341203e+00 5.9839768229472345e-01
8.0434953746003384e+00 5.9832594550060347e-01
8.0451117455665546e+00 5.9825421363564435e-01
8.0467281165327726e+00 5.9818248670038776e-01
8.0483444874989889e+00 5.9811076469537461e-01
8.0499608584652069e+00 5.9803904762114612e-01
8.0515772294314250e+00 5.9796733547824310e-01
8.0531936003976412e+00 5.9789562826720621e-01
8.0548099713638592e+00 5.9782392598857559e-01
8.0564263423300773e+00 5.9775222864289179e-01
8.0580427132962935e+00 5.9768053623069461e-01
8.0596590842625115e+00 5.9760884875252351e-01
8.0612754552287296e+00 5.9753716620891839e-01
8.0628918261949458e+00 5.9746548860041848e-01
8.0645081971611638e+00 5.9739381592756247e-01
8.0661245681273801e+00 5.9732214819088980e-01
8.0677409390935981e+00 5.9725048539093861e-01
8.0693573100598162e+00 5.9717882752824747e-01
8.0709736810260324e+00 5.9710717460335483e-01
8.0725900519922504e+00 5.9703552661679826e-01
8.0742064229584685e+00 5.9696388356911578e-01
8.0758227939246847e+00 5.9689224546084496e-01
8.0774391648909027e+00 5.9682061229252292e-01
8.0790555358571208e+00 5.9674898406468679e-01
8.0806719068233370e+00 5.9667736077787381e-01
8.0822882777895551e+00 5.9660574243262021e-01
8.0839046487557713e+00 5.9653412902946268e-01
8.0855210197219893e+00 5.9646252056893734e-01
8.0871373906882074e+00 5.9639091705158020e-01
8.0887537616544236e+00 5.9631931847792718e-01
8.0903701326206416e+00 5.9624772484851385e-01
8.0919865035868597e+00 5.9617613616387533e-01
8.0936028745530759e+00 5.9610455242454696e-01
8.0952192455192939e+00 5.9603297363106367e-01
8.0968356164855120e+00 5.9596139978396012e-01
8.0984519874517282e+00 5.9588983088377079e-01
8.1000683584179463e+00 5.9581826693102991e-01
8.1016847293841625e+00 5.9574670792627149e-01
8.1033011003503805e+00 5.9567515387002945e-01
8.1049174713165986e+00 5.9560360476283725e-01
8.1065338422828148e+00 5.9553206060522856e-01
8.1081502132490328e+00 5.9546052139773642e-01
8.1097665842152509e+00 5.9538898714089350e-01
8.1113829551814671e+00 5.9531745783523304e-01
8.1129993261476852e+00 5.9524593348128718e-01
8.1146156971139014e+00 5.9517441407958838e-01
8.1162320680801194e+00 5.9510289963066842e-01
8.1178484390463375e+00 5.9503139013505957e-01
8.1194648100125537e+00 5.9495988559329338e-01
8.1210811809787717e+00 5.9488838600590099e-01
8.1226975519449898e+00 5.9481689137341387e-01
8.1243139229112060e+00 5.9474540169636314e-01
8.1259302938774240e+00 5.9467391697527905e-01
8.1275466648436421e+00 5.9460243721069250e-01
8.1291630358098583e+00 5.9453096240313386e-01
8.1307794067760764e+00 5.9445949255313313e-01
8.1323957777422926e+00 5.9438802766122023e-01
8.1340121487085106e+00 5.9431656772792474e-01
8.1356285196747287e+00 5.9424511275377634e-01
8.1372448906409449e+00 5.9417366273930405e-01
8.1388612616071629e+00 5.9410221768503702e-01
8.1404776325733810e+00 5.9403077759150391e-01
8.1420940035395972e+00 5.9395934245923332e-01
8.1437103745058153e+00 5.9388791228875371e-01
8.1453267454720333e+00 5.9381648708059309e-01
8.1469431164382495e+00 5.9374506683527972e-01
8.1485594874044676e+00 5.9367365155334073e-01
8.1501758583706838e+00 5.9360224123530425e-01
8.1517922293369018e+00 5.9353083588169697e-01
8.1534086003031199e+00 5.9345943549304625e-01
8.1550249712693361e+00 5.9338804006987900e-01
8.1566413422355541e+00 5.9331664961272157e-01
8.1582577132017722e+00 5.9324526412210044e-01
8.1598740841679884e+00 5.9317388359854195e-01
8.1614904551342065e+00 5.9310250804257181e-01
8.1631068261004245e+00 5.9303113745471592e-01
8.1647231970666407e+00 5.9295977183549975e-01
8.1663395680328588e+00 5.9288841118544866e-01
8.1679559389990750e+00 5.9281705550508756e-01
8.1695723099652930e+00 5.9274570479494160e-01
8.1711886809315111e+00 5.9267435905553500e-01
8.1728050518977273e+00 5.9260301828739270e-01
8.1744214228639454e+00 5.9253168249103849e-01
8.1760377938301634e+00 5.9246035166699662e-01
8.1776541647963796e+00 5.9238902581579067e-01
8.1792705357625977e+00 5.9231770493794433e-01
8.1808869067288157e+00 5.9224638903398086e-01
8.1825032776950319e+00 5.9217507810442338e-01
8.1841196486612500e+00 5.9210377214979482e-01
8.1857360196274662e+00 5.9203247117061786e-01
8.1873523905936842e+00 5.9196117516741487e-01
8.1889687615599023e+00 5.9188988414070820e-01
8.1905851325261185e+00 5.9181859809101989e-01
8.1922015034923366e+00 5.9174731701887162e-01
8.1938178744585546e+00 5.9167604092478499e-01
8.1954342454247708e+00 5.9160476980928145e-01
8.1970506163909889e+00 5.9153350367288215e-01
8.1986669873572051e+00 5.9146224251610802e-01
8.2002833583234231e+00 5.9139098633947973e-01
8.2018997292896412e+00 5.9131973514351754e-01
8.2035161002558574e+00 5.9124848892874227e-01
8.2051324712220755e+00 5.9117724769567359e-01
8.2067488421882935e+00 5.9110601144483121e-01
8.2083652131545097e+00 5.9103478017673527e-01
8.2099815841207278e+00 5.9096355389190469e-01
8.2115979550869458e+00 5.9089233259085872e-01
8.2132143260531620e+00 5.9082111627411660e-01
8.2148306970193801e+00 5.9074990494219670e-01
8.2164470679855963e+00 5.9067869859561783e-01
8.2180634389518143e+00 5.9060749723489825e-01
8.2196798099180324e+00 5.9053630086055586e-01
8.2212961808842486e+00 5.9046510947310882e-01
8.2229125518504667e+00 5.9039392307307459e-01
8.2245289228166847e+00 5.9032274166097065e-01
8.2261452937829009e+00 5.9025156523731415e-01
8.2277616647491190e+00 5.9018039380262222e-01
8.2293780357153370e+00 5.9010922735741156e-01
8.2309944066815532e+00 5.9003806590219865e-01
8.2326107776477713e+00 5.8996690943749996e-01
8.2342271486139875e+00 5.8989575796383176e-01
8.2358435195802056e+00 5.8982461148170939e-01
8.2374598905464236e+00 5.8975346999164913e-01
8.2390762615126398e+00 5.8968233349416632e-01
8.2406926324788579e+00 5.8961120198977590e-01
8.2423090034450759e+00 5.8954007547899323e-01
8.2439253744112921e+00 5.8946895396233323e-01
8.2455417453775102e+00 5.8939783744030994e-01
8.2471581163437282e+00 5.8932672591343815e-01
8.2487744873099444e+00 5.8925561938223203e-01
8.2503908582761625e+00 5.8918451784720527e-01
8.2520072292423787e+00 5.8911342130887201e-01
8.2536236002085968e+00 5.8904232976774518e-01
8.2552399711748148e+00 5.8897124322433847e-01
8.2568563421410310e+00 5.8890016167916492e-01
8.2584727131072491e+00 5.8882908513273724e-01
8.2600890840734671e+00 5.8875801358556812e-01
8.2617054550396833e+00 5.8868694703817004e-01
8.2633218260059014e+00 5.8861588549105504e-01
8.2649381969721194e+00 5.8854482894473503e-01
8.2665545679383357e+00 5.8847377739972218e-01
8.2681709389045537e+00 5.8840273085652761e-01
8.2697873098707699e+00 5.8833168931566282e-01
8.2714036808369880e+00 5.8826065277763884e-01
8.2730200518032060e+00 5.8818962124296648e-01
8.2746364227694222e+00 5.8811859471215666e-01
8.2762527937356403e+00 5.8804757318571954e-01
8.2778691647018583e+00 5.8797655666416559e-01
8.2794855356680745e+00 5.8790554514800464e-01
8.2811019066342926e+00 5.8783453863774660e-01
8.2827182776005106e+00 5.8776353713390084e-01
8.2843346485667269e+00 5.8769254063697685e-01
8.2859510195329449e+00 5.8762154914748388e-01
8.2875673904991611e+00 5.8755056266593075e-01
8.2891837614653792e+00 5.8747958119282595e-01
8.2908001324315972e+00 5.8740860472867829e-01
8.2924165033978134e+00 5.8733763327399591e-01
8.2940328743640315e+00 5.8726666682928674e-01
8.2956492453302495e+00 5.8719570539505872e-01
8.2972656162964658e+00 5.8712474897181943e-01
8.2988819872626838e+00 5.8705379756007625e-01
8.3004983582289000e+00 5.8698285116033633e-01
8.3021147291951181e+00 5.8691190977310659e-01
8.3037311001613361e+00 5.8684097339889396e-01
8.3053474711275523e+00 5.8677004203820471e-01
8.3069638420937704e+00 5.8669911569154531e-01
8.3085802130599884e+00 5.8662819435942160e-01
8.3101965840262046e+00 5.8655727804233981e-01
8.3118129549924227e+00 5.8648636674080512e-01
8.3134293259586407e+00 5.8641546045532333e-01
8.3150456969248570e+00 5.8634455918639972e-01
8.3166620678910750e+00 5.8627366293453886e-01
8.3182784388572912e+00 5.8620277170024571e-01
8.3198948098235093e+00 5.8613188548402495e-01
8.3215111807897273e+00 5.8606100428638075e-01
8.3231275517559435e+00 5.8599012810781725e-01
8.3247439227221616e+00 5.8591925694883840e-01
8.3263602936883796e+00 5.8584839080994777e-01
8.3279766646545959e+00 5.8577752969164898e-01
8.3295930356208139e+00 5.8570667359444517e-01
8.3312094065870319e+00 5.8563582251883939e-01
8.3328257775532482e+00 5.8556497646533434e-01
8.3344421485194662e+00 5.8549413543443274e-01
8.3360585194856824e+00 5.8542329942663707e-01
8.3376748904519005e+00 5.8535246844244904e-01
8.3392912614181185e+00 5.8528164248237102e-01
8.3409076323843347e+00 5.8521082154690451e-01
8.3425240033505528e+00 5.8514000563655111e-01
8.3441403743167708e+00 5.8506919475181196e-01
8.3457567452829871e+00 5.8499838889318834e-01
8.3473731162492051e+00 5.8492758806118084e-01
8.3489894872154231e+00 5.8485679225629017e-01
8.3506058581816394e+00 5.8478600147901683e-01
8.3522222291478574e+00 5.8471521572986074e-01
8.3538386001140736e+00 5.8464443500932228e-01
8.3554549710802917e+00 5.8457365931790095e-01
8.3570713420465097e+00 5.8450288865609612e-01
8.3586877130127260e+00 5.8443212302440739e-01
8.3603040839789440e+00 5.8436136242333381e-01
8.3619204549451620e+00 5.8429060685337397e-01
8.3635368259113783e+00 5.8421985631502704e-01
8.3651531968775963e+00 5.8414911080879106e-01
8.3667695678438143e+00 5.8407837033516419e-01
8.3683859388100306e+00 5.8400763489464491e-01
8.3700023097762486e+00 5.8393690448773050e-01
8.3716186807424648e+00 5.8386617911491889e-01
8.3732350517086829e+00 5.8379545877670702e-01
8.3748514226749009e+00 5.8372474347359238e-01
8.3764677936411172e+00 5.8365403320607179e-01
8.3780841646073352e+00 5.8358332797464185e-01
8.3797005355735532e+00 5.8351262777979929e-01
8.3813169065397695e+00 5.8344193262203992e-01
8.3829332775059875e+00 5.8337124250186023e-01
8.3845496484722037e+00 5.8330055741975584e-01
8.3861660194384218e+00 5.8322987737622234e-01
8.3877823904046398e+00 5.8315920237175511e-01
8.3893987613708561e+00 5.8308853240684932e-01
8.3910151323370741e+00 5.8301786748200013e-01
8.3926315033032921e+00 5.8294720759770180e-01
8.3942478742695084e+00 5.8287655275444950e-01
8.3958642452357264e+00 5.8280590295273682e-01
8.3974806162019444e+00 5.8273525819305827e-01
8.3990969871681607e+00 5.8266461847590789e-01
8.4007133581343787e+00 5.8259398380177874e-01
8.4023297291005967e+00 5.8252335417116463e-01
8.4039461000668130e+00 5.8245272958455874e-01
8.4055624710330310e+00 5.8238211004245399e-01
8.4071788419992490e+00 5.8231149554534312e-01
8.4087952129654653e+00 5.8224088609371871e-01
8.4104115839316833e+00 5.8217028168807317e-01
8.4120279548979013e+00 5.8209968232889853e-01
8.4136443258641176e+00 5.8202908801668674e-01
8.4152606968303356e+00 5.8195849875192940e-01
8.4168770677965519e+00 5.8188791453511801e-01
8.4184934387627699e+00 5.8181733536674385e-01
8.4201098097289879e+00 5.8174676124729796e-01
8.4217261806952042e+00 5.8167619217727107e-01
8.4233425516614222e+00 5.8160562815715378e-01
8.4249589226276402e+00 5.8153506918743636e-01
8.4265752935938565e+00 5.8146451526860921e-01
8.4281916645600745e+00 5.8139396640116214e-01
8.4298080355262925e+00 5.8132342258558478e-01
8.4314244064925088e+00 5.8125288382236684e-01
8.4330407774587268e+00 5.8118235011199748e-01
8.4346571484249431e+00 5.8111182145496576e-01
8.4362735193911611e+00 5.8104129785176029e-01
8.4378898903573791e+00 5.8097077930287022e-01
8.4395062613235954e+00 5.8090026580878362e-01
8.4411226322898134e+00 5.8082975736998854e-01
8.4427390032560314e+00 5.8075925398697326e-01
8.4443553742222477e+00 5.8068875566022549e-01
8.4459717451884657e+00 5.8061826239023251e-01
8.4475881161546820e+00 5.8054777417748205e-01
8.4492044871209000e+00 5.8047729102246093e-01
8.4508208580871180e+00 5.8040681292565588e-01
8.4524372290533343e+00 5.8033633988755406e-01
8.4540536000195523e+00 5.8026587190864154e-01
8.4556699709857703e+00 5.8019540898940447e-01
8.4572863419519866e+00 5.8012495113032925e-01
8.4589027129182046e+00 5.8005449833190137e-01
8.4605190838844226e+00 5.7998405059460645e-01
8.4621354548506389e+00 5.7991360791893010e-01
8.4637518258168569e+00 5.7984317030535704e-01
8.4653681967830732e+00 5.7977273775437255e-01
8.4669845677492912e+00 5.7970231026646113e-01
8.4686009387155092e+00 5.7963188784210729e-01
8.4702173096817255e+00 5.7956147048179540e-01
8.4718336806479435e+00 5.7949105818600943e-01
8.4734500516141615e+00 5.7942065095523321e-01
8.4750664225803778e+00 5.7935024878995045e-01
8.4766827935465958e+00 5.7927985169064444e-01
8.4782991645128138e+00 5.7920945965779835e-01
8.4799155354790301e+00 5.7913907269189524e-01
8.4815319064452481e+00 5.7906869079341783e-01
8.4831482774114644e+00 5.7899831396284862e-01
8.4847646483776824e+00 5.7892794220066990e-01
8.4863810193439004e+00 5.7885757550736372e-01
8.4879973903101167e+00 5.7878721388341214e-01
8.4896137612763347e+00 5.7871685732929667e-01
8.4912301322425527e+00 5.7864650584549870e-01
8.4928465032087690e+00 5.7857615943249963e-01
8.4944628741749870e+00 5.7850581809078017e-01
8.4960792451412050e+00 5.7843548182082138e-01
8.4976956161074213e+00 5.7836515062310379e-01
8.4993119870736393e+00 5.7829482449810765e-01
8.5009283580398556e+00 5.7822450344631315e-01
8.5025447290060736e+00 5.7815418746820013e-01
8.5041610999722916e+00 5.7808387656424842e-01
8.5057774709385079e+00 5.7801357073493742e-01
8.5073938419047259e+00 5.7794326998074630e-01
8.5090102128709439e+00 5.7787297430215423e-01
8.5106265838371602e+00 5.7780268369964016e-01
8.5122429548033782e+00 5.7773239817368238e-01
8.5138593257695963e+00 5.7766211772475939e-01
8.5154756967358125e+00 5.7759184235334959e-01
8.5170920677020305e+00 5.7752157205993049e-01
8.5187084386682468e+00 5.7745130684498036e-01
8.5203248096344648e+00 5.7738104670897639e-01
8.5219411806006828e+00 5.7731079165239585e-01
8.5235575515668991e+00 5.7724054167571592e-01
8.5251739225331171e+00 5.7717029677941367e-01
8.5267902934993351e+00 5.7710005696396527e-01
8.5284066644655514e+00 5.7702982222984756e-01
8.5300230354317694e+00 5.7695959257753648e-01
8.5316394063979875e+00 5.7688936800750823e-01
8.5332557773642037e+00 5.7681914852023863e-01
8.5348721483304217e+00 5.7674893411620309e-01
8.5364885192966380e+00 5.7667872479587701e-01
8.5381048902628560e+00 5.7660852055973533e-01
8.5397212612290740e+00 5.7653832140825323e-01
8.5413376321952903e+00 5.7646812734190545e-01
8.5429540031615083e+00 5.7639793836116604e-01
8.5445703741277264e+00 5.7632775446650952e-01
8.5461867450939426e+00 5.7625757565841029e-01
8.5478031160601606e+00 5.7618740193734141e-01
8.5494194870263769e+00 5.7611723330377718e-01
8.5510358579925949e+00 5.7604706975819053e-01
8.5526522289588129e+00 5.7597691130105466e-01
8.5542685999250292e+00 5.7590675793284296e-01
8.5558849708912472e+00 5.7583660965402772e-01
8.5575013418574652e+00 5.7576646646508145e-01
8.5591177128236815e+00 5.7569632836647666e-01
8.5607340837898995e+00 5.7562619535868542e-01
8.5623504547561176e+00 5.7555606744217935e-01
8.5639668257223338e+00 5.7548594461743041e-01
8.5655831966885518e+00 5.7541582688490989e-01
8.5671995676547681e+00 5.7534571424508885e-01
8.5688159386209861e+00 5.7527560669843858e-01
8.5704323095872041e+00 5.7520550424542960e-01
8.5720486805534204e+00 5.7513540688653264e-01
8.5736650515196384e+00 5.7506531462221777e-01
8.5752814224858565e+00 5.7499522745295550e-01
8.5768977934520727e+00 5.7492514537921557e-01
8.5785141644182907e+00 5.7485506840146749e-01
8.5801305353845088e+00 5.7478499652018100e-01
8.5817469063507250e+00 5.7471492973582516e-01
8.5833632773169430e+00 5.7464486804886916e-01
8.5849796482831593e+00 5.7457481145978173e-01
8.5865960192493773e+00 5.7450475996903139e-01
8.5882123902155953e+00 5.7443471357708664e-01
8.5898287611818116e+00 5.7436467228441568e-01
8.5914451321480296e+00 5.7429463609148634e-01
8.5930615031142477e+00 5.7422460499876637e-01
8.5946778740804639e+00 5.7415457900672340e-01
8.5962942450466819e+00 5.7408455811582459e-01
8.5979106160129000e+00 5.7401454232653704e-01
8.5995269869791162e+00 5.7394453163932768e-01
8.6011433579453342e+00 5.7387452605466316e-01
8.6027597289115505e+00 5.7380452557300976e-01
8.6043760998777685e+00 5.7373453019483400e-01
8.6059924708439866e+00 5.7366453992060151e-01
8.6076088418102028e+00 5.7359455475077814e-01
8.6092252127764208e+00 5.7352457468582974e-01
8.6108415837426389e+00 5.7345459972622126e-01
8.6124579547088551e+00 5.7338462987241812e-01
8.6140743256750731e+00 5.7331466512488505e-01
8.6156906966412912e+00 5.7324470548408679e-01
8.6173070676075074e+00 5.7317475095048787e-01
8.6189234385737254e+00 5.7310480152455257e-01
8.6205398095399417e+00 5.7303485720674474e-01
8.6221561805061597e+00 5.7296491799752824e-01
8.6237725514723778e+00 5.7289498389736682e-01
8.6253889224385940e+00 5.7282505490672375e-01
8.6270052934048120e+00 5.7275513102606224e-01
8.6286216643710301e+00 5.7268521225584523e-01
8.6302380353372463e+00 5.7261529859653559e-01
8.6318544063034643e+00 5.7254539004859550e-01
8.6334707772696806e+00 5.7247548661248771e-01
8.6350871482358986e+00 5.7240558828867383e-01
8.6367035192021167e+00 5.7233569507761595e-01
8.6383198901683329e+00 5.7226580697977592e-01
8.6399362611345509e+00 5.7219592399561470e-01
8.6415526321007690e+00 5.7212604612559392e-01
8.6431690030669852e+00 5.7205617337017445e-01
8.6447853740332032e+00 5.7198630572981690e-01
8.6464017449994213e+00 5.7191644320498203e-01
8.6480181159656375e+00 5.7184658579613035e-01
8.6496344869318555e+00 5.7177673350372149e-01
8.6512508578980718e+00 5.7170688632821576e-01
8.6528672288642898e+00 5.7163704427007267e-01
8.6544835998305079e+00 5.7156720732975175e-01
8.6560999707967241e+00 5.7149737550771240e-01
8.6577163417629421e+00 5.7142754880441338e-01
8.6593327127291602e+00 5.7135772722031364e-01
8.6609490836953764e+00 5.7128791075587193e-01
8.6625654546615944e+00 5.7121809941154644e-01
8.6641818256278125e+00 5.7114829318779536e-01
8.6657981965940287e+00 5.7107849208507688e-01
8.6674145675602468e+00 5.7100869610384852e-01
8.6690309385264630e+00 5.7093890524456770e-01
8.6706473094926810e+00 5.7086911950769204e-01
8.6722636804588991e+00 5.7079933889367840e-01
8.6738800514251153e+00 5.7072956340298364e-01
8.6754964223913333e+00 5.7065979303606462e-01
8.6771127933575514e+00 5.7059002779337753e-01
8.6787291643237676e+00 5.7052026767537889e-01
8.6803455352899856e+00 5.7045051268252434e-01
8.6819619062562037e+00 5.7038076281526995e-01
8.6835782772224199e+00 5.7031101807407114e-01
8.6851946481886380e+00 5.7024127845938333e-01
8.6868110191548542e+00 5.7017154397166170e-01
8.6884273901210722e+00 5.7010181461136089e-01
8.6900437610872903e+00 5.7003209037893598e-01
8.6916601320535065e+00 5.6996237127484140e-01
8.6932765030197245e+00 5.6989265729953098e-01
8.6948928739859426e+00 5.6982294845345927e-01
8.6965092449521588e+00 5.6975324473708011e-01
8.6981256159183769e+00 5.6968354615084660e-01
8.6997419868845949e+00 5.6961385269521259e-01
8.7013583578508111e+00 5.6954416437063138e-01
8.7029747288170292e+00 5.6947448117755539e-01
8.7045910997832454e+00 5.6940480311643782e-01
8.7062074707494634e+00 5.6933513018773119e-01
8.7078238417156815e+00 5.6926546239188747e-01
8.7094402126818977e+00 5.6919579972935908e-01
8.7110565836481157e+00 5.6912614220059798e-01
8.7126729546143338e+00 5.6905648980605539e-01
8.7142893255805500e+00 5.6898684254618315e-01
8.7159056965467681e+00 5.6891720042143246e-01
8.7175220675129861e+00 5.6884756343225407e-01
8.7191384384792023e+00 5.6877793157909906e-01
8.7207548094454204e+00 5.6870830486241797e-01
8.7223711804116366e+00 5.6863868328266098e-01
8.7239875513778546e+00 5.6856906684027830e-01
8.7256039223440727e+00 5.6849945553572012e-01
8.7272202933102889e+00 5.6842984936943575e-01
8.7288366642765070e+00 5.6836024834187493e-01
8.7304530352427250e+00 5.6829065245348698e-01
8.7320694062089412e+00 5.6822106170472098e-01
8.7336857771751593e+00 5.6815147609602545e-01
8.7353021481413755e+00 5.6808189562784950e-01
8.7369185191075935e+00 5.6801232030064108e-01
8.7385348900738116e+00 5.6794275011484863e-01
8.7401512610400278e+00 5.6787318507092022e-01
8.7417676320062458e+00 5.6780362516930349e-01
8.7433840029724639e+00 5.6773407041044588e-01
8.7450003739386801e+00 5.6766452079479501e-01
8.7466167449048982e+00 5.6759497632279765e-01
8.7482331158711162e+00 5.6752543699490077e-01
8.7498494868373324e+00 5.6745590281155145e-01
8.7514658578035505e+00 5.6738637377319567e-01
8.7530822287697667e+00 5.6731684988027986e-01
8.7546985997359847e+00 5.6724733113325010e-01
8.7563149707022028e+00 5.6717781753255214e-01
8.7579313416684190e+00 5.6710830907863152e-01
8.7595477126346371e+00 5.6703880577193377e-01
8.7611640836008551e+00 5.6696930761290398e-01
8.7627804545670713e+00 5.6689981460198702e-01
8.7643968255332894e+00 5.6683032673962774e-01
8.7660131964995074e+00 5.6676084402627058e-01
8.7676295674657236e+00 5.6669136646235996e-01
8.7692459384319417e+00 5.6662189404833985e-01
8.7708623093981579e+00 5.6655242678465401e-01
8.7724786803643759e+00 5.6648296467174630e-01
8.7740950513305940e+00 5.6641350771006005e-01
8.7757114222968102e+00 5.6634405590003856e-01
8.7773277932630283e+00 5.6627460924212469e-01
8.7789441642292463e+00 5.6620516773676122e-01
8.7805605351954625e+00 5.6613573138439088e-01
8.7821769061616806e+00 5.6606630018545578e-01
8.7837932771278986e+00 5.6599687414039834e-01
8.7854096480941148e+00 5.6592745324966032e-01
8.7870260190603329e+00 5.6585803751368347e-01
8.7886423900265491e+00 5.6578862693290921e-01
8.7902587609927672e+00 5.6571922150777887e-01
8.7918751319589852e+00 5.6564982123873331e-01
8.7934915029252014e+00 5.6558042612621362e-01
8.7951078738914195e+00 5.6551103617066034e-01
8.7967242448576375e+00 5.6544165137251379e-01
8.7983406158238537e+00 5.6537227173221427e-01
8.7999569867900718e+00 5.6530289725020166e-01
8.8015733577562898e+00 5.6523352792691584e-01
8.8031897287225060e+00 5.6516416376279621e-01
8.8048060996887241e+00 5.6509480475828200e-01
8.8064224706549403e+00 5.6502545091381262e-01
8.8080388416211584e+00 5.6495610222982662e-01
8.8096552125873764e+00 5.6488675870676297e-01
8.8112715835535926e+00 5.6481742034506000e-01
8.8128879545198107e+00 5.6474808714515579e-01
8.8145043254860287e+00 5.6467875910748866e-01
8.8161206964522449e+00 5.6460943623249626e-01
8.8177370674184630e+00 5.6454011852061603e-01
8.8193534383846792e+00 5.6447080597228561e-01
8.8209698093508973e+00 5.6440149858794209e-01
8.8225861803171153e+00 5.6433219636802212e-01
8.8242025512833315e+00 5.6426289931296303e-01
8.8258189222495496e+00 5.6419360742320079e-01
8.8274352932157676e+00 5.6412432069917173e-01
8.8290516641819838e+00 5.6405503914131239e-01
8.8306680351482019e+00 5.6398576275005796e-01
8.8322844061144199e+00 5.6391649152584455e-01
8.8339007770806361e+00 5.6384722546910759e-01
8.8355171480468542e+00 5.6377796458028206e-01
8.8371335190130704e+00 5.6370870885980306e-01
8.8387498899792885e+00 5.6363945830810547e-01
8.8403662609455065e+00 5.6357021292562348e-01
8.8419826319117227e+00 5.6350097271279198e-01
8.8435990028779408e+00 5.6343173767004473e-01
8.8452153738441588e+00 5.6336250779781571e-01
8.8468317448103750e+00 5.6329328309653870e-01
8.8484481157765931e+00 5.6322406356664712e-01
8.8500644867428111e+00 5.6315484920857417e-01
8.8516808577090274e+00 5.6308564002275308e-01
8.8532972286752454e+00 5.6301643600961659e-01
8.8549135996414616e+00 5.6294723716959716e-01
8.8565299706076797e+00 5.6287804350312753e-01
8.8581463415738977e+00 5.6280885501063960e-01
8.8597627125401139e+00 5.6273967169256545e-01
8.8613790835063320e+00 5.6267049354933674e-01
8.8629954544725500e+00 5.6260132058138512e-01
8.8646118254387662e+00 5.6253215278914204e-01
8.8662281964049843e+00 5.6246299017303825e-01
8.8678445673712023e+00 5.6239383273350485e-01
8.8694609383374186e+00 5.6232468047097250e-01
8.8710773093036366e+00 5.6225553338587164e-01
8.8726936802698528e+00 5.6218639147863270e-01
8.8743100512360709e+00 5.6211725474968532e-01
8.8759264222022889e+00 5.6204812319945963e-01
8.8775427931685051e+00 5.6197899682838515e-01
8.8791591641347232e+00 5.6190987563689099e-01
8.8807755351009412e+00 5.6184075962540669e-01
8.8823919060671574e+00 5.6177164879436114e-01
8.8840082770333755e+00 5.6170254314418289e-01
8.8856246479995935e+00 5.6163344267530046e-01
8.8872410189658098e+00 5.6156434738814243e-01
8.8888573899320278e+00 5.6149525728313643e-01
8.8904737608982440e+00 5.6142617236071080e-01
8.8920901318644621e+00 5.6135709262129296e-01
8.8937065028306801e+00 5.6128801806531015e-01
8.8953228737968963e+00 5.6121894869319000e-01
8.8969392447631144e+00 5.6114988450535930e-01
8.8985556157293324e+00 5.6108082550224458e-01
8.9001719866955487e+00 5.6101177168427285e-01
8.9017883576617667e+00 5.6094272305187043e-01
8.9034047286279847e+00 5.6087367960546319e-01
8.9050210995942010e+00 5.6080464134547714e-01
8.9066374705604190e+00 5.6073560827233815e-01
8.9082538415266352e+00 5.6066658038647155e-01
8.9098702124928533e+00 5.6059755768830266e-01
8.9114865834590713e+00 5.6052854017825648e-01
8.9131029544252875e+00 5.6045952785675801e-01
8.9147193253915056e+00 5.6039052072423168e-01
8.9163356963577236e+00 5.6032151878110215e-01
8.9179520673239399e+00 5.6025252202779341e-01
8.9195684382901579e+00 5.6018353046472957e-01
8.9211848092563741e+00 5.6011454409233430e-01
8.9228011802225922e+00 5.6004556291103125e-01
8.9244175511888102e+00 5.5997658692124352e-01
8.9260339221550264e+00 5.5990761612339468e-01
8.9276502931212445e+00 5.5983865051790715e-01
8.9292666640874625e+00 5.5976969010520383e-01
8.9308830350536788e+00 5.5970073488570748e-01
8.9324994060198968e+00 5.5963178485983978e-01
8.9341157769861148e+00 5.5956284002802315e-01
8.9357321479523311e+00 5.5949390039067948e-01
8.9373485189185491e+00 5.5942496594822999e-01
8.9389648898847653e+00 5.5935603670109657e-01
8.9405812608509834e+00 5.5928711264970010e-01
8.9421976318172014e+00 5.5921819379446136e-01
8.9438140027834176e+00 5.5914928013580156e-01
8.9454303737496357e+00 5.5908037167414104e-01
8.9470467447158537e+00 5.5901146840989990e-01
8.9486631156820700e+00 5.5894257034349859e-01
8.9502794866482880e+00 5.5887367747535677e-01
8.9518958576145060e+00 5.5880478980589410e-01
8.9535122285807223e+00 5.5873590733553025e-01
8.9551285995469403e+00 5.5866703006468432e-01
8.9567449705131565e+00 5.5859815799377532e-01
8.9583613414793746e+00 5.5852929112322203e-01
8.9599777124455926e+00 5.5846042945344310e-01
8.9615940834118089e+00 5.5839157298485698e-01
8.9632104543780269e+00 5.5832272171788166e-01
8.9648268253442449e+00 5.5825387565293516e-01
8.9664431963104612e+00 5.5818503479043535e-01
8.9680595672766792e+00 5.5811619913079968e-01
8.9696759382428972e+00 5.5804736867444515e-01
8.9712923092091135e+00 5.5797854342178943e-01
8.9729086801753315e+00 5.5790972337324884e-01
8.9745250511415477e+00 5.5784090852924040e-01
8.9761414221077658e+00 5.5777209889018031e-01
8.9777577930739838e+00 5.5770329445648481e-01
8.9793741640402001e+00 5.5763449522857012e-01
8.9809905350064181e+00 5.5756570120685200e-01
8.9826069059726361e+00 5.5749691239174581e-01
8.9842232769388524e+00 5.5742812878366710e-01
8.9858396479050704e+00 5.5735935038303097e-01
8.9874560188712884e+00 5.5729057719025232e-01
8.9890723898375047e+00 5.5722180920574593e-01
8.9906887608037227e+00 5.5715304642992614e-01
8.9923051317699390e+00 5.5708428886320760e-01
8.9939215027361570e+00 5.5701553650600388e-01
8.9955378737023750e+00 5.5694678935872932e-01
8.9971542446685913e+00 5.5687804742179736e-01
8.9987706156348093e+00 5.5680931069562123e-01
9.0003869866010273e+00 5.5674057918061448e-01
9.0020033575672436e+00 5.5667185287718990e-01
9.0036197285334616e+00 5.5660313178576037e-01
9.0052360994996778e+00 5.5653441590673847e-01
9.0068524704658959e+00 5.5646570524053640e-01
9.0084688414321139e+00 5.5639699978756640e-01
9.0100852123983302e+00 5.5632829954824048e-01
9.0117015833645482e+00 5.5625960452297019e-01
9.0133179543307662e+00 5.5619091471216697e-01
9.0149343252969825e+00 5.5612223011624251e-01
9.0165506962632005e+00 5.5605355073560725e-01
9.0181670672294185e+00 5.5598487657067253e-01
9.0197834381956348e+00 5.5591620762184879e-01
9.0213998091618528e+00 5.5584754388954649e-01
9.0230161801280691e+00 5.5577888537417575e-01
9.0246325510942871e+00 5.5571023207614667e-01
9.0262489220605051e+00 5.5564158399586883e-01
9.0278652930267214e+00 5.5557294113375200e-01
9.0294816639929394e+00 5.5550430349020552e-01
9.0310980349591574e+00 5.5543567106563840e-01
9.0327144059253737e+00 5.5536704386045954e-01
9.0343307768915917e+00 5.5529842187507783e-01
9.0359471478578097e+00 5.5522980510990139e-01
9.0375635188240260e+00 5.5516119356533888e-01
9.0391798897902440e+00 5.5509258724179811e-01
9.0407962607564603e+00 5.5502398613968695e-01
9.0424126317226783e+00 5.5495539025941309e-01
9.0440290026888963e+00 5.5488679960138398e-01
9.0456453736551126e+00 5.5481821416600663e-01
9.0472617446213306e+00 5.5474963395368815e-01
9.0488781155875486e+00 5.5468105896483522e-01
9.0504944865537649e+00 5.5461248919985451e-01
9.0521108575199829e+00 5.5454392465915237e-01
9.0537272284862009e+00 5.5447536534313469e-01
9.0553435994524172e+00 5.5440681125220759e-01
9.0569599704186352e+00 5.5433826238677675e-01
9.0585763413848515e+00 5.5426971874724751e-01
9.0601927123510695e+00 5.5420118033402521e-01
9.0618090833172875e+00 5.5413264714751476e-01
9.0634254542835038e+00 5.5406411918812137e-01
9.0650418252497218e+00 5.5399559645624918e-01
9.0666581962159398e+00 5.5392707895230286e-01
9.0682745671821561e+00 5.5385856667668665e-01
9.0698909381483741e+00 5.5379005962980432e-01
9.0715073091145921e+00 5.5372155781205978e-01
9.0731236800808084e+00 5.5365306122385660e-01
9.0747400510470264e+00 5.5358456986559779e-01
9.0763564220132427e+00 5.5351608373768679e-01
9.0779727929794607e+00 5.5344760284052652e-01
9.0795891639456787e+00 5.5337912717451943e-01
9.0812055349118950e+00 5.5331065674006807e-01
9.0828219058781130e+00 5.5324219153757492e-01
9.0844382768443310e+00 5.5317373156744154e-01
9.0860546478105473e+00 5.5310527683007016e-01
9.0876710187767653e+00 5.5303682732586246e-01
9.0892873897429816e+00 5.5296838305521945e-01
9.0909037607091996e+00 5.5289994401854259e-01
9.0925201316754176e+00 5.5283151021623278e-01
9.0941365026416339e+00 5.5276308164869081e-01
9.0957528736078519e+00 5.5269465831631692e-01
9.0973692445740699e+00 5.5262624021951190e-01
9.0989856155402862e+00 5.5255782735867565e-01
9.1006019865065042e+00 5.5248941973420784e-01
9.1022183574727222e+00 5.5242101734650861e-01
9.1038347284389385e+00 5.5235262019597708e-01
9.1054510994051565e+00 5.5228422828301249e-01
9.1070674703713728e+00 5.5221584160801429e-01
9.1086838413375908e+00 5.5214746017138072e-01
9.1103002123038088e+00 5.5207908397351080e-01
9.1119165832700251e+00 5.5201071301480287e-01
9.1135329542362431e+00 5.5194234729565483e-01
9.1151493252024611e+00 5.5187398681646482e-01
9.1167656961686774e+00 5.5180563157763085e-01
9.1183820671348954e+00 5.5173728157955004e-01
9.1199984381011134e+00 5.5166893682261997e-01
9.1216148090673297e+00 5.5160059730723776e-01
9.1232311800335477e+00 5.5153226303379999e-01
9.1248475509997640e+00 5.5146393400270366e-01
9.1264639219659820e+00 5.5139561021434524e-01
9.1280802929322000e+00 5.5132729166912076e-01
9.1296966638984163e+00 5.5125897836742643e-01
9.1313130348646343e+00 5.5119067030965807e-01
9.1329294058308523e+00 5.5112236749621113e-01
9.1345457767970686e+00 5.5105406992748107e-01
9.1361621477632866e+00 5.5098577760386325e-01
9.1377785187295046e+00 5.5091749052575245e-01
9.1393948896957209e+00 5.5084920869354348e-01
9.1410112606619389e+00 5.5078093210763079e-01
9.1426276316281552e+00 5.5071266076840886e-01
9.1442440025943732e+00 5.5064439467627158e-01
9.1458603735605912e+00 5.5057613383161308e-01
9.1474767445268075e+00 5.5050787823482694e-01
9.1490931154930255e+00 5.5043962788630663e-01
9.1507094864592435e+00 5.5037138278644537e-01
9.1523258574254598e+00 5.5030314293563620e-01
9.1539422283916778e+00 5.5023490833427191e-01
9.1555585993578958e+00 5.5016667898274529e-01
9.1571749703241121e+00 5.5009845488144871e-01
9.1587913412903301e+00 5.5003023603077406e-01
9.1604077122565464e+00 5.4996202243111370e-01
9.1620240832227644e+00 5.4989381408285887e-01
9.1636404541889824e+00 5.4982561098640170e-01
9.1652568251551987e+00 5.4975741314213322e-01
9.1668731961214167e+00 5.4968922055044445e-01
9.1684895670876347e+00 5.4962103321172640e-01
9.1701059380538510e+00 5.4955285112636987e-01
9.1717223090200690e+00 5.4948467429476511e-01
9.1733386799862870e+00 5.4941650271730258e-01
9.1749550509525033e+00 5.4934833639437208e-01
9.1765714219187213e+00 5.4928017532636386e-01
9.1781877928849376e+00 5.4921201951366716e-01
9.1798041638511556e+00 5.4914386895667122e-01
9.1814205348173736e+00 5.4907572365576574e-01
9.1830369057835899e+00 5.4900758361133950e-01
9.1846532767498079e+00 5.4893944882378098e-01
9.1862696477160259e+00 5.4887131929347910e-01
9.1878860186822422e+00 5.4880319502082209e-01
9.1895023896484602e+00 5.4873507600619775e-01
9.1911187606146765e+00 5.4866696224999456e-01
9.1927351315808945e+00 5.4859885375259976e-01
9.1943515025471125e+00 5.4853075051440081e-01
9.1959678735133288e+00 5.4846265253578541e-01
9.1975842444795468e+00 5.4839455981714025e-01
9.1992006154457648e+00 5.4832647235885212e-01
9.2008169864119811e+00 5.4825839016130795e-01
9.2024333573781991e+00 5.4819031322489375e-01
9.2040497283444171e+00 5.4812224154999600e-01
9.2056660993106334e+00 5.4805417513700083e-01
9.2072824702768514e+00 5.4798611398629360e-01
9.2088988412430677e+00 5.4791805809826011e-01
9.2105152122092857e+00 5.4785000747328549e-01
9.2121315831755037e+00 5.4778196211175523e-01
9.2137479541417200e+00 5.4771392201405389e-01
9.2153643251079380e+00 5.4764588718056628e-01
9.2169806960741560e+00 5.4757785761167699e-01
9.2185970670403723e+00 5.4750983330777026e-01
9.2202134380065903e+00 5.4744181426923011e-01
9.2218298089728084e+00 5.4737380049644024e-01
9.2234461799390246e+00 5.4730579198978457e-01
9.2250625509052426e+00 5.4723778874964624e-01
9.2266789218714589e+00 5.4716979077640859e-01
9.2282952928376769e+00 5.4710179807045467e-01
9.2299116638038949e+00 5.4703381063216727e-01
9.2315280347701112e+00 5.4696582846192876e-01
9.2331444057363292e+00 5.4689785156012150e-01
9.2347607767025472e+00 5.4682987992712795e-01
9.2363771476687635e+00 5.4676191356332970e-01
9.2379935186349815e+00 5.4669395246910857e-01
9.2396098896011996e+00 5.4662599664484612e-01
9.2412262605674158e+00 5.4655804609092362e-01
9.2428426315336338e+00 5.4649010080772187e-01
9.2444590024998501e+00 5.4642216079562234e-01
9.2460753734660681e+00 5.4635422605500494e-01
9.2476917444322861e+00 5.4628629658625050e-01
9.2493081153985024e+00 5.4621837238973936e-01
9.2509244863647204e+00 5.4615045346585123e-01
9.2525408573309385e+00 5.4608253981496602e-01
9.2541572282971547e+00 5.4601463143746343e-01
9.2557735992633727e+00 5.4594672833372249e-01
9.2573899702295908e+00 5.4587883050412256e-01
9.2590063411958070e+00 5.4581093794904278e-01
9.2606227121620250e+00 5.4574305066886142e-01
9.2622390831282413e+00 5.4567516866395749e-01
9.2638554540944593e+00 5.4560729193470903e-01
9.2654718250606773e+00 5.4553942048149384e-01
9.2670881960268936e+00 5.4547155430469041e-01
9.2687045669931116e+00 5.4540369340467598e-01
9.2703209379593297e+00 5.4533583778182793e-01
9.2719373089255459e+00 5.4526798743652383e-01
9.2735536798917639e+00 5.4520014236914049e-01
9.2751700508579802e+00 5.4513230258005474e-01
9.2767864218241982e+00 5.4506446806964304e-01
9.2784027927904162e+00 5.4499663883828209e-01
9.2800191637566325e+00 5.4492881488634781e-01
9.2816355347228505e+00 5.4486099621421613e-01
9.2832519056890686e+00 5.4479318282226308e-01
9.2848682766552848e+00 5.4472537471086380e-01
9.2864846476215028e+00 5.4465757188039388e-01
9.2881010185877209e+00 5.4458977433122824e-01
9.2897173895539371e+00 5.4452198206374203e-01
9.2913337605201551e+00 5.4445419507830950e-01
9.2929501314863714e+00 5.4438641337530558e-01
9.2945665024525894e+00 5.4431863695510430e-01
9.2961828734188074e+00 5.4425086581807958e-01
9.2977992443850237e+00 5.4418309996460557e-01
9.2994156153512417e+00 5.4411533939505541e-01
9.3010319863174598e+00 5.4404758410980281e-01
9.3026483572836760e+00 5.4397983410922113e-01
9.3042647282498940e+00 5.4391208939368285e-01
9.3058810992161121e+00 5.4384434996356112e-01
9.3074974701823283e+00 5.4377661581922854e-01
9.3091138411485463e+00 5.4370888696105713e-01
9.3107302121147626e+00 5.4364116338941915e-01
9.3123465830809806e+00 5.4357344510468641e-01
9.3139629540471987e+00 5.4350573210723074e-01
9.3155793250134149e+00 5.4343802439742372e-01
9.3171956959796329e+00 5.4337032197563639e-01
9.3188120669458510e+00 5.4330262484223990e-01
9.3204284379120672e+00 5.4323493299760517e-01
9.3220448088782852e+00 5.4316724644210268e-01
9.3236611798445033e+00 5.4309956517610303e-01
9.3252775508107195e+00 5.4303188919997625e-01
9.3268939217769375e+00 5.4296421851409249e-01
9.3285102927431538e+00 5.4289655311882146e-01
9.3301266637093718e+00 5.4282889301453263e-01
9.3317430346755899e+00 5.4276123820159539e-01
9.3333594056418061e+00 5.4269358868037909e-01
9.3349757766080241e+00 5.4262594445125245e-01
9.3365921475742422e+00 5.4255830551458417e-01
9.3382085185404584e+00 5.4249067187074296e-01
9.3398248895066764e+00 5.4242304352009696e-01
9.3414412604728945e+00 5.4235542046301422e-01
9.3430576314391107e+00 5.4228780269986276e-01
9.3446740024053287e+00 5.4222019023100998e-01
9.3462903733715450e+00 5.4215258305682368e-01
9.3479067443377630e+00 5.4208498117767079e-01
9.3495231153039811e+00 5.4201738459391846e-01
9.3511394862701973e+00 5.4194979330593351e-01
9.3527558572364153e+00 5.4188220731408232e-01
9.3543722282026334e+00 5.4181462661873159e-01
9.3559885991688496e+00 5.4174705122024736e-01
9.3576049701350676e+00 5.4167948111899544e-01
9.3592213411012857e+00 5.4161191631534167e-01
9.3608377120675019e+00 5.4154435680965185e-01
9.3624540830337200e+00 5.4147680260229092e-01
9.3640704539999362e+00 5.4140925369362414e-01
9.3656868249661542e+00 5.4134171008401633e-01
9.3673031959323723e+00 5.4127417177383230e-01
9.3689195668985885e+00 5.4120663876343644e-01
9.3705359378648065e+00 5.4113911105319290e-01
9.3721523088310246e+00 5.4107158864346594e-01
9.3737686797972408e+00 5.4100407153461938e-01
9.3753850507634588e+00 5.4093655972701660e-01
9.3770014217296751e+00 5.4086905322102130e-01
9.3786177926958931e+00 5.4080155201699642e-01
9.3802341636621112e+00 5.4073405611530512e-01
9.3818505346283274e+00 5.4066656551631009e-01
9.3834669055945454e+00 5.4059908022037395e-01
9.3850832765607635e+00 5.4053160022785884e-01
9.3866996475269797e+00 5.4046412553912737e-01
9.3883160184931977e+00 5.4039665615454102e-01
9.3899323894594158e+00 5.4032919207446151e-01
9.3915487604256320e+00 5.4026173329925076e-01
9.3931651313918501e+00 5.4019427982926949e-01
9.3947815023580663e+00 5.4012683166487918e-01
9.3963978733242843e+00 5.4005938880644044e-01
9.3980142442905024e+00 5.3999195125431410e-01
9.3996306152567186e+00 5.3992451900886063e-01
9.4012469862229366e+00 5.3985709207044019e-01
9.4028633571891547e+00 5.3978967043941262e-01
9.4044797281553709e+00 5.3972225411613794e-01
9.4060960991215889e+00 5.3965484310097567e-01
9.4077124700878070e+00 5.3958743739428527e-01
9.4093288410540232e+00 5.3952003699642570e-01
9.4109452120202413e+00 5.3945264190775610e-01
9.4125615829864575e+00 5.3938525212863520e-01
9.4141779539526755e+00 5.3931786765942147e-01
9.4157943249188936e+00 5.3925048850047319e-01
9.4174106958851098e+00 5.3918311465214863e-01
9.4190270668513278e+00 5.3911574611480551e-01
9.4206434378175459e+00 5.3904838288880152e-01
9.4222598087837621e+00 5.3898102497449429e-01
9.4238761797499802e+00 5.3891367237224097e-01
9.4254925507161982e+00 5.3884632508239860e-01
9.4271089216824144e+00 5.3877898310532402e-01
9.4287252926486325e+00 5.3871164644137393e-01
9.4303416636148487e+00 5.3864431509090482e-01
9.4319580345810667e+00 5.3857698905427243e-01
9.4335744055472848e+00 5.3850966833183334e-01
9.4351907765135010e+00 5.3844235292394305e-01
9.4368071474797190e+00 5.3837504283095694e-01
9.4384235184459371e+00 5.3830773805323062e-01
9.4400398894121533e+00 5.3824043859111947e-01
9.4416562603783714e+00 5.3817314444497777e-01
9.4432726313445894e+00 5.3810585561516078e-01
9.4448890023108056e+00 5.3803857210202288e-01
9.4465053732770237e+00 5.3797129390591802e-01
9.4481217442432399e+00 5.3790402102720081e-01
9.4497381152094579e+00 5.3783675346622495e-01
9.4513544861756760e+00 5.3776949122334394e-01
9.4529708571418922e+00 5.3770223429891129e-01
9.4545872281081103e+00 5.3763498269328036e-01
9.4562035990743283e+00 5.3756773640680411e-01
9.4578199700405445e+00 5.3750049543983525e-01
9.4594363410067626e+00 5.3743325979272649e-01
9.4610527119729788e+00 5.3736602946583023e-01
9.4626690829391968e+00 5.3729880445949862e-01
9.4642854539054149e+00 5.3723158477408373e-01
9.4659018248716311e+00 5.3716437040993714e-01
9.4675181958378491e+00 5.3709716136741048e-01
9.4691345668040672e+00 5.3702995764685513e-01
9.4707509377702834e+00 5.3696275924862213e-01
9.4723673087365015e+00 5.3689556617306233e-01
9.4739836797027195e+00 5.3682837842052678e-01
9.4756000506689357e+00 5.3676119599136551e-01
9.4772164216351538e+00 5.3669401888592905e-01
9.4788327926013700e+00 5.3662684710456765e-01
9.4804491635675880e+00 5.3655968064763071e-01
9.4820655345338061e+00 5.3649251951546817e-01
9.4836819055000223e+00 5.3642536370842953e-01
9.4852982764662404e+00 5.3635821322686372e-01
9.4869146474324584e+00 5.3629106807111993e-01
9.4885310183986746e+00 5.3622392824154719e-01
9.4901473893648927e+00 5.3615679373849356e-01
9.4917637603311107e+00 5.3608966456230778e-01
9.4933801312973269e+00 5.3602254071333810e-01
9.4949965022635450e+00 5.3595542219193204e-01
9.4966128732297612e+00 5.3588830899843787e-01
9.4982292441959792e+00 5.3582120113320286e-01
9.4998456151621973e+00 5.3575409859657408e-01
9.5014619861284135e+00 5.3568700138889924e-01
9.5030783570946316e+00 5.3561990951052474e-01
9.5046947280608496e+00 5.3555282296179740e-01
9.5063110990270658e+00 5.3548574174306385e-01
9.5079274699932839e+00 5.3541866585467024e-01
9.5095438409595019e+00 5.3535159529696252e-01
9.5111602119257181e+00 5.3528453007028665e-01
9.5127765828919362e+00 5.3521747017498833e-01
9.5143929538581524e+00 5.3515041561141286e-01
9.5160093248243705e+00 5.3508336637990550e-01
9.5176256957905885e+00 5.3501632248081132e-01
9.5192420667568047e+00 5.3494928391447494e-01
9.5208584377230228e+00 5.3488225068124107e-01
9.5224748086892408e+00 5.3481522278145410e-01
9.5240911796554570e+00 5.3474820021545810e-01
9.5257075506216751e+00 5.3468118298359701e-01
9.5273239215878931e+00 5.3461417108621467e-01
9.5289402925541093e+00 5.3454716452365447e-01
9.5305566635203274e+00 5.3448016329625980e-01
9.5321730344865436e+00 5.3441316740437383e-01
9.5337894054527617e+00 5.3434617684833929e-01
9.5354057764189797e+00 5.3427919162849902e-01
9.5370221473851959e+00 5.3421221174519540e-01
9.5386385183514140e+00 5.3414523719877072e-01
9.5402548893176320e+00 5.3407826798956703e-01
9.5418712602838482e+00 5.3401130411792619e-01
9.5434876312500663e+00 5.3394434558418968e-01
9.5451040022162843e+00 5.3387739238869902e-01
9.5467203731825006e+00 5.3381044453179560e-01
9.5483367441487186e+00 5.3374350201382015e-01
9.5499531151149348e+00 5.3367656483511361e-01
9.5515694860811529e+00 5.3360963299601649e-01
9.5531858570473709e+00 5.3354270649686908e-01
9.5548022280135871e+00 5.3347578533801177e-01
9.5564185989798052e+00 5.3340886951978428e-01
9.5580349699460232e+00 5.3334195904252635e-01
9.5596513409122394e+00 5.3327505390657759e-01
9.5612677118784575e+00 5.3320815411227729e-01
9.5628840828446737e+00 5.3314125965996462e-01
9.5645004538108918e+00 5.3307437054997830e-01
9.5661168247771098e+00 5.3300748678265708e-01
9.5677331957433260e+00 5.3294060835833967e-01
9.5693495667095441e+00 5.3287373527736392e-01
9.5709659376757621e+00 5.3280686754006812e-01
9.5725823086419783e+00 5.3274000514679010e-01
9.5741986796081964e+00 5.3267314809786748e-01
9.5758150505744144e+00 5.3260629639363755e-01
9.5774314215406307e+00 5.3253945003443770e-01
9.5790477925068487e+00 5.3247260902060478e-01
9.5806641634730649e+00 5.3240577335247585e-01
9.5822805344392830e+00 5.3233894303038709e-01
9.5838969054055010e+00 5.3227211805467500e-01
9.5855132763717172e+00 5.3220529842567599e-01
9.5871296473379353e+00 5.3213848414372555e-01
9.5887460183041533e+00 5.3207167520915988e-01
9.5903623892703695e+00 5.3200487162231425e-01
9.5919787602365876e+00 5.3193807338352395e-01
9.5935951312028056e+00 5.3187128049312427e-01
9.5952115021690219e+00 5.3180449295145005e-01
9.5968278731352399e+00 5.3173771075883569e-01
9.5984442441014561e+00 5.3167093391561604e-01
9.6000606150676742e+00 5.3160416242212516e-01
9.6016769860338922e+00 5.3153739627869723e-01
9.6032933570001084e+00 5.3147063548566609e-01
9.6049097279663265e+00 5.3140388004336514e-01
9.6065260989325445e+00 5.3133712995212812e-01
9.6081424698987608e+00 5.3127038521228798e-01
9.6097588408649788e+00 5.3120364582417778e-01
9.6113752118311968e+00 5.3113691178813061e-01
9.6129915827974131e+00 5.3107018310447873e-01
9.6146079537636311e+00 5.3100345977355445e-01
9.6162243247298473e+00 5.3093674179569028e-01
9.6178406956960654e+00 5.3087002917121795e-01
9.6194570666622834e+00 5.3080332190046908e-01
9.6210734376284996e+00 5.3073661998377564e-01
9.6226898085947177e+00 5.3066992342146846e-01
9.6243061795609357e+00 5.3060323221387884e-01
9.6259225505271520e+00 5.3053654636133796e-01
9.6275389214933700e+00 5.3046986586417610e-01
9.6291552924595880e+00 5.3040319072272379e-01
9.6307716634258043e+00 5.3033652093731165e-01
9.6323880343920223e+00 5.3026985650826952e-01
9.6340044053582385e+00 5.3020319743592714e-01
9.6356207763244566e+00 5.3013654372061436e-01
9.6372371472906746e+00 5.3006989536266047e-01
9.6388535182568909e+00 5.3000325236239476e-01
9.6404698892231089e+00 5.2993661472014630e-01
9.6420862601893269e+00 5.2986998243624384e-01
9.6437026311555432e+00 5.2980335551101598e-01
9.6453190021217612e+00 5.2973673394479115e-01
9.6469353730879774e+00 5.2967011773789729e-01
9.6485517440541955e+00 5.2960350689066271e-01
9.6501681150204135e+00 5.2953690140341503e-01
9.6517844859866297e+00 5.2947030127648176e-01
9.6534008569528478e+00 5.2940370651019031e-01
9.6550172279190658e+00 5.2933711710486775e-01
9.6566335988852821e+00 5.2927053306084104e-01
9.6582499698515001e+00 5.2920395437843681e-01
9.6598663408177181e+00 5.2913738105798180e-01
9.6614827117839344e+00 5.2907081309980186e-01
9.6630990827501524e+00 5.2900425050422351e-01
9.6647154537163686e+00 5.2893769327157258e-01
9.6663318246825867e+00 5.2887114140217428e-01
9.6679481956488047e+00 5.2880459489635467e-01
9.6695645666150210e+00 5.2873805375443872e-01
9.6711809375812390e+00 5.2867151797675116e-01
9.6727973085474570e+00 5.2860498756361740e-01
9.6744136795136733e+00 5.2853846251536174e-01
9.6760300504798913e+00 5.2847194283230858e-01
9.6776464214461093e+00 5.2840542851478212e-01
9.6792627924123256e+00 5.2833891956310652e-01
9.6808791633785436e+00 5.2827241597760521e-01
9.6824955343447598e+00 5.2820591775860215e-01
9.6841119053109779e+00 5.2813942490642052e-01
9.6857282762771959e+00 5.2807293742138328e-01
9.6873446472434122e+00 5.2800645530381385e-01
9.6889610182096302e+00 5.2793997855403463e-01
9.6905773891758482e+00 5.2787350717236803e-01
9.6921937601420645e+00 5.2780704115913668e-01
9.6938101311082825e+00 5.2774058051466266e-01
9.6954265020745005e+00 5.2767412523926738e-01
9.6970428730407168e+00 5.2760767533327324e-01
9.6986592440069348e+00 5.2754123079700133e-01
9.7002756149731511e+00 5.2747479163077293e-01
9.7018919859393691e+00 5.2740835783490891e-01
9.7035083569055871e+00 5.2734192940973068e-01
9.7051247278718034e+00 5.2727550635555831e-01
9.7067410988380214e+00 5.2720908867271254e-01
9.7083574698042394e+00 5.2714267636151368e-01
9.7099738407704557e+00 5.2707626942228147e-01
9.7115902117366737e+00 5.2700986785533566e-01
9.7132065827028917e+00 5.2694347166099631e-01
9.7148229536691080e+00 5.2687708083958240e-01
9.7164393246353260e+00 5.2681069539141312e-01
9.7180556956015423e+00 5.2674431531680777e-01
9.7196720665677603e+00 5.2667794061608475e-01
9.7212884375339783e+00 5.2661157128956271e-01
9.7229048085001946e+00 5.2654520733756027e-01
9.7245211794664126e+00 5.2647884876039508e-01
9.7261375504326306e+00 5.2641249555838543e-01
9.7277539213988469e+00 5.2634614773184896e-01
9.7293702923650649e+00 5.2627980528110307e-01
9.7309866633312829e+00 5.2621346820646520e-01
9.7326030342974992e+00 5.2614713650825240e-01
9.7342194052637172e+00 5.2608081018678154e-01
9.7358357762299335e+00 5.2601448924236927e-01
9.7374521471961515e+00 5.2594817367533198e-01
9.7390685181623695e+00 5.2588186348598609e-01
9.7406848891285858e+00 5.2581555867464758e-01
9.7423012600948038e+00 5.2574925924163218e-01
9.7439176310610218e+00 5.2568296518725566e-01
9.7455340020272381e+00 5.2561667651183352e-01
9.7471503729934561e+00 5.2555039321568087e-01
9.7487667439596724e+00 5.2548411529911265e-01
9.7503831149258904e+00 5.2541784276244363e-01
9.7519994858921084e+00 5.2535157560598855e-01
9.7536158568583247e+00 5.2528531383006172e-01
9.7552322278245427e+00 5.2521905743497732e-01
9.7568485987907607e+00 5.2515280642104933e-01
9.7584649697569770e+00 5.2508656078859139e-01
9.7600813407231950e+00 5.2502032053791714e-01
9.7616977116894130e+00 5.2495408566933999e-01
9.7633140826556293e+00 5.2488785618317291e-01
9.7649304536218473e+00 5.2482163207972887e-01
9.7665468245880636e+00 5.2475541335932063e-01
9.7681631955542816e+00 5.2468920002226072e-01
9.7697795665204996e+00 5.2462299206886132e-01
9.7713959374867159e+00 5.2455678949943474e-01
9.7730123084529339e+00 5.2449059231429251e-01
9.7746286794191519e+00 5.2442440051374650e-01
9.7762450503853682e+00 5.2435821409810823e-01
9.7778614213515862e+00 5.2429203306768890e-01
9.7794777923178042e+00 5.2422585742279948e-01
9.7810941632840205e+00 5.2415968716375094e-01
9.7827105342502385e+00 5.2409352229085382e-01
9.7843269052164548e+00 5.2402736280441853e-01
9.7859432761826728e+00 5.2396120870475538e-01
9.7875596471488908e+00 5.2389505999217412e-01
9.7891760181151071e+00 5.2382891666698495e-01
9.7907923890813251e+00 5.2376277872949717e-01
9.7924087600475431e+00 5.2369664618002010e-01
9.7940251310137594e+00 5.2363051901886326e-01
9.7956415019799774e+00 5.2356439724633530e-01
9.7972578729461954e+00 5.2349828086274497e-01
9.7988742439124117e+00 5.2343216986840102e-01
9.8004906148786297e+00 5.2336606426361154e-01
9.8021069858448460e+00 5.2329996404868517e-01
9.8037233568110640e+00 5.2323386922392923e-01
9.8053397277772820e+00 5.2316777978965157e-01
9.8069560987434983e+00 5.2310169574616006e-01
9.8085724697097163e+00 5.2303561709376156e-01
9.8101888406759343e+00 5.2296954383276339e-01
9.8118052116421506e+00 5.2290347596347253e-01
9.8134215826083686e+00 5.2283741348619550e-01
9.8150379535745866e+00 5.2277135640123862e-01
9.8166543245408029e+00 5.2270530470890852e-01
9.8182706955070209e+00 5.2263925840951098e-01
9.8198870664732372e+00 5.2257321750335195e-01
9.8215034374394552e+00 5.2250718199073698e-01
9.8231198084056732e+00 5.2244115187197149e-01
9.8247361793718895e+00 5.2237512714736090e-01
9.8263525503381075e+00 5.2230910781720996e-01
9.8279689213043255e+00 5.2224309388182366e-01
9.8295852922705418e+00 5.2217708534150664e-01
9.8312016632367598e+00 5.2211108219656321e-01
9.8328180342029761e+00 5.2204508444729747e-01
9.8344344051691941e+00 5.2197909209401350e-01
9.8360507761354121e+00 5.2191310513701505e-01
9.8376671471016284e+00 5.2184712357660568e-01
9.8392835180678464e+00 5.2178114741308868e-01
9.8408998890340644e+00 5.2171517664676736e-01
9.8425162600002807e+00 5.2164921127794439e-01
9.8441326309664987e+00 5.2158325130692273e-01
9.8457490019327167e+00 5.2151729673400493e-01
9.8473653728989330e+00 5.2145134755949307e-01
9.8489817438651510e+00 5.2138540378368947e-01
9.8505981148313673e+00 5.2131946540689600e-01
9.8522144857975853e+00 5.2125353242941430e-01
9.8538308567638033e+00 5.2118760485154569e-01
9.8554472277300196e+00 5.2112168267359193e-01
9.8570635986962376e+00 5.2105576589585345e-01
9.8586799696624556e+00 5.2098985451863167e-01
9.8602963406286719e+00 5.2092394854222712e-01
9.8619127115948899e+00 5.2085804796693991e-01
9.8635290825611079e+00 5.2079215279307056e-01
9.8651454535273242e+00 5.2072626302091940e-01
9.8667618244935422e+00 5.2066037865078552e-01
9.8683781954597585e+00 5.2059449968296923e-01
9.8699945664259765e+00 5.2052862611776962e-01
9.8716109373921945e+00 5.2046275795548569e-01
9.8732273083584108e+00 5.2039689519641708e-01
9.8748436793246288e+00 5.2033103784086199e-01
9.8764600502908468e+00 5.2026518588911908e-01
9.8780764212570631e+00 5.2019933934148699e-01
9.8796927922232811e+00 5.2013349819826393e-01
9.8813091631894991e+00 5.2006766245974734e-01
9.8829255341557154e+00 5.2000183212623552e-01
9.8845419051219334e+00 5.1993600719802591e-01
9.8861582760881497e+00 5.1987018767541560e-01
9.8877746470543677e+00 5.1980437355870190e-01
9.8893910180205857e+00 5.1973856484818182e-01
9.8910073889868020e+00 5.1967276154415187e-01
9.8926237599530200e+00 5.1960696364690873e-01
9.8942401309192380e+00 5.1954117115674880e-01
9.8958565018854543e+00 5.1947538407396787e-01
9.8974728728516723e+00 5.1940960239886191e-01
9.8990892438178903e+00 5.1934382613172692e-01
9.9007056147841066e+00 5.1927805527285797e-01
9.9023219857503246e+00 5.1921228982255063e-01
9.9039383567165409e+00 5.1914652978109999e-01
9.9055547276827589e+00 5.1908077514880058e-01
9.9071710986489769e+00 5.1901502592594717e-01
9.9087874696151932e+00 5.1894928211283453e-01
9.9104038405814112e+00 5.1888354370975653e-01
9.9120202115476292e+00 5.1881781071700728e-01
9.9136365825138455e+00 5.1875208313488075e-01
9.9152529534800635e+00 5.1868636096367027e-01
9.9168693244462816e+00 5.1862064420366960e-01
9.9184856954124978e+00 5.1855493285517174e-01
9.9201020663787158e+00 5.1848922691846977e-01
9.9217184373449321e+00 5.1842352639385647e-01
9.9233348083111501e+00 5.1835783128162438e-01
9.9249511792773681e+00 5.1829214158206582e-01
9.9265675502435844e+00 5.1822645729547312e-01
9.9281839212098024e+00 5.1816077842213804e-01
9.9298002921760204e+00 5.1809510496235256e-01
9.9314166631422367e+00 5.1802943691640824e-01
9.9330330341084547e+00 5.1796377428459617e-01
9.9346494050746710e+00 5.1789811706720768e-01
9.9362657760408890e+00 5.1783246526453375e-01
9.9378821470071070e+00 5.1776681887686493e-01
9.9394985179733233e+00 5.1770117790449188e-01
9.9411148889395413e+00 5.1763554234770481e-01
9.9427312599057593e+00 5.1756991220679383e-01
9.9443476308719756e+00 5.1750428748204902e-01
9.9459640018381936e+00 5.1743866817375994e-01
9.9475803728044117e+00 5.1737305428221603e-01
9.9491967437706279e+00 5.1730744580770671e-01
9.9508131147368459e+00 5.1724184275052099e-01
9.9524294857030622e+00 5.1717624511094762e-01
9.9540458566692802e+00 5.1711065288927549e-01
9.9556622276354982e+00 5.1704506608579281e-01
9.9572785986017145e+00 5.1697948470078803e-01
9.9588949695679325e+00 5.1691390873454912e-01
9.9605113405341505e+00 5.1684833818736386e-01
9.9621277115003668e+00 5.1678277305952014e-01
9.9637440824665848e+00 5.1671721335130494e-01
9.9653604534328029e+00 5.1665165906300592e-01
9.9669768243990191e+00 5.1658611019490985e-01
9.9685931953652371e+00 5.1652056674730362e-01
9.9702095663314534e+00 5.1645502872047377e-01
9.9718259372976714e+00 5.1638949611470664e-01
9.9734423082638894e+00 5.1632396893028865e-01
9.9750586792301057e+00 5.1625844716750557e-01
9.9766750501963237e+00 5.1619293082664330e-01
9.9782914211625418e+00 5.1612741990798738e-01
9.9799077921287580e+00 5.1606191441182325e-01
9.9815241630949760e+00 5.1599641433843579e-01
9.9831405340611941e+00 5.1593091968811022e-01
9.9847569050274103e+00 5.1586543046113120e-01
9.9863732759936283e+00 5.1579994665778339e-01
9.9879896469598446e+00 5.1573446827835101e-01
9.9896060179260626e+00 5.1566899532311816e-01
9.9912223888922806e+00 5.1560352779236873e-01
9.9928387598584969e+00 5.1553806568638660e-01
9.9944551308247149e+00 5.1547260900545522e-01
9.9960715017909330e+00 5.1540715774985779e-01
9.9976878727571492e+00 5.1534171191987777e-01
9.9993042437233672e+00 5.1527627151579747e-01
1.0000920614689585e+01 5.1521083653790001e-01
1.0002536985655802e+01 5.1514540698646794e-01
1.0004153356622020e+01 5.1507998286178314e-01
1.0005769727588236e+01 5.1501456416412816e-01
1.0007386098554454e+01 5.1494915089378446e-01
1.0009002469520672e+01 5.1488374305103379e-01
1.0010618840486888e+01 5.1481834063615772e-01
1.0012235211453106e+01 5.1475294364943758e-01
1.0013851582419324e+01 5.1468755209115424e-01
1.0015467953385540e+01 5.1462216596158861e-01
1.0017084324351758e+01 5.1455678526102122e-01
1.0018700695317975e+01 5.1449140998973264e-01
1.0020317066284193e+01 5.1442604014800319e-01
1.0021933437250411e+01 5.1436067573611255e-01
1.0023549808216627e+01 5.1429531675434070e-01
1.0025166179182845e+01 5.1422996320296743e-01
1.0026782550149063e+01 5.1416461508227207e-01
1.0028398921115279e+01 5.1409927239253350e-01
1.0030015292081497e+01 5.1403393513403106e-01
1.0031631663047715e+01 5.1396860330704353e-01
1.0033248034013932e+01 5.1390327691184923e-01
1.0034864404980150e+01 5.1383795594872672e-01
1.0036480775946366e+01 5.1377264041795434e-01
1.0038097146912584e+01 5.1370733031980964e-01
1.0039713517878802e+01 5.1364202565457062e-01
1.0041329888845018e+01 5.1357672642251506e-01
1.0042946259811236e+01 5.1351143262391963e-01
1.0044562630777454e+01 5.1344614425906221e-01
1.0046179001743671e+01 5.1338086132821958e-01
1.0047795372709889e+01 5.1331558383166798e-01
1.0049411743676107e+01 5.1325031176968439e-01
1.0051028114642323e+01 5.1318504514254526e-01
1.0052644485608541e+01 5.1311978395052626e-01
1.0054260856574757e+01 5.1305452819390363e-01
1.0055877227540975e+01 5.1298927787295301e-01
1.0057493598507193e+01 5.1292403298794975e-01
1.0059109969473409e+01 5.1285879353916952e-01
1.0060726340439627e+01 5.1279355952688699e-01
1.0062342711405845e+01 5.1272833095137715e-01
1.0063959082372062e+01 5.1266310781291491e-01
1.0065575453338280e+01 5.1259789011177470e-01
1.0067191824304498e+01 5.1253267784823042e-01
1.0068808195270714e+01 5.1246747102255674e-01
1.0070424566236932e+01 5.1240226963502700e-01
1.0072040937203148e+01 5.1233707368591519e-01
1.0073657308169366e+01 5.1227188317549444e-01
1.0075273679135584e+01 5.1220669810403840e-01
1.0076890050101801e+01 5.1214151847181988e-01
1.0078506421068019e+01 5.1207634427911164e-01
1.0080122792034237e+01 5.1201117552618658e-01
1.0081739163000453e+01 5.1194601221331693e-01
1.0083355533966671e+01 5.1188085434077490e-01
1.0084971904932889e+01 5.1181570190883274e-01
1.0086588275899105e+01 5.1175055491776211e-01
1.0088204646865323e+01 5.1168541336783457e-01
1.0089821017831540e+01 5.1162027725932169e-01
1.0091437388797758e+01 5.1155514659249435e-01
1.0093053759763976e+01 5.1149002136762389e-01
1.0094670130730192e+01 5.1142490158498100e-01
1.0096286501696410e+01 5.1135978724483633e-01
1.0097902872662628e+01 5.1129467834746012e-01
1.0099519243628844e+01 5.1122957489312260e-01
1.0101135614595062e+01 5.1116447688209377e-01
1.0102751985561278e+01 5.1109938431464363e-01
1.0104368356527496e+01 5.1103429719104132e-01
1.0105984727493714e+01 5.1096921551155638e-01
1.0107601098459931e+01 5.1090413927645817e-01
1.0109217469426149e+01 5.1083906848601535e-01
1.0110833840392367e+01 5.1077400314049670e-01
1.0112450211358583e+01 5.1070894324017102e-01
1.0114066582324801e+01 5.1064388878530642e-01
1.0115682953291019e+01 5.1057883977617113e-01
1.0117299324257235e+01 5.1051379621303317e-01
1.0118915695223453e+01 5.1044875809616008e-01
1.0120532066189670e+01 5.1038372542581945e-01
1.0122148437155888e+01 5.1031869820227871e-01
1.0123764808122106e+01 5.1025367642580477e-01
1.0125381179088322e+01 5.1018866009666475e-01
1.0126997550054540e+01 5.1012364921512532e-01
1.0128613921020758e+01 5.1005864378145283e-01
1.0130230291986974e+01 5.0999364379591383e-01
1.0131846662953192e+01 5.0992864925877401e-01
1.0133463033919410e+01 5.0986366017029972e-01
1.0135079404885627e+01 5.0979867653075650e-01
1.0136695775851845e+01 5.0973369834040971e-01
1.0138312146818061e+01 5.0966872559952470e-01
1.0139928517784279e+01 5.0960375830836657e-01
1.0141544888750497e+01 5.0953879646720024e-01
1.0143161259716713e+01 5.0947384007629037e-01
1.0144777630682931e+01 5.0940888913590121e-01
1.0146394001649149e+01 5.0934394364629720e-01
1.0148010372615365e+01 5.0927900360774259e-01
1.0149626743581583e+01 5.0921406902050070e-01
1.0151243114547801e+01 5.0914913988483579e-01
1.0152859485514018e+01 5.0908421620101096e-01
1.0154475856480236e+01 5.0901929796928935e-01
1.0156092227446452e+01 5.0895438518993430e-01
1.0157708598412670e+01 5.0888947786320848e-01
1.0159324969378888e+01 5.0882457598937458e-01
1.0160941340345104e+01 5.0875967956869506e-01
1.0162557711311322e+01 5.0869478860143191e-01
1.0164174082277540e+01 5.0862990308784739e-01
1.0165790453243757e+01 5.0856502302820328e-01
1.0167406824209975e+01 5.0850014842276114e-01
1.0169023195176193e+01 5.0843527927178234e-01
1.0170639566142409e+01 5.0837041557552820e-01
1.0172255937108627e+01 5.0830555733425964e-01
1.0173872308074843e+01 5.0824070454823755e-01
1.0175488679041061e+01 5.0817585721772240e-01
1.0177105050007279e+01 5.0811101534297454e-01
1.0178721420973496e+01 5.0804617892425441e-01
1.0180337791939714e+01 5.0798134796182182e-01
1.0181954162905932e+01 5.0791652245593644e-01
1.0183570533872148e+01 5.0785170240685806e-01
1.0185186904838366e+01 5.0778688781484593e-01
1.0186803275804584e+01 5.0772207868015928e-01
1.0188419646770800e+01 5.0765727500305724e-01
1.0190036017737018e+01 5.0759247678379815e-01
1.0191652388703234e+01 5.0752768402264103e-01
1.0193268759669452e+01 5.0746289671984379e-01
1.0194885130635670e+01 5.0739811487566489e-01
1.0196501501601887e+01 5.0733333849036233e-01
1.0198117872568105e+01 5.0726856756419370e-01
1.0199734243534323e+01 5.0720380209741633e-01
1.0201350614500539e+01 5.0713904209028815e-01
1.0202966985466757e+01 5.0707428754306583e-01
1.0204583356432973e+01 5.0700953845600638e-01
1.0206199727399191e+01 5.0694479482936672e-01
1.0207816098365409e+01 5.0688005666340308e-01
1.0209432469331626e+01 5.0681532395837203e-01
1.0211048840297844e+01 5.0675059671452971e-01
1.0212665211264062e+01 5.0668587493213191e-01
1.0214281582230278e+01 5.0662115861143420e-01
1.0215897953196496e+01 5.0655644775269248e-01
1.0217514324162714e+01 5.0649174235616190e-01
1.0219130695128930e+01 5.0642704242209735e-01
1.0220747066095148e+01 5.0636234795075397e-01
1.0222363437061365e+01 5.0629765894238654e-01
1.0223979808027583e+01 5.0623297539724921e-01
1.0225596178993801e+01 5.0616829731559654e-01
1.0227212549960017e+01 5.0610362469768277e-01
1.0228828920926235e+01 5.0603895754376138e-01
1.0230445291892453e+01 5.0597429585408626e-01
1.0232061662858669e+01 5.0590963962891111e-01
1.0233678033824887e+01 5.0584498886848883e-01
1.0235294404791105e+01 5.0578034357307278e-01
1.0236910775757321e+01 5.0571570374291586e-01
1.0238527146723539e+01 5.0565106937827031e-01
1.0240143517689756e+01 5.0558644047938928e-01
1.0241759888655974e+01 5.0552181704652432e-01
1.0243376259622192e+01 5.0545719907992792e-01
1.0244992630588408e+01 5.0539258657985209e-01
1.0246609001554626e+01 5.0532797954654818e-01
1.0248225372520844e+01 5.0526337798026755e-01
1.0249841743487060e+01 5.0519878188126199e-01
1.0251458114453278e+01 5.0513419124978198e-01
1.0253074485419496e+01 5.0506960608607865e-01
1.0254690856385713e+01 5.0500502639040268e-01
1.0256307227351931e+01 5.0494045216300443e-01
1.0257923598318147e+01 5.0487588340413403e-01
1.0259539969284365e+01 5.0481132011404184e-01
1.0261156340250583e+01 5.0474676229297744e-01
1.0262772711216799e+01 5.0468220994119051e-01
1.0264389082183017e+01 5.0461766305893041e-01
1.0266005453149235e+01 5.0455312164644661e-01
1.0267621824115452e+01 5.0448858570398802e-01
1.0269238195081670e+01 5.0442405523180334e-01
1.0270854566047888e+01 5.0435953023014135e-01
1.0272470937014104e+01 5.0429501069925042e-01
1.0274087307980322e+01 5.0423049663937869e-01
1.0275703678946538e+01 5.0416598805077451e-01
1.0277320049912756e+01 5.0410148493368534e-01
1.0278936420878974e+01 5.0403698728835877e-01
1.0280552791845190e+01 5.0397249511504261e-01
1.0282169162811408e+01 5.0390800841398353e-01
1.0283785533777626e+01 5.0384352718542891e-01
1.0285401904743843e+01 5.0377905142962565e-01
1.0287018275710061e+01 5.0371458114682000e-01
1.0288634646676277e+01 5.0365011633725865e-01
1.0290251017642495e+01 5.0358565700118751e-01
1.0291867388608713e+01 5.0352120313885274e-01
1.0293483759574929e+01 5.0345675475050033e-01
1.0295100130541147e+01 5.0339231183637567e-01
1.0296716501507365e+01 5.0332787439672400e-01
1.0298332872473582e+01 5.0326344243179078e-01
1.0299949243439800e+01 5.0319901594182093e-01
1.0301565614406018e+01 5.0313459492705914e-01
1.0303181985372234e+01 5.0307017938775023e-01
1.0304798356338452e+01 5.0300576932413832e-01
1.0306414727304668e+01 5.0294136473646767e-01
1.0308031098270886e+01 5.0287696562498230e-01
1.0309647469237104e+01 5.0281257198992590e-01
1.0311263840203321e+01 5.0274818383154218e-01
1.0312880211169539e+01 5.0268380115007427e-01
1.0314496582135757e+01 5.0261942394576575e-01
1.0316112953101973e+01 5.0255505221885932e-01
1.0317729324068191e+01 5.0249068596959767e-01
1.0319345695034409e+01 5.0242632519822350e-01
1.0320962066000625e+01 5.0236196990497928e-01
1.0322578436966843e+01 5.0229762009010703e-01
1.0324194807933059e+01 5.0223327575384880e-01
1.0325811178899277e+01 5.0216893689644615e-01
1.0327427549865495e+01 5.0210460351814079e-01
1.0329043920831712e+01 5.0204027561917419e-01
1.0330660291797930e+01 5.0197595319978727e-01
1.0332276662764148e+01 5.0191163626022117e-01
1.0333893033730364e+01 5.0184732480071659e-01
1.0335509404696582e+01 5.0178301882151399e-01
1.0337125775662800e+01 5.0171871832285375e-01
1.0338742146629016e+01 5.0165442330497634e-01
1.0340358517595234e+01 5.0159013376812123e-01
1.0341974888561451e+01 5.0152584971252856e-01
1.0343591259527669e+01 5.0146157113843748e-01
1.0345207630493887e+01 5.0139729804608768e-01
1.0346824001460103e+01 5.0133303043571820e-01
1.0348440372426321e+01 5.0126876830756784e-01
1.0350056743392539e+01 5.0120451166187552e-01
1.0351673114358755e+01 5.0114026049887972e-01
1.0353289485324973e+01 5.0107601481881869e-01
1.0354905856291191e+01 5.0101177462193081e-01
1.0356522227257408e+01 5.0094753990845386e-01
1.0358138598223626e+01 5.0088331067862546e-01
1.0359754969189842e+01 5.0081908693268340e-01
1.0361371340156060e+01 5.0075486867086483e-01
1.0362987711122278e+01 5.0069065589340689e-01
1.0364604082088494e+01 5.0062644860054673e-01
1.0366220453054712e+01 5.0056224679252059e-01
1.0367836824020930e+01 5.0049805046956553e-01
1.0369453194987146e+01 5.0043385963191767e-01
1.0371069565953364e+01 5.0036967427981316e-01
1.0372685936919583e+01 5.0030549441348771e-01
1.0374302307885799e+01 5.0024132003317745e-01
1.0375918678852017e+01 5.0017715113911754e-01
1.0377535049818233e+01 5.0011298773154356e-01
1.0379151420784451e+01 5.0004882981069043e-01
1.0380767791750669e+01 4.9998467737679331e-01
1.0382384162716885e+01 4.9992053043008677e-01
1.0384000533683103e+01 4.9985638897080531e-01
1.0385616904649321e+01 4.9979225299918317e-01
1.0387233275615538e+01 4.9972812251545473e-01
1.0388849646581756e+01 4.9966399751985380e-01
1.0390466017547972e+01 4.9959987801261396e-01
1.0392082388514190e+01 4.9953576399396893e-01
1.0393698759480408e+01 4.9947165546415184e-01
1.0395315130446624e+01 4.9940755242339596e-01
1.0396931501412842e+01 4.9934345487193421e-01
1.0398547872379060e+01 4.9927936280999918e-01
1.0400164243345277e+01 4.9921527623782347e-01
1.0401780614311495e+01 4.9915119515563944e-01
1.0403396985277713e+01 4.9908711956367902e-01
1.0405013356243929e+01 4.9902304946217424e-01
1.0406629727210147e+01 4.9895898485135692e-01
1.0408246098176363e+01 4.9889492573145855e-01
1.0409862469142581e+01 4.9883087210271015e-01
1.0411478840108799e+01 4.9876682396534322e-01
1.0413095211075015e+01 4.9870278131958856e-01
1.0414711582041233e+01 4.9863874416567655e-01
1.0416327953007452e+01 4.9857471250383822e-01
1.0417944323973668e+01 4.9851068633430362e-01
1.0419560694939886e+01 4.9844666565730278e-01
1.0421177065906104e+01 4.9838265047306574e-01
1.0422793436872320e+01 4.9831864078182231e-01
1.0424409807838538e+01 4.9825463658380165e-01
1.0426026178804754e+01 4.9819063787923357e-01
1.0427642549770972e+01 4.9812664466834677e-01
1.0429258920737190e+01 4.9806265695137020e-01
1.0430875291703407e+01 4.9799867472853288e-01
1.0432491662669625e+01 4.9793469800006296e-01
1.0434108033635843e+01 4.9787072676618882e-01
1.0435724404602059e+01 4.9780676102713894e-01
1.0437340775568277e+01 4.9774280078314070e-01
1.0438957146534495e+01 4.9767884603442203e-01
1.0440573517500711e+01 4.9761489678121074e-01
1.0442189888466929e+01 4.9755095302373364e-01
1.0443806259433146e+01 4.9748701476221813e-01
1.0445422630399364e+01 4.9742308199689111e-01
1.0447039001365582e+01 4.9735915472797909e-01
1.0448655372331798e+01 4.9729523295570888e-01
1.0450271743298016e+01 4.9723131668030651e-01
1.0451888114264234e+01 4.9716740590199837e-01
1.0453504485230450e+01 4.9710350062101005e-01
1.0455120856196668e+01 4.9703960083756760e-01
1.0456737227162886e+01 4.9697570655189638e-01
1.0458353598129102e+01 4.9691181776422155e-01
1.0459969969095321e+01 4.9684793447476838e-01
1.0461586340061537e+01 4.9678405668376191e-01
1.0463202711027755e+01 4.9672018439142662e-01
1.0464819081993973e+01 4.9665631759798712e-01
1.0466435452960189e+01 4.9659245630366777e-01
1.0468051823926407e+01 4.9652860050869263e-01
1.0469668194892625e+01 4.9646475021328562e-01
1.0471284565858841e+01 4.9640090541767046e-01
1.0472900936825059e+01 4.9633706612207062e-01
1.0474517307791276e+01 4.9627323232670961e-01
1.0476133678757494e+01 4.9620940403181024e-01
1.0477750049723712e+01 4.9614558123759567e-01
1.0479366420689928e+01 4.9608176394428860e-01
1.0480982791656146e+01 4.9601795215211142e-01
1.0482599162622364e+01 4.9595414586128650e-01
1.0484215533588580e+01 4.9589034507203611e-01
1.0485831904554798e+01 4.9582654978458196e-01
1.0487448275521016e+01 4.9576275999914576e-01
1.0489064646487233e+01 4.9569897571594934e-01
1.0490681017453451e+01 4.9563519693521374e-01
1.0492297388419667e+01 4.9557142365716012e-01
1.0493913759385885e+01 4.9550765588200951e-01
1.0495530130352103e+01 4.9544389360998253e-01
1.0497146501318319e+01 4.9538013684129978e-01
1.0498762872284537e+01 4.9531638557618152e-01
1.0500379243250755e+01 4.9525263981484791e-01
1.0501995614216971e+01 4.9518889955751899e-01
1.0503611985183190e+01 4.9512516480441426e-01
1.0505228356149408e+01 4.9506143555575344e-01
1.0506844727115624e+01 4.9499771181175589e-01
1.0508461098081842e+01 4.9493399357264056e-01
1.0510077469048058e+01 4.9487028083862661e-01
1.0511693840014276e+01 4.9480657360993252e-01
1.0513310210980494e+01 4.9474287188677701e-01
1.0514926581946710e+01 4.9467917566937847e-01
1.0516542952912928e+01 4.9461548495795482e-01
1.0518159323879146e+01 4.9455179975272412e-01
1.0519775694845363e+01 4.9448812005390419e-01
1.0521392065811581e+01 4.9442444586171241e-01
1.0523008436777799e+01 4.9436077717636628e-01
1.0524624807744015e+01 4.9429711399808285e-01
1.0526241178710233e+01 4.9423345632707916e-01
1.0527857549676449e+01 4.9416980416357181e-01
1.0529473920642667e+01 4.9410615750777742e-01
1.0531090291608885e+01 4.9404251635991236e-01
1.0532706662575102e+01 4.9397888072019291e-01
1.0534323033541320e+01 4.9391525058883479e-01
1.0535939404507538e+01 4.9385162596605381e-01
1.0537555775473754e+01 4.9378800685206570e-01
1.0539172146439972e+01 4.9372439324708561e-01
1.0540788517406190e+01 4.9366078515132883e-01
1.0542404888372406e+01 4.9359718256501028e-01
1.0544021259338624e+01 4.9353358548834458e-01
1.0545637630304840e+01 4.9346999392154667e-01
1.0547254001271058e+01 4.9340640786483048e-01
1.0548870372237277e+01 4.9334282731841039e-01
1.0550486743203493e+01 4.9327925228250047e-01
1.0552103114169711e+01 4.9321568275731431e-01
1.0553719485135929e+01 4.9315211874306553e-01
1.0555335856102145e+01 4.9308856023996761e-01
1.0556952227068363e+01 4.9302500724823350e-01
1.0558568598034581e+01 4.9296145976807637e-01
1.0560184969000797e+01 4.9289791779970904e-01
1.0561801339967015e+01 4.9283438134334390e-01
1.0563417710933232e+01 4.9277085039919355e-01
1.0565034081899450e+01 4.9270732496746994e-01
1.0566650452865668e+01 4.9264380504838512e-01
1.0568266823831884e+01 4.9258029064215114e-01
1.0569883194798102e+01 4.9251678174897917e-01
1.0571499565764320e+01 4.9245327836908093e-01
1.0573115936730536e+01 4.9238978050266757e-01
1.0574732307696754e+01 4.9232628814994983e-01
1.0576348678662971e+01 4.9226280131113886e-01
1.0577965049629189e+01 4.9219931998644506e-01
1.0579581420595407e+01 4.9213584417607881e-01
1.0581197791561623e+01 4.9207237388025038e-01
1.0582814162527841e+01 4.9200890909916983e-01
1.0584430533494059e+01 4.9194544983304689e-01
1.0586046904460275e+01 4.9188199608209116e-01
1.0587663275426493e+01 4.9181854784651224e-01
1.0589279646392711e+01 4.9175510512651899e-01
1.0590896017358927e+01 4.9169166792232077e-01
1.0592512388325146e+01 4.9162823623412621e-01
1.0594128759291362e+01 4.9156481006214403e-01
1.0595745130257580e+01 4.9150138940658250e-01
1.0597361501223798e+01 4.9143797426765012e-01
1.0598977872190014e+01 4.9137456464555462e-01
1.0600594243156232e+01 4.9131116054050394e-01
1.0602210614122450e+01 4.9124776195270592e-01
1.0603826985088666e+01 4.9118436888236772e-01
1.0605443356054884e+01 4.9112098132969650e-01
1.0607059727021102e+01 4.9105759929489978e-01
1.0608676097987319e+01 4.9099422277818405e-01
1.0610292468953537e+01 4.9093085177975582e-01
1.0611908839919753e+01 4.9086748629982191e-01
1.0613525210885971e+01 4.9080412633858839e-01
1.0615141581852189e+01 4.9074077189626109e-01
1.0616757952818405e+01 4.9067742297304640e-01
1.0618374323784623e+01 4.9061407956914949e-01
1.0619990694750841e+01 4.9055074168477597e-01
1.0621607065717058e+01 4.9048740932013135e-01
1.0623223436683276e+01 4.9042408247542024e-01
1.0624839807649494e+01 4.9036076115084781e-01
1.0626456178615710e+01 4.9029744534661890e-01
1.0628072549581928e+01 4.9023413506293756e-01
1.0629688920548144e+01 4.9017083030000830e-01
1.0631305291514362e+01 4.9010753105803517e-01
1.0632921662480580e+01 4.9004423733722213e-01
1.0634538033446796e+01 4.8998094913777268e-01
1.0636154404413015e+01 4.8991766645989054e-01
1.0637770775379233e+01 4.8985438930377889e-01
1.0639387146345449e+01 4.8979111766964067e-01
1.0641003517311667e+01 4.8972785155767917e-01
1.0642619888277885e+01 4.8966459096809667e-01
1.0644236259244101e+01 4.8960133590109589e-01
1.0645852630210319e+01 4.8953808635687923e-01
1.0647469001176535e+01 4.8947484233564864e-01
1.0649085372142753e+01 4.8941160383760596e-01
1.0650701743108971e+01 4.8934837086295313e-01
1.0652318114075188e+01 4.8928514341189155e-01
1.0653934485041406e+01 4.8922192148462251e-01
1.0655550856007624e+01 4.8915870508134718e-01
1.0657167226973840e+01 4.8909549420226661e-01
1.0658783597940058e+01 4.8903228884758132e-01
1.0660399968906274e+01 4.8896908901749214e-01
1.0662016339872492e+01 4.8890589471219892e-01
1.0663632710838710e+01 4.8884270593190216e-01
1.0665249081804927e+01 4.8877952267680203e-01
1.0666865452771145e+01 4.8871634494709759e-01
1.0668481823737363e+01 4.8865317274298892e-01
1.0670098194703579e+01 4.8859000606467551e-01
1.0671714565669797e+01 4.8852684491235587e-01
1.0673330936636015e+01 4.8846368928622952e-01
1.0674947307602231e+01 4.8840053918649518e-01
1.0676563678568449e+01 4.8833739461335124e-01
1.0678180049534665e+01 4.8827425556699611e-01
1.0679796420500884e+01 4.8821112204762795e-01
1.0681412791467102e+01 4.8814799405544484e-01
1.0683029162433318e+01 4.8808487159064451e-01
1.0684645533399536e+01 4.8802175465342457e-01
1.0686261904365754e+01 4.8795864324398230e-01
1.0687878275331970e+01 4.8789553736251512e-01
1.0689494646298188e+01 4.8783243700921974e-01
1.0691111017264406e+01 4.8776934218429313e-01
1.0692727388230622e+01 4.8770625288793201e-01
1.0694343759196840e+01 4.8764316912033256e-01
1.0695960130163057e+01 4.8758009088169119e-01
1.0697576501129275e+01 4.8751701817220383e-01
1.0699192872095493e+01 4.8745395099206623e-01
1.0700809243061709e+01 4.8739088934147412e-01
1.0702425614027927e+01 4.8732783322062290e-01
1.0704041984994145e+01 4.8726478262970774e-01
1.0705658355960361e+01 4.8720173756892382e-01
1.0707274726926579e+01 4.8713869803846577e-01
1.0708891097892797e+01 4.8707566403852842e-01
1.0710507468859014e+01 4.8701263556930630e-01
1.0712123839825232e+01 4.8694961263099334e-01
1.0713740210791448e+01 4.8688659522378397e-01
1.0715356581757666e+01 4.8682358334787179e-01
1.0716972952723884e+01 4.8676057700345043e-01
1.0718589323690100e+01 4.8669757619071363e-01
1.0720205694656318e+01 4.8663458090985434e-01
1.0721822065622536e+01 4.8657159116106596e-01
1.0723438436588753e+01 4.8650860694454112e-01
1.0725054807554971e+01 4.8644562826047266e-01
1.0726671178521189e+01 4.8638265510905299e-01
1.0728287549487405e+01 4.8631968749047449e-01
1.0729903920453623e+01 4.8625672540492904e-01
1.0731520291419839e+01 4.8619376885260890e-01
1.0733136662386057e+01 4.8613081783370549e-01
1.0734753033352275e+01 4.8606787234841031e-01
1.0736369404318491e+01 4.8600493239691500e-01
1.0737985775284709e+01 4.8594199797941029e-01
1.0739602146250927e+01 4.8587906909608736e-01
1.0741218517217144e+01 4.8581614574713683e-01
1.0742834888183362e+01 4.8575322793274922e-01
1.0744451259149578e+01 4.8569031565311505e-01
1.0746067630115796e+01 4.8562740890842426e-01
1.0747684001082014e+01 4.8556450769886672e-01
1.0749300372048230e+01 4.8550161202463260e-01
1.0750916743014448e+01 4.8543872188591097e-01
1.0752533113980666e+01 4.8537583728289146e-01
1.0754149484946883e+01 4.8531295821576326e-01
1.0755765855913101e+01 4.8525008468471520e-01
1.0757382226879319e+01 4.8518721668993614e-01
1.0758998597845535e+01 4.8512435423161471e-01
1.0760614968811753e+01 4.8506149730993919e-01
1.0762231339777969e+01 4.8499864592509778e-01
1.0763847710744187e+01 4.8493580007727854e-01
1.0765464081710405e+01 4.8487295976666922e-01
1.0767080452676622e+01 4.8481012499345744e-01
1.0768696823642840e+01 4.8474729575783071e-01
1.0770313194609058e+01 4.8468447205997611e-01
1.0771929565575274e+01 4.8462165390008061e-01
1.0773545936541492e+01 4.8455884127833126e-01
1.0775162307507710e+01 4.8449603419491449e-01
1.0776778678473926e+01 4.8443323265001681e-01
1.0778395049440144e+01 4.8437043664382451e-01
1.0780011420406360e+01 4.8430764617652355e-01
1.0781627791372578e+01 4.8424486124829969e-01
1.0783244162338796e+01 4.8418208185933886e-01
1.0784860533305013e+01 4.8411930800982639e-01
1.0786476904271231e+01 4.8405653969994733e-01
1.0788093275237449e+01 4.8399377692988710e-01
1.0789709646203665e+01 4.8393101969983043e-01
1.0791326017169883e+01 4.8386826800996185e-01
1.0792942388136101e+01 4.8380552186046610e-01
1.0794558759102317e+01 4.8374278125152748e-01
1.0796175130068535e+01 4.8368004618332971e-01
1.0797791501034752e+01 4.8361731665605723e-01
1.0799407872000970e+01 4.8355459266989320e-01
1.0801024242967188e+01 4.8349187422502149e-01
1.0802640613933404e+01 4.8342916132162550e-01
1.0804256984899622e+01 4.8336645395988798e-01
1.0805873355865840e+01 4.8330375213999199e-01
1.0807489726832056e+01 4.8324105586212063e-01
1.0809106097798274e+01 4.8317836512645596e-01
1.0810722468764492e+01 4.8311567993318050e-01
1.0812338839730709e+01 4.8305300028247666e-01
1.0813955210696927e+01 4.8299032617452597e-01
1.0815571581663143e+01 4.8292765760951040e-01
1.0817187952629361e+01 4.8286499458761156e-01
1.0818804323595579e+01 4.8280233710901066e-01
1.0820420694561795e+01 4.8273968517388910e-01
1.0822037065528013e+01 4.8267703878242774e-01
1.0823653436494231e+01 4.8261439793480732e-01
1.0825269807460447e+01 4.8255176263120858e-01
1.0826886178426665e+01 4.8248913287181183e-01
1.0828502549392883e+01 4.8242650865679726e-01
1.0830118920359100e+01 4.8236388998634494e-01
1.0831735291325318e+01 4.8230127686063473e-01
1.0833351662291534e+01 4.8223866927984604e-01
1.0834968033257752e+01 4.8217606724415862e-01
1.0836584404223970e+01 4.8211347075375155e-01
1.0838200775190186e+01 4.8205087980880379e-01
1.0839817146156404e+01 4.8198829440949431e-01
1.0841433517122622e+01 4.8192571455600175e-01
1.0843049888088839e+01 4.8186314024850463e-01
1.0844666259055057e+01 4.8180057148718103e-01
1.0846282630021273e+01 4.8173800827220925e-01
1.0847899000987491e+01 4.8167545060376693e-01
1.0849515371953709e+01 4.8161289848203193e-01
1.0851131742919925e+01 4.8155035190718187e-01
1.0852748113886143e+01 4.8148781087939374e-01
1.0854364484852361e+01 4.8142527539884472e-01
1.0855980855818578e+01 4.8136274546571201e-01
1.0857597226784796e+01 4.8130022108017190e-01
1.0859213597751014e+01 4.8123770224240126e-01
1.0860829968717230e+01 4.8117518895257627e-01
1.0862446339683448e+01 4.8111268121087303e-01
1.0864062710649664e+01 4.8105017901746761e-01
1.0865679081615882e+01 4.8098768237253575e-01
1.0867295452582100e+01 4.8092519127625266e-01
1.0868911823548316e+01 4.8086270572879430e-01
1.0870528194514534e+01 4.8080022573033543e-01
1.0872144565480752e+01 4.8073775128105101e-01
1.0873760936446969e+01 4.8067528238111612e-01
1.0875377307413187e+01 4.8061281903070507e-01
1.0876993678379405e+01 4.8055036122999228e-01
1.0878610049345621e+01 4.8048790897915228e-01
1.0880226420311839e+01 4.8042546227835858e-01
1.0881842791278055e+01 4.8036302112778539e-01
1.0883459162244273e+01 4.8030058552760613e-01
1.0885075533210491e+01 4.8023815547799431e-01
1.0886691904176708e+01 4.8017573097912314e-01
1.0888308275142926e+01 4.8011331203116558e-01
1.0889924646109144e+01 4.8005089863429462e-01
1.0891541017075360e+01 4.7998849078868300e-01
1.0893157388041578e+01 4.7992608849450280e-01
1.0894773759007796e+01 4.7986369175192667e-01
1.0896390129974012e+01 4.7980130056112658e-01
1.0898006500940230e+01 4.7973891492227438e-01
1.0899622871906447e+01 4.7967653483554173e-01
1.0901239242872665e+01 4.7961416030110016e-01
1.0902855613838883e+01 4.7955179131912096e-01
1.0904471984805099e+01 4.7948942788977533e-01
1.0906088355771317e+01 4.7942707001323404e-01
1.0907704726737535e+01 4.7936471768966793e-01
1.0909321097703751e+01 4.7930237091924754e-01
1.0910937468669969e+01 4.7924002970214308e-01
1.0912553839636187e+01 4.7917769403852484e-01
1.0914170210602403e+01 4.7911536392856280e-01
1.0915786581568621e+01 4.7905303937242649e-01
1.0917402952534838e+01 4.7899072037028578e-01
1.0919019323501056e+01 4.7892840692230987e-01
1.0920635694467274e+01 4.7886609902866784e-01
1.0922252065433490e+01 4.7880379668952899e-01
1.0923868436399708e+01 4.7874149990506187e-01
1.0925484807365926e+01 4.7867920867543512e-01
1.0927101178332142e+01 4.7861692300081726e-01
1.0928717549298360e+01 4.7855464288137639e-01
1.0930333920264577e+01 4.7849236831728070e-01
1.0931950291230795e+01 4.7843009930869784e-01
1.0933566662197013e+01 4.7836783585579545e-01
1.0935183033163229e+01 4.7830557795874118e-01
1.0936799404129447e+01 4.7824332561770211e-01
1.0938415775095665e+01 4.7818107883284533e-01
1.0940032146061881e+01 4.7811883760433782e-01
1.0941648517028099e+01 4.7805660193234611e-01
1.0943264887994317e+01 4.7799437181703675e-01
1.0944881258960534e+01 4.7793214725857625e-01
1.0946497629926752e+01 4.7786992825713026e-01
1.0948114000892968e+01 4.7780771481286510e-01
1.0949730371859186e+01 4.7774550692594631e-01
1.0951346742825404e+01 4.7768330459653940e-01
1.0952963113791620e+01 4.7762110782480971e-01
1.0954579484757838e+01 4.7755891661092253e-01
1.0956195855724056e+01 4.7749673095504264e-01
1.0957812226690272e+01 4.7743455085733488e-01
1.0959428597656490e+01 4.7737237631796381e-01
1.0961044968622708e+01 4.7731020733709373e-01
1.0962661339588925e+01 4.7724804391488895e-01
1.0964277710555143e+01 4.7718588605151335e-01
1.0965894081521359e+01 4.7712373374713080e-01
1.0967510452487577e+01 4.7706158700190482e-01
1.0969126823453795e+01 4.7699944581599896e-01
1.0970743194420011e+01 4.7693731018957630e-01
1.0972359565386229e+01 4.7687518012279984e-01
1.0973975936352447e+01 4.7681305561583265e-01
1.0975592307318664e+01 4.7675093666883728e-01
1.0977208678284882e+01 4.7668882328197593e-01
1.0978825049251100e+01 4.7662671545541135e-01
1.0980441420217316e+01 4.7656461318930521e-01
1.0982057791183534e+01 4.7650251648381936e-01
1.0983674162149750e+01 4.7644042533911601e-01
1.0985290533115968e+01 4.7637833975535604e-01
1.0986906904082186e+01 4.7631625973270086e-01
1.0988523275048403e+01 4.7625418527131202e-01
1.0990139646014621e+01 4.7619211637135006e-01
1.0991756016980839e+01 4.7613005303297562e-01
1.0993372387947055e+01 4.7606799525634980e-01
1.0994988758913273e+01 4.7600594304163224e-01
1.0996605129879491e+01 4.7594389638898338e-01
1.0998221500845707e+01 4.7588185529856353e-01
1.0999837871811925e+01 4.7581981977053200e-01
1.1001454242778141e+01 4.7575778980504846e-01
1.1003070613744359e+01 4.7569576540227243e-01
1.1004686984710577e+01 4.7563374656236301e-01
1.1006303355676794e+01 4.7557173328547930e-01
1.1007919726643012e+01 4.7550972557178006e-01
1.1009536097609230e+01 4.7544772342142383e-01
1.1011152468575446e+01 4.7538572683456914e-01
1.1012768839541664e+01 4.7532373581137433e-01
1.1014385210507882e+01 4.7526175035199725e-01
1.1016001581474098e+01 4.7519977045659578e-01
1.1017617952440316e+01 4.7513779612532780e-01
1.1019234323406533e+01 4.7507582735835052e-01
1.1020850694372751e+01 4.7501386415582147e-01
1.1022467065338969e+01 4.7495190651789754e-01
1.1024083436305185e+01 4.7488995444473570e-01
1.1025699807271403e+01 4.7482800793649271e-01
1.1027316178237621e+01 4.7476606699332513e-01
1.1028932549203837e+01 4.7470413161538905e-01
1.1030548920170055e+01 4.7464220180284089e-01
1.1032165291136272e+01 4.7458027755583665e-01
1.1033781662102490e+01 4.7451835887453164e-01
1.1035398033068708e+01 4.7445644575908186e-01
1.1037014404034924e+01 4.7439453820964261e-01
1.1038630775001142e+01 4.7433263622636879e-01
1.1040247145967360e+01 4.7427073980941570e-01
1.1041863516933576e+01 4.7420884895893833e-01
1.1043479887899794e+01 4.7414696367509068e-01
1.1045096258866012e+01 4.7408508395802762e-01
1.1046712629832228e+01 4.7402320980790336e-01
1.1048329000798446e+01 4.7396134122487166e-01
1.1049945371764663e+01 4.7389947820908673e-01
1.1051561742730881e+01 4.7383762076070213e-01
1.1053178113697099e+01 4.7377576887987105e-01
1.1054794484663315e+01 4.7371392256674716e-01
1.1056410855629533e+01 4.7365208182148333e-01
1.1058027226595751e+01 4.7359024664423244e-01
1.1059643597561967e+01 4.7352841703514736e-01
1.1061259968528185e+01 4.7346659299438054e-01
1.1062876339494403e+01 4.7340477452208407e-01
1.1064492710460620e+01 4.7334296161841050e-01
1.1066109081426838e+01 4.7328115428351147e-01
1.1067725452393054e+01 4.7321935251753888e-01
1.1069341823359272e+01 4.7315755632064416e-01
1.1070958194325490e+01 4.7309576569297895e-01
1.1072574565291706e+01 4.7303398063469404e-01
1.1074190936257924e+01 4.7297220114594074e-01
1.1075807307224142e+01 4.7291042722686971e-01
1.1077423678190359e+01 4.7284865887763172e-01
1.1079040049156577e+01 4.7278689609837699e-01
1.1080656420122795e+01 4.7272513888925594e-01
1.1082272791089011e+01 4.7266338725041845e-01
1.1083889162055229e+01 4.7260164118201442e-01
1.1085505533021445e+01 4.7253990068419371e-01
1.1087121903987663e+01 4.7247816575710544e-01
1.1088738274953881e+01 4.7241643640089914e-01
1.1090354645920097e+01 4.7235471261572382e-01
1.1091971016886315e+01 4.7229299440172845e-01
1.1093587387852534e+01 4.7223128175906171e-01
1.1095203758818750e+01 4.7216957468787213e-01
1.1096820129784968e+01 4.7210787318830794e-01
1.1098436500751186e+01 4.7204617726051734e-01
1.1100052871717402e+01 4.7198448690464845e-01
1.1101669242683620e+01 4.7192280212084881e-01
1.1103285613649836e+01 4.7186112290926618e-01
1.1104901984616054e+01 4.7179944927004780e-01
1.1106518355582272e+01 4.7173778120334087e-01
1.1108134726548489e+01 4.7167611870929249e-01
1.1109751097514707e+01 4.7161446178804944e-01
1.1111367468480925e+01 4.7155281043975827e-01
1.1112983839447141e+01 4.7149116466456564e-01
1.1114600210413359e+01 4.7142952446261754e-01
1.1116216581379575e+01 4.7136788983406019e-01
1.1117832952345793e+01 4.7130626077903925e-01
1.1119449323312011e+01 4.7124463729770061e-01
1.1121065694278228e+01 4.7118301939018981e-01
1.1122682065244446e+01 4.7112140705665195e-01
1.1124298436210664e+01 4.7105980029723216e-01
1.1125914807176880e+01 4.7099819911207563e-01
1.1127531178143098e+01 4.7093660350132671e-01
1.1129147549109316e+01 4.7087501346513017e-01
1.1130763920075532e+01 4.7081342900363043e-01
1.1132380291041750e+01 4.7075185011697140e-01
1.1133996662007966e+01 4.7069027680529729e-01
1.1135613032974184e+01 4.7062870906875176e-01
1.1137229403940403e+01 4.7056714690747847e-01
1.1138845774906619e+01 4.7050559032162076e-01
1.1140462145872837e+01 4.7044403931132195e-01
1.1142078516839055e+01 4.7038249387672493e-01
1.1143694887805271e+01 4.7032095401797258e-01
1.1145311258771489e+01 4.7025941973520768e-01
1.1146927629737707e+01 4.7019789102857257e-01
1.1148544000703923e+01 4.7013636789820956e-01
1.1150160371670141e+01 4.7007485034426078e-01
1.1151776742636358e+01 4.7001333836686809e-01
1.1153393113602576e+01 4.6995183196617307e-01
1.1155009484568794e+01 4.6989033114231737e-01
1.1156625855535010e+01 4.6982883589544244e-01
1.1158242226501228e+01 4.6976734622568905e-01
1.1159858597467446e+01 4.6970586213319854e-01
1.1161474968433662e+01 4.6964438361811156e-01
1.1163091339399880e+01 4.6958291068056834e-01
1.1164707710366098e+01 4.6952144332070989e-01
1.1166324081332315e+01 4.6945998153867596e-01
1.1167940452298533e+01 4.6939852533460658e-01
1.1169556823264749e+01 4.6933707470864183e-01
1.1171173194230967e+01 4.6927562966092107e-01
1.1172789565197185e+01 4.6921419019158372e-01
1.1174405936163401e+01 4.6915275630076947e-01
1.1176022307129619e+01 4.6909132798861686e-01
1.1177638678095837e+01 4.6902990525526489e-01
1.1179255049062053e+01 4.6896848810085268e-01
1.1180871420028272e+01 4.6890707652551811e-01
1.1182487790994490e+01 4.6884567052939974e-01
1.1184104161960706e+01 4.6878427011263590e-01
1.1185720532926924e+01 4.6872287527536416e-01
1.1187336903893140e+01 4.6866148601772251e-01
1.1188953274859358e+01 4.6860010233984861e-01
1.1190569645825576e+01 4.6853872424187948e-01
1.1192186016791792e+01 4.6847735172395244e-01
1.1193802387758010e+01 4.6841598478620472e-01
1.1195418758724228e+01 4.6835462342877276e-01
1.1197035129690445e+01 4.6829326765179335e-01
1.1198651500656663e+01 4.6823191745540305e-01
1.1200267871622881e+01 4.6817057283973795e-01
1.1201884242589097e+01 4.6810923380493397e-01
1.1203500613555315e+01 4.6804790035112731e-01
1.1205116984521531e+01 4.6798657247845332e-01
1.1206733355487749e+01 4.6792525018704767e-01
1.1208349726453967e+01 4.6786393347704569e-01
1.1209966097420184e+01 4.6780262234858228e-01
1.1211582468386402e+01 4.6774131680179265e-01
1.1213198839352620e+01 4.6768001683681126e-01
1.1214815210318836e+01 4.6761872245377289e-01
1.1216431581285054e+01 4.6755743365281166e-01
1.1218047952251270e+01 4.6749615043406212e-01
1.1219664323217488e+01 4.6743487279765783e-01
1.1221280694183706e+01 4.6737360074373269e-01
1.1222897065149922e+01 4.6731233427242069e-01
1.1224513436116140e+01 4.6725107338385463e-01
1.1226129807082359e+01 4.6718981807816817e-01
1.1227746178048575e+01 4.6712856835549443e-01
1.1229362549014793e+01 4.6706732421596586e-01
1.1230978919981011e+01 4.6700608565971546e-01
1.1232595290947227e+01 4.6694485268687569e-01
1.1234211661913445e+01 4.6688362529757865e-01
1.1235828032879661e+01 4.6682240349195658e-01
1.1237444403845879e+01 4.6676118727014149e-01
1.1239060774812097e+01 4.6669997663226481e-01
1.1240677145778314e+01 4.6663877157845857e-01
1.1242293516744532e+01 4.6657757210885376e-01
1.1243909887710750e+01 4.6651637822358138e-01
1.1245526258676966e+01 4.6645518992277302e-01
1.1247142629643184e+01 4.6639400720655899e-01
1.1248759000609402e+01 4.6633283007506998e-01
1.1250375371575618e+01 4.6627165852843655e-01
1.1251991742541836e+01 4.6621049256678893e-01
1.1253608113508053e+01 4.6614933219025700e-01
1.1255224484474271e+01 4.6608817739897068e-01
1.1256840855440489e+01 4.6602702819305974e-01
1.1258457226406705e+01 4.6596588457265353e-01
1.1260073597372923e+01 4.6590474653788150e-01
1.1261689968339141e+01 4.6584361408887276e-01
1.1263306339305357e+01 4.6578248722575599e-01
1.1264922710271575e+01 4.6572136594866020e-01
1.1266539081237793e+01 4.6566025025771385e-01
1.1268155452204009e+01 4.6559914015304527e-01
1.1269771823170228e+01 4.6553803563478258e-01
1.1271388194136444e+01 4.6547693670305401e-01
1.1273004565102662e+01 4.6541584335798702e-01
1.1274620936068880e+01 4.6535475559970951e-01
1.1276237307035096e+01 4.6529367342834893e-01
1.1277853678001314e+01 4.6523259684403218e-01
1.1279470048967532e+01 4.6517152584688659e-01
1.1281086419933748e+01 4.6511046043703919e-01
1.1282702790899966e+01 4.6504940061461619e-01
1.1284319161866184e+01 4.6498834637974440e-01
1.1285935532832401e+01 4.6492729773255026e-01
1.1287551903798619e+01 4.6486625467315956e-01
1.1289168274764835e+01 4.6480521720169843e-01
1.1290784645731053e+01 4.6474418531829254e-01
1.1292401016697271e+01 4.6468315902306745e-01
1.1294017387663487e+01 4.6462213831614863e-01
1.1295633758629705e+01 4.6456112319766119e-01
1.1297250129595923e+01 4.6450011366773014e-01
1.1298866500562140e+01 4.6443910972648039e-01
1.1300482871528358e+01 4.6437811137403640e-01
1.1302099242494574e+01 4.6431711861052283e-01
1.1303715613460792e+01 4.6425613143606370e-01
1.1305331984427010e+01 4.6419514985078325e-01
1.1306948355393226e+01 4.6413417385480538e-01
1.1308564726359444e+01 4.6407320344825365e-01
1.1310181097325662e+01 4.6401223863125163e-01
1.1311797468291878e+01 4.6395127940392267e-01
1.1313413839258097e+01 4.6389032576638989e-01
1.1315030210224315e+01 4.6382937771877630e-01
1.1316646581190531e+01 4.6376843526120459e-01
1.1318262952156749e+01 4.6370749839379743e-01
1.1319879323122965e+01 4.6364656711667707e-01
1.1321495694089183e+01 4.6358564142996594e-01
1.1323112065055401e+01 4.6352472133378586e-01
1.1324728436021617e+01 4.6346380682825872e-01
1.1326344806987835e+01 4.6340289791350631e-01
1.1327961177954053e+01 4.6334199458964986e-01
1.1329577548920270e+01 4.6328109685681085e-01
1.1331193919886488e+01 4.6322020471511027e-01
1.1332810290852706e+01 4.6315931816466904e-01
1.1334426661818922e+01 4.6309843720560784e-01
1.1336043032785140e+01 4.6303756183804745e-01
1.1337659403751356e+01 4.6297669206210801e-01
1.1339275774717574e+01 4.6291582787790952e-01
1.1340892145683792e+01 4.6285496928557235e-01
1.1342508516650009e+01 4.6279411628521605e-01
1.1344124887616227e+01 4.6273326887696009e-01
1.1345741258582445e+01 4.6267242706092426e-01
1.1347357629548661e+01 4.6261159083722769e-01
1.1348974000514879e+01 4.6255076020598918e-01
1.1350590371481097e+01 4.6248993516732784e-01
1.1352206742447313e+01 4.6242911572136236e-01
1.1353823113413531e+01 4.6236830186821098e-01
1.1355439484379747e+01 4.6230749360799239e-01
1.1357055855345966e+01 4.6224669094082438e-01
1.1358672226312184e+01 4.6218589386682496e-01
1.1360288597278400e+01 4.6212510238611215e-01
1.1361904968244618e+01 4.6206431649880320e-01
1.1363521339210836e+01 4.6200353620501555e-01
1.1365137710177052e+01 4.6194276150486657e-01
1.1366754081143270e+01 4.6188199239847305e-01
1.1368370452109488e+01 4.6182122888595190e-01
1.1369986823075704e+01 4.6176047096742001e-01
1.1371603194041922e+01 4.6169971864299342e-01
1.1373219565008139e+01 4.6163897191278858e-01
1.1374835935974357e+01 4.6157823077692173e-01
1.1376452306940575e+01 4.6151749523550845e-01
1.1378068677906791e+01 4.6145676528866475e-01
1.1379685048873009e+01 4.6139604093650599e-01
1.1381301419839227e+01 4.6133532217914763e-01
1.1382917790805443e+01 4.6127460901670470e-01
1.1384534161771661e+01 4.6121390144929231e-01
1.1386150532737879e+01 4.6115319947702516e-01
1.1387766903704096e+01 4.6109250310001793e-01
1.1389383274670314e+01 4.6103181231838497e-01
1.1390999645636530e+01 4.6097112713224053e-01
1.1392616016602748e+01 4.6091044754169874e-01
1.1394232387568966e+01 4.6084977354687340e-01
1.1395848758535182e+01 4.6078910514787819e-01
1.1397465129501400e+01 4.6072844234482657e-01
1.1399081500467618e+01 4.6066778513783202e-01
1.1400697871433835e+01 4.6060713352700744e-01
1.1402314242400053e+01 4.6054648751246585e-01
1.1403930613366269e+01 4.6048584709432017e-01
1.1405546984332487e+01 4.6042521227268274e-01
1.1407163355298705e+01 4.6036458304766603e-01
1.1408779726264921e+01 4.6030395941938251e-01
1.1410396097231139e+01 4.6024334138794365e-01
1.1412012468197357e+01 4.6018272895346179e-01
1.1413628839163573e+01 4.6012212211604842e-01
1.1415245210129791e+01 4.6006152087581487e-01
1.1416861581096009e+01 4.6000092523287250e-01
1.1418477952062226e+01 4.5994033518733268e-01
1.1420094323028444e+01 4.5987975073930576e-01
1.1421710693994660e+01 4.5981917188890309e-01
1.1423327064960878e+01 4.5975859863623481e-01
1.1424943435927096e+01 4.5969803098141127e-01
1.1426559806893312e+01 4.5963746892454305e-01
1.1428176177859530e+01 4.5957691246573973e-01
1.1429792548825748e+01 4.5951636160511111e-01
1.1431408919791965e+01 4.5945581634276722e-01
1.1433025290758183e+01 4.5939527667881719e-01
1.1434641661724401e+01 4.5933474261337015e-01
1.1436258032690617e+01 4.5927421414653546e-01
1.1437874403656835e+01 4.5921369127842204e-01
1.1439490774623051e+01 4.5915317400913835e-01
1.1441107145589269e+01 4.5909266233879298e-01
1.1442723516555487e+01 4.5903215626749438e-01
1.1444339887521704e+01 4.5897165579535060e-01
1.1445956258487922e+01 4.5891116092246964e-01
1.1447572629454140e+01 4.5885067164895932e-01
1.1449189000420356e+01 4.5879018797492710e-01
1.1450805371386574e+01 4.5872970990048068e-01
1.1452421742352792e+01 4.5866923742572707e-01
1.1454038113319008e+01 4.5860877055077331e-01
1.1455654484285226e+01 4.5854830927572632e-01
1.1457270855251442e+01 4.5848785360069289e-01
1.1458887226217660e+01 4.5842740352577938e-01
1.1460503597183878e+01 4.5836695905109215e-01
1.1462119968150095e+01 4.5830652017673734e-01
1.1463736339116313e+01 4.5824608690282087e-01
1.1465352710082531e+01 4.5818565922944854e-01
1.1466969081048747e+01 4.5812523715672593e-01
1.1468585452014965e+01 4.5806482068475840e-01
1.1470201822981183e+01 4.5800440981365120e-01
1.1471818193947399e+01 4.5794400454350948e-01
1.1473434564913617e+01 4.5788360487443780e-01
1.1475050935879834e+01 4.5782321080654109e-01
1.1476667306846052e+01 4.5776282233992371e-01
1.1478283677812270e+01 4.5770243947468991e-01
1.1479900048778486e+01 4.5764206221094406e-01
1.1481516419744704e+01 4.5758169054878972e-01
1.1483132790710922e+01 4.5752132448833094e-01
1.1484749161677138e+01 4.5746096402967118e-01
1.1486365532643356e+01 4.5740060917291370e-01
1.1487981903609572e+01 4.5734025991816196e-01
1.1489598274575791e+01 4.5727991626551867e-01
1.1491214645542009e+01 4.5721957821508685e-01
1.1492831016508225e+01 4.5715924576696931e-01
1.1494447387474443e+01 4.5709891892126808e-01
1.1496063758440661e+01 4.5703859767808586e-01
1.1497680129406877e+01 4.5697828203752455e-01
1.1499296500373095e+01 4.5691797199968609e-01
1.1500912871339313e+01 4.5685766756467228e-01
1.1502529242305529e+01 4.5679736873258459e-01
1.1504145613271747e+01 4.5673707550352438e-01
1.1505761984237964e+01 4.5667678787759303e-01
1.1507378355204182e+01 4.5661650585489122e-01
1.1508994726170400e+01 4.5655622943551999e-01
1.1510611097136616e+01 4.5649595861958003e-01
1.1512227468102834e+01 4.5643569340717161e-01
1.1513843839069052e+01 4.5637543379839518e-01
1.1515460210035268e+01 4.5631517979335068e-01
1.1517076581001486e+01 4.5625493139213813e-01
1.1518692951967704e+01 4.5619468859485712e-01
1.1520309322933921e+01 4.5613445140160735e-01
1.1521925693900139e+01 4.5607421981248819e-01
1.1523542064866355e+01 4.5601399382759866e-01
1.1525158435832573e+01 4.5595377344703780e-01
1.1526774806798791e+01 4.5589355867090453e-01
1.1528391177765007e+01 4.5583334949929744e-01
1.1530007548731225e+01 4.5577314593231477e-01
1.1531623919697443e+01 4.5571294797005524e-01
1.1533240290663660e+01 4.5565275561261653e-01
1.1534856661629878e+01 4.5559256886009658e-01
1.1536473032596096e+01 4.5553238771259341e-01
1.1538089403562312e+01 4.5547221217020428e-01
1.1539705774528530e+01 4.5541204223302645e-01
1.1541322145494746e+01 4.5535187790115750e-01
1.1542938516460964e+01 4.5529171917469413e-01
1.1544554887427182e+01 4.5523156605373305e-01
1.1546171258393398e+01 4.5517141853837118e-01
1.1547787629359616e+01 4.5511127662870476e-01
1.1549404000325834e+01 4.5505114032483007e-01
1.1551020371292051e+01 4.5499100962684347e-01
1.1552636742258269e+01 4.5493088453484032e-01
1.1554253113224487e+01 4.5487076504891666e-01
1.1555869484190703e+01 4.5481065116916830e-01
1.1557485855156921e+01 4.5475054289569006e-01
1.1559102226123137e+01 4.5469044022857741e-01
1.1560718597089355e+01 4.5463034316792528e-01
1.1562334968055573e+01 4.5457025171382848e-01
1.1563951339021790e+01 4.5451016586638160e-01
1.1565567709988008e+01 4.5445008562567923e-01
1.1567184080954226e+01 4.5439001099181542e-01
1.1568800451920442e+01 4.5432994196488430e-01
1.1570416822886660e+01 4.5426987854497991e-01
1.1572033193852878e+01 4.5420982073219585e-01
1.1573649564819094e+01 4.5414976852662559e-01
1.1575265935785312e+01 4.5408972192836272e-01
1.1576882306751529e+01 4.5402968093750018e-01
1.1578498677717747e+01 4.5396964555413111e-01
1.1580115048683965e+01 4.5390961577834832e-01
1.1581731419650181e+01 4.5384959161024419e-01
1.1583347790616399e+01 4.5378957304991152e-01
1.1584964161582617e+01 4.5372956009744236e-01
1.1586580532548833e+01 4.5366955275292886e-01
1.1588196903515051e+01 4.5360955101646283e-01
1.1589813274481267e+01 4.5354955488813631e-01
1.1591429645447485e+01 4.5348956436804033e-01
1.1593046016413703e+01 4.5342957945626661e-01
1.1594662387379920e+01 4.5336960015290639e-01
1.1596278758346138e+01 4.5330962645805029e-01
1.1597895129312356e+01 4.5324965837178943e-01
1.1599511500278572e+01 4.5318969589421454e-01
1.1601127871244790e+01 4.5312973902541565e-01
1.1602744242211008e+01 4.5306978776548334e-01
1.1604360613177224e+01 4.5300984211450779e-01
1.1605976984143442e+01 4.5294990207257857e-01
1.1607593355109659e+01 4.5288996763978573e-01
1.1609209726075877e+01 4.5283003881621875e-01
1.1610826097042095e+01 4.5277011560196678e-01
1.1612442468008311e+01 4.5271019799711931e-01
1.1614058838974529e+01 4.5265028600176527e-01
1.1615675209940747e+01 4.5259037961599313e-01
1.1617291580906963e+01 4.5253047883989217e-01
1.1618907951873181e+01 4.5247058367355031e-01
1.1620524322839399e+01 4.5241069411705603e-01
1.1622140693805616e+01 4.5235081017049750e-01
1.1623757064771834e+01 4.5229093183396263e-01
1.1625373435738050e+01 4.5223105910753902e-01
1.1626989806704268e+01 4.5217119199131439e-01
1.1628606177670486e+01 4.5211133048537600e-01
1.1630222548636702e+01 4.5205147458981110e-01
1.1631838919602920e+01 4.5199162430470674e-01
1.1633455290569138e+01 4.5193177963014974e-01
1.1635071661535354e+01 4.5187194056622670e-01
1.1636688032501572e+01 4.5181210711302411e-01
1.1638304403467790e+01 4.5175227927062833e-01
1.1639920774434007e+01 4.5169245703912553e-01
1.1641537145400225e+01 4.5163264041860141e-01
1.1643153516366441e+01 4.5157282940914201e-01
1.1644769887332659e+01 4.5151302401083271e-01
1.1646386258298877e+01 4.5145322422375900e-01
1.1648002629265093e+01 4.5139343004800614e-01
1.1649619000231311e+01 4.5133364148365895e-01
1.1651235371197529e+01 4.5127385853080249e-01
1.1652851742163746e+01 4.5121408118952144e-01
1.1654468113129964e+01 4.5115430945990009e-01
1.1656084484096182e+01 4.5109454334202292e-01
1.1657700855062398e+01 4.5103478283597409e-01
1.1659317226028616e+01 4.5097502794183753e-01
1.1660933596994832e+01 4.5091527865969694e-01
1.1662549967961050e+01 4.5085553498963593e-01
1.1664166338927268e+01 4.5079579693173799e-01
1.1665782709893485e+01 4.5073606448608639e-01
1.1667399080859703e+01 4.5067633765276394e-01
1.1669015451825921e+01 4.5061661643185369e-01
1.1670631822792137e+01 4.5055690082343847e-01
1.1672248193758355e+01 4.5049719082760054e-01
1.1673864564724571e+01 4.5043748644442250e-01
1.1675480935690789e+01 4.5037778767398617e-01
1.1677097306657007e+01 4.5031809451637372e-01
1.1678713677623223e+01 4.5025840697166708e-01
1.1680330048589441e+01 4.5019872503994762e-01
1.1681946419555659e+01 4.5013904872129684e-01
1.1683562790521876e+01 4.5007937801579612e-01
1.1685179161488094e+01 4.5001971292352649e-01
1.1686795532454312e+01 4.4996005344456869e-01
1.1688411903420528e+01 4.4990039957900374e-01
1.1690028274386746e+01 4.4984075132691181e-01
1.1691644645352962e+01 4.4978110868837362e-01
1.1693261016319180e+01 4.4972147166346910e-01
1.1694877387285398e+01 4.4966184025227840e-01
1.1696493758251615e+01 4.4960221445488124e-01
1.1698110129217833e+01 4.4954259427135734e-01
1.1699726500184051e+01 4.4948297970178608e-01
1.1701342871150267e+01 4.4942337074624694e-01
1.1702959242116485e+01 4.4936376740481865e-01
1.1704575613082703e+01 4.4930416967758047e-01
1.1706191984048919e+01 4.4924457756461111e-01
1.1707808355015137e+01 4.4918499106598908e-01
1.1709424725981354e+01 4.4912541018179275e-01
1.1711041096947572e+01 4.4906583491210028e-01
1.1712657467913790e+01 4.4900626525698972e-01
1.1714273838880006e+01 4.4894670121653912e-01
1.1715890209846224e+01 4.4888714279082587e-01
1.1717506580812442e+01 4.4882758997992755e-01
1.1719122951778658e+01 4.4876804278392168e-01
1.1720739322744876e+01 4.4870850120288508e-01
1.1722355693711094e+01 4.4864896523689501e-01
1.1723972064677310e+01 4.4858943488602809e-01
1.1725588435643528e+01 4.4852991015036070e-01
1.1727204806609745e+01 4.4847039102996977e-01
1.1728821177575963e+01 4.4841087752493114e-01
1.1730437548542181e+01 4.4835136963532096e-01
1.1732053919508397e+01 4.4829186736121529e-01
1.1733670290474615e+01 4.4823237070268962e-01
1.1735286661440833e+01 4.4817287965981945e-01
1.1736903032407049e+01 4.4811339423268037e-01
1.1738519403373267e+01 4.4805391442134734e-01
1.1740135774339485e+01 4.4799444022589541e-01
1.1741752145305702e+01 4.4793497164639962e-01
1.1743368516271920e+01 4.4787550868293413e-01
1.1744984887238136e+01 4.4781605133557378e-01
1.1746601258204354e+01 4.4775659960439274e-01
1.1748217629170572e+01 4.4769715348946515e-01
1.1749834000136788e+01 4.4763771299086474e-01
1.1751450371103006e+01 4.4757827810866546e-01
1.1753066742069224e+01 4.4751884884294080e-01
1.1754683113035441e+01 4.4745942519376414e-01
1.1756299484001659e+01 4.4740000716120887e-01
1.1757915854967875e+01 4.4734059474534771e-01
1.1759532225934093e+01 4.4728118794625360e-01
1.1761148596900311e+01 4.4722178676399937e-01
1.1762764967866527e+01 4.4716239119865742e-01
1.1764381338832745e+01 4.4710300125030000e-01
1.1765997709798963e+01 4.4704361691899941e-01
1.1767614080765179e+01 4.4698423820482747e-01
1.1769230451731397e+01 4.4692486510785590e-01
1.1770846822697616e+01 4.4686549762815664e-01
1.1772463193663832e+01 4.4680613576580075e-01
1.1774079564630050e+01 4.4674677952085962e-01
1.1775695935596266e+01 4.4668742889340440e-01
1.1777312306562484e+01 4.4662808388350583e-01
1.1778928677528702e+01 4.4656874449123463e-01
1.1780545048494918e+01 4.4650941071666173e-01
1.1782161419461136e+01 4.4645008255985685e-01
1.1783777790427354e+01 4.4639076002089062e-01
1.1785394161393571e+01 4.4633144309983308e-01
1.1787010532359789e+01 4.4627213179675362e-01
1.1788626903326007e+01 4.4621282611172230e-01
1.1790243274292223e+01 4.4615352604480851e-01
1.1791859645258441e+01 4.4609423159608141e-01
1.1793476016224657e+01 4.4603494276561029e-01
1.1795092387190875e+01 4.4597565955346408e-01
1.1796708758157093e+01 4.4591638195971128e-01
1.1798325129123310e+01 4.4585710998442085e-01
1.1799941500089528e+01 4.4579784362766095e-01
1.1801557871055746e+01 4.4573858288949975e-01
1.1803174242021962e+01 4.4567932777000563e-01
1.1804790612988180e+01 4.4562007826924621e-01
1.1806406983954398e+01 4.4556083438728911e-01
1.1808023354920614e+01 4.4550159612420204e-01
1.1809639725886832e+01 4.4544236348005239e-01
1.1811256096853048e+01 4.4538313645490712e-01
1.1812872467819266e+01 4.4532391504883340e-01
1.1814488838785485e+01 4.4526469926189793e-01
1.1816105209751701e+01 4.4520548909416746e-01
1.1817721580717919e+01 4.4514628454570826e-01
1.1819337951684137e+01 4.4508708561658683e-01
1.1820954322650353e+01 4.4502789230686901e-01
1.1822570693616571e+01 4.4496870461662097e-01
1.1824187064582789e+01 4.4490952254590843e-01
1.1825803435549005e+01 4.4485034609479690e-01
1.1827419806515223e+01 4.4479117526335166e-01
1.1829036177481440e+01 4.4473201005163820e-01
1.1830652548447658e+01 4.4467285045972138e-01
1.1832268919413876e+01 4.4461369648766602e-01
1.1833885290380092e+01 4.4455454813553696e-01
1.1835501661346310e+01 4.4449540540339860e-01
1.1837118032312528e+01 4.4443626829131544e-01
1.1838734403278744e+01 4.4437713679935142e-01
1.1840350774244962e+01 4.4431801092757062e-01
1.1841967145211180e+01 4.4425889067603686e-01
1.1843583516177397e+01 4.4419977604481387e-01
1.1845199887143615e+01 4.4414066703396482e-01
1.1846816258109831e+01 4.4408156364355333e-01
1.1848432629076049e+01 4.4402246587364214e-01
1.1850049000042267e+01 4.4396337372429440e-01
1.1851665371008483e+01 4.4390428719557296e-01
1.1853281741974701e+01 4.4384520628754009e-01
1.1854898112940919e+01 4.4378613100025843e-01
1.1856514483907135e+01 4.4372706133379003e-01
1.1858130854873353e+01 4.4366799728819706e-01
1.1859747225839570e+01 4.4360893886354136e-01
1.1861363596805788e+01 4.4354988605988455e-01
1.1862979967772006e+01 4.4349083887728824e-01
1.1864596338738222e+01 4.4343179731581372e-01
1.1866212709704440e+01 4.4337276137552206e-01
1.1867829080670658e+01 4.4331373105647431e-01
1.1869445451636874e+01 4.4325470635873143e-01
1.1871061822603092e+01 4.4319568728235381e-01
1.1872678193569310e+01 4.4313667382740207e-01
1.1874294564535527e+01 4.4307766599393639e-01
1.1875910935501745e+01 4.4301866378201693e-01
1.1877527306467961e+01 4.4295966719170365e-01
1.1879143677434179e+01 4.4290067622305618e-01
1.1880760048400397e+01 4.4284169087613423e-01
1.1882376419366613e+01 4.4278271115099710e-01
1.1883992790332831e+01 4.4272373704770407e-01
1.1885609161299049e+01 4.4266476856631420e-01
1.1887225532265266e+01 4.4260580570688635e-01
1.1888841903231484e+01 4.4254684846947911e-01
1.1890458274197702e+01 4.4248789685415124e-01
1.1892074645163918e+01 4.4242895086096090e-01
1.1893691016130136e+01 4.4237001048996627e-01
1.1895307387096352e+01 4.4231107574122541e-01
1.1896923758062570e+01 4.4225214661479606e-01
1.1898540129028788e+01 4.4219322311073594e-01
1.1900156499995004e+01 4.4213430522910246e-01
1.1901772870961222e+01 4.4207539296995302e-01
1.1903389241927441e+01 4.4201648633334456e-01
1.1905005612893657e+01 4.4195758531933416e-01
1.1906621983859875e+01 4.4189868992797854e-01
1.1908238354826093e+01 4.4183980015933433e-01
1.1909854725792309e+01 4.4178091601345792e-01
1.1911471096758527e+01 4.4172203749040539e-01
1.1913087467724743e+01 4.4166316459023314e-01
1.1914703838690961e+01 4.4160429731299677e-01
1.1916320209657179e+01 4.4154543565875215e-01
1.1917936580623396e+01 4.4148657962755489e-01
1.1919552951589614e+01 4.4142772921946005e-01
1.1921169322555832e+01 4.4136888443452305e-01
1.1922785693522048e+01 4.4131004527279882e-01
1.1924402064488266e+01 4.4125121173434234e-01
1.1926018435454484e+01 4.4119238381920800e-01
1.1927634806420700e+01 4.4113356152745065e-01
1.1929251177386918e+01 4.4107474485912435e-01
1.1930867548353135e+01 4.4101593381428328e-01
1.1932483919319353e+01 4.4095712839298140e-01
1.1934100290285571e+01 4.4089832859527256e-01
1.1935716661251787e+01 4.4083953442121038e-01
1.1937333032218005e+01 4.4078074587084815e-01
1.1938949403184223e+01 4.4072196294423926e-01
1.1940565774150439e+01 4.4066318564143692e-01
1.1942182145116657e+01 4.4060441396249372e-01
1.1943798516082873e+01 4.4054564790746265e-01
1.1945414887049091e+01 4.4048688747639619e-01
1.1947031258015310e+01 4.4042813266934688e-01
1.1948647628981526e+01 4.4036938348636667e-01
1.1950263999947744e+01 4.4031063992750785e-01
1.1951880370913962e+01 4.4025190199282216e-01
1.1953496741880178e+01 4.4019316968236122e-01
1.1955113112846396e+01 4.4013444299617677e-01
1.1956729483812614e+01 4.4007572193431999e-01
1.1958345854778830e+01 4.4001700649684206e-01
1.1959962225745048e+01 4.3995829668379394e-01
1.1961578596711265e+01 4.3989959249522670e-01
1.1963194967677483e+01 4.3984089393119052e-01
1.1964811338643701e+01 4.3978220099173626e-01
1.1966427709609917e+01 4.3972351367691431e-01
1.1968044080576135e+01 4.3966483198677431e-01
1.1969660451542353e+01 4.3960615592136665e-01
1.1971276822508569e+01 4.3954748548074096e-01
1.1972893193474787e+01 4.3948882066494666e-01
1.1974509564441005e+01 4.3943016147403346e-01
1.1976125935407222e+01 4.3937150790805068e-01
1.1977742306373440e+01 4.3931285996704694e-01
1.1979358677339656e+01 4.3925421765107153e-01
1.1980975048305874e+01 4.3919558096017308e-01
1.1982591419272092e+01 4.3913694989440011e-01
1.1984207790238308e+01 4.3907832445380102e-01
1.1985824161204526e+01 4.3901970463842410e-01
1.1987440532170744e+01 4.3896109044831721e-01
1.1989056903136960e+01 4.3890248188352843e-01
1.1990673274103179e+01 4.3884387894410537e-01
1.1992289645069397e+01 4.3878528163009534e-01
1.1993906016035613e+01 4.3872668994154607e-01
1.1995522387001831e+01 4.3866810387850441e-01
1.1997138757968047e+01 4.3860952344101745e-01
1.1998755128934265e+01 4.3855094862913191e-01
1.2000371499900483e+01 4.3849237944289476e-01
1.2001987870866699e+01 4.3843381588235208e-01
1.2003604241832917e+01 4.3837525794755039e-01
1.2005220612799135e+01 4.3831670563853575e-01
1.2006836983765352e+01 4.3825815895535414e-01
1.2008453354731570e+01 4.3819961789805129e-01
1.2010069725697788e+01 4.3814108246667294e-01
1.2011686096664004e+01 4.3808255266126428e-01
1.2013302467630222e+01 4.3802402848187072e-01
1.2014918838596438e+01 4.3796550992853744e-01
1.2016535209562656e+01 4.3790699700130920e-01
1.2018151580528874e+01 4.3784848970023071e-01
1.2019767951495091e+01 4.3778998802534674e-01
1.2021384322461309e+01 4.3773149197670147e-01
1.2023000693427527e+01 4.3767300155433919e-01
1.2024617064393743e+01 4.3761451675830398e-01
1.2026233435359961e+01 4.3755603758863959e-01
1.2027849806326179e+01 4.3749756404538986e-01
1.2029466177292395e+01 4.3743909612859844e-01
1.2031082548258613e+01 4.3738063383830827e-01
1.2032698919224829e+01 4.3732217717456301e-01
1.2034315290191048e+01 4.3726372613740527e-01
1.2035931661157266e+01 4.3720528072687803e-01
1.2037548032123482e+01 4.3714684094302403e-01
1.2039164403089700e+01 4.3708840678588567e-01
1.2040780774055918e+01 4.3702997825550527e-01
1.2042397145022134e+01 4.3697155535192511e-01
1.2044013515988352e+01 4.3691313807518684e-01
1.2045629886954568e+01 4.3685472642533263e-01
1.2047246257920786e+01 4.3679632040240390e-01
1.2048862628887004e+01 4.3673792000644207e-01
1.2050478999853221e+01 4.3667952523748854e-01
1.2052095370819439e+01 4.3662113609558439e-01
1.2053711741785657e+01 4.3656275258077049e-01
1.2055328112751873e+01 4.3650437469308767e-01
1.2056944483718091e+01 4.3644600243257636e-01
1.2058560854684309e+01 4.3638763579927720e-01
1.2060177225650525e+01 4.3632927479323047e-01
1.2061793596616743e+01 4.3627091941447593e-01
1.2063409967582960e+01 4.3621256966305377e-01
1.2065026338549178e+01 4.3615422553900351e-01
1.2066642709515396e+01 4.3609588704236479e-01
1.2068259080481612e+01 4.3603755417317713e-01
1.2069875451447830e+01 4.3597922693147950e-01
1.2071491822414048e+01 4.3592090531731109e-01
1.2073108193380264e+01 4.3586258933071076e-01
1.2074724564346482e+01 4.3580427897171714e-01
1.2076340935312700e+01 4.3574597424036876e-01
1.2077957306278917e+01 4.3568767513670403e-01
1.2079573677245135e+01 4.3562938166076104e-01
1.2081190048211351e+01 4.3557109381257786e-01
1.2082806419177569e+01 4.3551281159219235e-01
1.2084422790143787e+01 4.3545453499964204e-01
1.2086039161110003e+01 4.3539626403496468e-01
1.2087655532076221e+01 4.3533799869819723e-01
1.2089271903042439e+01 4.3527973898937711e-01
1.2090888274008655e+01 4.3522148490854118e-01
1.2092504644974873e+01 4.3516323645572619e-01
1.2094121015941091e+01 4.3510499363096899e-01
1.2095737386907308e+01 4.3504675643430579e-01
1.2097353757873526e+01 4.3498852486577300e-01
1.2098970128839742e+01 4.3493029892540680e-01
1.2100586499805960e+01 4.3487207861324295e-01
1.2102202870772178e+01 4.3481386392931731e-01
1.2103819241738394e+01 4.3475565487366552e-01
1.2105435612704612e+01 4.3469745144632299e-01
1.2107051983670830e+01 4.3463925364732492e-01
1.2108668354637047e+01 4.3458106147670650e-01
1.2110284725603265e+01 4.3452287493450248e-01
1.2111901096569483e+01 4.3446469402074772e-01
1.2113517467535699e+01 4.3440651873547687e-01
1.2115133838501917e+01 4.3434834907872411e-01
1.2116750209468133e+01 4.3429018505052397e-01
1.2118366580434351e+01 4.3423202665091021e-01
1.2119982951400569e+01 4.3417387387991679e-01
1.2121599322366786e+01 4.3411572673757759e-01
1.2123215693333004e+01 4.3405758522392590e-01
1.2124832064299222e+01 4.3399944933899526e-01
1.2126448435265438e+01 4.3394131908281885e-01
1.2128064806231656e+01 4.3388319445542967e-01
1.2129681177197872e+01 4.3382507545686055e-01
1.2131297548164090e+01 4.3376696208714427e-01
1.2132913919130308e+01 4.3370885434631323e-01
1.2134530290096524e+01 4.3365075223439997e-01
1.2136146661062742e+01 4.3359265575143646e-01
1.2137763032028960e+01 4.3353456489745468e-01
1.2139379402995177e+01 4.3347647967248670e-01
1.2140995773961395e+01 4.3341840007656396e-01
1.2142612144927613e+01 4.3336032610971809e-01
1.2144228515893829e+01 4.3330225777198028e-01
1.2145844886860047e+01 4.3324419506338174e-01
1.2147461257826263e+01 4.3318613798395356e-01
1.2149077628792481e+01 4.3312808653372625e-01
1.2150693999758699e+01 4.3307004071273081e-01
1.2152310370724916e+01 4.3301200052099764e-01
1.2153926741691134e+01 4.3295396595855662e-01
1.2155543112657352e+01 4.3289593702543838e-01
1.2157159483623568e+01 4.3283791372167268e-01
1.2158775854589786e+01 4.3277989604728928e-01
1.2160392225556004e+01 4.3272188400231770e-01
1.2162008596522220e+01 4.3266387758678782e-01
1.2163624967488438e+01 4.3260587680072826e-01
1.2165241338454654e+01 4.3254788164416869e-01
1.2166857709420873e+01 4.3248989211713762e-01
1.2168474080387091e+01 4.3243190821966404e-01
1.2170090451353307e+01 4.3237392995177659e-01
1.2171706822319525e+01 4.3231595731350358e-01
1.2173323193285743e+01 4.3225799030487311e-01
1.2174939564251959e+01 4.3220002892591358e-01
1.2176555935218177e+01 4.3214207317665276e-01
1.2178172306184395e+01 4.3208412305711830e-01
1.2179788677150611e+01 4.3202617856733794e-01
1.2181405048116829e+01 4.3196823970733900e-01
1.2183021419083046e+01 4.3191030647714856e-01
1.2184637790049264e+01 4.3185237887679384e-01
1.2186254161015482e+01 4.3179445690630180e-01
1.2187870531981698e+01 4.3173654056569899e-01
1.2189486902947916e+01 4.3167862985501215e-01
1.2191103273914134e+01 4.3162072477426749e-01
1.2192719644880350e+01 4.3156282532349122e-01
1.2194336015846568e+01 4.3150493150270941e-01
1.2195952386812786e+01 4.3144704331194805e-01
1.2197568757779003e+01 4.3138916075123268e-01
1.2199185128745221e+01 4.3133128382058894e-01
1.2200801499711437e+01 4.3127341252004214e-01
1.2202417870677655e+01 4.3121554684961749e-01
1.2204034241643873e+01 4.3115768680933997e-01
1.2205650612610089e+01 4.3109983239923444e-01
1.2207266983576307e+01 4.3104198361932566e-01
1.2208883354542525e+01 4.3098414046963796e-01
1.2210499725508742e+01 4.3092630295019596e-01
1.2212116096474960e+01 4.3086847106102366e-01
1.2213732467441178e+01 4.3081064480214504e-01
1.2215348838407394e+01 4.3075282417358407e-01
1.2216965209373612e+01 4.3069500917536419e-01
1.2218581580339828e+01 4.3063719980750914e-01
1.2220197951306046e+01 4.3057939607004214e-01
1.2221814322272264e+01 4.3052159796298628e-01
1.2223430693238480e+01 4.3046380548636465e-01
1.2225047064204698e+01 4.3040601864020001e-01
1.2226663435170916e+01 4.3034823742451511e-01
1.2228279806137133e+01 4.3029046183933239e-01
1.2229896177103351e+01 4.3023269188467395e-01
1.2231512548069567e+01 4.3017492756056230e-01
1.2233128919035785e+01 4.3011716886701912e-01
1.2234745290002003e+01 4.3005941580406626e-01
1.2236361660968219e+01 4.3000166837172560e-01
1.2237978031934437e+01 4.2994392657001823e-01
1.2239594402900655e+01 4.2988619039896570e-01
1.2241210773866872e+01 4.2982845985858920e-01
1.2242827144833090e+01 4.2977073494890938e-01
1.2244443515799308e+01 4.2971301566994724e-01
1.2246059886765524e+01 4.2965530202172353e-01
1.2247676257731742e+01 4.2959759400425845e-01
1.2249292628697958e+01 4.2953989161757244e-01
1.2250908999664176e+01 4.2948219486168548e-01
1.2252525370630394e+01 4.2942450373661756e-01
1.2254141741596611e+01 4.2936681824238865e-01
1.2255758112562829e+01 4.2930913837901807e-01
1.2257374483529047e+01 4.2925146414652537e-01
1.2258990854495263e+01 4.2919379554492998e-01
1.2260607225461481e+01 4.2913613257425076e-01
1.2262223596427699e+01 4.2907847523450682e-01
1.2263839967393915e+01 4.2902082352571691e-01
1.2265456338360133e+01 4.2896317744789947e-01
1.2267072709326349e+01 4.2890553700107314e-01
1.2268689080292567e+01 4.2884790218525604e-01
1.2270305451258785e+01 4.2879027300046635e-01
1.2271921822225002e+01 4.2873264944672196e-01
1.2273538193191220e+01 4.2867503152404052e-01
1.2275154564157438e+01 4.2861741923243979e-01
1.2276770935123654e+01 4.2855981257193709e-01
1.2278387306089872e+01 4.2850221154254975e-01
1.2280003677056090e+01 4.2844461614429474e-01
1.2281620048022306e+01 4.2838702637718917e-01
1.2283236418988524e+01 4.2832944224124947e-01
1.2284852789954741e+01 4.2827186373649262e-01
1.2286469160920959e+01 4.2821429086293472e-01
1.2288085531887177e+01 4.2815672362059198e-01
1.2289701902853393e+01 4.2809916200948084e-01
1.2291318273819611e+01 4.2804160602961683e-01
1.2292934644785829e+01 4.2798405568101583e-01
1.2294551015752045e+01 4.2792651096369350e-01
1.2296167386718263e+01 4.2786897187766515e-01
1.2297783757684481e+01 4.2781143842294600e-01
1.2299400128650698e+01 4.2775391059955126e-01
1.2301016499616916e+01 4.2769638840749558e-01
1.2302632870583132e+01 4.2763887184679394e-01
1.2304249241549350e+01 4.2758136091746068e-01
1.2305865612515568e+01 4.2752385561951034e-01
1.2307481983481784e+01 4.2746635595295723e-01
1.2309098354448002e+01 4.2740886191781524e-01
1.2310714725414220e+01 4.2735137351409824e-01
1.2312331096380436e+01 4.2729389074182023e-01
1.2313947467346654e+01 4.2723641360099451e-01
1.2315563838312871e+01 4.2717894209163454e-01
1.2317180209279089e+01 4.2712147621375363e-01
1.2318796580245307e+01 4.2706401596736476e-01
1.2320412951211523e+01 4.2700656135248072e-01
1.2322029322177741e+01 4.2694911236911448e-01
1.2323645693143959e+01 4.2689166901727837e-01
1.2325262064110175e+01 4.2683423129698483e-01
1.2326878435076393e+01 4.2677679920824629e-01
1.2328494806042611e+01 4.2671937275107452e-01
1.2330111177008828e+01 4.2666195192548151e-01
1.2331727547975046e+01 4.2660453673147902e-01
1.2333343918941262e+01 4.2654712716907872e-01
1.2334960289907480e+01 4.2648972323829160e-01
1.2336576660873698e+01 4.2643232493912930e-01
1.2338193031839914e+01 4.2637493227160261e-01
1.2339809402806132e+01 4.2631754523572252e-01
1.2341425773772350e+01 4.2626016383149978e-01
1.2343042144738567e+01 4.2620278805894496e-01
1.2344658515704785e+01 4.2614541791806815e-01
1.2346274886671003e+01 4.2608805340887990e-01
1.2347891257637219e+01 4.2603069453139031e-01
1.2349507628603437e+01 4.2597334128560893e-01
1.2351123999569653e+01 4.2591599367154587e-01
1.2352740370535871e+01 4.2585865168921033e-01
1.2354356741502089e+01 4.2580131533861176e-01
1.2355973112468305e+01 4.2574398461975960e-01
1.2357589483434523e+01 4.2568665953266271e-01
1.2359205854400741e+01 4.2562934007732989e-01
1.2360822225366958e+01 4.2557202625377022e-01
1.2362438596333176e+01 4.2551471806199181e-01
1.2364054967299394e+01 4.2545741550200322e-01
1.2365671338265610e+01 4.2540011857381299e-01
1.2367287709231828e+01 4.2534282727742867e-01
1.2368904080198044e+01 4.2528554161285836e-01
1.2370520451164262e+01 4.2522826158010973e-01
1.2372136822130480e+01 4.2517098717919044e-01
1.2373753193096697e+01 4.2511371841010781e-01
1.2375369564062915e+01 4.2505645527286906e-01
1.2376985935029133e+01 4.2499919776748130e-01
1.2378602305995349e+01 4.2494194589395129e-01
1.2380218676961567e+01 4.2488469965228581e-01
1.2381835047927785e+01 4.2482745904249153e-01
1.2383451418894001e+01 4.2477022406457465e-01
1.2385067789860219e+01 4.2471299471854151e-01
1.2386684160826436e+01 4.2465577100439822e-01
1.2388300531792654e+01 4.2459855292215043e-01
1.2389916902758872e+01 4.2454134047180414e-01
1.2391533273725088e+01 4.2448413365336479e-01
1.2393149644691306e+01 4.2442693246683771e-01
1.2394766015657524e+01 4.2436973691222823e-01
1.2396382386623740e+01 4.2431254698954146e-01
1.2397998757589958e+01 4.2425536269878217e-01
1.2399615128556174e+01 4.2419818403995513e-01
1.2401231499522392e+01 4.2414101101306489e-01
1.2402847870488610e+01 4.2408384361811580e-01
1.2404464241454827e+01 4.2402668185511239e-01
1.2406080612421045e+01 4.2396952572405822e-01
1.2407696983387263e+01 4.2391237522495762e-01
1.2409313354353479e+01 4.2385523035781425e-01
1.2410929725319697e+01 4.2379809112263145e-01
1.2412546096285915e+01 4.2374095751941288e-01
1.2414162467252131e+01 4.2368382954816164e-01
1.2415778838218349e+01 4.2362670720888085e-01
1.2417395209184566e+01 4.2356959050157350e-01
1.2419011580150784e+01 4.2351247942624215e-01
1.2420627951117002e+01 4.2345537398288946e-01
1.2422244322083218e+01 4.2339827417151799e-01
1.2423860693049436e+01 4.2334117999212972e-01
1.2425477064015654e+01 4.2328409144472690e-01
1.2427093434981870e+01 4.2322700852931150e-01
1.2428709805948088e+01 4.2316993124588509e-01
1.2430326176914306e+01 4.2311285959444933e-01
1.2431942547880523e+01 4.2305579357500578e-01
1.2433558918846741e+01 4.2299873318755554e-01
1.2435175289812957e+01 4.2294167843209984e-01
1.2436791660779175e+01 4.2288462930863935e-01
1.2438408031745393e+01 4.2282758581717506e-01
1.2440024402711609e+01 4.2277054795770752e-01
1.2441640773677827e+01 4.2271351573023719e-01
1.2443257144644045e+01 4.2265648913476417e-01
1.2444873515610261e+01 4.2259946817128879e-01
1.2446489886576479e+01 4.2254245283981084e-01
1.2448106257542698e+01 4.2248544314033010e-01
1.2449722628508914e+01 4.2242843907284622e-01
1.2451338999475132e+01 4.2237144063735865e-01
1.2452955370441348e+01 4.2231444783386674e-01
1.2454571741407566e+01 4.2225746066236935e-01
1.2456188112373784e+01 4.2220047912286562e-01
1.2457804483340000e+01 4.2214350321535443e-01
1.2459420854306218e+01 4.2208653293983411e-01
1.2461037225272436e+01 4.2202956829630345e-01
1.2462653596238653e+01 4.2197260928476055e-01
1.2464269967204871e+01 4.2191565590520341e-01
1.2465886338171089e+01 4.2185870815763016e-01
1.2467502709137305e+01 4.2180176604203878e-01
1.2469119080103523e+01 4.2174482955842651e-01
1.2470735451069739e+01 4.2168789870679113e-01
1.2472351822035957e+01 4.2163097348712975e-01
1.2473968193002175e+01 4.2157405389943958e-01
1.2475584563968392e+01 4.2151713994371764e-01
1.2477200934934610e+01 4.2146023161996060e-01
1.2478817305900828e+01 4.2140332892816534e-01
1.2480433676867044e+01 4.2134643186832821e-01
1.2482050047833262e+01 4.2128954044044542e-01
1.2483666418799480e+01 4.2123265464451332e-01
1.2485282789765696e+01 4.2117577448052779e-01
1.2486899160731914e+01 4.2111889994848462e-01
1.2488515531698130e+01 4.2106203104837969e-01
1.2490131902664348e+01 4.2100516778020824e-01
1.2491748273630567e+01 4.2094831014396572e-01
1.2493364644596783e+01 4.2089145813964735e-01
1.2494981015563001e+01 4.2083461176724801e-01
1.2496597386529219e+01 4.2077777102676273e-01
1.2498213757495435e+01 4.2072093591818605e-01
1.2499830128461653e+01 4.2066410644151242e-01
1.2501446499427869e+01 4.2060728259673630e-01
1.2503062870394087e+01 4.2055046438385191e-01
1.2504679241360305e+01 4.2049365180285314e-01
1.2506295612326522e+01 4.2043684485373400e-01
1.2507911983292740e+01 4.2038004353648817e-01
1.2509528354258958e+01 4.2032324785110908e-01
1.2511144725225174e+01 4.2026645779759020e-01
1.2512761096191392e+01 4.2020967337592474e-01
1.2514377467157610e+01 4.2015289458610572e-01
1.2515993838123826e+01 4.2009612142812591e-01
1.2517610209090044e+01 4.2003935390197822e-01
1.2519226580056261e+01 4.1998259200765509e-01
1.2520842951022479e+01 4.1992583574514875e-01
1.2522459321988697e+01 4.1986908511445176e-01
1.2524075692954913e+01 4.1981234011555613e-01
1.2525692063921131e+01 4.1975560074845342e-01
1.2527308434887349e+01 4.1969886701313575e-01
1.2528924805853565e+01 4.1964213890959456e-01
1.2530541176819783e+01 4.1958541643782121e-01
1.2532157547786001e+01 4.1952869959780703e-01
1.2533773918752217e+01 4.1947198838954314e-01
1.2535390289718435e+01 4.1941528281302010e-01
1.2537006660684652e+01 4.1935858286822936e-01
1.2538623031650870e+01 4.1930188855516082e-01
1.2540239402617088e+01 4.1924519987380526e-01
1.2541855773583304e+01 4.1918851682415303e-01
1.2543472144549522e+01 4.1913183940619392e-01
1.2545088515515740e+01 4.1907516761991814e-01
1.2546704886481956e+01 4.1901850146531550e-01
1.2548321257448174e+01 4.1896184094237532e-01
1.2549937628414392e+01 4.1890518605108729e-01
1.2551553999380609e+01 4.1884853679144085e-01
1.2553170370346827e+01 4.1879189316342480e-01
1.2554786741313043e+01 4.1873525516702814e-01
1.2556403112279261e+01 4.1867862280224000e-01
1.2558019483245479e+01 4.1862199606904871e-01
1.2559635854211695e+01 4.1856537496744284e-01
1.2561252225177913e+01 4.1850875949741073e-01
1.2562868596144131e+01 4.1845214965894051e-01
1.2564484967110348e+01 4.1839554545202018e-01
1.2566101338076566e+01 4.1833894687663764e-01
1.2567717709042784e+01 4.1828235393278046e-01
1.2569334080009000e+01 4.1822576662043609e-01
1.2570950450975218e+01 4.1816918493959210e-01
1.2572566821941434e+01 4.1811260889023549e-01
1.2574183192907652e+01 4.1805603847235340e-01
1.2575799563873870e+01 4.1799947368593249e-01
1.2577415934840086e+01 4.1794291453095966e-01
1.2579032305806304e+01 4.1788636100742138e-01
1.2580648676772523e+01 4.1782981311530398e-01
1.2582265047738739e+01 4.1777327085459370e-01
1.2583881418704957e+01 4.1771673422527655e-01
1.2585497789671173e+01 4.1766020322733854e-01
1.2587114160637391e+01 4.1760367786076513e-01
1.2588730531603609e+01 4.1754715812554211e-01
1.2590346902569825e+01 4.1749064402165492e-01
1.2591963273536043e+01 4.1743413554908859e-01
1.2593579644502261e+01 4.1737763270782835e-01
1.2595196015468478e+01 4.1732113549785910e-01
1.2596812386434696e+01 4.1726464391916540e-01
1.2598428757400914e+01 4.1720815797173205e-01
1.2600045128367130e+01 4.1715167765554351e-01
1.2601661499333348e+01 4.1709520297058389e-01
1.2603277870299564e+01 4.1703873391683743e-01
1.2604894241265782e+01 4.1698227049428793e-01
1.2606510612232000e+01 4.1692581270291929e-01
1.2608126983198217e+01 4.1686936054271517e-01
1.2609743354164435e+01 4.1681291401365883e-01
1.2611359725130653e+01 4.1675647311573361e-01
1.2612976096096869e+01 4.1670003784892284e-01
1.2614592467063087e+01 4.1664360821320934e-01
1.2616208838029305e+01 4.1658718420857599e-01
1.2617825208995521e+01 4.1653076583500537e-01
1.2619441579961739e+01 4.1647435309248004e-01
1.2621057950927955e+01 4.1641794598098236e-01
1.2622674321894173e+01 4.1636154450049434e-01
1.2624290692860392e+01 4.1630514865099799e-01
1.2625907063826608e+01 4.1624875843247544e-01
1.2627523434792826e+01 4.1619237384490804e-01
1.2629139805759044e+01 4.1613599488827757e-01
1.2630756176725260e+01 4.1607962156256517e-01
1.2632372547691478e+01 4.1602325386775219e-01
1.2633988918657696e+01 4.1596689180381963e-01
1.2635605289623912e+01 4.1591053537074840e-01
1.2637221660590130e+01 4.1585418456851908e-01
1.2638838031556347e+01 4.1579783939711246e-01
1.2640454402522565e+01 4.1574149985650877e-01
1.2642070773488783e+01 4.1568516594668825e-01
1.2643687144454999e+01 4.1562883766763103e-01
1.2645303515421217e+01 4.1557251501931691e-01
1.2646919886387435e+01 4.1551619800172579e-01
1.2648536257353651e+01 4.1545988661483724e-01
1.2650152628319869e+01 4.1540358085863061e-01
1.2651768999286087e+01 4.1534728073308524e-01
1.2653385370252304e+01 4.1529098623818028e-01
1.2655001741218522e+01 4.1523469737389451e-01
1.2656618112184738e+01 4.1517841414020695e-01
1.2658234483150956e+01 4.1512213653709595e-01
1.2659850854117174e+01 4.1506586456454020e-01
1.2661467225083390e+01 4.1500959822251804e-01
1.2663083596049608e+01 4.1495333751100738e-01
1.2664699967015826e+01 4.1489708242998635e-01
1.2666316337982042e+01 4.1484083297943286e-01
1.2667932708948261e+01 4.1478458915932448e-01
1.2669549079914479e+01 4.1472835096963867e-01
1.2671165450880695e+01 4.1467211841035290e-01
1.2672781821846913e+01 4.1461589148144418e-01
1.2674398192813129e+01 4.1455967018288975e-01
1.2676014563779347e+01 4.1450345451466630e-01
1.2677630934745565e+01 4.1444724447675052e-01
1.2679247305711781e+01 4.1439104006911920e-01
1.2680863676677999e+01 4.1433484129174847e-01
1.2682480047644217e+01 4.1427864814461457e-01
1.2684096418610434e+01 4.1422246062769386e-01
1.2685712789576652e+01 4.1416627874096179e-01
1.2687329160542868e+01 4.1411010248439439e-01
1.2688945531509086e+01 4.1405393185796735e-01
1.2690561902475304e+01 4.1399776686165579e-01
1.2692178273441520e+01 4.1394160749543518e-01
1.2693794644407738e+01 4.1388545375928054e-01
1.2695411015373956e+01 4.1382930565316689e-01
1.2697027386340173e+01 4.1377316317706891e-01
1.2698643757306391e+01 4.1371702633096141e-01
1.2700260128272609e+01 4.1366089511481863e-01
1.2701876499238825e+01 4.1360476952861491e-01
1.2703492870205043e+01 4.1354864957232462e-01
1.2705109241171259e+01 4.1349253524592167e-01
1.2706725612137477e+01 4.1343642654937962e-01
1.2708341983103695e+01 4.1338032348267240e-01
1.2709958354069911e+01 4.1332422604577357e-01
1.2711574725036130e+01 4.1326813423865616e-01
1.2713191096002348e+01 4.1321204806129364e-01
1.2714807466968564e+01 4.1315596751365913e-01
1.2716423837934782e+01 4.1309989259572510e-01
1.2718040208901000e+01 4.1304382330746459e-01
1.2719656579867216e+01 4.1298775964885015e-01
1.2721272950833434e+01 4.1293170161985393e-01
1.2722889321799650e+01 4.1287564922044850e-01
1.2724505692765868e+01 4.1281960245060567e-01
1.2726122063732086e+01 4.1276356131029746e-01
1.2727738434698303e+01 4.1270752579949566e-01
1.2729354805664521e+01 4.1265149591817174e-01
1.2730971176630739e+01 4.1259547166629718e-01
1.2732587547596955e+01 4.1253945304384354e-01
1.2734203918563173e+01 4.1248344005078152e-01
1.2735820289529391e+01 4.1242743268708226e-01
1.2737436660495607e+01 4.1237143095271678e-01
1.2739053031461825e+01 4.1231543484765532e-01
1.2740669402428042e+01 4.1225944437186857e-01
1.2742285773394260e+01 4.1220345952532689e-01
1.2743902144360478e+01 4.1214748030800041e-01
1.2745518515326694e+01 4.1209150671985917e-01
1.2747134886292912e+01 4.1203553876087295e-01
1.2748751257259130e+01 4.1197957643101146e-01
1.2750367628225346e+01 4.1192361973024438e-01
1.2751983999191564e+01 4.1186766865854085e-01
1.2753600370157782e+01 4.1181172321587023e-01
1.2755216741123999e+01 4.1175578340220154e-01
1.2756833112090217e+01 4.1169984921750380e-01
1.2758449483056433e+01 4.1164392066174549e-01
1.2760065854022651e+01 4.1158799773489541e-01
1.2761682224988869e+01 4.1153208043692191e-01
1.2763298595955085e+01 4.1147616876779325e-01
1.2764914966921303e+01 4.1142026272747756e-01
1.2766531337887521e+01 4.1136436231594287e-01
1.2768147708853737e+01 4.1130846753315675e-01
1.2769764079819955e+01 4.1125257837908702e-01
1.2771380450786172e+01 4.1119669485370125e-01
1.2772996821752390e+01 4.1114081695696636e-01
1.2774613192718608e+01 4.1108494468884982e-01
1.2776229563684824e+01 4.1102907804931876e-01
1.2777845934651042e+01 4.1097321703833956e-01
1.2779462305617260e+01 4.1091736165587922e-01
1.2781078676583476e+01 4.1086151190190445e-01
1.2782695047549694e+01 4.1080566777638117e-01
1.2784311418515912e+01 4.1074982927927584e-01
1.2785927789482129e+01 4.1069399641055460e-01
1.2787544160448347e+01 4.1063816917018303e-01
1.2789160531414563e+01 4.1058234755812728e-01
1.2790776902380781e+01 4.1052653157435270e-01
1.2792393273346999e+01 4.1047072121882455e-01
1.2794009644313215e+01 4.1041491649150841e-01
1.2795626015279433e+01 4.1035911739236919e-01
1.2797242386245651e+01 4.1030332392137181e-01
1.2798858757211867e+01 4.1024753607848130e-01
1.2800475128178086e+01 4.1019175386366213e-01
1.2802091499144304e+01 4.1013597727687867e-01
1.2803707870110520e+01 4.1008020631809550e-01
1.2805324241076738e+01 4.1002444098727653e-01
1.2806940612042954e+01 4.0996868128438591e-01
1.2808556983009172e+01 4.0991292720938743e-01
1.2810173353975390e+01 4.0985717876224470e-01
1.2811789724941606e+01 4.0980143594292151e-01
1.2813406095907824e+01 4.0974569875138100e-01
1.2815022466874042e+01 4.0968996718758643e-01
1.2816638837840259e+01 4.0963424125150094e-01
1.2818255208806477e+01 4.0957852094308722e-01
1.2819871579772695e+01 4.0952280626230830e-01
1.2821487950738911e+01 4.0946709720912666e-01
1.2823104321705129e+01 4.0941139378350466e-01
1.2824720692671345e+01 4.0935569598540467e-01
1.2826337063637563e+01 4.0930000381478870e-01
1.2827953434603781e+01 4.0924431727161870e-01
1.2829569805569998e+01 4.0918863635585667e-01
1.2831186176536216e+01 4.0913296106746411e-01
1.2832802547502434e+01 4.0907729140640237e-01
1.2834418918468650e+01 4.0902162737263315e-01
1.2836035289434868e+01 4.0896596896611725e-01
1.2837651660401086e+01 4.0891031618681595e-01
1.2839268031367302e+01 4.0885466903469003e-01
1.2840884402333520e+01 4.0879902750970010e-01
1.2842500773299736e+01 4.0874339161180684e-01
1.2844117144265955e+01 4.0868776134097051e-01
1.2845733515232173e+01 4.0863213669715137e-01
1.2847349886198389e+01 4.0857651768030967e-01
1.2848966257164607e+01 4.0852090429040522e-01
1.2850582628130825e+01 4.0846529652739760e-01
1.2852198999097041e+01 4.0840969439124686e-01
1.2853815370063259e+01 4.0835409788191190e-01
1.2855431741029477e+01 4.0829850699935244e-01
1.2857048111995693e+01 4.0824292174352750e-01
1.2858664482961911e+01 4.0818734211439600e-01
1.2860280853928128e+01 4.0813176811191687e-01
1.2861897224894346e+01 4.0807619973604858e-01
1.2863513595860564e+01 4.0802063698674984e-01
1.2865129966826780e+01 4.0796507986397901e-01
1.2866746337792998e+01 4.0790952836769423e-01
1.2868362708759216e+01 4.0785398249785343e-01
1.2869979079725432e+01 4.0779844225441475e-01
1.2871595450691650e+01 4.0774290763733567e-01
1.2873211821657867e+01 4.0768737864657389e-01
1.2874828192624085e+01 4.0763185528208690e-01
1.2876444563590303e+01 4.0757633754383182e-01
1.2878060934556519e+01 4.0752082543176582e-01
1.2879677305522737e+01 4.0746531894584592e-01
1.2881293676488955e+01 4.0740981808602872e-01
1.2882910047455171e+01 4.0735432285227113e-01
1.2884526418421389e+01 4.0729883324452942e-01
1.2886142789387607e+01 4.0724334926276007e-01
1.2887759160353824e+01 4.0718787090691910e-01
1.2889375531320042e+01 4.0713239817696267e-01
1.2890991902286258e+01 4.0707693107284670e-01
1.2892608273252476e+01 4.0702146959452656e-01
1.2894224644218694e+01 4.0696601374195818e-01
1.2895841015184910e+01 4.0691056351509669e-01
1.2897457386151128e+01 4.0685511891389747e-01
1.2899073757117346e+01 4.0679967993831556e-01
1.2900690128083562e+01 4.0674424658830599e-01
1.2902306499049780e+01 4.0668881886382324e-01
1.2903922870015998e+01 4.0663339676482235e-01
1.2905539240982215e+01 4.0657798029125747e-01
1.2907155611948433e+01 4.0652256944308296e-01
1.2908771982914649e+01 4.0646716422025309e-01
1.2910388353880867e+01 4.0641176462272177e-01
1.2912004724847085e+01 4.0635637065044261e-01
1.2913621095813301e+01 4.0630098230336986e-01
1.2915237466779519e+01 4.0624559958145656e-01
1.2916853837745737e+01 4.0619022248465619e-01
1.2918470208711954e+01 4.0613485101292224e-01
1.2920086579678172e+01 4.0607948516620751e-01
1.2921702950644390e+01 4.0602412494446471e-01
1.2923319321610606e+01 4.0596877034764722e-01
1.2924935692576824e+01 4.0591342137570707e-01
1.2926552063543040e+01 4.0585807802859686e-01
1.2928168434509258e+01 4.0580274030626906e-01
1.2929784805475476e+01 4.0574740820867561e-01
1.2931401176441693e+01 4.0569208173576843e-01
1.2933017547407911e+01 4.0563676088749967e-01
1.2934633918374129e+01 4.0558144566382071e-01
1.2936250289340345e+01 4.0552613606468302e-01
1.2937866660306563e+01 4.0547083209003831e-01
1.2939483031272781e+01 4.0541553373983752e-01
1.2941099402238997e+01 4.0536024101403167e-01
1.2942715773205215e+01 4.0530495391257182e-01
1.2944332144171431e+01 4.0524967243540855e-01
1.2945948515137649e+01 4.0519439658249257e-01
1.2947564886103867e+01 4.0513912635377436e-01
1.2949181257070084e+01 4.0508386174920397e-01
1.2950797628036302e+01 4.0502860276873176e-01
1.2952413999002520e+01 4.0497334941230767e-01
1.2954030369968736e+01 4.0491810167988129e-01
1.2955646740934954e+01 4.0486285957140256e-01
1.2957263111901170e+01 4.0480762308682094e-01
1.2958879482867388e+01 4.0475239222608550e-01
1.2960495853833606e+01 4.0469716698914582e-01
1.2962112224799823e+01 4.0464194737595083e-01
1.2963728595766041e+01 4.0458673338644924e-01
1.2965344966732259e+01 4.0453152502058987e-01
1.2966961337698475e+01 4.0447632227832164e-01
1.2968577708664693e+01 4.0442112515959239e-01
1.2970194079630911e+01 4.0436593366435081e-01
1.2971810450597127e+01 4.0431074779254494e-01
1.2973426821563345e+01 4.0425556754412262e-01
1.2975043192529562e+01 4.0420039291903176e-01
1.2976659563495780e+01 4.0414522391722019e-01
1.2978275934461998e+01 4.0409006053863494e-01
1.2979892305428214e+01 4.0403490278322385e-01
1.2981508676394432e+01 4.0397975065093394e-01
1.2983125047360650e+01 4.0392460414171205e-01
1.2984741418326866e+01 4.0386946325550543e-01
1.2986357789293084e+01 4.0381432799226058e-01
1.2987974160259302e+01 4.0375919835192398e-01
1.2989590531225518e+01 4.0370407433444244e-01
1.2991206902191736e+01 4.0364895593976202e-01
1.2992823273157953e+01 4.0359384316782865e-01
1.2994439644124171e+01 4.0353873601858858e-01
1.2996056015090389e+01 4.0348363449198754e-01
1.2997672386056605e+01 4.0342853858797112e-01
1.2999288757022823e+01 4.0337344830648492e-01
1.3000905127989041e+01 4.0331836364747420e-01
1.3002521498955257e+01 4.0326328461088434e-01
1.3004137869921475e+01 4.0320821119666017e-01
1.3005754240887693e+01 4.0315314340474662e-01
1.3007370611853910e+01 4.0309808123508861e-01
1.3008986982820128e+01 4.0304302468763054e-01
1.3010603353786344e+01 4.0298797376231699e-01
1.3012219724752562e+01 4.0293292845909201e-01
1.3013836095718780e+01 4.0287788877789998e-01
1.3015452466684996e+01 4.0282285471868473e-01
1.3017068837651214e+01 4.0276782628139007e-01
1.3018685208617432e+01 4.0271280346595983e-01
1.3020301579583649e+01 4.0265778627233739e-01
1.3021917950549867e+01 4.0260277470046602e-01
1.3023534321516085e+01 4.0254776875028908e-01
1.3025150692482301e+01 4.0249276842174975e-01
1.3026767063448519e+01 4.0243777371479061e-01
1.3028383434414735e+01 4.0238278462935462e-01
1.3029999805380953e+01 4.0232780116538436e-01
1.3031616176347171e+01 4.0227282332282221e-01
1.3033232547313387e+01 4.0221785110161057e-01
1.3034848918279605e+01 4.0216288450169146e-01
1.3036465289245823e+01 4.0210792352300684e-01
1.3038081660212040e+01 4.0205296816549885e-01
1.3039698031178258e+01 4.0199801842910876e-01
1.3041314402144476e+01 4.0194307431377829e-01
1.3042930773110692e+01 4.0188813581944882e-01
1.3044547144076910e+01 4.0183320294606162e-01
1.3046163515043126e+01 4.0177827569355773e-01
1.3047779886009344e+01 4.0172335406187798e-01
1.3049396256975562e+01 4.0166843805096319e-01
1.3051012627941779e+01 4.0161352766075409e-01
1.3052628998907997e+01 4.0155862289119104e-01
1.3054245369874215e+01 4.0150372374221421e-01
1.3055861740840431e+01 4.0144883021376410e-01
1.3057478111806649e+01 4.0139394230578029e-01
1.3059094482772865e+01 4.0133906001820296e-01
1.3060710853739083e+01 4.0128418335097182e-01
1.3062327224705301e+01 4.0122931230402625e-01
1.3063943595671518e+01 4.0117444687730563e-01
1.3065559966637736e+01 4.0111958707074935e-01
1.3067176337603954e+01 4.0106473288429645e-01
1.3068792708570170e+01 4.0100988431788576e-01
1.3070409079536388e+01 4.0095504137145632e-01
1.3072025450502606e+01 4.0090020404494653e-01
1.3073641821468822e+01 4.0084537233829487e-01
1.3075258192435040e+01 4.0079054625143995e-01
1.3076874563401256e+01 4.0073572578431971e-01
1.3078490934367474e+01 4.0068091093687208e-01
1.3080107305333692e+01 4.0062610170903534e-01
1.3081723676299909e+01 4.0057129810074688e-01
1.3083340047266127e+01 4.0051650011194428e-01
1.3084956418232345e+01 4.0046170774256507e-01
1.3086572789198561e+01 4.0040692099254660e-01
1.3088189160164779e+01 4.0035213986182572e-01
1.3089805531130997e+01 4.0029736435033980e-01
1.3091421902097213e+01 4.0024259445802535e-01
1.3093038273063431e+01 4.0018783018481896e-01
1.3094654644029648e+01 4.0013307153065758e-01
1.3096271014995866e+01 4.0007831849547704e-01
1.3097887385962084e+01 4.0002357107921382e-01
1.3099503756928300e+01 3.9996882928180422e-01
1.3101120127894518e+01 3.9991409310318360e-01
1.3102736498860736e+01 3.9985936254328802e-01
1.3104352869826952e+01 3.9980463760205331e-01
1.3105969240793170e+01 3.9974991827941453e-01
1.3107585611759388e+01 3.9969520457530705e-01
1.3109201982725605e+01 3.9964049648966637e-01
1.3110818353691823e+01 3.9958579402242711e-01
1.3112434724658039e+01 3.9953109717352420e-01
1.3114051095624257e+01 3.9947640594289247e-01
1.3115667466590475e+01 3.9942172033046630e-01
1.3117283837556691e+01 3.9936704033618020e-01
1.3118900208522909e+01 3.9931236595996855e-01
1.3120516579489127e+01 3.9925769720176507e-01
1.3122132950455343e+01 3.9920303406150404e-01
1.3123749321421561e+01 3.9914837653911917e-01
1.3125365692387780e+01 3.9909372463454396e-01
1.3126982063353996e+01 3.9903907834771213e-01
1.3128598434320214e+01 3.9898443767855685e-01
1.3130214805286430e+01 3.9892980262701139e-01
1.3131831176252648e+01 3.9887517319300869e-01
1.3133447547218866e+01 3.9882054937648181e-01
1.3135063918185082e+01 3.9876593117736336e-01
1.3136680289151300e+01 3.9871131859558606e-01
1.3138296660117518e+01 3.9865671163108218e-01
1.3139913031083735e+01 3.9860211028378412e-01
1.3141529402049953e+01 3.9854751455362392e-01
1.3143145773016169e+01 3.9849292444053375e-01
1.3144762143982387e+01 3.9843833994444522e-01
1.3146378514948605e+01 3.9838376106529005e-01
1.3147994885914821e+01 3.9832918780300008e-01
1.3149611256881039e+01 3.9827462015750625e-01
1.3151227627847257e+01 3.9822005812874017e-01
1.3152843998813474e+01 3.9816550171663279e-01
1.3154460369779692e+01 3.9811095092111481e-01
1.3156076740745910e+01 3.9805640574211731e-01
1.3157693111712126e+01 3.9800186617957112e-01
1.3159309482678344e+01 3.9794733223340606e-01
1.3160925853644560e+01 3.9789280390355308e-01
1.3162542224610778e+01 3.9783828118994213e-01
1.3164158595576996e+01 3.9778376409250304e-01
1.3165774966543212e+01 3.9772925261116621e-01
1.3167391337509430e+01 3.9767474674586090e-01
1.3169007708475648e+01 3.9762024649651684e-01
1.3170624079441865e+01 3.9756575186306364e-01
1.3172240450408083e+01 3.9751126284543037e-01
1.3173856821374301e+01 3.9745677944354618e-01
1.3175473192340517e+01 3.9740230165734025e-01
1.3177089563306735e+01 3.9734782948674119e-01
1.3178705934272951e+01 3.9729336293167783e-01
1.3180322305239169e+01 3.9723890199207856e-01
1.3181938676205387e+01 3.9718444666787189e-01
1.3183555047171604e+01 3.9712999695898610e-01
1.3185171418137822e+01 3.9707555286534912e-01
1.3186787789104040e+01 3.9702111438688914e-01
1.3188404160070256e+01 3.9696668152353365e-01
1.3190020531036474e+01 3.9691225427521037e-01
1.3191636902002692e+01 3.9685783264184704e-01
1.3193253272968908e+01 3.9680341662337071e-01
1.3194869643935126e+01 3.9674900621970866e-01
1.3196486014901343e+01 3.9669460143078794e-01
1.3198102385867561e+01 3.9664020225653551e-01
1.3199718756833779e+01 3.9658580869687798e-01
1.3201335127799995e+01 3.9653142075174208e-01
1.3202951498766213e+01 3.9647703842105420e-01
1.3204567869732431e+01 3.9642266170474061e-01
1.3206184240698647e+01 3.9636829060272749e-01
1.3207800611664865e+01 3.9631392511494079e-01
1.3209416982631083e+01 3.9625956524130646e-01
1.3211033353597299e+01 3.9620521098175021e-01
1.3212649724563517e+01 3.9615086233619745e-01
1.3214266095529734e+01 3.9609651930457368e-01
1.3215882466495952e+01 3.9604218188680407e-01
1.3217498837462170e+01 3.9598785008281390e-01
1.3219115208428386e+01 3.9593352389252801e-01
1.3220731579394604e+01 3.9587920331587112e-01
1.3222347950360822e+01 3.9582488835276797e-01
1.3223964321327038e+01 3.9577057900314316e-01
1.3225580692293256e+01 3.9571627526692099e-01
1.3227197063259474e+01 3.9566197714402562e-01
1.3228813434225691e+01 3.9560768463438123e-01
1.3230429805191909e+01 3.9555339773791154e-01
1.3232046176158125e+01 3.9549911645454050e-01
1.3233662547124343e+01 3.9544484078419173e-01
1.3235278918090561e+01 3.9539057072678852e-01
1.3236895289056777e+01 3.9533630628225447e-01
1.3238511660022995e+01 3.9528204745051243e-01
1.3240128030989213e+01 3.9522779423148569e-01
1.3241744401955430e+01 3.9517354662509696e-01
1.3243360772921648e+01 3.9511930463126910e-01
1.3244977143887864e+01 3.9506506824992460e-01
1.3246593514854082e+01 3.9501083748098598e-01
1.3248209885820300e+01 3.9495661232437540e-01
1.3249826256786516e+01 3.9490239278001504e-01
1.3251442627752734e+01 3.9484817884782697e-01
1.3253058998718952e+01 3.9479397052773291e-01
1.3254675369685168e+01 3.9473976781965470e-01
1.3256291740651386e+01 3.9468557072351373e-01
1.3257908111617605e+01 3.9463137923923153e-01
1.3259524482583821e+01 3.9457719336672914e-01
1.3261140853550039e+01 3.9452301310592797e-01
1.3262757224516255e+01 3.9446883845674874e-01
1.3264373595482473e+01 3.9441466941911218e-01
1.3265989966448691e+01 3.9436050599293937e-01
1.3267606337414907e+01 3.9430634817815036e-01
1.3269222708381125e+01 3.9425219597466565e-01
1.3270839079347343e+01 3.9419804938240555e-01
1.3272455450313560e+01 3.9414390840129010e-01
1.3274071821279778e+01 3.9408977303123904e-01
1.3275688192245996e+01 3.9403564327217244e-01
1.3277304563212212e+01 3.9398151912400980e-01
1.3278920934178430e+01 3.9392740058667042e-01
1.3280537305144646e+01 3.9387328766007390e-01
1.3282153676110864e+01 3.9381918034413921e-01
1.3283770047077082e+01 3.9376507863878540e-01
1.3285386418043299e+01 3.9371098254393166e-01
1.3287002789009517e+01 3.9365689205949628e-01
1.3288619159975735e+01 3.9360280718539797e-01
1.3290235530941951e+01 3.9354872792155560e-01
1.3291851901908169e+01 3.9349465426788688e-01
1.3293468272874387e+01 3.9344058622431011e-01
1.3295084643840603e+01 3.9338652379074368e-01
1.3296701014806821e+01 3.9333246696710500e-01
1.3298317385773037e+01 3.9327841575331202e-01
1.3299933756739255e+01 3.9322437014928213e-01
1.3301550127705474e+01 3.9317033015493286e-01
1.3303166498671690e+01 3.9311629577018148e-01
1.3304782869637908e+01 3.9306226699494506e-01
1.3306399240604126e+01 3.9300824382914057e-01
1.3308015611570342e+01 3.9295422627268484e-01
1.3309631982536560e+01 3.9290021432549471e-01
1.3311248353502778e+01 3.9284620798748637e-01
1.3312864724468994e+01 3.9279220725857644e-01
1.3314481095435212e+01 3.9273821213868132e-01
1.3316097466401429e+01 3.9268422262771674e-01
1.3317713837367647e+01 3.9263023872559877e-01
1.3319330208333865e+01 3.9257626043224336e-01
1.3320946579300081e+01 3.9252228774756603e-01
1.3322562950266299e+01 3.9246832067148218e-01
1.3324179321232517e+01 3.9241435920390755e-01
1.3325795692198733e+01 3.9236040334475686e-01
1.3327412063164951e+01 3.9230645309394552e-01
1.3329028434131168e+01 3.9225250845138848e-01
1.3330644805097386e+01 3.9219856941700004e-01
1.3332261176063604e+01 3.9214463599069538e-01
1.3333877547029820e+01 3.9209070817238889e-01
1.3335493917996038e+01 3.9203678596199454e-01
1.3337110288962256e+01 3.9198286935942683e-01
1.3338726659928472e+01 3.9192895836459984e-01
1.3340343030894690e+01 3.9187505297742720e-01
1.3341959401860908e+01 3.9182115319782285e-01
1.3343575772827124e+01 3.9176725902570042e-01
1.3345192143793343e+01 3.9171337046097321e-01
1.3346808514759559e+01 3.9165948750355473e-01
1.3348424885725777e+01 3.9160561015335804e-01
1.3350041256691995e+01 3.9155173841029600e-01
1.3351657627658211e+01 3.9149787227428179e-01
1.3353273998624429e+01 3.9144401174522803e-01
1.3354890369590647e+01 3.9139015682304701e-01
1.3356506740556863e+01 3.9133630750765169e-01
1.3358123111523081e+01 3.9128246379895393e-01
1.3359739482489299e+01 3.9122862569686601e-01
1.3361355853455516e+01 3.9117479320130000e-01
1.3362972224421734e+01 3.9112096631216775e-01
1.3364588595387950e+01 3.9106714502938089e-01
1.3366204966354168e+01 3.9101332935285094e-01
1.3367821337320386e+01 3.9095951928248940e-01
1.3369437708286602e+01 3.9090571481820757e-01
1.3371054079252820e+01 3.9085191595991642e-01
1.3372670450219038e+01 3.9079812270752712e-01
1.3374286821185255e+01 3.9074433506095030e-01
1.3375903192151473e+01 3.9069055302009681e-01
1.3377519563117691e+01 3.9063677658487728e-01
1.3379135934083907e+01 3.9058300575520177e-01
1.3380752305050125e+01 3.9052924053098081e-01
1.3382368676016341e+01 3.9047548091212447e-01
1.3383985046982559e+01 3.9042172689854260e-01
1.3385601417948777e+01 3.9036797849014515e-01
1.3387217788914993e+01 3.9031423568684165e-01
1.3388834159881212e+01 3.9026049848854172e-01
1.3390450530847430e+01 3.9020676689515477e-01
1.3392066901813646e+01 3.9015304090658998e-01
1.3393683272779864e+01 3.9009932052275631e-01
1.3395299643746082e+01 3.9004560574356295e-01
1.3396916014712298e+01 3.8999189656891853e-01
1.3398532385678516e+01 3.8993819299873178e-01
1.3400148756644732e+01 3.8988449503291123e-01
1.3401765127610950e+01 3.8983080267136516e-01
1.3403381498577168e+01 3.8977711591400188e-01
1.3404997869543385e+01 3.8972343476072935e-01
1.3406614240509603e+01 3.8966975921145564e-01
1.3408230611475821e+01 3.8961608926608837e-01
1.3409846982442037e+01 3.8956242492453541e-01
1.3411463353408255e+01 3.8950876618670405e-01
1.3413079724374471e+01 3.8945511305250169e-01
1.3414696095340689e+01 3.8940146552183563e-01
1.3416312466306907e+01 3.8934782359461273e-01
1.3417928837273124e+01 3.8929418727074028e-01
1.3419545208239342e+01 3.8924055655012457e-01
1.3421161579205560e+01 3.8918693143267258e-01
1.3422777950171776e+01 3.8913331191829070e-01
1.3424394321137994e+01 3.8907969800688524e-01
1.3426010692104212e+01 3.8902608969836239e-01
1.3427627063070428e+01 3.8897248699262832e-01
1.3429243434036646e+01 3.8891888988958867e-01
1.3430859805002862e+01 3.8886529838914963e-01
1.3432476175969081e+01 3.8881171249121638e-01
1.3434092546935299e+01 3.8875813219569455e-01
1.3435708917901515e+01 3.8870455750248956e-01
1.3437325288867733e+01 3.8865098841150647e-01
1.3438941659833951e+01 3.8859742492265048e-01
1.3440558030800167e+01 3.8854386703582633e-01
1.3442174401766385e+01 3.8849031475093887e-01
1.3443790772732603e+01 3.8843676806789262e-01
1.3445407143698819e+01 3.8838322698659211e-01
1.3447023514665037e+01 3.8832969150694174e-01
1.3448639885631254e+01 3.8827616162884560e-01
1.3450256256597472e+01 3.8822263735220763e-01
1.3451872627563690e+01 3.8816911867693193e-01
1.3453488998529906e+01 3.8811560560292202e-01
1.3455105369496124e+01 3.8806209813008163e-01
1.3456721740462342e+01 3.8800859625831419e-01
1.3458338111428558e+01 3.8795509998752320e-01
1.3459954482394776e+01 3.8790160931761142e-01
1.3461570853360994e+01 3.8784812424848225e-01
1.3463187224327211e+01 3.8779464478003844e-01
1.3464803595293429e+01 3.8774117091218263e-01
1.3466419966259645e+01 3.8768770264481767e-01
1.3468036337225863e+01 3.8763423997784585e-01
1.3469652708192081e+01 3.8758078291116926e-01
1.3471269079158297e+01 3.8752733144469065e-01
1.3472885450124515e+01 3.8747388557831153e-01
1.3474501821090733e+01 3.8742044531193376e-01
1.3476118192056949e+01 3.8736701064545964e-01
1.3477734563023168e+01 3.8731358157879014e-01
1.3479350933989386e+01 3.8726015811182690e-01
1.3480967304955602e+01 3.8720674024447155e-01
1.3482583675921820e+01 3.8715332797662472e-01
1.3484200046888036e+01 3.8709992130818782e-01
1.3485816417854254e+01 3.8704652023906161e-01
1.3487432788820472e+01 3.8699312476914682e-01
1.3489049159786688e+01 3.8693973489834399e-01
1.3490665530752906e+01 3.8688635062655374e-01
1.3492281901719124e+01 3.8683297195367616e-01
1.3493898272685341e+01 3.8677959887961144e-01
1.3495514643651559e+01 3.8672623140425988e-01
1.3497131014617777e+01 3.8667286952752100e-01
1.3498747385583993e+01 3.8661951324929467e-01
1.3500363756550211e+01 3.8656616256948062e-01
1.3501980127516427e+01 3.8651281748797806e-01
1.3503596498482645e+01 3.8645947800468639e-01
1.3505212869448863e+01 3.8640614411950491e-01
1.3506829240415080e+01 3.8635281583233239e-01
1.3508445611381298e+01 3.8629949314306788e-01
1.3510061982347516e+01 3.8624617605161016e-01
1.3511678353313732e+01 3.8619286455785762e-01
1.3513294724279950e+01 3.8613955866170890e-01
1.3514911095246166e+01 3.8608625836306232e-01
1.3516527466212384e+01 3.8603296366181583e-01
1.3518143837178602e+01 3.8597967455786764e-01
1.3519760208144818e+01 3.8592639105111570e-01
1.3521376579111037e+01 3.8587311314145734e-01
1.3522992950077255e+01 3.8581984082879062e-01
1.3524609321043471e+01 3.8576657411301296e-01
1.3526225692009689e+01 3.8571331299402123e-01
1.3527842062975907e+01 3.8566005747171306e-01
1.3529458433942123e+01 3.8560680754598542e-01
1.3531074804908341e+01 3.8555356321673484e-01
1.3532691175874557e+01 3.8550032448385851e-01
1.3534307546840775e+01 3.8544709134725275e-01
1.3535923917806993e+01 3.8539386380681406e-01
1.3537540288773210e+01 3.8534064186243888e-01
1.3539156659739428e+01 3.8528742551402340e-01
1.3540773030705646e+01 3.8523421476146336e-01
1.3542389401671862e+01 3.8518100960465496e-01
1.3544005772638080e+01 3.8512781004349395e-01
1.3545622143604298e+01 3.8507461607787552e-01
1.3547238514570514e+01 3.8502142770769576e-01
1.3548854885536732e+01 3.8496824493284953e-01
1.3550471256502949e+01 3.8491506775323225e-01
1.3552087627469167e+01 3.8486189616873878e-01
1.3553703998435385e+01 3.8480873017926409e-01
1.3555320369401601e+01 3.8475556978470304e-01
1.3556936740367819e+01 3.8470241498495006e-01
1.3558553111334037e+01 3.8464926577989988e-01
1.3560169482300253e+01 3.8459612216944661e-01
1.3561785853266471e+01 3.8454298415348442e-01
1.3563402224232689e+01 3.8448985173190764e-01
1.3565018595198906e+01 3.8443672490460989e-01
1.3566634966165124e+01 3.8438360367148505e-01
1.3568251337131340e+01 3.8433048803242675e-01
1.3569867708097558e+01 3.8427737798732842e-01
1.3571484079063776e+01 3.8422427353608346e-01
1.3573100450029992e+01 3.8417117467858508e-01
1.3574716820996210e+01 3.8411808141472636e-01
1.3576333191962428e+01 3.8406499374440006e-01
1.3577949562928644e+01 3.8401191166749926e-01
1.3579565933894862e+01 3.8395883518391627e-01
1.3581182304861080e+01 3.8390576429354373e-01
1.3582798675827297e+01 3.8385269899627406e-01
1.3584415046793515e+01 3.8379963929199934e-01
1.3586031417759731e+01 3.8374658518061178e-01
1.3587647788725949e+01 3.8369353666200323e-01
1.3589264159692167e+01 3.8364049373606546e-01
1.3590880530658383e+01 3.8358745640269021e-01
1.3592496901624601e+01 3.8353442466176890e-01
1.3594113272590819e+01 3.8348139851319296e-01
1.3595729643557036e+01 3.8342837795685369e-01
1.3597346014523254e+01 3.8337536299264197e-01
1.3598962385489470e+01 3.8332235362044897e-01
1.3600578756455688e+01 3.8326934984016536e-01
1.3602195127421906e+01 3.8321635165168177e-01
1.3603811498388122e+01 3.8316335905488885e-01
1.3605427869354340e+01 3.8311037204967691e-01
1.3607044240320558e+01 3.8305739063593625e-01
1.3608660611286775e+01 3.8300441481355696e-01
1.3610276982252993e+01 3.8295144458242891e-01
1.3611893353219211e+01 3.8289847994244197e-01
1.3613509724185427e+01 3.8284552089348589e-01
1.3615126095151645e+01 3.8279256743545020e-01
1.3616742466117861e+01 3.8273961956822433e-01
1.3618358837084079e+01 3.8268667729169736e-01
1.3619975208050297e+01 3.8263374060575861e-01
1.3621591579016513e+01 3.8258080951029705e-01
1.3623207949982731e+01 3.8252788400520132e-01
1.3624824320948949e+01 3.8247496409036030e-01
1.3626440691915166e+01 3.8242204976566263e-01
1.3628057062881384e+01 3.8236914103099651e-01
1.3629673433847602e+01 3.8231623788625035e-01
1.3631289804813818e+01 3.8226334033131226e-01
1.3632906175780036e+01 3.8221044836607032e-01
1.3634522546746252e+01 3.8215756199041229e-01
1.3636138917712470e+01 3.8210468120422592e-01
1.3637755288678688e+01 3.8205180600739874e-01
1.3639371659644905e+01 3.8199893639981841e-01
1.3640988030611123e+01 3.8194607238137179e-01
