3.9967707535835051e-01 1.9489141919715736e-01
4.0129344632456787e-01 1.9413418575942534e-01
4.0290981729078529e-01 1.9337861127816655e-01
4.0452618825700265e-01 1.9262469260299964e-01
4.0614255922322001e-01 1.9187242658920162e-01
4.0775893018943743e-01 1.9112181009769863e-01
4.0937530115565479e-01 1.9037283999505580e-01
4.1099167212187215e-01 1.8962551315346649e-01
4.1260804308808952e-01 1.8887982645074439e-01
4.1422441405430693e-01 1.8813577677031221e-01
4.1584078502052430e-01 1.8739336100119156e-01
4.1745715598674166e-01 1.8665257603799457e-01
4.1907352695295907e-01 1.8591341878091269e-01
4.2068989791917644e-01 1.8517588613570826e-01
4.2230626888539380e-01 1.8443997501370299e-01
4.2392263985161122e-01 1.8370568233176990e-01
4.2553901081782858e-01 1.8297300501232253e-01
4.2715538178404594e-01 1.8224193998330612e-01
4.2877175275026336e-01 1.8151248417818683e-01
4.3038812371648072e-01 1.8078463453594310e-01
4.3200449468269808e-01 1.8005838800105525e-01
4.3362086564891544e-01 1.7933374152349646e-01
4.3523723661513286e-01 1.7861069205872229e-01
4.3685360758135022e-01 1.7788923656766184e-01
4.3846997854756764e-01 1.7716937201670804e-01
4.4008634951378500e-01 1.7645109537770756e-01
4.4170272048000236e-01 1.7573440362795231e-01
4.4331909144621973e-01 1.7501929375016850e-01
4.4493546241243714e-01 1.7430576273250820e-01
4.4655183337865451e-01 1.7359380756853926e-01
4.4816820434487187e-01 1.7288342525723605e-01
4.4978457531108929e-01 1.7217461280297019e-01
4.5140094627730665e-01 1.7146736721550024e-01
4.5301731724352401e-01 1.7076168550996368e-01
4.5463368820974143e-01 1.7005756470686600e-01
4.5625005917595879e-01 1.6935500183207228e-01
4.5786643014217615e-01 1.6865399391679733e-01
4.5948280110839357e-01 1.6795453799759633e-01
4.6109917207461093e-01 1.6725663111635597e-01
4.6271554304082829e-01 1.6656027032028417e-01
4.6433191400704565e-01 1.6586545266190172e-01
4.6594828497326307e-01 1.6517217519903252e-01
4.6756465593948043e-01 1.6448043499479392e-01
4.6918102690569785e-01 1.6379022911758814e-01
4.7079739787191521e-01 1.6310155464109272e-01
4.7241376883813258e-01 1.6241440864425077e-01
4.7403013980434994e-01 1.6172878821126302e-01
4.7564651077056735e-01 1.6104469043157699e-01
4.7726288173678472e-01 1.6036211239987866e-01
4.7887925270300208e-01 1.5968105121608367e-01
4.8049562366921950e-01 1.5900150398532764e-01
4.8211199463543686e-01 1.5832346781795625e-01
4.8372836560165422e-01 1.5764693982951788e-01
4.8534473656787158e-01 1.5697191714075290e-01
4.8696110753408900e-01 1.5629839687758554e-01
4.8857747850030636e-01 1.5562637617111416e-01
4.9019384946652378e-01 1.5495585215760244e-01
4.9181022043274114e-01 1.5428682197847057e-01
4.9342659139895850e-01 1.5361928278028592e-01
4.9504296236517586e-01 1.5295323171475389e-01
4.9665933333139328e-01 1.5228866593870918e-01
4.9827570429761064e-01 1.5162558261410633e-01
4.9989207526382806e-01 1.5096397890801183e-01
5.0150844623004542e-01 1.5030385199259358e-01
5.0312481719626279e-01 1.4964519904511342e-01
5.0474118816248015e-01 1.4898801724791719e-01
5.0635755912869751e-01 1.4833230378842613e-01
5.0797393009491487e-01 1.4767805585912813e-01
5.0959030106113234e-01 1.4702527065756882e-01
5.1120667202734971e-01 1.4637394538634252e-01
5.1282304299356707e-01 1.4572407725308317e-01
5.1443941395978443e-01 1.4507566347045620e-01
5.1605578492600179e-01 1.4442870125614907e-01
5.1767215589221915e-01 1.4378318783286281e-01
5.1928852685843663e-01 1.4313912042830274e-01
5.2090489782465399e-01 1.4249649627517044e-01
5.2252126879087135e-01 1.4185531261115436e-01
5.2413763975708871e-01 1.4121556667892138e-01
5.2575401072330608e-01 1.4057725572610766e-01
5.2737038168952344e-01 1.3994037700531073e-01
5.2898675265574080e-01 1.3930492777407996e-01
5.3060312362195827e-01 1.3867090529490811e-01
5.3221949458817563e-01 1.3803830683522317e-01
5.3383586555439300e-01 1.3740712966737895e-01
5.3545223652061036e-01 1.3677737106864679e-01
5.3706860748682772e-01 1.3614902832120696e-01
5.3868497845304519e-01 1.3552209871213983e-01
5.4030134941926256e-01 1.3489657953341758e-01
5.4191772038547992e-01 1.3427246808189575e-01
5.4353409135169728e-01 1.3364976165930362e-01
5.4515046231791464e-01 1.3302845757223702e-01
5.4676683328413200e-01 1.3240855313214903e-01
5.4838320425034937e-01 1.3179004565534158e-01
5.4999957521656673e-01 1.3117293246295672e-01
5.5161594618278420e-01 1.3055721088096892e-01
5.5323231714900156e-01 1.2994287824017536e-01
5.5484868811521892e-01 1.2932993187618885e-01
5.5646505908143629e-01 1.2871836912942808e-01
5.5808143004765365e-01 1.2810818734511004e-01
5.5969780101387112e-01 1.2749938387324103e-01
5.6131417198008848e-01 1.2689195606860909e-01
5.6293054294630585e-01 1.2628590129077472e-01
5.6454691391252321e-01 1.2568121690406259e-01
5.6616328487874057e-01 1.2507790027755400e-01
5.6777965584495793e-01 1.2447594878507737e-01
5.6939602681117529e-01 1.2387535980520083e-01
5.7101239777739266e-01 1.2327613072122372e-01
5.7262876874361013e-01 1.2267825892116754e-01
5.7424513970982749e-01 1.2208174179776883e-01
5.7586151067604485e-01 1.2148657674846992e-01
5.7747788164226221e-01 1.2089276117541121e-01
5.7909425260847958e-01 1.2030029248542257e-01
5.8071062357469705e-01 1.1970916809001569e-01
5.8232699454091441e-01 1.1911938540537499e-01
5.8394336550713177e-01 1.1853094185235005e-01
5.8555973647334914e-01 1.1794383485644765e-01
5.8717610743956650e-01 1.1735806184782228e-01
5.8879247840578386e-01 1.1677362026126968e-01
5.9040884937200122e-01 1.1619050753621761e-01
5.9202522033821858e-01 1.1560872111671811e-01
5.9364159130443606e-01 1.1502825845143903e-01
5.9525796227065342e-01 1.1444911699365652e-01
5.9687433323687078e-01 1.1387129420124585e-01
5.9849070420308814e-01 1.1329478753667514e-01
6.0010707516930561e-01 1.1271959446699538e-01
6.0172344613552298e-01 1.1214571246383341e-01
6.0333981710174034e-01 1.1157313900338367e-01
6.0495618806795770e-01 1.1100187156640050e-01
6.0657255903417506e-01 1.1043190763818918e-01
6.0818893000039242e-01 1.0986324470859915e-01
6.0980530096660979e-01 1.0929588027201535e-01
6.1142167193282715e-01 1.0872981182735003e-01
6.1303804289904451e-01 1.0816503687803532e-01
6.1465441386526198e-01 1.0760155293201494e-01
6.1627078483147935e-01 1.0703935750173685e-01
6.1788715579769671e-01 1.0647844810414465e-01
6.1950352676391407e-01 1.0591882226066950e-01
6.2111989773013154e-01 1.0536047749722321e-01
6.2273626869634890e-01 1.0480341134418980e-01
6.2435263966256627e-01 1.0424762133641735e-01
6.2596901062878363e-01 1.0369310501321070e-01
6.2758538159500099e-01 1.0313985991832343e-01
6.2920175256121835e-01 1.0258788359994969e-01
6.3081812352743571e-01 1.0203717361071724e-01
6.3243449449365308e-01 1.0148772750767847e-01
6.3405086545987055e-01 1.0093954285230371e-01
6.3566723642608791e-01 1.0039261721047318e-01
6.3728360739230527e-01 9.9846948152468584e-02
6.3889997835852264e-01 9.9302533252966285e-02
6.4051634932474000e-01 9.8759370091029086e-02
6.4213272029095747e-01 9.8217456250098437e-02
6.4374909125717483e-01 9.7676789317987164e-02
6.4536546222339219e-01 9.7137366886871510e-02
6.4698183318960956e-01 9.6599186553283325e-02
6.4859820415582692e-01 9.6062245918102779e-02
6.5021457512204428e-01 9.5526542586550175e-02
6.5183094608826164e-01 9.4992074168179008e-02
6.5344731705447900e-01 9.4458838276868143e-02
6.5506368802069637e-01 9.3926832530813534e-02
6.5668005898691384e-01 9.3396054552521590e-02
6.5829642995313120e-01 9.2866501968800863e-02
6.5991280091934856e-01 9.2338172410755176e-02
6.6152917188556604e-01 9.1811063513775659e-02
6.6314554285178340e-01 9.1285172917532603e-02
6.6476191381800076e-01 9.0760498265969311e-02
6.6637828478421812e-01 9.0237037207293744e-02
6.6799465575043548e-01 8.9714787393970818e-02
6.6961102671665285e-01 8.9193746482715469e-02
6.7122739768287021e-01 8.8673912134484764e-02
6.7284376864908757e-01 8.8155282014470926e-02
6.7446013961530493e-01 8.7637853792093184e-02
6.7607651058152229e-01 8.7121625140991088e-02
6.7769288154773977e-01 8.6606593739016455e-02
6.7930925251395713e-01 8.6092757268226627e-02
6.8092562348017449e-01 8.5580113414875980e-02
6.8254199444639196e-01 8.5068659869410299e-02
6.8415836541260933e-01 8.4558394326457384e-02
6.8577473637882669e-01 8.4049314484821239e-02
6.8739110734504405e-01 8.3541418047473712e-02
6.8900747831126141e-01 8.3034702721548254e-02
6.9062384927747877e-01 8.2529166218331271e-02
6.9224022024369614e-01 8.2024806253256088e-02
6.9385659120991350e-01 8.1521620545894638e-02
6.9547296217613086e-01 8.1019606819950754e-02
6.9708933314234833e-01 8.0518762803252777e-02
6.9870570410856569e-01 8.0019086227746519e-02
7.0032207507478306e-01 7.9520574829487239e-02
7.0193844604100042e-01 7.9023226348633499e-02
7.0355481700721789e-01 7.8527038529439083e-02
7.0517118797343525e-01 7.8032009120246465e-02
7.0678755893965262e-01 7.7538135873478672e-02
7.0840392990586998e-01 7.7045416545633197e-02
7.1002030087208734e-01 7.6553848897274318e-02
7.1163667183830470e-01 7.6063430693025763e-02
7.1325304280452206e-01 7.5574159701563670e-02
7.1486941377073943e-01 7.5086033695609969e-02
7.1648578473695679e-01 7.4599050451924429e-02
7.1810215570317426e-01 7.4113207751298094e-02
7.1971852666939162e-01 7.3628503378546206e-02
7.2133489763560898e-01 7.3144935122500920e-02
7.2295126860182635e-01 7.2662500776004002e-02
7.2456763956804382e-01 7.2181198135900432e-02
7.2618401053426118e-01 7.1701025003030938e-02
7.2780038150047854e-01 7.1221979182224782e-02
7.2941675246669591e-01 7.0744058482293495e-02
7.3103312343291327e-01 7.0267260716022462e-02
7.3264949439913063e-01 6.9791583700165694e-02
7.3426586536534799e-01 6.9317025255437537e-02
7.3588223633156535e-01 6.8843583206506395e-02
7.3749860729778272e-01 6.8371255381987059e-02
7.3911497826400019e-01 6.7900039614434499e-02
7.4073134923021755e-01 6.7429933740336748e-02
7.4234772019643491e-01 6.6960935600107727e-02
7.4396409116265239e-01 6.6493043038080360e-02
7.4558046212886975e-01 6.6026253902499929e-02
7.4719683309508711e-01 6.5560566045517105e-02
7.4881320406130447e-01 6.5095977323180884e-02
7.5042957502752183e-01 6.4632485595431888e-02
7.5204594599373920e-01 6.4170088726095365e-02
7.5366231695995656e-01 6.3708784582874864e-02
7.5527868792617392e-01 6.3248571037344561e-02
7.5689505889239128e-01 6.2789445964942903e-02
7.5851142985860864e-01 6.2331407244966372e-02
7.6012780082482612e-01 6.1874452760561444e-02
7.6174417179104348e-01 6.1418580398718670e-02
7.6336054275726084e-01 6.0963788050265810e-02
7.6497691372347831e-01 6.0510073609860951e-02
7.6659328468969568e-01 6.0057434975986021e-02
7.6820965565591304e-01 5.9605870050939098e-02
7.6982602662213040e-01 5.9155376740829130e-02
7.7144239758834776e-01 5.8705952955568415e-02
7.7305876855456512e-01 5.8257596608865841e-02
7.7467513952078249e-01 5.7810305618220231e-02
7.7629151048699985e-01 5.7364077904913977e-02
7.7790788145321721e-01 5.6918911394006268e-02
7.7952425241943457e-01 5.6474804014326148e-02
7.8114062338565204e-01 5.6031753698466247e-02
7.8275699435186941e-01 5.5589758382775897e-02
7.8437336531808677e-01 5.5148816007354787e-02
7.8598973628430424e-01 5.4708924516046073e-02
7.8760610725052160e-01 5.4270081856429633e-02
7.8922247821673897e-01 5.3832285979816340e-02
7.9083884918295633e-01 5.3395534841240301e-02
7.9245522014917369e-01 5.2959826399453264e-02
7.9407159111539105e-01 5.2525158616917443e-02
7.9568796208160841e-01 5.2091529459799613e-02
7.9730433304782578e-01 5.1658936897963761e-02
7.9892070401404314e-01 5.1227378904965301e-02
8.0053707498026061e-01 5.0796853458044113e-02
8.0215344594647797e-01 5.0367358538118398e-02
8.0376981691269533e-01 4.9938892129778020e-02
8.0538618787891270e-01 4.9511452221277792e-02
8.0700255884513017e-01 4.9085036804531329e-02
8.0861892981134753e-01 4.8659643875104998e-02
8.1023530077756489e-01 4.8235271432210514e-02
8.1185167174378225e-01 4.7811917478698930e-02
8.1346804270999962e-01 4.7389580021054797e-02
8.1508441367621698e-01 4.6968257069389015e-02
8.1670078464243434e-01 4.6547946637432620e-02
8.1831715560865170e-01 4.6128646742530623e-02
8.1993352657486906e-01 4.5710355405635693e-02
8.2154989754108654e-01 4.5293070651301018e-02
8.2316626850730390e-01 4.4876790507675179e-02
8.2478263947352126e-01 4.4461513006494979e-02
8.2639901043973862e-01 4.4047236183079208e-02
8.2801538140595610e-01 4.3633958076322560e-02
8.2963175237217346e-01 4.3221676728689117e-02
8.3124812333839082e-01 4.2810390186206443e-02
8.3286449430460818e-01 4.2400096498458585e-02
8.3448086527082554e-01 4.1990793718580589e-02
8.3609723623704291e-01 4.1582479903251743e-02
8.3771360720326027e-01 4.1175153112689503e-02
8.3932997816947763e-01 4.0768811410643001e-02
8.4094634913569499e-01 4.0363452864387646e-02
8.4256272010191247e-01 3.9959075544717566e-02
8.4417909106812983e-01 3.9555677525940615e-02
8.4579546203434719e-01 3.9153256885871554e-02
8.4741183300056466e-01 3.8751811705826228e-02
8.4902820396678202e-01 3.8351340070614630e-02
8.5064457493299939e-01 3.7951840068535907e-02
8.5226094589921675e-01 3.7553309791371274e-02
8.5387731686543411e-01 3.7155747334378340e-02
8.5549368783165147e-01 3.6759150796284626e-02
8.5711005879786883e-01 3.6363518279281817e-02
8.5872642976408620e-01 3.5968847889019440e-02
8.6034280073030356e-01 3.5575137734598791e-02
8.6195917169652092e-01 3.5182385928566706e-02
8.6357554266273839e-01 3.4790590586910211e-02
8.6519191362895576e-01 3.4399749829049302e-02
8.6680828459517312e-01 3.4009861777831545e-02
8.6842465556139059e-01 3.3620924559526290e-02
8.7004102652760795e-01 3.3232936303818052e-02
8.7165739749382531e-01 3.2845895143800756e-02
8.7327376846004268e-01 3.2459799215971731e-02
8.7489013942626004e-01 3.2074646660225643e-02
8.7650651039247740e-01 3.1690435619848828e-02
8.7812288135869476e-01 3.1307164241512690e-02
8.7973925232491212e-01 3.0924830675268102e-02
8.8135562329112949e-01 3.0543433074539578e-02
8.8297199425734685e-01 3.0162969596118916e-02
8.8458836522356432e-01 2.9783438400159668e-02
8.8620473618978168e-01 2.9404837650170979e-02
8.8782110715599905e-01 2.9027165513011769e-02
8.8943747812221652e-01 2.8650420158884634e-02
8.9105384908843388e-01 2.8274599761330337e-02
8.9267022005465124e-01 2.7899702497221259e-02
8.9428659102086860e-01 2.7525726546756273e-02
8.9590296198708597e-01 2.7152670093454262e-02
8.9751933295330333e-01 2.6780531324148919e-02
8.9913570391952069e-01 2.6409308428982061e-02
9.0075207488573805e-01 2.6038999601398459e-02
9.0236844585195553e-01 2.5669603038139723e-02
9.0398481681817289e-01 2.5301116939238765e-02
9.0560118778439025e-01 2.4933539508013240e-02
9.0721755875060761e-01 2.4566868951060677e-02
9.0883392971682497e-01 2.4201103478252453e-02
9.1045030068304234e-01 2.3836241302727285e-02
9.1206667164925981e-01 2.3472280640886380e-02
9.1368304261547717e-01 2.3109219712387535e-02
9.1529941358169453e-01 2.2747056740138751e-02
9.1691578454791189e-01 2.2385789950293007e-02
9.1853215551412926e-01 2.2025417572242606e-02
9.2014852648034662e-01 2.1665937838613394e-02
9.2176489744656398e-01 2.1307348985258458e-02
9.2338126841278145e-01 2.0949649251253550e-02
9.2499763937899881e-01 2.0592836878890308e-02
9.2661401034521618e-01 2.0236910113671094e-02
9.2823038131143354e-01 1.9881867204303683e-02
9.2984675227765090e-01 1.9527706402694685e-02
9.3146312324386826e-01 1.9174425963944641e-02
9.3307949421008574e-01 1.8822024146342049e-02
9.3469586517630310e-01 1.8470499211357922e-02
9.3631223614252046e-01 1.8119849423640252e-02
9.3792860710873782e-01 1.7770073051007692e-02
9.3954497807495518e-01 1.7421168364445006e-02
9.4116134904117255e-01 1.7073133638096739e-02
9.4277772000738991e-01 1.6725967149262010e-02
9.4439409097360738e-01 1.6379667178388447e-02
9.4601046193982474e-01 1.6034232009067367e-02
9.4762683290604210e-01 1.5689659928027695e-02
9.4924320387225947e-01 1.5345949225130381e-02
9.5085957483847683e-01 1.5003098193363337e-02
9.5247594580469419e-01 1.4661105128835204e-02
9.5409231677091166e-01 1.4319968330770623e-02
9.5570868773712903e-01 1.3979686101504478e-02
9.5732505870334639e-01 1.3640256746475659e-02
9.5894142966956375e-01 1.3301678574222878e-02
9.6055780063578111e-01 1.2963949896378123e-02
9.6217417160199847e-01 1.2627069027661621e-02
9.6379054256821595e-01 1.2291034285876528e-02
9.6540691353443331e-01 1.1955843991903269e-02
9.6702328450065067e-01 1.1621496469693850e-02
9.6863965546686803e-01 1.1287990046267123e-02
9.7025602643308539e-01 1.0955323051702713e-02
9.7187239739930276e-01 1.0623493819135812e-02
9.7348876836552012e-01 1.0292500684752130e-02
9.7510513933173759e-01 9.9623419877818177e-03
9.7672151029795495e-01 9.6330160704946530e-03
9.7833788126417232e-01 9.3045212781946805e-03
9.7995425223038968e-01 8.9768559592142156e-03
9.8157062319660704e-01 8.6500184649092610e-03
9.8318699416282440e-01 8.3240071496537577e-03
9.8480336512904187e-01 7.9988203708343704e-03
9.8641973609525924e-01 7.6744564888448922e-03
9.8803610706147660e-01 7.3509138670813457e-03
9.8965247802769396e-01 7.0281908719366255e-03
9.9126884899391132e-01 6.7062858727948123e-03
9.9288521996012868e-01 6.3851972420261279e-03
9.9450159092634616e-01 6.0649233549818042e-03
9.9611796189256352e-01 5.7454625899887191e-03
9.9773433285878088e-01 5.4268133283439544e-03
9.9935070382499824e-01 5.1089739543097442e-03
1.0009670747912156e+00 4.7919428551079536e-03
1.0025834457574330e+00 4.4757184209156609e-03
1.0041998167236503e+00 4.1602990448585302e-03
1.0058161876898679e+00 3.8456831230070229e-03
1.0074325586560851e+00 3.5318690543704053e-03
1.0090489296223026e+00 3.2188552408914592e-03
1.0106653005885198e+00 2.9066400874420656e-03
1.0122816715547374e+00 2.5952220018169714e-03
1.0138980425209545e+00 2.2845993947293725e-03
1.0155144134871721e+00 1.9747706798057844e-03
1.0171307844533894e+00 1.6657342735803614e-03
1.0187471554196068e+00 1.3574885954900071e-03
1.0203635263858242e+00 1.0500320678694820e-03
1.0219798973520415e+00 7.4336311594619549e-04
1.0235962683182589e+00 4.3748016783429032e-04
1.0252126392844763e+00 1.3238165453109154e-04
1.0268290102506938e+00 -1.7193399008959913e-04
1.0284453812169110e+00 -4.7546832928117209e-04
1.0300617521831286e+00 -7.7822292343067933e-04
1.0316781231493457e+00 -1.0801993300627391e-03
1.0332944941155633e+00 -1.3813991038452561e-03
1.0349108650817804e+00 -1.6818237965941162e-03
1.0365272360479980e+00 -1.9814749572787871e-03
1.0381436070142154e+00 -2.2803541320264992e-03
1.0397599779804327e+00 -2.5784628641278488e-03
1.0413763489466501e+00 -2.8758026940421230e-03
1.0429927199128675e+00 -3.1723751594013604e-03
1.0446090908790848e+00 -3.4681817950161153e-03
1.0462254618453022e+00 -3.7632241328803026e-03
1.0478418328115198e+00 -4.0575037021759776e-03
1.0494582037777369e+00 -4.3510220292785010e-03
1.0510745747439545e+00 -4.6437806377613890e-03
1.0526909457101716e+00 -4.9357810484012866e-03
1.0543073166763892e+00 -5.2270247791832928e-03
1.0559236876426064e+00 -5.5175133453049400e-03
1.0575400586088239e+00 -5.8072482591822764e-03
1.0591564295750413e+00 -6.0962310304540817e-03
1.0607728005412587e+00 -6.3844631659868770e-03
1.0623891715074760e+00 -6.6719461698800941e-03
1.0640055424736934e+00 -6.9586815434706517e-03
1.0656219134399108e+00 -7.2446707853379621e-03
1.0672382844061281e+00 -7.5299153913090631e-03
1.0688546553723457e+00 -7.8144168544630743e-03
1.0704710263385628e+00 -8.0981766651361253e-03
1.0720873973047804e+00 -8.3811963109266859e-03
1.0737037682709976e+00 -8.6634772766997423e-03
1.0753201392372151e+00 -8.9450210445922041e-03
1.0769365102034323e+00 -9.2258290940172485e-03
1.0785528811696499e+00 -9.5059029016697095e-03
1.0801692521358672e+00 -9.7852439415301567e-03
1.0817856231020846e+00 -1.0063853684870455e-02
1.0834019940683020e+00 -1.0341733600257894e-02
1.0850183650345193e+00 -1.0618885153560570e-02
1.0866347360007367e+00 -1.0895309807951867e-02
1.0882511069669540e+00 -1.1171009023915090e-02
1.0898674779331716e+00 -1.1445984259248412e-02
1.0914838488993888e+00 -1.1720236969069786e-02
1.0931002198656063e+00 -1.1993768605821320e-02
1.0947165908318235e+00 -1.2266580619274312e-02
1.0963329617980411e+00 -1.2538674456533803e-02
1.0979493327642584e+00 -1.2810051562043463e-02
1.0995657037304758e+00 -1.3080713377590121e-02
1.1011820746966932e+00 -1.3350661342308711e-02
1.1027984456629105e+00 -1.3619896892686469e-02
1.1044148166291279e+00 -1.3888421462568482e-02
1.1060311875953452e+00 -1.4156236483161500e-02
1.1076475585615626e+00 -1.4423343383039019e-02
1.1092639295277800e+00 -1.4689743588146032e-02
1.1108803004939976e+00 -1.4955438521803473e-02
1.1124966714602147e+00 -1.5220429604712794e-02
1.1141130424264323e+00 -1.5484718254961064e-02
1.1157294133926494e+00 -1.5748305888025015e-02
1.1173457843588670e+00 -1.6011193916776148e-02
1.1189621553250844e+00 -1.6273383751485022e-02
1.1205785262913017e+00 -1.6534876799825869e-02
1.1221948972575191e+00 -1.6795674466881655e-02
1.1238112682237364e+00 -1.7055778155147968e-02
1.1254276391899538e+00 -1.7315189264538233e-02
1.1270440101561712e+00 -1.7573909192387709e-02
1.1286603811223885e+00 -1.7831939333458825e-02
1.1302767520886059e+00 -1.8089281079944800e-02
1.1318931230548235e+00 -1.8345935821474948e-02
1.1335094940210406e+00 -1.8601904945118788e-02
1.1351258649872582e+00 -1.8857189835390975e-02
1.1367422359534753e+00 -1.9111791874255362e-02
1.1383586069196929e+00 -1.9365712441129928e-02
1.1399749778859103e+00 -1.9618952912890893e-02
1.1415913488521277e+00 -1.9871514663877696e-02
1.1432077198183450e+00 -2.0123399065897076e-02
1.1448240907845624e+00 -2.0374607488227815e-02
1.1464404617507797e+00 -2.0625141297625087e-02
1.1480568327169971e+00 -2.0875001858324943e-02
1.1496732036832145e+00 -2.1124190532048961e-02
1.1512895746494318e+00 -2.1372708678008348e-02
1.1529059456156494e+00 -2.1620557652908708e-02
1.1545223165818665e+00 -2.1867738810954364e-02
1.1561386875480841e+00 -2.2114253503852870e-02
1.1577550585143013e+00 -2.2360103080819128e-02
1.1593714294805189e+00 -2.2605288888580384e-02
1.1609878004467362e+00 -2.2849812271380037e-02
1.1626041714129536e+00 -2.3093674570982461e-02
1.1642205423791709e+00 -2.3336877126677143e-02
1.1658369133453883e+00 -2.3579421275283303e-02
1.1674532843116057e+00 -2.3821308351154018e-02
1.1690696552778230e+00 -2.4062539686180839e-02
1.1706860262440406e+00 -2.4303116609797951e-02
1.1723023972102578e+00 -2.4543040448986655e-02
1.1739187681764753e+00 -2.4782312528279886e-02
1.1755351391426925e+00 -2.5020934169765943e-02
1.1771515101089101e+00 -2.5258906693093625e-02
1.1787678810751272e+00 -2.5496231415476009e-02
1.1803842520413448e+00 -2.5732909651695005e-02
1.1820006230075621e+00 -2.5968942714105474e-02
1.1836169939737795e+00 -2.6204331912639788e-02
1.1852333649399969e+00 -2.6439078554811944e-02
1.1868497359062142e+00 -2.6673183945721941e-02
1.1884661068724316e+00 -2.6906649388060037e-02
1.1900824778386490e+00 -2.7139476182110895e-02
1.1916988488048665e+00 -2.7371665625758192e-02
1.1933152197710837e+00 -2.7603219014488489e-02
1.1949315907373013e+00 -2.7834137641395688e-02
1.1965479617035184e+00 -2.8064422797185382e-02
1.1981643326697360e+00 -2.8294075770178770e-02
1.1997807036359531e+00 -2.8523097846317187e-02
1.2013970746021707e+00 -2.8751490309166187e-02
1.2030134455683881e+00 -2.8979254439919812e-02
1.2046298165346054e+00 -2.9206391517404728e-02
1.2062461875008228e+00 -2.9432902818084604e-02
1.2078625584670402e+00 -2.9658789616063951e-02
1.2094789294332575e+00 -2.9884053183092747e-02
1.2110953003994749e+00 -3.0108694788570350e-02
1.2127116713656925e+00 -3.0332715699549741e-02
1.2143280423319096e+00 -3.0556117180741482e-02
1.2159444132981272e+00 -3.0778900494518483e-02
1.2175607842643443e+00 -3.1001066900919239e-02
1.2191771552305619e+00 -3.1222617657652892e-02
1.2207935261967791e+00 -3.1443554020102654e-02
1.2224098971629966e+00 -3.1663877241330428e-02
1.2240262681292140e+00 -3.1883588572080651e-02
1.2256426390954314e+00 -3.2102689260784426e-02
1.2272590100616487e+00 -3.2321180553563748e-02
1.2288753810278661e+00 -3.2539063694235627e-02
1.2304917519940834e+00 -3.2756339924315932e-02
1.2321081229603008e+00 -3.2973010483023757e-02
1.2337244939265184e+00 -3.3189076607285380e-02
1.2353408648927355e+00 -3.3404539531738296e-02
1.2369572358589531e+00 -3.3619400488735456e-02
1.2385736068251703e+00 -3.3833660708348978e-02
1.2401899777913878e+00 -3.4047321418374667e-02
1.2418063487576050e+00 -3.4260383844335530e-02
1.2434227197238226e+00 -3.4472849209486428e-02
1.2450390906900399e+00 -3.4684718734817398e-02
1.2466554616562573e+00 -3.4895993639058404e-02
1.2482718326224747e+00 -3.5106675138682687e-02
1.2498882035886920e+00 -3.5316764447911229e-02
1.2515045745549094e+00 -3.5526262778716615e-02
1.2531209455211267e+00 -3.5735171340827029e-02
1.2547373164873443e+00 -3.5943491341730173e-02
1.2563536874535615e+00 -3.6151223986677215e-02
1.2579700584197790e+00 -3.6358370478687077e-02
1.2595864293859962e+00 -3.6564932018549996e-02
1.2612028003522138e+00 -3.6770909804831789e-02
1.2628191713184309e+00 -3.6976305033877513e-02
1.2644355422846485e+00 -3.7181118899815749e-02
1.2660519132508659e+00 -3.7385352594562292e-02
1.2676682842170832e+00 -3.7589007307824163e-02
1.2692846551833006e+00 -3.7792084227103541e-02
1.2709010261495179e+00 -3.7994584537701596e-02
1.2725173971157353e+00 -3.8196509422722673e-02
1.2741337680819527e+00 -3.8397860063077764e-02
1.2757501390481703e+00 -3.8598637637488879e-02
1.2773665100143874e+00 -3.8798843322492407e-02
1.2789828809806050e+00 -3.8998478292443663e-02
1.2805992519468221e+00 -3.9197543719520070e-02
1.2822156229130397e+00 -3.9396040773725431e-02
1.2838319938792568e+00 -3.9593970622893958e-02
1.2854483648454744e+00 -3.9791334432693566e-02
1.2870647358116918e+00 -3.9988133366630228e-02
1.2886811067779091e+00 -4.0184368586051566e-02
1.2902974777441265e+00 -4.0380041250150815e-02
1.2919138487103439e+00 -4.0575152515970575e-02
1.2935302196765612e+00 -4.0769703538406643e-02
1.2951465906427786e+00 -4.0963695470211843e-02
1.2967629616089962e+00 -4.1157129461999946e-02
1.2983793325752133e+00 -4.1350006662249160e-02
1.2999957035414309e+00 -4.1542328217306343e-02
1.3016120745076480e+00 -4.1734095271390416e-02
1.3032284454738656e+00 -4.1925308966596492e-02
1.3048448164400830e+00 -4.2115970442899262e-02
1.3064611874063004e+00 -4.2306080838157220e-02
1.3080775583725177e+00 -4.2495641288115955e-02
1.3096939293387351e+00 -4.2684652926412339e-02
1.3113103003049524e+00 -4.2873116884577990e-02
1.3129266712711698e+00 -4.3061034292043068e-02
1.3145430422373872e+00 -4.3248406276140114e-02
1.3161594132036045e+00 -4.3435233962107744e-02
1.3177757841698221e+00 -4.3621518473094277e-02
1.3193921551360392e+00 -4.3807260930161455e-02
1.3210085261022568e+00 -4.3992462452288543e-02
1.3226248970684740e+00 -4.4177124156375369e-02
1.3242412680346916e+00 -4.4361247157246632e-02
1.3258576390009089e+00 -4.4544832567654999e-02
1.3274740099671263e+00 -4.4727881498285528e-02
1.3290903809333436e+00 -4.4910395057758741e-02
1.3307067518995610e+00 -4.5092374352634482e-02
1.3323231228657784e+00 -4.5273820487415600e-02
1.3339394938319957e+00 -4.5454734564551742e-02
1.3355558647982131e+00 -4.5635117684442783e-02
1.3371722357644305e+00 -4.5814970945442589e-02
1.3387886067306480e+00 -4.5994295443862569e-02
1.3404049776968652e+00 -4.6173092273975494e-02
1.3420213486630828e+00 -4.6351362528019038e-02
1.3436377196292999e+00 -4.6529107296199204e-02
1.3452540905955175e+00 -4.6706327666694282e-02
1.3468704615617348e+00 -4.6883024725658175e-02
1.3484868325279522e+00 -4.7059199557224152e-02
1.3501032034941696e+00 -4.7234853243508443e-02
1.3517195744603869e+00 -4.7409986864613778e-02
1.3533359454266043e+00 -4.7584601498632931e-02
1.3549523163928217e+00 -4.7758698221652421e-02
1.3565686873590390e+00 -4.7932278107756035e-02
1.3581850583252564e+00 -4.8105342229028347e-02
1.3598014292914740e+00 -4.8277891655558271e-02
1.3614178002576911e+00 -4.8449927455442701e-02
1.3630341712239087e+00 -4.8621450694790000e-02
1.3646505421901258e+00 -4.8792462437723581e-02
1.3662669131563434e+00 -4.8962963746385348e-02
1.3678832841225608e+00 -4.9132955680939311e-02
1.3694996550887781e+00 -4.9302439299575097e-02
1.3711160260549955e+00 -4.9471415658511535e-02
1.3727323970212129e+00 -4.9639885811999900e-02
1.3743487679874302e+00 -4.9807850812327824e-02
1.3759651389536476e+00 -4.9975311709822307e-02
1.3775815099198652e+00 -5.0142269552853773e-02
1.3791978808860823e+00 -5.0308725387839023e-02
1.3808142518522999e+00 -5.0474680259245140e-02
1.3824306228185170e+00 -5.0640135209592547e-02
1.3840469937847346e+00 -5.0805091279458946e-02
1.3856633647509518e+00 -5.0969549507482323e-02
1.3872797357171693e+00 -5.1133510930364862e-02
1.3888961066833867e+00 -5.1296976582875839e-02
1.3905124776496041e+00 -5.1459947497855596e-02
1.3921288486158214e+00 -5.1622424706218681e-02
1.3937452195820388e+00 -5.1784409236957436e-02
1.3953615905482561e+00 -5.1945902117145164e-02
1.3969779615144735e+00 -5.2106904371939849e-02
1.3985943324806911e+00 -5.2267417024587572e-02
1.4002107034469082e+00 -5.2427441096425484e-02
1.4018270744131256e+00 -5.2586977606885771e-02
1.4034434453793432e+00 -5.2746027573498694e-02
1.4050598163455605e+00 -5.2904592011896096e-02
1.4066761873117779e+00 -5.3062671935814758e-02
1.4082925582779953e+00 -5.3220268357099774e-02
1.4099089292442126e+00 -5.3377382285708021e-02
1.4115253002104300e+00 -5.3534014729711393e-02
1.4131416711766474e+00 -5.3690166695300155e-02
1.4147580421428647e+00 -5.3845839186786447e-02
1.4163744131090821e+00 -5.4001033206607471e-02
1.4179907840752994e+00 -5.4155749755328900e-02
1.4196071550415168e+00 -5.4309989831648260e-02
1.4212235260077342e+00 -5.4463754432398245e-02
1.4228398969739515e+00 -5.4617044552549905e-02
1.4244562679401691e+00 -5.4769861185216179e-02
1.4260726389063865e+00 -5.4922205321654947e-02
1.4276890098726038e+00 -5.5074077951272747e-02
1.4293053808388212e+00 -5.5225480061627634e-02
1.4309217518050386e+00 -5.5376412638432689e-02
1.4325381227712559e+00 -5.5526876665559402e-02
1.4341544937374733e+00 -5.5676873125040646e-02
1.4357708647036906e+00 -5.5826402997074379e-02
1.4373872356699080e+00 -5.5975467260026501e-02
1.4390036066361254e+00 -5.6124066890434442e-02
1.4406199776023427e+00 -5.6272202863010191e-02
1.4422363485685601e+00 -5.6419876150643727e-02
1.4438527195347775e+00 -5.6567087724406231e-02
1.4454690905009950e+00 -5.6713838553553178e-02
1.4470854614672124e+00 -5.6860129605527762e-02
1.4487018324334298e+00 -5.7005961845964077e-02
1.4503182033996471e+00 -5.7151336238690321e-02
1.4519345743658645e+00 -5.7296253745732009e-02
1.4535509453320818e+00 -5.7440715327315241e-02
1.4551673162982992e+00 -5.7584721941869817e-02
1.4567836872645166e+00 -5.7728274546032618e-02
1.4584000582307339e+00 -5.7871374094650568e-02
1.4600164291969513e+00 -5.8014021540784090e-02
1.4616328001631687e+00 -5.8156217835709997e-02
1.4632491711293860e+00 -5.8297963928924938e-02
1.4648655420956034e+00 -5.8439260768148489e-02
1.4664819130618210e+00 -5.8580109299326312e-02
1.4680982840280383e+00 -5.8720510466633159e-02
1.4697146549942557e+00 -5.8860465212476447e-02
1.4713310259604730e+00 -5.8999974477499044e-02
1.4729473969266904e+00 -5.9139039200582437e-02
1.4745637678929078e+00 -5.9277660318850053e-02
1.4761801388591251e+00 -5.9415838767670440e-02
1.4777965098253425e+00 -5.9553575480660058e-02
1.4794128807915599e+00 -5.9690871389686789e-02
1.4810292517577772e+00 -5.9827727424872905e-02
1.4826456227239946e+00 -5.9964144514598007e-02
1.4842619936902119e+00 -6.0100123585502485e-02
1.4858783646564293e+00 -6.0235665562490381e-02
1.4874947356226469e+00 -6.0370771368732541e-02
1.4891111065888643e+00 -6.0505441925669763e-02
1.4907274775550816e+00 -6.0639678153015811e-02
1.4923438485212990e+00 -6.0773480968760570e-02
1.4939602194875163e+00 -6.0906851289173086e-02
1.4955765904537337e+00 -6.1039790028804573e-02
1.4971929614199511e+00 -6.1172298100491677e-02
1.4988093323861684e+00 -6.1304376415359359e-02
1.5004257033523858e+00 -6.1436025882823979e-02
1.5020420743186031e+00 -6.1567247410596437e-02
1.5036584452848205e+00 -6.1698041904685169e-02
1.5052748162510379e+00 -6.1828410269399024e-02
1.5068911872172555e+00 -6.1958353407350716e-02
1.5085075581834728e+00 -6.2087872219459328e-02
1.5101239291496902e+00 -6.2216967604953863e-02
1.5117403001159075e+00 -6.2345640461375813e-02
1.5133566710821249e+00 -6.2473891684582408e-02
1.5149730420483423e+00 -6.2601722168749652e-02
1.5165894130145596e+00 -6.2729132806375321e-02
1.5182057839807770e+00 -6.2856124488281637e-02
1.5198221549469944e+00 -6.2982698103618798e-02
1.5214385259132117e+00 -6.3108854539867615e-02
1.5230548968794291e+00 -6.3234594682842551e-02
1.5246712678456464e+00 -6.3359919416694666e-02
1.5262876388118638e+00 -6.3484829623914774e-02
1.5279040097780814e+00 -6.3609326185336296e-02
1.5295203807442987e+00 -6.3733409980138017e-02
1.5311367517105161e+00 -6.3857081885847516e-02
1.5327531226767335e+00 -6.3980342778343607e-02
1.5343694936429508e+00 -6.4103193531859684e-02
1.5359858646091682e+00 -6.4225635018986399e-02
1.5376022355753856e+00 -6.4347668110674744e-02
1.5392186065416029e+00 -6.4469293676238978e-02
1.5408349775078203e+00 -6.4590512583359391e-02
1.5424513484740376e+00 -6.4711325698085520e-02
1.5440677194402550e+00 -6.4831733884838733e-02
1.5456840904064724e+00 -6.4951738006415474e-02
1.5473004613726897e+00 -6.5071338923989849e-02
1.5489168323389073e+00 -6.5190537497116743e-02
1.5505332033051247e+00 -6.5309334583734613e-02
1.5521495742713420e+00 -6.5427731040168510e-02
1.5537659452375594e+00 -6.5545727721132790e-02
1.5553823162037768e+00 -6.5663325479734025e-02
1.5569986871699941e+00 -6.5780525167474055e-02
1.5586150581362115e+00 -6.5897327634252725e-02
1.5602314291024288e+00 -6.6013733728370647e-02
1.5618478000686462e+00 -6.6129744296532247e-02
1.5634641710348636e+00 -6.6245360183848578e-02
1.5650805420010809e+00 -6.6360582233840060e-02
1.5666969129672983e+00 -6.6475411288439465e-02
1.5683132839335157e+00 -6.6589848187994766e-02
1.5699296548997332e+00 -6.6703893771271699e-02
1.5715460258659506e+00 -6.6817548875457045e-02
1.5731623968321680e+00 -6.6930814336160993e-02
1.5747787677983853e+00 -6.7043690987420357e-02
1.5763951387646027e+00 -6.7156179661701135e-02
1.5780115097308201e+00 -6.7268281189901413e-02
1.5796278806970374e+00 -6.7379996401354142e-02
1.5812442516632548e+00 -6.7491326123830020e-02
1.5828606226294721e+00 -6.7602271183540105e-02
1.5844769935956895e+00 -6.7712832405138854e-02
1.5860933645619069e+00 -6.7823010611726742e-02
1.5877097355281242e+00 -6.7932806624853015e-02
1.5893261064943418e+00 -6.8042221264518671e-02
1.5909424774605592e+00 -6.8151255349178985e-02
1.5925588484267765e+00 -6.8259909695746371e-02
1.5941752193929939e+00 -6.8368185119593333e-02
1.5957915903592113e+00 -6.8476082434554844e-02
1.5974079613254286e+00 -6.8583602452931464e-02
1.5990243322916460e+00 -6.8690745985491838e-02
1.6006407032578633e+00 -6.8797513841475588e-02
1.6022570742240807e+00 -6.8903906828595915e-02
1.6038734451902981e+00 -6.9009925753042572e-02
1.6054898161565154e+00 -6.9115571419484184e-02
1.6071061871227328e+00 -6.9220844631071532e-02
1.6087225580889501e+00 -6.9325746189439721e-02
1.6103389290551677e+00 -6.9430276894711179e-02
1.6119553000213851e+00 -6.9534437545498415e-02
1.6135716709876025e+00 -6.9638228938906546e-02
1.6151880419538198e+00 -6.9741651870536159e-02
1.6168044129200372e+00 -6.9844707134485887e-02
1.6184207838862545e+00 -6.9947395523355119e-02
1.6200371548524719e+00 -7.0049717828246705e-02
1.6216535258186893e+00 -7.0151674838769759e-02
1.6232698967849066e+00 -7.0253267343042089e-02
1.6248862677511240e+00 -7.0354496127693025e-02
1.6265026387173414e+00 -7.0455361977866185e-02
1.6281190096835587e+00 -7.0555865677221830e-02
1.6297353806497761e+00 -7.0656008007939822e-02
1.6313517516159937e+00 -7.0755789750722151e-02
1.6329681225822110e+00 -7.0855211684795569e-02
1.6345844935484284e+00 -7.0954274587914257e-02
1.6362008645146457e+00 -7.1052979236362501e-02
1.6378172354808631e+00 -7.1151326404957277e-02
1.6394336064470805e+00 -7.1249316867050896e-02
1.6410499774132978e+00 -7.1346951394533578e-02
1.6426663483795152e+00 -7.1444230757836291e-02
1.6442827193457326e+00 -7.1541155725932989e-02
1.6458990903119499e+00 -7.1637727066343540e-02
1.6475154612781673e+00 -7.1733945545136318e-02
1.6491318322443846e+00 -7.1829811926930581e-02
1.6507482032106020e+00 -7.1925326974899256e-02
1.6523645741768196e+00 -7.2020491450771496e-02
1.6539809451430370e+00 -7.2115306114835243e-02
1.6555973161092543e+00 -7.2209771725939800e-02
1.6572136870754717e+00 -7.2303889041498523e-02
1.6588300580416890e+00 -7.2397658817491217e-02
1.6604464290079064e+00 -7.2491081808466834e-02
1.6620627999741238e+00 -7.2584158767546092e-02
1.6636791709403411e+00 -7.2676890446423781e-02
1.6652955419065585e+00 -7.2769277595371606e-02
1.6669119128727758e+00 -7.2861320963240606e-02
1.6685282838389932e+00 -7.2953021297463769e-02
1.6701446548052106e+00 -7.3044379344058413e-02
1.6717610257714279e+00 -7.3135395847628890e-02
1.6733773967376455e+00 -7.3226071551369162e-02
1.6749937677038629e+00 -7.3316407197065142e-02
1.6766101386700802e+00 -7.3406403525097322e-02
1.6782265096362976e+00 -7.3496061274443317e-02
1.6798428806025150e+00 -7.3585381182680390e-02
1.6814592515687323e+00 -7.3674363985987965e-02
1.6830756225349497e+00 -7.3763010419149941e-02
1.6846919935011671e+00 -7.3851321215557500e-02
1.6863083644673844e+00 -7.3939297107211463e-02
1.6879247354336018e+00 -7.4026938824724747e-02
1.6895411063998191e+00 -7.4114247097324934e-02
1.6911574773660365e+00 -7.4201222652856683e-02
1.6927738483322539e+00 -7.4287866217784243e-02
1.6943902192984714e+00 -7.4374178517194037e-02
1.6960065902646888e+00 -7.4460160274796919e-02
1.6976229612309062e+00 -7.4545812212930843e-02
1.6992393321971235e+00 -7.4631135052563247e-02
1.7008557031633409e+00 -7.4716129513293428e-02
1.7024720741295583e+00 -7.4800796313355206e-02
1.7040884450957756e+00 -7.4885136169619185e-02
1.7057048160619930e+00 -7.4969149797595266e-02
1.7073211870282103e+00 -7.5052837911435161e-02
1.7089375579944277e+00 -7.5136201223934704e-02
1.7105539289606451e+00 -7.5219240446536356e-02
1.7121702999268624e+00 -7.5301956289331715e-02
1.7137866708930800e+00 -7.5384349461063704e-02
1.7154030418592974e+00 -7.5466420669129244e-02
1.7170194128255147e+00 -7.5548170619581648e-02
1.7186357837917321e+00 -7.5629600017132786e-02
1.7202521547579495e+00 -7.5710709565155784e-02
1.7218685257241668e+00 -7.5791499965687306e-02
1.7234848966903842e+00 -7.5871971919429945e-02
1.7251012676566015e+00 -7.5952126125754638e-02
1.7267176386228189e+00 -7.6031963282703063e-02
1.7283340095890363e+00 -7.6111484086990061e-02
1.7299503805552536e+00 -7.6190689234005946e-02
1.7315667515214710e+00 -7.6269579417818895e-02
1.7331831224876884e+00 -7.6348155331177378e-02
1.7347994934539059e+00 -7.6426417665512586e-02
1.7364158644201233e+00 -7.6504367110940594e-02
1.7380322353863407e+00 -7.6582004356264888e-02
1.7396486063525580e+00 -7.6659330088978697e-02
1.7412649773187754e+00 -7.6736344995267380e-02
1.7428813482849927e+00 -7.6813049760010590e-02
1.7444977192512101e+00 -7.6889445066784939e-02
1.7461140902174275e+00 -7.6965531597866052e-02
1.7477304611836448e+00 -7.7041310034231023e-02
1.7493468321498622e+00 -7.7116781055560815e-02
1.7509632031160796e+00 -7.7191945340242402e-02
1.7525795740822969e+00 -7.7266803565371384e-02
1.7541959450485143e+00 -7.7341356406753992e-02
1.7558123160147319e+00 -7.7415604538909610e-02
1.7574286869809492e+00 -7.7489548635073000e-02
1.7590450579471666e+00 -7.7563189367196736e-02
1.7606614289133840e+00 -7.7636527405953323e-02
1.7622777998796013e+00 -7.7709563420737607e-02
1.7638941708458187e+00 -7.7782298079669132e-02
1.7655105418120360e+00 -7.7854732049594283e-02
1.7671269127782534e+00 -7.7926865996088723e-02
1.7687432837444708e+00 -7.7998700583459563e-02
1.7703596547106881e+00 -7.8070236474747701e-02
1.7719760256769055e+00 -7.8141474331730160e-02
1.7735923966431228e+00 -7.8212414814922179e-02
1.7752087676093402e+00 -7.8283058583579687e-02
1.7768251385755578e+00 -7.8353406295701464e-02
1.7784415095417752e+00 -7.8423458608031377e-02
1.7800578805079925e+00 -7.8493216176060726e-02
1.7816742514742099e+00 -7.8562679654030493e-02
1.7832906224404272e+00 -7.8631849694933434e-02
1.7849069934066446e+00 -7.8700726950516553e-02
1.7865233643728620e+00 -7.8769312071283182e-02
1.7881397353390793e+00 -7.8837605706495298e-02
1.7897561063052967e+00 -7.8905608504175717e-02
1.7913724772715141e+00 -7.8973321111110342e-02
1.7929888482377314e+00 -7.9040744172850383e-02
1.7946052192039488e+00 -7.9107878333714590e-02
1.7962215901701664e+00 -7.9174724236791477e-02
1.7978379611363837e+00 -7.9241282523941511e-02
1.7994543321026011e+00 -7.9307553835799349e-02
1.8010707030688184e+00 -7.9373538811776001e-02
1.8026870740350358e+00 -7.9439238090061107e-02
1.8043034450012532e+00 -7.9504652307625073e-02
1.8059198159674705e+00 -7.9569782100221309e-02
1.8075361869336879e+00 -7.9634628102388416e-02
1.8091525578999053e+00 -7.9699190947452273e-02
1.8107689288661226e+00 -7.9763471267528419e-02
1.8123852998323400e+00 -7.9827469693524028e-02
1.8140016707985573e+00 -7.9891186855140281e-02
1.8156180417647747e+00 -7.9954623380874279e-02
1.8172344127309923e+00 -8.0017779898021585e-02
1.8188507836972096e+00 -8.0080657032677943e-02
1.8204671546634270e+00 -8.0143255409741820e-02
1.8220835256296444e+00 -8.0205575652916403e-02
1.8236998965958617e+00 -8.0267618384711706e-02
1.8253162675620791e+00 -8.0329384226446796e-02
1.8269326385282965e+00 -8.0390873798251938e-02
1.8285490094945138e+00 -8.0452087719070656e-02
1.8301653804607312e+00 -8.0513026606662055e-02
1.8317817514269485e+00 -8.0573691077602733e-02
1.8333981223931659e+00 -8.0634081747289005e-02
1.8350144933593833e+00 -8.0694199229939118e-02
1.8366308643256006e+00 -8.0754044138595243e-02
1.8382472352918182e+00 -8.0813617085125647e-02
1.8398636062580356e+00 -8.0872918680226835e-02
1.8414799772242529e+00 -8.0931949533425598e-02
1.8430963481904703e+00 -8.0990710253081188e-02
1.8447127191566877e+00 -8.1049201446387401e-02
1.8463290901229050e+00 -8.1107423719374655e-02
1.8479454610891224e+00 -8.1165377676912134e-02
1.8495618320553397e+00 -8.1223063922709782e-02
1.8511782030215571e+00 -8.1280483059320535e-02
1.8527945739877745e+00 -8.1337635688142298e-02
1.8544109449539918e+00 -8.1394522409420134e-02
1.8560273159202092e+00 -8.1451143822248190e-02
1.8576436868864266e+00 -8.1507500524571855e-02
1.8592600578526441e+00 -8.1563593113189947e-02
1.8608764288188615e+00 -8.1619422183756535e-02
1.8624927997850789e+00 -8.1674988330783224e-02
1.8641091707512962e+00 -8.1730292147641131e-02
1.8657255417175136e+00 -8.1785334226562839e-02
1.8673419126837310e+00 -8.1840115158644727e-02
1.8689582836499483e+00 -8.1894635533848681e-02
1.8705746546161657e+00 -8.1948895941004379e-02
1.8721910255823830e+00 -8.2002896967811309e-02
1.8738073965486004e+00 -8.2056639200840664e-02
1.8754237675148178e+00 -8.2110123225537540e-02
1.8770401384810351e+00 -8.2163349626222862e-02
1.8786565094472525e+00 -8.2216318986095535e-02
1.8802728804134701e+00 -8.2269031887234265e-02
1.8818892513796874e+00 -8.2321488910599788e-02
1.8835056223459048e+00 -8.2373690636036806e-02
1.8851219933121222e+00 -8.2425637642275951e-02
1.8867383642783395e+00 -8.2477330506935870e-02
1.8883547352445569e+00 -8.2528769806525223e-02
1.8899711062107742e+00 -8.2579956116444628e-02
1.8915874771769916e+00 -8.2630890010988736e-02
1.8932038481432090e+00 -8.2681572063348210e-02
1.8948202191094263e+00 -8.2732002845611677e-02
1.8964365900756437e+00 -8.2782182928767753e-02
1.8980529610418611e+00 -8.2832112882706962e-02
1.8996693320080784e+00 -8.2881793276223928e-02
1.9012857029742960e+00 -8.2931224677019064e-02
1.9029020739405134e+00 -8.2980407651700741e-02
1.9045184449067307e+00 -8.3029342765787217e-02
1.9061348158729481e+00 -8.3078030583708551e-02
1.9077511868391654e+00 -8.3126471668808669e-02
1.9093675578053828e+00 -8.3174666583347240e-02
1.9109839287716002e+00 -8.3222615888501703e-02
1.9126002997378175e+00 -8.3270320144369109e-02
1.9142166707040349e+00 -8.3317779909968234e-02
1.9158330416702523e+00 -8.3364995743241410e-02
1.9174494126364696e+00 -8.3411968201056522e-02
1.9190657836026870e+00 -8.3458697839208840e-02
1.9206821545689046e+00 -8.3505185212423158e-02
1.9222985255351219e+00 -8.3551430874355570e-02
1.9239148965013393e+00 -8.3597435377595439e-02
1.9255312674675567e+00 -8.3643199273667354e-02
1.9271476384337740e+00 -8.3688723113033034e-02
1.9287640093999914e+00 -8.3734007445093253e-02
1.9303803803662087e+00 -8.3779052818189745e-02
1.9319967513324261e+00 -8.3823859779607116e-02
1.9336131222986435e+00 -8.3868428875574802e-02
1.9352294932648608e+00 -8.3912760651268903e-02
1.9368458642310782e+00 -8.3956855650814177e-02
1.9384622351972955e+00 -8.4000714417285849e-02
1.9400786061635129e+00 -8.4044337492711535e-02
1.9416949771297305e+00 -8.4087725418073231e-02
1.9433113480959479e+00 -8.4130878733309017e-02
1.9449277190621652e+00 -8.4173797977315126e-02
1.9465440900283826e+00 -8.4216483687947735e-02
1.9481604609945999e+00 -8.4258936402024864e-02
1.9497768319608173e+00 -8.4301156655328252e-02
1.9513932029270347e+00 -8.4343144982605256e-02
1.9530095738932520e+00 -8.4384901917570657e-02
1.9546259448594694e+00 -8.4426427992908601e-02
1.9562423158256868e+00 -8.4467723740274420e-02
1.9578586867919041e+00 -8.4508789690296515e-02
1.9594750577581215e+00 -8.4549626372578221e-02
1.9610914287243388e+00 -8.4590234315699619e-02
1.9627077996905564e+00 -8.4630614047219457e-02
1.9643241706567738e+00 -8.4670766093676866e-02
1.9659405416229911e+00 -8.4710690980593403e-02
1.9675569125892085e+00 -8.4750389232474729e-02
1.9691732835554259e+00 -8.4789861372812483e-02
1.9707896545216432e+00 -8.4829107924086197e-02
1.9724060254878606e+00 -8.4868129407765003e-02
1.9740223964540780e+00 -8.4906926344309616e-02
1.9756387674202953e+00 -8.4945499253173962e-02
1.9772551383865127e+00 -8.4983848652807170e-02
1.9788715093527300e+00 -8.5021975060655369e-02
1.9804878803189474e+00 -8.5059878993163363e-02
1.9821042512851648e+00 -8.5097560965776600e-02
1.9837206222513823e+00 -8.5135021492942983e-02
1.9853369932175997e+00 -8.5172261088114515e-02
1.9869533641838171e+00 -8.5209280263749299e-02
1.9885697351500344e+00 -8.5246079531313190e-02
1.9901861061162518e+00 -8.5282659401281644e-02
1.9918024770824692e+00 -8.5319020383141583e-02
1.9934188480486865e+00 -8.5355162985393043e-02
1.9950352190149039e+00 -8.5391087715551095e-02
1.9966515899811212e+00 -8.5426795080147527e-02
1.9982679609473386e+00 -8.5462285584732706e-02
1.9998843319135560e+00 -8.5497559733877307e-02
2.0015007028797731e+00 -8.5532618031174054e-02
2.0031170738459911e+00 -8.5567460979239673e-02
2.0047334448122083e+00 -8.5602089079716365e-02
2.0063498157784254e+00 -8.5636502833273787e-02
2.0079661867446430e+00 -8.5670702739610832e-02
2.0095825577108606e+00 -8.5704689297457254e-02
2.0111989286770777e+00 -8.5738463004575452e-02
2.0128152996432949e+00 -8.5772024357762350e-02
2.0144316706095124e+00 -8.5805373852851002e-02
2.0160480415757300e+00 -8.5838511984712373e-02
2.0176644125419472e+00 -8.5871439247257098e-02
2.0192807835081643e+00 -8.5904156133437312e-02
2.0208971544743819e+00 -8.5936663135248184e-02
2.0225135254405995e+00 -8.5968960743729894e-02
2.0241298964068166e+00 -8.6001049448969108e-02
2.0257462673730342e+00 -8.6032929740100947e-02
2.0273626383392518e+00 -8.6064602105310570e-02
2.0289790093054689e+00 -8.6096067031834880e-02
2.0305953802716861e+00 -8.6127325005964386e-02
2.0322117512379037e+00 -8.6158376513044754e-02
2.0338281222041212e+00 -8.6189222037478627e-02
2.0354444931703384e+00 -8.6219862062727290e-02
2.0370608641365555e+00 -8.6250297071312459e-02
2.0386772351027731e+00 -8.6280527544817770e-02
2.0402936060689907e+00 -8.6310553963890785e-02
2.0419099770352078e+00 -8.6340376808244412e-02
2.0435263480014250e+00 -8.6369996556658793e-02
2.0451427189676430e+00 -8.6399413686982909e-02
2.0467590899338601e+00 -8.6428628676136265e-02
2.0483754609000773e+00 -8.6457642000110621e-02
2.0499918318662949e+00 -8.6486454133971644e-02
2.0516082028325124e+00 -8.6515065551860587e-02
2.0532245737987296e+00 -8.6543476726995958e-02
2.0548409447649467e+00 -8.6571688131675262e-02
2.0564573157311643e+00 -8.6599700237276617e-02
2.0580736866973819e+00 -8.6627513514260346e-02
2.0596900576635990e+00 -8.6655128432170825e-02
2.0613064286298162e+00 -8.6682545459637980e-02
2.0629227995960338e+00 -8.6709765064379080e-02
2.0645391705622513e+00 -8.6736787713200272e-02
2.0661555415284685e+00 -8.6763613871998255e-02
2.0677719124946861e+00 -8.6790244005762102e-02
2.0693882834609036e+00 -8.6816678578574641e-02
2.0710046544271208e+00 -8.6842918053614243e-02
2.0726210253933379e+00 -8.6868962893156529e-02
2.0742373963595555e+00 -8.6894813558575909e-02
2.0758537673257731e+00 -8.6920470510347209e-02
2.0774701382919902e+00 -8.6945934208047360e-02
2.0790865092582074e+00 -8.6971205110356969e-02
2.0807028802244250e+00 -8.6996283675062083e-02
2.0823192511906425e+00 -8.7021170359055655e-02
2.0839356221568597e+00 -8.7045865618339185e-02
2.0855519931230768e+00 -8.7070369908024497e-02
2.0871683640892948e+00 -8.7094683682335125e-02
2.0887847350555120e+00 -8.7118807394608144e-02
2.0904011060217291e+00 -8.7142741497295576e-02
2.0920174769879467e+00 -8.7166486441966215e-02
2.0936338479541643e+00 -8.7190042679307050e-02
2.0952502189203814e+00 -8.7213410659124968e-02
2.0968665898865986e+00 -8.7236590830348293e-02
2.0984829608528162e+00 -8.7259583641028454e-02
2.1000993318190337e+00 -8.7282389538341484e-02
2.1017157027852509e+00 -8.7305008968589726e-02
2.1033320737514680e+00 -8.7327442377203343e-02
2.1049484447176856e+00 -8.7349690208741865e-02
2.1065648156839032e+00 -8.7371752906895930e-02
2.1081811866501203e+00 -8.7393630914488679e-02
2.1097975576163379e+00 -8.7415324673477471e-02
2.1114139285825555e+00 -8.7436834624955342e-02
2.1130302995487726e+00 -8.7458161209152688e-02
2.1146466705149898e+00 -8.7479304865438770e-02
2.1162630414812074e+00 -8.7500266032323290e-02
2.1178794124474249e+00 -8.7521045147458010e-02
2.1194957834136421e+00 -8.7541642647638154e-02
2.1211121543798592e+00 -8.7562058968804174e-02
2.1227285253460768e+00 -8.7582294546043118e-02
2.1243448963122944e+00 -8.7602349813590358e-02
2.1259612672785115e+00 -8.7622225204830956e-02
2.1275776382447291e+00 -8.7641921152301405e-02
2.1291940092109467e+00 -8.7661438087690974e-02
2.1308103801771638e+00 -8.7680776441843425e-02
2.1324267511433810e+00 -8.7699936644758447e-02
2.1340431221095986e+00 -8.7718919125593223e-02
2.1356594930758162e+00 -8.7737724312663939e-02
2.1372758640420333e+00 -8.7756352633447346e-02
2.1388922350082504e+00 -8.7774804514582333e-02
2.1405086059744680e+00 -8.7793080381871308e-02
2.1421249769406856e+00 -8.7811180660281887e-02
2.1437413479069027e+00 -8.7829105773948257e-02
2.1453577188731199e+00 -8.7846856146172866e-02
2.1469740898393375e+00 -8.7864432199427786e-02
2.1485904608055550e+00 -8.7881834355356306e-02
2.1502068317717722e+00 -8.7899063034774377e-02
2.1518232027379898e+00 -8.7916118657672224e-02
2.1534395737042074e+00 -8.7933001643215727e-02
2.1550559446704245e+00 -8.7949712409748040e-02
2.1566723156366416e+00 -8.7966251374790999e-02
2.1582886866028592e+00 -8.7982618955046624e-02
2.1599050575690768e+00 -8.7998815566398658e-02
2.1615214285352939e+00 -8.8014841623914070e-02
2.1631377995015111e+00 -8.8030697541844491e-02
2.1647541704677287e+00 -8.8046383733627706e-02
2.1663705414339463e+00 -8.8061900611889135e-02
2.1679869124001634e+00 -8.8077248588443360e-02
2.1696032833663810e+00 -8.8092428074295584e-02
2.1712196543325986e+00 -8.8107439479643057e-02
2.1728360252988157e+00 -8.8122283213876579e-02
2.1744523962650328e+00 -8.8136959685582023e-02
2.1760687672312504e+00 -8.8151469302541710e-02
2.1776851381974680e+00 -8.8165812471735924e-02
2.1793015091636851e+00 -8.8179989599344352e-02
2.1809178801299023e+00 -8.8194001090747612e-02
2.1825342510961199e+00 -8.8207847350528654e-02
2.1841506220623375e+00 -8.8221528782474162e-02
2.1857669930285546e+00 -8.8235045789576055e-02
2.1873833639947717e+00 -8.8248398774032996e-02
2.1889997349609893e+00 -8.8261588137251767e-02
2.1906161059272069e+00 -8.8274614279848743e-02
2.1922324768934240e+00 -8.8287477601651287e-02
2.1938488478596416e+00 -8.8300178501699245e-02
2.1954652188258592e+00 -8.8312717378246322e-02
2.1970815897920764e+00 -8.8325094628761647e-02
2.1986979607582935e+00 -8.8337310649931000e-02
2.2003143317245111e+00 -8.8349365837658442e-02
2.2019307026907287e+00 -8.8361260587067572e-02
2.2035470736569458e+00 -8.8372995292503129e-02
2.2051634446231629e+00 -8.8384570347532179e-02
2.2067798155893805e+00 -8.8395986144945801e-02
2.2083961865555981e+00 -8.8407243076760331e-02
2.2100125575218152e+00 -8.8418341534218764e-02
2.2116289284880328e+00 -8.8429281907792270e-02
2.2132452994542504e+00 -8.8440064587181552e-02
2.2148616704204676e+00 -8.8450689961318205e-02
2.2164780413866847e+00 -8.8461158418366215e-02
2.2180944123529023e+00 -8.8471470345723308e-02
2.2197107833191199e+00 -8.8481626130022306e-02
2.2213271542853370e+00 -8.8491626157132602e-02
2.2229435252515541e+00 -8.8501470812161545e-02
2.2245598962177717e+00 -8.8511160479455744e-02
2.2261762671839893e+00 -8.8520695542602570e-02
2.2277926381502065e+00 -8.8530076384431500e-02
2.2294090091164236e+00 -8.8539303387015433e-02
2.2310253800826416e+00 -8.8548376931672196e-02
2.2326417510488588e+00 -8.8557297398965826e-02
2.2342581220150759e+00 -8.8566065168707991e-02
2.2358744929812935e+00 -8.8574680619959364e-02
2.2374908639475111e+00 -8.8583144131030980e-02
2.2391072349137282e+00 -8.8591456079485556e-02
2.2407236058799453e+00 -8.8599616842139003e-02
2.2423399768461629e+00 -8.8607626795061650e-02
2.2439563478123805e+00 -8.8615486313579669e-02
2.2455727187785977e+00 -8.8623195772276397e-02
2.2471890897448148e+00 -8.8630755544993764e-02
2.2488054607110324e+00 -8.8638166004833568e-02
2.2504218316772500e+00 -8.8645427524158826e-02
2.2520382026434671e+00 -8.8652540474595282e-02
2.2536545736096847e+00 -8.8659505227032517e-02
2.2552709445759023e+00 -8.8666322151625440e-02
2.2568873155421194e+00 -8.8672991617795641e-02
2.2585036865083365e+00 -8.8679513994232642e-02
2.2601200574745541e+00 -8.8685889648895316e-02
2.2617364284407717e+00 -8.8692118949013174e-02
2.2633527994069889e+00 -8.8698202261087766e-02
2.2649691703732060e+00 -8.8704139950893907e-02
2.2665855413394236e+00 -8.8709932383481058e-02
2.2682019123056412e+00 -8.8715579923174734e-02
2.2698182832718583e+00 -8.8721082933577680e-02
2.2714346542380754e+00 -8.8726441777571260e-02
2.2730510252042935e+00 -8.8731656817316817e-02
2.2746673961705106e+00 -8.8736728414256991e-02
2.2762837671367278e+00 -8.8741656929116897e-02
2.2779001381029453e+00 -8.8746442721905627e-02
2.2795165090691629e+00 -8.8751086151917430e-02
2.2811328800353801e+00 -8.8755587577733053e-02
2.2827492510015972e+00 -8.8759947357221106e-02
2.2843656219678148e+00 -8.8764165847539253e-02
2.2859819929340324e+00 -8.8768243405135630e-02
2.2875983639002495e+00 -8.8772180385750007e-02
2.2892147348664666e+00 -8.8775977144415263e-02
2.2908311058326842e+00 -8.8779634035458535e-02
2.2924474767989018e+00 -8.8783151412502523e-02
2.2940638477651190e+00 -8.8786529628466906e-02
2.2956802187313365e+00 -8.8789769035569469e-02
2.2972965896975541e+00 -8.8792869985327455e-02
2.2989129606637713e+00 -8.8795832828558866e-02
2.3005293316299884e+00 -8.8798657915383786e-02
2.3021457025962060e+00 -8.8801345595225428e-02
2.3037620735624236e+00 -8.8803896216811812e-02
2.3053784445286407e+00 -8.8806310128176635e-02
2.3069948154948579e+00 -8.8808587676660791e-02
2.3086111864610754e+00 -8.8810729208913530e-02
2.3102275574272930e+00 -8.8812735070893795e-02
2.3118439283935102e+00 -8.8814605607871439e-02
2.3134602993597273e+00 -8.8816341164428478e-02
2.3150766703259453e+00 -8.8817942084460422e-02
2.3166930412921625e+00 -8.8819408711177453e-02
2.3183094122583796e+00 -8.8820741387105717e-02
2.3199257832245972e+00 -8.8821940454088560e-02
2.3215421541908148e+00 -8.8823006253287817e-02
2.3231585251570319e+00 -8.8823939125185020e-02
2.3247748961232491e+00 -8.8824739409582687e-02
2.3263912670894666e+00 -8.8825407445605534e-02
2.3280076380556842e+00 -8.8825943571701663e-02
2.3296240090219014e+00 -8.8826348125643967e-02
2.3312403799881185e+00 -8.8826621444531184e-02
2.3328567509543361e+00 -8.8826763864789285e-02
2.3344731219205537e+00 -8.8826775722172568e-02
2.3360894928867708e+00 -8.8826657351764995e-02
2.3377058638529884e+00 -8.8826409087981395e-02
2.3393222348192060e+00 -8.8826031264568645e-02
2.3409386057854231e+00 -8.8825524214606988e-02
2.3425549767516403e+00 -8.8824888270511132e-02
2.3441713477178578e+00 -8.8824123764031607e-02
2.3457877186840754e+00 -8.8823231026255861e-02
2.3474040896502926e+00 -8.8822210387609554e-02
2.3490204606165097e+00 -8.8821062177857735e-02
2.3506368315827273e+00 -8.8819786726106117e-02
2.3522532025489449e+00 -8.8818384360802166e-02
2.3538695735151620e+00 -8.8816855409736425e-02
2.3554859444813796e+00 -8.8815200200043659e-02
2.3571023154475972e+00 -8.8813419058204085e-02
2.3587186864138143e+00 -8.8811512310044582e-02
2.3603350573800315e+00 -8.8809480280739803e-02
2.3619514283462490e+00 -8.8807323294813542e-02
2.3635677993124666e+00 -8.8805041676139743e-02
2.3651841702786838e+00 -8.8802635747943809e-02
2.3668005412449009e+00 -8.8800105832803775e-02
2.3684169122111185e+00 -8.8797452252651468e-02
2.3700332831773361e+00 -8.8794675328773706e-02
2.3716496541435532e+00 -8.8791775381813515e-02
2.3732660251097704e+00 -8.8788752731771253e-02
2.3748823960759879e+00 -8.8785607698005795e-02
2.3764987670422055e+00 -8.8782340599235787e-02
2.3781151380084227e+00 -8.8778951753540766e-02
2.3797315089746403e+00 -8.8775441478362319e-02
2.3813478799408578e+00 -8.8771810090505263e-02
2.3829642509070750e+00 -8.8768057906138870e-02
2.3845806218732921e+00 -8.8764185240797946e-02
2.3861969928395097e+00 -8.8760192409384084e-02
2.3878133638057273e+00 -8.8756079726166739e-02
2.3894297347719444e+00 -8.8751847504784515e-02
2.3910461057381616e+00 -8.8747496058246153e-02
2.3926624767043791e+00 -8.8743025698931832e-02
2.3942788476705967e+00 -8.8738436738594301e-02
2.3958952186368139e+00 -8.8733729488359933e-02
2.3975115896030315e+00 -8.8728904258730021e-02
2.3991279605692490e+00 -8.8723961359581799e-02
2.4007443315354662e+00 -8.8718901100169723e-02
2.4023607025016833e+00 -8.8713723789126453e-02
2.4039770734679005e+00 -8.8708429734464134e-02
2.4055934444341185e+00 -8.8703019243575459e-02
2.4072098154003356e+00 -8.8697492623234897e-02
2.4088261863665528e+00 -8.8691850179599671e-02
2.4104425573327708e+00 -8.8686092218211054e-02
2.4120589282989879e+00 -8.8680219043995465e-02
2.4136752992652051e+00 -8.8674230961265518e-02
2.4152916702314222e+00 -8.8668128273721197e-02
2.4169080411976402e+00 -8.8661911284451084e-02
2.4185244121638574e+00 -8.8655580295933303e-02
2.4201407831300745e+00 -8.8649135610036761e-02
2.4217571540962917e+00 -8.8642577528022251e-02
2.4233735250625097e+00 -8.8635906350543581e-02
2.4249898960287268e+00 -8.8629122377648639e-02
2.4266062669949440e+00 -8.8622225908780564e-02
2.4282226379611620e+00 -8.8615217242778807e-02
2.4298390089273791e+00 -8.8608096677880333e-02
2.4314553798935963e+00 -8.8600864511720612e-02
2.4330717508598134e+00 -8.8593521041334805e-02
2.4346881218260314e+00 -8.8586066563158844e-02
2.4363044927922486e+00 -8.8578501373030555e-02
2.4379208637584657e+00 -8.8570825766190756e-02
2.4395372347246829e+00 -8.8563040037284296e-02
2.4411536056909009e+00 -8.8555144480361239e-02
2.4427699766571180e+00 -8.8547139388877941e-02
2.4443863476233352e+00 -8.8539025055698078e-02
2.4460027185895523e+00 -8.8530801773093817e-02
2.4476190895557703e+00 -8.8522469832746878e-02
2.4492354605219875e+00 -8.8514029525749563e-02
2.4508518314882046e+00 -8.8505481142605993e-02
2.4524682024544227e+00 -8.8496824973233024e-02
2.4540845734206398e+00 -8.8488061306961407e-02
2.4557009443868569e+00 -8.8479190432536908e-02
2.4573173153530741e+00 -8.8470212638121298e-02
2.4589336863192921e+00 -8.8461128211293441e-02
2.4605500572855092e+00 -8.8451937439050513e-02
2.4621664282517264e+00 -8.8442640607808848e-02
2.4637827992179435e+00 -8.8433238003405176e-02
2.4653991701841615e+00 -8.8423729911097620e-02
2.4670155411503787e+00 -8.8414116615566821e-02
2.4686319121165958e+00 -8.8404398400916878e-02
2.4702482830828139e+00 -8.8394575550676577e-02
2.4718646540490310e+00 -8.8384648347800354e-02
2.4734810250152481e+00 -8.8374617074669329e-02
2.4750973959814653e+00 -8.8364482013092452e-02
2.4767137669476833e+00 -8.8354243444307493e-02
2.4783301379139004e+00 -8.8343901648982121e-02
2.4799465088801176e+00 -8.8333456907214947e-02
2.4815628798463347e+00 -8.8322909498536578e-02
2.4831792508125528e+00 -8.8312259701910659e-02
2.4847956217787699e+00 -8.8301507795734924e-02
2.4864119927449870e+00 -8.8290654057842269e-02
2.4880283637112042e+00 -8.8279698765501707e-02
2.4896447346774222e+00 -8.8268642195419536e-02
2.4912611056436393e+00 -8.8257484623740265e-02
2.4928774766098565e+00 -8.8246226326047700e-02
2.4944938475760745e+00 -8.8234867577365983e-02
2.4961102185422916e+00 -8.8223408652160648e-02
2.4977265895085088e+00 -8.8211849824339564e-02
2.4993429604747259e+00 -8.8200191367254030e-02
2.5009593314409440e+00 -8.8188433553699846e-02
2.5025757024071611e+00 -8.8176576655918271e-02
2.5041920733733782e+00 -8.8164620945597016e-02
2.5058084443395954e+00 -8.8152566693871393e-02
2.5074248153058134e+00 -8.8140414171325163e-02
2.5090411862720305e+00 -8.8128163647991725e-02
2.5106575572382477e+00 -8.8115815393355043e-02
2.5122739282044657e+00 -8.8103369676350643e-02
2.5138902991706829e+00 -8.8090826765366698e-02
2.5155066701369000e+00 -8.8078186928244970e-02
2.5171230411031171e+00 -8.8065450432281894e-02
2.5187394120693352e+00 -8.8052617544229481e-02
2.5203557830355523e+00 -8.8039688530296450e-02
2.5219721540017694e+00 -8.8026663656149085e-02
2.5235885249679866e+00 -8.8013543186912388e-02
2.5252048959342046e+00 -8.8000327387170993e-02
2.5268212669004217e+00 -8.7987016520970213e-02
2.5284376378666389e+00 -8.7973610851816944e-02
2.5300540088328560e+00 -8.7960110642680750e-02
2.5316703797990741e+00 -8.7946516155994872e-02
2.5332867507652912e+00 -8.7932827653657120e-02
2.5349031217315083e+00 -8.7919045397030965e-02
2.5365194926977264e+00 -8.7905169646946460e-02
2.5381358636639435e+00 -8.7891200663701291e-02
2.5397522346301606e+00 -8.7877138707061667e-02
2.5413686055963778e+00 -8.7862984036263386e-02
2.5429849765625958e+00 -8.7848736910012798e-02
2.5446013475288130e+00 -8.7834397586487756e-02
2.5462177184950301e+00 -8.7819966323338647e-02
2.5478340894612472e+00 -8.7805443377689307e-02
2.5494504604274653e+00 -8.7790829006138008e-02
2.5510668313936824e+00 -8.7776123464758493e-02
2.5526832023598995e+00 -8.7761327009100873e-02
2.5542995733261176e+00 -8.7746439894192604e-02
2.5559159442923347e+00 -8.7731462374539521e-02
2.5575323152585518e+00 -8.7716394704126718e-02
2.5591486862247690e+00 -8.7701237136419585e-02
2.5607650571909870e+00 -8.7685989924364702e-02
2.5623814281572042e+00 -8.7670653320390854e-02
2.5639977991234213e+00 -8.7655227576410005e-02
2.5656141700896384e+00 -8.7639712943818115e-02
2.5672305410558565e+00 -8.7624109673496320e-02
2.5688469120220736e+00 -8.7608418015811693e-02
2.5704632829882907e+00 -8.7592638220618316e-02
2.5720796539545079e+00 -8.7576770537258167e-02
2.5736960249207259e+00 -8.7560815214562035e-02
2.5753123958869431e+00 -8.7544772500850618e-02
2.5769287668531602e+00 -8.7528642643935339e-02
2.5785451378193782e+00 -8.7512425891119239e-02
2.5801615087855954e+00 -8.7496122489198108e-02
2.5817778797518125e+00 -8.7479732684461256e-02
2.5833942507180296e+00 -8.7463256722692562e-02
2.5850106216842477e+00 -8.7446694849171266e-02
2.5866269926504648e+00 -8.7430047308673126e-02
2.5882433636166819e+00 -8.7413314345471144e-02
2.5898597345828991e+00 -8.7396496203336629e-02
2.5914761055491171e+00 -8.7379593125540028e-02
2.5930924765153343e+00 -8.7362605354851935e-02
2.5947088474815514e+00 -8.7345533133544026e-02
2.5963252184477694e+00 -8.7328376703389859e-02
2.5979415894139866e+00 -8.7311136305665990e-02
2.5995579603802037e+00 -8.7293812181152702e-02
2.6011743313464208e+00 -8.7276404570135094e-02
2.6027907023126389e+00 -8.7258913712403838e-02
2.6044070732788560e+00 -8.7241339847256266e-02
2.6060234442450732e+00 -8.7223683213497147e-02
2.6076398152112903e+00 -8.7205944049439654e-02
2.6092561861775083e+00 -8.7188122592906273e-02
2.6108725571437255e+00 -8.7170219081229780e-02
2.6124889281099426e+00 -8.7152233751253999e-02
2.6141052990761606e+00 -8.7134166839334865e-02
2.6157216700423778e+00 -8.7116018581341215e-02
2.6173380410085949e+00 -8.7097789212655763e-02
2.6189544119748120e+00 -8.7079478968176000e-02
2.6205707829410301e+00 -8.7061088082315011e-02
2.6221871539072472e+00 -8.7042616789002505e-02
2.6238035248734644e+00 -8.7024065321685634e-02
2.6254198958396815e+00 -8.7005433913329849e-02
2.6270362668058995e+00 -8.6986722796419905e-02
2.6286526377721167e+00 -8.6967932202960688e-02
2.6302690087383338e+00 -8.6949062364478108e-02
2.6318853797045509e+00 -8.6930113512019971e-02
2.6335017506707690e+00 -8.6911085876156910e-02
2.6351181216369861e+00 -8.6891979686983298e-02
2.6367344926032033e+00 -8.6872795174118014e-02
2.6383508635694213e+00 -8.6853532566705430e-02
2.6399672345356384e+00 -8.6834192093416307e-02
2.6415836055018556e+00 -8.6814773982448565e-02
2.6431999764680727e+00 -8.6795278461528305e-02
2.6448163474342907e+00 -8.6775705757910521e-02
2.6464327184005079e+00 -8.6756056098380135e-02
2.6480490893667250e+00 -8.6736329709252824e-02
2.6496654603329421e+00 -8.6716526816375789e-02
2.6512818312991602e+00 -8.6696647645128744e-02
2.6528982022653773e+00 -8.6676692420424792e-02
2.6545145732315945e+00 -8.6656661366711199e-02
2.6561309441978125e+00 -8.6636554707970326e-02
2.6577473151640296e+00 -8.6616372667720515e-02
2.6593636861302468e+00 -8.6596115469016854e-02
2.6609800570964639e+00 -8.6575783334452164e-02
2.6625964280626819e+00 -8.6555376486157756e-02
2.6642127990288991e+00 -8.6534895145804341e-02
2.6658291699951162e+00 -8.6514339534602941e-02
2.6674455409613334e+00 -8.6493709873305569e-02
2.6690619119275514e+00 -8.6473006382206286e-02
2.6706782828937685e+00 -8.6452229281141907e-02
2.6722946538599857e+00 -8.6431378789492960e-02
2.6739110248262028e+00 -8.6410455126184477e-02
2.6755273957924208e+00 -8.6389458509686753e-02
2.6771437667586380e+00 -8.6368389158016479e-02
2.6787601377248551e+00 -8.6347247288737258e-02
2.6803765086910731e+00 -8.6326033118960560e-02
2.6819928796572903e+00 -8.6304746865346713e-02
2.6836092506235074e+00 -8.6283388744105571e-02
2.6852256215897246e+00 -8.6261958970997379e-02
2.6868419925559426e+00 -8.6240457761333641e-02
2.6884583635221597e+00 -8.6218885329977984e-02
2.6900747344883769e+00 -8.6197241891346948e-02
2.6916911054545940e+00 -8.6175527659410847e-02
2.6933074764208120e+00 -8.6153742847694531e-02
2.6949238473870292e+00 -8.6131887669278359e-02
2.6965402183532463e+00 -8.6109962336798837e-02
2.6981565893194643e+00 -8.6087967062449616e-02
2.6997729602856815e+00 -8.6065902057982244e-02
2.7013893312518986e+00 -8.6043767534707022e-02
2.7030057022181158e+00 -8.6021563703493703e-02
2.7046220731843338e+00 -8.5999290774772502e-02
2.7062384441505509e+00 -8.5976948958534805e-02
2.7078548151167681e+00 -8.5954538464333999e-02
2.7094711860829852e+00 -8.5932059501286295e-02
2.7110875570492032e+00 -8.5909512278071518e-02
2.7127039280154204e+00 -8.5886897002934059e-02
2.7143202989816375e+00 -8.5864213883683441e-02
2.7159366699478547e+00 -8.5841463127695347e-02
2.7175530409140727e+00 -8.5818644941912312e-02
2.7191694118802898e+00 -8.5795759532844601e-02
2.7207857828465070e+00 -8.5772807106570995e-02
2.7224021538127250e+00 -8.5749787868739505e-02
2.7240185247789421e+00 -8.5726702024568363e-02
2.7256348957451593e+00 -8.5703549778846658e-02
2.7272512667113764e+00 -8.5680331335935195e-02
2.7288676376775944e+00 -8.5657046899767303e-02
2.7304840086438116e+00 -8.5633696673849652e-02
2.7321003796100287e+00 -8.5610280861262988e-02
2.7337167505762459e+00 -8.5586799664662983e-02
2.7353331215424639e+00 -8.5563253286281019e-02
2.7369494925086810e+00 -8.5539641927925000e-02
2.7385658634748982e+00 -8.5515965790980003e-02
2.7401822344411162e+00 -8.5492225076409287e-02
2.7417986054073333e+00 -8.5468419984754990e-02
2.7434149763735505e+00 -8.5444550716138823e-02
2.7450313473397676e+00 -8.5420617470262972e-02
2.7466477183059856e+00 -8.5396620446410818e-02
2.7482640892722028e+00 -8.5372559843447812e-02
2.7498804602384199e+00 -8.5348435859822117e-02
2.7514968312046371e+00 -8.5324248693565502e-02
2.7531132021708551e+00 -8.5299998542294045e-02
2.7547295731370722e+00 -8.5275685603208987e-02
2.7563459441032894e+00 -8.5251310073097442e-02
2.7579623150695065e+00 -8.5226872148333202e-02
2.7595786860357245e+00 -8.5202372024877460e-02
2.7611950570019417e+00 -8.5177809898279708e-02
2.7628114279681588e+00 -8.5153185963678379e-02
2.7644277989343768e+00 -8.5128500415801583e-02
2.7660441699005940e+00 -8.5103753448968131e-02
2.7676605408668111e+00 -8.5078945257087979e-02
2.7692769118330283e+00 -8.5054076033663148e-02
2.7708932827992463e+00 -8.5029145971788511e-02
2.7725096537654634e+00 -8.5004155264152545e-02
2.7741260247316806e+00 -8.4979104103038008e-02
2.7757423956978977e+00 -8.4953992680322804e-02
2.7773587666641157e+00 -8.4928821187480616e-02
2.7789751376303329e+00 -8.4903589815581840e-02
2.7805915085965500e+00 -8.4878298755294179e-02
2.7822078795627680e+00 -8.4852948196883493e-02
2.7838242505289852e+00 -8.4827538330214461e-02
2.7854406214952023e+00 -8.4802069344751457e-02
2.7870569924614195e+00 -8.4776541429559191e-02
2.7886733634276375e+00 -8.4750954773303466e-02
2.7902897343938546e+00 -8.4725309564252060e-02
2.7919061053600718e+00 -8.4699605990275248e-02
2.7935224763262889e+00 -8.4673844238846760e-02
2.7951388472925069e+00 -8.4648024497044339e-02
2.7967552182587241e+00 -8.4622146951550709e-02
2.7983715892249412e+00 -8.4596211788654035e-02
2.7999879601911593e+00 -8.4570219194248911e-02
2.8016043311573764e+00 -8.4544169353836948e-02
2.8032207021235935e+00 -8.4518062452527562e-02
2.8048370730898107e+00 -8.4491898675038757e-02
2.8064534440560287e+00 -8.4465678205697697e-02
2.8080698150222458e+00 -8.4439401228441680e-02
2.8096861859884630e+00 -8.4413067926818644e-02
2.8113025569546801e+00 -8.4386678483988037e-02
2.8129189279208981e+00 -8.4360233082721489e-02
2.8145352988871153e+00 -8.4333731905403539e-02
2.8161516698533324e+00 -8.4307175134032408e-02
2.8177680408195496e+00 -8.4280562950220628e-02
2.8193844117857676e+00 -8.4253895535195883e-02
2.8210007827519847e+00 -8.4227173069801667e-02
2.8226171537182019e+00 -8.4200395734497988e-02
2.8242335246844199e+00 -8.4173563709362118e-02
2.8258498956506370e+00 -8.4146677174089343e-02
2.8274662666168542e+00 -8.4119736307993603e-02
2.8290826375830713e+00 -8.4092741290008238e-02
2.8306990085492894e+00 -8.4065692298686739e-02
2.8323153795155065e+00 -8.4038589512203429e-02
2.8339317504817236e+00 -8.4011433108354197e-02
2.8355481214479408e+00 -8.3984223264557151e-02
2.8371644924141588e+00 -8.3956960157853408e-02
2.8387808633803759e+00 -8.3929643964907749e-02
2.8403972343465931e+00 -8.3902274862009338e-02
2.8420136053128111e+00 -8.3874853025072416e-02
2.8436299762790282e+00 -8.3847378629637037e-02
2.8452463472452454e+00 -8.3819851850869778e-02
2.8468627182114625e+00 -8.3792272863564346e-02
2.8484790891776806e+00 -8.3764641842142398e-02
2.8500954601438977e+00 -8.3736958960654195e-02
2.8517118311101148e+00 -8.3709224392779294e-02
2.8533282020763320e+00 -8.3681438311827200e-02
2.8549445730425500e+00 -8.3653600890738158e-02
2.8565609440087671e+00 -8.3625712302083821e-02
2.8581773149749843e+00 -8.3597772718067842e-02
2.8597936859412014e+00 -8.3569782310526711e-02
2.8614100569074195e+00 -8.3541741250930321e-02
2.8630264278736366e+00 -8.3513649710382776e-02
2.8646427988398537e+00 -8.3485507859622970e-02
2.8662591698060718e+00 -8.3457315869025370e-02
2.8678755407722889e+00 -8.3429073908600604e-02
2.8694919117385060e+00 -8.3400782147996219e-02
2.8711082827047232e+00 -8.3372440756497329e-02
2.8727246536709412e+00 -8.3344049903027337e-02
2.8743410246371583e+00 -8.3315609756148559e-02
2.8759573956033755e+00 -8.3287120484062949e-02
2.8775737665695926e+00 -8.3258582254612759e-02
2.8791901375358107e+00 -8.3229995235281157e-02
2.8808065085020278e+00 -8.3201359593193094e-02
2.8824228794682449e+00 -8.3172675495115755e-02
2.8840392504344630e+00 -8.3143943107459317e-02
2.8856556214006801e+00 -8.3115162596277686e-02
2.8872719923668972e+00 -8.3086334127269082e-02
2.8888883633331144e+00 -8.3057457865776729e-02
2.8905047342993324e+00 -8.3028533976789526e-02
2.8921211052655496e+00 -8.2999562624942819e-02
2.8937374762317667e+00 -8.2970543974518834e-02
2.8953538471979838e+00 -8.2941478189447540e-02
2.8969702181642019e+00 -8.2912365433307295e-02
2.8985865891304190e+00 -8.2883205869325377e-02
2.9002029600966361e+00 -8.2853999660378846e-02
2.9018193310628533e+00 -8.2824746968994986e-02
2.9034357020290713e+00 -8.2795447957352095e-02
2.9050520729952884e+00 -8.2766102787280207e-02
2.9066684439615056e+00 -8.2736711620261555e-02
2.9082848149277236e+00 -8.2707274617431353e-02
2.9099011858939408e+00 -8.2677791939578499e-02
2.9115175568601579e+00 -8.2648263747146095e-02
2.9131339278263750e+00 -8.2618690200232173e-02
2.9147502987925931e+00 -8.2589071458590291e-02
2.9163666697588102e+00 -8.2559407681630392e-02
2.9179830407250273e+00 -8.2529699028419112e-02
2.9195994116912445e+00 -8.2499945657680679e-02
2.9212157826574625e+00 -8.2470147727797483e-02
2.9228321536236797e+00 -8.2440305396810729e-02
2.9244485245898968e+00 -8.2410418822421061e-02
2.9260648955561148e+00 -8.2380488161989202e-02
2.9276812665223320e+00 -8.2350513572536699e-02
2.9292976374885491e+00 -8.2320495210746358e-02
2.9309140084547662e+00 -8.2290433232963089e-02
2.9325303794209843e+00 -8.2260327795194432e-02
2.9341467503872014e+00 -8.2230179053111210e-02
2.9357631213534185e+00 -8.2199987162048183e-02
2.9373794923196357e+00 -8.2169752277004696e-02
2.9389958632858537e+00 -8.2139474552645253e-02
2.9406122342520709e+00 -8.2109154143300236e-02
2.9422286052182880e+00 -8.2078791202966447e-02
2.9438449761845051e+00 -8.2048385885307801e-02
2.9454613471507232e+00 -8.2017938343655936e-02
2.9470777181169403e+00 -8.1987448731010840e-02
2.9486940890831574e+00 -8.1956917200041488e-02
2.9503104600493755e+00 -8.1926343903086410e-02
2.9519268310155926e+00 -8.1895728992154429e-02
2.9535432019818098e+00 -8.1865072618925186e-02
2.9551595729480269e+00 -8.1834374934749793e-02
2.9567759439142449e+00 -8.1803636090651444e-02
2.9583923148804621e+00 -8.1772856237326108e-02
2.9600086858466792e+00 -8.1742035525143031e-02
2.9616250568128963e+00 -8.1711174104145426e-02
2.9632414277791144e+00 -8.1680272124051059e-02
2.9648577987453315e+00 -8.1649329734252901e-02
2.9664741697115486e+00 -8.1618347083819778e-02
2.9680905406777667e+00 -8.1587324321496804e-02
2.9697069116439838e+00 -8.1556261595706239e-02
2.9713232826102010e+00 -8.1525159054547894e-02
2.9729396535764181e+00 -8.1494016845799863e-02
2.9745560245426361e+00 -8.1462835116919111e-02
2.9761723955088533e+00 -8.1431614015042078e-02
2.9777887664750704e+00 -8.1400353686985213e-02
2.9794051374412875e+00 -8.1369054279245678e-02
2.9810215084075056e+00 -8.1337715938001917e-02
2.9826378793737227e+00 -8.1306338809114351e-02
2.9842542503399399e+00 -8.1274923038125682e-02
2.9858706213061570e+00 -8.1243468770261923e-02
2.9874869922723750e+00 -8.1211976150432574e-02
2.9891033632385922e+00 -8.1180445323231626e-02
2.9907197342048093e+00 -8.1148876432937833e-02
2.9923361051710273e+00 -8.1117269623515439e-02
2.9939524761372445e+00 -8.1085625038614870e-02
2.9955688471034616e+00 -8.1053942821573091e-02
2.9971852180696787e+00 -8.1022223115414432e-02
2.9988015890358968e+00 -8.0990466062851027e-02
3.0004179600021139e+00 -8.0958671806283550e-02
3.0020343309683311e+00 -8.0926840487801660e-02
3.0036507019345482e+00 -8.0894972249184641e-02
3.0052670729007662e+00 -8.0863067231902064e-02
3.0068834438669834e+00 -8.0831125577114277e-02
3.0084998148332005e+00 -8.0799147425672999e-02
3.0101161857994185e+00 -8.0767132918121959e-02
3.0117325567656357e+00 -8.0735082194697536e-02
3.0133489277318528e+00 -8.0702995395329116e-02
3.0149652986980700e+00 -8.0670872659639958e-02
3.0165816696642880e+00 -8.0638714126947508e-02
3.0181980406305051e+00 -8.0606519936264234e-02
3.0198144115967223e+00 -8.0574290226298015e-02
3.0214307825629394e+00 -8.0542025135452805e-02
3.0230471535291574e+00 -8.0509724801829163e-02
3.0246635244953746e+00 -8.0477389363224891e-02
3.0262798954615917e+00 -8.0445018957135586e-02
3.0278962664278097e+00 -8.0412613720755144e-02
3.0295126373940269e+00 -8.0380173790976450e-02
3.0311290083602440e+00 -8.0347699304391895e-02
3.0327453793264612e+00 -8.0315190397293873e-02
3.0343617502926792e+00 -8.0282647205675489e-02
3.0359781212588963e+00 -8.0250069865231088e-02
3.0375944922251135e+00 -8.0217458511356726e-02
3.0392108631913306e+00 -8.0184813279150821e-02
3.0408272341575486e+00 -8.0152134303414752e-02
3.0424436051237658e+00 -8.0119421718653314e-02
3.0440599760899829e+00 -8.0086675659075388e-02
3.0456763470562001e+00 -8.0053896258594465e-02
3.0472927180224181e+00 -8.0021083650829203e-02
3.0489090889886352e+00 -7.9988237969103940e-02
3.0505254599548524e+00 -7.9955359346449359e-02
3.0521418309210704e+00 -7.9922447915602976e-02
3.0537582018872875e+00 -7.9889503809009707e-02
3.0553745728535047e+00 -7.9856527158822452e-02
3.0569909438197218e+00 -7.9823518096902565e-02
3.0586073147859398e+00 -7.9790476754820525e-02
3.0602236857521570e+00 -7.9757403263856483e-02
3.0618400567183741e+00 -7.9724297755000659e-02
3.0634564276845913e+00 -7.9691160358954100e-02
3.0650727986508093e+00 -7.9657991206129056e-02
3.0666891696170264e+00 -7.9624790426649730e-02
3.0683055405832436e+00 -7.9591558150352557e-02
3.0699219115494616e+00 -7.9558294506786975e-02
3.0715382825156787e+00 -7.9524999625215975e-02
3.0731546534818959e+00 -7.9491673634616386e-02
3.0747710244481130e+00 -7.9458316663679793e-02
3.0763873954143310e+00 -7.9424928840812745e-02
3.0780037663805482e+00 -7.9391510294137574e-02
3.0796201373467653e+00 -7.9358061151492687e-02
3.0812365083129825e+00 -7.9324581540433314e-02
3.0828528792792005e+00 -7.9291071588231898e-02
3.0844692502454176e+00 -7.9257531421878760e-02
3.0860856212116348e+00 -7.9223961168082571e-02
3.0877019921778519e+00 -7.9190360953270811e-02
3.0893183631440699e+00 -7.9156730903590461e-02
3.0909347341102871e+00 -7.9123071144908491e-02
3.0925511050765042e+00 -7.9089381802812289e-02
3.0941674760427222e+00 -7.9055663002610313e-02
3.0957838470089394e+00 -7.9021914869332591e-02
3.0974002179751565e+00 -7.8988137527731248e-02
3.0990165889413737e+00 -7.8954331102281006e-02
3.1006329599075917e+00 -7.8920495717179712e-02
3.1022493308738088e+00 -7.8886631496349030e-02
3.1038657018400260e+00 -7.8852738563434693e-02
3.1054820728062431e+00 -7.8818817041807210e-02
3.1070984437724611e+00 -7.8784867054562377e-02
3.1087148147386783e+00 -7.8750888724521753e-02
3.1103311857048954e+00 -7.8716882174233255e-02
3.1119475566711134e+00 -7.8682847525971544e-02
3.1135639276373306e+00 -7.8648784901738725e-02
3.1151802986035477e+00 -7.8614694423264742e-02
3.1167966695697649e+00 -7.8580576212007924e-02
3.1184130405359829e+00 -7.8546430389155500e-02
3.1200294115022000e+00 -7.8512257075624231e-02
3.1216457824684172e+00 -7.8478056392060722e-02
3.1232621534346343e+00 -7.8443828458842041e-02
3.1248785244008523e+00 -7.8409573396076335e-02
3.1264948953670695e+00 -7.8375291323603172e-02
3.1281112663332866e+00 -7.8340982360994155e-02
3.1297276372995038e+00 -7.8306646627553392e-02
3.1313440082657218e+00 -7.8272284242318024e-02
3.1329603792319389e+00 -7.8237895324058795e-02
3.1345767501981561e+00 -7.8203479991280439e-02
3.1361931211643741e+00 -7.8169038362222248e-02
3.1378094921305912e+00 -7.8134570554858687e-02
3.1394258630968084e+00 -7.8100076686899653e-02
3.1410422340630255e+00 -7.8065556875791225e-02
3.1426586050292435e+00 -7.8031011238716017e-02
3.1442749759954607e+00 -7.7996439892593819e-02
3.1458913469616778e+00 -7.7961842954081970e-02
3.1475077179278950e+00 -7.7927220539575875e-02
3.1491240888941130e+00 -7.7892572765209583e-02
3.1507404598603301e+00 -7.7857899746856224e-02
3.1523568308265473e+00 -7.7823201600128566e-02
3.1539732017927653e+00 -7.7788478440379435e-02
3.1555895727589824e+00 -7.7753730382702294e-02
3.1572059437251996e+00 -7.7718957541931685e-02
3.1588223146914167e+00 -7.7684160032643723e-02
3.1604386856576347e+00 -7.7649337969156629e-02
3.1620550566238519e+00 -7.7614491465531260e-02
3.1636714275900690e+00 -7.7579620635571431e-02
3.1652877985562862e+00 -7.7544725592824590e-02
3.1669041695225042e+00 -7.7509806450582280e-02
3.1685205404887213e+00 -7.7474863321880541e-02
3.1701369114549385e+00 -7.7439896319500504e-02
3.1717532824211556e+00 -7.7404905555968767e-02
3.1733696533873736e+00 -7.7369891143557967e-02
3.1749860243535908e+00 -7.7334853194287290e-02
3.1766023953198079e+00 -7.7299791819922858e-02
3.1782187662860260e+00 -7.7264707131978305e-02
3.1798351372522431e+00 -7.7229599241715213e-02
3.1814515082184602e+00 -7.7194468260143631e-02
3.1830678791846774e+00 -7.7159314298022488e-02
3.1846842501508954e+00 -7.7124137465860138e-02
3.1863006211171125e+00 -7.7088937873914895e-02
3.1879169920833297e+00 -7.7053715632195374e-02
3.1895333630495468e+00 -7.7018470850461027e-02
3.1911497340157648e+00 -7.6983203638222711e-02
3.1927661049819820e+00 -7.6947914104743040e-02
3.1943824759481991e+00 -7.6912602359036908e-02
3.1959988469144172e+00 -7.6877268509871990e-02
3.1976152178806343e+00 -7.6841912665769230e-02
3.1992315888468514e+00 -7.6806534935003196e-02
3.2008479598130686e+00 -7.6771135425602696e-02
3.2024643307792866e+00 -7.6735714245351180e-02
3.2040807017455037e+00 -7.6700271501787265e-02
3.2056970727117209e+00 -7.6664807302205124e-02
3.2073134436779380e+00 -7.6629321753654986e-02
3.2089298146441561e+00 -7.6593814962943652e-02
3.2105461856103732e+00 -7.6558287036634948e-02
3.2121625565765903e+00 -7.6522738081050118e-02
3.2137789275428084e+00 -7.6487168202268363e-02
3.2153952985090255e+00 -7.6451577506127313e-02
3.2170116694752426e+00 -7.6415966098223459e-02
3.2186280404414598e+00 -7.6380334083912607e-02
3.2202444114076778e+00 -7.6344681568310382e-02
3.2218607823738949e+00 -7.6309008656292712e-02
3.2234771533401121e+00 -7.6273315452496160e-02
3.2250935243063292e+00 -7.6237602061318507e-02
3.2267098952725473e+00 -7.6201868586919200e-02
3.2283262662387644e+00 -7.6166115133219789e-02
3.2299426372049815e+00 -7.6130341803904350e-02
3.2315590081711987e+00 -7.6094548702420023e-02
3.2331753791374167e+00 -7.6058735931977345e-02
3.2347917501036338e+00 -7.6022903595550848e-02
3.2364081210698510e+00 -7.5987051795879487e-02
3.2380244920360690e+00 -7.5951180635466950e-02
3.2396408630022862e+00 -7.5915290216582304e-02
3.2412572339685033e+00 -7.5879380641260305e-02
3.2428736049347204e+00 -7.5843452011301979e-02
3.2444899759009385e+00 -7.5807504428274858e-02
3.2461063468671556e+00 -7.5771537993513785e-02
3.2477227178333727e+00 -7.5735552808120943e-02
3.2493390887995899e+00 -7.5699548972966657e-02
3.2509554597658079e+00 -7.5663526588689550e-02
3.2525718307320250e+00 -7.5627485755697346e-02
3.2541882016982422e+00 -7.5591426574166898e-02
3.2558045726644602e+00 -7.5555349144044909e-02
3.2574209436306774e+00 -7.5519253565048391e-02
3.2590373145968945e+00 -7.5483139936664903e-02
3.2606536855631116e+00 -7.5447008358153198e-02
3.2622700565293297e+00 -7.5410858928543517e-02
3.2638864274955468e+00 -7.5374691746638176e-02
3.2655027984617639e+00 -7.5338506911011877e-02
3.2671191694279811e+00 -7.5302304520012173e-02
3.2687355403941991e+00 -7.5266084671759964e-02
3.2703519113604163e+00 -7.5229847464149929e-02
3.2719682823266334e+00 -7.5193592994850886e-02
3.2735846532928505e+00 -7.5157321361306303e-02
3.2752010242590686e+00 -7.5121032660734680e-02
3.2768173952252857e+00 -7.5084726990130107e-02
3.2784337661915028e+00 -7.5048404446262484e-02
3.2800501371577209e+00 -7.5012065125678082e-02
3.2816665081239380e+00 -7.4975709124700085e-02
3.2832828790901551e+00 -7.4939336539428802e-02
3.2848992500563723e+00 -7.4902947465742206e-02
3.2865156210225903e+00 -7.4866541999296390e-02
3.2881319919888075e+00 -7.4830120235526001e-02
3.2897483629550246e+00 -7.4793682269644515e-02
3.2913647339212417e+00 -7.4757228196644890e-02
3.2929811048874598e+00 -7.4720758111299829e-02
3.2945974758536769e+00 -7.4684272108162308e-02
3.2962138468198940e+00 -7.4647770281565926e-02
3.2978302177861121e+00 -7.4611252725625299e-02
3.2994465887523292e+00 -7.4574719534236708e-02
3.3010629597185464e+00 -7.4538170801078191e-02
3.3026793306847635e+00 -7.4501606619610222e-02
3.3042957016509815e+00 -7.4465027083075994e-02
3.3059120726171987e+00 -7.4428432284501952e-02
3.3075284435834158e+00 -7.4391822316698109e-02
3.3091448145496329e+00 -7.4355197272258505e-02
3.3107611855158510e+00 -7.4318557243561623e-02
3.3123775564820681e+00 -7.4281902322770862e-02
3.3139939274482852e+00 -7.4245232601834840e-02
3.3156102984145024e+00 -7.4208548172487898e-02
3.3172266693807204e+00 -7.4171849126250494e-02
3.3188430403469376e+00 -7.4135135554429646e-02
3.3204594113131547e+00 -7.4098407548119263e-02
3.3220757822793727e+00 -7.4061665198200594e-02
3.3236921532455899e+00 -7.4024908595342748e-02
3.3253085242118070e+00 -7.3988137830002937e-02
3.3269248951780241e+00 -7.3951352992426986e-02
3.3285412661442422e+00 -7.3914554172649735e-02
3.3301576371104593e+00 -7.3877741460495416e-02
3.3317740080766765e+00 -7.3840914945578109e-02
3.3333903790428936e+00 -7.3804074717302104e-02
3.3350067500091116e+00 -7.3767220864862315e-02
3.3366231209753288e+00 -7.3730353477244728e-02
3.3382394919415459e+00 -7.3693472643226718e-02
3.3398558629077639e+00 -7.3656578451377616e-02
3.3414722338739811e+00 -7.3619670990058950e-02
3.3430886048401982e+00 -7.3582750347424869e-02
3.3447049758064153e+00 -7.3545816611422676e-02
3.3463213467726334e+00 -7.3508869869793034e-02
3.3479377177388505e+00 -7.3471910210070615e-02
3.3495540887050677e+00 -7.3434937719584245e-02
3.3511704596712848e+00 -7.3397952485457454e-02
3.3527868306375028e+00 -7.3360954594608827e-02
3.3544032016037200e+00 -7.3323944133752456e-02
3.3560195725699371e+00 -7.3286921189398294e-02
3.3576359435361542e+00 -7.3249885847852469e-02
3.3592523145023723e+00 -7.3212838195217886e-02
3.3608686854685894e+00 -7.3175778317394427e-02
3.3624850564348066e+00 -7.3138706300079501e-02
3.3641014274010246e+00 -7.3101622228768218e-02
3.3657177983672417e+00 -7.3064526188754100e-02
3.3673341693334589e+00 -7.3027418265129165e-02
3.3689505402996760e+00 -7.2990298542784521e-02
3.3705669112658940e+00 -7.2953167106410644e-02
3.3721832822321112e+00 -7.2916024040497907e-02
3.3737996531983283e+00 -7.2878869429336732e-02
3.3754160241645454e+00 -7.2841703357018242e-02
3.3770323951307635e+00 -7.2804525907434470e-02
3.3786487660969806e+00 -7.2767337164278856e-02
3.3802651370631978e+00 -7.2730137211046555e-02
3.3818815080294158e+00 -7.2692926131034827e-02
3.3834978789956329e+00 -7.2655704007343558e-02
3.3851142499618501e+00 -7.2618470922875392e-02
3.3867306209280672e+00 -7.2581226960336406e-02
3.3883469918942852e+00 -7.2543972202236198e-02
3.3899633628605024e+00 -7.2506706730888562e-02
3.3915797338267195e+00 -7.2469430628411671e-02
3.3931961047929367e+00 -7.2432143976728466e-02
3.3948124757591547e+00 -7.2394846857567155e-02
3.3964288467253718e+00 -7.2357539352461545e-02
3.3980452176915890e+00 -7.2320221542751320e-02
3.3996615886578061e+00 -7.2282893509582571e-02
3.4012779596240241e+00 -7.2245555333908071e-02
3.4028943305902413e+00 -7.2208207096487689e-02
3.4045107015564584e+00 -7.2170848877888799e-02
3.4061270725226764e+00 -7.2133480758486551e-02
3.4077434434888936e+00 -7.2096102818464403e-02
3.4093598144551107e+00 -7.2058715137814380e-02
3.4109761854213279e+00 -7.2021317796337414e-02
3.4125925563875459e+00 -7.1983910873643836e-02
3.4142089273537630e+00 -7.1946494449153756e-02
3.4158252983199802e+00 -7.1909068602097240e-02
3.4174416692861973e+00 -7.1871633411514896e-02
3.4190580402524153e+00 -7.1834188956258122e-02
3.4206744112186325e+00 -7.1796735314989604e-02
3.4222907821848496e+00 -7.1759272566183502e-02
3.4239071531510676e+00 -7.1721800788125914e-02
3.4255235241172848e+00 -7.1684320058915341e-02
3.4271398950835019e+00 -7.1646830456462848e-02
3.4287562660497191e+00 -7.1609332058492597e-02
3.4303726370159371e+00 -7.1571824942542120e-02
3.4319890079821542e+00 -7.1534309185962805e-02
3.4336053789483714e+00 -7.1496784865920052e-02
3.4352217499145885e+00 -7.1459252059393866e-02
3.4368381208808065e+00 -7.1421710843179054e-02
3.4384544918470237e+00 -7.1384161293885667e-02
3.4400708628132408e+00 -7.1346603487939350e-02
3.4416872337794588e+00 -7.1309037501581699e-02
3.4433036047456760e+00 -7.1271463410870595e-02
3.4449199757118931e+00 -7.1233881291680623e-02
3.4465363466781103e+00 -7.1196291219703375e-02
3.4481527176443283e+00 -7.1158693270447784e-02
3.4497690886105454e+00 -7.1121087519240678e-02
3.4513854595767626e+00 -7.1083474041226821e-02
3.4530018305429797e+00 -7.1045852911369514e-02
3.4546182015091977e+00 -7.1008224204450854e-02
3.4562345724754149e+00 -7.0970587995072165e-02
3.4578509434416320e+00 -7.0932944357654210e-02
3.4594673144078492e+00 -7.0895293366437684e-02
3.4610836853740672e+00 -7.0857635095483470e-02
3.4627000563402843e+00 -7.0819969618673151e-02
3.4643164273065015e+00 -7.0782297009709116e-02
3.4659327982727195e+00 -7.0744617342115082e-02
3.4675491692389366e+00 -7.0706930689236461e-02
3.4691655402051538e+00 -7.0669237124240600e-02
3.4707819111713709e+00 -7.0631536720117197e-02
3.4723982821375889e+00 -7.0593829549678647e-02
3.4740146531038061e+00 -7.0556115685560403e-02
3.4756310240700232e+00 -7.0518395200221268e-02
3.4772473950362404e+00 -7.0480668165943811e-02
3.4788637660024584e+00 -7.0442934654834616e-02
3.4804801369686755e+00 -7.0405194738824770e-02
3.4820965079348927e+00 -7.0367448489670151e-02
3.4837128789011107e+00 -7.0329695978951584e-02
3.4853292498673278e+00 -7.0291937278075575e-02
3.4869456208335450e+00 -7.0254172458274297e-02
3.4885619917997621e+00 -7.0216401590606062e-02
3.4901783627659801e+00 -7.0178624745955737e-02
3.4917947337321973e+00 -7.0140841995034994e-02
3.4934111046984144e+00 -7.0103053408382632e-02
3.4950274756646316e+00 -7.0065259056365028e-02
3.4966438466308496e+00 -7.0027459009176354e-02
3.4982602175970667e+00 -6.9989653336838986e-02
3.4998765885632839e+00 -6.9951842109203841e-02
3.5014929595295010e+00 -6.9914025395950680e-02
3.5031093304957190e+00 -6.9876203266588471e-02
3.5047257014619362e+00 -6.9838375790455737e-02
3.5063420724281533e+00 -6.9800543036720855e-02
3.5079584433943714e+00 -6.9762705074382383e-02
3.5095748143605885e+00 -6.9724861972269500e-02
3.5111911853268056e+00 -6.9687013799042213e-02
3.5128075562930228e+00 -6.9649160623191708e-02
3.5144239272592408e+00 -6.9611302513040763e-02
3.5160402982254579e+00 -6.9573439536744053e-02
3.5176566691916751e+00 -6.9535571762288417e-02
3.5192730401578922e+00 -6.9497699257493190e-02
3.5208894111241102e+00 -6.9459822090010684e-02
3.5225057820903274e+00 -6.9421940327326334e-02
3.5241221530565445e+00 -6.9384054036759138e-02
3.5257385240227626e+00 -6.9346163285461906e-02
3.5273548949889797e+00 -6.9308268140421722e-02
3.5289712659551968e+00 -6.9270368668460050e-02
3.5305876369214140e+00 -6.9232464936233307e-02
3.5322040078876320e+00 -6.9194557010232999e-02
3.5338203788538491e+00 -6.9156644956786209e-02
3.5354367498200663e+00 -6.9118728842055735e-02
3.5370531207862834e+00 -6.9080808732040588e-02
3.5386694917525015e+00 -6.9042884692576176e-02
3.5402858627187186e+00 -6.9004956789334812e-02
3.5419022336849357e+00 -6.8967025087825803e-02
3.5435186046511529e+00 -6.8929089653395892e-02
3.5451349756173709e+00 -6.8891150551229657e-02
3.5467513465835880e+00 -6.8853207846349698e-02
3.5483677175498052e+00 -6.8815261603616978e-02
3.5499840885160232e+00 -6.8777311887731230e-02
3.5516004594822403e+00 -6.8739358763231229e-02
3.5532168304484575e+00 -6.8701402294495048e-02
3.5548332014146746e+00 -6.8663442545740444e-02
3.5564495723808927e+00 -6.8625479581025189e-02
3.5580659433471098e+00 -6.8587513464247324e-02
3.5596823143133269e+00 -6.8549544259145556e-02
3.5612986852795441e+00 -6.8511572029299472e-02
3.5629150562457621e+00 -6.8473596838129924e-02
3.5645314272119792e+00 -6.8435618748899391e-02
3.5661477981781964e+00 -6.8397637824712171e-02
3.5677641691444144e+00 -6.8359654128514732e-02
3.5693805401106316e+00 -6.8321667723096086e-02
3.5709969110768487e+00 -6.8283678671088088e-02
3.5726132820430658e+00 -6.8245687034965669e-02
3.5742296530092839e+00 -6.8207692877047199e-02
3.5758460239755010e+00 -6.8169696259494872e-02
3.5774623949417181e+00 -6.8131697244314893e-02
3.5790787659079353e+00 -6.8093695893357786e-02
3.5806951368741533e+00 -6.8055692268318813e-02
3.5823115078403704e+00 -6.8017686430738272e-02
3.5839278788065876e+00 -6.7979678442001631e-02
3.5855442497728047e+00 -6.7941668363340049e-02
3.5871606207390228e+00 -6.7903656255830572e-02
3.5887769917052399e+00 -6.7865642180396465e-02
3.5903933626714570e+00 -6.7827626197807495e-02
3.5920097336376751e+00 -6.7789608368680254e-02
3.5936261046038922e+00 -6.7751588753478476e-02
3.5952424755701093e+00 -6.7713567412513359e-02
3.5968588465363265e+00 -6.7675544405943783e-02
3.5984752175025445e+00 -6.7637519793776621e-02
3.6000915884687616e+00 -6.7599493635867217e-02
3.6017079594349788e+00 -6.7561465991919506e-02
3.6033243304011959e+00 -6.7523436921486310e-02
3.6049407013674140e+00 -6.7485406483969695e-02
3.6065570723336311e+00 -6.7447374738621391e-02
3.6081734432998482e+00 -6.7409341744542842e-02
3.6097898142660663e+00 -6.7371307560685670e-02
3.6114061852322834e+00 -6.7333272245851977e-02
3.6130225561985005e+00 -6.7295235858694541e-02
3.6146389271647177e+00 -6.7257198457717229e-02
3.6162552981309357e+00 -6.7219160101275155e-02
3.6178716690971529e+00 -6.7181120847575188e-02
3.6194880400633700e+00 -6.7143080754676010e-02
3.6211044110295871e+00 -6.7105039880488590e-02
3.6227207819958052e+00 -6.7066998282776291e-02
3.6243371529620223e+00 -6.7028956019155470e-02
3.6259535239282394e+00 -6.6990913147095432e-02
3.6275698948944575e+00 -6.6952869723918909e-02
3.6291862658606746e+00 -6.6914825806802358e-02
3.6308026368268917e+00 -6.6876781452776188e-02
3.6324190077931089e+00 -6.6838736718725034e-02
3.6340353787593269e+00 -6.6800691661388134e-02
3.6356517497255441e+00 -6.6762646337359566e-02
3.6372681206917612e+00 -6.6724600803088577e-02
3.6388844916579783e+00 -6.6686555114879767e-02
3.6405008626241964e+00 -6.6648509328893463e-02
3.6421172335904135e+00 -6.6610463501146105e-02
3.6437336045566306e+00 -6.6572417687510266e-02
3.6453499755228478e+00 -6.6534371943715212e-02
3.6469663464890658e+00 -6.6496326325346994e-02
3.6485827174552830e+00 -6.6458280887848872e-02
3.6501990884215001e+00 -6.6420235686521500e-02
3.6518154593877181e+00 -6.6382190776523298e-02
3.6534318303539353e+00 -6.6344146212870644e-02
3.6550482013201524e+00 -6.6306102050438229e-02
3.6566645722863695e+00 -6.6268058343959282e-02
3.6582809432525876e+00 -6.6230015148025942e-02
3.6598973142188047e+00 -6.6191972517089429e-02
3.6615136851850218e+00 -6.6153930505460437e-02
3.6631300561512390e+00 -6.6115889167309275e-02
3.6647464271174570e+00 -6.6077848556666333e-02
3.6663627980836742e+00 -6.6039808727422197e-02
3.6679791690498913e+00 -6.6001769733327983e-02
3.6695955400161093e+00 -6.5963731627995653e-02
3.6712119109823265e+00 -6.5925694464898321e-02
3.6728282819485436e+00 -6.5887658297370366e-02
3.6744446529147607e+00 -6.5849623178607902e-02
3.6760610238809788e+00 -6.5811589161668876e-02
3.6776773948471959e+00 -6.5773556299473623e-02
3.6792937658134131e+00 -6.5735524644804755e-02
3.6809101367796302e+00 -6.5697494250307784e-02
3.6825265077458482e+00 -6.5659465168491166e-02
3.6841428787120654e+00 -6.5621437451726758e-02
3.6857592496782825e+00 -6.5583411152249915e-02
3.6873756206444996e+00 -6.5545386322159893e-02
3.6889919916107177e+00 -6.5507363013420028e-02
3.6906083625769348e+00 -6.5469341277858153e-02
3.6922247335431519e+00 -6.5431321167166670e-02
3.6938411045093700e+00 -6.5393302732902975e-02
3.6954574754755871e+00 -6.5355286026489712e-02
3.6970738464418043e+00 -6.5317271099214966e-02
3.6986902174080214e+00 -6.5279258002232554e-02
3.7003065883742394e+00 -6.5241246786562360e-02
3.7019229593404566e+00 -6.5203237503090608e-02
3.7035393303066737e+00 -6.5165230202569979e-02
3.7051557012728908e+00 -6.5127224935620065e-02
3.7067720722391089e+00 -6.5089221752727550e-02
3.7083884432053260e+00 -6.5051220704246432e-02
3.7100048141715432e+00 -6.5013221840398427e-02
3.7116211851377612e+00 -6.4975225211273066e-02
3.7132375561039783e+00 -6.4937230866828094e-02
3.7148539270701955e+00 -6.4899238856889682e-02
3.7164702980364126e+00 -6.4861249231152704e-02
3.7180866690026306e+00 -6.4823262039180915e-02
3.7197030399688478e+00 -6.4785277330407426e-02
3.7213194109350649e+00 -6.4747295154134743e-02
3.7229357819012820e+00 -6.4709315559535116e-02
3.7245521528675001e+00 -6.4671338595650843e-02
3.7261685238337172e+00 -6.4633364311394520e-02
3.7277848947999344e+00 -6.4595392755549208e-02
3.7294012657661515e+00 -6.4557423976768766e-02
3.7310176367323695e+00 -6.4519458023578183e-02
3.7326340076985867e+00 -6.4481494944373705e-02
3.7342503786648038e+00 -6.4443534787423151e-02
3.7358667496310218e+00 -6.4405577600866168e-02
3.7374831205972390e+00 -6.4367623432714557e-02
3.7390994915634561e+00 -6.4329672330852419e-02
3.7407158625296733e+00 -6.4291724343036427e-02
3.7423322334958913e+00 -6.4253779516896162e-02
3.7439486044621084e+00 -6.4215837899934361e-02
3.7455649754283256e+00 -6.4177899539527059e-02
3.7471813463945427e+00 -6.4139964482923972e-02
3.7487977173607607e+00 -6.4102032777248671e-02
3.7504140883269779e+00 -6.4064104469498923e-02
3.7520304592931950e+00 -6.4026179606546857e-02
3.7536468302594130e+00 -6.3988258235139192e-02
3.7552632012256302e+00 -6.3950340401897662e-02
3.7568795721918473e+00 -6.3912426153319088e-02
3.7584959431580645e+00 -6.3874515535775722e-02
3.7601123141242825e+00 -6.3836608595515418e-02
3.7617286850904996e+00 -6.3798705378662043e-02
3.7633450560567168e+00 -6.3760805931215567e-02
3.7649614270229339e+00 -6.3722910299052332e-02
3.7665777979891519e+00 -6.3685018527925408e-02
3.7681941689553691e+00 -6.3647130663464779e-02
3.7698105399215862e+00 -6.3609246751177531e-02
3.7714269108878034e+00 -6.3571366836448220e-02
3.7730432818540214e+00 -6.3533490964538988e-02
3.7746596528202385e+00 -6.3495619180589977e-02
3.7762760237864557e+00 -6.3457751529619411e-02
3.7778923947526737e+00 -6.3419888056523890e-02
3.7795087657188908e+00 -6.3382028806078766e-02
3.7811251366851080e+00 -6.3344173822938166e-02
3.7827415076513251e+00 -6.3306323151635438e-02
3.7843578786175431e+00 -6.3268476836583251e-02
3.7859742495837603e+00 -6.3230634922073925e-02
3.7875906205499774e+00 -6.3192797452279667e-02
3.7892069915161946e+00 -6.3154964471252795e-02
3.7908233624824126e+00 -6.3117136022925888e-02
3.7924397334486297e+00 -6.3079312151112316e-02
3.7940561044148469e+00 -6.3041492899506113e-02
3.7956724753810649e+00 -6.3003678311682437e-02
3.7972888463472820e+00 -6.2965868431097888e-02
3.7989052173134992e+00 -6.2928063301090464e-02
3.8005215882797163e+00 -6.2890262964880053e-02
3.8021379592459343e+00 -6.2852467465568579e-02
3.8037543302121515e+00 -6.2814676846140297e-02
3.8053707011783686e+00 -6.2776891149461875e-02
3.8069870721445858e+00 -6.2739110418282854e-02
3.8086034431108038e+00 -6.2701334695235700e-02
3.8102198140770209e+00 -6.2663564022836210e-02
3.8118361850432381e+00 -6.2625798443483538e-02
3.8134525560094552e+00 -6.2588037999460680e-02
3.8150689269756732e+00 -6.2550282732934392e-02
3.8166852979418904e+00 -6.2512532685955857e-02
3.8183016689081075e+00 -6.2474787900460495e-02
3.8199180398743255e+00 -6.2437048418268505e-02
3.8215344108405427e+00 -6.2399314281084882e-02
3.8231507818067598e+00 -6.2361585530499787e-02
3.8247671527729770e+00 -6.2323862207988759e-02
3.8263835237391950e+00 -6.2286144354912885e-02
3.8279998947054121e+00 -6.2248432012519124e-02
3.8296162656716293e+00 -6.2210725221940474e-02
3.8312326366378464e+00 -6.2173024024196236e-02
3.8328490076040644e+00 -6.2135328460192152e-02
3.8344653785702816e+00 -6.2097638570720884e-02
3.8360817495364987e+00 -6.2059954396461940e-02
3.8376981205027167e+00 -6.2022275977982044e-02
3.8393144914689339e+00 -6.1984603355735475e-02
3.8409308624351510e+00 -6.1946936570064115e-02
3.8425472334013682e+00 -6.1909275661197687e-02
3.8441636043675862e+00 -6.1871620669254168e-02
3.8457799753338033e+00 -6.1833971634239836e-02
3.8473963463000205e+00 -6.1796328596049548e-02
3.8490127172662376e+00 -6.1758691594467015e-02
3.8506290882324556e+00 -6.1721060669164954e-02
3.8522454591986728e+00 -6.1683435859705350e-02
3.8538618301648899e+00 -6.1645817205539757e-02
3.8554782011311080e+00 -6.1608204746009324e-02
3.8570945720973251e+00 -6.1570598520345278e-02
3.8587109430635422e+00 -6.1532998567668931e-02
3.8603273140297594e+00 -6.1495404926992049e-02
3.8619436849959774e+00 -6.1457817637216916e-02
3.8635600559621945e+00 -6.1420236737136834e-02
3.8651764269284117e+00 -6.1382662265436018e-02
3.8667927978946288e+00 -6.1345094260690042e-02
3.8684091688608468e+00 -6.1307532761365968e-02
3.8700255398270640e+00 -6.1269977805822662e-02
3.8716419107932811e+00 -6.1232429432310810e-02
3.8732582817594983e+00 -6.1194887678973436e-02
3.8748746527257163e+00 -6.1157352583845824e-02
3.8764910236919334e+00 -6.1119824184855981e-02
3.8781073946581506e+00 -6.1082302519824709e-02
3.8797237656243686e+00 -6.1044787626465848e-02
3.8813401365905857e+00 -6.1007279542386550e-02
3.8829565075568029e+00 -6.0969778305087499e-02
3.8845728785230200e+00 -6.0932283951963005e-02
3.8861892494892381e+00 -6.0894796520301338e-02
3.8878056204554552e+00 -6.0857316047285004e-02
3.8894219914216723e+00 -6.0819842569990776e-02
3.8910383623878895e+00 -6.0782376125390031e-02
3.8926547333541075e+00 -6.0744916750348987e-02
3.8942711043203246e+00 -6.0707464481628878e-02
3.8958874752865418e+00 -6.0670019355886097e-02
3.8975038462527598e+00 -6.0632581409672578e-02
3.8991202172189769e+00 -6.0595150679435883e-02
3.9007365881851941e+00 -6.0557727201519425e-02
3.9023529591514112e+00 -6.0520311012162750e-02
3.9039693301176293e+00 -6.0482902147501648e-02
3.9055857010838464e+00 -6.0445500643568510e-02
3.9072020720500635e+00 -6.0408106536292423e-02
3.9088184430162807e+00 -6.0370719861499375e-02
3.9104348139824987e+00 -6.0333340654912526e-02
3.9120511849487158e+00 -6.0295968952152487e-02
3.9136675559149330e+00 -6.0258604788737354e-02
3.9152839268811501e+00 -6.0221248200083004e-02
3.9169002978473682e+00 -6.0183899221503377e-02
3.9185166688135853e+00 -6.0146557888210592e-02
3.9201330397798024e+00 -6.0109224235315215e-02
3.9217494107460205e+00 -6.0071898297826345e-02
3.9233657817122376e+00 -6.0034580110652040e-02
3.9249821526784547e+00 -5.9997269708599352e-02
3.9265985236446719e+00 -5.9959967126374573e-02
3.9282148946108899e+00 -5.9922672398583413e-02
3.9298312655771070e+00 -5.9885385559731386e-02
3.9314476365433242e+00 -5.9848106644223791e-02
3.9330640075095413e+00 -5.9810835686365957e-02
3.9346803784757594e+00 -5.9773572720363613e-02
3.9362967494419765e+00 -5.9736317780322935e-02
3.9379131204081936e+00 -5.9699070900250763e-02
3.9395294913744117e+00 -5.9661832114054902e-02
3.9411458623406288e+00 -5.9624601455544234e-02
3.9427622333068459e+00 -5.9587378958428937e-02
3.9443786042730631e+00 -5.9550164656320764e-02
3.9459949752392811e+00 -5.9512958582733103e-02
3.9476113462054983e+00 -5.9475760771081361e-02
3.9492277171717154e+00 -5.9438571254683013e-02
3.9508440881379325e+00 -5.9401390066757882e-02
3.9524604591041506e+00 -5.9364217240428258e-02
3.9540768300703677e+00 -5.9327052808719305e-02
3.9556932010365848e+00 -5.9289896804558991e-02
3.9573095720028020e+00 -5.9252749260778476e-02
3.9589259429690200e+00 -5.9215610210112228e-02
3.9605423139352371e+00 -5.9178479685198293e-02
3.9621586849014543e+00 -5.9141357718578418e-02
3.9637750558676723e+00 -5.9104244342698252e-02
3.9653914268338895e+00 -5.9067139589907683e-02
3.9670077978001066e+00 -5.9030043492460806e-02
3.9686241687663237e+00 -5.8992956082516361e-02
3.9702405397325418e+00 -5.8955877392137694e-02
3.9718569106987589e+00 -5.8918807453293184e-02
3.9734732816649760e+00 -5.8881746297856308e-02
3.9750896526311932e+00 -5.8844693957605831e-02
3.9767060235974112e+00 -5.8807650464226001e-02
3.9783223945636284e+00 -5.8770615849306901e-02
3.9799387655298455e+00 -5.8733590144344421e-02
3.9815551364960635e+00 -5.8696573380740552e-02
3.9831715074622807e+00 -5.8659565589803654e-02
3.9847878784284978e+00 -5.8622566802748528e-02
3.9864042493947149e+00 -5.8585577050696641e-02
3.9880206203609330e+00 -5.8548596364676408e-02
3.9896369913271501e+00 -5.8511624775623279e-02
3.9912533622933672e+00 -5.8474662314379942e-02
3.9928697332595844e+00 -5.8437709011696634e-02
3.9944861042258024e+00 -5.8400764898231129e-02
3.9961024751920196e+00 -5.8363830004549123e-02
3.9977188461582367e+00 -5.8326904361124365e-02
3.9993352171244538e+00 -5.8289987998338781e-02
4.0009515880906719e+00 -5.8253080946482683e-02
4.0025679590568890e+00 -5.8216183235755115e-02
4.0041843300231061e+00 -5.8179294896263826e-02
4.0058007009893242e+00 -5.8142415958025537e-02
4.0074170719555413e+00 -5.8105546450966258e-02
4.0090334429217584e+00 -5.8068686404921264e-02
4.0106498138879756e+00 -5.8031835849635401e-02
4.0122661848541936e+00 -5.7994994814763313e-02
4.0138825558204108e+00 -5.7958163329869541e-02
4.0154989267866279e+00 -5.7921341424428743e-02
4.0171152977528450e+00 -5.7884529127825921e-02
4.0187316687190631e+00 -5.7847726469356500e-02
4.0203480396852802e+00 -5.7810933478226724e-02
4.0219644106514973e+00 -5.7774150183553565e-02
4.0235807816177154e+00 -5.7737376614365080e-02
4.0251971525839325e+00 -5.7700612799600690e-02
4.0268135235501497e+00 -5.7663858768111073e-02
4.0284298945163668e+00 -5.7627114548658605e-02
4.0300462654825848e+00 -5.7590380169917459e-02
4.0316626364488020e+00 -5.7553655660473824e-02
4.0332790074150191e+00 -5.7516941048825931e-02
4.0348953783812362e+00 -5.7480236363384472e-02
4.0365117493474543e+00 -5.7443541632472651e-02
4.0381281203136714e+00 -5.7406856884326368e-02
4.0397444912798885e+00 -5.7370182147094426e-02
4.0413608622461066e+00 -5.7333517448838696e-02
4.0429772332123237e+00 -5.7296862817534329e-02
4.0445936041785409e+00 -5.7260218281069947e-02
4.0462099751447580e+00 -5.7223583867247733e-02
4.0478263461109760e+00 -5.7186959603783685e-02
4.0494427170771932e+00 -5.7150345518307867e-02
4.0510590880434103e+00 -5.7113741638364433e-02
4.0526754590096274e+00 -5.7077147991411864e-02
4.0542918299758455e+00 -5.7040564604823235e-02
4.0559082009420626e+00 -5.7003991505886344e-02
4.0575245719082798e+00 -5.6967428721803742e-02
4.0591409428744969e+00 -5.6930876279693204e-02
4.0607573138407149e+00 -5.6894334206587627e-02
4.0623736848069321e+00 -5.6857802529435376e-02
4.0639900557731492e+00 -5.6821281275100451e-02
4.0656064267393672e+00 -5.6784770470362511e-02
4.0672227977055844e+00 -5.6748270141917287e-02
4.0688391686718015e+00 -5.6711780316376602e-02
4.0704555396380186e+00 -5.6675301020268541e-02
4.0720719106042367e+00 -5.6638832280037660e-02
4.0736882815704538e+00 -5.6602374122045294e-02
4.0753046525366710e+00 -5.6565926572569494e-02
4.0769210235028881e+00 -5.6529489657805299e-02
4.0785373944691061e+00 -5.6493063403865000e-02
4.0801537654353233e+00 -5.6456647836778256e-02
4.0817701364015404e+00 -5.6420242982492173e-02
4.0833865073677584e+00 -5.6383848866871589e-02
4.0850028783339756e+00 -5.6347465515699281e-02
4.0866192493001927e+00 -5.6311092954675977e-02
4.0882356202664099e+00 -5.6274731209420704e-02
4.0898519912326279e+00 -5.6238380305470827e-02
4.0914683621988450e+00 -5.6202040268282301e-02
4.0930847331650622e+00 -5.6165711123229843e-02
4.0947011041312793e+00 -5.6129392895607033e-02
4.0963174750974973e+00 -5.6093085610626522e-02
4.0979338460637145e+00 -5.6056789293420312e-02
4.0995502170299316e+00 -5.6020503969039702e-02
4.1011665879961487e+00 -5.5984229662455628e-02
4.1027829589623668e+00 -5.5947966398558792e-02
4.1043993299285839e+00 -5.5911714202159853e-02
4.1060157008948011e+00 -5.5875473097989528e-02
4.1076320718610191e+00 -5.5839243110698808e-02
4.1092484428272362e+00 -5.5803024264859155e-02
4.1108648137934534e+00 -5.5766816584962561e-02
4.1124811847596705e+00 -5.5730620095421901e-02
4.1140975557258885e+00 -5.5694434820570869e-02
4.1157139266921057e+00 -5.5658260784664348e-02
4.1173302976583228e+00 -5.5622098011878479e-02
4.1189466686245400e+00 -5.5585946526310839e-02
4.1205630395907580e+00 -5.5549806351980563e-02
4.1221794105569751e+00 -5.5513677512828694e-02
4.1237957815231923e+00 -5.5477560032718073e-02
4.1254121524894103e+00 -5.5441453935433663e-02
4.1270285234556274e+00 -5.5405359244682817e-02
4.1286448944218446e+00 -5.5369275984095162e-02
4.1302612653880617e+00 -5.5333204177223073e-02
4.1318776363542797e+00 -5.5297143847541537e-02
4.1334940073204969e+00 -5.5261095018448572e-02
4.1351103782867140e+00 -5.5225057713265288e-02
4.1367267492529312e+00 -5.5189031955236008e-02
4.1383431202191492e+00 -5.5153017767528408e-02
4.1399594911853663e+00 -5.5117015173233926e-02
4.1415758621515835e+00 -5.5081024195367582e-02
4.1431922331178006e+00 -5.5045044856868328e-02
4.1448086040840186e+00 -5.5009077180599199e-02
4.1464249750502358e+00 -5.4973121189347531e-02
4.1480413460164529e+00 -5.4937176905824885e-02
4.1496577169826709e+00 -5.4901244352667508e-02
4.1512740879488881e+00 -5.4865323552436299e-02
4.1528904589151052e+00 -5.4829414527617019e-02
4.1545068298813224e+00 -5.4793517300620508e-02
4.1561232008475404e+00 -5.4757631893782709e-02
4.1577395718137575e+00 -5.4721758329364989e-02
4.1593559427799747e+00 -5.4685896629554205e-02
4.1609723137461918e+00 -5.4650046816462836e-02
4.1625886847124098e+00 -5.4614208912129224e-02
4.1642050556786270e+00 -5.4578382938517710e-02
4.1658214266448441e+00 -5.4542568917518741e-02
4.1674377976110621e+00 -5.4506766870949019e-02
4.1690541685772793e+00 -5.4470976820551825e-02
4.1706705395434964e+00 -5.4435198787996943e-02
4.1722869105097136e+00 -5.4399432794880916e-02
4.1739032814759316e+00 -5.4363678862727312e-02
4.1755196524421487e+00 -5.4327937012986688e-02
4.1771360234083659e+00 -5.4292207267036867e-02
4.1787523943745830e+00 -5.4256489646183084e-02
4.1803687653408010e+00 -5.4220784171658064e-02
4.1819851363070182e+00 -5.4185090864622275e-02
4.1836015072732353e+00 -5.4149409746164057e-02
4.1852178782394525e+00 -5.4113740837299709e-02
4.1868342492056705e+00 -5.4078084158973708e-02
4.1884506201718876e+00 -5.4042439732058911e-02
4.1900669911381048e+00 -5.4006807577356562e-02
4.1916833621043228e+00 -5.3971187715596523e-02
4.1932997330705399e+00 -5.3935580167437554e-02
4.1949161040367571e+00 -5.3899984953467199e-02
4.1965324750029742e+00 -5.3864402094202152e-02
4.1981488459691922e+00 -5.3828831610088342e-02
4.1997652169354094e+00 -5.3793273521501095e-02
4.2013815879016265e+00 -5.3757727848745218e-02
4.2029979588678437e+00 -5.3722194612055255e-02
4.2046143298340617e+00 -5.3686673831595567e-02
4.2062307008002788e+00 -5.3651165527460506e-02
4.2078470717664960e+00 -5.3615669719674582e-02
4.2094634427327140e+00 -5.3580186428192574e-02
4.2110798136989311e+00 -5.3544715672899694e-02
4.2126961846651483e+00 -5.3509257473611765e-02
4.2143125556313654e+00 -5.3473811850075319e-02
4.2159289265975834e+00 -5.3438378821967773e-02
4.2175452975638006e+00 -5.3402958408897652e-02
4.2191616685300177e+00 -5.3367550630404569e-02
4.2207780394962349e+00 -5.3332155505959489e-02
4.2223944104624529e+00 -5.3296773054964879e-02
4.2240107814286700e+00 -5.3261403296754863e-02
4.2256271523948872e+00 -5.3226046250595238e-02
4.2272435233611043e+00 -5.3190701935683850e-02
4.2288598943273223e+00 -5.3155370371150472e-02
4.2304762652935395e+00 -5.3120051576057196e-02
4.2320926362597566e+00 -5.3084745569398441e-02
4.2337090072259747e+00 -5.3049452370101093e-02
4.2353253781921918e+00 -5.3014171997024788e-02
4.2369417491584089e+00 -5.2978904468961842e-02
4.2385581201246261e+00 -5.2943649804637581e-02
4.2401744910908441e+00 -5.2908408022710372e-02
4.2417908620570612e+00 -5.2873179141771851e-02
4.2434072330232784e+00 -5.2837963180346996e-02
4.2450236039894955e+00 -5.2802760156894335e-02
4.2466399749557135e+00 -5.2767570089806030e-02
4.2482563459219307e+00 -5.2732392997408055e-02
4.2498727168881478e+00 -5.2697228897960358e-02
4.2514890878543659e+00 -5.2662077809656913e-02
4.2531054588205830e+00 -5.2626939750625996e-02
4.2547218297868001e+00 -5.2591814738930209e-02
4.2563382007530173e+00 -5.2556702792566683e-02
4.2579545717192353e+00 -5.2521603929467191e-02
4.2595709426854524e+00 -5.2486518167498400e-02
4.2611873136516696e+00 -5.2451445524461786e-02
4.2628036846178867e+00 -5.2416386018093966e-02
4.2644200555841048e+00 -5.2381339666066812e-02
4.2660364265503219e+00 -5.2346306485987502e-02
4.2676527975165390e+00 -5.2311286495398741e-02
4.2692691684827571e+00 -5.2276279711778867e-02
4.2708855394489742e+00 -5.2241286152542039e-02
4.2725019104151913e+00 -5.2206305835038276e-02
4.2741182813814085e+00 -5.2171338776553729e-02
4.2757346523476265e+00 -5.2136384994310656e-02
4.2773510233138436e+00 -5.2101444505467762e-02
4.2789673942800608e+00 -5.2066517327120129e-02
4.2805837652462779e+00 -5.2031603476299523e-02
4.2822001362124960e+00 -5.1996702969974384e-02
4.2838165071787131e+00 -5.1961815825050155e-02
4.2854328781449302e+00 -5.1926942058369230e-02
4.2870492491111474e+00 -5.1892081686711139e-02
4.2886656200773654e+00 -5.1857234726792781e-02
4.2902819910435825e+00 -5.1822401195268486e-02
4.2918983620097997e+00 -5.1787581108730059e-02
4.2935147329760177e+00 -5.1752774483707159e-02
4.2951311039422349e+00 -5.1717981336667190e-02
4.2967474749084520e+00 -5.1683201684015558e-02
4.2983638458746691e+00 -5.1648435542095805e-02
4.2999802168408872e+00 -5.1613682927189666e-02
4.3015965878071043e+00 -5.1578943855517354e-02
4.3032129587733214e+00 -5.1544218343237524e-02
4.3048293297395386e+00 -5.1509506406447497e-02
4.3064457007057566e+00 -5.1474808061183389e-02
4.3080620716719737e+00 -5.1440123323420260e-02
4.3096784426381909e+00 -5.1405452209072201e-02
4.3112948136044089e+00 -5.1370794733992427e-02
4.3129111845706261e+00 -5.1336150913973637e-02
4.3145275555368432e+00 -5.1301520764747817e-02
4.3161439265030603e+00 -5.1266904301986604e-02
4.3177602974692784e+00 -5.1232301541301331e-02
4.3193766684354955e+00 -5.1197712498243252e-02
4.3209930394017126e+00 -5.1163137188303495e-02
4.3226094103679298e+00 -5.1128575626913378e-02
4.3242257813341478e+00 -5.1094027829444409e-02
4.3258421523003650e+00 -5.1059493811208508e-02
4.3274585232665821e+00 -5.1024973587458097e-02
4.3290748942327992e+00 -5.0990467173386213e-02
4.3306912651990173e+00 -5.0955974584126602e-02
4.3323076361652344e+00 -5.0921495834754069e-02
4.3339240071314515e+00 -5.0887030940284260e-02
4.3355403780976696e+00 -5.0852579915674066e-02
4.3371567490638867e+00 -5.0818142775821695e-02
4.3387731200301038e+00 -5.0783719535566693e-02
4.3403894909963210e+00 -5.0749310209690132e-02
4.3420058619625390e+00 -5.0714914812914819e-02
4.3436222329287562e+00 -5.0680533359905328e-02
4.3452386038949733e+00 -5.0646165865268176e-02
4.3468549748611904e+00 -5.0611812343551894e-02
4.3484713458274085e+00 -5.0577472809247202e-02
4.3500877167936256e+00 -5.0543147276787166e-02
4.3517040877598427e+00 -5.0508835760547252e-02
4.3533204587260608e+00 -5.0474538274845437e-02
4.3549368296922779e+00 -5.0440254833942509e-02
4.3565532006584951e+00 -5.0405985452041953e-02
4.3581695716247122e+00 -5.0371730143290237e-02
4.3597859425909302e+00 -5.0337488921776898e-02
4.3614023135571474e+00 -5.0303261801534667e-02
4.3630186845233645e+00 -5.0269048796539567e-02
4.3646350554895816e+00 -5.0234849920711089e-02
4.3662514264557997e+00 -5.0200665187912254e-02
4.3678677974220168e+00 -5.0166494611949775e-02
4.3694841683882339e+00 -5.0132338206574242e-02
4.3711005393544511e+00 -5.0098195985480112e-02
4.3727169103206691e+00 -5.0064067962305878e-02
4.3743332812868863e+00 -5.0029954150634361e-02
4.3759496522531034e+00 -4.9995854563992546e-02
4.3775660232193214e+00 -4.9961769215851853e-02
4.3791823941855386e+00 -4.9927698119628383e-02
4.3807987651517557e+00 -4.9893641288682809e-02
4.3824151361179728e+00 -4.9859598736320593e-02
4.3840315070841909e+00 -4.9825570475792183e-02
4.3856478780504080e+00 -4.9791556520293039e-02
4.3872642490166252e+00 -4.9757556882963780e-02
4.3888806199828423e+00 -4.9723571576890335e-02
4.3904969909490603e+00 -4.9689600615103989e-02
4.3921133619152775e+00 -4.9655644010581625e-02
4.3937297328814946e+00 -4.9621701776245745e-02
4.3953461038477126e+00 -4.9587773924964572e-02
4.3969624748139298e+00 -4.9553860469552319e-02
4.3985788457801469e+00 -4.9519961422769147e-02
4.4001952167463640e+00 -4.9486076797321359e-02
4.4018115877125812e+00 -4.9452206605861471e-02
4.4034279586787992e+00 -4.9418350860988440e-02
4.4050443296450164e+00 -4.9384509575247669e-02
4.4066607006112335e+00 -4.9350682761131165e-02
4.4082770715774506e+00 -4.9316870431077686e-02
4.4098934425436687e+00 -4.9283072597472798e-02
4.4115098135098858e+00 -4.9249289272649086e-02
4.4131261844761029e+00 -4.9215520468886165e-02
4.4147425554423210e+00 -4.9181766198410866e-02
4.4163589264085381e+00 -4.9148026473397333e-02
4.4179752973747553e+00 -4.9114301305967160e-02
4.4195916683409724e+00 -4.9080590708189500e-02
4.4212080393071904e+00 -4.9046894692081087e-02
4.4228244102734076e+00 -4.9013213269606587e-02
4.4244407812396247e+00 -4.8979546452678463e-02
4.4260571522058418e+00 -4.8945894253157207e-02
4.4276735231720599e+00 -4.8912256682851450e-02
4.4292898941382770e+00 -4.8878633753518114e-02
4.4309062651044941e+00 -4.8845025476862418e-02
4.4325226360707113e+00 -4.8811431864538131e-02
4.4341390070369293e+00 -4.8777852928147548e-02
4.4357553780031465e+00 -4.8744288679241729e-02
4.4373717489693636e+00 -4.8710739129320543e-02
4.4389881199355816e+00 -4.8677204289832791e-02
4.4406044909017988e+00 -4.8643684172176314e-02
4.4422208618680159e+00 -4.8610178787698168e-02
4.4438372328342330e+00 -4.8576688147694655e-02
4.4454536038004511e+00 -4.8543212263411441e-02
4.4470699747666682e+00 -4.8509751146043771e-02
4.4486863457328853e+00 -4.8476304806736516e-02
4.4503027166991025e+00 -4.8442873256584168e-02
4.4519190876653205e+00 -4.8409456506631185e-02
4.4535354586315377e+00 -4.8376054567871939e-02
4.4551518295977548e+00 -4.8342667451250897e-02
4.4567682005639728e+00 -4.8309295167662657e-02
4.4583845715301900e+00 -4.8275937727952169e-02
4.4600009424964071e+00 -4.8242595142914797e-02
4.4616173134626242e+00 -4.8209267423296384e-02
4.4632336844288423e+00 -4.8175954579793373e-02
4.4648500553950594e+00 -4.8142656623053066e-02
4.4664664263612766e+00 -4.8109373563673521e-02
4.4680827973274937e+00 -4.8076105412203751e-02
4.4696991682937117e+00 -4.8042852179143926e-02
4.4713155392599289e+00 -4.8009613874945331e-02
4.4729319102261460e+00 -4.7976390510010555e-02
4.4745482811923631e+00 -4.7943182094693629e-02
4.4761646521585812e+00 -4.7909988639300044e-02
4.4777810231247983e+00 -4.7876810154086943e-02
4.4793973940910154e+00 -4.7843646649263209e-02
4.4810137650572335e+00 -4.7810498134989533e-02
4.4826301360234506e+00 -4.7777364621378576e-02
4.4842465069896678e+00 -4.7744246118495093e-02
4.4858628779558849e+00 -4.7711142636355931e-02
4.4874792489221029e+00 -4.7678054184930235e-02
4.4890956198883201e+00 -4.7644980774139596e-02
4.4907119908545372e+00 -4.7611922413858032e-02
4.4923283618207543e+00 -4.7578879113912120e-02
4.4939447327869724e+00 -4.7545850884081226e-02
4.4955611037531895e+00 -4.7512837734097507e-02
4.4971774747194067e+00 -4.7479839673645996e-02
4.4987938456856247e+00 -4.7446856712364788e-02
4.5004102166518418e+00 -4.7413888859845148e-02
4.5020265876180590e+00 -4.7380936125631469e-02
4.5036429585842761e+00 -4.7347998519221585e-02
4.5052593295504941e+00 -4.7315076050066705e-02
4.5068757005167113e+00 -4.7282168727571662e-02
4.5084920714829284e+00 -4.7249276561094948e-02
4.5101084424491455e+00 -4.7216399559948767e-02
4.5117248134153636e+00 -4.7183537733399179e-02
4.5133411843815807e+00 -4.7150691090666358e-02
4.5149575553477979e+00 -4.7117859640924367e-02
4.5165739263140150e+00 -4.7085043393301593e-02
4.5181902972802330e+00 -4.7052242356880651e-02
4.5198066682464502e+00 -4.7019456540698598e-02
4.5214230392126673e+00 -4.6986685953746901e-02
4.5230394101788853e+00 -4.6953930604971723e-02
4.5246557811451025e+00 -4.6921190503273875e-02
4.5262721521113196e+00 -4.6888465657508989e-02
4.5278885230775368e+00 -4.6855756076487620e-02
4.5295048940437548e+00 -4.6823061768975285e-02
4.5311212650099719e+00 -4.6790382743692682e-02
4.5327376359761891e+00 -4.6757719009315704e-02
4.5343540069424062e+00 -4.6725070574475551e-02
4.5359703779086242e+00 -4.6692437447758806e-02
4.5375867488748414e+00 -4.6659819637707711e-02
4.5392031198410585e+00 -4.6627217152819998e-02
4.5408194908072765e+00 -4.6594630001549127e-02
4.5424358617734937e+00 -4.6562058192304516e-02
4.5440522327397108e+00 -4.6529501733451391e-02
4.5456686037059280e+00 -4.6496960633311019e-02
4.5472849746721460e+00 -4.6464434900160848e-02
4.5489013456383631e+00 -4.6431924542234541e-02
4.5505177166045803e+00 -4.6399429567722070e-02
4.5521340875707974e+00 -4.6366949984769867e-02
4.5537504585370154e+00 -4.6334485801480842e-02
4.5553668295032326e+00 -4.6302037025914643e-02
4.5569832004694497e+00 -4.6269603666087532e-02
4.5585995714356677e+00 -4.6237185729972624e-02
4.5602159424018849e+00 -4.6204783225500069e-02
4.5618323133681020e+00 -4.6172396160556906e-02
4.5634486843343192e+00 -4.6140024542987372e-02
4.5650650553005372e+00 -4.6107668380592909e-02
4.5666814262667543e+00 -4.6075327681132316e-02
4.5682977972329715e+00 -4.6043002452321742e-02
4.5699141681991886e+00 -4.6010692701834964e-02
4.5715305391654066e+00 -4.5978398437303253e-02
4.5731469101316238e+00 -4.5946119666315677e-02
4.5747632810978409e+00 -4.5913856396419123e-02
4.5763796520640581e+00 -4.5881608635118344e-02
4.5779960230302761e+00 -4.5849376389876066e-02
4.5796123939964932e+00 -4.5817159668113248e-02
4.5812287649627104e+00 -4.5784958477208926e-02
4.5828451359289284e+00 -4.5752772824500444e-02
4.5844615068951455e+00 -4.5720602717283655e-02
4.5860778778613627e+00 -4.5688448162812756e-02
4.5876942488275798e+00 -4.5656309168300623e-02
4.5893106197937978e+00 -4.5624185740918720e-02
4.5909269907600150e+00 -4.5592077887797414e-02
4.5925433617262321e+00 -4.5559985616025846e-02
4.5941597326924493e+00 -4.5527908932652170e-02
4.5957761036586673e+00 -4.5495847844683551e-02
4.5973924746248844e+00 -4.5463802359086376e-02
4.5990088455911016e+00 -4.5431772482786265e-02
4.6006252165573196e+00 -4.5399758222668132e-02
4.6022415875235367e+00 -4.5367759585576380e-02
4.6038579584897539e+00 -4.5335776578314967e-02
4.6054743294559710e+00 -4.5303809207647421e-02
4.6070907004221890e+00 -4.5271857480297002e-02
4.6087070713884062e+00 -4.5239921402946831e-02
4.6103234423546233e+00 -4.5208000982239913e-02
4.6119398133208405e+00 -4.5176096224779215e-02
4.6135561842870585e+00 -4.5144207137127856e-02
4.6151725552532756e+00 -4.5112333725809126e-02
4.6167889262194928e+00 -4.5080475997306545e-02
4.6184052971857099e+00 -4.5048633958064105e-02
4.6200216681519279e+00 -4.5016807614486148e-02
4.6216380391181451e+00 -4.4984996972937688e-02
4.6232544100843622e+00 -4.4953202039744296e-02
4.6248707810505802e+00 -4.4921422821192311e-02
4.6264871520167974e+00 -4.4889659323528917e-02
4.6281035229830145e+00 -4.4857911552962239e-02
4.6297198939492317e+00 -4.4826179515661382e-02
4.6313362649154497e+00 -4.4794463217756507e-02
4.6329526358816668e+00 -4.4762762665339115e-02
4.6345690068478840e+00 -4.4731077864461878e-02
4.6361853778141011e+00 -4.4699408821138861e-02
4.6378017487803191e+00 -4.4667755541345625e-02
4.6394181197465363e+00 -4.4636118031019280e-02
4.6410344907127534e+00 -4.4604496296058560e-02
4.6426508616789715e+00 -4.4572890342323979e-02
4.6442672326451886e+00 -4.4541300175637871e-02
4.6458836036114057e+00 -4.4509725801784424e-02
4.6474999745776229e+00 -4.4478167226509935e-02
4.6491163455438409e+00 -4.4446624455522693e-02
4.6507327165100580e+00 -4.4415097494493253e-02
4.6523490874762752e+00 -4.4383586349054399e-02
4.6539654584424923e+00 -4.4352091024801289e-02
4.6555818294087103e+00 -4.4320611527291477e-02
4.6571982003749275e+00 -4.4289147862045200e-02
4.6588145713411446e+00 -4.4257700034545162e-02
4.6604309423073618e+00 -4.4226268050236862e-02
4.6620473132735798e+00 -4.4194851914528585e-02
4.6636636842397969e+00 -4.4163451632791506e-02
4.6652800552060141e+00 -4.4132067210359761e-02
4.6668964261722321e+00 -4.4100698652530579e-02
4.6685127971384492e+00 -4.4069345964564320e-02
4.6701291681046664e+00 -4.4038009151684598e-02
4.6717455390708835e+00 -4.4006688219078327e-02
4.6733619100371016e+00 -4.3975383171895824e-02
4.6749782810033187e+00 -4.3944094015250984e-02
4.6765946519695358e+00 -4.3912820754221170e-02
4.6782110229357530e+00 -4.3881563393847481e-02
4.6798273939019710e+00 -4.3850321939134761e-02
4.6814437648681881e+00 -4.3819096395051715e-02
4.6830601358344053e+00 -4.3787886766530913e-02
4.6846765068006233e+00 -4.3756693058469007e-02
4.6862928777668404e+00 -4.3725515275726726e-02
4.6879092487330576e+00 -4.3694353423128947e-02
4.6895256196992747e+00 -4.3663207505464853e-02
4.6911419906654928e+00 -4.3632077527487940e-02
4.6927583616317099e+00 -4.3600963493916178e-02
4.6943747325979270e+00 -4.3569865409432064e-02
4.6959911035641442e+00 -4.3538783278682665e-02
4.6976074745303622e+00 -4.3507717106279716e-02
4.6992238454965793e+00 -4.3476666896799819e-02
4.7008402164627965e+00 -4.3445632654784350e-02
4.7024565874290136e+00 -4.3414614384739633e-02
4.7040729583952317e+00 -4.3383612091137023e-02
4.7056893293614488e+00 -4.3352625778413034e-02
4.7073057003276659e+00 -4.3321655450969269e-02
4.7089220712938840e+00 -4.3290701113172694e-02
4.7105384422601011e+00 -4.3259762769355600e-02
4.7121548132263182e+00 -4.3228840423815681e-02
4.7137711841925354e+00 -4.3197934080816201e-02
4.7153875551587534e+00 -4.3167043744585999e-02
4.7170039261249705e+00 -4.3136169419319595e-02
4.7186202970911877e+00 -4.3105311109177320e-02
4.7202366680574048e+00 -4.3074468818285284e-02
4.7218530390236229e+00 -4.3043642550735554e-02
4.7234694099898400e+00 -4.3012832310586259e-02
4.7250857809560571e+00 -4.2982038101861568e-02
4.7267021519222752e+00 -4.2951259928551769e-02
4.7283185228884923e+00 -4.2920497794613557e-02
4.7299348938547094e+00 -4.2889751703969831e-02
4.7315512648209266e+00 -4.2859021660509936e-02
4.7331676357871446e+00 -4.2828307668089739e-02
4.7347840067533618e+00 -4.2797609730531698e-02
4.7364003777195789e+00 -4.2766927851624850e-02
4.7380167486857960e+00 -4.2736262035125080e-02
4.7396331196520141e+00 -4.2705612284754974e-02
4.7412494906182312e+00 -4.2674978604204092e-02
4.7428658615844483e+00 -4.2644360997128976e-02
4.7444822325506655e+00 -4.2613759467153171e-02
4.7460986035168835e+00 -4.2583174017867348e-02
4.7477149744831006e+00 -4.2552604652829500e-02
4.7493313454493178e+00 -4.2522051375564814e-02
4.7509477164155358e+00 -4.2491514189565822e-02
4.7525640873817530e+00 -4.2460993098292640e-02
4.7541804583479701e+00 -4.2430488105172783e-02
4.7557968293141872e+00 -4.2399999213601408e-02
4.7574132002804053e+00 -4.2369526426941403e-02
4.7590295712466224e+00 -4.2339069748523389e-02
4.7606459422128395e+00 -4.2308629181645796e-02
4.7622623131790567e+00 -4.2278204729575039e-02
4.7638786841452747e+00 -4.2247796395545455e-02
4.7654950551114919e+00 -4.2217404182759516e-02
4.7671114260777090e+00 -4.2187028094387825e-02
4.7687277970439270e+00 -4.2156668133569178e-02
4.7703441680101442e+00 -4.2126324303410755e-02
4.7719605389763613e+00 -4.2095996606988061e-02
4.7735769099425784e+00 -4.2065685047345050e-02
4.7751932809087965e+00 -4.2035389627494209e-02
4.7768096518750136e+00 -4.2005110350416715e-02
4.7784260228412307e+00 -4.1974847219062326e-02
4.7800423938074479e+00 -4.1944600236349647e-02
4.7816587647736659e+00 -4.1914369405166060e-02
4.7832751357398831e+00 -4.1884154728367901e-02
4.7848915067061002e+00 -4.1853956208780511e-02
4.7865078776723182e+00 -4.1823773849198234e-02
4.7881242486385354e+00 -4.1793607652384608e-02
4.7897406196047525e+00 -4.1763457621072378e-02
4.7913569905709696e+00 -4.1733323757963584e-02
4.7929733615371877e+00 -4.1703206065729588e-02
4.7945897325034048e+00 -4.1673104547011279e-02
4.7962061034696220e+00 -4.1643019204418985e-02
4.7978224744358391e+00 -4.1612950040532642e-02
4.7994388454020571e+00 -4.1582897057901885e-02
4.8010552163682743e+00 -4.1552860259046059e-02
4.8026715873344914e+00 -4.1522839646454306e-02
4.8042879583007085e+00 -4.1492835222585706e-02
4.8059043292669266e+00 -4.1462846989869240e-02
4.8075207002331437e+00 -4.1432874950703948e-02
4.8091370711993608e+00 -4.1402919107458996e-02
4.8107534421655789e+00 -4.1372979462473716e-02
4.8123698131317960e+00 -4.1343056018057669e-02
4.8139861840980132e+00 -4.1313148776490782e-02
4.8156025550642303e+00 -4.1283257740023366e-02
4.8172189260304483e+00 -4.1253382910876164e-02
4.8188352969966655e+00 -4.1223524291240543e-02
4.8204516679628826e+00 -4.1193681883278453e-02
4.8220680389290997e+00 -4.1163855689122467e-02
4.8236844098953178e+00 -4.1134045710876026e-02
4.8253007808615349e+00 -4.1104251950613346e-02
4.8269171518277521e+00 -4.1074474410379522e-02
4.8285335227939701e+00 -4.1044713092190696e-02
4.8301498937601872e+00 -4.1014967998034030e-02
4.8317662647264044e+00 -4.0985239129867748e-02
4.8333826356926215e+00 -4.0955526489621377e-02
4.8349990066588395e+00 -4.0925830079195591e-02
4.8366153776250567e+00 -4.0896149900462454e-02
4.8382317485912738e+00 -4.0866485955265479e-02
4.8398481195574909e+00 -4.0836838245419560e-02
4.8414644905237090e+00 -4.0807206772711158e-02
4.8430808614899261e+00 -4.0777591538898414e-02
4.8446972324561433e+00 -4.0747992545711098e-02
4.8463136034223604e+00 -4.0718409794850745e-02
4.8479299743885784e+00 -4.0688843287990710e-02
4.8495463453547956e+00 -4.0659293026776275e-02
4.8511627163210127e+00 -4.0629759012824639e-02
4.8527790872872307e+00 -4.0600241247725079e-02
4.8543954582534479e+00 -4.0570739733038978e-02
4.8560118292196650e+00 -4.0541254470299819e-02
4.8576282001858822e+00 -4.0511785461013437e-02
4.8592445711521002e+00 -4.0482332706657888e-02
4.8608609421183173e+00 -4.0452896208683670e-02
4.8624773130845345e+00 -4.0423475968513707e-02
4.8640936840507516e+00 -4.0394071987543433e-02
4.8657100550169696e+00 -4.0364684267140835e-02
4.8673264259831868e+00 -4.0335312808646676e-02
4.8689427969494039e+00 -4.0305957613374313e-02
4.8705591679156219e+00 -4.0276618682609913e-02
4.8721755388818391e+00 -4.0247296017612622e-02
4.8737919098480562e+00 -4.0217989619614362e-02
4.8754082808142734e+00 -4.0188699489820116e-02
4.8770246517804914e+00 -4.0159425629407913e-02
4.8786410227467085e+00 -4.0130168039528943e-02
4.8802573937129257e+00 -4.0100926721307585e-02
4.8818737646791428e+00 -4.0071701675841474e-02
4.8834901356453608e+00 -4.0042492904201504e-02
4.8851065066115780e+00 -4.0013300407432131e-02
4.8867228775777951e+00 -3.9984124186551145e-02
4.8883392485440122e+00 -3.9954964242549865e-02
4.8899556195102303e+00 -3.9925820576393281e-02
4.8915719904764474e+00 -3.9896693189020012e-02
4.8931883614426646e+00 -3.9867582081342390e-02
4.8948047324088826e+00 -3.9838487254246567e-02
4.8964211033750997e+00 -3.9809408708592578e-02
4.8980374743413169e+00 -3.9780346445214318e-02
4.8996538453075340e+00 -3.9751300464919766e-02
4.9012702162737520e+00 -3.9722270768490851e-02
4.9028865872399692e+00 -3.9693257356683727e-02
4.9045029582061863e+00 -3.9664260230228704e-02
4.9061193291724035e+00 -3.9635279389830337e-02
4.9077357001386215e+00 -3.9606314836167458e-02
4.9093520711048386e+00 -3.9577366569893413e-02
4.9109684420710558e+00 -3.9548434591635886e-02
4.9125848130372738e+00 -3.9519518901997071e-02
4.9142011840034909e+00 -3.9490619501553838e-02
4.9158175549697081e+00 -3.9461736390857621e-02
4.9174339259359252e+00 -3.9432869570434570e-02
4.9190502969021432e+00 -3.9404019040785609e-02
4.9206666678683604e+00 -3.9375184802386554e-02
4.9222830388345775e+00 -3.9346366855688028e-02
4.9238994098007947e+00 -3.9317565201115713e-02
4.9255157807670127e+00 -3.9288779839070226e-02
4.9271321517332298e+00 -3.9260010769927335e-02
4.9287485226994470e+00 -3.9231257994037975e-02
4.9303648936656641e+00 -3.9202521511728247e-02
4.9319812646318821e+00 -3.9173801323299548e-02
4.9335976355980993e+00 -3.9145097429028643e-02
4.9352140065643164e+00 -3.9116409829167705e-02
4.9368303775305344e+00 -3.9087738523944308e-02
4.9384467484967516e+00 -3.9059083513561667e-02
4.9400631194629687e+00 -3.9030444798198512e-02
4.9416794904291859e+00 -3.9001822378009234e-02
4.9432958613954039e+00 -3.8973216253123971e-02
4.9449122323616210e+00 -3.8944626423648654e-02
4.9465286033278382e+00 -3.8916052889665022e-02
4.9481449742940553e+00 -3.8887495651230744e-02
4.9497613452602733e+00 -3.8858954708379412e-02
4.9513777162264905e+00 -3.8830430061120705e-02
4.9529940871927076e+00 -3.8801921709440371e-02
4.9546104581589256e+00 -3.8773429653300294e-02
4.9562268291251428e+00 -3.8744953892638566e-02
4.9578432000913599e+00 -3.8716494427369616e-02
4.9594595710575771e+00 -3.8688051257384129e-02
4.9610759420237951e+00 -3.8659624382549190e-02
4.9626923129900122e+00 -3.8631213802708432e-02
4.9643086839562294e+00 -3.8602819517681901e-02
4.9659250549224465e+00 -3.8574441527266246e-02
4.9675414258886645e+00 -3.8546079831234800e-02
4.9691577968548817e+00 -3.8517734429337556e-02
4.9707741678210988e+00 -3.8489405321301261e-02
4.9723905387873168e+00 -3.8461092506829504e-02
4.9740069097535340e+00 -3.8432795985602751e-02
4.9756232807197511e+00 -3.8404515757278372e-02
4.9772396516859683e+00 -3.8376251821490778e-02
4.9788560226521863e+00 -3.8348004177851377e-02
4.9804723936184034e+00 -3.8319772825948818e-02
4.9820887645846206e+00 -3.8291557765348788e-02
4.9837051355508377e+00 -3.8263358995594271e-02
4.9853215065170557e+00 -3.8235176516205539e-02
4.9869378774832729e+00 -3.8207010326680245e-02
4.9885542484494900e+00 -3.8178860426493405e-02
4.9901706194157072e+00 -3.8150726815097541e-02
4.9917869903819252e+00 -3.8122609491922685e-02
4.9934033613481423e+00 -3.8094508456376470e-02
4.9950197323143595e+00 -3.8066423707844209e-02
4.9966361032805775e+00 -3.8038355245688826e-02
4.9982524742467946e+00 -3.8010303069251107e-02
4.9998688452130118e+00 -3.7982267177849624e-02
5.0014852161792289e+00 -3.7954247570780787e-02
5.0031015871454469e+00 -3.7926244247318990e-02
5.0047179581116641e+00 -3.7898257206716641e-02
5.0063343290778812e+00 -3.7870286448204143e-02
5.0079507000440984e+00 -3.7842331970990031e-02
5.0095670710103164e+00 -3.7814393774261032e-02
5.0111834419765335e+00 -3.7786471857182091e-02
5.0127998129427507e+00 -3.7758566218896374e-02
5.0144161839089687e+00 -3.7730676858525464e-02
5.0160325548751858e+00 -3.7702803775169311e-02
5.0176489258414030e+00 -3.7674946967906298e-02
5.0192652968076201e+00 -3.7647106435793345e-02
5.0208816677738382e+00 -3.7619282177865920e-02
5.0224980387400553e+00 -3.7591474193138123e-02
5.0241144097062724e+00 -3.7563682480602739e-02
5.0257307806724896e+00 -3.7535907039231250e-02
5.0273471516387076e+00 -3.7508147867973941e-02
5.0289635226049247e+00 -3.7480404965760002e-02
5.0305798935711419e+00 -3.7452678331497458e-02
5.0321962645373590e+00 -3.7424967964073304e-02
5.0338126355035770e+00 -3.7397273862353551e-02
5.0354290064697942e+00 -3.7369596025183326e-02
5.0370453774360113e+00 -3.7341934451386803e-02
5.0386617484022294e+00 -3.7314289139767379e-02
5.0402781193684465e+00 -3.7286660089107693e-02
5.0418944903346636e+00 -3.7259047298169645e-02
5.0435108613008808e+00 -3.7231450765694528e-02
5.0451272322670988e+00 -3.7203870490402954e-02
5.0467436032333159e+00 -3.7176306470995062e-02
5.0483599741995331e+00 -3.7148758706150510e-02
5.0499763451657502e+00 -3.7121227194528449e-02
5.0515927161319683e+00 -3.7093711934767661e-02
5.0532090870981854e+00 -3.7066212925486695e-02
5.0548254580644025e+00 -3.7038730165283716e-02
5.0564418290306206e+00 -3.7011263652736687e-02
5.0580581999968377e+00 -3.6983813386403490e-02
5.0596745709630548e+00 -3.6956379364821809e-02
5.0612909419292720e+00 -3.6928961586509296e-02
5.0629073128954900e+00 -3.6901560049963582e-02
5.0645236838617071e+00 -3.6874174753662392e-02
5.0661400548279243e+00 -3.6846805696063516e-02
5.0677564257941414e+00 -3.6819452875604938e-02
5.0693727967603595e+00 -3.6792116290704766e-02
5.0709891677265766e+00 -3.6764795939761487e-02
5.0726055386927937e+00 -3.6737491821153830e-02
5.0742219096590109e+00 -3.6710203933240926e-02
5.0758382806252289e+00 -3.6682932274362250e-02
5.0774546515914460e+00 -3.6655676842837888e-02
5.0790710225576632e+00 -3.6628437636968353e-02
5.0806873935238812e+00 -3.6601214655034728e-02
5.0823037644900984e+00 -3.6574007895298813e-02
5.0839201354563155e+00 -3.6546817356003021e-02
5.0855365064225326e+00 -3.6519643035370496e-02
5.0871528773887507e+00 -3.6492484931605215e-02
5.0887692483549678e+00 -3.6465343042891972e-02
5.0903856193211849e+00 -3.6438217367396462e-02
5.0920019902874021e+00 -3.6411107903265315e-02
5.0936183612536201e+00 -3.6384014648626117e-02
5.0952347322198372e+00 -3.6356937601587605e-02
5.0968511031860544e+00 -3.6329876760239514e-02
5.0984674741522724e+00 -3.6302832122652749e-02
5.1000838451184896e+00 -3.6275803686879472e-02
5.1017002160847067e+00 -3.6248791450953041e-02
5.1033165870509238e+00 -3.6221795412888100e-02
5.1049329580171419e+00 -3.6194815570680709e-02
5.1065493289833590e+00 -3.6167851922308307e-02
5.1081656999495761e+00 -3.6140904465729748e-02
5.1097820709157933e+00 -3.6113973198885478e-02
5.1113984418820113e+00 -3.6087058119697389e-02
5.1130148128482285e+00 -3.6060159226069068e-02
5.1146311838144456e+00 -3.6033276515885733e-02
5.1162475547806627e+00 -3.6006409987014307e-02
5.1178639257468808e+00 -3.5979559637303420e-02
5.1194802967130979e+00 -3.5952725464583626e-02
5.1210966676793150e+00 -3.5925907466667233e-02
5.1227130386455331e+00 -3.5899105641348468e-02
5.1243294096117502e+00 -3.5872319986403577e-02
5.1259457805779673e+00 -3.5845550499590755e-02
5.1275621515441845e+00 -3.5818797178650247e-02
5.1291785225104025e+00 -3.5792060021304445e-02
5.1307948934766197e+00 -3.5765339025257879e-02
5.1324112644428368e+00 -3.5738634188197248e-02
5.1340276354090539e+00 -3.5711945507791568e-02
5.1356440063752720e+00 -3.5685272981692100e-02
5.1372603773414891e+00 -3.5658616607532473e-02
5.1388767483077062e+00 -3.5631976382928726e-02
5.1404931192739243e+00 -3.5605352305479322e-02
5.1421094902401414e+00 -3.5578744372765259e-02
5.1437258612063586e+00 -3.5552152582350047e-02
5.1453422321725757e+00 -3.5525576931779802e-02
5.1469586031387937e+00 -3.5499017418583231e-02
5.1485749741050109e+00 -3.5472474040271852e-02
5.1501913450712280e+00 -3.5445946794339794e-02
5.1518077160374451e+00 -3.5419435678264034e-02
5.1534240870036632e+00 -3.5392940689504368e-02
5.1550404579698803e+00 -3.5366461825503487e-02
5.1566568289360974e+00 -3.5339999083686985e-02
5.1582731999023155e+00 -3.5313552461463442e-02
5.1598895708685326e+00 -3.5287121956224507e-02
5.1615059418347498e+00 -3.5260707565344808e-02
5.1631223128009669e+00 -3.5234309286182180e-02
5.1647386837671849e+00 -3.5207927116077564e-02
5.1663550547334021e+00 -3.5181561052355141e-02
5.1679714256996192e+00 -3.5155211092322371e-02
5.1695877966658363e+00 -3.5128877233269989e-02
5.1712041676320544e+00 -3.5102559472472053e-02
5.1728205385982715e+00 -3.5076257807186123e-02
5.1744369095644887e+00 -3.5049972234653108e-02
5.1760532805307058e+00 -3.5023702752097444e-02
5.1776696514969238e+00 -3.4997449356727113e-02
5.1792860224631410e+00 -3.4971212045733703e-02
5.1809023934293581e+00 -3.4944990816292376e-02
5.1825187643955761e+00 -3.4918785665562023e-02
5.1841351353617933e+00 -3.4892596590685263e-02
5.1857515063280104e+00 -3.4866423588788442e-02
5.1873678772942275e+00 -3.4840266656981769e-02
5.1889842482604456e+00 -3.4814125792359242e-02
5.1906006192266627e+00 -3.4788000991998892e-02
5.1922169901928799e+00 -3.4761892252962598e-02
5.1938333611590970e+00 -3.4735799572296271e-02
5.1954497321253150e+00 -3.4709722947029842e-02
5.1970661030915322e+00 -3.4683662374177394e-02
5.1986824740577493e+00 -3.4657617850737107e-02
5.2002988450239673e+00 -3.4631589373691284e-02
5.2019152159901845e+00 -3.4605576940006592e-02
5.2035315869564016e+00 -3.4579580546633827e-02
5.2051479579226188e+00 -3.4553600190508182e-02
5.2067643288888368e+00 -3.4527635868549185e-02
5.2083806998550539e+00 -3.4501687577660756e-02
5.2099970708212711e+00 -3.4475755314731321e-02
5.2116134417874882e+00 -3.4449839076633716e-02
5.2132298127537062e+00 -3.4423938860225330e-02
5.2148461837199234e+00 -3.4398054662348229e-02
5.2164625546861405e+00 -3.4372186479829002e-02
5.2180789256523576e+00 -3.4346334309478921e-02
5.2196952966185757e+00 -3.4320498148094021e-02
5.2213116675847928e+00 -3.4294677992455058e-02
5.2229280385510100e+00 -3.4268873839327599e-02
5.2245444095172280e+00 -3.4243085685462062e-02
5.2261607804834451e+00 -3.4217313527593746e-02
5.2277771514496623e+00 -3.4191557362442879e-02
5.2293935224158794e+00 -3.4165817186714686e-02
5.2310098933820974e+00 -3.4140092997099393e-02
5.2326262643483146e+00 -3.4114384790272290e-02
5.2342426353145317e+00 -3.4088692562893812e-02
5.2358590062807489e+00 -3.4063016311609476e-02
5.2374753772469669e+00 -3.4037356033050012e-02
5.2390917482131840e+00 -3.4011711723831446e-02
5.2407081191794012e+00 -3.3986083380555011e-02
5.2423244901456192e+00 -3.3960470999807271e-02
5.2439408611118363e+00 -3.3934874578160218e-02
5.2455572320780535e+00 -3.3909294112171161e-02
5.2471736030442706e+00 -3.3883729598382907e-02
5.2487899740104886e+00 -3.3858181033323741e-02
5.2504063449767058e+00 -3.3832648413507513e-02
5.2520227159429229e+00 -3.3807131735433586e-02
5.2536390869091401e+00 -3.3781630995587009e-02
5.2552554578753581e+00 -3.3756146190438444e-02
5.2568718288415752e+00 -3.3730677316444267e-02
5.2584881998077924e+00 -3.3705224370046624e-02
5.2601045707740095e+00 -3.3679787347673421e-02
5.2617209417402275e+00 -3.3654366245738344e-02
5.2633373127064447e+00 -3.3628961060641074e-02
5.2649536836726618e+00 -3.3603571788767092e-02
5.2665700546388798e+00 -3.3578198426487849e-02
5.2681864256050970e+00 -3.3552840970160855e-02
5.2698027965713141e+00 -3.3527499416129584e-02
5.2714191675375313e+00 -3.3502173760723591e-02
5.2730355385037493e+00 -3.3476864000258594e-02
5.2746519094699664e+00 -3.3451570131036445e-02
5.2762682804361836e+00 -3.3426292149345171e-02
5.2778846514024007e+00 -3.3401030051459071e-02
5.2795010223686187e+00 -3.3375783833638713e-02
5.2811173933348359e+00 -3.3350553492130987e-02
5.2827337643010530e+00 -3.3325339023169157e-02
5.2843501352672710e+00 -3.3300140422972864e-02
5.2859665062334882e+00 -3.3274957687748200e-02
5.2875828771997053e+00 -3.3249790813687771e-02
5.2891992481659225e+00 -3.3224639796970677e-02
5.2908156191321405e+00 -3.3199504633762561e-02
5.2924319900983576e+00 -3.3174385320215730e-02
5.2940483610645748e+00 -3.3149281852469091e-02
5.2956647320307919e+00 -3.3124194226648224e-02
5.2972811029970099e+00 -3.3099122438865480e-02
5.2988974739632271e+00 -3.3074066485219940e-02
5.3005138449294442e+00 -3.3049026361797490e-02
5.3021302158956614e+00 -3.3024002064670877e-02
5.3037465868618794e+00 -3.2998993589899689e-02
5.3053629578280965e+00 -3.2974000933530499e-02
5.3069793287943137e+00 -3.2949024091596800e-02
5.3085956997605317e+00 -3.2924063060119066e-02
5.3102120707267488e+00 -3.2899117835104887e-02
5.3118284416929660e+00 -3.2874188412548848e-02
5.3134448126591831e+00 -3.2849274788432671e-02
5.3150611836254011e+00 -3.2824376958725275e-02
5.3166775545916183e+00 -3.2799494919382749e-02
5.3182939255578354e+00 -3.2774628666348400e-02
5.3199102965240526e+00 -3.2749778195552845e-02
5.3215266674902706e+00 -3.2724943502913981e-02
5.3231430384564877e+00 -3.2700124584337062e-02
5.3247594094227049e+00 -3.2675321435714742e-02
5.3263757803889229e+00 -3.2650534052927088e-02
5.3279921513551400e+00 -3.2625762431841655e-02
5.3296085223213572e+00 -3.2601006568313488e-02
5.3312248932875743e+00 -3.2576266458185156e-02
5.3328412642537923e+00 -3.2551542097286813e-02
5.3344576352200095e+00 -3.2526833481436285e-02
5.3360740061862266e+00 -3.2502140606438988e-02
5.3376903771524438e+00 -3.2477463468088046e-02
5.3393067481186618e+00 -3.2452802062164325e-02
5.3409231190848789e+00 -3.2428156384436475e-02
5.3425394900510961e+00 -3.2403526430660919e-02
5.3441558610173132e+00 -3.2378912196581962e-02
5.3457722319835312e+00 -3.2354313677931741e-02
5.3473886029497484e+00 -3.2329730870430361e-02
5.3490049739159655e+00 -3.2305163769785872e-02
5.3506213448821835e+00 -3.2280612371694280e-02
5.3522377158484007e+00 -3.2256076671839662e-02
5.3538540868146178e+00 -3.2231556665894168e-02
5.3554704577808350e+00 -3.2207052349518019e-02
5.3570868287470530e+00 -3.2182563718359578e-02
5.3587031997132701e+00 -3.2158090768055446e-02
5.3603195706794873e+00 -3.2133633494230360e-02
5.3619359416457044e+00 -3.2109191892497349e-02
5.3635523126119224e+00 -3.2084765958457731e-02
5.3651686835781396e+00 -3.2060355687701145e-02
5.3667850545443567e+00 -3.2035961075805572e-02
5.3684014255105748e+00 -3.2011582118337434e-02
5.3700177964767919e+00 -3.1987218810851550e-02
5.3716341674430090e+00 -3.1962871148891216e-02
5.3732505384092262e+00 -3.1938539127988254e-02
5.3748669093754442e+00 -3.1914222743662971e-02
5.3764832803416613e+00 -3.1889921991424326e-02
5.3780996513078785e+00 -3.1865636866769867e-02
5.3797160222740956e+00 -3.1841367365185780e-02
5.3813323932403136e+00 -3.1817113482146893e-02
5.3829487642065308e+00 -3.1792875213116877e-02
5.3845651351727479e+00 -3.1768652553548056e-02
5.3861815061389660e+00 -3.1744445498881529e-02
5.3877978771051831e+00 -3.1720254044547348e-02
5.3894142480714002e+00 -3.1696078185964323e-02
5.3910306190376174e+00 -3.1671917918540168e-02
5.3926469900038354e+00 -3.1647773237671574e-02
5.3942633609700525e+00 -3.1623644138744175e-02
5.3958797319362697e+00 -3.1599530617132617e-02
5.3974961029024868e+00 -3.1575432668200593e-02
5.3991124738687049e+00 -3.1551350287300828e-02
5.4007288448349220e+00 -3.1527283469775201e-02
5.4023452158011391e+00 -3.1503232210954746e-02
5.4039615867673563e+00 -3.1479196506159629e-02
5.4055779577335743e+00 -3.1455176350699221e-02
5.4071943286997914e+00 -3.1431171739872227e-02
5.4088106996660086e+00 -3.1407182668966548e-02
5.4104270706322266e+00 -3.1383209133259406e-02
5.4120434415984437e+00 -3.1359251128017449e-02
5.4136598125646609e+00 -3.1335308648496610e-02
5.4152761835308780e+00 -3.1311381689942325e-02
5.4168925544970961e+00 -3.1287470247589419e-02
5.4185089254633132e+00 -3.1263574316662254e-02
5.4201252964295303e+00 -3.1239693892374701e-02
5.4217416673957475e+00 -3.1215828969930168e-02
5.4233580383619655e+00 -3.1191979544521627e-02
5.4249744093281826e+00 -3.1168145611331764e-02
5.4265907802943998e+00 -3.1144327165532837e-02
5.4282071512606178e+00 -3.1120524202286805e-02
5.4298235222268350e+00 -3.1096736716745416e-02
5.4314398931930521e+00 -3.1072964704050101e-02
5.4330562641592692e+00 -3.1049208159332105e-02
5.4346726351254873e+00 -3.1025467077712497e-02
5.4362890060917044e+00 -3.1001741454302231e-02
5.4379053770579215e+00 -3.0978031284202099e-02
5.4395217480241387e+00 -3.0954336562502866e-02
5.4411381189903567e+00 -3.0930657284285214e-02
5.4427544899565738e+00 -3.0906993444619838e-02
5.4443708609227910e+00 -3.0883345038567475e-02
5.4459872318890081e+00 -3.0859712061178875e-02
5.4476036028552262e+00 -3.0836094507494853e-02
5.4492199738214433e+00 -3.0812492372546459e-02
5.4508363447876604e+00 -3.0788905651354791e-02
5.4524527157538785e+00 -3.0765334338931138e-02
5.4540690867200956e+00 -3.0741778430277093e-02
5.4556854576863127e+00 -3.0718237920384403e-02
5.4573018286525299e+00 -3.0694712804235132e-02
5.4589181996187479e+00 -3.0671203076801691e-02
5.4605345705849651e+00 -3.0647708733046803e-02
5.4621509415511822e+00 -3.0624229767923568e-02
5.4637673125173993e+00 -3.0600766176375534e-02
5.4653836834836174e+00 -3.0577317953336649e-02
5.4670000544498345e+00 -3.0553885093731369e-02
5.4686164254160516e+00 -3.0530467592474655e-02
5.4702327963822697e+00 -3.0507065444471990e-02
5.4718491673484868e+00 -3.0483678644619441e-02
5.4734655383147039e+00 -3.0460307187803685e-02
5.4750819092809211e+00 -3.0436951068902016e-02
5.4766982802471391e+00 -3.0413610282782381e-02
5.4783146512133563e+00 -3.0390284824303497e-02
5.4799310221795734e+00 -3.0366974688314733e-02
5.4815473931457905e+00 -3.0343679869656238e-02
5.4831637641120086e+00 -3.0320400363158979e-02
5.4847801350782257e+00 -3.0297136163644729e-02
5.4863965060444428e+00 -3.0273887265926093e-02
5.4880128770106600e+00 -3.0250653664806601e-02
5.4896292479768780e+00 -3.0227435355080674e-02
5.4912456189430952e+00 -3.0204232331533683e-02
5.4928619899093123e+00 -3.0181044588942000e-02
5.4944783608755303e+00 -3.0157872122072979e-02
5.4960947318417475e+00 -3.0134714925685015e-02
5.4977111028079646e+00 -3.0111572994527588e-02
5.4993274737741817e+00 -3.0088446323341279e-02
5.5009438447403998e+00 -3.0065334906857758e-02
5.5025602157066169e+00 -3.0042238739799939e-02
5.5041765866728340e+00 -3.0019157816881865e-02
5.5057929576390512e+00 -2.9996092132808808e-02
5.5074093286052692e+00 -2.9973041682277310e-02
5.5090256995714864e+00 -2.9950006459975205e-02
5.5106420705377035e+00 -2.9926986460581596e-02
5.5122584415039215e+00 -2.9903981678766976e-02
5.5138748124701387e+00 -2.9880992109193198e-02
5.5154911834363558e+00 -2.9858017746513522e-02
5.5171075544025729e+00 -2.9835058585372630e-02
5.5187239253687910e+00 -2.9812114620406643e-02
5.5203402963350081e+00 -2.9789185846243252e-02
5.5219566673012253e+00 -2.9766272257501600e-02
5.5235730382674424e+00 -2.9743373848792391e-02
5.5251894092336604e+00 -2.9720490614717945e-02
5.5268057801998776e+00 -2.9697622549872182e-02
5.5284221511660947e+00 -2.9674769648840627e-02
5.5300385221323118e+00 -2.9651931906200531e-02
5.5316548930985299e+00 -2.9629109316520807e-02
5.5332712640647470e+00 -2.9606301874362098e-02
5.5348876350309641e+00 -2.9583509574276835e-02
5.5365040059971822e+00 -2.9560732410809195e-02
5.5381203769633993e+00 -2.9537970378495197e-02
5.5397367479296165e+00 -2.9515223471862723e-02
5.5413531188958336e+00 -2.9492491685431482e-02
5.5429694898620516e+00 -2.9469775013713097e-02
5.5445858608282688e+00 -2.9447073451211180e-02
5.5462022317944859e+00 -2.9424386992421246e-02
5.5478186027607030e+00 -2.9401715631830791e-02
5.5494349737269211e+00 -2.9379059363919369e-02
5.5510513446931382e+00 -2.9356418183158581e-02
5.5526677156593554e+00 -2.9333792084012055e-02
5.5542840866255734e+00 -2.9311181060935571e-02
5.5559004575917905e+00 -2.9288585108377039e-02
5.5575168285580077e+00 -2.9266004220776496e-02
5.5591331995242248e+00 -2.9243438392566195e-02
5.5607495704904428e+00 -2.9220887618170575e-02
5.5623659414566600e+00 -2.9198351892006376e-02
5.5639823124228771e+00 -2.9175831208482567e-02
5.5655986833890942e+00 -2.9153325562000426e-02
5.5672150543553123e+00 -2.9130834946953538e-02
5.5688314253215294e+00 -2.9108359357727931e-02
5.5704477962877466e+00 -2.9085898788701919e-02
5.5720641672539637e+00 -2.9063453234246257e-02
5.5736805382201817e+00 -2.9041022688724154e-02
5.5752969091863989e+00 -2.9018607146491314e-02
5.5769132801526160e+00 -2.8996206601895867e-02
5.5785296511188340e+00 -2.8973821049278533e-02
5.5801460220850512e+00 -2.8951450482972554e-02
5.5817623930512683e+00 -2.8929094897303720e-02
5.5833787640174855e+00 -2.8906754286590508e-02
5.5849951349837035e+00 -2.8884428645143935e-02
5.5866115059499206e+00 -2.8862117967267734e-02
5.5882278769161378e+00 -2.8839822247258319e-02
5.5898442478823549e+00 -2.8817541479404810e-02
5.5914606188485729e+00 -2.8795275657989044e-02
5.5930769898147901e+00 -2.8773024777285695e-02
5.5946933607810072e+00 -2.8750788831562176e-02
5.5963097317472252e+00 -2.8728567815078699e-02
5.5979261027134424e+00 -2.8706361722088410e-02
5.5995424736796595e+00 -2.8684170546837268e-02
5.6011588446458767e+00 -2.8661994283564127e-02
5.6027752156120947e+00 -2.8639832926500824e-02
5.6043915865783118e+00 -2.8617686469872103e-02
5.6060079575445290e+00 -2.8595554907895716e-02
5.6076243285107461e+00 -2.8573438234782422e-02
5.6092406994769641e+00 -2.8551336444735984e-02
5.6108570704431813e+00 -2.8529249531953266e-02
5.6124734414093984e+00 -2.8507177490624223e-02
5.6140898123756164e+00 -2.8485120314931868e-02
5.6157061833418336e+00 -2.8463077999052445e-02
5.6173225543080507e+00 -2.8441050537155288e-02
5.6189389252742679e+00 -2.8419037923402942e-02
5.6205552962404859e+00 -2.8397040151951172e-02
5.6221716672067030e+00 -2.8375057216949027e-02
5.6237880381729202e+00 -2.8353089112538768e-02
5.6254044091391373e+00 -2.8331135832855972e-02
5.6270207801053553e+00 -2.8309197372029554e-02
5.6286371510715725e+00 -2.8287273724181772e-02
5.6302535220377896e+00 -2.8265364883428262e-02
5.6318698930040068e+00 -2.8243470843878030e-02
5.6334862639702248e+00 -2.8221591599633521e-02
5.6351026349364419e+00 -2.8199727144790666e-02
5.6367190059026591e+00 -2.8177877473438827e-02
5.6383353768688771e+00 -2.8156042579660867e-02
5.6399517478350942e+00 -2.8134222457533224e-02
5.6415681188013114e+00 -2.8112417101125838e-02
5.6431844897675285e+00 -2.8090626504502236e-02
5.6448008607337465e+00 -2.8068850661719567e-02
5.6464172316999637e+00 -2.8047089566828599e-02
5.6480336026661808e+00 -2.8025343213873729e-02
5.6496499736323980e+00 -2.8003611596893085e-02
5.6512663445986160e+00 -2.7981894709918430e-02
5.6528827155648331e+00 -2.7960192546975293e-02
5.6544990865310503e+00 -2.7938505102082987e-02
5.6561154574972683e+00 -2.7916832369254532e-02
5.6577318284634854e+00 -2.7895174342496786e-02
5.6593481994297026e+00 -2.7873531015810461e-02
5.6609645703959197e+00 -2.7851902383190064e-02
5.6625809413621377e+00 -2.7830288438623989e-02
5.6641973123283549e+00 -2.7808689176094595e-02
5.6658136832945720e+00 -2.7787104589578088e-02
5.6674300542607892e+00 -2.7765534673044649e-02
5.6690464252270072e+00 -2.7743979420458441e-02
5.6706627961932243e+00 -2.7722438825777639e-02
5.6722791671594415e+00 -2.7700912882954388e-02
5.6738955381256586e+00 -2.7679401585934939e-02
5.6755119090918766e+00 -2.7657904928659570e-02
5.6771282800580938e+00 -2.7636422905062678e-02
5.6787446510243109e+00 -2.7614955509072781e-02
5.6803610219905289e+00 -2.7593502734612505e-02
5.6819773929567461e+00 -2.7572064575598697e-02
5.6835937639229632e+00 -2.7550641025942353e-02
5.6852101348891804e+00 -2.7529232079548702e-02
5.6868265058553984e+00 -2.7507837730317172e-02
5.6884428768216155e+00 -2.7486457972141533e-02
5.6900592477878327e+00 -2.7465092798909772e-02
5.6916756187540498e+00 -2.7443742204504195e-02
5.6932919897202678e+00 -2.7422406182801461e-02
5.6949083606864850e+00 -2.7401084727672598e-02
5.6965247316527021e+00 -2.7379777832982965e-02
5.6981411026189202e+00 -2.7358485492592354e-02
5.6997574735851373e+00 -2.7337207700354995e-02
5.7013738445513544e+00 -2.7315944450119541e-02
5.7029902155175716e+00 -2.7294695735729135e-02
5.7046065864837896e+00 -2.7273461551021415e-02
5.7062229574500067e+00 -2.7252241889828527e-02
5.7078393284162239e+00 -2.7231036745977190e-02
5.7094556993824410e+00 -2.7209846113288652e-02
5.7110720703486590e+00 -2.7188669985578732e-02
5.7126884413148762e+00 -2.7167508356657953e-02
5.7143048122810933e+00 -2.7146361220331386e-02
5.7159211832473105e+00 -2.7125228570398768e-02
5.7175375542135285e+00 -2.7104110400654555e-02
5.7191539251797456e+00 -2.7083006704887891e-02
5.7207702961459628e+00 -2.7061917476882615e-02
5.7223866671121808e+00 -2.7040842710417349e-02
5.7240030380783979e+00 -2.7019782399265491e-02
5.7256194090446151e+00 -2.6998736537195190e-02
5.7272357800108322e+00 -2.6977705117969465e-02
5.7288521509770503e+00 -2.6956688135346116e-02
5.7304685219432674e+00 -2.6935685583077861e-02
5.7320848929094845e+00 -2.6914697454912283e-02
5.7337012638757017e+00 -2.6893723744591827e-02
5.7353176348419197e+00 -2.6872764445853896e-02
5.7369340058081368e+00 -2.6851819552430885e-02
5.7385503767743540e+00 -2.6830889058050089e-02
5.7401667477405720e+00 -2.6809972956433847e-02
5.7417831187067891e+00 -2.6789071241299513e-02
5.7433994896730063e+00 -2.6768183906359429e-02
5.7450158606392234e+00 -2.6747310945321061e-02
5.7466322316054415e+00 -2.6726452351886906e-02
5.7482486025716586e+00 -2.6705608119754587e-02
5.7498649735378757e+00 -2.6684778242616884e-02
5.7514813445040929e+00 -2.6663962714161663e-02
5.7530977154703109e+00 -2.6643161528071977e-02
5.7547140864365280e+00 -2.6622374678026119e-02
5.7563304574027452e+00 -2.6601602157697544e-02
5.7579468283689623e+00 -2.6580843960754937e-02
5.7595631993351804e+00 -2.6560100080862268e-02
5.7611795703013975e+00 -2.6539370511678772e-02
5.7627959412676146e+00 -2.6518655246858976e-02
5.7644123122338327e+00 -2.6497954280052728e-02
5.7660286832000498e+00 -2.6477267604905239e-02
5.7676450541662669e+00 -2.6456595215057041e-02
5.7692614251324841e+00 -2.6435937104144106e-02
5.7708777960987021e+00 -2.6415293265797741e-02
5.7724941670649192e+00 -2.6394663693644727e-02
5.7741105380311364e+00 -2.6374048381307295e-02
5.7757269089973535e+00 -2.6353447322403110e-02
5.7773432799635716e+00 -2.6332860510545342e-02
5.7789596509297887e+00 -2.6312287939342701e-02
5.7805760218960058e+00 -2.6291729602399384e-02
5.7821923928622239e+00 -2.6271185493315141e-02
5.7838087638284410e+00 -2.6250655605685336e-02
5.7854251347946581e+00 -2.6230139933100895e-02
5.7870415057608753e+00 -2.6209638469148339e-02
5.7886578767270933e+00 -2.6189151207409857e-02
5.7902742476933104e+00 -2.6168678141463311e-02
5.7918906186595276e+00 -2.6148219264882172e-02
5.7935069896257447e+00 -2.6127774571235666e-02
5.7951233605919628e+00 -2.6107344054088710e-02
5.7967397315581799e+00 -2.6086927707001970e-02
5.7983561025243970e+00 -2.6066525523531860e-02
5.7999724734906151e+00 -2.6046137497230566e-02
5.8015888444568322e+00 -2.6025763621646082e-02
5.8032052154230493e+00 -2.6005403890322229e-02
5.8048215863892665e+00 -2.5985058296798667e-02
5.8064379573554845e+00 -2.5964726834610870e-02
5.8080543283217017e+00 -2.5944409497290256e-02
5.8096706992879188e+00 -2.5924106278364105e-02
5.8112870702541359e+00 -2.5903817171355596e-02
5.8129034412203540e+00 -2.5883542169783901e-02
5.8145198121865711e+00 -2.5863281267164126e-02
5.8161361831527882e+00 -2.5843034457007325e-02
5.8177525541190054e+00 -2.5822801732820616e-02
5.8193689250852234e+00 -2.5802583088107060e-02
5.8209852960514405e+00 -2.5782378516365789e-02
5.8226016670176577e+00 -2.5762188011092039e-02
5.8242180379838757e+00 -2.5742011565777038e-02
5.8258344089500929e+00 -2.5721849173908171e-02
5.8274507799163100e+00 -2.5701700828968936e-02
5.8290671508825271e+00 -2.5681566524438929e-02
5.8306835218487452e+00 -2.5661446253793917e-02
5.8322998928149623e+00 -2.5641340010505900e-02
5.8339162637811794e+00 -2.5621247788042985e-02
5.8355326347473966e+00 -2.5601169579869520e-02
5.8371490057136146e+00 -2.5581105379446113e-02
5.8387653766798318e+00 -2.5561055180229612e-02
5.8403817476460489e+00 -2.5541018975673135e-02
5.8419981186122669e+00 -2.5520996759226068e-02
5.8436144895784841e+00 -2.5500988524334151e-02
5.8452308605447012e+00 -2.5480994264439411e-02
5.8468472315109183e+00 -2.5461013972980243e-02
5.8484636024771364e+00 -2.5441047643391390e-02
5.8500799734433535e+00 -2.5421095269104028e-02
5.8516963444095706e+00 -2.5401156843545693e-02
5.8533127153757878e+00 -2.5381232360140345e-02
5.8549290863420058e+00 -2.5361321812308411e-02
5.8565454573082230e+00 -2.5341425193466771e-02
5.8581618282744401e+00 -2.5321542497028768e-02
5.8597781992406572e+00 -2.5301673716404273e-02
5.8613945702068753e+00 -2.5281818844999627e-02
5.8630109411730924e+00 -2.5261977876217763e-02
5.8646273121393095e+00 -2.5242150803458152e-02
5.8662436831055276e+00 -2.5222337620116796e-02
5.8678600540717447e+00 -2.5202538319586337e-02
5.8694764250379619e+00 -2.5182752895256032e-02
5.8710927960041790e+00 -2.5162981340511717e-02
5.8727091669703970e+00 -2.5143223648735887e-02
5.8743255379366142e+00 -2.5123479813307762e-02
5.8759419089028313e+00 -2.5103749827603175e-02
5.8775582798690484e+00 -2.5084033684994678e-02
5.8791746508352665e+00 -2.5064331378851560e-02
5.8807910218014836e+00 -2.5044642902539851e-02
5.8824073927677007e+00 -2.5024968249422297e-02
5.8840237637339188e+00 -2.5005307412858457e-02
5.8856401347001359e+00 -2.4985660386204676e-02
5.8872565056663531e+00 -2.4966027162814080e-02
5.8888728766325702e+00 -2.4946407736036673e-02
5.8904892475987882e+00 -2.4926802099219242e-02
5.8921056185650054e+00 -2.4907210245705497e-02
5.8937219895312225e+00 -2.4887632168836011e-02
5.8953383604974396e+00 -2.4868067861948222e-02
5.8969547314636577e+00 -2.4848517318376510e-02
5.8985711024298748e+00 -2.4828980531452213e-02
5.9001874733960920e+00 -2.4809457494503594e-02
5.9018038443623091e+00 -2.4789948200855876e-02
5.9034202153285271e+00 -2.4770452643831292e-02
5.9050365862947443e+00 -2.4750970816749075e-02
5.9066529572609614e+00 -2.4731502712925478e-02
5.9082693282271794e+00 -2.4712048325673780e-02
5.9098856991933966e+00 -2.4692607648304336e-02
5.9115020701596137e+00 -2.4673180674124568e-02
5.9131184411258308e+00 -2.4653767396438996e-02
5.9147348120920489e+00 -2.4634367808549228e-02
5.9163511830582660e+00 -2.4614981903754021e-02
5.9179675540244832e+00 -2.4595609675349288e-02
5.9195839249907003e+00 -2.4576251116628062e-02
5.9212002959569183e+00 -2.4556906220880553e-02
5.9228166669231355e+00 -2.4537574981394229e-02
5.9244330378893526e+00 -2.4518257391453711e-02
5.9260494088555706e+00 -2.4498953444340842e-02
5.9276657798217878e+00 -2.4479663133334786e-02
5.9292821507880049e+00 -2.4460386451711877e-02
5.9308985217542221e+00 -2.4441123392745782e-02
5.9325148927204401e+00 -2.4421873949707452e-02
5.9341312636866572e+00 -2.4402638115865148e-02
5.9357476346528744e+00 -2.4383415884484470e-02
5.9373640056190915e+00 -2.4364207248828360e-02
5.9389803765853095e+00 -2.4345012202157103e-02
5.9405967475515267e+00 -2.4325830737728423e-02
5.9422131185177438e+00 -2.4306662848797372e-02
5.9438294894839609e+00 -2.4287508528616455e-02
5.9454458604501790e+00 -2.4268367770435572e-02
5.9470622314163961e+00 -2.4249240567502130e-02
5.9486786023826133e+00 -2.4230126913060934e-02
5.9502949733488313e+00 -2.4211026800354307e-02
5.9519113443150484e+00 -2.4191940222622076e-02
5.9535277152812656e+00 -2.4172867173101534e-02
5.9551440862474827e+00 -2.4153807645027538e-02
5.9567604572137007e+00 -2.4134761631632477e-02
5.9583768281799179e+00 -2.4115729126146308e-02
5.9599931991461350e+00 -2.4096710121796559e-02
5.9616095701123522e+00 -2.4077704611808356e-02
5.9632259410785702e+00 -2.4058712589404410e-02
5.9648423120447873e+00 -2.4039734047805111e-02
5.9664586830110045e+00 -2.4020768980228445e-02
5.9680750539772225e+00 -2.4001817379890041e-02
5.9696914249434396e+00 -2.3982879240003266e-02
5.9713077959096568e+00 -2.3963954553779119e-02
5.9729241668758739e+00 -2.3945043314426314e-02
5.9745405378420919e+00 -2.3926145515151306e-02
5.9761569088083091e+00 -2.3907261149158272e-02
5.9777732797745262e+00 -2.3888390209649134e-02
5.9793896507407434e+00 -2.3869532689823607e-02
5.9810060217069614e+00 -2.3850688582879170e-02
5.9826223926731785e+00 -2.3831857882011094e-02
5.9842387636393957e+00 -2.3813040580412493e-02
5.9858551346056137e+00 -2.3794236671274286e-02
5.9874715055718308e+00 -2.3775446147785238e-02
5.9890878765380480e+00 -2.3756669003132013e-02
5.9907042475042651e+00 -2.3737905230499109e-02
5.9923206184704831e+00 -2.3719154823068907e-02
5.9939369894367003e+00 -2.3700417774021779e-02
5.9955533604029174e+00 -2.3681694076535920e-02
5.9971697313691346e+00 -2.3662983723787501e-02
5.9987861023353526e+00 -2.3644286708950669e-02
6.0004024733015697e+00 -2.3625603025197534e-02
6.0020188442677869e+00 -2.3606932665698153e-02
6.0036352152340040e+00 -2.3588275623620640e-02
6.0052515862002220e+00 -2.3569631892131061e-02
6.0068679571664392e+00 -2.3551001464393560e-02
6.0084843281326563e+00 -2.3532384333570314e-02
6.0101006990988743e+00 -2.3513780492821542e-02
6.0117170700650915e+00 -2.3495189935305569e-02
6.0133334410313086e+00 -2.3476612654178788e-02
6.0149498119975258e+00 -2.3458048642595698e-02
6.0165661829637438e+00 -2.3439497893708906e-02
6.0181825539299609e+00 -2.3420960400669221e-02
6.0197989248961781e+00 -2.3402436156625503e-02
6.0214152958623952e+00 -2.3383925154724827e-02
6.0230316668286132e+00 -2.3365427388112446e-02
6.0246480377948304e+00 -2.3346942849931836e-02
6.0262644087610475e+00 -2.3328471533324603e-02
6.0278807797272655e+00 -2.3310013431430646e-02
6.0294971506934827e+00 -2.3291568537388091e-02
6.0311135216596998e+00 -2.3273136844333284e-02
6.0327298926259170e+00 -2.3254718345400865e-02
6.0343462635921350e+00 -2.3236313033723737e-02
6.0359626345583521e+00 -2.3217920902433124e-02
6.0375790055245693e+00 -2.3199541944658553e-02
6.0391953764907864e+00 -2.3181176153527848e-02
6.0408117474570044e+00 -2.3162823522167190e-02
6.0424281184232216e+00 -2.3144484043701143e-02
6.0440444893894387e+00 -2.3126157711252607e-02
6.0456608603556559e+00 -2.3107844517942847e-02
6.0472772313218739e+00 -2.3089544456891556e-02
6.0488936022880910e+00 -2.3071257521216838e-02
6.0505099732543082e+00 -2.3052983704035201e-02
6.0521263442205262e+00 -2.3034722998461602e-02
6.0537427151867433e+00 -2.3016475397609454e-02
6.0553590861529605e+00 -2.2998240894590651e-02
6.0569754571191776e+00 -2.2980019482515525e-02
6.0585918280853956e+00 -2.2961811154492924e-02
6.0602081990516128e+00 -2.2943615903630227e-02
6.0618245700178299e+00 -2.2925433723033323e-02
6.0634409409840471e+00 -2.2907264605806610e-02
6.0650573119502651e+00 -2.2889108545053074e-02
6.0666736829164822e+00 -2.2870965533874261e-02
6.0682900538826994e+00 -2.2852835565370270e-02
6.0699064248489174e+00 -2.2834718632639792e-02
6.0715227958151345e+00 -2.2816614728780181e-02
6.0731391667813517e+00 -2.2798523846887325e-02
6.0747555377475688e+00 -2.2780445980055821e-02
6.0763719087137869e+00 -2.2762381121378850e-02
6.0779882796800040e+00 -2.2744329263948305e-02
6.0796046506462211e+00 -2.2726290400854738e-02
6.0812210216124383e+00 -2.2708264525187361e-02
6.0828373925786563e+00 -2.2690251630034092e-02
6.0844537635448734e+00 -2.2672251708481618e-02
6.0860701345110906e+00 -2.2654264753615299e-02
6.0876865054773077e+00 -2.2636290758519237e-02
6.0893028764435257e+00 -2.2618329716276312e-02
6.0909192474097429e+00 -2.2600381619968173e-02
6.0925356183759600e+00 -2.2582446462675227e-02
6.0941519893421781e+00 -2.2564524237476690e-02
6.0957683603083952e+00 -2.2546614937450589e-02
6.0973847312746123e+00 -2.2528718555673760e-02
6.0990011022408295e+00 -2.2510835085221892e-02
6.1006174732070475e+00 -2.2492964519169493e-02
6.1022338441732646e+00 -2.2475106850589954e-02
6.1038502151394818e+00 -2.2457262072555540e-02
6.1054665861056989e+00 -2.2439430178137390e-02
6.1070829570719170e+00 -2.2421611160405530e-02
6.1086993280381341e+00 -2.2403805012428942e-02
6.1103156990043512e+00 -2.2386011727275508e-02
6.1119320699705693e+00 -2.2368231298012020e-02
6.1135484409367864e+00 -2.2350463717704265e-02
6.1151648119030035e+00 -2.2332708979416992e-02
6.1167811828692207e+00 -2.2314967076213898e-02
6.1183975538354387e+00 -2.2297238001157679e-02
6.1200139248016558e+00 -2.2279521747310051e-02
6.1216302957678730e+00 -2.2261818307731732e-02
6.1232466667340901e+00 -2.2244127675482464e-02
6.1248630377003082e+00 -2.2226449843621023e-02
6.1264794086665253e+00 -2.2208784805205266e-02
6.1280957796327424e+00 -2.2191132553292109e-02
6.1297121505989596e+00 -2.2173493080937509e-02
6.1313285215651776e+00 -2.2155866381196539e-02
6.1329448925313947e+00 -2.2138252447123412e-02
6.1345612634976119e+00 -2.2120651271771402e-02
6.1361776344638299e+00 -2.2103062848192918e-02
6.1377940054300471e+00 -2.2085487169439557e-02
6.1394103763962642e+00 -2.2067924228562016e-02
6.1410267473624813e+00 -2.2050374018610163e-02
6.1426431183286994e+00 -2.2032836532633090e-02
6.1442594892949165e+00 -2.2015311763679036e-02
6.1458758602611336e+00 -2.1997799704795425e-02
6.1474922312273508e+00 -2.1980300349028974e-02
6.1491086021935688e+00 -2.1962813689425539e-02
6.1507249731597859e+00 -2.1945339719030274e-02
6.1523413441260031e+00 -2.1927878430887549e-02
6.1539577150922211e+00 -2.1910429818041012e-02
6.1555740860584383e+00 -2.1892993873533599e-02
6.1571904570246554e+00 -2.1875570590407515e-02
6.1588068279908725e+00 -2.1858159961704274e-02
6.1604231989570906e+00 -2.1840761980464661e-02
6.1620395699233077e+00 -2.1823376639728873e-02
6.1636559408895248e+00 -2.1806003932536368e-02
6.1652723118557420e+00 -2.1788643851925974e-02
6.1668886828219600e+00 -2.1771296390935856e-02
6.1685050537881772e+00 -2.1753961542603603e-02
6.1701214247543943e+00 -2.1736639299966148e-02
6.1717377957206114e+00 -2.1719329656059820e-02
6.1733541666868295e+00 -2.1702032603920347e-02
6.1749705376530466e+00 -2.1684748136582915e-02
6.1765869086192637e+00 -2.1667476247082099e-02
6.1782032795854818e+00 -2.1650216928451909e-02
6.1798196505516989e+00 -2.1632970173725872e-02
6.1814360215179160e+00 -2.1615735975936901e-02
6.1830523924841332e+00 -2.1598514328117428e-02
6.1846687634503512e+00 -2.1581305223299378e-02
6.1862851344165684e+00 -2.1564108654514164e-02
6.1879015053827855e+00 -2.1546924614792677e-02
6.1895178763490026e+00 -2.1529753097165399e-02
6.1911342473152207e+00 -2.1512594094662298e-02
6.1927506182814378e+00 -2.1495447600312877e-02
6.1943669892476549e+00 -2.1478313607146245e-02
6.1959833602138730e+00 -2.1461192108191043e-02
6.1975997311800901e+00 -2.1444083096475480e-02
6.1992161021463073e+00 -2.1426986565027405e-02
6.2008324731125244e+00 -2.1409902506874225e-02
6.2024488440787424e+00 -2.1392830915042946e-02
6.2040652150449596e+00 -2.1375771782560272e-02
6.2056815860111767e+00 -2.1358725102452472e-02
6.2072979569773938e+00 -2.1341690867745487e-02
6.2089143279436119e+00 -2.1324669071464894e-02
6.2105306989098290e+00 -2.1307659706636010e-02
6.2121470698760461e+00 -2.1290662766283740e-02
6.2137634408422642e+00 -2.1273678243432723e-02
6.2153798118084813e+00 -2.1256706131107323e-02
6.2169961827746985e+00 -2.1239746422331583e-02
6.2186125537409156e+00 -2.1222799110129271e-02
6.2202289247071336e+00 -2.1205864187523883e-02
6.2218452956733508e+00 -2.1188941647538709e-02
6.2234616666395679e+00 -2.1172031483196765e-02
6.2250780376057850e+00 -2.1155133687520800e-02
6.2266944085720031e+00 -2.1138248253533377e-02
6.2283107795382202e+00 -2.1121375174256871e-02
6.2299271505044373e+00 -2.1104514442713416e-02
6.2315435214706545e+00 -2.1087666051924952e-02
6.2331598924368725e+00 -2.1070829994913300e-02
6.2347762634030897e+00 -2.1054006264700047e-02
6.2363926343693068e+00 -2.1037194854306641e-02
6.2380090053355248e+00 -2.1020395756754420e-02
6.2396253763017420e+00 -2.1003608965064539e-02
6.2412417472679591e+00 -2.0986834472258027e-02
6.2428581182341762e+00 -2.0970072271355850e-02
6.2444744892003943e+00 -2.0953322355378827e-02
6.2460908601666114e+00 -2.0936584717347672e-02
6.2477072311328286e+00 -2.0919859350283072e-02
6.2493236020990457e+00 -2.0903146247205573e-02
6.2509399730652637e+00 -2.0886445401135680e-02
6.2525563440314809e+00 -2.0869756805093898e-02
6.2541727149976980e+00 -2.0853080452100624e-02
6.2557890859639160e+00 -2.0836416335176230e-02
6.2574054569301332e+00 -2.0819764447341130e-02
6.2590218278963503e+00 -2.0803124781615653e-02
6.2606381988625674e+00 -2.0786497331020157e-02
6.2622545698287855e+00 -2.0769882088574991e-02
6.2638709407950026e+00 -2.0753279047300580e-02
6.2654873117612198e+00 -2.0736688200217325e-02
6.2671036827274369e+00 -2.0720109540345678e-02
6.2687200536936549e+00 -2.0703543060706132e-02
6.2703364246598721e+00 -2.0686988754319284e-02
6.2719527956260892e+00 -2.0670446614205761e-02
6.2735691665923063e+00 -2.0653916633386268e-02
6.2751855375585244e+00 -2.0637398804881631e-02
6.2768019085247415e+00 -2.0620893121712752e-02
6.2784182794909587e+00 -2.0604399576900634e-02
6.2800346504571767e+00 -2.0587918163466452e-02
6.2816510214233938e+00 -2.0571448874431460e-02
6.2832673923896110e+00 -2.0554991702817049e-02
6.2848837633558281e+00 -2.0538546641644822e-02
6.2865001343220461e+00 -2.0522113683936472e-02
6.2881165052882633e+00 -2.0505692822713879e-02
6.2897328762544804e+00 -2.0489284050999146e-02
6.2913492472206975e+00 -2.0472887361814518e-02
6.2929656181869156e+00 -2.0456502748182434e-02
6.2945819891531327e+00 -2.0440130203125600e-02
6.2961983601193499e+00 -2.0423769719666880e-02
6.2978147310855679e+00 -2.0407421290829380e-02
6.2994311020517850e+00 -2.0391084909636478e-02
6.3010474730180022e+00 -2.0374760569111753e-02
6.3026638439842193e+00 -2.0358448262279068e-02
6.3042802149504373e+00 -2.0342147982162530e-02
6.3058965859166545e+00 -2.0325859721786570e-02
6.3075129568828716e+00 -2.0309583474175854e-02
6.3091293278490888e+00 -2.0293319232355368e-02
6.3107456988153068e+00 -2.0277066989350379e-02
6.3123620697815239e+00 -2.0260826738186511e-02
6.3139784407477411e+00 -2.0244598471889683e-02
6.3155948117139582e+00 -2.0228382183486136e-02
6.3172111826801762e+00 -2.0212177866002459e-02
6.3188275536463934e+00 -2.0195985512465632e-02
6.3204439246126105e+00 -2.0179805115902949e-02
6.3220602955788285e+00 -2.0163636669342070e-02
6.3236766665450457e+00 -2.0147480165811103e-02
6.3252930375112628e+00 -2.0131335598338455e-02
6.3269094084774800e+00 -2.0115202959952963e-02
6.3285257794436980e+00 -2.0099082243683924e-02
6.3301421504099151e+00 -2.0082973442560981e-02
6.3317585213761323e+00 -2.0066876549614209e-02
6.3333748923423494e+00 -2.0050791557874179e-02
6.3349912633085674e+00 -2.0034718460371845e-02
6.3366076342747846e+00 -2.0018657250138617e-02
6.3382240052410017e+00 -2.0002607920206410e-02
6.3398403762072197e+00 -1.9986570463607564e-02
6.3414567471734369e+00 -1.9970544873374917e-02
6.3430731181396540e+00 -1.9954531142541806e-02
6.3446894891058712e+00 -1.9938529264142055e-02
6.3463058600720892e+00 -1.9922539231209974e-02
6.3479222310383063e+00 -1.9906561036780453e-02
6.3495386020045235e+00 -1.9890594673888821e-02
6.3511549729707406e+00 -1.9874640135571005e-02
6.3527713439369586e+00 -1.9858697414863419e-02
6.3543877149031758e+00 -1.9842766504803110e-02
6.3560040858693929e+00 -1.9826847398427615e-02
6.3576204568356101e+00 -1.9810940088775045e-02
6.3592368278018281e+00 -1.9795044568884104e-02
6.3608531987680452e+00 -1.9779160831794110e-02
6.3624695697342624e+00 -1.9763288870544928e-02
6.3640859407004804e+00 -1.9747428678177029e-02
6.3657023116666975e+00 -1.9731580247731546e-02
6.3673186826329147e+00 -1.9715743572250186e-02
6.3689350535991318e+00 -1.9699918644775292e-02
6.3705514245653498e+00 -1.9684105458349834e-02
6.3721677955315670e+00 -1.9668304006017500e-02
6.3737841664977841e+00 -1.9652514280822517e-02
6.3754005374640013e+00 -1.9636736275809880e-02
6.3770169084302193e+00 -1.9620969984025200e-02
6.3786332793964364e+00 -1.9605215398514765e-02
6.3802496503626536e+00 -1.9589472512325602e-02
6.3818660213288716e+00 -1.9573741318505377e-02
6.3834823922950887e+00 -1.9558021810102477e-02
6.3850987632613059e+00 -1.9542313980166041e-02
6.3867151342275230e+00 -1.9526617821745897e-02
6.3883315051937410e+00 -1.9510933327892579e-02
6.3899478761599582e+00 -1.9495260491657423e-02
6.3915642471261753e+00 -1.9479599306092471e-02
6.3931806180923925e+00 -1.9463949764250529e-02
6.3947969890586105e+00 -1.9448311859185139e-02
6.3964133600248276e+00 -1.9432685583950688e-02
6.3980297309910448e+00 -1.9417070931602283e-02
6.3996461019572619e+00 -1.9401467895195815e-02
6.4012624729234799e+00 -1.9385876467787992e-02
6.4028788438896971e+00 -1.9370296642436353e-02
6.4044952148559142e+00 -1.9354728412199207e-02
6.4061115858221322e+00 -1.9339171770135683e-02
6.4077279567883494e+00 -1.9323626709305784e-02
6.4093443277545665e+00 -1.9308093222770318e-02
6.4109606987207837e+00 -1.9292571303590932e-02
6.4125770696870017e+00 -1.9277060944830123e-02
6.4141934406532188e+00 -1.9261562139551294e-02
6.4158098116194360e+00 -1.9246074880818666e-02
6.4174261825856531e+00 -1.9230599161697341e-02
6.4190425535518711e+00 -1.9215134975253356e-02
6.4206589245180883e+00 -1.9199682314553584e-02
6.4222752954843054e+00 -1.9184241172665824e-02
6.4238916664505235e+00 -1.9168811542658783e-02
6.4255080374167406e+00 -1.9153393417602079e-02
6.4271244083829577e+00 -1.9137986790566244e-02
6.4287407793491749e+00 -1.9122591654622774e-02
6.4303571503153929e+00 -1.9107208002844076e-02
6.4319735212816100e+00 -1.9091835828303504e-02
6.4335898922478272e+00 -1.9076475124075398e-02
6.4352062632140443e+00 -1.9061125883235028e-02
6.4368226341802623e+00 -1.9045788098858627e-02
6.4384390051464795e+00 -1.9030461764023465e-02
6.4400553761126966e+00 -1.9015146871807727e-02
6.4416717470789147e+00 -1.8999843415290620e-02
6.4432881180451318e+00 -1.8984551387552381e-02
6.4449044890113489e+00 -1.8969270781674211e-02
6.4465208599775661e+00 -1.8954001590738345e-02
6.4481372309437841e+00 -1.8938743807828035e-02
6.4497536019100012e+00 -1.8923497426027586e-02
6.4513699728762184e+00 -1.8908262438422325e-02
6.4529863438424355e+00 -1.8893038838098612e-02
6.4546027148086536e+00 -1.8877826618143877e-02
6.4562190857748707e+00 -1.8862625771646623e-02
6.4578354567410878e+00 -1.8847436291696409e-02
6.4594518277073050e+00 -1.8832258171383853e-02
6.4610681986735230e+00 -1.8817091403800671e-02
6.4626845696397401e+00 -1.8801935982039684e-02
6.4643009406059573e+00 -1.8786791899194799e-02
6.4659173115721753e+00 -1.8771659148361000e-02
6.4675336825383924e+00 -1.8756537722634446e-02
6.4691500535046096e+00 -1.8741427615112351e-02
6.4707664244708267e+00 -1.8726328818893089e-02
6.4723827954370448e+00 -1.8711241327076189e-02
6.4739991664032619e+00 -1.8696165132762250e-02
6.4756155373694790e+00 -1.8681100229053109e-02
6.4772319083356962e+00 -1.8666046609051697e-02
6.4788482793019142e+00 -1.8651004265862105e-02
6.4804646502681313e+00 -1.8635973192589660e-02
6.4820810212343485e+00 -1.8620953382340790e-02
6.4836973922005665e+00 -1.8605944828223132e-02
6.4853137631667837e+00 -1.8590947523345547e-02
6.4869301341330008e+00 -1.8575961460818063e-02
6.4885465050992179e+00 -1.8560986633751900e-02
6.4901628760654360e+00 -1.8546023035259505e-02
6.4917792470316531e+00 -1.8531070658454579e-02
6.4933956179978702e+00 -1.8516129496451997e-02
6.4950119889640874e+00 -1.8501199542367893e-02
6.4966283599303054e+00 -1.8486280789319624e-02
6.4982447308965225e+00 -1.8471373230425827e-02
6.4998611018627397e+00 -1.8456476858806355e-02
6.5014774728289568e+00 -1.8441591667582347e-02
6.5030938437951749e+00 -1.8426717649876186e-02
6.5047102147613920e+00 -1.8411854798811578e-02
6.5063265857276091e+00 -1.8397003107513455e-02
6.5079429566938272e+00 -1.8382162569108046e-02
6.5095593276600443e+00 -1.8367333176722924e-02
6.5111756986262614e+00 -1.8352514923486905e-02
6.5127920695924786e+00 -1.8337707802530127e-02
6.5144084405586966e+00 -1.8322911806984078e-02
6.5160248115249138e+00 -1.8308126929981530e-02
6.5176411824911309e+00 -1.8293353164656582e-02
6.5192575534573480e+00 -1.8278590504144709e-02
6.5208739244235661e+00 -1.8263838941582677e-02
6.5224902953897832e+00 -1.8249098470108631e-02
6.5241066663560003e+00 -1.8234369082862065e-02
6.5257230373222184e+00 -1.8219650772983830e-02
6.5273394082884355e+00 -1.8204943533616139e-02
6.5289557792546526e+00 -1.8190247357902603e-02
6.5305721502208698e+00 -1.8175562238988200e-02
6.5321885211870878e+00 -1.8160888170019270e-02
6.5338048921533050e+00 -1.8146225144143609e-02
6.5354212631195221e+00 -1.8131573154510354e-02
6.5370376340857392e+00 -1.8116932194270075e-02
6.5386540050519573e+00 -1.8102302256574734e-02
6.5402703760181744e+00 -1.8087683334577769e-02
6.5418867469843915e+00 -1.8073075421433979e-02
6.5435031179506087e+00 -1.8058478510299632e-02
6.5451194889168267e+00 -1.8043892594332405e-02
6.5467358598830439e+00 -1.8029317666691483e-02
6.5483522308492610e+00 -1.8014753720537426e-02
6.5499686018154790e+00 -1.8000200749032278e-02
6.5515849727816962e+00 -1.7985658745339590e-02
6.5532013437479133e+00 -1.7971127702624334e-02
6.5548177147141304e+00 -1.7956607614052968e-02
6.5564340856803485e+00 -1.7942098472793426e-02
6.5580504566465656e+00 -1.7927600272015176e-02
6.5596668276127827e+00 -1.7913113004889129e-02
6.5612831985789999e+00 -1.7898636664587703e-02
6.5628995695452179e+00 -1.7884171244284874e-02
6.5645159405114351e+00 -1.7869716737156073e-02
6.5661323114776522e+00 -1.7855273136378264e-02
6.5677486824438702e+00 -1.7840840435129974e-02
6.5693650534100874e+00 -1.7826418626591220e-02
6.5709814243763045e+00 -1.7812007703943554e-02
6.5725977953425216e+00 -1.7797607660370134e-02
6.5742141663087397e+00 -1.7783218489055574e-02
6.5758305372749568e+00 -1.7768840183186130e-02
6.5774469082411740e+00 -1.7754472735949579e-02
6.5790632792073911e+00 -1.7740116140535264e-02
6.5806796501736091e+00 -1.7725770390134097e-02
6.5822960211398263e+00 -1.7711435477938610e-02
6.5839123921060434e+00 -1.7697111397142883e-02
6.5855287630722605e+00 -1.7682798140942597e-02
6.5871451340384786e+00 -1.7668495702535016e-02
6.5887615050046957e+00 -1.7654204075119060e-02
6.5903778759709128e+00 -1.7639923251895204e-02
6.5919942469371309e+00 -1.7625653226065539e-02
6.5936106179033480e+00 -1.7611393990833831e-02
6.5952269888695652e+00 -1.7597145539405425e-02
6.5968433598357823e+00 -1.7582907864987309e-02
6.5984597308020003e+00 -1.7568680960788084e-02
6.6000761017682175e+00 -1.7554464820018070e-02
6.6016924727344346e+00 -1.7540259435889161e-02
6.6033088437006517e+00 -1.7526064801614935e-02
6.6049252146668698e+00 -1.7511880910410654e-02
6.6065415856330869e+00 -1.7497707755493204e-02
6.6081579565993041e+00 -1.7483545330081167e-02
6.6097743275655221e+00 -1.7469393627394816e-02
6.6113906985317392e+00 -1.7455252640656085e-02
6.6130070694979564e+00 -1.7441122363088590e-02
6.6146234404641735e+00 -1.7427002787917690e-02
6.6162398114303915e+00 -1.7412893908370395e-02
6.6178561823966087e+00 -1.7398795717675424e-02
6.6194725533628258e+00 -1.7384708209063258e-02
6.6210889243290429e+00 -1.7370631375766051e-02
6.6227052952952610e+00 -1.7356565211017663e-02
6.6243216662614781e+00 -1.7342509708053736e-02
6.6259380372276953e+00 -1.7328464860111616e-02
6.6275544081939133e+00 -1.7314430660430376e-02
6.6291707791601304e+00 -1.7300407102250871e-02
6.6307871501263476e+00 -1.7286394178815678e-02
6.6324035210925647e+00 -1.7272391883369133e-02
6.6340198920587827e+00 -1.7258400209157324e-02
6.6356362630249999e+00 -1.7244419149428147e-02
6.6372526339912170e+00 -1.7230448697431223e-02
6.6388690049574342e+00 -1.7216488846417972e-02
6.6404853759236522e+00 -1.7202539589641578e-02
6.6421017468898693e+00 -1.7188600920357056e-02
6.6437181178560865e+00 -1.7174672831821169e-02
6.6453344888223036e+00 -1.7160755317292494e-02
6.6469508597885216e+00 -1.7146848370031414e-02
6.6485672307547388e+00 -1.7132951983300122e-02
6.6501836017209559e+00 -1.7119066150362631e-02
6.6517999726871739e+00 -1.7105190864484730e-02
6.6534163436533911e+00 -1.7091326118934113e-02
6.6550327146196082e+00 -1.7077471906980241e-02
6.6566490855858254e+00 -1.7063628221894410e-02
6.6582654565520434e+00 -1.7049795056949802e-02
6.6598818275182605e+00 -1.7035972405421401e-02
6.6614981984844777e+00 -1.7022160260586047e-02
6.6631145694506948e+00 -1.7008358615722471e-02
6.6647309404169128e+00 -1.6994567464111217e-02
6.6663473113831300e+00 -1.6980786799034711e-02
6.6679636823493471e+00 -1.6967016613777273e-02
6.6695800533155651e+00 -1.6953256901625073e-02
6.6711964242817823e+00 -1.6939507655866159e-02
6.6728127952479994e+00 -1.6925768869790494e-02
6.6744291662142166e+00 -1.6912040536689897e-02
6.6760455371804346e+00 -1.6898322649858088e-02
6.6776619081466517e+00 -1.6884615202590724e-02
6.6792782791128689e+00 -1.6870918188185331e-02
6.6808946500790860e+00 -1.6857231599941350e-02
6.6825110210453040e+00 -1.6843555431160135e-02
6.6841273920115212e+00 -1.6829889675144989e-02
6.6857437629777383e+00 -1.6816234325201112e-02
6.6873601339439555e+00 -1.6802589374635649e-02
6.6889765049101735e+00 -1.6788954816757642e-02
6.6905928758763906e+00 -1.6775330644878142e-02
6.6922092468426078e+00 -1.6761716852310097e-02
6.6938256178088258e+00 -1.6748113432368390e-02
6.6954419887750429e+00 -1.6734520378369921e-02
6.6970583597412601e+00 -1.6720937683633485e-02
6.6986747307074772e+00 -1.6707365341479864e-02
6.7002911016736952e+00 -1.6693803345231822e-02
6.7019074726399124e+00 -1.6680251688214087e-02
6.7035238436061295e+00 -1.6666710363753341e-02
6.7051402145723467e+00 -1.6653179365178301e-02
6.7067565855385647e+00 -1.6639658685819628e-02
6.7083729565047818e+00 -1.6626148319009975e-02
6.7099893274709990e+00 -1.6612648258084034e-02
6.7116056984372170e+00 -1.6599158496378452e-02
6.7132220694034341e+00 -1.6585679027231882e-02
6.7148384403696513e+00 -1.6572209843985043e-02
6.7164548113358684e+00 -1.6558750939980611e-02
6.7180711823020864e+00 -1.6545302308563291e-02
6.7196875532683036e+00 -1.6531863943079848e-02
6.7213039242345207e+00 -1.6518435836879047e-02
6.7229202952007379e+00 -1.6505017983311675e-02
6.7245366661669559e+00 -1.6491610375730568e-02
6.7261530371331730e+00 -1.6478213007490639e-02
6.7277694080993902e+00 -1.6464825871948804e-02
6.7293857790656073e+00 -1.6451448962464043e-02
6.7310021500318253e+00 -1.6438082272397379e-02
6.7326185209980425e+00 -1.6424725795111939e-02
6.7342348919642596e+00 -1.6411379523972876e-02
6.7358512629304776e+00 -1.6398043452347411e-02
6.7374676338966948e+00 -1.6384717573604872e-02
6.7390840048629119e+00 -1.6371401881116628e-02
6.7407003758291291e+00 -1.6358096368256150e-02
6.7423167467953471e+00 -1.6344801028398980e-02
6.7439331177615642e+00 -1.6331515854922787e-02
6.7455494887277814e+00 -1.6318240841207306e-02
6.7471658596939985e+00 -1.6304975980634351e-02
6.7487822306602165e+00 -1.6291721266587900e-02
6.7503986016264337e+00 -1.6278476692453994e-02
6.7520149725926508e+00 -1.6265242251620782e-02
6.7536313435588688e+00 -1.6252017937478578e-02
6.7552477145250860e+00 -1.6238803743419770e-02
6.7568640854913031e+00 -1.6225599662838874e-02
6.7584804564575203e+00 -1.6212405689132580e-02
6.7600968274237383e+00 -1.6199221815699664e-02
6.7617131983899554e+00 -1.6186048035941047e-02
6.7633295693561726e+00 -1.6172884343259829e-02
6.7649459403223897e+00 -1.6159730731061216e-02
6.7665623112886077e+00 -1.6146587192752568e-02
6.7681786822548249e+00 -1.6133453721743435e-02
6.7697950532210420e+00 -1.6120330311445493e-02
6.7714114241872592e+00 -1.6107216955272594e-02
6.7730277951534772e+00 -1.6094113646640724e-02
6.7746441661196943e+00 -1.6081020378968112e-02
6.7762605370859115e+00 -1.6067937145675094e-02
6.7778769080521295e+00 -1.6054863940184207e-02
6.7794932790183466e+00 -1.6041800755920203e-02
6.7811096499845638e+00 -1.6028747586309976e-02
6.7827260209507809e+00 -1.6015704424782628e-02
6.7843423919169989e+00 -1.6002671264769449e-02
6.7859587628832161e+00 -1.5989648099703966e-02
6.7875751338494332e+00 -1.5976634923021864e-02
6.7891915048156504e+00 -1.5963631728161051e-02
6.7908078757818684e+00 -1.5950638508561644e-02
6.7924242467480855e+00 -1.5937655257665995e-02
6.7940406177143027e+00 -1.5924681968918653e-02
6.7956569886805207e+00 -1.5911718635766386e-02
6.7972733596467378e+00 -1.5898765251658217e-02
6.7988897306129550e+00 -1.5885821810045359e-02
6.8005061015791721e+00 -1.5872888304381313e-02
6.8021224725453902e+00 -1.5859964728121772e-02
6.8037388435116073e+00 -1.5847051074724686e-02
6.8053552144778244e+00 -1.5834147337650269e-02
6.8069715854440416e+00 -1.5821253510360962e-02
6.8085879564102596e+00 -1.5808369586321456e-02
6.8102043273764767e+00 -1.5795495558998739e-02
6.8118206983426939e+00 -1.5782631421862019e-02
6.8134370693089119e+00 -1.5769777168382768e-02
6.8150534402751290e+00 -1.5756932792034772e-02
6.8166698112413462e+00 -1.5744098286294052e-02
6.8182861822075633e+00 -1.5731273644638909e-02
6.8199025531737814e+00 -1.5718458860549928e-02
6.8215189241399985e+00 -1.5705653927509989e-02
6.8231352951062156e+00 -1.5692858839004245e-02
6.8247516660724328e+00 -1.5680073588520149e-02
6.8263680370386508e+00 -1.5667298169547424e-02
6.8279844080048679e+00 -1.5654532575578153e-02
6.8296007789710851e+00 -1.5641776800106658e-02
6.8312171499373022e+00 -1.5629030836629594e-02
6.8328335209035203e+00 -1.5616294678645908e-02
6.8344498918697374e+00 -1.5603568319656909e-02
6.8360662628359545e+00 -1.5590851753166166e-02
6.8376826338021726e+00 -1.5578144972679580e-02
6.8392990047683897e+00 -1.5565447971705414e-02
6.8409153757346068e+00 -1.5552760743754217e-02
6.8425317467008240e+00 -1.5540083282338867e-02
6.8441481176670420e+00 -1.5527415580974625e-02
6.8457644886332591e+00 -1.5514757633179046e-02
6.8473808595994763e+00 -1.5502109432472011e-02
6.8489972305656934e+00 -1.5489470972375808e-02
6.8506136015319115e+00 -1.5476842246415028e-02
6.8522299724981286e+00 -1.5464223248116603e-02
6.8538463434643457e+00 -1.5451613971009876e-02
6.8554627144305638e+00 -1.5439014408626498e-02
6.8570790853967809e+00 -1.5426424554500485e-02
6.8586954563629980e+00 -1.5413844402168262e-02
6.8603118273292152e+00 -1.5401273945168574e-02
6.8619281982954332e+00 -1.5388713177042549e-02
6.8635445692616504e+00 -1.5376162091333728e-02
6.8651609402278675e+00 -1.5363620681587985e-02
6.8667773111940846e+00 -1.5351088941353603e-02
6.8683936821603027e+00 -1.5338566864181218e-02
6.8700100531265198e+00 -1.5326054443623919e-02
6.8716264240927369e+00 -1.5313551673237119e-02
6.8732427950589541e+00 -1.5301058546578669e-02
6.8748591660251721e+00 -1.5288575057208787e-02
6.8764755369913892e+00 -1.5276101198690143e-02
6.8780919079576064e+00 -1.5263636964587766e-02
6.8797082789238244e+00 -1.5251182348469094e-02
6.8813246498900416e+00 -1.5238737343904027e-02
6.8829410208562587e+00 -1.5226301944464830e-02
6.8845573918224758e+00 -1.5213876143726207e-02
6.8861737627886939e+00 -1.5201459935265263e-02
6.8877901337549110e+00 -1.5189053312661571e-02
6.8894065047211281e+00 -1.5176656269497098e-02
6.8910228756873453e+00 -1.5164268799356236e-02
6.8926392466535633e+00 -1.5151890895825856e-02
6.8942556176197805e+00 -1.5139522552495220e-02
6.8958719885859976e+00 -1.5127163762956043e-02
6.8974883595522156e+00 -1.5114814520802501e-02
6.8991047305184328e+00 -1.5102474819631190e-02
6.9007211014846499e+00 -1.5090144653041197e-02
6.9023374724508670e+00 -1.5077824014634020e-02
6.9039538434170851e+00 -1.5065512898013621e-02
6.9055702143833022e+00 -1.5053211296786457e-02
6.9071865853495193e+00 -1.5040919204561408e-02
6.9088029563157365e+00 -1.5028636614949834e-02
6.9104193272819545e+00 -1.5016363521565546e-02
6.9120356982481717e+00 -1.5004099918024871e-02
6.9136520692143888e+00 -1.4991845797946577e-02
6.9152684401806059e+00 -1.4979601154951902e-02
6.9168848111468240e+00 -1.4967365982664576e-02
6.9185011821130411e+00 -1.4955140274710841e-02
6.9201175530792582e+00 -1.4942924024719388e-02
6.9217339240454763e+00 -1.4930717226321383e-02
6.9233502950116934e+00 -1.4918519873150547e-02
6.9249666659779106e+00 -1.4906331958843042e-02
6.9265830369441277e+00 -1.4894153477037552e-02
6.9281994079103457e+00 -1.4881984421375241e-02
6.9298157788765629e+00 -1.4869824785499820e-02
6.9314321498427800e+00 -1.4857674563057461e-02
6.9330485208089971e+00 -1.4845533747696859e-02
6.9346648917752152e+00 -1.4833402333069253e-02
6.9362812627414323e+00 -1.4821280312828353e-02
6.9378976337076494e+00 -1.4809167680630404e-02
6.9395140046738675e+00 -1.4797064430134189e-02
6.9411303756400846e+00 -1.4784970555000995e-02
6.9427467466063018e+00 -1.4772886048894630e-02
6.9443631175725189e+00 -1.4760810905481477e-02
6.9459794885387369e+00 -1.4748745118430386e-02
6.9475958595049541e+00 -1.4736688681412775e-02
6.9492122304711712e+00 -1.4724641588102624e-02
6.9508286014373883e+00 -1.4712603832176417e-02
6.9524449724036064e+00 -1.4700575407313182e-02
6.9540613433698235e+00 -1.4688556307194525e-02
6.9556777143360407e+00 -1.4676546525504583e-02
6.9572940853022578e+00 -1.4664546055930028e-02
6.9589104562684758e+00 -1.4652554892160104e-02
6.9605268272346930e+00 -1.4640573027886626e-02
6.9621431982009101e+00 -1.4628600456803944e-02
6.9637595691671281e+00 -1.4616637172608967e-02
6.9653759401333453e+00 -1.4604683169001207e-02
6.9669923110995624e+00 -1.4592738439682704e-02
6.9686086820657795e+00 -1.4580802978358093e-02
6.9702250530319976e+00 -1.4568876778734552e-02
6.9718414239982147e+00 -1.4556959834521880e-02
6.9734577949644319e+00 -1.4545052139432413e-02
6.9750741659306490e+00 -1.4533153687181095e-02
6.9766905368968670e+00 -1.4521264471485426e-02
6.9783069078630842e+00 -1.4509384486065532e-02
6.9799232788293013e+00 -1.4497513724644095e-02
6.9815396497955193e+00 -1.4485652180946386e-02
6.9831560207617365e+00 -1.4473799848700305e-02
6.9847723917279536e+00 -1.4461956721636315e-02
6.9863887626941708e+00 -1.4450122793487475e-02
6.9880051336603888e+00 -1.4438298057989485e-02
6.9896215046266059e+00 -1.4426482508880605e-02
6.9912378755928231e+00 -1.4414676139901713e-02
6.9928542465590402e+00 -1.4402878944796322e-02
6.9944706175252582e+00 -1.4391090917310532e-02
6.9960869884914754e+00 -1.4379312051193036e-02
6.9977033594576925e+00 -1.4367542340195199e-02
6.9993197304239096e+00 -1.4355781778070958e-02
7.0009361013901277e+00 -1.4344030358576881e-02
7.0025524723563448e+00 -1.4332288075472184e-02
7.0041688433225620e+00 -1.4320554922518684e-02
7.0057852142887800e+00 -1.4308830893480813e-02
7.0074015852549971e+00 -1.4297115982125689e-02
7.0090179562212143e+00 -1.4285410182223004e-02
7.0106343271874314e+00 -1.4273713487545114e-02
7.0122506981536494e+00 -1.4262025891866996e-02
7.0138670691198666e+00 -1.4250347388966307e-02
7.0154834400860837e+00 -1.4238677972623301e-02
7.0170998110523009e+00 -1.4227017636620900e-02
7.0187161820185189e+00 -1.4215366374744652e-02
7.0203325529847360e+00 -1.4203724180782801e-02
7.0219489239509532e+00 -1.4192091048526192e-02
7.0235652949171712e+00 -1.4180466971768337e-02
7.0251816658833883e+00 -1.4168851944305436e-02
7.0267980368496055e+00 -1.4157245959936312e-02
7.0284144078158226e+00 -1.4145649012462444e-02
7.0300307787820406e+00 -1.4134061095688022e-02
7.0316471497482578e+00 -1.4122482203419858e-02
7.0332635207144749e+00 -1.4110912329467429e-02
7.0348798916806921e+00 -1.4099351467642924e-02
7.0364962626469101e+00 -1.4087799611761159e-02
7.0381126336131272e+00 -1.4076256755639642e-02
7.0397290045793444e+00 -1.4064722893098573e-02
7.0413453755455624e+00 -1.4053198017960808e-02
7.0429617465117795e+00 -1.4041682124051878e-02
7.0445781174779967e+00 -1.4030175205200042e-02
7.0461944884442138e+00 -1.4018677255236194e-02
7.0478108594104318e+00 -1.4007188267993922e-02
7.0494272303766490e+00 -1.3995708237309541e-02
7.0510436013428661e+00 -1.3984237157022027e-02
7.0526599723090833e+00 -1.3972775020973048e-02
7.0542763432753013e+00 -1.3961321823006972e-02
7.0558927142415184e+00 -1.3949877556970884e-02
7.0575090852077356e+00 -1.3938442216714548e-02
7.0591254561739527e+00 -1.3927015796090436e-02
7.0607418271401707e+00 -1.3915598288953709e-02
7.0623581981063879e+00 -1.3904189689162278e-02
7.0639745690726050e+00 -1.3892789990576719e-02
7.0655909400388230e+00 -1.3881399187060321e-02
7.0672073110050402e+00 -1.3870017272479128e-02
7.0688236819712573e+00 -1.3858644240701854e-02
7.0704400529374745e+00 -1.3847280085599937e-02
7.0720564239036925e+00 -1.3835924801047539e-02
7.0736727948699096e+00 -1.3824578380921559e-02
7.0752891658361268e+00 -1.3813240819101598e-02
7.0769055368023439e+00 -1.3801912109469973e-02
7.0785219077685619e+00 -1.3790592245911766e-02
7.0801382787347791e+00 -1.3779281222314753e-02
7.0817546497009962e+00 -1.3767979032569436e-02
7.0833710206672142e+00 -1.3756685670569094e-02
7.0849873916334314e+00 -1.3745401130209689e-02
7.0866037625996485e+00 -1.3734125405389935e-02
7.0882201335658657e+00 -1.3722858490011314e-02
7.0898365045320837e+00 -1.3711600377978011e-02
7.0914528754983008e+00 -1.3700351063196951e-02
7.0930692464645180e+00 -1.3689110539577842e-02
7.0946856174307351e+00 -1.3677878801033112e-02
7.0963019883969531e+00 -1.3666655841477911e-02
7.0979183593631703e+00 -1.3655441654830198e-02
7.0995347303293874e+00 -1.3644236235010631e-02
7.1011511012956046e+00 -1.3633039575942653e-02
7.1027674722618226e+00 -1.3621851671552427e-02
7.1043838432280397e+00 -1.3610672515768927e-02
7.1060002141942569e+00 -1.3599502102523840e-02
7.1076165851604749e+00 -1.3588340425751619e-02
7.1092329561266920e+00 -1.3577187479389508e-02
7.1108493270929092e+00 -1.3566043257377489e-02
7.1124656980591263e+00 -1.3554907753658307e-02
7.1140820690253443e+00 -1.3543780962177484e-02
7.1156984399915615e+00 -1.3532662876883327e-02
7.1173148109577786e+00 -1.3521553491726891e-02
7.1189311819239958e+00 -1.3510452800662017e-02
7.1205475528902138e+00 -1.3499360797645292e-02
7.1221639238564309e+00 -1.3488277476636130e-02
7.1237802948226481e+00 -1.3477202831596678e-02
7.1253966657888661e+00 -1.3466136856491895e-02
7.1270130367550832e+00 -1.3455079545289505e-02
7.1286294077213004e+00 -1.3444030891960005e-02
7.1302457786875175e+00 -1.3432990890476710e-02
7.1318621496537355e+00 -1.3421959534815689e-02
7.1334785206199527e+00 -1.3410936818955806e-02
7.1350948915861698e+00 -1.3399922736878738e-02
7.1367112625523870e+00 -1.3388917282568927e-02
7.1383276335186050e+00 -1.3377920450013611e-02
7.1399440044848221e+00 -1.3366932233202846e-02
7.1415603754510393e+00 -1.3355952626129463e-02
7.1431767464172564e+00 -1.3344981622789099e-02
7.1447931173834744e+00 -1.3334019217180164e-02
7.1464094883496916e+00 -1.3323065403303927e-02
7.1480258593159087e+00 -1.3312120175164414e-02
7.1496422302821268e+00 -1.3301183526768460e-02
7.1512586012483439e+00 -1.3290255452125735e-02
7.1528749722145610e+00 -1.3279335945248686e-02
7.1544913431807782e+00 -1.3268425000152583e-02
7.1561077141469962e+00 -1.3257522610855490e-02
7.1577240851132133e+00 -1.3246628771378320e-02
7.1593404560794305e+00 -1.3235743475744771e-02
7.1609568270456476e+00 -1.3224866717981360e-02
7.1625731980118656e+00 -1.3213998492117417e-02
7.1641895689780828e+00 -1.3203138792185112e-02
7.1658059399442999e+00 -1.3192287612219425e-02
7.1674223109105180e+00 -1.3181444946258131e-02
7.1690386818767351e+00 -1.3170610788341884e-02
7.1706550528429522e+00 -1.3159785132514108e-02
7.1722714238091694e+00 -1.3148967972821068e-02
7.1738877947753874e+00 -1.3138159303311886e-02
7.1755041657416045e+00 -1.3127359118038482e-02
7.1771205367078217e+00 -1.3116567411055602e-02
7.1787369076740388e+00 -1.3105784176420863e-02
7.1803532786402569e+00 -1.3095009408194675e-02
7.1819696496064740e+00 -1.3084243100440290e-02
7.1835860205726911e+00 -1.3073485247223824e-02
7.1852023915389083e+00 -1.3062735842614198e-02
7.1868187625051263e+00 -1.3051994880683180e-02
7.1884351334713434e+00 -1.3041262355505397e-02
7.1900515044375606e+00 -1.3030538261158299e-02
7.1916678754037786e+00 -1.3019822591722173e-02
7.1932842463699957e+00 -1.3009115341280186e-02
7.1949006173362129e+00 -1.2998416503918314e-02
7.1965169883024300e+00 -1.2987726073725388e-02
7.1981333592686481e+00 -1.2977044044793089e-02
7.1997497302348652e+00 -1.2966370411215976e-02
7.2013661012010823e+00 -1.2955705167091422e-02
7.2029824721672995e+00 -1.2945048306519666e-02
7.2045988431335175e+00 -1.2934399823603795e-02
7.2062152140997346e+00 -1.2923759712449774e-02
7.2078315850659518e+00 -1.2913127967166404e-02
7.2094479560321698e+00 -1.2902504581865338e-02
7.2110643269983870e+00 -1.2891889550661114e-02
7.2126806979646041e+00 -1.2881282867671120e-02
7.2142970689308212e+00 -1.2870684527015586e-02
7.2159134398970393e+00 -1.2860094522817622e-02
7.2175298108632564e+00 -1.2849512849203213e-02
7.2191461818294735e+00 -1.2838939500301204e-02
7.2207625527956907e+00 -1.2828374470243275e-02
7.2223789237619087e+00 -1.2817817753164023e-02
7.2239952947281258e+00 -1.2807269343200877e-02
7.2256116656943430e+00 -1.2796729234494174e-02
7.2272280366605601e+00 -1.2786197421187084e-02
7.2288444076267782e+00 -1.2775673897425659e-02
7.2304607785929953e+00 -1.2765158657358854e-02
7.2320771495592124e+00 -1.2754651695138470e-02
7.2336935205254305e+00 -1.2744153004919177e-02
7.2353098914916476e+00 -1.2733662580858566e-02
7.2369262624578647e+00 -1.2723180417117069e-02
7.2385426334240819e+00 -1.2712706507858005e-02
7.2401590043902999e+00 -1.2702240847247571e-02
7.2417753753565171e+00 -1.2691783429454880e-02
7.2433917463227342e+00 -1.2681334248651890e-02
7.2450081172889513e+00 -1.2670893299013450e-02
7.2466244882551694e+00 -1.2660460574717293e-02
7.2482408592213865e+00 -1.2650036069944075e-02
7.2498572301876036e+00 -1.2639619778877301e-02
7.2514736011538217e+00 -1.2629211695703363e-02
7.2530899721200388e+00 -1.2618811814611584e-02
7.2547063430862559e+00 -1.2608420129794136e-02
7.2563227140524731e+00 -1.2598036635446107e-02
7.2579390850186911e+00 -1.2587661325765458e-02
7.2595554559849083e+00 -1.2577294194953077e-02
7.2611718269511254e+00 -1.2566935237212725e-02
7.2627881979173425e+00 -1.2556584446751045e-02
7.2644045688835606e+00 -1.2546241817777627e-02
7.2660209398497777e+00 -1.2535907344504915e-02
7.2676373108159948e+00 -1.2525581021148266e-02
7.2692536817822129e+00 -1.2515262841925948e-02
7.2708700527484300e+00 -1.2504952801059120e-02
7.2724864237146472e+00 -1.2494650892771835e-02
7.2741027946808643e+00 -1.2484357111291091e-02
7.2757191656470823e+00 -1.2474071450846745e-02
7.2773355366132995e+00 -1.2463793905671573e-02
7.2789519075795166e+00 -1.2453524470001280e-02
7.2805682785457337e+00 -1.2443263138074452e-02
7.2821846495119518e+00 -1.2433009904132592e-02
7.2838010204781689e+00 -1.2422764762420128e-02
7.2854173914443860e+00 -1.2412527707184382e-02
7.2870337624106032e+00 -1.2402298732675588e-02
7.2886501333768212e+00 -1.2392077833146895e-02
7.2902665043430384e+00 -1.2381865002854381e-02
7.2918828753092555e+00 -1.2371660236057026e-02
7.2934992462754735e+00 -1.2361463527016713e-02
7.2951156172416907e+00 -1.2351274869998270e-02
7.2967319882079078e+00 -1.2341094259269421e-02
7.2983483591741249e+00 -1.2330921689100821e-02
7.2999647301403430e+00 -1.2320757153766021e-02
7.3015811011065601e+00 -1.2310600647541536e-02
7.3031974720727773e+00 -1.2300452164706766e-02
7.3048138430389944e+00 -1.2290311699544041e-02
7.3064302140052124e+00 -1.2280179246338613e-02
7.3080465849714296e+00 -1.2270054799378675e-02
7.3096629559376467e+00 -1.2259938352955330e-02
7.3112793269038647e+00 -1.2249829901362589e-02
7.3128956978700819e+00 -1.2239729438897437e-02
7.3145120688362990e+00 -1.2229636959859739e-02
7.3161284398025161e+00 -1.2219552458552307e-02
7.3177448107687342e+00 -1.2209475929280903e-02
7.3193611817349513e+00 -1.2199407366354182e-02
7.3209775527011685e+00 -1.2189346764083734e-02
7.3225939236673856e+00 -1.2179294116784117e-02
7.3242102946336036e+00 -1.2169249418772780e-02
7.3258266655998208e+00 -1.2159212664370136e-02
7.3274430365660379e+00 -1.2149183847899508e-02
7.3290594075322550e+00 -1.2139162963687170e-02
7.3306757784984731e+00 -1.2129150006062307e-02
7.3322921494646902e+00 -1.2119144969357083e-02
7.3339085204309074e+00 -1.2109147847906563e-02
7.3355248913971254e+00 -1.2099158636048751e-02
7.3371412623633425e+00 -1.2089177328124621e-02
7.3387576333295597e+00 -1.2079203918478051e-02
7.3403740042957768e+00 -1.2069238401455878e-02
7.3419903752619948e+00 -1.2059280771407863e-02
7.3436067462282120e+00 -1.2049331022686743e-02
7.3452231171944291e+00 -1.2039389149648158e-02
7.3468394881606462e+00 -1.2029455146650710e-02
7.3484558591268643e+00 -1.2019529008055934e-02
7.3500722300930814e+00 -1.2009610728228337e-02
7.3516886010592986e+00 -1.1999700301535344e-02
7.3533049720255166e+00 -1.1989797722347319e-02
7.3549213429917337e+00 -1.1979902985037608e-02
7.3565377139579509e+00 -1.1970016083982474e-02
7.3581540849241680e+00 -1.1960137013561127e-02
7.3597704558903860e+00 -1.1950265768155759e-02
7.3613868268566032e+00 -1.1940402342151477e-02
7.3630031978228203e+00 -1.1930546729936332e-02
7.3646195687890375e+00 -1.1920698925901366e-02
7.3662359397552555e+00 -1.1910858924440543e-02
7.3678523107214726e+00 -1.1901026719950773e-02
7.3694686816876898e+00 -1.1891202306831942e-02
7.3710850526539069e+00 -1.1881385679486871e-02
7.3727014236201249e+00 -1.1871576832321328e-02
7.3743177945863421e+00 -1.1861775759744073e-02
7.3759341655525592e+00 -1.1851982456166785e-02
7.3775505365187772e+00 -1.1842196916004091e-02
7.3791669074849944e+00 -1.1832419133673623e-02
7.3807832784512115e+00 -1.1822649103595921e-02
7.3823996494174287e+00 -1.1812886820194504e-02
7.3840160203836467e+00 -1.1803132277895834e-02
7.3856323913498638e+00 -1.1793385471129363e-02
7.3872487623160810e+00 -1.1783646394327474e-02
7.3888651332822981e+00 -1.1773915041925513e-02
7.3904815042485161e+00 -1.1764191408361780e-02
7.3920978752147333e+00 -1.1754475488077579e-02
7.3937142461809504e+00 -1.1744767275517111e-02
7.3953306171471684e+00 -1.1735066765127576e-02
7.3969469881133856e+00 -1.1725373951359145e-02
7.3985633590796027e+00 -1.1715688828664928e-02
7.4001797300458199e+00 -1.1706011391501008e-02
7.4017961010120379e+00 -1.1696341634326425e-02
7.4034124719782550e+00 -1.1686679551603206e-02
7.4050288429444722e+00 -1.1677025137796320e-02
7.4066452139106893e+00 -1.1667378387373696e-02
7.4082615848769073e+00 -1.1657739294806263e-02
7.4098779558431245e+00 -1.1648107854567892e-02
7.4114943268093416e+00 -1.1638484061135402e-02
7.4131106977755588e+00 -1.1628867908988630e-02
7.4147270687417768e+00 -1.1619259392610340e-02
7.4163434397079939e+00 -1.1609658506486265e-02
7.4179598106742111e+00 -1.1600065245105149e-02
7.4195761816404291e+00 -1.1590479602958649e-02
7.4211925526066462e+00 -1.1580901574541416e-02
7.4228089235728634e+00 -1.1571331154351092e-02
7.4244252945390805e+00 -1.1561768336888259e-02
7.4260416655052985e+00 -1.1552213116656473e-02
7.4276580364715157e+00 -1.1542665488162291e-02
7.4292744074377328e+00 -1.1533125445915213e-02
7.4308907784039500e+00 -1.1523592984427712e-02
7.4325071493701680e+00 -1.1514068098215237e-02
7.4341235203363851e+00 -1.1504550781796232e-02
7.4357398913026023e+00 -1.1495041029692088e-02
7.4373562622688203e+00 -1.1485538836427169e-02
7.4389726332350374e+00 -1.1476044196528840e-02
7.4405890042012546e+00 -1.1466557104527418e-02
7.4422053751674717e+00 -1.1457077554956200e-02
7.4438217461336897e+00 -1.1447605542351446e-02
7.4454381170999069e+00 -1.1438141061252429e-02
7.4470544880661240e+00 -1.1428684106201363e-02
7.4486708590323412e+00 -1.1419234671743442e-02
7.4502872299985592e+00 -1.1409792752426864e-02
7.4519036009647763e+00 -1.1400358342802775e-02
7.4535199719309935e+00 -1.1390931437425299e-02
7.4551363428972115e+00 -1.1381512030851569e-02
7.4567527138634286e+00 -1.1372100117641667e-02
7.4583690848296458e+00 -1.1362695692358645e-02
7.4599854557958629e+00 -1.1353298749568580e-02
7.4616018267620809e+00 -1.1343909283840489e-02
7.4632181977282981e+00 -1.1334527289746359e-02
7.4648345686945152e+00 -1.1325152761861211e-02
7.4664509396607324e+00 -1.1315785694762992e-02
7.4680673106269504e+00 -1.1306426083032646e-02
7.4696836815931675e+00 -1.1297073921254118e-02
7.4713000525593847e+00 -1.1287729204014305e-02
7.4729164235256018e+00 -1.1278391925903099e-02
7.4745327944918198e+00 -1.1269062081513369e-02
7.4761491654580370e+00 -1.1259739665440983e-02
7.4777655364242541e+00 -1.1250424672284770e-02
7.4793819073904722e+00 -1.1241117096646540e-02
7.4809982783566893e+00 -1.1231816933131114e-02
7.4826146493229064e+00 -1.1222524176346270e-02
7.4842310202891236e+00 -1.1213238820902773e-02
7.4858473912553416e+00 -1.1203960861414366e-02
7.4874637622215587e+00 -1.1194690292497802e-02
7.4890801331877759e+00 -1.1185427108772791e-02
7.4906965041539930e+00 -1.1176171304862040e-02
7.4923128751202110e+00 -1.1166922875391231e-02
7.4939292460864282e+00 -1.1157681814989044e-02
7.4955456170526453e+00 -1.1148448118287134e-02
7.4971619880188634e+00 -1.1139221779920135e-02
7.4987783589850805e+00 -1.1130002794525688e-02
7.5003947299512976e+00 -1.1120791156744398e-02
7.5020111009175148e+00 -1.1111586861219861e-02
7.5036274718837328e+00 -1.1102389902598674e-02
7.5052438428499499e+00 -1.1093200275530398e-02
7.5068602138161671e+00 -1.1084017974667584e-02
7.5084765847823842e+00 -1.1074842994665790e-02
7.5100929557486023e+00 -1.1065675330183541e-02
7.5117093267148194e+00 -1.1056514975882338e-02
7.5133256976810365e+00 -1.1047361926426707e-02
7.5149420686472537e+00 -1.1038216176484128e-02
7.5165584396134717e+00 -1.1029077720725070e-02
7.5181748105796888e+00 -1.1019946553823013e-02
7.5197911815459060e+00 -1.1010822670454400e-02
7.5214075525121240e+00 -1.1001706065298662e-02
7.5230239234783411e+00 -1.0992596733038243e-02
7.5246402944445583e+00 -1.0983494668358551e-02
7.5262566654107754e+00 -1.0974399865947990e-02
7.5278730363769935e+00 -1.0965312320497940e-02
7.5294894073432106e+00 -1.0956232026702799e-02
7.5311057783094277e+00 -1.0947158979259923e-02
7.5327221492756449e+00 -1.0938093172869675e-02
7.5343385202418629e+00 -1.0929034602235382e-02
7.5359548912080800e+00 -1.0919983262063396e-02
7.5375712621742972e+00 -1.0910939147063035e-02
7.5391876331405152e+00 -1.0901902251946597e-02
7.5408040041067324e+00 -1.0892872571429398e-02
7.5424203750729495e+00 -1.0883850100229724e-02
7.5440367460391666e+00 -1.0874834833068831e-02
7.5456531170053847e+00 -1.0865826764671009e-02
7.5472694879716018e+00 -1.0856825889763508e-02
7.5488858589378189e+00 -1.0847832203076554e-02
7.5505022299040361e+00 -1.0838845699343409e-02
7.5521186008702541e+00 -1.0829866373300277e-02
7.5537349718364712e+00 -1.0820894219686369e-02
7.5553513428026884e+00 -1.0811929233243905e-02
7.5569677137689055e+00 -1.0802971408718059e-02
7.5585840847351236e+00 -1.0794020740857007e-02
7.5602004557013407e+00 -1.0785077224411943e-02
7.5618168266675578e+00 -1.0776140854136994e-02
7.5634331976337759e+00 -1.0767211624789332e-02
7.5650495685999930e+00 -1.0758289531129088e-02
7.5666659395662101e+00 -1.0749374567919382e-02
7.5682823105324273e+00 -1.0740466729926346e-02
7.5698986814986453e+00 -1.0731566011919073e-02
7.5715150524648624e+00 -1.0722672408669658e-02
7.5731314234310796e+00 -1.0713785914953202e-02
7.5747477943972967e+00 -1.0704906525547767e-02
7.5763641653635148e+00 -1.0696034235234414e-02
7.5779805363297319e+00 -1.0687169038797210e-02
7.5795969072959490e+00 -1.0678310931023191e-02
7.5812132782621671e+00 -1.0669459906702383e-02
7.5828296492283842e+00 -1.0660615960627817e-02
7.5844460201946013e+00 -1.0651779087595506e-02
7.5860623911608185e+00 -1.0642949282404444e-02
7.5876787621270365e+00 -1.0634126539856613e-02
7.5892951330932537e+00 -1.0625310854757007e-02
7.5909115040594708e+00 -1.0616502221913588e-02
7.5925278750256879e+00 -1.0607700636137316e-02
7.5941442459919060e+00 -1.0598906092242118e-02
7.5957606169581231e+00 -1.0590118585044951e-02
7.5973769879243402e+00 -1.0581338109365731e-02
7.5989933588905574e+00 -1.0572564660027366e-02
7.6006097298567754e+00 -1.0563798231855754e-02
7.6022261008229925e+00 -1.0555038819679794e-02
7.6038424717892097e+00 -1.0546286418331352e-02
7.6054588427554277e+00 -1.0537541022645308e-02
7.6070752137216449e+00 -1.0528802627459510e-02
7.6086915846878620e+00 -1.0520071227614792e-02
7.6103079556540791e+00 -1.0511346817955000e-02
7.6119243266202972e+00 -1.0502629393326945e-02
7.6135406975865143e+00 -1.0493918948580420e-02
7.6151570685527314e+00 -1.0485215478568243e-02
7.6167734395189486e+00 -1.0476518978146190e-02
7.6183898104851666e+00 -1.0467829442173008e-02
7.6200061814513838e+00 -1.0459146865510482e-02
7.6216225524176009e+00 -1.0450471243023339e-02
7.6232389233838189e+00 -1.0441802569579306e-02
7.6248552943500361e+00 -1.0433140840049119e-02
7.6264716653162532e+00 -1.0424486049306469e-02
7.6280880362824703e+00 -1.0415838192228050e-02
7.6297044072486884e+00 -1.0407197263693531e-02
7.6313207782149055e+00 -1.0398563258585590e-02
7.6329371491811226e+00 -1.0389936171789868e-02
7.6345535201473398e+00 -1.0381315998195006e-02
7.6361698911135578e+00 -1.0372702732692612e-02
7.6377862620797750e+00 -1.0364096370177312e-02
7.6394026330459921e+00 -1.0355496905546692e-02
7.6410190040122101e+00 -1.0346904333701321e-02
7.6426353749784273e+00 -1.0338318649544771e-02
7.6442517459446444e+00 -1.0329739847983591e-02
7.6458681169108615e+00 -1.0321167923927307e-02
7.6474844878770796e+00 -1.0312602872288428e-02
7.6491008588432967e+00 -1.0304044687982477e-02
7.6507172298095139e+00 -1.0295493365927928e-02
7.6523336007757310e+00 -1.0286948901046237e-02
7.6539499717419490e+00 -1.0278411288261879e-02
7.6555663427081662e+00 -1.0269880522502285e-02
7.6571827136743833e+00 -1.0261356598697856e-02
7.6587990846406004e+00 -1.0252839511782019e-02
7.6604154556068185e+00 -1.0244329256691149e-02
7.6620318265730356e+00 -1.0235825828364605e-02
7.6636481975392527e+00 -1.0227329221744750e-02
7.6652645685054708e+00 -1.0218839431776913e-02
7.6668809394716879e+00 -1.0210356453409402e-02
7.6684973104379051e+00 -1.0201880281593518e-02
7.6701136814041222e+00 -1.0193410911283535e-02
7.6717300523703402e+00 -1.0184948337436699e-02
7.6733464233365574e+00 -1.0176492555013274e-02
7.6749627943027745e+00 -1.0168043558976460e-02
7.6765791652689916e+00 -1.0159601344292463e-02
7.6781955362352097e+00 -1.0151165905930451e-02
7.6798119072014268e+00 -1.0142737238862600e-02
7.6814282781676440e+00 -1.0134315338064040e-02
7.6830446491338620e+00 -1.0125900198512878e-02
7.6846610201000791e+00 -1.0117491815190229e-02
7.6862773910662963e+00 -1.0109090183080156e-02
7.6878937620325134e+00 -1.0100695297169719e-02
7.6895101329987314e+00 -1.0092307152448934e-02
7.6911265039649486e+00 -1.0083925743910833e-02
7.6927428749311657e+00 -1.0075551066551384e-02
7.6943592458973828e+00 -1.0067183115369558e-02
7.6959756168636009e+00 -1.0058821885367280e-02
7.6975919878298180e+00 -1.0050467371549490e-02
7.6992083587960352e+00 -1.0042119568924066e-02
7.7008247297622523e+00 -1.0033778472501871e-02
7.7024411007284703e+00 -1.0025444077296764e-02
7.7040574716946875e+00 -1.0017116378325549e-02
7.7056738426609046e+00 -1.0008795370608035e-02
7.7072902136271226e+00 -1.0000481049166982e-02
7.7089065845933398e+00 -9.9921734090281204e-03
7.7105229555595569e+00 -9.9838724452201884e-03
7.7121393265257741e+00 -9.9755781527748662e-03
7.7137556974919921e+00 -9.9672905267268064e-03
7.7153720684582092e+00 -9.9590095621136625e-03
7.7169884394244264e+00 -9.9507352539760299e-03
7.7186048103906435e+00 -9.9424675973574933e-03
7.7202211813568615e+00 -9.9342065873045914e-03
7.7218375523230787e+00 -9.9259522188668656e-03
7.7234539232892958e+00 -9.9177044870968015e-03
7.7250702942555138e+00 -9.9094633870498543e-03
7.7266866652217310e+00 -9.9012289137844767e-03
7.7283030361879481e+00 -9.8930010623620619e-03
7.7299194071541653e+00 -9.8847798278469869e-03
7.7315357781203833e+00 -9.8765652053065811e-03
7.7331521490866004e+00 -9.8683571898111784e-03
7.7347685200528176e+00 -9.8601557764340445e-03
7.7363848910190347e+00 -9.8519609602514286e-03
7.7380012619852527e+00 -9.8437727363425397e-03
7.7396176329514699e+00 -9.8355910997895753e-03
7.7412340039176870e+00 -9.8274160456776772e-03
7.7428503748839042e+00 -9.8192475690949462e-03
7.7444667458501222e+00 -9.8110856651324810e-03
7.7460831168163393e+00 -9.8029303288843239e-03
7.7476994877825565e+00 -9.7947815554474717e-03
7.7493158587487745e+00 -9.7866393399219202e-03
7.7509322297149916e+00 -9.7785036774106007e-03
7.7525486006812088e+00 -9.7703745630194072e-03
7.7541649716474259e+00 -9.7622519918572227e-03
7.7557813426136439e+00 -9.7541359590358687e-03
7.7573977135798611e+00 -9.7460264596701297e-03
7.7590140845460782e+00 -9.7379234888777758e-03
7.7606304555122954e+00 -9.7298270417795121e-03
7.7622468264785134e+00 -9.7217371134990082e-03
7.7638631974447305e+00 -9.7136536991629194e-03
7.7654795684109477e+00 -9.7055767939008327e-03
7.7670959393771657e+00 -9.6975063928452943e-03
7.7687123103433828e+00 -9.6894424911318413e-03
7.7703286813096000e+00 -9.6813850838989319e-03
7.7719450522758171e+00 -9.6733341662880081e-03
7.7735614232420351e+00 -9.6652897334434489e-03
7.7751777942082523e+00 -9.6572517805126185e-03
7.7767941651744694e+00 -9.6492203026458147e-03
7.7784105361406866e+00 -9.6411952949963017e-03
7.7800269071069046e+00 -9.6331767527202839e-03
7.7816432780731217e+00 -9.6251646709769531e-03
7.7832596490393389e+00 -9.6171590449284257e-03
7.7848760200055560e+00 -9.6091598697397897e-03
7.7864923909717740e+00 -9.6011671405790682e-03
7.7881087619379912e+00 -9.5931808526172665e-03
7.7897251329042083e+00 -9.5852010010283248e-03
7.7913415038704263e+00 -9.5772275809891238e-03
7.7929578748366435e+00 -9.5692605876795313e-03
7.7945742458028606e+00 -9.5613000162823314e-03
7.7961906167690778e+00 -9.5533458619832690e-03
7.7978069877352958e+00 -9.5453981199710592e-03
7.7994233587015129e+00 -9.5374567854373433e-03
7.8010397296677301e+00 -9.5295218535767136e-03
7.8026561006339472e+00 -9.5215933195867304e-03
7.8042724716001652e+00 -9.5136711786678770e-03
7.8058888425663824e+00 -9.5057554260236099e-03
7.8075052135325995e+00 -9.4978460568603106e-03
7.8091215844988175e+00 -9.4899430663873130e-03
7.8107379554650347e+00 -9.4820464498169173e-03
7.8123543264312518e+00 -9.4741562023643380e-03
7.8139706973974690e+00 -9.4662723192477580e-03
7.8155870683636870e+00 -9.4583947956882845e-03
7.8172034393299041e+00 -9.4505236269099898e-03
7.8188198102961213e+00 -9.4426588081398810e-03
7.8204361812623384e+00 -9.4348003346079005e-03
7.8220525522285564e+00 -9.4269482015469346e-03
7.8236689231947736e+00 -9.4191024041928324e-03
7.8252852941609907e+00 -9.4112629377843589e-03
7.8269016651272079e+00 -9.4034297975632286e-03
7.8285180360934259e+00 -9.3956029787740855e-03
7.8301344070596430e+00 -9.3877824766645437e-03
7.8317507780258602e+00 -9.3799682864851280e-03
7.8333671489920782e+00 -9.3721604034893002e-03
7.8349835199582953e+00 -9.3643588229334832e-03
7.8365998909245125e+00 -9.3565635400770179e-03
7.8382162618907296e+00 -9.3487745501821748e-03
7.8398326328569476e+00 -9.3409918485141963e-03
7.8414490038231648e+00 -9.3332154303412164e-03
7.8430653747893819e+00 -9.3254452909343234e-03
7.8446817457555991e+00 -9.3176814255675512e-03
7.8462981167218171e+00 -9.3099238295178497e-03
7.8479144876880342e+00 -9.3021724980650988e-03
7.8495308586542514e+00 -9.2944274264921377e-03
7.8511472296204694e+00 -9.2866886100847080e-03
7.8527636005866865e+00 -9.2789560441314881e-03
7.8543799715529037e+00 -9.2712297239241053e-03
7.8559963425191208e+00 -9.2635096447570998e-03
7.8576127134853389e+00 -9.2557958019279327e-03
7.8592290844515560e+00 -9.2480881907370232e-03
7.8608454554177731e+00 -9.2403868064876958e-03
7.8624618263839903e+00 -9.2326916444862052e-03
7.8640781973502083e+00 -9.2250027000417255e-03
7.8656945683164254e+00 -9.2173199684663885e-03
7.8673109392826426e+00 -9.2096434450752145e-03
7.8689273102488606e+00 -9.2019731251861570e-03
7.8705436812150777e+00 -9.1943090041201186e-03
7.8721600521812949e+00 -9.1866510772008973e-03
7.8737764231475120e+00 -9.1789993397552224e-03
7.8753927941137301e+00 -9.1713537871127414e-03
7.8770091650799472e+00 -9.1637144146060421e-03
7.8786255360461643e+00 -9.1560812175706142e-03
7.8802419070123815e+00 -9.1484541913448708e-03
7.8818582779785995e+00 -9.1408333312701390e-03
7.8834746489448166e+00 -9.1332186326906865e-03
7.8850910199110338e+00 -9.1256100909536814e-03
7.8867073908772509e+00 -9.1180077014092042e-03
7.8883237618434690e+00 -9.1104114594102743e-03
7.8899401328096861e+00 -9.1028213603128114e-03
7.8915565037759032e+00 -9.0952373994756391e-03
7.8931728747421213e+00 -9.0876595722605286e-03
7.8947892457083384e+00 -9.0800878740321389e-03
7.8964056166745555e+00 -9.0725223001580420e-03
7.8980219876407727e+00 -9.0649628460087502e-03
7.8996383586069907e+00 -9.0574095069576570e-03
7.9012547295732078e+00 -9.0498622783810739e-03
7.9028711005394250e+00 -9.0423211556582422e-03
7.9044874715056421e+00 -9.0347861341712951e-03
7.9061038424718602e+00 -9.0272572093052662e-03
7.9077202134380773e+00 -9.0197343764481294e-03
7.9093365844042944e+00 -9.0122176309907400e-03
7.9109529553705125e+00 -9.0047069683268609e-03
7.9125693263367296e+00 -8.9972023838531846e-03
7.9141856973029467e+00 -8.9897038729692836e-03
7.9158020682691639e+00 -8.9822114310776514e-03
7.9174184392353819e+00 -8.9747250535836664e-03
7.9190348102015991e+00 -8.9672447358956405e-03
7.9206511811678162e+00 -8.9597704734247687e-03
7.9222675521340333e+00 -8.9523022615851447e-03
7.9238839231002514e+00 -8.9448400957937713e-03
7.9255002940664685e+00 -8.9373839714705604e-03
7.9271166650326856e+00 -8.9299338840383106e-03
7.9287330359989028e+00 -8.9224898289227157e-03
7.9303494069651208e+00 -8.9150518015523907e-03
7.9319657779313379e+00 -8.9076197973588268e-03
7.9335821488975551e+00 -8.9001938117764107e-03
7.9351985198637731e+00 -8.8927738402424534e-03
7.9368148908299903e+00 -8.8853598781971303e-03
7.9384312617962074e+00 -8.8779519210835170e-03
7.9400476327624245e+00 -8.8705499643476106e-03
7.9416640037286426e+00 -8.8631540034382617e-03
7.9432803746948597e+00 -8.8557640338072334e-03
7.9448967456610768e+00 -8.8483800509091895e-03
7.9465131166272940e+00 -8.8410020502016698e-03
7.9481294875935120e+00 -8.8336300271451024e-03
7.9497458585597292e+00 -8.8262639772028230e-03
7.9513622295259463e+00 -8.8189038958410432e-03
7.9529786004921643e+00 -8.8115497785288526e-03
7.9545949714583815e+00 -8.8042016207382553e-03
7.9562113424245986e+00 -8.7968594179441192e-03
7.9578277133908157e+00 -8.7895231656242041e-03
7.9594440843570338e+00 -8.7821928592591476e-03
7.9610604553232509e+00 -8.7748684943324932e-03
7.9626768262894680e+00 -8.7675500663306483e-03
7.9642931972556852e+00 -8.7602375707429118e-03
7.9659095682219032e+00 -8.7529310030614437e-03
7.9675259391881204e+00 -8.7456303587813231e-03
7.9691423101543375e+00 -8.7383356334004760e-03
7.9707586811205546e+00 -8.7310468224197236e-03
7.9723750520867727e+00 -8.7237639213427545e-03
7.9739914230529898e+00 -8.7164869256761545e-03
7.9756077940192069e+00 -8.7092158309293680e-03
7.9772241649854250e+00 -8.7019506326147140e-03
7.9788405359516421e+00 -8.6946913262474119e-03
7.9804569069178592e+00 -8.6874379073455296e-03
7.9820732778840764e+00 -8.6801903714300056e-03
7.9836896488502944e+00 -8.6729487140246846e-03
7.9853060198165116e+00 -8.6657129306562507e-03
7.9869223907827287e+00 -8.6584830168542643e-03
7.9885387617489458e+00 -8.6512589681511792e-03
7.9901551327151639e+00 -8.6440407800822960e-03
7.9917715036813810e+00 -8.6368284481857776e-03
7.9933878746475981e+00 -8.6296219680026837e-03
7.9950042456138162e+00 -8.6224213350769192e-03
7.9966206165800333e+00 -8.6152265449552529e-03
7.9982369875462505e+00 -8.6080375931873471e-03
7.9998533585124676e+00 -8.6008544753256953e-03
8.0014697294786856e+00 -8.5936771869256686e-03
8.0030861004449036e+00 -8.5865057235455077e-03
8.0047024714111199e+00 -8.5793400807463102e-03
8.0063188423773379e+00 -8.5721802540920222e-03
8.0079352133435560e+00 -8.5650262391494762e-03
8.0095515843097722e+00 -8.5578780314883446e-03
8.0111679552759902e+00 -8.5507356266811604e-03
8.0127843262422065e+00 -8.5435990203033361e-03
8.0144006972084245e+00 -8.5364682079330980e-03
8.0160170681746425e+00 -8.5293431851515625e-03
8.0176334391408588e+00 -8.5222239475427151e-03
8.0192498101070768e+00 -8.5151104906933412e-03
8.0208661810732949e+00 -8.5080028101931302e-03
8.0224825520395111e+00 -8.5009009016346181e-03
8.0240989230057291e+00 -8.4938047606131564e-03
8.0257152939719472e+00 -8.4867143827269849e-03
8.0273316649381634e+00 -8.4796297635771987e-03
8.0289480359043814e+00 -8.4725508987676945e-03
8.0305644068705977e+00 -8.4654777839052731e-03
8.0321807778368157e+00 -8.4584104145995487e-03
8.0337971488030337e+00 -8.4513487864629859e-03
8.0354135197692500e+00 -8.4442928951109150e-03
8.0370298907354680e+00 -8.4372427361614922e-03
8.0386462617016861e+00 -8.4301983052357116e-03
8.0402626326679023e+00 -8.4231595979574435e-03
8.0418790036341203e+00 -8.4161266099533668e-03
8.0434953746003384e+00 -8.4090993368530070e-03
8.0451117455665546e+00 -8.4020777742887555e-03
8.0467281165327726e+00 -8.3950619178958154e-03
8.0483444874989889e+00 -8.3880517633122369e-03
8.0499608584652069e+00 -8.3810473061789095e-03
8.0515772294314250e+00 -8.3740485421395696e-03
8.0531936003976412e+00 -8.3670554668407743e-03
8.0548099713638592e+00 -8.3600680759319135e-03
8.0564263423300773e+00 -8.3530863650652376e-03
8.0580427132962935e+00 -8.3461103298958020e-03
8.0596590842625115e+00 -8.3391399660815001e-03
8.0612754552287296e+00 -8.3321752692830792e-03
8.0628918261949458e+00 -8.3252162351640895e-03
8.0645081971611638e+00 -8.3182628593909159e-03
8.0661245681273801e+00 -8.3113151376327989e-03
8.0677409390935981e+00 -8.3043730655617595e-03
8.0693573100598162e+00 -8.2974366388526826e-03
8.0709736810260324e+00 -8.2905058531832880e-03
8.0725900519922504e+00 -8.2835807042340726e-03
8.0742064229584685e+00 -8.2766611876884007e-03
8.0758227939246847e+00 -8.2697472992324609e-03
8.0774391648909027e+00 -8.2628390345552208e-03
8.0790555358571208e+00 -8.2559363893485119e-03
8.0806719068233370e+00 -8.2490393593069901e-03
8.0822882777895551e+00 -8.2421479401280830e-03
8.0839046487557713e+00 -8.2352621275120896e-03
8.0855210197219893e+00 -8.2283819171620979e-03
8.0871373906882074e+00 -8.2215073047840134e-03
8.0887537616544236e+00 -8.2146382860865796e-03
8.0903701326206416e+00 -8.2077748567813275e-03
8.0919865035868597e+00 -8.2009170125826088e-03
8.0936028745530759e+00 -8.1940647492076083e-03
8.0952192455192939e+00 -8.1872180623763034e-03
8.0968356164855120e+00 -8.1803769478114765e-03
8.0984519874517282e+00 -8.1735414012387500e-03
8.1000683584179463e+00 -8.1667114183865269e-03
8.1016847293841625e+00 -8.1598869949860309e-03
8.1033011003503805e+00 -8.1530681267712839e-03
8.1049174713165986e+00 -8.1462548094791264e-03
8.1065338422828148e+00 -8.1394470388492166e-03
8.1081502132490328e+00 -8.1326448106239704e-03
8.1097665842152509e+00 -8.1258481205486507e-03
8.1113829551814671e+00 -8.1190569643713288e-03
8.1129993261476852e+00 -8.1122713378428222e-03
8.1146156971139014e+00 -8.1054912367168261e-03
8.1162320680801194e+00 -8.0987166567497541e-03
8.1178484390463375e+00 -8.0919475937008770e-03
8.1194648100125537e+00 -8.0851840433322619e-03
8.1210811809787717e+00 -8.0784260014087270e-03
8.1226975519449898e+00 -8.0716734636979322e-03
8.1243139229112060e+00 -8.0649264259703320e-03
8.1259302938774240e+00 -8.0581848839991286e-03
8.1275466648436421e+00 -8.0514488335603606e-03
8.1291630358098583e+00 -8.0447182704328577e-03
8.1307794067760764e+00 -8.0379931903982165e-03
8.1323957777422926e+00 -8.0312735892408404e-03
8.1340121487085106e+00 -8.0245594627479083e-03
8.1356285196747287e+00 -8.0178508067094093e-03
8.1372448906409449e+00 -8.0111476169181031e-03
8.1388612616071629e+00 -8.0044498891695317e-03
8.1404776325733810e+00 -7.9977576192620421e-03
8.1420940035395972e+00 -7.9910708029967432e-03
8.1437103745058153e+00 -7.9843894361775383e-03
8.1453267454720333e+00 -7.9777135146111150e-03
8.1469431164382495e+00 -7.9710430341069383e-03
8.1485594874044676e+00 -7.9643779904772470e-03
8.1501758583706838e+00 -7.9577183795370848e-03
8.1517922293369018e+00 -7.9510641971042260e-03
8.1534086003031199e+00 -7.9444154389992656e-03
8.1550249712693361e+00 -7.9377721010455721e-03
8.1566413422355541e+00 -7.9311341790692519e-03
8.1582577132017722e+00 -7.9245016688992229e-03
8.1598740841679884e+00 -7.9178745663671755e-03
8.1614904551342065e+00 -7.9112528673075371e-03
8.1631068261004245e+00 -7.9046365675575405e-03
8.1647231970666407e+00 -7.8980256629571956e-03
8.1663395680328588e+00 -7.8914201493492323e-03
8.1679559389990750e+00 -7.8848200225791979e-03
8.1695723099652930e+00 -7.8782252784953856e-03
8.1711886809315111e+00 -7.8716359129488520e-03
8.1728050518977273e+00 -7.8650519217934364e-03
8.1744214228639454e+00 -7.8584733008857238e-03
8.1760377938301634e+00 -7.8519000460850630e-03
8.1776541647963796e+00 -7.8453321532535834e-03
8.1792705357625977e+00 -7.8387696182561552e-03
8.1808869067288157e+00 -7.8322124369604139e-03
8.1825032776950319e+00 -7.8256606052367617e-03
8.1841196486612500e+00 -7.8191141189583521e-03
8.1857360196274662e+00 -7.8125729740010953e-03
8.1873523905936842e+00 -7.8060371662436482e-03
8.1889687615599023e+00 -7.7995066915674538e-03
8.1905851325261185e+00 -7.7929815458566715e-03
8.1922015034923366e+00 -7.7864617249982287e-03
8.1938178744585546e+00 -7.7799472248818152e-03
8.1954342454247708e+00 -7.7734380413998589e-03
8.1970506163909889e+00 -7.7669341704475316e-03
8.1986669873572051e+00 -7.7604356079227820e-03
8.2002833583234231e+00 -7.7539423497262599e-03
8.2018997292896412e+00 -7.7474543917614019e-03
8.2035161002558574e+00 -7.7409717299343917e-03
8.2051324712220755e+00 -7.7344943601541120e-03
8.2067488421882935e+00 -7.7280222783322333e-03
8.2083652131545097e+00 -7.7215554803831687e-03
8.2099815841207278e+00 -7.7150939622240306e-03
8.2115979550869458e+00 -7.7086377197747103e-03
8.2132143260531620e+00 -7.7021867489578460e-03
8.2148306970193801e+00 -7.6957410456987606e-03
8.2164470679855963e+00 -7.6893006059255715e-03
8.2180634389518143e+00 -7.6828654255691031e-03
8.2196798099180324e+00 -7.6764355005629120e-03
8.2212961808842486e+00 -7.6700108268433114e-03
8.2229125518504667e+00 -7.6635914003493283e-03
8.2245289228166847e+00 -7.6571772170227160e-03
8.2261452937829009e+00 -7.6507682728079850e-03
8.2277616647491190e+00 -7.6443645636523512e-03
8.2293780357153370e+00 -7.6379660855057608e-03
8.2309944066815532e+00 -7.6315728343209063e-03
8.2326107776477713e+00 -7.6251848060531879e-03
8.2342271486139875e+00 -7.6188019966607371e-03
8.2358435195802056e+00 -7.6124244021044014e-03
8.2374598905464236e+00 -7.6060520183477767e-03
8.2390762615126398e+00 -7.5996848413571608e-03
8.2406926324788579e+00 -7.5933228671015577e-03
8.2423090034450759e+00 -7.5869660915527321e-03
8.2439253744112921e+00 -7.5806145106851351e-03
8.2455417453775102e+00 -7.5742681204759420e-03
8.2471581163437282e+00 -7.5679269169050579e-03
8.2487744873099444e+00 -7.5615908959550913e-03
8.2503908582761625e+00 -7.5552600536113595e-03
8.2520072292423787e+00 -7.5489343858619233e-03
8.2536236002085968e+00 -7.5426138886975063e-03
8.2552399711748148e+00 -7.5362985581115885e-03
8.2568563421410310e+00 -7.5299883901003535e-03
8.2584727131072491e+00 -7.5236833806626591e-03
8.2600890840734671e+00 -7.5173835258001082e-03
8.2617054550396833e+00 -7.5110888215170141e-03
8.2633218260059014e+00 -7.5047992638203531e-03
8.2649381969721194e+00 -7.4985148487198457e-03
8.2665545679383357e+00 -7.4922355722279177e-03
8.2681709389045537e+00 -7.4859614303596578e-03
8.2697873098707699e+00 -7.4796924191329025e-03
8.2714036808369880e+00 -7.4734285345681595e-03
8.2730200518032060e+00 -7.4671697726886432e-03
8.2746364227694222e+00 -7.4609161295202770e-03
8.2762527937356403e+00 -7.4546676010916677e-03
8.2778691647018583e+00 -7.4484241834341155e-03
8.2794855356680745e+00 -7.4421858725816359e-03
8.2811019066342926e+00 -7.4359526645709191e-03
8.2827182776005106e+00 -7.4297245554413470e-03
8.2843346485667269e+00 -7.4235015412350124e-03
8.2859510195329449e+00 -7.4172836179966827e-03
8.2875673904991611e+00 -7.4110707817738198e-03
8.2891837614653792e+00 -7.4048630286165573e-03
8.2908001324315972e+00 -7.3986603545777505e-03
8.2924165033978134e+00 -7.3924627557129131e-03
8.2940328743640315e+00 -7.3862702280802469e-03
8.2956492453302495e+00 -7.3800827677406537e-03
8.2972656162964658e+00 -7.3739003707577015e-03
8.2988819872626838e+00 -7.3677230331976413e-03
8.3004983582289000e+00 -7.3615507511294240e-03
8.3021147291951181e+00 -7.3553835206246389e-03
8.3037311001613361e+00 -7.3492213377575957e-03
8.3053474711275523e+00 -7.3430641986052736e-03
8.3069638420937704e+00 -7.3369120992472954e-03
8.3085802130599884e+00 -7.3307650357659964e-03
8.3101965840262046e+00 -7.3246230042463799e-03
8.3118129549924227e+00 -7.3184860007760918e-03
8.3134293259586407e+00 -7.3123540214454861e-03
8.3150456969248570e+00 -7.3062270623475796e-03
8.3166620678910750e+00 -7.3001051195780257e-03
8.3182784388572912e+00 -7.2939881892351939e-03
8.3198948098235093e+00 -7.2878762674200891e-03
8.3215111807897273e+00 -7.2817693502363881e-03
8.3231275517559435e+00 -7.2756674337904450e-03
8.3247439227221616e+00 -7.2695705141912629e-03
8.3263602936883796e+00 -7.2634785875505042e-03
8.3279766646545959e+00 -7.2573916499825168e-03
8.3295930356208139e+00 -7.2513096976042782e-03
8.3312094065870319e+00 -7.2452327265354532e-03
8.3328257775532482e+00 -7.2391607328983433e-03
8.3344421485194662e+00 -7.2330937128179092e-03
8.3360585194856824e+00 -7.2270316624217920e-03
8.3376748904519005e+00 -7.2209745778402433e-03
8.3392912614181185e+00 -7.2149224552062029e-03
8.3409076323843347e+00 -7.2088752906552655e-03
8.3425240033505528e+00 -7.2028330803256399e-03
8.3441403743167708e+00 -7.1967958203582195e-03
8.3457567452829871e+00 -7.1907635068965510e-03
8.3473731162492051e+00 -7.1847361360867865e-03
8.3489894872154231e+00 -7.1787137040777672e-03
8.3506058581816394e+00 -7.1726962070209743e-03
8.3522222291478574e+00 -7.1666836410704989e-03
8.3538386001140736e+00 -7.1606760023831201e-03
8.3554549710802917e+00 -7.1546732871182279e-03
8.3570713420465097e+00 -7.1486754914378585e-03
8.3586877130127260e+00 -7.1426826115067099e-03
8.3603040839789440e+00 -7.1366946434920867e-03
8.3619204549451620e+00 -7.1307115835639459e-03
8.3635368259113783e+00 -7.1247334278948925e-03
8.3651531968775963e+00 -7.1187601726601449e-03
8.3667695678438143e+00 -7.1127918140375564e-03
8.3683859388100306e+00 -7.1068283482076389e-03
8.3700023097762486e+00 -7.1008697713535072e-03
8.3716186807424648e+00 -7.0949160796609217e-03
8.3732350517086829e+00 -7.0889672693182568e-03
8.3748514226749009e+00 -7.0830233365165420e-03
8.3764677936411172e+00 -7.0770842774494124e-03
8.3780841646073352e+00 -7.0711500883131216e-03
8.3797005355735532e+00 -7.0652207653065765e-03
8.3813169065397695e+00 -7.0592963046312851e-03
8.3829332775059875e+00 -7.0533767024913759e-03
8.3845496484722037e+00 -7.0474619550936262e-03
8.3861660194384218e+00 -7.0415520586473868e-03
8.3877823904046398e+00 -7.0356470093646695e-03
8.3893987613708561e+00 -7.0297468034600926e-03
8.3910151323370741e+00 -7.0238514371508643e-03
8.3926315033032921e+00 -7.0179609066568427e-03
8.3942478742695084e+00 -7.0120752082004981e-03
8.3958642452357264e+00 -7.0061943380068789e-03
8.3974806162019444e+00 -7.0003182923036797e-03
8.3990969871681607e+00 -6.9944470673212085e-03
8.4007133581343787e+00 -6.9885806592923389e-03
8.4023297291005967e+00 -6.9827190644526022e-03
8.4039461000668130e+00 -6.9768622790401229e-03
8.4055624710330310e+00 -6.9710102992956036e-03
8.4071788419992490e+00 -6.9651631214623869e-03
8.4087952129654653e+00 -6.9593207417864124e-03
8.4104115839316833e+00 -6.9534831565161966e-03
8.4120279548979013e+00 -6.9476503619028849e-03
8.4136443258641176e+00 -6.9418223542002215e-03
8.4152606968303356e+00 -6.9359991296645213e-03
8.4168770677965519e+00 -6.9301806845547299e-03
8.4184934387627699e+00 -6.9243670151323735e-03
8.4201098097289879e+00 -6.9185581176615680e-03
8.4217261806952042e+00 -6.9127539884090436e-03
8.4233425516614222e+00 -6.9069546236441041e-03
8.4249589226276402e+00 -6.9011600196386457e-03
8.4265752935938565e+00 -6.8953701726671719e-03
8.4281916645600745e+00 -6.8895850790067614e-03
8.4298080355262925e+00 -6.8838047349370733e-03
8.4314244064925088e+00 -6.8780291367403776e-03
8.4330407774587268e+00 -6.8722582807015141e-03
8.4346571484249431e+00 -6.8664921631079066e-03
8.4362735193911611e+00 -6.8607307802495583e-03
8.4378898903573791e+00 -6.8549741284190772e-03
8.4395062613235954e+00 -6.8492222039116257e-03
8.4411226322898134e+00 -6.8434750030249535e-03
8.4427390032560314e+00 -6.8377325220594018e-03
8.4443553742222477e+00 -6.8319947573178734e-03
8.4459717451884657e+00 -6.8262617051058497e-03
8.4475881161546820e+00 -6.8205333617314063e-03
8.4492044871209000e+00 -6.8148097235051558e-03
8.4508208580871180e+00 -6.8090907867403112e-03
8.4524372290533343e+00 -6.8033765477526660e-03
8.4540536000195523e+00 -6.7976670028605420e-03
8.4556699709857703e+00 -6.7919621483848672e-03
8.4572863419519866e+00 -6.7862619806491392e-03
8.4589027129182046e+00 -6.7805664959793835e-03
8.4605190838844226e+00 -6.7748756907042296e-03
8.4621354548506389e+00 -6.7691895611548709e-03
8.4637518258168569e+00 -6.7635081036650224e-03
8.4653681967830732e+00 -6.7578313145710096e-03
8.4669845677492912e+00 -6.7521591902116925e-03
8.4686009387155092e+00 -6.7464917269284882e-03
8.4702173096817255e+00 -6.7408289210653914e-03
8.4718336806479435e+00 -6.7351707689689375e-03
8.4734500516141615e+00 -6.7295172669882162e-03
8.4750664225803778e+00 -6.7238684114748880e-03
8.4766827935465958e+00 -6.7182241987831506e-03
8.4782991645128138e+00 -6.7125846252697550e-03
8.4799155354790301e+00 -6.7069496872940171e-03
8.4815319064452481e+00 -6.7013193812177855e-03
8.4831482774114644e+00 -6.6956937034054692e-03
8.4847646483776824e+00 -6.6900726502240101e-03
8.4863810193439004e+00 -6.6844562180429206e-03
8.4879973903101167e+00 -6.6788444032342366e-03
8.4896137612763347e+00 -6.6732372021725333e-03
8.4912301322425527e+00 -6.6676346112349572e-03
8.4928465032087690e+00 -6.6620366268011662e-03
8.4944628741749870e+00 -6.6564432452533677e-03
8.4960792451412050e+00 -6.6508544629763199e-03
8.4976956161074213e+00 -6.6452702763573042e-03
8.4993119870736393e+00 -6.6396906817861355e-03
8.5009283580398556e+00 -6.6341156756551892e-03
8.5025447290060736e+00 -6.6285452543593318e-03
8.5041610999722916e+00 -6.6229794142959987e-03
8.5057774709385079e+00 -6.6174181518651575e-03
8.5073938419047259e+00 -6.6118614634692692e-03
8.5090102128709439e+00 -6.6063093455133604e-03
8.5106265838371602e+00 -6.6007617944049829e-03
8.5122429548033782e+00 -6.5952188065541871e-03
8.5138593257695963e+00 -6.5896803783735700e-03
8.5154756967358125e+00 -6.5841465062782658e-03
8.5170920677020305e+00 -6.5786171866858917e-03
8.5187084386682468e+00 -6.5730924160166283e-03
8.5203248096344648e+00 -6.5675721906931503e-03
8.5219411806006828e+00 -6.5620565071406543e-03
8.5235575515668991e+00 -6.5565453617868735e-03
8.5251739225331171e+00 -6.5510387510620376e-03
8.5267902934993351e+00 -6.5455366713988933e-03
8.5284066644655514e+00 -6.5400391192327175e-03
8.5300230354317694e+00 -6.5345460910012799e-03
8.5316394063979875e+00 -6.5290575831448844e-03
8.5332557773642037e+00 -6.5235735921063218e-03
8.5348721483304217e+00 -6.5180941143309044e-03
8.5364885192966380e+00 -6.5126191462664667e-03
8.5381048902628560e+00 -6.5071486843633073e-03
8.5397212612290740e+00 -6.5016827250742749e-03
8.5413376321952903e+00 -6.4962212648547128e-03
8.5429540031615083e+00 -6.4907643001624431e-03
8.5445703741277264e+00 -6.4853118274578172e-03
8.5461867450939426e+00 -6.4798638432036881e-03
8.5478031160601606e+00 -6.4744203438653744e-03
8.5494194870263769e+00 -6.4689813259107337e-03
8.5510358579925949e+00 -6.4635467858100972e-03
8.5526522289588129e+00 -6.4581167200362943e-03
8.5542685999250292e+00 -6.4526911250646617e-03
8.5558849708912472e+00 -6.4472699973730152e-03
8.5575013418574652e+00 -6.4418533334416623e-03
8.5591177128236815e+00 -6.4364411297534192e-03
8.5607340837898995e+00 -6.4310333827935712e-03
8.5623504547561176e+00 -6.4256300890499001e-03
8.5639668257223338e+00 -6.4202312450126796e-03
8.5655831966885518e+00 -6.4148368471746604e-03
8.5671995676547681e+00 -6.4094468920310853e-03
8.5688159386209861e+00 -6.4040613760796682e-03
8.5704323095872041e+00 -6.3986802958206279e-03
8.5720486805534204e+00 -6.3933036477566429e-03
8.5736650515196384e+00 -6.3879314283928762e-03
8.5752814224858565e+00 -6.3825636342369806e-03
8.5768977934520727e+00 -6.3772002617990741e-03
8.5785141644182907e+00 -6.3718413075917477e-03
8.5801305353845088e+00 -6.3664867681300849e-03
8.5817469063507250e+00 -6.3611366399316249e-03
8.5833632773169430e+00 -6.3557909195163832e-03
8.5849796482831593e+00 -6.3504496034068611e-03
8.5865960192493773e+00 -6.3451126881280025e-03
8.5882123902155953e+00 -6.3397801702072360e-03
8.5898287611818116e+00 -6.3344520461744748e-03
8.5914451321480296e+00 -6.3291283125620516e-03
8.5930615031142477e+00 -6.3238089659048077e-03
8.5946778740804639e+00 -6.3184940027400400e-03
8.5962942450466819e+00 -6.3131834196074790e-03
8.5979106160129000e+00 -6.3078772130493463e-03
8.5995269869791162e+00 -6.3025753796103270e-03
8.6011433579453342e+00 -6.2972779158375286e-03
8.6027597289115505e+00 -6.2919848182805549e-03
8.6043760998777685e+00 -6.2866960834914451e-03
8.6059924708439866e+00 -6.2814117080246925e-03
8.6076088418102028e+00 -6.2761316884372585e-03
8.6092252127764208e+00 -6.2708560212885421e-03
8.6108415837426389e+00 -6.2655847031403960e-03
8.6124579547088551e+00 -6.2603177305571361e-03
8.6140743256750731e+00 -6.2550551001055088e-03
8.6156906966412912e+00 -6.2497968083547071e-03
8.6173070676075074e+00 -6.2445428518763937e-03
8.6189234385737254e+00 -6.2392932272446536e-03
8.6205398095399417e+00 -6.2340479310360238e-03
8.6221561805061597e+00 -6.2288069598294702e-03
8.6237725514723778e+00 -6.2235703102064303e-03
8.6253889224385940e+00 -6.2183379787507506e-03
8.6270052934048120e+00 -6.2131099620487268e-03
8.6286216643710301e+00 -6.2078862566891015e-03
8.6302380353372463e+00 -6.2026668592630417e-03
8.6318544063034643e+00 -6.1974517663641437e-03
8.6334707772696806e+00 -6.1922409745884662e-03
8.6350871482358986e+00 -6.1870344805344552e-03
8.6367035192021167e+00 -6.1818322808030249e-03
8.6383198901683329e+00 -6.1766343719975155e-03
8.6399362611345509e+00 -6.1714407507236640e-03
8.6415526321007690e+00 -6.1662514135896723e-03
8.6431690030669852e+00 -6.1610663572061602e-03
8.6447853740332032e+00 -6.1558855781861464e-03
8.6464017449994213e+00 -6.1507090731451018e-03
8.6480181159656375e+00 -6.1455368387009195e-03
8.6496344869318555e+00 -6.1403688714738811e-03
8.6512508578980718e+00 -6.1352051680867289e-03
8.6528672288642898e+00 -6.1300457251645983e-03
8.6544835998305079e+00 -6.1248905393350454e-03
8.6560999707967241e+00 -6.1197396072280507e-03
8.6577163417629421e+00 -6.1145929254760025e-03
8.6593327127291602e+00 -6.1094504907136986e-03
8.6609490836953764e+00 -6.1043122995783645e-03
8.6625654546615944e+00 -6.0991783487096204e-03
8.6641818256278125e+00 -6.0940486347494929e-03
8.6657981965940287e+00 -6.0889231543424403e-03
8.6674145675602468e+00 -6.0838019041353072e-03
8.6690309385264630e+00 -6.0786848807773504e-03
8.6706473094926810e+00 -6.0735720809202238e-03
8.6722636804588991e+00 -6.0684635012180051e-03
8.6738800514251153e+00 -6.0633591383271544e-03
8.6754964223913333e+00 -6.0582589889065317e-03
8.6771127933575514e+00 -6.0531630496174146e-03
8.6787291643237676e+00 -6.0480713171234641e-03
8.6803455352899856e+00 -6.0429837880907351e-03
8.6819619062562037e+00 -6.0379004591876945e-03
8.6835782772224199e+00 -6.0328213270851904e-03
8.6851946481886380e+00 -6.0277463884564593e-03
8.6868110191548542e+00 -6.0226756399771606e-03
8.6884273901210722e+00 -6.0176090783252900e-03
8.6900437610872903e+00 -6.0125467001812807e-03
8.6916601320535065e+00 -6.0074885022279485e-03
8.6932765030197245e+00 -6.0024344811504607e-03
8.6948928739859426e+00 -5.9973846336364043e-03
8.6965092449521588e+00 -5.9923389563757519e-03
8.6981256159183769e+00 -5.9872974460608280e-03
8.6997419868845949e+00 -5.9822600993863660e-03
8.7013583578508111e+00 -5.9772269130494871e-03
8.7029747288170292e+00 -5.9721978837496510e-03
8.7045910997832454e+00 -5.9671730081887380e-03
8.7062074707494634e+00 -5.9621522830709834e-03
8.7078238417156815e+00 -5.9571357051029982e-03
8.7094402126818977e+00 -5.9521232709937814e-03
8.7110565836481157e+00 -5.9471149774546917e-03
8.7126729546143338e+00 -5.9421108211994526e-03
8.7142893255805500e+00 -5.9371107989441840e-03
8.7159056965467681e+00 -5.9321149074073485e-03
8.7175220675129861e+00 -5.9271231433097879e-03
8.7191384384792023e+00 -5.9221355033747154e-03
8.7207548094454204e+00 -5.9171519843277008e-03
8.7223711804116366e+00 -5.9121725828966808e-03
8.7239875513778546e+00 -5.9071972958119473e-03
8.7256039223440727e+00 -5.9022261198061719e-03
8.7272202933102889e+00 -5.8972590516143709e-03
8.7288366642765070e+00 -5.8922960879739207e-03
8.7304530352427250e+00 -5.8873372256245601e-03
8.7320694062089412e+00 -5.8823824613083945e-03
8.7336857771751593e+00 -5.8774317917698509e-03
8.7353021481413755e+00 -5.8724852137557564e-03
8.7369185191075935e+00 -5.8675427240152374e-03
8.7385348900738116e+00 -5.8626043192998162e-03
8.7401512610400278e+00 -5.8576699963633566e-03
8.7417676320062458e+00 -5.8527397519620439e-03
8.7433840029724639e+00 -5.8478135828544404e-03
8.7450003739386801e+00 -5.8428914858014522e-03
8.7466167449048982e+00 -5.8379734575663041e-03
8.7482331158711162e+00 -5.8330594949145926e-03
8.7498494868373324e+00 -5.8281495946142575e-03
8.7514658578035505e+00 -5.8232437534355462e-03
8.7530822287697667e+00 -5.8183419681510874e-03
8.7546985997359847e+00 -5.8134442355358149e-03
8.7563149707022028e+00 -5.8085505523670262e-03
8.7579313416684190e+00 -5.8036609154243374e-03
8.7595477126346371e+00 -5.7987753214897002e-03
8.7611640836008551e+00 -5.7938937673474144e-03
8.7627804545670713e+00 -5.7890162497840928e-03
8.7643968255332894e+00 -5.7841427655886870e-03
8.7660131964995074e+00 -5.7792733115524849e-03
8.7676295674657236e+00 -5.7744078844690948e-03
8.7692459384319417e+00 -5.7695464811344478e-03
8.7708623093981579e+00 -5.7646890983468211e-03
8.7724786803643759e+00 -5.7598357329067809e-03
8.7740950513305940e+00 -5.7549863816172518e-03
8.7757114222968102e+00 -5.7501410412834726e-03
8.7773277932630283e+00 -5.7452997087129778e-03
8.7789441642292463e+00 -5.7404623807156500e-03
8.7805605351954625e+00 -5.7356290541036893e-03
8.7821769061616806e+00 -5.7307997256915806e-03
8.7837932771278986e+00 -5.7259743922961600e-03
8.7854096480941148e+00 -5.7211530507365761e-03
8.7870260190603329e+00 -5.7163356978342517e-03
8.7886423900265491e+00 -5.7115223304129679e-03
8.7902587609927672e+00 -5.7067129452987916e-03
8.7918751319589852e+00 -5.7019075393200990e-03
8.7934915029252014e+00 -5.6971061093075885e-03
8.7951078738914195e+00 -5.6923086520942502e-03
8.7967242448576375e+00 -5.6875151645153820e-03
8.7983406158238537e+00 -5.6827256434085959e-03
8.7999569867900718e+00 -5.6779400856137967e-03
8.8015733577562898e+00 -5.6731584879731864e-03
8.8031897287225060e+00 -5.6683808473312856e-03
8.8048060996887241e+00 -5.6636071605348989e-03
8.8064224706549403e+00 -5.6588374244331300e-03
8.8080388416211584e+00 -5.6540716358773752e-03
8.8096552125873764e+00 -5.6493097917213438e-03
8.8112715835535926e+00 -5.6445518888210214e-03
8.8128879545198107e+00 -5.6397979240346867e-03
8.8145043254860287e+00 -5.6350478942229212e-03
8.8161206964522449e+00 -5.6303017962485886e-03
8.8177370674184630e+00 -5.6255596269768338e-03
8.8193534383846792e+00 -5.6208213832751154e-03
8.8209698093508973e+00 -5.6160870620131391e-03
8.8225861803171153e+00 -5.6113566600629250e-03
8.8242025512833315e+00 -5.6066301742987807e-03
8.8258189222495496e+00 -5.6019076015972622e-03
8.8274352932157676e+00 -5.5971889388372401e-03
8.8290516641819838e+00 -5.5924741828998585e-03
8.8306680351482019e+00 -5.5877633306685177e-03
8.8322844061144199e+00 -5.5830563790289197e-03
8.8339007770806361e+00 -5.5783533248690443e-03
8.8355171480468542e+00 -5.5736541650791196e-03
8.8371335190130704e+00 -5.5689588965516729e-03
8.8387498899792885e+00 -5.5642675161814885e-03
8.8403662609455065e+00 -5.5595800208656241e-03
8.8419826319117227e+00 -5.5548964075034200e-03
8.8435990028779408e+00 -5.5502166729964678e-03
8.8452153738441588e+00 -5.5455408142486276e-03
8.8468317448103750e+00 -5.5408688281660410e-03
8.8484481157765931e+00 -5.5362007116570976e-03
8.8500644867428111e+00 -5.5315364616324494e-03
8.8516808577090274e+00 -5.5268760750050265e-03
8.8532972286752454e+00 -5.5222195486900058e-03
8.8549135996414616e+00 -5.5175668796048254e-03
8.8565299706076797e+00 -5.5129180646691783e-03
8.8581463415738977e+00 -5.5082731008050268e-03
8.8597627125401139e+00 -5.5036319849365812e-03
8.8613790835063320e+00 -5.4989947139902923e-03
8.8629954544725500e+00 -5.4943612848948912e-03
8.8646118254387662e+00 -5.4897316945813398e-03
8.8662281964049843e+00 -5.4851059399828525e-03
8.8678445673712023e+00 -5.4804840180349050e-03
8.8694609383374186e+00 -5.4758659256752083e-03
8.8710773093036366e+00 -5.4712516598437195e-03
8.8726936802698528e+00 -5.4666412174826590e-03
8.8743100512360709e+00 -5.4620345955364588e-03
8.8759264222022889e+00 -5.4574317909518201e-03
8.8775427931685051e+00 -5.4528328006776886e-03
8.8791591641347232e+00 -5.4482376216652174e-03
8.8807755351009412e+00 -5.4436462508678334e-03
8.8823919060671574e+00 -5.4390586852411920e-03
8.8840082770333755e+00 -5.4344749217431626e-03
8.8856246479995935e+00 -5.4298949573338799e-03
8.8872410189658098e+00 -5.4253187889757035e-03
8.8888573899320278e+00 -5.4207464136332038e-03
8.8904737608982440e+00 -5.4161778282732151e-03
8.8920901318644621e+00 -5.4116130298647799e-03
8.8937065028306801e+00 -5.4070520153791718e-03
8.8953228737968963e+00 -5.4024947817899027e-03
8.8969392447631144e+00 -5.3979413260727008e-03
8.8985556157293324e+00 -5.3933916452055123e-03
8.9001719866955487e+00 -5.3888457361685304e-03
8.9017883576617667e+00 -5.3843035959441465e-03
8.9034047286279847e+00 -5.3797652215169765e-03
8.9050210995942010e+00 -5.3752306098738744e-03
8.9066374705604190e+00 -5.3706997580038928e-03
8.9082538415266352e+00 -5.3661726628983072e-03
8.9098702124928533e+00 -5.3616493215506060e-03
8.9114865834590713e+00 -5.3571297309565023e-03
8.9131029544252875e+00 -5.3526138881139123e-03
8.9147193253915056e+00 -5.3481017900229621e-03
8.9163356963577236e+00 -5.3435934336860018e-03
8.9179520673239399e+00 -5.3390888161075787e-03
8.9195684382901579e+00 -5.3345879342944482e-03
8.9211848092563741e+00 -5.3300907852555889e-03
8.9228011802225922e+00 -5.3255973660021536e-03
8.9244175511888102e+00 -5.3211076735475279e-03
8.9260339221550264e+00 -5.3166217049072963e-03
8.9276502931212445e+00 -5.3121394570992244e-03
8.9292666640874625e+00 -5.3076609271433001e-03
8.9308830350536788e+00 -5.3031861120617111e-03
8.9324994060198968e+00 -5.2987150088788168e-03
8.9341157769861148e+00 -5.2942476146212005e-03
8.9357321479523311e+00 -5.2897839263176425e-03
8.9373485189185491e+00 -5.2853239409990831e-03
8.9389648898847653e+00 -5.2808676556986922e-03
8.9405812608509834e+00 -5.2764150674518145e-03
8.9421976318172014e+00 -5.2719661732959795e-03
8.9438140027834176e+00 -5.2675209702709247e-03
8.9454303737496357e+00 -5.2630794554185583e-03
8.9470467447158537e+00 -5.2586416257829763e-03
8.9486631156820700e+00 -5.2542074784104704e-03
8.9502794866482880e+00 -5.2497770103495048e-03
8.9518958576145060e+00 -5.2453502186507279e-03
8.9535122285807223e+00 -5.2409271003669780e-03
8.9551285995469403e+00 -5.2365076525532610e-03
8.9567449705131565e+00 -5.2320918722667800e-03
8.9583613414793746e+00 -5.2276797565668819e-03
8.9599777124455926e+00 -5.2232713025151256e-03
8.9615940834118089e+00 -5.2188665071752332e-03
8.9632104543780269e+00 -5.2144653676130795e-03
8.9648268253442449e+00 -5.2100678808967406e-03
8.9664431963104612e+00 -5.2056740440964578e-03
8.9680595672766792e+00 -5.2012838542846197e-03
8.9696759382428972e+00 -5.1968973085358078e-03
8.9712923092091135e+00 -5.1925144039267736e-03
8.9729086801753315e+00 -5.1881351375364032e-03
8.9745250511415477e+00 -5.1837595064457825e-03
8.9761414221077658e+00 -5.1793875077381394e-03
8.9777577930739838e+00 -5.1750191384988663e-03
8.9793741640402001e+00 -5.1706543958155290e-03
8.9809905350064181e+00 -5.1662932767778400e-03
8.9826069059726361e+00 -5.1619357784776672e-03
8.9842232769388524e+00 -5.1575818980090565e-03
8.9858396479050704e+00 -5.1532316324681832e-03
8.9874560188712884e+00 -5.1488849789533865e-03
8.9890723898375047e+00 -5.1445419345651699e-03
8.9906887608037227e+00 -5.1402024964061757e-03
8.9923051317699390e+00 -5.1358666615811989e-03
8.9939215027361570e+00 -5.1315344271971840e-03
8.9955378737023750e+00 -5.1272057903632307e-03
8.9971542446685913e+00 -5.1228807481905753e-03
8.9987706156348093e+00 -5.1185592977926013e-03
9.0003869866010273e+00 -5.1142414362848462e-03
9.0020033575672436e+00 -5.1099271607849784e-03
9.0036197285334616e+00 -5.1056164684128080e-03
9.0052360994996778e+00 -5.1013093562903020e-03
9.0068524704658959e+00 -5.0970058215415387e-03
9.0084688414321139e+00 -5.0927058612927571e-03
9.0100852123983302e+00 -5.0884094726723365e-03
9.0117015833645482e+00 -5.0841166528107582e-03
9.0133179543307662e+00 -5.0798273988406717e-03
9.0149343252969825e+00 -5.0755417078968525e-03
9.0165506962632005e+00 -5.0712595771161863e-03
9.0181670672294185e+00 -5.0669810036377124e-03
9.0197834381956348e+00 -5.0627059846026006e-03
9.0213998091618528e+00 -5.0584345171541204e-03
9.0230161801280691e+00 -5.0541665984376993e-03
9.0246325510942871e+00 -5.0499022256008724e-03
9.0262489220605051e+00 -5.0456413957932975e-03
9.0278652930267214e+00 -5.0413841061667684e-03
9.0294816639929394e+00 -5.0371303538751869e-03
9.0310980349591574e+00 -5.0328801360745752e-03
9.0327144059253737e+00 -5.0286334499230886e-03
9.0343307768915917e+00 -5.0243902925809856e-03
9.0359471478578097e+00 -5.0201506612106359e-03
9.0375635188240260e+00 -5.0159145529765437e-03
9.0391798897902440e+00 -5.0116819650453132e-03
9.0407962607564603e+00 -5.0074528945856624e-03
9.0424126317226783e+00 -5.0032273387684168e-03
9.0440290026888963e+00 -4.9990052947665254e-03
9.0456453736551126e+00 -4.9947867597550325e-03
9.0472617446213306e+00 -4.9905717309110895e-03
9.0488781155875486e+00 -4.9863602054139667e-03
9.0504944865537649e+00 -4.9821521804450253e-03
9.0521108575199829e+00 -4.9779476531877313e-03
9.0537272284862009e+00 -4.9737466208276656e-03
9.0553435994524172e+00 -4.9695490805524937e-03
9.0569599704186352e+00 -4.9653550295519879e-03
9.0585763413848515e+00 -4.9611644650180316e-03
9.0601927123510695e+00 -4.9569773841445699e-03
9.0618090833172875e+00 -4.9527937841276791e-03
9.0634254542835038e+00 -4.9486136621655231e-03
9.0650418252497218e+00 -4.9444370154583372e-03
9.0666581962159398e+00 -4.9402638412084747e-03
9.0682745671821561e+00 -4.9360941366203750e-03
9.0698909381483741e+00 -4.9319278989005460e-03
9.0715073091145921e+00 -4.9277651252576070e-03
9.0731236800808084e+00 -4.9236058129022656e-03
9.0747400510470264e+00 -4.9194499590472871e-03
9.0763564220132427e+00 -4.9152975609075547e-03
9.0779727929794607e+00 -4.9111486157000141e-03
9.0795891639456787e+00 -4.9070031206436930e-03
9.0812055349118950e+00 -4.9028610729597161e-03
9.0828219058781130e+00 -4.8987224698712724e-03
9.0844382768443310e+00 -4.8945873086036285e-03
9.0860546478105473e+00 -4.8904555863841376e-03
9.0876710187767653e+00 -4.8863273004422217e-03
9.0892873897429816e+00 -4.8822024480093774e-03
9.0909037607091996e+00 -4.8780810263191702e-03
9.0925201316754176e+00 -4.8739630326072531e-03
9.0941365026416339e+00 -4.8698484641113340e-03
9.0957528736078519e+00 -4.8657373180711894e-03
9.0973692445740699e+00 -4.8616295917286775e-03
9.0989856155402862e+00 -4.8575252823277112e-03
9.1006019865065042e+00 -4.8534243871142671e-03
9.1022183574727222e+00 -4.8493269033363998e-03
9.1038347284389385e+00 -4.8452328282442142e-03
9.1054510994051565e+00 -4.8411421590898764e-03
9.1070674703713728e+00 -4.8370548931276312e-03
9.1086838413375908e+00 -4.8329710276137500e-03
9.1103002123038088e+00 -4.8288905598065854e-03
9.1119165832700251e+00 -4.8248134869665546e-03
9.1135329542362431e+00 -4.8207398063560966e-03
9.1151493252024611e+00 -4.8166695152397345e-03
9.1167656961686774e+00 -4.8126026108840430e-03
9.1183820671348954e+00 -4.8085390905576227e-03
9.1199984381011134e+00 -4.8044789515311491e-03
9.1216148090673297e+00 -4.8004221910773479e-03
9.1232311800335477e+00 -4.7963688064709660e-03
9.1248475509997640e+00 -4.7923187949888268e-03
9.1264639219659820e+00 -4.7882721539097813e-03
9.1280802929322000e+00 -4.7842288805147268e-03
9.1296966638984163e+00 -4.7801889720866129e-03
9.1313130348646343e+00 -4.7761524259104203e-03
9.1329294058308523e+00 -4.7721192392731690e-03
9.1345457767970686e+00 -4.7680894094639303e-03
9.1361621477632866e+00 -4.7640629337737982e-03
9.1377785187295046e+00 -4.7600398094959058e-03
9.1393948896957209e+00 -4.7560200339254351e-03
9.1410112606619389e+00 -4.7520036043595870e-03
9.1426276316281552e+00 -4.7479905180975992e-03
9.1442440025943732e+00 -4.7439807724407382e-03
9.1458603735605912e+00 -4.7399743646923129e-03
9.1474767445268075e+00 -4.7359712921576447e-03
9.1490931154930255e+00 -4.7319715521440871e-03
9.1507094864592435e+00 -4.7279751419610321e-03
9.1523258574254598e+00 -4.7239820589198810e-03
9.1539422283916778e+00 -4.7199923003340616e-03
9.1555585993578958e+00 -4.7160058635190311e-03
9.1571749703241121e+00 -4.7120227457922740e-03
9.1587913412903301e+00 -4.7080429444732686e-03
9.1604077122565464e+00 -4.7040664568835438e-03
9.1620240832227644e+00 -4.7000932803466147e-03
9.1636404541889824e+00 -4.6961234121880363e-03
9.1652568251551987e+00 -4.6921568497353804e-03
9.1668731961214167e+00 -4.6881935903182077e-03
9.1684895670876347e+00 -4.6842336312681110e-03
9.1701059380538510e+00 -4.6802769699187041e-03
9.1717223090200690e+00 -4.6763236036055766e-03
9.1733386799862870e+00 -4.6723735296663538e-03
9.1749550509525033e+00 -4.6684267454406700e-03
9.1765714219187213e+00 -4.6644832482701515e-03
9.1781877928849376e+00 -4.6605430354984337e-03
9.1798041638511556e+00 -4.6566061044711563e-03
9.1814205348173736e+00 -4.6526724525359688e-03
9.1830369057835899e+00 -4.6487420770425138e-03
9.1846532767498079e+00 -4.6448149753424281e-03
9.1862696477160259e+00 -4.6408911447893657e-03
9.1878860186822422e+00 -4.6369705827389628e-03
9.1895023896484602e+00 -4.6330532865488496e-03
9.1911187606146765e+00 -4.6291392535786737e-03
9.1927351315808945e+00 -4.6252284811900430e-03
9.1943515025471125e+00 -4.6213209667465829e-03
9.1959678735133288e+00 -4.6174167076139120e-03
9.1975842444795468e+00 -4.6135157011596099e-03
9.1992006154457648e+00 -4.6096179447532764e-03
9.2008169864119811e+00 -4.6057234357664923e-03
9.2024333573781991e+00 -4.6018321715728039e-03
9.2040497283444171e+00 -4.5979441495477644e-03
9.2056660993106334e+00 -4.5940593670689136e-03
9.2072824702768514e+00 -4.5901778215157460e-03
9.2088988412430677e+00 -4.5862995102697703e-03
9.2105152122092857e+00 -4.5824244307144527e-03
9.2121315831755037e+00 -4.5785525802352432e-03
9.2137479541417200e+00 -4.5746839562195787e-03
9.2153643251079380e+00 -4.5708185560568628e-03
9.2169806960741560e+00 -4.5669563771384711e-03
9.2185970670403723e+00 -4.5630974168577683e-03
9.2202134380065903e+00 -4.5592416726100747e-03
9.2218298089728084e+00 -4.5553891417926878e-03
9.2234461799390246e+00 -4.5515398218048822e-03
9.2250625509052426e+00 -4.5476937100478940e-03
9.2266789218714589e+00 -4.5438508039249243e-03
9.2282952928376769e+00 -4.5400111008411410e-03
9.2299116638038949e+00 -4.5361745982036902e-03
9.2315280347701112e+00 -4.5323412934216651e-03
9.2331444057363292e+00 -4.5285111839061280e-03
9.2347607767025472e+00 -4.5246842670701075e-03
9.2363771476687635e+00 -4.5208605403285820e-03
9.2379935186349815e+00 -4.5170400010984928e-03
9.2396098896011996e+00 -4.5132226467987473e-03
9.2412262605674158e+00 -4.5094084748501986e-03
9.2428426315336338e+00 -4.5055974826756530e-03
9.2444590024998501e+00 -4.5017896676998875e-03
9.2460753734660681e+00 -4.4979850273496056e-03
9.2476917444322861e+00 -4.4941835590534846e-03
9.2493081153985024e+00 -4.4903852602421511e-03
9.2509244863647204e+00 -4.4865901283481580e-03
9.2525408573309385e+00 -4.4827981608060296e-03
9.2541572282971547e+00 -4.4790093550522358e-03
9.2557735992633727e+00 -4.4752237085251678e-03
9.2573899702295908e+00 -4.4714412186651871e-03
9.2590063411958070e+00 -4.4676618829145960e-03
9.2606227121620250e+00 -4.4638856987176114e-03
9.2622390831282413e+00 -4.4601126635204231e-03
9.2638554540944593e+00 -4.4563427747711408e-03
9.2654718250606773e+00 -4.4525760299198146e-03
9.2670881960268936e+00 -4.4488124264184421e-03
9.2687045669931116e+00 -4.4450519617209427e-03
9.2703209379593297e+00 -4.4412946332831708e-03
9.2719373089255459e+00 -4.4375404385629267e-03
9.2735536798917639e+00 -4.4337893750199297e-03
9.2751700508579802e+00 -4.4300414401158309e-03
9.2767864218241982e+00 -4.4262966313142115e-03
9.2784027927904162e+00 -4.4225549460805876e-03
9.2800191637566325e+00 -4.4188163818823928e-03
9.2816355347228505e+00 -4.4150809361889866e-03
9.2832519056890686e+00 -4.4113486064716635e-03
9.2848682766552848e+00 -4.4076193902036270e-03
9.2864846476215028e+00 -4.4038932848600035e-03
9.2881010185877209e+00 -4.4001702879178555e-03
9.2897173895539371e+00 -4.3964503968561483e-03
9.2913337605201551e+00 -4.3927336091557677e-03
9.2929501314863714e+00 -4.3890199222995311e-03
9.2945665024525894e+00 -4.3853093337721432e-03
9.2961828734188074e+00 -4.3816018410602481e-03
9.2977992443850237e+00 -4.3778974416524017e-03
9.2994156153512417e+00 -4.3741961330390506e-03
9.3010319863174598e+00 -4.3704979127125723e-03
9.3026483572836760e+00 -4.3668027781672549e-03
9.3042647282498940e+00 -4.3631107268992724e-03
9.3058810992161121e+00 -4.3594217564067294e-03
9.3074974701823283e+00 -4.3557358641896360e-03
9.3091138411485463e+00 -4.3520530477498777e-03
9.3107302121147626e+00 -4.3483733045912801e-03
9.3123465830809806e+00 -4.3446966322195479e-03
9.3139629540471987e+00 -4.3410230281422909e-03
9.3155793250134149e+00 -4.3373524898690282e-03
9.3171956959796329e+00 -4.3336850149111664e-03
9.3188120669458510e+00 -4.3300206007820087e-03
9.3204284379120672e+00 -4.3263592449967660e-03
9.3220448088782852e+00 -4.3227009450725320e-03
9.3236611798445033e+00 -4.3190456985282956e-03
9.3252775508107195e+00 -4.3153935028849462e-03
9.3268939217769375e+00 -4.3117443556652570e-03
9.3285102927431538e+00 -4.3080982543938886e-03
9.3301266637093718e+00 -4.3044551965973959e-03
9.3317430346755899e+00 -4.3008151798042231e-03
9.3333594056418061e+00 -4.2971782015446946e-03
9.3349757766080241e+00 -4.2935442593510171e-03
9.3365921475742422e+00 -4.2899133507572932e-03
9.3382085185404584e+00 -4.2862854732994976e-03
9.3398248895066764e+00 -4.2826606245154842e-03
9.3414412604728945e+00 -4.2790388019450015e-03
9.3430576314391107e+00 -4.2754200031296626e-03
9.3446740024053287e+00 -4.2718042256129603e-03
9.3462903733715450e+00 -4.2681914669402757e-03
9.3479067443377630e+00 -4.2645817246588415e-03
9.3495231153039811e+00 -4.2609749963177877e-03
9.3511394862701973e+00 -4.2573712794681138e-03
9.3527558572364153e+00 -4.2537705716626708e-03
9.3543722282026334e+00 -4.2501728704562010e-03
9.3559885991688496e+00 -4.2465781734053179e-03
9.3576049701350676e+00 -4.2429864780684796e-03
9.3592213411012857e+00 -4.2393977820060300e-03
9.3608377120675019e+00 -4.2358120827801814e-03
9.3624540830337200e+00 -4.2322293779549882e-03
9.3640704539999362e+00 -4.2286496650963956e-03
9.3656868249661542e+00 -4.2250729417721905e-03
9.3673031959323723e+00 -4.2214992055520243e-03
9.3689195668985885e+00 -4.2179284540074186e-03
9.3705359378648065e+00 -4.2143606847117408e-03
9.3721523088310246e+00 -4.2107958952402160e-03
9.3737686797972408e+00 -4.2072340831699369e-03
9.3753850507634588e+00 -4.2036752460798375e-03
9.3770014217296751e+00 -4.2001193815507107e-03
9.3786177926958931e+00 -4.1965664871651959e-03
9.3802341636621112e+00 -4.1930165605077938e-03
9.3818505346283274e+00 -4.1894695991648552e-03
9.3834669055945454e+00 -4.1859256007245613e-03
9.3850832765607635e+00 -4.1823845627769569e-03
9.3866996475269797e+00 -4.1788464829139354e-03
9.3883160184931977e+00 -4.1753113587292175e-03
9.3899323894594158e+00 -4.1717791878183828e-03
9.3915487604256320e+00 -4.1682499677788559e-03
9.3931651313918501e+00 -4.1647236962098835e-03
9.3947815023580663e+00 -4.1612003707125773e-03
9.3963978733242843e+00 -4.1576799888898598e-03
9.3980142442905024e+00 -4.1541625483465143e-03
9.3996306152567186e+00 -4.1506480466891559e-03
9.4012469862229366e+00 -4.1471364815262287e-03
9.4028633571891547e+00 -4.1436278504680089e-03
9.4044797281553709e+00 -4.1401221511266168e-03
9.4060960991215889e+00 -4.1366193811159949e-03
9.4077124700878070e+00 -4.1331195380519157e-03
9.4093288410540232e+00 -4.1296226195519890e-03
9.4109452120202413e+00 -4.1261286232356443e-03
9.4125615829864575e+00 -4.1226375467241436e-03
9.4141779539526755e+00 -4.1191493876405645e-03
9.4157943249188936e+00 -4.1156641436098261e-03
9.4174106958851098e+00 -4.1121818122586565e-03
9.4190270668513278e+00 -4.1087023912156065e-03
9.4206434378175459e+00 -4.1052258781110584e-03
9.4222598087837621e+00 -4.1017522705772040e-03
9.4238761797499802e+00 -4.0982815662480524e-03
9.4254925507161982e+00 -4.0948137627594408e-03
9.4271089216824144e+00 -4.0913488577490132e-03
9.4287252926486325e+00 -4.0878868488562255e-03
9.4303416636148487e+00 -4.0844277337223640e-03
9.4319580345810667e+00 -4.0809715099905022e-03
9.4335744055472848e+00 -4.0775181753055422e-03
9.4351907765135010e+00 -4.0740677273142017e-03
9.4368071474797190e+00 -4.0706201636649840e-03
9.4384235184459371e+00 -4.0671754820082173e-03
9.4400398894121533e+00 -4.0637336799960429e-03
9.4416562603783714e+00 -4.0602947552823825e-03
9.4432726313445894e+00 -4.0568587055229812e-03
9.4448890023108056e+00 -4.0534255283753906e-03
9.4465053732770237e+00 -4.0499952214989405e-03
9.4481217442432399e+00 -4.0465677825547858e-03
9.4497381152094579e+00 -4.0431432092058678e-03
9.4513544861756760e+00 -4.0397214991169253e-03
9.4529708571418922e+00 -4.0363026499545046e-03
9.4545872281081103e+00 -4.0328866593869360e-03
9.4562035990743283e+00 -4.0294735250843445e-03
9.4578199700405445e+00 -4.0260632447186636e-03
9.4594363410067626e+00 -4.0226558159635979e-03
9.4610527119729788e+00 -4.0192512364946561e-03
9.4626690829391968e+00 -4.0158495039891301e-03
9.4642854539054149e+00 -4.0124506161261092e-03
9.4659018248716311e+00 -4.0090545705864624e-03
9.4675181958378491e+00 -4.0056613650528410e-03
9.4691345668040672e+00 -4.0022709972096946e-03
9.4707509377702834e+00 -3.9988834647432473e-03
9.4723673087365015e+00 -3.9954987653415021e-03
9.4739836797027195e+00 -3.9921168966942557e-03
9.4756000506689357e+00 -3.9887378564930753e-03
9.4772164216351538e+00 -3.9853616424313050e-03
9.4788327926013700e+00 -3.9819882522040837e-03
9.4804491635675880e+00 -3.9786176835082997e-03
9.4820655345338061e+00 -3.9752499340426394e-03
9.4836819055000223e+00 -3.9718850015075628e-03
9.4852982764662404e+00 -3.9685228836052805e-03
9.4869146474324584e+00 -3.9651635780397990e-03
9.4885310183986746e+00 -3.9618070825168930e-03
9.4901473893648927e+00 -3.9584533947440888e-03
9.4917637603311107e+00 -3.9551025124306988e-03
9.4933801312973269e+00 -3.9517544332878050e-03
9.4949965022635450e+00 -3.9484091550282307e-03
9.4966128732297612e+00 -3.9450666753665939e-03
9.4982292441959792e+00 -3.9417269920192588e-03
9.4998456151621973e+00 -3.9383901027043528e-03
9.5014619861284135e+00 -3.9350560051417734e-03
9.5030783570946316e+00 -3.9317246970531714e-03
9.5046947280608496e+00 -3.9283961761619537e-03
9.5063110990270658e+00 -3.9250704401932960e-03
9.5079274699932839e+00 -3.9217474868741223e-03
9.5095438409595019e+00 -3.9184273139331064e-03
9.5111602119257181e+00 -3.9151099191006922e-03
9.5127765828919362e+00 -3.9117953001090635e-03
9.5143929538581524e+00 -3.9084834546921606e-03
9.5160093248243705e+00 -3.9051743805856728e-03
9.5176256957905885e+00 -3.9018680755270444e-03
9.5192420667568047e+00 -3.8985645372554630e-03
9.5208584377230228e+00 -3.8952637635118587e-03
9.5224748086892408e+00 -3.8919657520389210e-03
9.5240911796554570e+00 -3.8886705005810734e-03
9.5257075506216751e+00 -3.8853780068844822e-03
9.5273239215878931e+00 -3.8820882686970673e-03
9.5289402925541093e+00 -3.8788012837684804e-03
9.5305566635203274e+00 -3.8755170498501090e-03
9.5321730344865436e+00 -3.8722355646951022e-03
9.5337894054527617e+00 -3.8689568260583109e-03
9.5354057764189797e+00 -3.8656808316963509e-03
9.5370221473851959e+00 -3.8624075793675747e-03
9.5386385183514140e+00 -3.8591370668320446e-03
9.5402548893176320e+00 -3.8558692918515768e-03
9.5418712602838482e+00 -3.8526042521897230e-03
9.5434876312500663e+00 -3.8493419456117400e-03
9.5451040022162843e+00 -3.8460823698846396e-03
9.5467203731825006e+00 -3.8428255227771590e-03
9.5483367441487186e+00 -3.8395714020597435e-03
9.5499531151149348e+00 -3.8363200055045871e-03
9.5515694860811529e+00 -3.8330713308855967e-03
9.5531858570473709e+00 -3.8298253759784023e-03
9.5548022280135871e+00 -3.8265821385603666e-03
9.5564185989798052e+00 -3.8233416164105663e-03
9.5580349699460232e+00 -3.8201038073097911e-03
9.5596513409122394e+00 -3.8168687090405677e-03
9.5612677118784575e+00 -3.8136363193871279e-03
9.5628840828446737e+00 -3.8104066361354218e-03
9.5645004538108918e+00 -3.8071796570731150e-03
9.5661168247771098e+00 -3.8039553799895957e-03
9.5677331957433260e+00 -3.8007338026759558e-03
9.5693495667095441e+00 -3.7975149229249995e-03
9.5709659376757621e+00 -3.7942987385312524e-03
9.5725823086419783e+00 -3.7910852472909391e-03
9.5741986796081964e+00 -3.7878744470019941e-03
9.5758150505744144e+00 -3.7846663354640670e-03
9.5774314215406307e+00 -3.7814609104785072e-03
9.5790477925068487e+00 -3.7782581698483659e-03
9.5806641634730649e+00 -3.7750581113784151e-03
9.5822805344392830e+00 -3.7718607328751054e-03
9.5838969054055010e+00 -3.7686660321466061e-03
9.5855132763717172e+00 -3.7654740070027894e-03
9.5871296473379353e+00 -3.7622846552552098e-03
9.5887460183041533e+00 -3.7590979747171337e-03
9.5903623892703695e+00 -3.7559139632035313e-03
9.5919787602365876e+00 -3.7527326185310440e-03
9.5935951312028056e+00 -3.7495539385180312e-03
9.5952115021690219e+00 -3.7463779209845429e-03
9.5968278731352399e+00 -3.7432045637523048e-03
9.5984442441014561e+00 -3.7400338646447553e-03
9.6000606150676742e+00 -3.7368658214870067e-03
9.6016769860338922e+00 -3.7337004321058749e-03
9.6032933570001084e+00 -3.7305376943298505e-03
9.6049097279663265e+00 -3.7273776059891157e-03
9.6065260989325445e+00 -3.7242201649155459e-03
9.6081424698987608e+00 -3.7210653689426880e-03
9.6097588408649788e+00 -3.7179132159057765e-03
9.6113752118311968e+00 -3.7147637036417376e-03
9.6129915827974131e+00 -3.7116168299891656e-03
9.6146079537636311e+00 -3.7084725927883392e-03
9.6162243247298473e+00 -3.7053309898812262e-03
9.6178406956960654e+00 -3.7021920191114477e-03
9.6194570666622834e+00 -3.6990556783243235e-03
9.6210734376284996e+00 -3.6959219653668477e-03
9.6226898085947177e+00 -3.6927908780876708e-03
9.6243061795609357e+00 -3.6896624143371317e-03
9.6259225505271520e+00 -3.6865365719672451e-03
9.6275389214933700e+00 -3.6834133488316749e-03
9.6291552924595880e+00 -3.6802927427857760e-03
9.6307716634258043e+00 -3.6771747516865703e-03
9.6323880343920223e+00 -3.6740593733927259e-03
9.6340044053582385e+00 -3.6709466057646017e-03
9.6356207763244566e+00 -3.6678364466642102e-03
9.6372371472906746e+00 -3.6647288939552257e-03
9.6388535182568909e+00 -3.6616239455029955e-03
9.6404698892231089e+00 -3.6585215991745182e-03
9.6420862601893269e+00 -3.6554218528384538e-03
9.6437026311555432e+00 -3.6523247043651311e-03
9.6453190021217612e+00 -3.6492301516265276e-03
9.6469353730879774e+00 -3.6461381924962799e-03
9.6485517440541955e+00 -3.6430488248496797e-03
9.6501681150204135e+00 -3.6399620465636792e-03
9.6517844859866297e+00 -3.6368778555168797e-03
9.6534008569528478e+00 -3.6337962495895308e-03
9.6550172279190658e+00 -3.6307172266635455e-03
9.6566335988852821e+00 -3.6276407846224769e-03
9.6582499698515001e+00 -3.6245669213515260e-03
9.6598663408177181e+00 -3.6214956347375526e-03
9.6614827117839344e+00 -3.6184269226690537e-03
9.6630990827501524e+00 -3.6153607830361717e-03
9.6647154537163686e+00 -3.6122972137307067e-03
9.6663318246825867e+00 -3.6092362126460822e-03
9.6679481956488047e+00 -3.6061777776773760e-03
9.6695645666150210e+00 -3.6031219067213147e-03
9.6711809375812390e+00 -3.6000685976762428e-03
9.6727973085474570e+00 -3.5970178484421630e-03
9.6744136795136733e+00 -3.5939696569207160e-03
9.6760300504798913e+00 -3.5909240210151598e-03
9.6776464214461093e+00 -3.5878809386304059e-03
9.6792627924123256e+00 -3.5848404076730045e-03
9.6808791633785436e+00 -3.5818024260511161e-03
9.6824955343447598e+00 -3.5787669916745556e-03
9.6841119053109779e+00 -3.5757341024547570e-03
9.6857282762771959e+00 -3.5727037563047853e-03
9.6873446472434122e+00 -3.5696759511393435e-03
9.6889610182096302e+00 -3.5666506848747509e-03
9.6905773891758482e+00 -3.5636279554289562e-03
9.6921937601420645e+00 -3.5606077607215421e-03
9.6938101311082825e+00 -3.5575900986737031e-03
9.6954265020745005e+00 -3.5545749672082618e-03
9.6970428730407168e+00 -3.5515623642496689e-03
9.6986592440069348e+00 -3.5485522877239883e-03
9.7002756149731511e+00 -3.5455447355589062e-03
9.7018919859393691e+00 -3.5425397056837245e-03
9.7035083569055871e+00 -3.5395371960293713e-03
9.7051247278718034e+00 -3.5365372045283823e-03
9.7067410988380214e+00 -3.5335397291149113e-03
9.7083574698042394e+00 -3.5305447677247311e-03
9.7099738407704557e+00 -3.5275523182952185e-03
9.7115902117366737e+00 -3.5245623787653673e-03
9.7132065827028917e+00 -3.5215749470757871e-03
9.7148229536691080e+00 -3.5185900211686899e-03
9.7164393246353260e+00 -3.5156075989878940e-03
9.7180556956015423e+00 -3.5126276784788412e-03
9.7196720665677603e+00 -3.5096502575885560e-03
9.7212884375339783e+00 -3.5066753342656849e-03
9.7229048085001946e+00 -3.5037029064604822e-03
9.7245211794664126e+00 -3.5007329721247855e-03
9.7261375504326306e+00 -3.4977655292120521e-03
9.7277539213988469e+00 -3.4948005756773397e-03
9.7293702923650649e+00 -3.4918381094772898e-03
9.7309866633312829e+00 -3.4888781285701597e-03
9.7326030342974992e+00 -3.4859206309158014e-03
9.7342194052637172e+00 -3.4829656144756489e-03
9.7358357762299335e+00 -3.4800130772127515e-03
9.7374521471961515e+00 -3.4770630170917406e-03
9.7390685181623695e+00 -3.4741154320788400e-03
9.7406848891285858e+00 -3.4711703201418757e-03
9.7423012600948038e+00 -3.4682276792502549e-03
9.7439176310610218e+00 -3.4652875073749737e-03
9.7455340020272381e+00 -3.4623498024886285e-03
9.7471503729934561e+00 -3.4594145625653906e-03
9.7487667439596724e+00 -3.4564817855810242e-03
9.7503831149258904e+00 -3.4535514695128739e-03
9.7519994858921084e+00 -3.4506236123398770e-03
9.7536158568583247e+00 -3.4476982120425471e-03
9.7552322278245427e+00 -3.4447752666029808e-03
9.7568485987907607e+00 -3.4418547740048579e-03
9.7584649697569770e+00 -3.4389367322334354e-03
9.7600813407231950e+00 -3.4360211392755482e-03
9.7616977116894130e+00 -3.4331079931196155e-03
9.7633140826556293e+00 -3.4301972917556273e-03
9.7649304536218473e+00 -3.4272890331751463e-03
9.7665468245880636e+00 -3.4243832153713206e-03
9.7681631955542816e+00 -3.4214798363388543e-03
9.7697795665204996e+00 -3.4185788940740403e-03
9.7713959374867159e+00 -3.4156803865747396e-03
9.7730123084529339e+00 -3.4127843118403694e-03
9.7746286794191519e+00 -3.4098906678719301e-03
9.7762450503853682e+00 -3.4069994526719919e-03
9.7778614213515862e+00 -3.4041106642446741e-03
9.7794777923178042e+00 -3.4012243005956781e-03
9.7810941632840205e+00 -3.3983403597322719e-03
9.7827105342502385e+00 -3.3954588396632643e-03
9.7843269052164548e+00 -3.3925797383990513e-03
9.7859432761826728e+00 -3.3897030539515776e-03
9.7875596471488908e+00 -3.3868287843343485e-03
9.7891760181151071e+00 -3.3839569275624349e-03
9.7907923890813251e+00 -3.3810874816524576e-03
9.7924087600475431e+00 -3.3782204446225965e-03
9.7940251310137594e+00 -3.3753558144925914e-03
9.7956415019799774e+00 -3.3724935892837345e-03
9.7972578729461954e+00 -3.3696337670188650e-03
9.7988742439124117e+00 -3.3667763457223862e-03
9.8004906148786297e+00 -3.3639213234202417e-03
9.8021069858448460e+00 -3.3610686981399391e-03
9.8037233568110640e+00 -3.3582184679105138e-03
9.8053397277772820e+00 -3.3553706307625705e-03
9.8069560987434983e+00 -3.3525251847282556e-03
9.8085724697097163e+00 -3.3496821278412468e-03
9.8101888406759343e+00 -3.3468414581367847e-03
9.8118052116421506e+00 -3.3440031736516529e-03
9.8134215826083686e+00 -3.3411672724241591e-03
9.8150379535745866e+00 -3.3383337524941726e-03
9.8166543245408029e+00 -3.3355026119031004e-03
9.8182706955070209e+00 -3.3326738486938734e-03
9.8198870664732372e+00 -3.3298474609109838e-03
9.8215034374394552e+00 -3.3270234466004360e-03
9.8231198084056732e+00 -3.3242018038097910e-03
9.8247361793718895e+00 -3.3213825305881384e-03
9.8263525503381075e+00 -3.3185656249861005e-03
9.8279689213043255e+00 -3.3157510850558287e-03
9.8295852922705418e+00 -3.3129389088510162e-03
9.8312016632367598e+00 -3.3101290944268793e-03
9.8328180342029761e+00 -3.3073216398401646e-03
9.8344344051691941e+00 -3.3045165431491463e-03
9.8360507761354121e+00 -3.3017138024136342e-03
9.8376671471016284e+00 -3.2989134156949551e-03
9.8392835180678464e+00 -3.2961153810559642e-03
9.8408998890340644e+00 -3.2933196965610452e-03
9.8425162600002807e+00 -3.2905263602761008e-03
9.8441326309664987e+00 -3.2877353702685523e-03
9.8457490019327167e+00 -3.2849467246073528e-03
9.8473653728989330e+00 -3.2821604213629650e-03
9.8489817438651510e+00 -3.2793764586073735e-03
9.8505981148313673e+00 -3.2765948344140893e-03
9.8522144857975853e+00 -3.2738155468581207e-03
9.8538308567638033e+00 -3.2710385940160108e-03
9.8554472277300196e+00 -3.2682639739658164e-03
9.8570635986962376e+00 -3.2654916847870879e-03
9.8586799696624556e+00 -3.2627217245609096e-03
9.8602963406286719e+00 -3.2599540913698750e-03
9.8619127115948899e+00 -3.2571887832980703e-03
9.8635290825611079e+00 -3.2544257984311099e-03
9.8651454535273242e+00 -3.2516651348561162e-03
9.8667618244935422e+00 -3.2489067906616999e-03
9.8683781954597585e+00 -3.2461507639380011e-03
9.8699945664259765e+00 -3.2433970527766484e-03
9.8716109373921945e+00 -3.2406456552707789e-03
9.8732273083584108e+00 -3.2378965695150398e-03
9.8748436793246288e+00 -3.2351497936055702e-03
9.8764600502908468e+00 -3.2324053256400126e-03
9.8780764212570631e+00 -3.2296631637175150e-03
9.8796927922232811e+00 -3.2269233059387188e-03
9.8813091631894991e+00 -3.2241857504057584e-03
9.8829255341557154e+00 -3.2214504952222758e-03
9.8845419051219334e+00 -3.2187175384934034e-03
9.8861582760881497e+00 -3.2159868783257634e-03
9.8877746470543677e+00 -3.2132585128274763e-03
9.8893910180205857e+00 -3.2105324401081547e-03
9.8910073889868020e+00 -3.2078086582789057e-03
9.8926237599530200e+00 -3.2050871654523152e-03
9.8942401309192380e+00 -3.2023679597424693e-03
9.8958565018854543e+00 -3.1996510392649411e-03
9.8974728728516723e+00 -3.1969364021367788e-03
9.8990892438178903e+00 -3.1942240464765373e-03
9.9007056147841066e+00 -3.1915139704042370e-03
9.9023219857503246e+00 -3.1888061720413926e-03
9.9039383567165409e+00 -3.1861006495110008e-03
9.9055547276827589e+00 -3.1833974009375333e-03
9.9071710986489769e+00 -3.1806964244469470e-03
9.9087874696151932e+00 -3.1779977181666894e-03
9.9104038405814112e+00 -3.1753012802256601e-03
9.9120202115476292e+00 -3.1726071087542634e-03
9.9136365825138455e+00 -3.1699152018843666e-03
9.9152529534800635e+00 -3.1672255577493099e-03
9.9168693244462816e+00 -3.1645381744839123e-03
9.9184856954124978e+00 -3.1618530502244774e-03
9.9201020663787158e+00 -3.1591701831087562e-03
9.9217184373449321e+00 -3.1564895712759889e-03
9.9233348083111501e+00 -3.1538112128668854e-03
9.9249511792773681e+00 -3.1511351060236116e-03
9.9265675502435844e+00 -3.1484612488898215e-03
9.9281839212098024e+00 -3.1457896396106170e-03
9.9298002921760204e+00 -3.1431202763325780e-03
9.9314166631422367e+00 -3.1404531572037436e-03
9.9330330341084547e+00 -3.1377882803736226e-03
9.9346494050746710e+00 -3.1351256439931768e-03
9.9362657760408890e+00 -3.1324652462148394e-03
9.9378821470071070e+00 -3.1298070851924981e-03
9.9394985179733233e+00 -3.1271511590815074e-03
9.9411148889395413e+00 -3.1244974660386677e-03
9.9427312599057593e+00 -3.1218460042222547e-03
9.9443476308719756e+00 -3.1191967717919870e-03
9.9459640018381936e+00 -3.1165497669090373e-03
9.9475803728044117e+00 -3.1139049877360481e-03
9.9491967437706279e+00 -3.1112624324370975e-03
9.9508131147368459e+00 -3.1086220991777278e-03
9.9524294857030622e+00 -3.1059839861249314e-03
9.9540458566692802e+00 -3.1033480914471417e-03
9.9556622276354982e+00 -3.1007144133142501e-03
9.9572785986017145e+00 -3.0980829498976049e-03
9.9588949695679325e+00 -3.0954536993699731e-03
9.9605113405341505e+00 -3.0928266599055984e-03
9.9621277115003668e+00 -3.0902018296801569e-03
9.9637440824665848e+00 -3.0875792068707636e-03
9.9653604534328029e+00 -3.0849587896559813e-03
9.9669768243990191e+00 -3.0823405762158279e-03
9.9685931953652371e+00 -3.0797245647317347e-03
9.9702095663314534e+00 -3.0771107533865950e-03
9.9718259372976714e+00 -3.0744991403647360e-03
9.9734423082638894e+00 -3.0718897238519137e-03
9.9750586792301057e+00 -3.0692825020353386e-03
9.9766750501963237e+00 -3.0666774731036399e-03
9.9782914211625418e+00 -3.0640746352468898e-03
9.9799077921287580e+00 -3.0614739866565936e-03
9.9815241630949760e+00 -3.0588755255256915e-03
9.9831405340611941e+00 -3.0562792500485447e-03
9.9847569050274103e+00 -3.0536851584209643e-03
9.9863732759936283e+00 -3.0510932488401711e-03
9.9879896469598446e+00 -3.0485035195048286e-03
9.9896060179260626e+00 -3.0459159686150161e-03
9.9912223888922806e+00 -3.0433305943722553e-03
9.9928387598584969e+00 -3.0407473949794791e-03
9.9944551308247149e+00 -3.0381663686410453e-03
9.9960715017909330e+00 -3.0355875135627507e-03
9.9976878727571492e+00 -3.0330108279517953e-03
9.9993042437233672e+00 -3.0304363100168126e-03
1.0000920614689585e+01 -3.0278639579678522e-03
1.0002536985655802e+01 -3.0252937700163867e-03
1.0004153356622020e+01 -3.0227257443752979e-03
1.0005769727588236e+01 -3.0201598792589041e-03
1.0007386098554454e+01 -3.0175961728829115e-03
1.0009002469520672e+01 -3.0150346234644678e-03
1.0010618840486888e+01 -3.0124752292221258e-03
1.0012235211453106e+01 -3.0099179883758438e-03
1.0013851582419324e+01 -3.0073628991470003e-03
1.0015467953385540e+01 -3.0048099597583949e-03
1.0017084324351758e+01 -3.0022591684342125e-03
1.0018700695317975e+01 -2.9997105234000664e-03
1.0020317066284193e+01 -2.9971640228829764e-03
1.0021933437250411e+01 -2.9946196651113579e-03
1.0023549808216627e+01 -2.9920774483150510e-03
1.0025166179182845e+01 -2.9895373707252812e-03
1.0026782550149063e+01 -2.9869994305746967e-03
1.0028398921115279e+01 -2.9844636260973330e-03
1.0030015292081497e+01 -2.9819299555286362e-03
1.0031631663047715e+01 -2.9793984171054529e-03
1.0033248034013932e+01 -2.9768690090660305e-03
1.0034864404980150e+01 -2.9743417296500064e-03
1.0036480775946366e+01 -2.9718165770984363e-03
1.0038097146912584e+01 -2.9692935496537444e-03
1.0039713517878802e+01 -2.9667726455597783e-03
1.0041329888845018e+01 -2.9642538630617701e-03
1.0042946259811236e+01 -2.9617372004063325e-03
1.0044562630777454e+01 -2.9592226558414940e-03
1.0046179001743671e+01 -2.9567102276166664e-03
1.0047795372709889e+01 -2.9541999139826424e-03
1.0049411743676107e+01 -2.9516917131916162e-03
1.0051028114642323e+01 -2.9491856234971779e-03
1.0052644485608541e+01 -2.9466816431542790e-03
1.0054260856574757e+01 -2.9441797704192895e-03
1.0055877227540975e+01 -2.9416800035499419e-03
1.0057493598507193e+01 -2.9391823408053651e-03
1.0059109969473409e+01 -2.9366867804460702e-03
1.0060726340439627e+01 -2.9341933207339514e-03
1.0062342711405845e+01 -2.9317019599322787e-03
1.0063959082372062e+01 -2.9292126963057167e-03
1.0065575453338280e+01 -2.9267255281202947e-03
1.0067191824304498e+01 -2.9242404536434312e-03
1.0068808195270714e+01 -2.9217574711439213e-03
1.0070424566236932e+01 -2.9192765788919306e-03
1.0072040937203148e+01 -2.9167977751590104e-03
1.0073657308169366e+01 -2.9143210582180741e-03
1.0075273679135584e+01 -2.9118464263434272e-03
1.0076890050101801e+01 -2.9093738778107302e-03
1.0078506421068019e+01 -2.9069034108970267e-03
1.0080122792034237e+01 -2.9044350238807259e-03
1.0081739163000453e+01 -2.9019687150416149e-03
1.0083355533966671e+01 -2.8995044826608343e-03
1.0084971904932889e+01 -2.8970423250209128e-03
1.0086588275899105e+01 -2.8945822404057285e-03
1.0088204646865323e+01 -2.8921242271005348e-03
1.0089821017831540e+01 -2.8896682833919516e-03
1.0091437388797758e+01 -2.8872144075679541e-03
1.0093053759763976e+01 -2.8847625979178874e-03
1.0094670130730192e+01 -2.8823128527324603e-03
1.0096286501696410e+01 -2.8798651703037361e-03
1.0097902872662628e+01 -2.8774195489251388e-03
1.0099519243628844e+01 -2.8749759868914662e-03
1.0101135614595062e+01 -2.8725344824988464e-03
1.0102751985561278e+01 -2.8700950340447944e-03
1.0104368356527496e+01 -2.8676576398281579e-03
1.0105984727493714e+01 -2.8652222981491540e-03
1.0107601098459931e+01 -2.8627890073093477e-03
1.0109217469426149e+01 -2.8603577656116617e-03
1.0110833840392367e+01 -2.8579285713603614e-03
1.0112450211358583e+01 -2.8555014228610785e-03
1.0114066582324801e+01 -2.8530763184207793e-03
1.0115682953291019e+01 -2.8506532563477901e-03
1.0117299324257235e+01 -2.8482322349517829e-03
1.0118915695223453e+01 -2.8458132525437719e-03
1.0120532066189670e+01 -2.8433963074361254e-03
1.0122148437155888e+01 -2.8409813979425463e-03
1.0123764808122106e+01 -2.8385685223780988e-03
1.0125381179088322e+01 -2.8361576790591728e-03
1.0126997550054540e+01 -2.8337488663035099e-03
1.0128613921020758e+01 -2.8313420824301913e-03
1.0130230291986974e+01 -2.8289373257596429e-03
1.0131846662953192e+01 -2.8265345946136161e-03
1.0133463033919410e+01 -2.8241338873152208e-03
1.0135079404885627e+01 -2.8217352021888869e-03
1.0136695775851845e+01 -2.8193385375603901e-03
1.0138312146818061e+01 -2.8169438917568417e-03
1.0139928517784279e+01 -2.8145512631066803e-03
1.0141544888750497e+01 -2.8121606499396856e-03
1.0143161259716713e+01 -2.8097720505869698e-03
1.0144777630682931e+01 -2.8073854633809681e-03
1.0146394001649149e+01 -2.8050008866554546e-03
1.0148010372615365e+01 -2.8026183187455380e-03
1.0149626743581583e+01 -2.8002377579876359e-03
1.0151243114547801e+01 -2.7978592027195154e-03
1.0152859485514018e+01 -2.7954826512802612e-03
1.0154475856480236e+01 -2.7931081020102790e-03
1.0156092227446452e+01 -2.7907355532513075e-03
1.0157708598412670e+01 -2.7883650033464062e-03
1.0159324969378888e+01 -2.7859964506399522e-03
1.0160941340345104e+01 -2.7836298934776583e-03
1.0162557711311322e+01 -2.7812653302065416e-03
1.0164174082277540e+01 -2.7789027591749497e-03
1.0165790453243757e+01 -2.7765421787325499e-03
1.0167406824209975e+01 -2.7741835872303181e-03
1.0169023195176193e+01 -2.7718269830205567e-03
1.0170639566142409e+01 -2.7694723644568812e-03
1.0172255937108627e+01 -2.7671197298942221e-03
1.0173872308074843e+01 -2.7647690776888209e-03
1.0175488679041061e+01 -2.7624204061982376e-03
1.0177105050007279e+01 -2.7600737137813414e-03
1.0178721420973496e+01 -2.7577289987983171e-03
1.0180337791939714e+01 -2.7553862596106475e-03
1.0181954162905932e+01 -2.7530454945811447e-03
1.0183570533872148e+01 -2.7507067020739098e-03
1.0185186904838366e+01 -2.7483698804543623e-03
1.0186803275804584e+01 -2.7460350280892254e-03
1.0188419646770800e+01 -2.7437021433465306e-03
1.0190036017737018e+01 -2.7413712245956037e-03
1.0191652388703234e+01 -2.7390422702070938e-03
1.0193268759669452e+01 -2.7367152785529288e-03
1.0194885130635670e+01 -2.7343902480063522e-03
1.0196501501601887e+01 -2.7320671769419150e-03
1.0198117872568105e+01 -2.7297460637354461e-03
1.0199734243534323e+01 -2.7274269067640942e-03
1.0201350614500539e+01 -2.7251097044062992e-03
1.0202966985466757e+01 -2.7227944550417913e-03
1.0204583356432973e+01 -2.7204811570516046e-03
1.0206199727399191e+01 -2.7181698088180667e-03
1.0207816098365409e+01 -2.7158604087247924e-03
1.0209432469331626e+01 -2.7135529551567047e-03
1.0211048840297844e+01 -2.7112474465000010e-03
1.0212665211264062e+01 -2.7089438811421819e-03
1.0214281582230278e+01 -2.7066422574720337e-03
1.0215897953196496e+01 -2.7043425738796363e-03
1.0217514324162714e+01 -2.7020448287563498e-03
1.0219130695128930e+01 -2.6997490204948272e-03
1.0220747066095148e+01 -2.6974551474890120e-03
1.0222363437061365e+01 -2.6951632081341223e-03
1.0223979808027583e+01 -2.6928732008266692e-03
1.0225596178993801e+01 -2.6905851239644434e-03
1.0227212549960017e+01 -2.6882989759465293e-03
1.0228828920926235e+01 -2.6860147551732694e-03
1.0230445291892453e+01 -2.6837324600463112e-03
1.0232061662858669e+01 -2.6814520889685712e-03
1.0233678033824887e+01 -2.6791736403442420e-03
1.0235294404791105e+01 -2.6768971125787975e-03
1.0236910775757321e+01 -2.6746225040789984e-03
1.0238527146723539e+01 -2.6723498132528579e-03
1.0240143517689756e+01 -2.6700790385096929e-03
1.0241759888655974e+01 -2.6678101782600678e-03
1.0243376259622192e+01 -2.6655432309158353e-03
1.0244992630588408e+01 -2.6632781948901264e-03
1.0246609001554626e+01 -2.6610150685973215e-03
1.0248225372520844e+01 -2.6587538504530932e-03
1.0249841743487060e+01 -2.6564945388743728e-03
1.0251458114453278e+01 -2.6542371322793644e-03
1.0253074485419496e+01 -2.6519816290875315e-03
1.0254690856385713e+01 -2.6497280277196192e-03
1.0256307227351931e+01 -2.6474763265976219e-03
1.0257923598318147e+01 -2.6452265241448114e-03
1.0259539969284365e+01 -2.6429786187857126e-03
1.0261156340250583e+01 -2.6407326089461264e-03
1.0262772711216799e+01 -2.6384884930531027e-03
1.0264389082183017e+01 -2.6362462695349608e-03
1.0266005453149235e+01 -2.6340059368212790e-03
1.0267621824115452e+01 -2.6317674933428888e-03
1.0269238195081670e+01 -2.6295309375318865e-03
1.0270854566047888e+01 -2.6272962678216246e-03
1.0272470937014104e+01 -2.6250634826467129e-03
1.0274087307980322e+01 -2.6228325804430073e-03
1.0275703678946538e+01 -2.6206035596476381e-03
1.0277320049912756e+01 -2.6183764186989635e-03
1.0278936420878974e+01 -2.6161511560366156e-03
1.0280552791845190e+01 -2.6139277701014720e-03
1.0282169162811408e+01 -2.6117062593356537e-03
1.0283785533777626e+01 -2.6094866221825380e-03
1.0285401904743843e+01 -2.6072688570867603e-03
1.0287018275710061e+01 -2.6050529624941799e-03
1.0288634646676277e+01 -2.6028389368519299e-03
1.0290251017642495e+01 -2.6006267786083718e-03
1.0291867388608713e+01 -2.5984164862131146e-03
1.0293483759574929e+01 -2.5962080581170234e-03
1.0295100130541147e+01 -2.5940014927721918e-03
1.0296716501507365e+01 -2.5917967886319652e-03
1.0298332872473582e+01 -2.5895939441509274e-03
1.0299949243439800e+01 -2.5873929577849056e-03
1.0301565614406018e+01 -2.5851938279909574e-03
1.0303181985372234e+01 -2.5829965532273963e-03
1.0304798356338452e+01 -2.5808011319537567e-03
1.0306414727304668e+01 -2.5786075626308210e-03
1.0308031098270886e+01 -2.5764158437205967e-03
1.0309647469237104e+01 -2.5742259736863432e-03
1.0311263840203321e+01 -2.5720379509925374e-03
1.0312880211169539e+01 -2.5698517741048984e-03
1.0314496582135757e+01 -2.5676674414903755e-03
1.0316112953101973e+01 -2.5654849516171530e-03
1.0317729324068191e+01 -2.5633043029546364e-03
1.0319345695034409e+01 -2.5611254939734698e-03
1.0320962066000625e+01 -2.5589485231455266e-03
1.0322578436966843e+01 -2.5567733889438967e-03
1.0324194807933059e+01 -2.5546000898429163e-03
1.0325811178899277e+01 -2.5524286243181218e-03
1.0327427549865495e+01 -2.5502589908462988e-03
1.0329043920831712e+01 -2.5480911879054474e-03
1.0330660291797930e+01 -2.5459252139747863e-03
1.0332276662764148e+01 -2.5437610675347602e-03
1.0333893033730364e+01 -2.5415987470670462e-03
1.0335509404696582e+01 -2.5394382510545172e-03
1.0337125775662800e+01 -2.5372795779812899e-03
1.0338742146629016e+01 -2.5351227263326901e-03
1.0340358517595234e+01 -2.5329676945952569e-03
1.0341974888561451e+01 -2.5308144812567560e-03
1.0343591259527669e+01 -2.5286630848061578e-03
1.0345207630493887e+01 -2.5265135037336578e-03
1.0346824001460103e+01 -2.5243657365306609e-03
1.0348440372426321e+01 -2.5222197816897884e-03
1.0350056743392539e+01 -2.5200756377048660e-03
1.0351673114358755e+01 -2.5179333030709446e-03
1.0353289485324973e+01 -2.5157927762842710e-03
1.0354905856291191e+01 -2.5136540558423105e-03
1.0356522227257408e+01 -2.5115171402437355e-03
1.0358138598223626e+01 -2.5093820279884272e-03
1.0359754969189842e+01 -2.5072487175774689e-03
1.0361371340156060e+01 -2.5051172075131554e-03
1.0362987711122278e+01 -2.5029874962989832e-03
1.0364604082088494e+01 -2.5008595824396579e-03
1.0366220453054712e+01 -2.4987334644410802e-03
1.0367836824020930e+01 -2.4966091408103602e-03
1.0369453194987146e+01 -2.4944866100558103e-03
1.0371069565953364e+01 -2.4923658706869330e-03
1.0372685936919583e+01 -2.4902469212144483e-03
1.0374302307885799e+01 -2.4881297601502565e-03
1.0375918678852017e+01 -2.4860143860074681e-03
1.0377535049818233e+01 -2.4839007973003883e-03
1.0379151420784451e+01 -2.4817889925445136e-03
1.0380767791750669e+01 -2.4796789702565387e-03
1.0382384162716885e+01 -2.4775707289543627e-03
1.0384000533683103e+01 -2.4754642671570540e-03
1.0385616904649321e+01 -2.4733595833848990e-03
1.0387233275615538e+01 -2.4712566761593640e-03
1.0388849646581756e+01 -2.4691555440031045e-03
1.0390466017547972e+01 -2.4670561854399711e-03
1.0392082388514190e+01 -2.4649585989949983e-03
1.0393698759480408e+01 -2.4628627831944127e-03
1.0395315130446624e+01 -2.4607687365656278e-03
1.0396931501412842e+01 -2.4586764576372449e-03
1.0398547872379060e+01 -2.4565859449390409e-03
1.0400164243345277e+01 -2.4544971970019949e-03
1.0401780614311495e+01 -2.4524102123582529e-03
1.0403396985277713e+01 -2.4503249895411528e-03
1.0405013356243929e+01 -2.4482415270852126e-03
1.0406629727210147e+01 -2.4461598235261317e-03
1.0408246098176363e+01 -2.4440798774007866e-03
1.0409862469142581e+01 -2.4420016872472371e-03
1.0411478840108799e+01 -2.4399252516047183e-03
1.0413095211075015e+01 -2.4378505690136484e-03
1.0414711582041233e+01 -2.4357776380156122e-03
1.0416327953007452e+01 -2.4337064571533797e-03
1.0417944323973668e+01 -2.4316370249708934e-03
1.0419560694939886e+01 -2.4295693400132622e-03
1.0421177065906104e+01 -2.4275034008267838e-03
1.0422793436872320e+01 -2.4254392059589120e-03
1.0424409807838538e+01 -2.4233767539582800e-03
1.0426026178804754e+01 -2.4213160433746946e-03
1.0427642549770972e+01 -2.4192570727591218e-03
1.0429258920737190e+01 -2.4171998406637024e-03
1.0430875291703407e+01 -2.4151443456417545e-03
1.0432491662669625e+01 -2.4130905862477397e-03
1.0434108033635843e+01 -2.4110385610373094e-03
1.0435724404602059e+01 -2.4089882685672695e-03
1.0437340775568277e+01 -2.4069397073955869e-03
1.0438957146534495e+01 -2.4048928760813976e-03
1.0440573517500711e+01 -2.4028477731850057e-03
1.0442189888466929e+01 -2.4008043972678595e-03
1.0443806259433146e+01 -2.3987627468925843e-03
1.0445422630399364e+01 -2.3967228206229606e-03
1.0447039001365582e+01 -2.3946846170239218e-03
1.0448655372331798e+01 -2.3926481346615721e-03
1.0450271743298016e+01 -2.3906133721031592e-03
1.0451888114264234e+01 -2.3885803279171014e-03
1.0453504485230450e+01 -2.3865490006729590e-03
1.0455120856196668e+01 -2.3845193889414549e-03
1.0456737227162886e+01 -2.3824914912944643e-03
1.0458353598129102e+01 -2.3804653063050178e-03
1.0459969969095321e+01 -2.3784408325472892e-03
1.0461586340061537e+01 -2.3764180685966201e-03
1.0463202711027755e+01 -2.3743970130294802e-03
1.0464819081993973e+01 -2.3723776644235081e-03
1.0466435452960189e+01 -2.3703600213574871e-03
1.0468051823926407e+01 -2.3683440824113352e-03
1.0469668194892625e+01 -2.3663298461661340e-03
1.0471284565858841e+01 -2.3643173112041053e-03
1.0472900936825059e+01 -2.3623064761086107e-03
1.0474517307791276e+01 -2.3602973394641624e-03
1.0476133678757494e+01 -2.3582898998564176e-03
1.0477750049723712e+01 -2.3562841558721656e-03
1.0479366420689928e+01 -2.3542801060993527e-03
1.0480982791656146e+01 -2.3522777491270528e-03
1.0482599162622364e+01 -2.3502770835454869e-03
1.0484215533588580e+01 -2.3482781079460133e-03
1.0485831904554798e+01 -2.3462808209211302e-03
1.0487448275521016e+01 -2.3442852210644669e-03
1.0489064646487233e+01 -2.3422913069708023e-03
1.0490681017453451e+01 -2.3402990772360380e-03
1.0492297388419667e+01 -2.3383085304572136e-03
1.0493913759385885e+01 -2.3363196652325070e-03
1.0495530130352103e+01 -2.3343324801612269e-03
1.0497146501318319e+01 -2.3323469738438158e-03
1.0498762872284537e+01 -2.3303631448818407e-03
1.0500379243250755e+01 -2.3283809918780126e-03
1.0501995614216971e+01 -2.3264005134361583e-03
1.0503611985183190e+01 -2.3244217081612420e-03
1.0505228356149408e+01 -2.3224445746593521e-03
1.0506844727115624e+01 -2.3204691115377091e-03
1.0508461098081842e+01 -2.3184953174046497e-03
1.0510077469048058e+01 -2.3165231908696530e-03
1.0511693840014276e+01 -2.3145527305433000e-03
1.0513310210980494e+01 -2.3125839350373171e-03
1.0514926581946710e+01 -2.3106168029645457e-03
1.0516542952912928e+01 -2.3086513329389382e-03
1.0518159323879146e+01 -2.3066875235755869e-03
1.0519775694845363e+01 -2.3047253734906951e-03
1.0521392065811581e+01 -2.3027648813015822e-03
1.0523008436777799e+01 -2.3008060456266915e-03
1.0524624807744015e+01 -2.2988488650855904e-03
1.0526241178710233e+01 -2.2968933382989448e-03
1.0527857549676449e+01 -2.2949394638885567e-03
1.0529473920642667e+01 -2.2929872404773301e-03
1.0531090291608885e+01 -2.2910366666892899e-03
1.0532706662575102e+01 -2.2890877411495727e-03
1.0534323033541320e+01 -2.2871404624844297e-03
1.0535939404507538e+01 -2.2851948293212171e-03
1.0537555775473754e+01 -2.2832508402884158e-03
1.0539172146439972e+01 -2.2813084940156037e-03
1.0540788517406190e+01 -2.2793677891334708e-03
1.0542404888372406e+01 -2.2774287242738247e-03
1.0544021259338624e+01 -2.2754912980695687e-03
1.0545637630304840e+01 -2.2735555091547223e-03
1.0547254001271058e+01 -2.2716213561644011e-03
1.0548870372237277e+01 -2.2696888377348409e-03
1.0550486743203493e+01 -2.2677579525033657e-03
1.0552103114169711e+01 -2.2658286991084128e-03
1.0553719485135929e+01 -2.2639010761895213e-03
1.0555335856102145e+01 -2.2619750823873307e-03
1.0556952227068363e+01 -2.2600507163435765e-03
1.0558568598034581e+01 -2.2581279767011080e-03
1.0560184969000797e+01 -2.2562068621038577e-03
1.0561801339967015e+01 -2.2542873711968686e-03
1.0563417710933232e+01 -2.2523695026262780e-03
1.0565034081899450e+01 -2.2504532550393147e-03
1.0566650452865668e+01 -2.2485386270843103e-03
1.0568266823831884e+01 -2.2466256174106919e-03
1.0569883194798102e+01 -2.2447142246689745e-03
1.0571499565764320e+01 -2.2428044475107703e-03
1.0573115936730536e+01 -2.2408962845887922e-03
1.0574732307696754e+01 -2.2389897345568266e-03
1.0576348678662971e+01 -2.2370847960697703e-03
1.0577965049629189e+01 -2.2351814677835963e-03
1.0579581420595407e+01 -2.2332797483553750e-03
1.0581197791561623e+01 -2.2313796364432617e-03
1.0582814162527841e+01 -2.2294811307065035e-03
1.0584430533494059e+01 -2.2275842298054255e-03
1.0586046904460275e+01 -2.2256889324014520e-03
1.0587663275426493e+01 -2.2237952371570811e-03
1.0589279646392711e+01 -2.2219031427359003e-03
1.0590896017358927e+01 -2.2200126478025828e-03
1.0592512388325146e+01 -2.2181237510228782e-03
1.0594128759291362e+01 -2.2162364510636247e-03
1.0595745130257580e+01 -2.2143507465927346e-03
1.0597361501223798e+01 -2.2124666362792113e-03
1.0598977872190014e+01 -2.2105841187931262e-03
1.0600594243156232e+01 -2.2087031928056350e-03
1.0602210614122450e+01 -2.2068238569889725e-03
1.0603826985088666e+01 -2.2049461100164488e-03
1.0605443356054884e+01 -2.2030699505624454e-03
1.0607059727021102e+01 -2.2011953773024310e-03
1.0608676097987319e+01 -2.1993223889129362e-03
1.0610292468953537e+01 -2.1974509840715735e-03
1.0611908839919753e+01 -2.1955811614570268e-03
1.0613525210885971e+01 -2.1937129197490482e-03
1.0615141581852189e+01 -2.1918462576284653e-03
1.0616757952818405e+01 -2.1899811737771772e-03
1.0618374323784623e+01 -2.1881176668781463e-03
1.0619990694750841e+01 -2.1862557356154091e-03
1.0621607065717058e+01 -2.1843953786740760e-03
1.0623223436683276e+01 -2.1825365947403062e-03
1.0624839807649494e+01 -2.1806793825013449e-03
1.0626456178615710e+01 -2.1788237406454945e-03
1.0628072549581928e+01 -2.1769696678621193e-03
1.0629688920548144e+01 -2.1751171628416519e-03
1.0631305291514362e+01 -2.1732662242755904e-03
1.0632921662480580e+01 -2.1714168508564858e-03
1.0634538033446796e+01 -2.1695690412779638e-03
1.0636154404413015e+01 -2.1677227942346992e-03
1.0637770775379233e+01 -2.1658781084224325e-03
1.0639387146345449e+01 -2.1640349825379642e-03
1.0641003517311667e+01 -2.1621934152791481e-03
1.0642619888277885e+01 -2.1603534053448998e-03
1.0644236259244101e+01 -2.1585149514351913e-03
1.0645852630210319e+01 -2.1566780522510507e-03
1.0647469001176535e+01 -2.1548427064945566e-03
1.0649085372142753e+01 -2.1530089128688479e-03
1.0650701743108971e+01 -2.1511766700781118e-03
1.0652318114075188e+01 -2.1493459768275993e-03
1.0653934485041406e+01 -2.1475168318235926e-03
1.0655550856007624e+01 -2.1456892337734456e-03
1.0657167226973840e+01 -2.1438631813855539e-03
1.0658783597940058e+01 -2.1420386733693592e-03
1.0660399968906274e+01 -2.1402157084353594e-03
1.0662016339872492e+01 -2.1383942852950919e-03
1.0663632710838710e+01 -2.1365744026611479e-03
1.0665249081804927e+01 -2.1347560592471647e-03
1.0666865452771145e+01 -2.1329392537678196e-03
1.0668481823737363e+01 -2.1311239849388370e-03
1.0670098194703579e+01 -2.1293102514769943e-03
1.0671714565669797e+01 -2.1274980521000918e-03
1.0673330936636015e+01 -2.1256873855269921e-03
1.0674947307602231e+01 -2.1238782504775892e-03
1.0676563678568449e+01 -2.1220706456728218e-03
1.0678180049534665e+01 -2.1202645698346623e-03
1.0679796420500884e+01 -2.1184600216861290e-03
1.0681412791467102e+01 -2.1166569999512756e-03
1.0683029162433318e+01 -2.1148555033551953e-03
1.0684645533399536e+01 -2.1130555306240104e-03
1.0686261904365754e+01 -2.1112570804848927e-03
1.0687878275331970e+01 -2.1094601516660366e-03
1.0689494646298188e+01 -2.1076647428966760e-03
1.0691111017264406e+01 -2.1058708529070806e-03
1.0692727388230622e+01 -2.1040784804285464e-03
1.0694343759196840e+01 -2.1022876241934070e-03
1.0695960130163057e+01 -2.1004982829350271e-03
1.0697576501129275e+01 -2.0987104553877971e-03
1.0699192872095493e+01 -2.0969241402871374e-03
1.0700809243061709e+01 -2.0951393363695101e-03
1.0702425614027927e+01 -2.0933560423723823e-03
1.0704041984994145e+01 -2.0915742570342681e-03
1.0705658355960361e+01 -2.0897939790947007e-03
1.0707274726926579e+01 -2.0880152072942360e-03
1.0708891097892797e+01 -2.0862379403744570e-03
1.0710507468859014e+01 -2.0844621770779799e-03
1.0712123839825232e+01 -2.0826879161484238e-03
1.0713740210791448e+01 -2.0809151563304521e-03
1.0715356581757666e+01 -2.0791438963697357e-03
1.0716972952723884e+01 -2.0773741350129686e-03
1.0718589323690100e+01 -2.0756058710078734e-03
1.0720205694656318e+01 -2.0738391031031806e-03
1.0721822065622536e+01 -2.0720738300486464e-03
1.0723438436588753e+01 -2.0703100505950435e-03
1.0725054807554971e+01 -2.0685477634941620e-03
1.0726671178521189e+01 -2.0667869674988026e-03
1.0728287549487405e+01 -2.0650276613627932e-03
1.0729903920453623e+01 -2.0632698438409632e-03
1.0731520291419839e+01 -2.0615135136891668e-03
1.0733136662386057e+01 -2.0597586696642608e-03
1.0734753033352275e+01 -2.0580053105241271e-03
1.0736369404318491e+01 -2.0562534350276468e-03
1.0737985775284709e+01 -2.0545030419347183e-03
1.0739602146250927e+01 -2.0527541300062522e-03
1.0741218517217144e+01 -2.0510066980041599e-03
1.0742834888183362e+01 -2.0492607446913696e-03
1.0744451259149578e+01 -2.0475162688318141e-03
1.0746067630115796e+01 -2.0457732691904311e-03
1.0747684001082014e+01 -2.0440317445331647e-03
1.0749300372048230e+01 -2.0422916936269739e-03
1.0750916743014448e+01 -2.0405531152398039e-03
1.0752533113980666e+01 -2.0388160081406207e-03
1.0754149484946883e+01 -2.0370803710993870e-03
1.0755765855913101e+01 -2.0353462028870639e-03
1.0757382226879319e+01 -2.0336135022756179e-03
1.0758998597845535e+01 -2.0318822680380232e-03
1.0760614968811753e+01 -2.0301524989482355e-03
1.0762231339777969e+01 -2.0284241937812307e-03
1.0763847710744187e+01 -2.0266973513129683e-03
1.0765464081710405e+01 -2.0249719703204091e-03
1.0767080452676622e+01 -2.0232480495815182e-03
1.0768696823642840e+01 -2.0215255878752447e-03
1.0770313194609058e+01 -2.0198045839815424e-03
1.0771929565575274e+01 -2.0180850366813561e-03
1.0773545936541492e+01 -2.0163669447566257e-03
1.0775162307507710e+01 -2.0146503069902789e-03
1.0776778678473926e+01 -2.0129351221662467e-03
1.0778395049440144e+01 -2.0112213890694400e-03
1.0780011420406360e+01 -2.0095091064857682e-03
1.0781627791372578e+01 -2.0077982732021240e-03
1.0783244162338796e+01 -2.0060888880063985e-03
1.0784860533305013e+01 -2.0043809496874624e-03
1.0786476904271231e+01 -2.0026744570351782e-03
1.0788093275237449e+01 -2.0009694088403977e-03
1.0789709646203665e+01 -1.9992658038949515e-03
1.0791326017169883e+01 -1.9975636409916629e-03
1.0792942388136101e+01 -1.9958629189243370e-03
1.0794558759102317e+01 -1.9941636364877642e-03
1.0796175130068535e+01 -1.9924657924777125e-03
1.0797791501034752e+01 -1.9907693856909439e-03
1.0799407872000970e+01 -1.9890744149251858e-03
1.0801024242967188e+01 -1.9873808789791611e-03
1.0802640613933404e+01 -1.9856887766525693e-03
1.0804256984899622e+01 -1.9839981067460814e-03
1.0805873355865840e+01 -1.9823088680613532e-03
1.0807489726832056e+01 -1.9806210594010254e-03
1.0809106097798274e+01 -1.9789346795686981e-03
1.0810722468764492e+01 -1.9772497273689640e-03
1.0812338839730709e+01 -1.9755662016073877e-03
1.0813955210696927e+01 -1.9738841010904975e-03
1.0815571581663143e+01 -1.9722034246258129e-03
1.0817187952629361e+01 -1.9705241710218130e-03
1.0818804323595579e+01 -1.9688463390879572e-03
1.0820420694561795e+01 -1.9671699276346743e-03
1.0822037065528013e+01 -1.9654949354733658e-03
1.0823653436494231e+01 -1.9638213614163974e-03
1.0825269807460447e+01 -1.9621492042771150e-03
1.0826886178426665e+01 -1.9604784628698222e-03
1.0828502549392883e+01 -1.9588091360097982e-03
1.0830118920359100e+01 -1.9571412225132864e-03
1.0831735291325318e+01 -1.9554747211975002e-03
1.0833351662291534e+01 -1.9538096308806116e-03
1.0834968033257752e+01 -1.9521459503817644e-03
1.0836584404223970e+01 -1.9504836785210647e-03
1.0838200775190186e+01 -1.9488228141195836e-03
1.0839817146156404e+01 -1.9471633559993505e-03
1.0841433517122622e+01 -1.9455053029833614e-03
1.0843049888088839e+01 -1.9438486538955739e-03
1.0844666259055057e+01 -1.9421934075608994e-03
1.0846282630021273e+01 -1.9405395628052228e-03
1.0847899000987491e+01 -1.9388871184553697e-03
1.0849515371953709e+01 -1.9372360733391409e-03
1.0851131742919925e+01 -1.9355864262852879e-03
1.0852748113886143e+01 -1.9339381761235154e-03
1.0854364484852361e+01 -1.9322913216844883e-03
1.0855980855818578e+01 -1.9306458617998343e-03
1.0857597226784796e+01 -1.9290017953021165e-03
1.0859213597751014e+01 -1.9273591210248718e-03
1.0860829968717230e+01 -1.9257178378025818e-03
1.0862446339683448e+01 -1.9240779444706772e-03
1.0864062710649664e+01 -1.9224394398655480e-03
1.0865679081615882e+01 -1.9208023228245283e-03
1.0867295452582100e+01 -1.9191665921859061e-03
1.0868911823548316e+01 -1.9175322467889192e-03
1.0870528194514534e+01 -1.9158992854737553e-03
1.0872144565480752e+01 -1.9142677070815427e-03
1.0873760936446969e+01 -1.9126375104543691e-03
1.0875377307413187e+01 -1.9110086944352559e-03
1.0876993678379405e+01 -1.9093812578681838e-03
1.0878610049345621e+01 -1.9077551995980656e-03
1.0880226420311839e+01 -1.9061305184707670e-03
1.0881842791278055e+01 -1.9045072133330953e-03
1.0883459162244273e+01 -1.9028852830327979e-03
1.0885075533210491e+01 -1.9012647264185663e-03
1.0886691904176708e+01 -1.8996455423400407e-03
1.0888308275142926e+01 -1.8980277296477865e-03
1.0889924646109144e+01 -1.8964112871933190e-03
1.0891541017075360e+01 -1.8947962138290996e-03
1.0893157388041578e+01 -1.8931825084085093e-03
1.0894773759007796e+01 -1.8915701697858843e-03
1.0896390129974012e+01 -1.8899591968164920e-03
1.0898006500940230e+01 -1.8883495883565318e-03
1.0899622871906447e+01 -1.8867413432631440e-03
1.0901239242872665e+01 -1.8851344603944050e-03
1.0902855613838883e+01 -1.8835289386093163e-03
1.0904471984805099e+01 -1.8819247767678272e-03
1.0906088355771317e+01 -1.8803219737308060e-03
1.0907704726737535e+01 -1.8787205283600603e-03
1.0909321097703751e+01 -1.8771204395183281e-03
1.0910937468669969e+01 -1.8755217060692790e-03
1.0912553839636187e+01 -1.8739243268775065e-03
1.0914170210602403e+01 -1.8723283008085403e-03
1.0915786581568621e+01 -1.8707336267288369e-03
1.0917402952534838e+01 -1.8691403035057759e-03
1.0919019323501056e+01 -1.8675483300076689e-03
1.0920635694467274e+01 -1.8659577051037520e-03
1.0922252065433490e+01 -1.8643684276641885e-03
1.0923868436399708e+01 -1.8627804965600603e-03
1.0925484807365926e+01 -1.8611939106633840e-03
1.0927101178332142e+01 -1.8596086688470890e-03
1.0928717549298360e+01 -1.8580247699850330e-03
1.0930333920264577e+01 -1.8564422129519961e-03
1.0931950291230795e+01 -1.8548609966236754e-03
1.0933566662197013e+01 -1.8532811198766900e-03
1.0935183033163229e+01 -1.8517025815885874e-03
1.0936799404129447e+01 -1.8501253806378170e-03
1.0938415775095665e+01 -1.8485495159037593e-03
1.0940032146061881e+01 -1.8469749862667147e-03
1.0941648517028099e+01 -1.8454017906078856e-03
1.0943264887994317e+01 -1.8438299278094067e-03
1.0944881258960534e+01 -1.8422593967543212e-03
1.0946497629926752e+01 -1.8406901963265846e-03
1.0948114000892968e+01 -1.8391223254110704e-03
1.0949730371859186e+01 -1.8375557828935662e-03
1.0951346742825404e+01 -1.8359905676607652e-03
1.0952963113791620e+01 -1.8344266786002848e-03
1.0954579484757838e+01 -1.8328641146006408e-03
1.0956195855724056e+01 -1.8313028745512673e-03
1.0957812226690272e+01 -1.8297429573425059e-03
1.0959428597656490e+01 -1.8281843618656096e-03
1.0961044968622708e+01 -1.8266270870127325e-03
1.0962661339588925e+01 -1.8250711316769479e-03
1.0964277710555143e+01 -1.8235164947522267e-03
1.0965894081521359e+01 -1.8219631751334475e-03
1.0967510452487577e+01 -1.8204111717163970e-03
1.0969126823453795e+01 -1.8188604833977665e-03
1.0970743194420011e+01 -1.8173111090751522e-03
1.0972359565386229e+01 -1.8157630476470475e-03
1.0973975936352447e+01 -1.8142162980128598e-03
1.0975592307318664e+01 -1.8126708590728868e-03
1.0977208678284882e+01 -1.8111267297283345e-03
1.0978825049251100e+01 -1.8095839088813079e-03
1.0980441420217316e+01 -1.8080423954348137e-03
1.0982057791183534e+01 -1.8065021882927507e-03
1.0983674162149750e+01 -1.8049632863599298e-03
1.0985290533115968e+01 -1.8034256885420417e-03
1.0986906904082186e+01 -1.8018893937456900e-03
1.0988523275048403e+01 -1.8003544008783705e-03
1.0990139646014621e+01 -1.7988207088484645e-03
1.0991756016980839e+01 -1.7972883165652638e-03
1.0993372387947055e+01 -1.7957572229389464e-03
1.0994988758913273e+01 -1.7942274268805823e-03
1.0996605129879491e+01 -1.7926989273021371e-03
1.0998221500845707e+01 -1.7911717231164747e-03
1.0999837871811925e+01 -1.7896458132373350e-03
1.1001454242778141e+01 -1.7881211965793658e-03
1.1003070613744359e+01 -1.7865978720580926e-03
1.1004686984710577e+01 -1.7850758385899372e-03
1.1006303355676794e+01 -1.7835550950922076e-03
1.1007919726643012e+01 -1.7820356404831023e-03
1.1009536097609230e+01 -1.7805174736817003e-03
1.1011152468575446e+01 -1.7790005936079779e-03
1.1012768839541664e+01 -1.7774849991827892e-03
1.1014385210507882e+01 -1.7759706893278725e-03
1.1016001581474098e+01 -1.7744576629658611e-03
1.1017617952440316e+01 -1.7729459190202598e-03
1.1019234323406533e+01 -1.7714354564154662e-03
1.1020850694372751e+01 -1.7699262740767509e-03
1.1022467065338969e+01 -1.7684183709302779e-03
1.1024083436305185e+01 -1.7669117459030825e-03
1.1025699807271403e+01 -1.7654063979230844e-03
1.1027316178237621e+01 -1.7639023259190842e-03
1.1028932549203837e+01 -1.7623995288207610e-03
1.1030548920170055e+01 -1.7608980055586673e-03
1.1032165291136272e+01 -1.7593977550642449e-03
1.1033781662102490e+01 -1.7578987762697964e-03
1.1035398033068708e+01 -1.7564010681085152e-03
1.1037014404034924e+01 -1.7549046295144667e-03
1.1038630775001142e+01 -1.7534094594225814e-03
1.1040247145967360e+01 -1.7519155567686782e-03
1.1041863516933576e+01 -1.7504229204894433e-03
1.1043479887899794e+01 -1.7489315495224328e-03
1.1045096258866012e+01 -1.7474414428060778e-03
1.1046712629832228e+01 -1.7459525992796878e-03
1.1048329000798446e+01 -1.7444650178834275e-03
1.1049945371764663e+01 -1.7429786975583477e-03
1.1051561742730881e+01 -1.7414936372463583e-03
1.1053178113697099e+01 -1.7400098358902427e-03
1.1054794484663315e+01 -1.7385272924336512e-03
1.1056410855629533e+01 -1.7370460058211033e-03
1.1058027226595751e+01 -1.7355659749979789e-03
1.1059643597561967e+01 -1.7340871989105348e-03
1.1061259968528185e+01 -1.7326096765058845e-03
1.1062876339494403e+01 -1.7311334067320063e-03
1.1064492710460620e+01 -1.7296583885377500e-03
1.1066109081426838e+01 -1.7281846208728197e-03
1.1067725452393054e+01 -1.7267121026877908e-03
1.1069341823359272e+01 -1.7252408329340903e-03
1.1070958194325490e+01 -1.7237708105640199e-03
1.1072574565291706e+01 -1.7223020345307290e-03
1.1074190936257924e+01 -1.7208345037882354e-03
1.1075807307224142e+01 -1.7193682172914116e-03
1.1077423678190359e+01 -1.7179031739959967e-03
1.1079040049156577e+01 -1.7164393728585732e-03
1.1080656420122795e+01 -1.7149768128365953e-03
1.1082272791089011e+01 -1.7135154928883682e-03
1.1083889162055229e+01 -1.7120554119730499e-03
1.1085505533021445e+01 -1.7105965690506599e-03
1.1087121903987663e+01 -1.7091389630820662e-03
1.1088738274953881e+01 -1.7076825930289956e-03
1.1090354645920097e+01 -1.7062274578540267e-03
1.1091971016886315e+01 -1.7047735565205884e-03
1.1093587387852534e+01 -1.7033208879929636e-03
1.1095203758818750e+01 -1.7018694512362909e-03
1.1096820129784968e+01 -1.7004192452165501e-03
1.1098436500751186e+01 -1.6989702689005773e-03
1.1100052871717402e+01 -1.6975225212560567e-03
1.1101669242683620e+01 -1.6960760012515225e-03
1.1103285613649836e+01 -1.6946307078563524e-03
1.1104901984616054e+01 -1.6931866400407753e-03
1.1106518355582272e+01 -1.6917437967758657e-03
1.1108134726548489e+01 -1.6903021770335455e-03
1.1109751097514707e+01 -1.6888617797865761e-03
1.1111367468480925e+01 -1.6874226040085735e-03
1.1112983839447141e+01 -1.6859846486739891e-03
1.1114600210413359e+01 -1.6845479127581171e-03
1.1116216581379575e+01 -1.6831123952371053e-03
1.1117832952345793e+01 -1.6816780950879272e-03
1.1119449323312011e+01 -1.6802450112884120e-03
1.1121065694278228e+01 -1.6788131428172239e-03
1.1122682065244446e+01 -1.6773824886538644e-03
1.1124298436210664e+01 -1.6759530477786755e-03
1.1125914807176880e+01 -1.6745248191728469e-03
1.1127531178143098e+01 -1.6730978018183889e-03
1.1129147549109316e+01 -1.6716719946981650e-03
1.1130763920075532e+01 -1.6702473967958700e-03
1.1132380291041750e+01 -1.6688240070960301e-03
1.1133996662007966e+01 -1.6674018245840128e-03
1.1135613032974184e+01 -1.6659808482460201e-03
1.1137229403940403e+01 -1.6645610770690831e-03
1.1138845774906619e+01 -1.6631425100410715e-03
1.1140462145872837e+01 -1.6617251461506861e-03
1.1142078516839055e+01 -1.6603089843874564e-03
1.1143694887805271e+01 -1.6588940237417520e-03
1.1145311258771489e+01 -1.6574802632047631e-03
1.1146927629737707e+01 -1.6560677017685161e-03
1.1148544000703923e+01 -1.6546563384258659e-03
1.1150160371670141e+01 -1.6532461721704968e-03
1.1151776742636358e+01 -1.6518372019969176e-03
1.1153393113602576e+01 -1.6504294269004684e-03
1.1155009484568794e+01 -1.6490228458773159e-03
1.1156625855535010e+01 -1.6476174579244526e-03
1.1158242226501228e+01 -1.6462132620396926e-03
1.1159858597467446e+01 -1.6448102572216841e-03
1.1161474968433662e+01 -1.6434084424698904e-03
1.1163091339399880e+01 -1.6420078167846003e-03
1.1164707710366098e+01 -1.6406083791669322e-03
1.1166324081332315e+01 -1.6392101286188184e-03
1.1167940452298533e+01 -1.6378130641430170e-03
1.1169556823264749e+01 -1.6364171847431080e-03
1.1171173194230967e+01 -1.6350224894234875e-03
1.1172789565197185e+01 -1.6336289771893744e-03
1.1174405936163401e+01 -1.6322366470468124e-03
1.1176022307129619e+01 -1.6308454980026484e-03
1.1177638678095837e+01 -1.6294555290645627e-03
1.1179255049062053e+01 -1.6280667392410463e-03
1.1180871420028272e+01 -1.6266791275414037e-03
1.1182487790994490e+01 -1.6252926929757586e-03
1.1184104161960706e+01 -1.6239074345550560e-03
1.1185720532926924e+01 -1.6225233512910408e-03
1.1187336903893140e+01 -1.6211404421962844e-03
1.1188953274859358e+01 -1.6197587062841687e-03
1.1190569645825576e+01 -1.6183781425688824e-03
1.1192186016791792e+01 -1.6169987500654365e-03
1.1193802387758010e+01 -1.6156205277896433e-03
1.1195418758724228e+01 -1.6142434747581317e-03
1.1197035129690445e+01 -1.6128675899883392e-03
1.1198651500656663e+01 -1.6114928724985142e-03
1.1200267871622881e+01 -1.6101193213077084e-03
1.1201884242589097e+01 -1.6087469354357912e-03
1.1203500613555315e+01 -1.6073757139034297e-03
1.1205116984521531e+01 -1.6060056557321057e-03
1.1206733355487749e+01 -1.6046367599440994e-03
1.1208349726453967e+01 -1.6032690255625066e-03
1.1209966097420184e+01 -1.6019024516112186e-03
1.1211582468386402e+01 -1.6005370371149367e-03
1.1213198839352620e+01 -1.5991727810991659e-03
1.1214815210318836e+01 -1.5978096825902087e-03
1.1216431581285054e+01 -1.5964477406151766e-03
1.1218047952251270e+01 -1.5950869542019821e-03
1.1219664323217488e+01 -1.5937273223793334e-03
1.1221280694183706e+01 -1.5923688441767440e-03
1.1222897065149922e+01 -1.5910115186245316e-03
1.1224513436116140e+01 -1.5896553447537990e-03
1.1226129807082359e+01 -1.5883003215964636e-03
1.1227746178048575e+01 -1.5869464481852327e-03
1.1229362549014793e+01 -1.5855937235536104e-03
1.1230978919981011e+01 -1.5842421467358989e-03
1.1232595290947227e+01 -1.5828917167672030e-03
1.1234211661913445e+01 -1.5815424326834080e-03
1.1235828032879661e+01 -1.5801942935212104e-03
1.1237444403845879e+01 -1.5788472983180913e-03
1.1239060774812097e+01 -1.5775014461123251e-03
1.1240677145778314e+01 -1.5761567359429869e-03
1.1242293516744532e+01 -1.5748131668499356e-03
1.1243909887710750e+01 -1.5734707378738267e-03
1.1245526258676966e+01 -1.5721294480561055e-03
1.1247142629643184e+01 -1.5707892964390094e-03
1.1248759000609402e+01 -1.5694502820655599e-03
1.1250375371575618e+01 -1.5681124039795778e-03
1.1251991742541836e+01 -1.5667756612256626e-03
1.1253608113508053e+01 -1.5654400528492089e-03
1.1255224484474271e+01 -1.5641055778963910e-03
1.1256840855440489e+01 -1.5627722354141810e-03
1.1258457226406705e+01 -1.5614400244503264e-03
1.1260073597372923e+01 -1.5601089440533658e-03
1.1261689968339141e+01 -1.5587789932726228e-03
1.1263306339305357e+01 -1.5574501711582023e-03
1.1264922710271575e+01 -1.5561224767609949e-03
1.1266539081237793e+01 -1.5547959091326740e-03
1.1268155452204009e+01 -1.5534704673256974e-03
1.1269771823170228e+01 -1.5521461503932980e-03
1.1271388194136444e+01 -1.5508229573895009e-03
1.1273004565102662e+01 -1.5495008873690980e-03
1.1274620936068880e+01 -1.5481799393876731e-03
1.1276237307035096e+01 -1.5468601125015855e-03
1.1277853678001314e+01 -1.5455414057679692e-03
1.1279470048967532e+01 -1.5442238182447395e-03
1.1281086419933748e+01 -1.5429073489905945e-03
1.1282702790899966e+01 -1.5415919970649960e-03
1.1284319161866184e+01 -1.5402777615281947e-03
1.1285935532832401e+01 -1.5389646414412138e-03
1.1287551903798619e+01 -1.5376526358658431e-03
1.1289168274764835e+01 -1.5363417438646599e-03
1.1290784645731053e+01 -1.5350319645010050e-03
1.1292401016697271e+01 -1.5337232968389972e-03
1.1294017387663487e+01 -1.5324157399435275e-03
1.1295633758629705e+01 -1.5311092928802588e-03
1.1297250129595923e+01 -1.5298039547156214e-03
1.1298866500562140e+01 -1.5284997245168246e-03
1.1300482871528358e+01 -1.5271966013518379e-03
1.1302099242494574e+01 -1.5258945842894112e-03
1.1303715613460792e+01 -1.5245936723990499e-03
1.1305331984427010e+01 -1.5232938647510405e-03
1.1306948355393226e+01 -1.5219951604164318e-03
1.1308564726359444e+01 -1.5206975584670368e-03
1.1310181097325662e+01 -1.5194010579754388e-03
1.1311797468291878e+01 -1.5181056580149880e-03
1.1313413839258097e+01 -1.5168113576597949e-03
1.1315030210224315e+01 -1.5155181559847370e-03
1.1316646581190531e+01 -1.5142260520654629e-03
1.1318262952156749e+01 -1.5129350449783684e-03
1.1319879323122965e+01 -1.5116451338006299e-03
1.1321495694089183e+01 -1.5103563176101736e-03
1.1323112065055401e+01 -1.5090685954856921e-03
1.1324728436021617e+01 -1.5077819665066394e-03
1.1326344806987835e+01 -1.5064964297532293e-03
1.1327961177954053e+01 -1.5052119843064324e-03
1.1329577548920270e+01 -1.5039286292479858e-03
1.1331193919886488e+01 -1.5026463636603764e-03
1.1332810290852706e+01 -1.5013651866268550e-03
1.1334426661818922e+01 -1.5000850972314273e-03
1.1336043032785140e+01 -1.4988060945588587e-03
1.1337659403751356e+01 -1.4975281776946664e-03
1.1339275774717574e+01 -1.4962513457251233e-03
1.1340892145683792e+01 -1.4949755977372648e-03
1.1342508516650009e+01 -1.4937009328188707e-03
1.1344124887616227e+01 -1.4924273500584802e-03
1.1345741258582445e+01 -1.4911548485453856e-03
1.1347357629548661e+01 -1.4898834273696310e-03
1.1348974000514879e+01 -1.4886130856220086e-03
1.1350590371481097e+01 -1.4873438223940714e-03
1.1352206742447313e+01 -1.4860756367781128e-03
1.1353823113413531e+01 -1.4848085278671829e-03
1.1355439484379747e+01 -1.4835424947550807e-03
1.1357055855345966e+01 -1.4822775365363496e-03
1.1358672226312184e+01 -1.4810136523062862e-03
1.1360288597278400e+01 -1.4797508411609375e-03
1.1361904968244618e+01 -1.4784891021970884e-03
1.1363521339210836e+01 -1.4772284345122757e-03
1.1365137710177052e+01 -1.4759688372047884e-03
1.1366754081143270e+01 -1.4747103093736473e-03
1.1368370452109488e+01 -1.4734528501186301e-03
1.1369986823075704e+01 -1.4721964585402546e-03
1.1371603194041922e+01 -1.4709411337397794e-03
1.1373219565008139e+01 -1.4696868748192101e-03
1.1374835935974357e+01 -1.4684336808812937e-03
1.1376452306940575e+01 -1.4671815510295164e-03
1.1378068677906791e+01 -1.4659304843681119e-03
1.1379685048873009e+01 -1.4646804800020473e-03
1.1381301419839227e+01 -1.4634315370370347e-03
1.1382917790805443e+01 -1.4621836545795248e-03
1.1384534161771661e+01 -1.4609368317367070e-03
1.1386150532737879e+01 -1.4596910676165065e-03
1.1387766903704096e+01 -1.4584463613275904e-03
1.1389383274670314e+01 -1.4572027119793623e-03
1.1390999645636530e+01 -1.4559601186819584e-03
1.1392616016602748e+01 -1.4547185805462550e-03
1.1394232387568966e+01 -1.4534780966838621e-03
1.1395848758535182e+01 -1.4522386662071277e-03
1.1397465129501400e+01 -1.4510002882291264e-03
1.1399081500467618e+01 -1.4497629618636769e-03
1.1400697871433835e+01 -1.4485266862253217e-03
1.1402314242400053e+01 -1.4472914604293408e-03
1.1403930613366269e+01 -1.4460572835917462e-03
1.1405546984332487e+01 -1.4448241548292774e-03
1.1407163355298705e+01 -1.4435920732594077e-03
1.1408779726264921e+01 -1.4423610380003441e-03
1.1410396097231139e+01 -1.4411310481710136e-03
1.1412012468197357e+01 -1.4399021028910790e-03
1.1413628839163573e+01 -1.4386742012809349e-03
1.1415245210129791e+01 -1.4374473424616917e-03
1.1416861581096009e+01 -1.4362215255552006e-03
1.1418477952062226e+01 -1.4349967496840321e-03
1.1420094323028444e+01 -1.4337730139714821e-03
1.1421710693994660e+01 -1.4325503175415752e-03
1.1423327064960878e+01 -1.4313286595190606e-03
1.1424943435927096e+01 -1.4301080390294080e-03
1.1426559806893312e+01 -1.4288884551988184e-03
1.1428176177859530e+01 -1.4276699071542084e-03
1.1429792548825748e+01 -1.4264523940232211e-03
1.1431408919791965e+01 -1.4252359149342212e-03
1.1433025290758183e+01 -1.4240204690162959e-03
1.1434641661724401e+01 -1.4228060553992498e-03
1.1436258032690617e+01 -1.4215926732136105e-03
1.1437874403656835e+01 -1.4203803215906273e-03
1.1439490774623051e+01 -1.4191689996622633e-03
1.1441107145589269e+01 -1.4179587065612045e-03
1.1442723516555487e+01 -1.4167494414208538e-03
1.1444339887521704e+01 -1.4155412033753330e-03
1.1445956258487922e+01 -1.4143339915594752e-03
1.1447572629454140e+01 -1.4131278051088391e-03
1.1449189000420356e+01 -1.4119226431596906e-03
1.1450805371386574e+01 -1.4107185048490144e-03
1.1452421742352792e+01 -1.4095153893145106e-03
1.1454038113319008e+01 -1.4083132956945930e-03
1.1455654484285226e+01 -1.4071122231283848e-03
1.1457270855251442e+01 -1.4059121707557314e-03
1.1458887226217660e+01 -1.4047131377171772e-03
1.1460503597183878e+01 -1.4035151231539913e-03
1.1462119968150095e+01 -1.4023181262081490e-03
1.1463736339116313e+01 -1.4011221460223299e-03
1.1465352710082531e+01 -1.3999271817399345e-03
1.1466969081048747e+01 -1.3987332325050682e-03
1.1468585452014965e+01 -1.3975402974625416e-03
1.1470201822981183e+01 -1.3963483757578775e-03
1.1471818193947399e+01 -1.3951574665373109e-03
1.1473434564913617e+01 -1.3939675689477716e-03
1.1475050935879834e+01 -1.3927786821369096e-03
1.1476667306846052e+01 -1.3915908052530717e-03
1.1478283677812270e+01 -1.3904039374453149e-03
1.1479900048778486e+01 -1.3892180778633991e-03
1.1481516419744704e+01 -1.3880332256577914e-03
1.1483132790710922e+01 -1.3868493799796566e-03
1.1484749161677138e+01 -1.3856665399808715e-03
1.1486365532643356e+01 -1.3844847048140091e-03
1.1487981903609572e+01 -1.3833038736323451e-03
1.1489598274575791e+01 -1.3821240455898589e-03
1.1491214645542009e+01 -1.3809452198412309e-03
1.1492831016508225e+01 -1.3797673955418422e-03
1.1494447387474443e+01 -1.3785905718477691e-03
1.1496063758440661e+01 -1.3774147479157963e-03
1.1497680129406877e+01 -1.3762399229033983e-03
1.1499296500373095e+01 -1.3750660959687528e-03
1.1500912871339313e+01 -1.3738932662707331e-03
1.1502529242305529e+01 -1.3727214329689150e-03
1.1504145613271747e+01 -1.3715505952235593e-03
1.1505761984237964e+01 -1.3703807521956374e-03
1.1507378355204182e+01 -1.3692119030468014e-03
1.1508994726170400e+01 -1.3680440469394104e-03
1.1510611097136616e+01 -1.3668771830365142e-03
1.1512227468102834e+01 -1.3657113105018494e-03
1.1513843839069052e+01 -1.3645464284998562e-03
1.1515460210035268e+01 -1.3633825361956630e-03
1.1517076581001486e+01 -1.3622196327550884e-03
1.1518692951967704e+01 -1.3610577173446439e-03
1.1520309322933921e+01 -1.3598967891315366e-03
1.1521925693900139e+01 -1.3587368472836561e-03
1.1523542064866355e+01 -1.3575778909695885e-03
1.1525158435832573e+01 -1.3564199193586033e-03
1.1526774806798791e+01 -1.3552629316206668e-03
1.1528391177765007e+01 -1.3541069269264250e-03
1.1530007548731225e+01 -1.3529519044472170e-03
1.1531623919697443e+01 -1.3517978633550676e-03
1.1533240290663660e+01 -1.3506448028226894e-03
1.1534856661629878e+01 -1.3494927220234771e-03
1.1536473032596096e+01 -1.3483416201315157e-03
1.1538089403562312e+01 -1.3471914963215737e-03
1.1539705774528530e+01 -1.3460423497691000e-03
1.1541322145494746e+01 -1.3448941796502369e-03
1.1542938516460964e+01 -1.3437469851417965e-03
1.1544554887427182e+01 -1.3426007654212860e-03
1.1546171258393398e+01 -1.3414555196668901e-03
1.1547787629359616e+01 -1.3403112470574726e-03
1.1549404000325834e+01 -1.3391679467725810e-03
1.1551020371292051e+01 -1.3380256179924472e-03
1.1552636742258269e+01 -1.3368842598979729e-03
1.1554253113224487e+01 -1.3357438716707500e-03
1.1555869484190703e+01 -1.3346044524930449e-03
1.1557485855156921e+01 -1.3334660015478000e-03
1.1559102226123137e+01 -1.3323285180186404e-03
1.1560718597089355e+01 -1.3311920010898638e-03
1.1562334968055573e+01 -1.3300564499464482e-03
1.1563951339021790e+01 -1.3289218637740465e-03
1.1565567709988008e+01 -1.3277882417589888e-03
1.1567184080954226e+01 -1.3266555830882751e-03
1.1568800451920442e+01 -1.3255238869495888e-03
1.1570416822886660e+01 -1.3243931525312789e-03
1.1572033193852878e+01 -1.3232633790223728e-03
1.1573649564819094e+01 -1.3221345656125691e-03
1.1575265935785312e+01 -1.3210067114922412e-03
1.1576882306751529e+01 -1.3198798158524294e-03
1.1578498677717747e+01 -1.3187538778848505e-03
1.1580115048683965e+01 -1.3176288967818896e-03
1.1581731419650181e+01 -1.3165048717366039e-03
1.1583347790616399e+01 -1.3153818019427152e-03
1.1584964161582617e+01 -1.3142596865946237e-03
1.1586580532548833e+01 -1.3131385248873906e-03
1.1588196903515051e+01 -1.3120183160167450e-03
1.1589813274481267e+01 -1.3108990591790921e-03
1.1591429645447485e+01 -1.3097807535714914e-03
1.1593046016413703e+01 -1.3086633983916808e-03
1.1594662387379920e+01 -1.3075469928380591e-03
1.1596278758346138e+01 -1.3064315361096882e-03
1.1597895129312356e+01 -1.3053170274062976e-03
1.1599511500278572e+01 -1.3042034659282861e-03
1.1601127871244790e+01 -1.3030908508767040e-03
1.1602744242211008e+01 -1.3019791814532769e-03
1.1604360613177224e+01 -1.3008684568603889e-03
1.1605976984143442e+01 -1.2997586763010835e-03
1.1607593355109659e+01 -1.2986498389790696e-03
1.1609209726075877e+01 -1.2975419440987178e-03
1.1610826097042095e+01 -1.2964349908650553e-03
1.1612442468008311e+01 -1.2953289784837731e-03
1.1614058838974529e+01 -1.2942239061612215e-03
1.1615675209940747e+01 -1.2931197731044061e-03
1.1617291580906963e+01 -1.2920165785209987e-03
1.1618907951873181e+01 -1.2909143216193201e-03
1.1620524322839399e+01 -1.2898130016083553e-03
1.1622140693805616e+01 -1.2887126176977432e-03
1.1623757064771834e+01 -1.2876131690977815e-03
1.1625373435738050e+01 -1.2865146550194192e-03
1.1626989806704268e+01 -1.2854170746742655e-03
1.1628606177670486e+01 -1.2843204272745823e-03
1.1630222548636702e+01 -1.2832247120332877e-03
1.1631838919602920e+01 -1.2821299281639482e-03
1.1633455290569138e+01 -1.2810360748807925e-03
1.1635071661535354e+01 -1.2799431513986945e-03
1.1636688032501572e+01 -1.2788511569331810e-03
1.1638304403467790e+01 -1.2777600907004367e-03
1.1639920774434007e+01 -1.2766699519172896e-03
1.1641537145400225e+01 -1.2755807398012234e-03
1.1643153516366441e+01 -1.2744924535703715e-03
1.1644769887332659e+01 -1.2734050924435138e-03
1.1646386258298877e+01 -1.2723186556400814e-03
1.1648002629265093e+01 -1.2712331423801587e-03
1.1649619000231311e+01 -1.2701485518844668e-03
1.1651235371197529e+01 -1.2690648833743848e-03
1.1652851742163746e+01 -1.2679821360719358e-03
1.1654468113129964e+01 -1.2669003091997858e-03
1.1656084484096182e+01 -1.2658194019812504e-03
1.1657700855062398e+01 -1.2647394136402939e-03
1.1659317226028616e+01 -1.2636603434015153e-03
1.1660933596994832e+01 -1.2625821904901674e-03
1.1662549967961050e+01 -1.2615049541321445e-03
1.1664166338927268e+01 -1.2604286335539797e-03
1.1665782709893485e+01 -1.2593532279828576e-03
1.1667399080859703e+01 -1.2582787366465973e-03
1.1669015451825921e+01 -1.2572051587736632e-03
1.1670631822792137e+01 -1.2561324935931612e-03
1.1672248193758355e+01 -1.2550607403348376e-03
1.1673864564724571e+01 -1.2539898982290769e-03
1.1675480935690789e+01 -1.2529199665069065e-03
1.1677097306657007e+01 -1.2518509443999919e-03
1.1678713677623223e+01 -1.2507828311406376e-03
1.1680330048589441e+01 -1.2497156259617830e-03
1.1681946419555659e+01 -1.2486493280970123e-03
1.1683562790521876e+01 -1.2475839367805408e-03
1.1685179161488094e+01 -1.2465194512472201e-03
1.1686795532454312e+01 -1.2454558707325446e-03
1.1688411903420528e+01 -1.2443931944726365e-03
1.1690028274386746e+01 -1.2433314217042577e-03
1.1691644645352962e+01 -1.2422705516648054e-03
1.1693261016319180e+01 -1.2412105835923066e-03
1.1694877387285398e+01 -1.2401515167254245e-03
1.1696493758251615e+01 -1.2390933503034600e-03
1.1698110129217833e+01 -1.2380360835663349e-03
1.1699726500184051e+01 -1.2369797157546153e-03
1.1701342871150267e+01 -1.2359242461094930e-03
1.1702959242116485e+01 -1.2348696738727902e-03
1.1704575613082703e+01 -1.2338159982869606e-03
1.1706191984048919e+01 -1.2327632185950934e-03
1.1707808355015137e+01 -1.2317113340408951e-03
1.1709424725981354e+01 -1.2306603438687141e-03
1.1711041096947572e+01 -1.2296102473235201e-03
1.1712657467913790e+01 -1.2285610436509097e-03
1.1714273838880006e+01 -1.2275127320971143e-03
1.1715890209846224e+01 -1.2264653119089849e-03
1.1717506580812442e+01 -1.2254187823340023e-03
1.1719122951778658e+01 -1.2243731426202732e-03
1.1720739322744876e+01 -1.2233283920165298e-03
1.1722355693711094e+01 -1.2222845297721282e-03
1.1723972064677310e+01 -1.2212415551370519e-03
1.1725588435643528e+01 -1.2201994673619019e-03
1.1727204806609745e+01 -1.2191582656979130e-03
1.1728821177575963e+01 -1.2181179493969305e-03
1.1730437548542181e+01 -1.2170785177114329e-03
1.1732053919508397e+01 -1.2160399698945162e-03
1.1733670290474615e+01 -1.2150023051998966e-03
1.1735286661440833e+01 -1.2139655228819127e-03
1.1736903032407049e+01 -1.2129296221955257e-03
1.1738519403373267e+01 -1.2118946023963126e-03
1.1740135774339485e+01 -1.2108604627404714e-03
1.1741752145305702e+01 -1.2098272024848240e-03
1.1743368516271920e+01 -1.2087948208868006e-03
1.1744984887238136e+01 -1.2077633172044597e-03
1.1746601258204354e+01 -1.2067326906964697e-03
1.1748217629170572e+01 -1.2057029406221209e-03
1.1749834000136788e+01 -1.2046740662413171e-03
1.1751450371103006e+01 -1.2036460668145811e-03
1.1753066742069224e+01 -1.2026189416030459e-03
1.1754683113035441e+01 -1.2015926898684664e-03
1.1756299484001659e+01 -1.2005673108732059e-03
1.1757915854967875e+01 -1.1995428038802463e-03
1.1759532225934093e+01 -1.1985191681531788e-03
1.1761148596900311e+01 -1.1974964029562109e-03
1.1762764967866527e+01 -1.1964745075541616e-03
1.1764381338832745e+01 -1.1954534812124594e-03
1.1765997709798963e+01 -1.1944333231971509e-03
1.1767614080765179e+01 -1.1934140327748860e-03
1.1769230451731397e+01 -1.1923956092129294e-03
1.1770846822697616e+01 -1.1913780517791557e-03
1.1772463193663832e+01 -1.1903613597420491e-03
1.1774079564630050e+01 -1.1893455323706990e-03
1.1775695935596266e+01 -1.1883305689348118e-03
1.1777312306562484e+01 -1.1873164687046902e-03
1.1778928677528702e+01 -1.1863032309512552e-03
1.1780545048494918e+01 -1.1852908549460309e-03
1.1782161419461136e+01 -1.1842793399611453e-03
1.1783777790427354e+01 -1.1832686852693360e-03
1.1785394161393571e+01 -1.1822588901439462e-03
1.1787010532359789e+01 -1.1812499538589216e-03
1.1788626903326007e+01 -1.1802418756888136e-03
1.1790243274292223e+01 -1.1792346549087827e-03
1.1791859645258441e+01 -1.1782282907945821e-03
1.1793476016224657e+01 -1.1772227826225797e-03
1.1795092387190875e+01 -1.1762181296697388e-03
1.1796708758157093e+01 -1.1752143312136274e-03
1.1798325129123310e+01 -1.1742113865324153e-03
1.1799941500089528e+01 -1.1732092949048750e-03
1.1801557871055746e+01 -1.1722080556103736e-03
1.1803174242021962e+01 -1.1712076679288876e-03
1.1804790612988180e+01 -1.1702081311409859e-03
1.1806406983954398e+01 -1.1692094445278388e-03
1.1808023354920614e+01 -1.1682116073712188e-03
1.1809639725886832e+01 -1.1672146189534906e-03
1.1811256096853048e+01 -1.1662184785576222e-03
1.1812872467819266e+01 -1.1652231854671737e-03
1.1814488838785485e+01 -1.1642287389663089e-03
1.1816105209751701e+01 -1.1632351383397813e-03
1.1817721580717919e+01 -1.1622423828729445e-03
1.1819337951684137e+01 -1.1612504718517453e-03
1.1820954322650353e+01 -1.1602594045627278e-03
1.1822570693616571e+01 -1.1592691802930263e-03
1.1824187064582789e+01 -1.1582797983303752e-03
1.1825803435549005e+01 -1.1572912579630968e-03
1.1827419806515223e+01 -1.1563035584801090e-03
1.1829036177481440e+01 -1.1553166991709230e-03
1.1830652548447658e+01 -1.1543306793256390e-03
1.1832268919413876e+01 -1.1533454982349510e-03
1.1833885290380092e+01 -1.1523611551901469e-03
1.1835501661346310e+01 -1.1513776494830982e-03
1.1837118032312528e+01 -1.1503949804062708e-03
1.1838734403278744e+01 -1.1494131472527243e-03
1.1840350774244962e+01 -1.1484321493160970e-03
1.1841967145211180e+01 -1.1474519858906257e-03
1.1843583516177397e+01 -1.1464726562711322e-03
1.1845199887143615e+01 -1.1454941597530235e-03
1.1846816258109831e+01 -1.1445164956322969e-03
1.1848432629076049e+01 -1.1435396632055366e-03
1.1850049000042267e+01 -1.1425636617699091e-03
1.1851665371008483e+01 -1.1415884906231743e-03
1.1853281741974701e+01 -1.1406141490636695e-03
1.1854898112940919e+01 -1.1396406363903210e-03
1.1856514483907135e+01 -1.1386679519026399e-03
1.1858130854873353e+01 -1.1376960949007206e-03
1.1859747225839570e+01 -1.1367250646852397e-03
1.1861363596805788e+01 -1.1357548605574561e-03
1.1862979967772006e+01 -1.1347854818192168e-03
1.1864596338738222e+01 -1.1338169277729437e-03
1.1866212709704440e+01 -1.1328491977216451e-03
1.1867829080670658e+01 -1.1318822909689085e-03
1.1869445451636874e+01 -1.1309162068189041e-03
1.1871061822603092e+01 -1.1299509445763770e-03
1.1872678193569310e+01 -1.1289865035466601e-03
1.1874294564535527e+01 -1.1280228830356578e-03
1.1875910935501745e+01 -1.1270600823498581e-03
1.1877527306467961e+01 -1.1260981007963267e-03
1.1879143677434179e+01 -1.1251369376827037e-03
1.1880760048400397e+01 -1.1241765923172102e-03
1.1882376419366613e+01 -1.1232170640086462e-03
1.1883992790332831e+01 -1.1222583520663805e-03
1.1885609161299049e+01 -1.1213004558003636e-03
1.1887225532265266e+01 -1.1203433745211242e-03
1.1888841903231484e+01 -1.1193871075397561e-03
1.1890458274197702e+01 -1.1184316541679382e-03
1.1892074645163918e+01 -1.1174770137179185e-03
1.1893691016130136e+01 -1.1165231855025176e-03
1.1895307387096352e+01 -1.1155701688351318e-03
1.1896923758062570e+01 -1.1146179630297304e-03
1.1898540129028788e+01 -1.1136665674008504e-03
1.1900156499995004e+01 -1.1127159812636084e-03
1.1901772870961222e+01 -1.1117662039336841e-03
1.1903389241927441e+01 -1.1108172347273335e-03
1.1905005612893657e+01 -1.1098690729613814e-03
1.1906621983859875e+01 -1.1089217179532228e-03
1.1908238354826093e+01 -1.1079751690208203e-03
1.1909854725792309e+01 -1.1070294254827077e-03
1.1911471096758527e+01 -1.1060844866579878e-03
1.1913087467724743e+01 -1.1051403518663285e-03
1.1914703838690961e+01 -1.1041970204279678e-03
1.1916320209657179e+01 -1.1032544916637105e-03
1.1917936580623396e+01 -1.1023127648949287e-03
1.1919552951589614e+01 -1.1013718394435568e-03
1.1921169322555832e+01 -1.1004317146321022e-03
1.1922785693522048e+01 -1.0994923897836302e-03
1.1924402064488266e+01 -1.0985538642217755e-03
1.1926018435454484e+01 -1.0976161372707348e-03
1.1927634806420700e+01 -1.0966792082552738e-03
1.1929251177386918e+01 -1.0957430765007119e-03
1.1930867548353135e+01 -1.0948077413329435e-03
1.1932483919319353e+01 -1.0938732020784143e-03
1.1934100290285571e+01 -1.0929394580641383e-03
1.1935716661251787e+01 -1.0920065086176942e-03
1.1937333032218005e+01 -1.0910743530672118e-03
1.1938949403184223e+01 -1.0901429907413920e-03
1.1940565774150439e+01 -1.0892124209694910e-03
1.1942182145116657e+01 -1.0882826430813246e-03
1.1943798516082873e+01 -1.0873536564072691e-03
1.1945414887049091e+01 -1.0864254602782598e-03
1.1947031258015310e+01 -1.0854980540257902e-03
1.1948647628981526e+01 -1.0845714369819134e-03
1.1950263999947744e+01 -1.0836456084792347e-03
1.1951880370913962e+01 -1.0827205678509248e-03
1.1953496741880178e+01 -1.0817963144307038e-03
1.1955113112846396e+01 -1.0808728475528513e-03
1.1956729483812614e+01 -1.0799501665522040e-03
1.1958345854778830e+01 -1.0790282707641495e-03
1.1959962225745048e+01 -1.0781071595246340e-03
1.1961578596711265e+01 -1.0771868321701580e-03
1.1963194967677483e+01 -1.0762672880377728e-03
1.1964811338643701e+01 -1.0753485264650860e-03
1.1966427709609917e+01 -1.0744305467902606e-03
1.1968044080576135e+01 -1.0735133483520040e-03
1.1969660451542353e+01 -1.0725969304895848e-03
1.1971276822508569e+01 -1.0716812925428193e-03
1.1972893193474787e+01 -1.0707664338520733e-03
1.1974509564441005e+01 -1.0698523537582656e-03
1.1976125935407222e+01 -1.0689390516028688e-03
1.1977742306373440e+01 -1.0680265267278962e-03
1.1979358677339656e+01 -1.0671147784759205e-03
1.1980975048305874e+01 -1.0662038061900567e-03
1.1982591419272092e+01 -1.0652936092139713e-03
1.1984207790238308e+01 -1.0643841868918796e-03
1.1985824161204526e+01 -1.0634755385685413e-03
1.1987440532170744e+01 -1.0625676635892664e-03
1.1989056903136960e+01 -1.0616605612999105e-03
1.1990673274103179e+01 -1.0607542310468773e-03
1.1992289645069397e+01 -1.0598486721771112e-03
1.1993906016035613e+01 -1.0589438840381102e-03
1.1995522387001831e+01 -1.0580398659779096e-03
1.1997138757968047e+01 -1.0571366173450945e-03
1.1998755128934265e+01 -1.0562341374887895e-03
1.2000371499900483e+01 -1.0553324257586694e-03
1.2001987870866699e+01 -1.0544314815049453e-03
1.2003604241832917e+01 -1.0535313040783752e-03
1.2005220612799135e+01 -1.0526318928302586e-03
1.2006836983765352e+01 -1.0517332471124377e-03
1.2008453354731570e+01 -1.0508353662772936e-03
1.2010069725697788e+01 -1.0499382496777507e-03
1.2011686096664004e+01 -1.0490418966672748e-03
1.2013302467630222e+01 -1.0481463065998675e-03
1.2014918838596438e+01 -1.0472514788300777e-03
1.2016535209562656e+01 -1.0463574127129837e-03
1.2018151580528874e+01 -1.0454641076042114e-03
1.2019767951495091e+01 -1.0445715628599221e-03
1.2021384322461309e+01 -1.0436797778368124e-03
1.2023000693427527e+01 -1.0427887518921189e-03
1.2024617064393743e+01 -1.0418984843836186e-03
1.2026233435359961e+01 -1.0410089746696165e-03
1.2027849806326179e+01 -1.0401202221089621e-03
1.2029466177292395e+01 -1.0392322260610377e-03
1.2031082548258613e+01 -1.0383449858857592e-03
1.2032698919224829e+01 -1.0374585009435809e-03
1.2034315290191048e+01 -1.0365727705954875e-03
1.2035931661157266e+01 -1.0356877942030013e-03
1.2037548032123482e+01 -1.0348035711281762e-03
1.2039164403089700e+01 -1.0339201007336014e-03
1.2040780774055918e+01 -1.0330373823823945e-03
1.2042397145022134e+01 -1.0321554154382115e-03
1.2044013515988352e+01 -1.0312741992652347e-03
1.2045629886954568e+01 -1.0303937332281821e-03
1.2047246257920786e+01 -1.0295140166922975e-03
1.2048862628887004e+01 -1.0286350490233626e-03
1.2050478999853221e+01 -1.0277568295876825e-03
1.2052095370819439e+01 -1.0268793577520952e-03
1.2053711741785657e+01 -1.0260026328839679e-03
1.2055328112751873e+01 -1.0251266543511968e-03
1.2056944483718091e+01 -1.0242514215222046e-03
1.2058560854684309e+01 -1.0233769337659438e-03
1.2060177225650525e+01 -1.0225031904518946e-03
1.2061793596616743e+01 -1.0216301909500617e-03
1.2063409967582960e+01 -1.0207579346309828e-03
1.2065026338549178e+01 -1.0198864208657117e-03
1.2066642709515396e+01 -1.0190156490258379e-03
1.2068259080481612e+01 -1.0181456184834721e-03
1.2069875451447830e+01 -1.0172763286112490e-03
1.2071491822414048e+01 -1.0164077787823283e-03
1.2073108193380264e+01 -1.0155399683703982e-03
1.2074724564346482e+01 -1.0146728967496623e-03
1.2076340935312700e+01 -1.0138065632948547e-03
1.2077957306278917e+01 -1.0129409673812306e-03
1.2079573677245135e+01 -1.0120761083845648e-03
1.2081190048211351e+01 -1.0112119856811575e-03
1.2082806419177569e+01 -1.0103485986478280e-03
1.2084422790143787e+01 -1.0094859466619178e-03
1.2086039161110003e+01 -1.0086240291012898e-03
1.2087655532076221e+01 -1.0077628453443275e-03
1.2089271903042439e+01 -1.0069023947699299e-03
1.2090888274008655e+01 -1.0060426767575230e-03
1.2092504644974873e+01 -1.0051836906870449e-03
1.2094121015941091e+01 -1.0043254359389554e-03
1.2095737386907308e+01 -1.0034679118942327e-03
1.2097353757873526e+01 -1.0026111179343732e-03
1.2098970128839742e+01 -1.0017550534413872e-03
1.2100586499805960e+01 -1.0008997177978055e-03
1.2102202870772178e+01 -1.0000451103866746e-03
1.2103819241738394e+01 -9.9919123059155667e-04
1.2105435612704612e+01 -9.9833807779652756e-04
1.2107051983670830e+01 -9.9748565138618370e-04
1.2108668354637047e+01 -9.9663395074563069e-04
1.2110284725603265e+01 -9.9578297526048995e-04
1.2111901096569483e+01 -9.9493272431690010e-04
1.2113517467535699e+01 -9.9408319730150910e-04
1.2115133838501917e+01 -9.9323439360147993e-04
1.2116750209468133e+01 -9.9238631260448944e-04
1.2118366580434351e+01 -9.9153895369872365e-04
1.2119982951400569e+01 -9.9069231627288228e-04
1.2121599322366786e+01 -9.8984639971618003e-04
1.2123215693333004e+01 -9.8900120341833381e-04
1.2124832064299222e+01 -9.8815672676957986e-04
1.2126448435265438e+01 -9.8731296916066140e-04
1.2128064806231656e+01 -9.8646992998282926e-04
1.2129681177197872e+01 -9.8562760862784646e-04
1.2131297548164090e+01 -9.8478600448798493e-04
1.2132913919130308e+01 -9.8394511695602295e-04
1.2134530290096524e+01 -9.8310494542524877e-04
1.2136146661062742e+01 -9.8226548928945917e-04
1.2137763032028960e+01 -9.8142674794295375e-04
1.2139379402995177e+01 -9.8058872078054626e-04
1.2140995773961395e+01 -9.7975140719754939e-04
1.2142612144927613e+01 -9.7891480658978693e-04
1.2144228515893829e+01 -9.7807891835358660e-04
1.2145844886860047e+01 -9.7724374188578093e-04
1.2147461257826263e+01 -9.7640927658370919e-04
1.2149077628792481e+01 -9.7557552184521158e-04
1.2150693999758699e+01 -9.7474247706863428e-04
1.2152310370724916e+01 -9.7391014165283066e-04
1.2153926741691134e+01 -9.7307851499714860e-04
1.2155543112657352e+01 -9.7224759650144728e-04
1.2157159483623568e+01 -9.7141738556608516e-04
1.2158775854589786e+01 -9.7058788159191858e-04
1.2160392225556004e+01 -9.6975908398031201e-04
1.2162008596522220e+01 -9.6893099213312816e-04
1.2163624967488438e+01 -9.6810360545272897e-04
1.2165241338454654e+01 -9.6727692334197914e-04
1.2166857709420873e+01 -9.6645094520424126e-04
1.2168474080387091e+01 -9.6562567044337780e-04
1.2170090451353307e+01 -9.6480109846375369e-04
1.2171706822319525e+01 -9.6397722867022672e-04
1.2173323193285743e+01 -9.6315406046815688e-04
1.2174939564251959e+01 -9.6233159326340105e-04
1.2176555935218177e+01 -9.6150982646231432e-04
1.2178172306184395e+01 -9.6068875947174527e-04
1.2179788677150611e+01 -9.5986839169904538e-04
1.2181405048116829e+01 -9.5904872255205681e-04
1.2183021419083046e+01 -9.5822975143911905e-04
1.2184637790049264e+01 -9.5741147776906815e-04
1.2186254161015482e+01 -9.5659390095123446e-04
1.2187870531981698e+01 -9.5577702039544368e-04
1.2189486902947916e+01 -9.5496083551201236e-04
1.2191103273914134e+01 -9.5414534571175717e-04
1.2192719644880350e+01 -9.5333055040598138e-04
1.2194336015846568e+01 -9.5251644900648579e-04
1.2195952386812786e+01 -9.5170304092556191e-04
1.2197568757779003e+01 -9.5089032557599468e-04
1.2199185128745221e+01 -9.5007830237105748e-04
1.2200801499711437e+01 -9.4926697072452175e-04
1.2202417870677655e+01 -9.4845633005064055e-04
1.2204034241643873e+01 -9.4764637976416620e-04
1.2205650612610089e+01 -9.4683711928033795e-04
1.2207266983576307e+01 -9.4602854801488089e-04
1.2208883354542525e+01 -9.4522066538401631e-04
1.2210499725508742e+01 -9.4441347080445116e-04
1.2212116096474960e+01 -9.4360696369337916e-04
1.2213732467441178e+01 -9.4280114346848444e-04
1.2215348838407394e+01 -9.4199600954794160e-04
1.2216965209373612e+01 -9.4119156135040460e-04
1.2218581580339828e+01 -9.4038779829502361e-04
1.2220197951306046e+01 -9.3958471980142813e-04
1.2221814322272264e+01 -9.3878232528973849e-04
1.2223430693238480e+01 -9.3798061418055812e-04
1.2225047064204698e+01 -9.3717958589497805e-04
1.2226663435170916e+01 -9.3637923985457076e-04
1.2228279806137133e+01 -9.3557957548139840e-04
1.2229896177103351e+01 -9.3478059219800219e-04
1.2231512548069567e+01 -9.3398228942741127e-04
1.2233128919035785e+01 -9.3318466659313452e-04
1.2234745290002003e+01 -9.3238772311916645e-04
1.2236361660968219e+01 -9.3159145842998414e-04
1.2237978031934437e+01 -9.3079587195054399e-04
1.2239594402900655e+01 -9.3000096310628911e-04
1.2241210773866872e+01 -9.2920673132313911e-04
1.2242827144833090e+01 -9.2841317602749716e-04
1.2244443515799308e+01 -9.2762029664624727e-04
1.2246059886765524e+01 -9.2682809260675363e-04
1.2247676257731742e+01 -9.2603656333685696e-04
1.2249292628697958e+01 -9.2524570826488456e-04
1.2250908999664176e+01 -9.2445552681963373e-04
1.2252525370630394e+01 -9.2366601843038793e-04
1.2254141741596611e+01 -9.2287718252690647e-04
1.2255758112562829e+01 -9.2208901853942440e-04
1.2257374483529047e+01 -9.2130152589865657e-04
1.2258990854495263e+01 -9.2051470403579547e-04
1.2260607225461481e+01 -9.1972855238250755e-04
1.2262223596427699e+01 -9.1894307037093746e-04
1.2263839967393915e+01 -9.1815825743370833e-04
1.2265456338360133e+01 -9.1737411300391145e-04
1.2267072709326349e+01 -9.1659063651512208e-04
1.2268689080292567e+01 -9.1580782740138334e-04
1.2270305451258785e+01 -9.1502568509721613e-04
1.2271921822225002e+01 -9.1424420903761516e-04
1.2273538193191220e+01 -9.1346339865804819e-04
1.2275154564157438e+01 -9.1268325339445469e-04
1.2276770935123654e+01 -9.1190377268325065e-04
1.2278387306089872e+01 -9.1112495596132066e-04
1.2280003677056090e+01 -9.1034680266602341e-04
1.2281620048022306e+01 -9.0956931223518968e-04
1.2283236418988524e+01 -9.0879248410711915e-04
1.2284852789954741e+01 -9.0801631772058529e-04
1.2286469160920959e+01 -9.0724081251482812e-04
1.2288085531887177e+01 -9.0646596792956404e-04
1.2289701902853393e+01 -9.0569178340497276e-04
1.2291318273819611e+01 -9.0491825838170676e-04
1.2292934644785829e+01 -9.0414539230088684e-04
1.2294551015752045e+01 -9.0337318460410290e-04
1.2296167386718263e+01 -9.0260163473341009e-04
1.2297783757684481e+01 -9.0183074213133724e-04
1.2299400128650698e+01 -9.0106050624087395e-04
1.2301016499616916e+01 -9.0029092650548116e-04
1.2302632870583132e+01 -8.9952200236908619e-04
1.2304249241549350e+01 -8.9875373327607958e-04
1.2305865612515568e+01 -8.9798611867132117e-04
1.2307481983481784e+01 -8.9721915800013586e-04
1.2309098354448002e+01 -8.9645285070831049e-04
1.2310714725414220e+01 -8.9568719624209966e-04
1.2312331096380436e+01 -8.9492219404822479e-04
1.2313947467346654e+01 -8.9415784357386291e-04
1.2315563838312871e+01 -8.9339414426666442e-04
1.2317180209279089e+01 -8.9263109557473580e-04
1.2318796580245307e+01 -8.9186869694664979e-04
1.2320412951211523e+01 -8.9110694783144041e-04
1.2322029322177741e+01 -8.9034584767860565e-04
1.2323645693143959e+01 -8.8958539593810080e-04
1.2325262064110175e+01 -8.8882559206034844e-04
1.2326878435076393e+01 -8.8806643549622704e-04
1.2328494806042611e+01 -8.8730792569707828e-04
1.2330111177008828e+01 -8.8655006211470406e-04
1.2331727547975046e+01 -8.8579284420136381e-04
1.2333343918941262e+01 -8.8503627140977970e-04
1.2334960289907480e+01 -8.8428034319312885e-04
1.2336576660873698e+01 -8.8352505900505271e-04
1.2338193031839914e+01 -8.8277041829964509e-04
1.2339809402806132e+01 -8.8201642053146122e-04
1.2341425773772350e+01 -8.8126306515551355e-04
1.2343042144738567e+01 -8.8051035162727150e-04
1.2344658515704785e+01 -8.7975827940265901e-04
1.2346274886671003e+01 -8.7900684793806091e-04
1.2347891257637219e+01 -8.7825605669031520e-04
1.2349507628603437e+01 -8.7750590511671486e-04
1.2351123999569653e+01 -8.7675639267501058e-04
1.2352740370535871e+01 -8.7600751882340551e-04
1.2354356741502089e+01 -8.7525928302055825e-04
1.2355973112468305e+01 -8.7451168472558528e-04
1.2357589483434523e+01 -8.7376472339804922e-04
1.2359205854400741e+01 -8.7301839849797164e-04
1.2360822225366958e+01 -8.7227270948582881e-04
1.2362438596333176e+01 -8.7152765582254198e-04
1.2364054967299394e+01 -8.7078323696949326e-04
1.2365671338265610e+01 -8.7003945238851247e-04
1.2367287709231828e+01 -8.6929630154188053e-04
1.2368904080198044e+01 -8.6855378389233114e-04
1.2370520451164262e+01 -8.6781189890304826e-04
1.2372136822130480e+01 -8.6707064603766635e-04
1.2373753193096697e+01 -8.6633002476027066e-04
1.2375369564062915e+01 -8.6559003453539360e-04
1.2376985935029133e+01 -8.6485067482802160e-04
1.2378602305995349e+01 -8.6411194510358489e-04
1.2380218676961567e+01 -8.6337384482796612e-04
1.2381835047927785e+01 -8.6263637346749463e-04
1.2383451418894001e+01 -8.6189953048894710e-04
1.2385067789860219e+01 -8.6116331535954877e-04
1.2386684160826436e+01 -8.6042772754697295e-04
1.2388300531792654e+01 -8.5969276651933651e-04
1.2389916902758872e+01 -8.5895843174520485e-04
1.2391533273725088e+01 -8.5822472269359235e-04
1.2393149644691306e+01 -8.5749163883395171e-04
1.2394766015657524e+01 -8.5675917963618778e-04
1.2396382386623740e+01 -8.5602734457064825e-04
1.2397998757589958e+01 -8.5529613310812312e-04
1.2399615128556174e+01 -8.5456554471984969e-04
1.2401231499522392e+01 -8.5383557887750816e-04
1.2402847870488610e+01 -8.5310623505321979e-04
1.2404464241454827e+01 -8.5237751271955429e-04
1.2406080612421045e+01 -8.5164941134951912e-04
1.2407696983387263e+01 -8.5092193041656468e-04
1.2409313354353479e+01 -8.5019506939458783e-04
1.2410929725319697e+01 -8.4946882775792159e-04
1.2412546096285915e+01 -8.4874320498134310e-04
1.2414162467252131e+01 -8.4801820054007031e-04
1.2415778838218349e+01 -8.4729381390976223e-04
1.2417395209184566e+01 -8.4657004456651546e-04
1.2419011580150784e+01 -8.4584689198686938e-04
1.2420627951117002e+01 -8.4512435564780162e-04
1.2422244322083218e+01 -8.4440243502672966e-04
1.2423860693049436e+01 -8.4368112960150703e-04
1.2425477064015654e+01 -8.4296043885043084e-04
1.2427093434981870e+01 -8.4224036225223132e-04
1.2428709805948088e+01 -8.4152089928607855e-04
1.2430326176914306e+01 -8.4080204943158066e-04
1.2431942547880523e+01 -8.4008381216877997e-04
1.2433558918846741e+01 -8.3936618697815857e-04
1.2435175289812957e+01 -8.3864917334063374e-04
1.2436791660779175e+01 -8.3793277073755700e-04
1.2438408031745393e+01 -8.3721697865071657e-04
1.2440024402711609e+01 -8.3650179656233944e-04
1.2441640773677827e+01 -8.3578722395507904e-04
1.2443257144644045e+01 -8.3507326031203167e-04
1.2444873515610261e+01 -8.3435990511672410e-04
1.2446489886576479e+01 -8.3364715785311553e-04
1.2448106257542698e+01 -8.3293501800560008e-04
1.2449722628508914e+01 -8.3222348505900803e-04
1.2451338999475132e+01 -8.3151255849859423e-04
1.2452955370441348e+01 -8.3080223781005502e-04
1.2454571741407566e+01 -8.3009252247951315e-04
1.2456188112373784e+01 -8.2938341199352225e-04
1.2457804483340000e+01 -8.2867490583907264e-04
1.2459420854306218e+01 -8.2796700350357990e-04
1.2461037225272436e+01 -8.2725970447489314e-04
1.2462653596238653e+01 -8.2655300824129095e-04
1.2464269967204871e+01 -8.2584691429148246e-04
1.2465886338171089e+01 -8.2514142211460341e-04
1.2467502709137305e+01 -8.2443653120022379e-04
1.2469119080103523e+01 -8.2373224103833706e-04
1.2470735451069739e+01 -8.2302855111936895e-04
1.2472351822035957e+01 -8.2232546093416979e-04
1.2473968193002175e+01 -8.2162296997402248e-04
1.2475584563968392e+01 -8.2092107773063200e-04
1.2477200934934610e+01 -8.2021978369613356e-04
1.2478817305900828e+01 -8.1951908736308822e-04
1.2480433676867044e+01 -8.1881898822448403e-04
1.2482050047833262e+01 -8.1811948577373316e-04
1.2483666418799480e+01 -8.1742057950467495e-04
1.2485282789765696e+01 -8.1672226891157430e-04
1.2486899160731914e+01 -8.1602455348911808e-04
1.2488515531698130e+01 -8.1532743273242403e-04
1.2490131902664348e+01 -8.1463090613702511e-04
1.2491748273630567e+01 -8.1393497319888616e-04
1.2493364644596783e+01 -8.1323963341439266e-04
1.2494981015563001e+01 -8.1254488628035120e-04
1.2496597386529219e+01 -8.1185073129399316e-04
1.2498213757495435e+01 -8.1115716795297495e-04
1.2499830128461653e+01 -8.1046419575536818e-04
1.2501446499427869e+01 -8.0977181419967397e-04
1.2503062870394087e+01 -8.0908002278480909e-04
1.2504679241360305e+01 -8.0838882101011455e-04
1.2506295612326522e+01 -8.0769820837535118e-04
1.2507911983292740e+01 -8.0700818438069974e-04
1.2509528354258958e+01 -8.0631874852676107e-04
1.2511144725225174e+01 -8.0562990031455661e-04
1.2512761096191392e+01 -8.0494163924552727e-04
1.2514377467157610e+01 -8.0425396482153018e-04
1.2515993838123826e+01 -8.0356687654484595e-04
1.2517610209090044e+01 -8.0288037391816830e-04
1.2519226580056261e+01 -8.0219445644461322e-04
1.2520842951022479e+01 -8.0150912362771044e-04
1.2522459321988697e+01 -8.0082437497141124e-04
1.2524075692954913e+01 -8.0014020998008016e-04
1.2525692063921131e+01 -7.9945662815849997e-04
1.2527308434887349e+01 -7.9877362901186941e-04
1.2528924805853565e+01 -7.9809121204580421e-04
1.2530541176819783e+01 -7.9740937676633298e-04
1.2532157547786001e+01 -7.9672812267990185e-04
1.2533773918752217e+01 -7.9604744929337196e-04
1.2535390289718435e+01 -7.9536735611401583e-04
1.2537006660684652e+01 -7.9468784264952652e-04
1.2538623031650870e+01 -7.9400890840800194e-04
1.2540239402617088e+01 -7.9333055289796197e-04
1.2541855773583304e+01 -7.9265277562833589e-04
1.2543472144549522e+01 -7.9197557610846464e-04
1.2545088515515740e+01 -7.9129895384810332e-04
1.2546704886481956e+01 -7.9062290835742123e-04
1.2548321257448174e+01 -7.8994743914699377e-04
1.2549937628414392e+01 -7.8927254572781324e-04
1.2551553999380609e+01 -7.8859822761128155e-04
1.2553170370346827e+01 -7.8792448430920891e-04
1.2554786741313043e+01 -7.8725131533381992e-04
1.2556403112279261e+01 -7.8657872019774597e-04
1.2558019483245479e+01 -7.8590669841402969e-04
1.2559635854211695e+01 -7.8523524949612354e-04
1.2561252225177913e+01 -7.8456437295788893e-04
1.2562868596144131e+01 -7.8389406831359365e-04
1.2564484967110348e+01 -7.8322433507791920e-04
1.2566101338076566e+01 -7.8255517276594900e-04
1.2567717709042784e+01 -7.8188658089317804e-04
1.2569334080009000e+01 -7.8121855897550789e-04
1.2570950450975218e+01 -7.8055110652924711e-04
1.2572566821941434e+01 -7.7988422307111161e-04
1.2574183192907652e+01 -7.7921790811822148e-04
1.2575799563873870e+01 -7.7855216118810459e-04
1.2577415934840086e+01 -7.7788698179869745e-04
1.2579032305806304e+01 -7.7722236946833499e-04
1.2580648676772523e+01 -7.7655832371576220e-04
1.2582265047738739e+01 -7.7589484406013034e-04
1.2583881418704957e+01 -7.7523193002098820e-04
1.2585497789671173e+01 -7.7456958111829738e-04
1.2587114160637391e+01 -7.7390779687241409e-04
1.2588730531603609e+01 -7.7324657680410557e-04
1.2590346902569825e+01 -7.7258592043453849e-04
1.2591963273536043e+01 -7.7192582728528359e-04
1.2593579644502261e+01 -7.7126629687831094e-04
1.2595196015468478e+01 -7.7060732873599814e-04
1.2596812386434696e+01 -7.6994892238111908e-04
1.2598428757400914e+01 -7.6929107733685206e-04
1.2600045128367130e+01 -7.6863379312677596e-04
1.2601661499333348e+01 -7.6797706927487065e-04
1.2603277870299564e+01 -7.6732090530551484e-04
1.2604894241265782e+01 -7.6666530074348896e-04
1.2606510612232000e+01 -7.6601025511397337e-04
1.2608126983198217e+01 -7.6535576794254593e-04
1.2609743354164435e+01 -7.6470183875518532e-04
1.2611359725130653e+01 -7.6404846707826834e-04
1.2612976096096869e+01 -7.6339565243857121e-04
1.2614592467063087e+01 -7.6274339436326532e-04
1.2616208838029305e+01 -7.6209169237992434e-04
1.2617825208995521e+01 -7.6144054601651548e-04
1.2619441579961739e+01 -7.6078995480140449e-04
1.2621057950927955e+01 -7.6013991826335517e-04
1.2622674321894173e+01 -7.5949043593152485e-04
1.2624290692860392e+01 -7.5884150733546878e-04
1.2625907063826608e+01 -7.5819313200514054e-04
1.2627523434792826e+01 -7.5754530947088250e-04
1.2629139805759044e+01 -7.5689803926343906e-04
1.2630756176725260e+01 -7.5625132091394732e-04
1.2632372547691478e+01 -7.5560515395393458e-04
1.2633988918657696e+01 -7.5495953791532885e-04
1.2635605289623912e+01 -7.5431447233044891e-04
1.2637221660590130e+01 -7.5366995673200601e-04
1.2638838031556347e+01 -7.5302599065310615e-04
1.2640454402522565e+01 -7.5238257362724879e-04
1.2642070773488783e+01 -7.5173970518832285e-04
1.2643687144454999e+01 -7.5109738487061416e-04
1.2645303515421217e+01 -7.5045561220879605e-04
1.2646919886387435e+01 -7.4981438673793607e-04
1.2648536257353651e+01 -7.4917370799349196e-04
1.2650152628319869e+01 -7.4853357551131320e-04
1.2651768999286087e+01 -7.4789398882763795e-04
1.2653385370252304e+01 -7.4725494747909804e-04
1.2655001741218522e+01 -7.4661645100271203e-04
1.2656618112184738e+01 -7.4597849893588881e-04
1.2658234483150956e+01 -7.4534109081642768e-04
1.2659850854117174e+01 -7.4470422618251651e-04
1.2661467225083390e+01 -7.4406790457273210e-04
1.2663083596049608e+01 -7.4343212552603730e-04
1.2664699967015826e+01 -7.4279688858178757e-04
1.2666316337982042e+01 -7.4216219327972142e-04
1.2667932708948261e+01 -7.4152803915996724e-04
1.2669549079914479e+01 -7.4089442576304025e-04
1.2671165450880695e+01 -7.4026135262984230e-04
1.2672781821846913e+01 -7.3962881930165981e-04
1.2674398192813129e+01 -7.3899682532017040e-04
1.2676014563779347e+01 -7.3836537022743025e-04
1.2677630934745565e+01 -7.3773445356588698e-04
1.2679247305711781e+01 -7.3710407487837220e-04
1.2680863676677999e+01 -7.3647423370809800e-04
1.2682480047644217e+01 -7.3584492959866685e-04
1.2684096418610434e+01 -7.3521616209406301e-04
1.2685712789576652e+01 -7.3458793073865355e-04
1.2687329160542868e+01 -7.3396023507719054e-04
1.2688945531509086e+01 -7.3333307465480943e-04
1.2690561902475304e+01 -7.3270644901702589e-04
1.2692178273441520e+01 -7.3208035770974320e-04
1.2693794644407738e+01 -7.3145480027924194e-04
1.2695411015373956e+01 -7.3082977627218749e-04
1.2697027386340173e+01 -7.3020528523562651e-04
1.2698643757306391e+01 -7.2958132671698678e-04
1.2700260128272609e+01 -7.2895790026407544e-04
1.2701876499238825e+01 -7.2833500542508441e-04
1.2703492870205043e+01 -7.2771264174858238e-04
1.2705109241171259e+01 -7.2709080878351857e-04
1.2706725612137477e+01 -7.2646950607922300e-04
1.2708341983103695e+01 -7.2584873318540504e-04
1.2709958354069911e+01 -7.2522848965215396e-04
1.2711574725036130e+01 -7.2460877502993461e-04
1.2713191096002348e+01 -7.2398958886959520e-04
1.2714807466968564e+01 -7.2337093072235800e-04
1.2716423837934782e+01 -7.2275280013982517e-04
1.2718040208901000e+01 -7.2213519667397577e-04
1.2719656579867216e+01 -7.2151811987716764e-04
1.2721272950833434e+01 -7.2090156930213183e-04
1.2722889321799650e+01 -7.2028554450198222e-04
1.2724505692765868e+01 -7.1967004503020119e-04
1.2726122063732086e+01 -7.1905507044065409e-04
1.2727738434698303e+01 -7.1844062028757942e-04
1.2729354805664521e+01 -7.1782669412558825e-04
1.2730971176630739e+01 -7.1721329150967097e-04
1.2732587547596955e+01 -7.1660041199519205e-04
1.2734203918563173e+01 -7.1598805513788783e-04
1.2735820289529391e+01 -7.1537622049387011e-04
1.2737436660495607e+01 -7.1476490761962789e-04
1.2739053031461825e+01 -7.1415411607201663e-04
1.2740669402428042e+01 -7.1354384540827222e-04
1.2742285773394260e+01 -7.1293409518599887e-04
1.2743902144360478e+01 -7.1232486496317483e-04
1.2745518515326694e+01 -7.1171615429815123e-04
1.2747134886292912e+01 -7.1110796274965104e-04
1.2748751257259130e+01 -7.1050028987676666e-04
1.2750367628225346e+01 -7.0989313523896625e-04
1.2751983999191564e+01 -7.0928649839608444e-04
1.2753600370157782e+01 -7.0868037890832979e-04
1.2755216741123999e+01 -7.0807477633628047e-04
1.2756833112090217e+01 -7.0746969024088340e-04
1.2758449483056433e+01 -7.0686512018345801e-04
1.2760065854022651e+01 -7.0626106572568956e-04
1.2761682224988869e+01 -7.0565752642963724e-04
1.2763298595955085e+01 -7.0505450185772507e-04
1.2764914966921303e+01 -7.0445199157274788e-04
1.2766531337887521e+01 -7.0384999513786804e-04
1.2768147708853737e+01 -7.0324851211661654e-04
1.2769764079819955e+01 -7.0264754207289019e-04
1.2771380450786172e+01 -7.0204708457095768e-04
1.2772996821752390e+01 -7.0144713917544808e-04
1.2774613192718608e+01 -7.0084770545136301e-04
1.2776229563684824e+01 -7.0024878296406922e-04
1.2777845934651042e+01 -6.9965037127929703e-04
1.2779462305617260e+01 -6.9905246996314558e-04
1.2781078676583476e+01 -6.9845507858207906e-04
1.2782695047549694e+01 -6.9785819670292520e-04
1.2784311418515912e+01 -6.9726182389287809e-04
1.2785927789482129e+01 -6.9666595971949827e-04
1.2787544160448347e+01 -6.9607060375070581e-04
1.2789160531414563e+01 -6.9547575555479026e-04
1.2790776902380781e+01 -6.9488141470040070e-04
1.2792393273346999e+01 -6.9428758075655204e-04
1.2794009644313215e+01 -6.9369425329262170e-04
1.2795626015279433e+01 -6.9310143187835003e-04
1.2797242386245651e+01 -6.9250911608383981e-04
1.2798858757211867e+01 -6.9191730547955702e-04
1.2800475128178086e+01 -6.9132599963632642e-04
1.2802091499144304e+01 -6.9073519812533975e-04
1.2803707870110520e+01 -6.9014490051814525e-04
1.2805324241076738e+01 -6.8955510638665329e-04
1.2806940612042954e+01 -6.8896581530313885e-04
1.2808556983009172e+01 -6.8837702684023045e-04
1.2810173353975390e+01 -6.8778874057092332e-04
1.2811789724941606e+01 -6.8720095606856948e-04
1.2813406095907824e+01 -6.8661367290688005e-04
1.2815022466874042e+01 -6.8602689065992619e-04
1.2816638837840259e+01 -6.8544060890214046e-04
1.2818255208806477e+01 -6.8485482720830808e-04
1.2819871579772695e+01 -6.8426954515357901e-04
1.2821487950738911e+01 -6.8368476231345828e-04
1.2823104321705129e+01 -6.8310047826380786e-04
1.2824720692671345e+01 -6.8251669258084910e-04
1.2826337063637563e+01 -6.8193340484116040e-04
1.2827953434603781e+01 -6.8135061462167522e-04
1.2829569805569998e+01 -6.8076832149968549e-04
1.2831186176536216e+01 -6.8018652505283915e-04
1.2832802547502434e+01 -6.7960522485913837e-04
1.2834418918468650e+01 -6.7902442049694485e-04
1.2836035289434868e+01 -6.7844411154497112e-04
1.2837651660401086e+01 -6.7786429758228805e-04
1.2839268031367302e+01 -6.7728497818832028e-04
1.2840884402333520e+01 -6.7670615294284720e-04
1.2842500773299736e+01 -6.7612782142600144e-04
1.2844117144265955e+01 -6.7554998321827102e-04
1.2845733515232173e+01 -6.7497263790049699e-04
1.2847349886198389e+01 -6.7439578505387417e-04
1.2848966257164607e+01 -6.7381942425994844e-04
1.2850582628130825e+01 -6.7324355510062228e-04
1.2852198999097041e+01 -6.7266817715814727e-04
1.2853815370063259e+01 -6.7209329001512717e-04
1.2855431741029477e+01 -6.7151889325452099e-04
1.2857048111995693e+01 -6.7094498645963558e-04
1.2858664482961911e+01 -6.7037156921413146e-04
1.2860280853928128e+01 -6.6979864110201933e-04
1.2861897224894346e+01 -6.6922620170765999e-04
1.2863513595860564e+01 -6.6865425061576520e-04
1.2865129966826780e+01 -6.6808278741139929e-04
1.2866746337792998e+01 -6.6751181167997082e-04
1.2868362708759216e+01 -6.6694132300724356e-04
1.2869979079725432e+01 -6.6637132097932810e-04
1.2871595450691650e+01 -6.6580180518268338e-04
1.2873211821657867e+01 -6.6523277520411789e-04
1.2874828192624085e+01 -6.6466423063078967e-04
1.2876444563590303e+01 -6.6409617105020165e-04
1.2878060934556519e+01 -6.6352859605020879e-04
1.2879677305522737e+01 -6.6296150521901061e-04
1.2881293676488955e+01 -6.6239489814515326e-04
1.2882910047455171e+01 -6.6182877441753384e-04
1.2884526418421389e+01 -6.6126313362539172e-04
1.2886142789387607e+01 -6.6069797535831497e-04
1.2887759160353824e+01 -6.6013329920623762e-04
1.2889375531320042e+01 -6.5956910475943966e-04
1.2890991902286258e+01 -6.5900539160854501e-04
1.2892608273252476e+01 -6.5844215934452441e-04
1.2894224644218694e+01 -6.5787940755869349e-04
1.2895841015184910e+01 -6.5731713584271244e-04
1.2897457386151128e+01 -6.5675534378858372e-04
1.2899073757117346e+01 -6.5619403098865839e-04
1.2900690128083562e+01 -6.5563319703562683e-04
1.2902306499049780e+01 -6.5507284152252552e-04
1.2903922870015998e+01 -6.5451296404273366e-04
1.2905539240982215e+01 -6.5395356418997217e-04
1.2907155611948433e+01 -6.5339464155830644e-04
1.2908771982914649e+01 -6.5283619574214369e-04
1.2910388353880867e+01 -6.5227822633623226e-04
1.2912004724847085e+01 -6.5172073293566274e-04
1.2913621095813301e+01 -6.5116371513586997e-04
1.2915237466779519e+01 -6.5060717253262435e-04
1.2916853837745737e+01 -6.5005110472204258e-04
1.2918470208711954e+01 -6.4949551130058026e-04
1.2920086579678172e+01 -6.4894039186503172e-04
1.2921702950644390e+01 -6.4838574601253313e-04
1.2923319321610606e+01 -6.4783157334056228e-04
1.2924935692576824e+01 -6.4727787344693092e-04
1.2926552063543040e+01 -6.4672464592979663e-04
1.2928168434509258e+01 -6.4617189038765159e-04
1.2929784805475476e+01 -6.4561960641932713e-04
1.2931401176441693e+01 -6.4506779362399598e-04
1.2933017547407911e+01 -6.4451645160116524e-04
1.2934633918374129e+01 -6.4396557995068235e-04
1.2936250289340345e+01 -6.4341517827273104e-04
1.2937866660306563e+01 -6.4286524616783401e-04
1.2939483031272781e+01 -6.4231578323684763e-04
1.2941099402238997e+01 -6.4176678908096994e-04
1.2942715773205215e+01 -6.4121826330173061e-04
1.2944332144171431e+01 -6.4067020550099890e-04
1.2945948515137649e+01 -6.4012261528097712e-04
1.2947564886103867e+01 -6.3957549224420674e-04
1.2949181257070084e+01 -6.3902883599356109e-04
1.2950797628036302e+01 -6.3848264613225046e-04
1.2952413999002520e+01 -6.3793692226382030e-04
1.2954030369968736e+01 -6.3739166399214855e-04
1.2955646740934954e+01 -6.3684687092144937e-04
1.2957263111901170e+01 -6.3630254265627066e-04
1.2958879482867388e+01 -6.3575867880149217e-04
1.2960495853833606e+01 -6.3521527896232856e-04
1.2962112224799823e+01 -6.3467234274432974e-04
1.2963728595766041e+01 -6.3412986975337261e-04
1.2965344966732259e+01 -6.3358785959567244e-04
1.2966961337698475e+01 -6.3304631187777486e-04
1.2968577708664693e+01 -6.3250522620655544e-04
1.2970194079630911e+01 -6.3196460218922388e-04
1.2971810450597127e+01 -6.3142443943332263e-04
1.2973426821563345e+01 -6.3088473754672016e-04
1.2975043192529562e+01 -6.3034549613762191e-04
1.2976659563495780e+01 -6.2980671481455987e-04
1.2978275934461998e+01 -6.2926839318639685e-04
1.2979892305428214e+01 -6.2873053086232879e-04
1.2981508676394432e+01 -6.2819312745187737e-04
1.2983125047360650e+01 -6.2765618256489645e-04
1.2984741418326866e+01 -6.2711969581156829e-04
1.2986357789293084e+01 -6.2658366680240474e-04
1.2987974160259302e+01 -6.2604809514824446e-04
1.2989590531225518e+01 -6.2551298046025785e-04
1.2991206902191736e+01 -6.2497832234994035e-04
1.2992823273157953e+01 -6.2444412042911746e-04
1.2994439644124171e+01 -6.2391037430993958e-04
1.2996056015090389e+01 -6.2337708360488836e-04
1.2997672386056605e+01 -6.2284424792677037e-04
1.2999288757022823e+01 -6.2231186688871789e-04
1.3000905127989041e+01 -6.2177994010419104e-04
1.3002521498955257e+01 -6.2124846718697826e-04
1.3004137869921475e+01 -6.2071744775118911e-04
1.3005754240887693e+01 -6.2018688141126223e-04
1.3007370611853910e+01 -6.1965676778196334e-04
1.3008986982820128e+01 -6.1912710647837768e-04
1.3010603353786344e+01 -6.1859789711592237e-04
1.3012219724752562e+01 -6.1806913931033200e-04
1.3013836095718780e+01 -6.1754083267767180e-04
1.3015452466684996e+01 -6.1701297683432763e-04
1.3017068837651214e+01 -6.1648557139701071e-04
1.3018685208617432e+01 -6.1595861598275363e-04
1.3020301579583649e+01 -6.1543211020891574e-04
1.3021917950549867e+01 -6.1490605369317602e-04
1.3023534321516085e+01 -6.1438044605353806e-04
1.3025150692482301e+01 -6.1385528690832789e-04
1.3026767063448519e+01 -6.1333057587619367e-04
1.3028383434414735e+01 -6.1280631257610478e-04
1.3029999805380953e+01 -6.1228249662735189e-04
1.3031616176347171e+01 -6.1175912764954992e-04
1.3033232547313387e+01 -6.1123620526263146e-04
1.3034848918279605e+01 -6.1071372908685212e-04
1.3036465289245823e+01 -6.1019169874278764e-04
1.3038081660212040e+01 -6.0967011385133416e-04
1.3039698031178258e+01 -6.0914897403370645e-04
1.3041314402144476e+01 -6.0862827891144261e-04
1.3042930773110692e+01 -6.0810802810639644e-04
1.3044547144076910e+01 -6.0758822124074290e-04
1.3046163515043126e+01 -6.0706885793697688e-04
1.3047779886009344e+01 -6.0654993781790911e-04
1.3049396256975562e+01 -6.0603146050667114e-04
1.3051012627941779e+01 -6.0551342562671379e-04
1.3052628998907997e+01 -6.0499583280180223e-04
1.3054245369874215e+01 -6.0447868165602154e-04
1.3055861740840431e+01 -6.0396197181377613e-04
1.3057478111806649e+01 -6.0344570289978230e-04
1.3059094482772865e+01 -6.0292987453907894e-04
1.3060710853739083e+01 -6.0241448635701804e-04
1.3062327224705301e+01 -6.0189953797926880e-04
1.3063943595671518e+01 -6.0138502903181717e-04
1.3065559966637736e+01 -6.0087095914096510e-04
1.3067176337603954e+01 -6.0035732793332756e-04
1.3068792708570170e+01 -5.9984413503583916e-04
1.3070409079536388e+01 -5.9933138007574565e-04
1.3072025450502606e+01 -5.9881906268060973e-04
1.3073641821468822e+01 -5.9830718247830793e-04
1.3075258192435040e+01 -5.9779573909703187e-04
1.3076874563401256e+01 -5.9728473216528587e-04
1.3078490934367474e+01 -5.9677416131188746e-04
1.3080107305333692e+01 -5.9626402616597119e-04
1.3081723676299909e+01 -5.9575432635698071e-04
1.3083340047266127e+01 -5.9524506151467519e-04
1.3084956418232345e+01 -5.9473623126912538e-04
1.3086572789198561e+01 -5.9422783525071572e-04
1.3088189160164779e+01 -5.9371987309014016e-04
1.3089805531130997e+01 -5.9321234441840837e-04
1.3091421902097213e+01 -5.9270524886683828e-04
1.3093038273063431e+01 -5.9219858606706125e-04
1.3094654644029648e+01 -5.9169235565101927e-04
1.3096271014995866e+01 -5.9118655725096450e-04
1.3097887385962084e+01 -5.9068119049946030e-04
1.3099503756928300e+01 -5.9017625502938247e-04
1.3101120127894518e+01 -5.8967175047391213e-04
1.3102736498860736e+01 -5.8916767646654362e-04
1.3104352869826952e+01 -5.8866403264108279e-04
1.3105969240793170e+01 -5.8816081863163861e-04
1.3107585611759388e+01 -5.8765803407263525e-04
1.3109201982725605e+01 -5.8715567859880336e-04
1.3110818353691823e+01 -5.8665375184518097e-04
1.3112434724658039e+01 -5.8615225344711588e-04
1.3114051095624257e+01 -5.8565118304026455e-04
1.3115667466590475e+01 -5.8515054026058843e-04
1.3117283837556691e+01 -5.8465032474436056e-04
1.3118900208522909e+01 -5.8415053612815757e-04
1.3120516579489127e+01 -5.8365117404886519e-04
1.3122132950455343e+01 -5.8315223814367533e-04
1.3123749321421561e+01 -5.8265372805008694e-04
1.3125365692387780e+01 -5.8215564340590299e-04
1.3126982063353996e+01 -5.8165798384923685e-04
1.3128598434320214e+01 -5.8116074901850352e-04
1.3130214805286430e+01 -5.8066393855242461e-04
1.3131831176252648e+01 -5.8016755209002770e-04
1.3133447547218866e+01 -5.7967158927064533e-04
1.3135063918185082e+01 -5.7917604973391483e-04
1.3136680289151300e+01 -5.7868093311977593e-04
1.3138296660117518e+01 -5.7818623906847645e-04
1.3139913031083735e+01 -5.7769196722056457e-04
1.3141529402049953e+01 -5.7719811721689408e-04
1.3143145773016169e+01 -5.7670468869862226e-04
1.3144762143982387e+01 -5.7621168130720811e-04
1.3146378514948605e+01 -5.7571909468441475e-04
1.3147994885914821e+01 -5.7522692847230986e-04
1.3149611256881039e+01 -5.7473518231325839e-04
1.3151227627847257e+01 -5.7424385584993302e-04
1.3152843998813474e+01 -5.7375294872530629e-04
1.3154460369779692e+01 -5.7326246058264987e-04
1.3156076740745910e+01 -5.7277239106554088e-04
1.3157693111712126e+01 -5.7228273981785652e-04
1.3159309482678344e+01 -5.7179350648377313e-04
1.3160925853644560e+01 -5.7130469070776943e-04
1.3162542224610778e+01 -5.7081629213462468e-04
1.3164158595576996e+01 -5.7032831040941632e-04
1.3165774966543212e+01 -5.6984074517752543e-04
1.3167391337509430e+01 -5.6935359608462890e-04
1.3169007708475648e+01 -5.6886686277670513e-04
1.3170624079441865e+01 -5.6838054490003162e-04
1.3172240450408083e+01 -5.6789464210118493e-04
1.3173856821374301e+01 -5.6740915402703825e-04
1.3175473192340517e+01 -5.6692408032476714e-04
1.3177089563306735e+01 -5.6643942064184185e-04
1.3178705934272951e+01 -5.6595517462603145e-04
1.3180322305239169e+01 -5.6547134192540369e-04
1.3181938676205387e+01 -5.6498792218832297e-04
1.3183555047171604e+01 -5.6450491506345184e-04
1.3185171418137822e+01 -5.6402232019974732e-04
1.3186787789104040e+01 -5.6354013724646697e-04
1.3188404160070256e+01 -5.6305836585316120e-04
1.3190020531036474e+01 -5.6257700566967890e-04
1.3191636902002692e+01 -5.6209605634616384e-04
1.3193253272968908e+01 -5.6161551753305657e-04
1.3194869643935126e+01 -5.6113538888109089e-04
1.3196486014901343e+01 -5.6065567004129975e-04
1.3198102385867561e+01 -5.6017636066500568e-04
1.3199718756833779e+01 -5.5969746040383100e-04
1.3201335127799995e+01 -5.5921896890969108e-04
1.3202951498766213e+01 -5.5874088583479208e-04
1.3204567869732431e+01 -5.5826321083163929e-04
1.3206184240698647e+01 -5.5778594355302932e-04
1.3207800611664865e+01 -5.5730908365205140e-04
1.3209416982631083e+01 -5.5683263078208916e-04
1.3211033353597299e+01 -5.5635658459682108e-04
1.3212649724563517e+01 -5.5588094475021341e-04
1.3214266095529734e+01 -5.5540571089653058e-04
1.3215882466495952e+01 -5.5493088269032516e-04
1.3217498837462170e+01 -5.5445645978644377e-04
1.3219115208428386e+01 -5.5398244184002448e-04
1.3220731579394604e+01 -5.5350882850649678e-04
1.3222347950360822e+01 -5.5303561944158148e-04
1.3223964321327038e+01 -5.5256281430129093e-04
1.3225580692293256e+01 -5.5209041274192710e-04
1.3227197063259474e+01 -5.5161841442008335e-04
1.3228813434225691e+01 -5.5114681899264429e-04
1.3230429805191909e+01 -5.5067562611678194e-04
1.3232046176158125e+01 -5.5020483544996246e-04
1.3233662547124343e+01 -5.4973444664993597e-04
1.3235278918090561e+01 -5.4926445937474727e-04
1.3236895289056777e+01 -5.4879487328272805e-04
1.3238511660022995e+01 -5.4832568803249773e-04
1.3240128030989213e+01 -5.4785690328296567e-04
1.3241744401955430e+01 -5.4738851869333156e-04
1.3243360772921648e+01 -5.4692053392307828e-04
1.3244977143887864e+01 -5.4645294863198233e-04
1.3246593514854082e+01 -5.4598576248010317e-04
1.3248209885820300e+01 -5.4551897512779041e-04
1.3249826256786516e+01 -5.4505258623568031e-04
1.3251442627752734e+01 -5.4458659546469633e-04
1.3253058998718952e+01 -5.4412100247604720e-04
1.3254675369685168e+01 -5.4365580693122972e-04
1.3256291740651386e+01 -5.4319100849202723e-04
1.3257908111617605e+01 -5.4272660682050638e-04
1.3259524482583821e+01 -5.4226260157902364e-04
1.3261140853550039e+01 -5.4179899243021756e-04
1.3262757224516255e+01 -5.4133577903701393e-04
1.3264373595482473e+01 -5.4087296106262181e-04
1.3265989966448691e+01 -5.4041053817053793e-04
1.3267606337414907e+01 -5.3994851002454056e-04
1.3269222708381125e+01 -5.3948687628869421e-04
1.3270839079347343e+01 -5.3902563662734670e-04
1.3272455450313560e+01 -5.3856479070513066e-04
1.3274071821279778e+01 -5.3810433818696007e-04
1.3275688192245996e+01 -5.3764427873803579e-04
1.3277304563212212e+01 -5.3718461202383917e-04
1.3278920934178430e+01 -5.3672533771013400e-04
1.3280537305144646e+01 -5.3626645546297049e-04
1.3282153676110864e+01 -5.3580796494867599e-04
1.3283770047077082e+01 -5.3534986583386474e-04
1.3285386418043299e+01 -5.3489215778543112e-04
1.3287002789009517e+01 -5.3443484047055023e-04
1.3288619159975735e+01 -5.3397791355667967e-04
1.3290235530941951e+01 -5.3352137671156029e-04
1.3291851901908169e+01 -5.3306522960320905e-04
1.3293468272874387e+01 -5.3260947189992872e-04
1.3295084643840603e+01 -5.3215410327030037e-04
1.3296701014806821e+01 -5.3169912338318470e-04
1.3298317385773037e+01 -5.3124453190772397e-04
1.3299933756739255e+01 -5.3079032851334029e-04
1.3301550127705474e+01 -5.3033651286973394e-04
1.3303166498671690e+01 -5.2988308464688573e-04
1.3304782869637908e+01 -5.2943004351505625e-04
1.3306399240604126e+01 -5.2897738914478251e-04
1.3308015611570342e+01 -5.2852512120688390e-04
1.3309631982536560e+01 -5.2807323937245491e-04
1.3311248353502778e+01 -5.2762174331287006e-04
1.3312864724468994e+01 -5.2717063269978165e-04
1.3314481095435212e+01 -5.2671990720511955e-04
1.3316097466401429e+01 -5.2626956650109072e-04
1.3317713837367647e+01 -5.2581961026018013e-04
1.3319330208333865e+01 -5.2537003815514944e-04
1.3320946579300081e+01 -5.2492084985903786e-04
1.3322562950266299e+01 -5.2447204504515934e-04
1.3324179321232517e+01 -5.2402362338710732e-04
1.3325795692198733e+01 -5.2357558455874839e-04
1.3327412063164951e+01 -5.2312792823422545e-04
1.3329028434131168e+01 -5.2268065408796042e-04
1.3330644805097386e+01 -5.2223376179464493e-04
1.3332261176063604e+01 -5.2178725102925111e-04
1.3333877547029820e+01 -5.2134112146702387e-04
1.3335493917996038e+01 -5.2089537278348220e-04
1.3337110288962256e+01 -5.2045000465442050e-04
1.3338726659928472e+01 -5.2000501675590930e-04
1.3340343030894690e+01 -5.1956040876428823e-04
1.3341959401860908e+01 -5.1911618035617598e-04
1.3343575772827124e+01 -5.1867233120846286e-04
1.3345192143793343e+01 -5.1822886099831119e-04
1.3346808514759559e+01 -5.1778576940315847e-04
1.3348424885725777e+01 -5.1734305610071476e-04
1.3350041256691995e+01 -5.1690072076896148e-04
1.3351657627658211e+01 -5.1645876308615407e-04
1.3353273998624429e+01 -5.1601718273082018e-04
1.3354890369590647e+01 -5.1557597938175733e-04
1.3356506740556863e+01 -5.1513515271803831e-04
1.3358123111523081e+01 -5.1469470241900447e-04
1.3359739482489299e+01 -5.1425462816427018e-04
1.3361355853455516e+01 -5.1381492963372007e-04
1.3362972224421734e+01 -5.1337560650751061e-04
1.3364588595387950e+01 -5.1293665846606766e-04
1.3366204966354168e+01 -5.1249808519008829e-04
1.3367821337320386e+01 -5.1205988636053980e-04
1.3369437708286602e+01 -5.1162206165865972e-04
1.3371054079252820e+01 -5.1118461076595358e-04
1.3372670450219038e+01 -5.1074753336419990e-04
1.3374286821185255e+01 -5.1031082913544263e-04
1.3375903192151473e+01 -5.0987449776199753e-04
1.3377519563117691e+01 -5.0943853892644847e-04
1.3379135934083907e+01 -5.0900295231164679e-04
1.3380752305050125e+01 -5.0856773760071382e-04
1.3382368676016341e+01 -5.0813289447703878e-04
1.3383985046982559e+01 -5.0769842262427781e-04
1.3385601417948777e+01 -5.0726432172635541e-04
1.3387217788914993e+01 -5.0683059146746539e-04
1.3388834159881212e+01 -5.0639723153206458e-04
1.3390450530847430e+01 -5.0596424160488131e-04
1.3392066901813646e+01 -5.0553162137090876e-04
1.3393683272779864e+01 -5.0509937051540586e-04
1.3395299643746082e+01 -5.0466748872389923e-04
1.3396916014712298e+01 -5.0423597568218295e-04
1.3398532385678516e+01 -5.0380483107631264e-04
1.3400148756644732e+01 -5.0337405459261483e-04
1.3401765127610950e+01 -5.0294364591767845e-04
1.3403381498577168e+01 -5.0251360473835727e-04
1.3404997869543385e+01 -5.0208393074177321e-04
1.3406614240509603e+01 -5.0165462361530992e-04
1.3408230611475821e+01 -5.0122568304661699e-04
1.3409846982442037e+01 -5.0079710872360855e-04
1.3411463353408255e+01 -5.0036890033446297e-04
1.3413079724374471e+01 -4.9994105756762141e-04
1.3414696095340689e+01 -4.9951358011178981e-04
1.3416312466306907e+01 -4.9908646765593778e-04
1.3417928837273124e+01 -4.9865971988929806e-04
1.3419545208239342e+01 -4.9823333650136480e-04
1.3421161579205560e+01 -4.9780731718189800e-04
1.3422777950171776e+01 -4.9738166162091862e-04
1.3424394321137994e+01 -4.9695636950870922e-04
1.3426010692104212e+01 -4.9653144053581619e-04
1.3427627063070428e+01 -4.9610687439304729e-04
1.3429243434036646e+01 -4.9568267077147114e-04
1.3430859805002862e+01 -4.9525882936241961e-04
1.3432476175969081e+01 -4.9483534985748413e-04
1.3434092546935299e+01 -4.9441223194851807e-04
1.3435708917901515e+01 -4.9398947532763718e-04
1.3437325288867733e+01 -4.9356707968721395e-04
1.3438941659833951e+01 -4.9314504471988541e-04
1.3440558030800167e+01 -4.9272337011854663e-04
1.3442174401766385e+01 -4.9230205557635376e-04
1.3443790772732603e+01 -4.9188110078672077e-04
1.3445407143698819e+01 -4.9146050544332433e-04
1.3447023514665037e+01 -4.9104026924009722e-04
1.3448639885631254e+01 -4.9062039187123402e-04
1.3450256256597472e+01 -4.9020087303118607e-04
1.3451872627563690e+01 -4.8978171241466492e-04
1.3453488998529906e+01 -4.8936290971664036e-04
1.3455105369496124e+01 -4.8894446463233917e-04
1.3456721740462342e+01 -4.8852637685724873e-04
1.3458338111428558e+01 -4.8810864608711145e-04
1.3459954482394776e+01 -4.8769127201792907e-04
1.3461570853360994e+01 -4.8727425434596047e-04
1.3463187224327211e+01 -4.8685759276772194e-04
1.3464803595293429e+01 -4.8644128697998497e-04
1.3466419966259645e+01 -4.8602533667978145e-04
1.3468036337225863e+01 -4.8560974156439503e-04
1.3469652708192081e+01 -4.8519450133136996e-04
1.3471269079158297e+01 -4.8477961567850483e-04
1.3472885450124515e+01 -4.8436508430385340e-04
1.3474501821090733e+01 -4.8395090690572622e-04
1.3476118192056949e+01 -4.8353708318268972e-04
1.3477734563023168e+01 -4.8312361283356370e-04
1.3479350933989386e+01 -4.8271049555742422e-04
1.3480967304955602e+01 -4.8229773105360407e-04
1.3482583675921820e+01 -4.8188531902168617e-04
1.3484200046888036e+01 -4.8147325916151235e-04
1.3485816417854254e+01 -4.8106155117317548e-04
1.3487432788820472e+01 -4.8065019475702404e-04
1.3489049159786688e+01 -4.8023918961365988e-04
1.3490665530752906e+01 -4.7982853544393893e-04
1.3492281901719124e+01 -4.7941823194896845e-04
1.3493898272685341e+01 -4.7900827883011205e-04
1.3495514643651559e+01 -4.7859867578898337e-04
1.3497131014617777e+01 -4.7818942252745016e-04
1.3498747385583993e+01 -4.7778051874763249e-04
1.3500363756550211e+01 -4.7737196415190321e-04
1.3501980127516427e+01 -4.7696375844288587e-04
1.3503596498482645e+01 -4.7655590132345606e-04
1.3505212869448863e+01 -4.7614839249674341e-04
1.3506829240415080e+01 -4.7574123166612580e-04
1.3508445611381298e+01 -4.7533441853523430e-04
1.3510061982347516e+01 -4.7492795280795042e-04
1.3511678353313732e+01 -4.7452183418840687e-04
1.3513294724279950e+01 -4.7411606238098537e-04
1.3514911095246166e+01 -4.7371063709032149e-04
1.3516527466212384e+01 -4.7330555802129615e-04
1.3518143837178602e+01 -4.7290082487904452e-04
1.3519760208144818e+01 -4.7249643736894991e-04
1.3521376579111037e+01 -4.7209239519664415e-04
1.3522992950077255e+01 -4.7168869806800970e-04
1.3524609321043471e+01 -4.7128534568917921e-04
1.3526225692009689e+01 -4.7088233776653099e-04
1.3527842062975907e+01 -4.7047967400669431e-04
1.3529458433942123e+01 -4.7007735411654837e-04
1.3531074804908341e+01 -4.6967537780321619e-04
1.3532691175874557e+01 -4.6927374477407399e-04
1.3534307546840775e+01 -4.6887245473674208e-04
1.3535923917806993e+01 -4.6847150739909017e-04
1.3537540288773210e+01 -4.6807090246923542e-04
1.3539156659739428e+01 -4.6767063965554202e-04
1.3540773030705646e+01 -4.6727071866662013e-04
1.3542389401671862e+01 -4.6687113921132947e-04
1.3544005772638080e+01 -4.6647190099877335e-04
1.3545622143604298e+01 -4.6607300373830313e-04
1.3547238514570514e+01 -4.6567444713951656e-04
1.3548854885536732e+01 -4.6527623091225702e-04
1.3550471256502949e+01 -4.6487835476661355e-04
1.3552087627469167e+01 -4.6448081841291982e-04
1.3553703998435385e+01 -4.6408362156175796e-04
1.3555320369401601e+01 -4.6368676392395187e-04
1.3556936740367819e+01 -4.6329024521057249e-04
1.3558553111334037e+01 -4.6289406513293484e-04
1.3560169482300253e+01 -4.6249822340259920e-04
1.3561785853266471e+01 -4.6210271973136840e-04
1.3563402224232689e+01 -4.6170755383129235e-04
1.3565018595198906e+01 -4.6131272541466222e-04
1.3566634966165124e+01 -4.6091823419401427e-04
1.3568251337131340e+01 -4.6052407988212850e-04
1.3569867708097558e+01 -4.6013026219202726e-04
1.3571484079063776e+01 -4.5973678083697633e-04
1.3573100450029992e+01 -4.5934363553048650e-04
1.3574716820996210e+01 -4.5895082598630747e-04
1.3576333191962428e+01 -4.5855835191843403e-04
1.3577949562928644e+01 -4.5816621304110443e-04
1.3579565933894862e+01 -4.5777440906879504e-04
1.3581182304861080e+01 -4.5738293971622822e-04
1.3582798675827297e+01 -4.5699180469836639e-04
1.3584415046793515e+01 -4.5660100373041263e-04
1.3586031417759731e+01 -4.5621053652781271e-04
1.3587647788725949e+01 -4.5582040280625364e-04
1.3589264159692167e+01 -4.5543060228166112e-04
1.3590880530658383e+01 -4.5504113467020510e-04
1.3592496901624601e+01 -4.5465199968829296e-04
1.3594113272590819e+01 -4.5426319705257380e-04
1.3595729643557036e+01 -4.5387472647993681e-04
1.3597346014523254e+01 -4.5348658768751108e-04
1.3598962385489470e+01 -4.5309878039266502e-04
1.3600578756455688e+01 -4.5271130431300574e-04
1.3602195127421906e+01 -4.5232415916638243e-04
1.3603811498388122e+01 -4.5193734467088029e-04
1.3605427869354340e+01 -4.5155086054482534e-04
1.3607044240320558e+01 -4.5116470650678156e-04
1.3608660611286775e+01 -4.5077888227555203e-04
1.3610276982252993e+01 -4.5039338757017652e-04
1.3611893353219211e+01 -4.5000822210993565e-04
1.3613509724185427e+01 -4.4962338561434527e-04
1.3615126095151645e+01 -4.4923887780316032e-04
1.3616742466117861e+01 -4.4885469839637344e-04
1.3618358837084079e+01 -4.4847084711421343e-04
1.3619975208050297e+01 -4.4808732367714678e-04
1.3621591579016513e+01 -4.4770412780587851e-04
1.3623207949982731e+01 -4.4732125922134679e-04
1.3624824320948949e+01 -4.4693871764472942e-04
1.3626440691915166e+01 -4.4655650279744037e-04
1.3628057062881384e+01 -4.4617461440112636e-04
1.3629673433847602e+01 -4.4579305217767434e-04
1.3631289804813818e+01 -4.4541181584920503e-04
1.3632906175780036e+01 -4.4503090513807393e-04
1.3634522546746252e+01 -4.4465031976687324e-04
1.3636138917712470e+01 -4.4427005945842996e-04
1.3637755288678688e+01 -4.4389012393580471e-04
1.3639371659644905e+01 -4.4351051292229550e-04
1.3640988030611123e+01 -4.4313122614143157e-04
