1.1054897829060755e+00 3.3942084293309631e+00
1.1060734019362639e+00 3.3863091760980737e+00
1.1066570209664521e+00 3.3784253191357334e+00
1.1072406399966406e+00 3.3705568303483542e+00
1.1078242590268290e+00 3.3627036816901450e+00
1.1084078780570175e+00 3.3548658451650399e+00
1.1089914970872057e+00 3.3470432928266152e+00
1.1095751161173941e+00 3.3392359967779699e+00
1.1101587351475826e+00 3.3314439291716846e+00
1.1107423541777708e+00 3.3236670622097058e+00
1.1113259732079592e+00 3.3159053681432611e+00
1.1119095922381477e+00 3.3081588192727858e+00
1.1124932112683361e+00 3.3004273879478263e+00
1.1130768302985243e+00 3.2927110465669638e+00
1.1136604493287128e+00 3.2850097675777095e+00
1.1142440683589012e+00 3.2773235234764457e+00
1.1148276873890894e+00 3.2696522868083169e+00
1.1154113064192779e+00 3.2619960301671602e+00
1.1159949254494663e+00 3.2543547261954053e+00
1.1165785444796548e+00 3.2467283475840127e+00
1.1171621635098430e+00 3.2391168670723682e+00
1.1177457825400314e+00 3.2315202574481874e+00
1.1183294015702199e+00 3.2239384915474782e+00
1.1189130206004081e+00 3.2163715422544050e+00
1.1194966396305965e+00 3.2088193825012321e+00
1.1200802586607850e+00 3.2012819852682313e+00
1.1206638776909734e+00 3.1937593235836021e+00
1.1212474967211616e+00 3.1862513705233884e+00
1.1218311157513501e+00 3.1787580992113846e+00
1.1224147347815385e+00 3.1712794828190645e+00
1.1229983538117267e+00 3.1638154945654939e+00
1.1235819728419152e+00 3.1563661077172411e+00
1.1241655918721036e+00 3.1489312955882975e+00
1.1247492109022921e+00 3.1415110315400097e+00
1.1253328299324803e+00 3.1341052889809742e+00
1.1259164489626687e+00 3.1267140413669554e+00
1.1265000679928572e+00 3.1193372622008244e+00
1.1270836870230454e+00 3.1119749250324586e+00
1.1276673060532338e+00 3.1046270034586625e+00
1.1282509250834223e+00 3.0972934711230882e+00
1.1288345441136105e+00 3.0899743017161594e+00
1.1294181631437989e+00 3.0826694689749692e+00
1.1300017821739874e+00 3.0753789466832235e+00
1.1305854012041758e+00 3.0681027086711485e+00
1.1311690202343641e+00 3.0608407288154016e+00
1.1317526392645525e+00 3.0535929810390021e+00
1.1323362582947409e+00 3.0463594393112401e+00
1.1329198773249292e+00 3.0391400776476143e+00
1.1335034963551176e+00 3.0319348701097160e+00
1.1340871153853060e+00 3.0247437908051915e+00
1.1346707344154945e+00 3.0175668138876324e+00
1.1352543534456827e+00 3.0104039135564991e+00
1.1358379724758711e+00 3.0032550640570475e+00
1.1364215915060596e+00 2.9961202396802431e+00
1.1370052105362478e+00 2.9889994147626919e+00
1.1375888295664363e+00 2.9818925636865412e+00
1.1381724485966247e+00 2.9747996608794169e+00
1.1387560676268131e+00 2.9677206808143439e+00
1.1393396866570014e+00 2.9606555980096512e+00
1.1399233056871898e+00 2.9536043870289039e+00
1.1405069247173782e+00 2.9465670224808242e+00
1.1410905437475665e+00 2.9395434790192190e+00
1.1416741627777549e+00 2.9325337313428732e+00
1.1422577818079434e+00 2.9255377541955050e+00
1.1428414008381318e+00 2.9185555223656734e+00
1.1434250198683200e+00 2.9115870106866923e+00
1.1440086388985085e+00 2.9046321940365631e+00
1.1445922579286969e+00 2.8976910473378852e+00
1.1451758769588851e+00 2.8907635455577974e+00
1.1457594959890736e+00 2.8838496637078723e+00
1.1463431150192620e+00 2.8769493768440699e+00
1.1469267340494504e+00 2.8700626600666270e+00
1.1475103530796387e+00 2.8631894885200149e+00
1.1480939721098271e+00 2.8563298373928308e+00
1.1486775911400156e+00 2.8494836819177318e+00
1.1492612101702038e+00 2.8426509973713743e+00
1.1498448292003922e+00 2.8358317590742983e+00
1.1504284482305807e+00 2.8290259423908966e+00
1.1510120672607691e+00 2.8222335227293063e+00
1.1515956862909573e+00 2.8154544755413418e+00
1.1521793053211458e+00 2.8086887763224180e+00
1.1527629243513342e+00 2.8019364006114733e+00
1.1533465433815224e+00 2.7951973239909016e+00
1.1539301624117109e+00 2.7884715220864589e+00
1.1545137814418993e+00 2.7817589705672039e+00
1.1550974004720878e+00 2.7750596451454088e+00
1.1556810195022760e+00 2.7683735215765068e+00
1.1562646385324644e+00 2.7617005756589794e+00
1.1568482575626529e+00 2.7550407832343162e+00
1.1574318765928411e+00 2.7483941201869220e+00
1.1580154956230295e+00 2.7417605624440422e+00
1.1585991146532180e+00 2.7351400859756927e+00
1.1591827336834064e+00 2.7285326667945822e+00
1.1597663527135946e+00 2.7219382809560435e+00
1.1603499717437831e+00 2.7153569045579440e+00
1.1609335907739715e+00 2.7087885137406307e+00
1.1615172098041597e+00 2.7022330846868416e+00
1.1621008288343482e+00 2.6956905936216304e+00
1.1626844478645366e+00 2.6891610168123101e+00
1.1632680668947251e+00 2.6826443305683534e+00
1.1638516859249133e+00 2.6761405112413512e+00
1.1644353049551017e+00 2.6696495352248930e+00
1.1650189239852902e+00 2.6631713789545430e+00
1.1656025430154784e+00 2.6567060189077396e+00
1.1661861620456668e+00 2.6502534316037178e+00
1.1667697810758553e+00 2.6438135936034510e+00
1.1673534001060437e+00 2.6373864815095707e+00
1.1679370191362319e+00 2.6309720719662986e+00
1.1685206381664204e+00 2.6245703416593575e+00
1.1691042571966088e+00 2.6181812673159217e+00
1.1696878762267970e+00 2.6118048257045370e+00
1.1702714952569855e+00 2.6054409936350296e+00
1.1708551142871739e+00 2.5990897479584629e+00
1.1714387333173621e+00 2.5927510655670427e+00
1.1720223523475506e+00 2.5864249233940595e+00
1.1726059713777390e+00 2.5801112984138035e+00
1.1731895904079275e+00 2.5738101676415099e+00
1.1737732094381157e+00 2.5675215081332752e+00
1.1743568284683041e+00 2.5612452969859785e+00
1.1749404474984926e+00 2.5549815113372323e+00
1.1755240665286810e+00 2.5487301283652872e+00
1.1761076855588692e+00 2.5424911252889828e+00
1.1766913045890577e+00 2.5362644793676532e+00
1.1772749236192461e+00 2.5300501679010781e+00
1.1778585426494343e+00 2.5238481682294065e+00
1.1784421616796228e+00 2.5176584577330616e+00
1.1790257807098112e+00 2.5114810138327157e+00
1.1796093997399995e+00 2.5053158139891791e+00
1.1801930187701879e+00 2.4991628357033489e+00
1.1807766378003763e+00 2.4930220565161307e+00
1.1813602568305648e+00 2.4868934540083854e+00
1.1819438758607530e+00 2.4807770058008396e+00
1.1825274948909414e+00 2.4746726895540161e+00
1.1831111139211299e+00 2.4685804829681826e+00
1.1836947329513181e+00 2.4625003637832656e+00
1.1842783519815065e+00 2.4564323097787844e+00
1.1848619710116950e+00 2.4503762987737838e+00
1.1854455900418834e+00 2.4443323086267670e+00
1.1860292090720717e+00 2.4383003172356279e+00
1.1866128281022601e+00 2.4322803025375612e+00
1.1871964471324485e+00 2.4262722425090320e+00
1.1877800661626368e+00 2.4202761151656702e+00
1.1883636851928252e+00 2.4142918985622241e+00
1.1889473042230136e+00 2.4083195707924796e+00
1.1895309232532021e+00 2.4023591099892019e+00
1.1901145422833903e+00 2.3964104943240634e+00
1.1906981613135788e+00 2.3904737020075668e+00
1.1912817803437672e+00 2.3845487112889963e+00
1.1918653993739554e+00 2.3786355004563271e+00
1.1924490184041439e+00 2.3727340478361740e+00
1.1930326374343323e+00 2.3668443317937191e+00
1.1936162564645207e+00 2.3609663307326425e+00
1.1941998754947090e+00 2.3551000230950541e+00
1.1947834945248974e+00 2.3492453873614276e+00
1.1953671135550858e+00 2.3434024020505433e+00
1.1959507325852741e+00 2.3375710457193972e+00
1.1965343516154625e+00 2.3317512969631582e+00
1.1971179706456510e+00 2.3259431344150849e+00
1.1977015896758394e+00 2.3201465367464720e+00
1.1982852087060276e+00 2.3143614826665715e+00
1.1988688277362161e+00 2.3085879509225329e+00
1.1994524467664045e+00 2.3028259202993366e+00
1.2000360657965927e+00 2.2970753696197277e+00
1.2006196848267812e+00 2.2913362777441448e+00
1.2012033038569696e+00 2.2856086235706581e+00
1.2017869228871580e+00 2.2798923860349101e+00
1.2023705419173463e+00 2.2741875441100357e+00
1.2029541609475347e+00 2.2684940768065998e+00
1.2035377799777232e+00 2.2628119631725494e+00
1.2041213990079114e+00 2.2571411822931235e+00
1.2047050180380998e+00 2.2514817132908003e+00
1.2052886370682883e+00 2.2458335353252301e+00
1.2058722560984767e+00 2.2401966275931722e+00
1.2064558751286649e+00 2.2345709693284275e+00
1.2070394941588534e+00 2.2289565398017719e+00
1.2076231131890418e+00 2.2233533183208927e+00
1.2082067322192300e+00 2.2177612842303294e+00
1.2087903512494185e+00 2.2121804169114028e+00
1.2093739702796069e+00 2.2066106957821456e+00
1.2099575893097954e+00 2.2010521002972561e+00
1.2105412083399836e+00 2.1955046099480153e+00
1.2111248273701720e+00 2.1899682042622306e+00
1.2117084464003605e+00 2.1844428628041688e+00
1.2122920654305487e+00 2.1789285651745032e+00
1.2128756844607371e+00 2.1734252910102314e+00
1.2134593034909256e+00 2.1679330199846265e+00
1.2140429225211138e+00 2.1624517318071694e+00
1.2146265415513022e+00 2.1569814062234758e+00
1.2152101605814907e+00 2.1515220230152563e+00
1.2157937796116791e+00 2.1460735620002231e+00
1.2163773986418673e+00 2.1406360030320526e+00
1.2169610176720558e+00 2.1352093260003069e+00
1.2175446367022442e+00 2.1297935108303743e+00
1.2181282557324327e+00 2.1243885374834157e+00
1.2187118747626209e+00 2.1189943859562841e+00
1.2192954937928093e+00 2.1136110362814802e+00
1.2198791128229978e+00 2.1082384685270745e+00
1.2204627318531860e+00 2.1028766627966591e+00
1.2210463508833744e+00 2.0975255992292756e+00
1.2216299699135629e+00 2.0921852579993541e+00
1.2222135889437511e+00 2.0868556193166574e+00
1.2227972079739395e+00 2.0815366634262098e+00
1.2233808270041280e+00 2.0762283706082445e+00
1.2239644460343164e+00 2.0709307211781329e+00
1.2245480650645046e+00 2.0656436954863353e+00
1.2251316840946931e+00 2.0603672739183190e+00
1.2257153031248815e+00 2.0551014368945215e+00
1.2262989221550697e+00 2.0498461648702757e+00
1.2268825411852582e+00 2.0446014383357403e+00
1.2274661602154466e+00 2.0393672378158634e+00
1.2280497792456351e+00 2.0341435438702931e+00
1.2286333982758233e+00 2.0289303370933438e+00
1.2292170173060117e+00 2.0237275981139073e+00
1.2298006363362002e+00 2.0185353075954180e+00
1.2303842553663884e+00 2.0133534462357821e+00
1.2309678743965768e+00 2.0081819947673045e+00
1.2315514934267653e+00 2.0030209339566523e+00
1.2321351124569537e+00 1.9978702446047747e+00
1.2327187314871419e+00 1.9927299075468612e+00
1.2333023505173304e+00 1.9875999036522527e+00
1.2338859695475188e+00 1.9824802138244184e+00
1.2344695885777073e+00 1.9773708190008705e+00
1.2350532076078955e+00 1.9722717001531092e+00
1.2356368266380839e+00 1.9671828382865684e+00
1.2362204456682724e+00 1.9621042144405487e+00
1.2368040646984606e+00 1.9570358096881721e+00
1.2373876837286490e+00 1.9519776051363031e+00
1.2379713027588375e+00 1.9469295819255013e+00
1.2385549217890257e+00 1.9418917212299700e+00
1.2391385408192142e+00 1.9368640042574738e+00
1.2397221598494026e+00 1.9318464122493026e+00
1.2403057788795910e+00 1.9268389264801993e+00
1.2408893979097793e+00 1.9218415282583157e+00
1.2414730169399677e+00 1.9168541989251253e+00
1.2420566359701561e+00 1.9118769198554006e+00
1.2426402550003444e+00 1.9069096724571333e+00
1.2432238740305328e+00 1.9019524381714714e+00
1.2438074930607212e+00 1.8970051984726832e+00
1.2443911120909097e+00 1.8920679348680747e+00
1.2449747311210979e+00 1.8871406288979520e+00
1.2455583501512864e+00 1.8822232621355461e+00
1.2461419691814748e+00 1.8773158161869701e+00
1.2467255882116630e+00 1.8724182726911498e+00
1.2473092072418515e+00 1.8675306133197731e+00
1.2478928262720399e+00 1.8626528197772325e+00
1.2484764453022281e+00 1.8577848738005636e+00
1.2490600643324166e+00 1.8529267571593888e+00
1.2496436833626050e+00 1.8480784516558615e+00
1.2502273023927934e+00 1.8432399391246148e+00
1.2508109214229817e+00 1.8384112014326905e+00
1.2513945404531701e+00 1.8335922204794943e+00
1.2519781594833586e+00 1.8287829781967362e+00
1.2525617785135470e+00 1.8239834565483686e+00
1.2531453975437352e+00 1.8191936375305395e+00
1.2537290165739237e+00 1.8144135031715227e+00
1.2543126356041121e+00 1.8096430355316768e+00
1.2548962546343003e+00 1.8048822167033767e+00
1.2554798736644888e+00 1.8001310288109618e+00
1.2560634926946772e+00 1.7953894540106841e+00
1.2566471117248654e+00 1.7906574744906425e+00
1.2572307307550539e+00 1.7859350724707368e+00
1.2578143497852423e+00 1.7812222302026028e+00
1.2583979688154308e+00 1.7765189299695707e+00
1.2589815878456190e+00 1.7718251540865912e+00
1.2595652068758074e+00 1.7671408849001902e+00
1.2601488259059959e+00 1.7624661047884187e+00
1.2607324449361843e+00 1.7578007961607824e+00
1.2613160639663725e+00 1.7531449414582032e+00
1.2618996829965610e+00 1.7484985231529482e+00
1.2624833020267494e+00 1.7438615237485888e+00
1.2630669210569376e+00 1.7392339257799376e+00
1.2636505400871261e+00 1.7346157118129937e+00
1.2642341591173145e+00 1.7300068644448883e+00
1.2648177781475027e+00 1.7254073663038425e+00
1.2654013971776912e+00 1.7208172000490851e+00
1.2659850162078796e+00 1.7162363483708252e+00
1.2665686352380681e+00 1.7116647939901879e+00
1.2671522542682563e+00 1.7071025196591567e+00
1.2677358732984447e+00 1.7025495081605211e+00
1.2683194923286332e+00 1.6980057423078243e+00
1.2689031113588216e+00 1.6934712049453102e+00
1.2694867303890098e+00 1.6889458789478704e+00
1.2700703494191983e+00 1.6844297472209790e+00
1.2706539684493867e+00 1.6799227927006575e+00
1.2712375874795749e+00 1.6754249983534071e+00
1.2718212065097634e+00 1.6709363471761576e+00
1.2724048255399518e+00 1.6664568221962188e+00
1.2729884445701400e+00 1.6619864064712266e+00
1.2735720636003285e+00 1.6575250830890833e+00
1.2741556826305169e+00 1.6530728351679091e+00
1.2747393016607054e+00 1.6486296458559919e+00
1.2753229206908936e+00 1.6441954983317291e+00
1.2759065397210820e+00 1.6397703758035753e+00
1.2764901587512705e+00 1.6353542615099923e+00
1.2770737777814589e+00 1.6309471387193943e+00
1.2776573968116471e+00 1.6265489907301041e+00
1.2782410158418356e+00 1.6221598008702762e+00
1.2788246348720240e+00 1.6177795524978762e+00
1.2794082539022122e+00 1.6134082290006055e+00
1.2799918729324007e+00 1.6090458137958588e+00
1.2805754919625891e+00 1.6046922903306666e+00
1.2811591109927774e+00 1.6003476420816571e+00
1.2817427300229658e+00 1.5960118525549760e+00
1.2823263490531542e+00 1.5916849052862683e+00
1.2829099680833427e+00 1.5873667838406043e+00
1.2834935871135309e+00 1.5830574718124335e+00
1.2840772061437193e+00 1.5787569528255343e+00
1.2846608251739078e+00 1.5744652105329602e+00
1.2852444442040960e+00 1.5701822286169951e+00
1.2858280632342844e+00 1.5659079907890894e+00
1.2864116822644729e+00 1.5616424807898217e+00
1.2869953012946613e+00 1.5573856823888448e+00
1.2875789203248496e+00 1.5531375793848246e+00
1.2881625393550380e+00 1.5488981556054005e+00
1.2887461583852264e+00 1.5446673949071297e+00
1.2893297774154147e+00 1.5404452811754434e+00
1.2899133964456031e+00 1.5362317983245770e+00
1.2904970154757915e+00 1.5320269302975460e+00
1.2910806345059798e+00 1.5278306610660768e+00
1.2916642535361682e+00 1.5236429746305575e+00
1.2922478725663566e+00 1.5194638550199995e+00
1.2928314915965451e+00 1.5152932862919717e+00
1.2934151106267333e+00 1.5111312525325655e+00
1.2939987296569218e+00 1.5069777378563294e+00
1.2945823486871102e+00 1.5028327264062309e+00
1.2951659677172986e+00 1.4986962023536061e+00
1.2957495867474869e+00 1.4945681498981012e+00
1.2963332057776753e+00 1.4904485532676286e+00
1.2969168248078637e+00 1.4863373967183127e+00
1.2975004438380520e+00 1.4822346645344577e+00
1.2980840628682404e+00 1.4781403410284655e+00
1.2986676818984288e+00 1.4740544105408220e+00
1.2992513009286171e+00 1.4699768574400236e+00
1.2998349199588055e+00 1.4659076661225339e+00
1.3004185389889940e+00 1.4618468210127415e+00
1.3010021580191824e+00 1.4577943065629007e+00
1.3015857770493706e+00 1.4537501072530941e+00
1.3021693960795591e+00 1.4497142075911675e+00
1.3027530151097475e+00 1.4456865921126976e+00
1.3033366341399359e+00 1.4416672453809394e+00
1.3039202531701242e+00 1.4376561519867672e+00
1.3045038722003126e+00 1.4336532965486379e+00
1.3050874912305011e+00 1.4296586637125348e+00
1.3056711102606893e+00 1.4256722381519298e+00
1.3062547292908777e+00 1.4216940045677171e+00
1.3068383483210662e+00 1.4177239476881862e+00
1.3074219673512544e+00 1.4137620522689576e+00
1.3080055863814428e+00 1.4098083030929411e+00
1.3085892054116313e+00 1.4058626849702904e+00
1.3091728244418197e+00 1.4019251827383490e+00
1.3097564434720079e+00 1.3979957812616086e+00
1.3103400625021964e+00 1.3940744654316537e+00
1.3109236815323848e+00 1.3901612201671243e+00
1.3115073005625733e+00 1.3862560304136569e+00
1.3120909195927615e+00 1.3823588811438505e+00
1.3126745386229499e+00 1.3784697573572058e+00
1.3132581576531384e+00 1.3745886440800839e+00
1.3138417766833266e+00 1.3707155263656643e+00
1.3144253957135150e+00 1.3668503892938848e+00
1.3150090147437035e+00 1.3629932179714084e+00
1.3155926337738917e+00 1.3591439975315669e+00
1.3161762528040801e+00 1.3553027131343178e+00
1.3167598718342686e+00 1.3514693499661989e+00
1.3173434908644570e+00 1.3476438932402750e+00
1.3179271098946452e+00 1.3438263281961058e+00
1.3185107289248337e+00 1.3400166400996747e+00
1.3190943479550221e+00 1.3362148142433690e+00
1.3196779669852106e+00 1.3324208359459166e+00
1.3202615860153988e+00 1.3286346905523470e+00
1.3208452050455872e+00 1.3248563634339419e+00
1.3214288240757757e+00 1.3210858399881875e+00
1.3220124431059639e+00 1.3173231056387369e+00
1.3225960621361523e+00 1.3135681458353496e+00
1.3231796811663408e+00 1.3098209460538621e+00
1.3237633001965290e+00 1.3060814917961301e+00
1.3243469192267174e+00 1.3023497685899874e+00
1.3249305382569059e+00 1.2986257619891988e+00
1.3255141572870943e+00 1.2949094575734159e+00
1.3260977763172825e+00 1.2912008409481364e+00
1.3266813953474710e+00 1.2874998977446408e+00
1.3272650143776594e+00 1.2838066136199724e+00
1.3278486334078476e+00 1.2801209742568727e+00
1.3284322524380361e+00 1.2764429653637424e+00
1.3290158714682245e+00 1.2727725726745964e+00
1.3295994904984130e+00 1.2691097819490240e+00
1.3301831095286012e+00 1.2654545789721359e+00
1.3307667285587896e+00 1.2618069495545188e+00
1.3313503475889781e+00 1.2581668795321985e+00
1.3319339666191663e+00 1.2545343547665906e+00
1.3325175856493547e+00 1.2509093611444542e+00
1.3331012046795432e+00 1.2472918845778491e+00
1.3336848237097314e+00 1.2436819110040944e+00
1.3342684427399198e+00 1.2400794263857187e+00
1.3348520617701083e+00 1.2364844167104159e+00
1.3354356808002967e+00 1.2328968679910106e+00
1.3360192998304850e+00 1.2293167662653999e+00
1.3366029188606734e+00 1.2257440975965190e+00
1.3371865378908618e+00 1.2221788480722915e+00
1.3377701569210503e+00 1.2186210038055909e+00
1.3383537759512385e+00 1.2150705509341957e+00
1.3389373949814269e+00 1.2115274756207373e+00
1.3395210140116154e+00 1.2079917640526701e+00
1.3401046330418036e+00 1.2044634024422152e+00
1.3406882520719920e+00 1.2009423770263250e+00
1.3412718711021805e+00 1.1974286740666367e+00
1.3418554901323687e+00 1.1939222798494298e+00
1.3424391091625572e+00 1.1904231806855790e+00
1.3430227281927456e+00 1.1869313629105163e+00
1.3436063472229340e+00 1.1834468128841888e+00
1.3441899662531223e+00 1.1799695169910078e+00
1.3447735852833107e+00 1.1764994616398115e+00
1.3453572043134991e+00 1.1730366332638202e+00
1.3459408233436876e+00 1.1695810183205957e+00
1.3465244423738758e+00 1.1661326032919990e+00
1.3471080614040642e+00 1.1626913746841383e+00
1.3476916804342527e+00 1.1592573190273416e+00
1.3482752994644409e+00 1.1558304228761005e+00
1.3488589184946294e+00 1.1524106728090358e+00
1.3494425375248178e+00 1.1489980554288504e+00
1.3500261565550060e+00 1.1455925573622949e+00
1.3506097755851945e+00 1.1421941652601093e+00
1.3511933946153829e+00 1.1388028657969982e+00
1.3517770136455713e+00 1.1354186456715829e+00
1.3523606326757596e+00 1.1320414916063528e+00
1.3529442517059480e+00 1.1286713903476298e+00
1.3535278707361365e+00 1.1253083286655248e+00
1.3541114897663249e+00 1.1219522933538986e+00
1.3546951087965131e+00 1.1186032712303147e+00
1.3552787278267016e+00 1.1152612491360006e+00
1.3558623468568900e+00 1.1119262139358086e+00
1.3564459658870782e+00 1.1085981525181694e+00
1.3570295849172667e+00 1.1052770517950532e+00
1.3576132039474551e+00 1.1019628987019261e+00
1.3581968229776433e+00 1.0986556801977183e+00
1.3587804420078318e+00 1.0953553832647622e+00
1.3593640610380202e+00 1.0920619949087769e+00
1.3599476800682084e+00 1.0887755021588097e+00
1.3605312990983969e+00 1.0854958920671938e+00
1.3611149181285853e+00 1.0822231517095227e+00
1.3616985371587738e+00 1.0789572681845934e+00
1.3622821561889622e+00 1.0756982286143755e+00
1.3628657752191504e+00 1.0724460201439645e+00
1.3634493942493389e+00 1.0692006299415444e+00
1.3640330132795273e+00 1.0659620451983458e+00
1.3646166323097155e+00 1.0627302531286071e+00
1.3652002513399040e+00 1.0595052409695309e+00
1.3657838703700924e+00 1.0562869959812444e+00
1.3663674894002806e+00 1.0530755054467666e+00
1.3669511084304691e+00 1.0498707566719494e+00
1.3675347274606575e+00 1.0466727369854614e+00
1.3681183464908457e+00 1.0434814337387286e+00
1.3687019655210342e+00 1.0402968343059031e+00
1.3692855845512226e+00 1.0371189260838238e+00
1.3698692035814111e+00 1.0339476964919703e+00
1.3704528226115995e+00 1.0307831329724306e+00
1.3710364416417877e+00 1.0276252229898550e+00
1.3716200606719762e+00 1.0244739540314198e+00
1.3722036797021646e+00 1.0213293136067869e+00
1.3727872987323528e+00 1.0181912892480653e+00
1.3733709177625413e+00 1.0150598685097685e+00
1.3739545367927297e+00 1.0119350389687769e+00
1.3745381558229179e+00 1.0088167882243035e+00
1.3751217748531064e+00 1.0057051038978408e+00
1.3757053938832948e+00 1.0025999736331395e+00
1.3762890129134830e+00 9.9950138509615483e-01
1.3768726319436715e+00 9.9640932597501308e-01
1.3774562509738599e+00 9.9332378397997567e-01
1.3780398700040484e+00 9.9024474684339359e-01
1.3786234890342368e+00 9.8717220231967329e-01
1.3792071080644250e+00 9.8410613818523651e-01
1.3797907270946135e+00 9.8104654223848076e-01
1.3803743461248019e+00 9.7799340229974041e-01
1.3809579651549901e+00 9.7494670621125334e-01
1.3815415841851786e+00 9.7190644183711061e-01
1.3821252032153670e+00 9.6887259706323048e-01
1.3827088222455552e+00 9.6584515979731778e-01
1.3832924412757437e+00 9.6282411796881129e-01
1.3838760603059321e+00 9.5980945952887009e-01
1.3844596793361204e+00 9.5680117245031371e-01
1.3850432983663088e+00 9.5379924472759525e-01
1.3856269173964972e+00 9.5080366437675812e-01
1.3862105364266857e+00 9.4781441943540301e-01
1.3867941554568741e+00 9.4483149796264676e-01
1.3873777744870623e+00 9.4185488803908302e-01
1.3879613935172508e+00 9.3888457776674727e-01
1.3885450125474392e+00 9.3592055526907647e-01
1.3891286315776274e+00 9.3296280869088000e-01
1.3897122506078159e+00 9.3001132619828242e-01
1.3902958696380043e+00 9.2706609597870970e-01
1.3908794886681926e+00 9.2412710624083749e-01
1.3914631076983810e+00 9.2119434521455290e-01
1.3920467267285694e+00 9.1826780115092543e-01
1.3926303457587577e+00 9.1534746232216369e-01
1.3932139647889461e+00 9.1243331702157915e-01
1.3937975838191345e+00 9.0952535356354847e-01
1.3943812028493230e+00 9.0662356028348035e-01
1.3949648218795112e+00 9.0372792553777603e-01
1.3955484409096997e+00 9.0083843770378580e-01
1.3961320599398881e+00 8.9795508517978528e-01
1.3967156789700765e+00 8.9507785638492576e-01
1.3972992980002648e+00 8.9220673975921028e-01
1.3978829170304532e+00 8.8934172376343901e-01
1.3984665360606416e+00 8.8648279687919374e-01
1.3990501550908299e+00 8.8362994760878744e-01
1.3996337741210183e+00 8.8078316447522720e-01
1.4002173931512067e+00 8.7794243602218680e-01
1.4008010121813950e+00 8.7510775081396219e-01
1.4013846312115834e+00 8.7227909743544041e-01
1.4019682502417719e+00 8.6945646449205904e-01
1.4025518692719601e+00 8.6663984060977461e-01
1.4031354883021485e+00 8.6382921443502036e-01
1.4037191073323370e+00 8.6102457463467652e-01
1.4043027263625254e+00 8.5822590989603142e-01
1.4048863453927138e+00 8.5543320892674302e-01
1.4054699644229021e+00 8.5264646045481174e-01
1.4060535834530905e+00 8.4986565322852881e-01
1.4066372024832789e+00 8.4709077601645899e-01
1.4072208215134672e+00 8.4432181760739167e-01
1.4078044405436556e+00 8.4155876681031005e-01
1.4083880595738441e+00 8.3880161245435647e-01
1.4089716786040323e+00 8.3605034338879425e-01
1.4095552976342207e+00 8.3330494848297376e-01
1.4101389166644092e+00 8.3056541662629713e-01
1.4107225356945974e+00 8.2783173672818355e-01
1.4113061547247858e+00 8.2510389771802917e-01
1.4118897737549743e+00 8.2238188854517935e-01
1.4124733927851627e+00 8.1966569817889112e-01
1.4130570118153511e+00 8.1695531560829260e-01
1.4136406308455394e+00 8.1425072984235591e-01
1.4142242498757278e+00 8.1155192990985459e-01
1.4148078689059163e+00 8.0885890485933698e-01
1.4153914879361045e+00 8.0617164375908434e-01
1.4159751069662929e+00 8.0349013569707917e-01
1.4165587259964814e+00 8.0081436978097165e-01
1.4171423450266696e+00 7.9814433513804106e-01
1.4177259640568580e+00 7.9548002091516479e-01
1.4183095830870465e+00 7.9282141627878133e-01
1.4188932021172347e+00 7.9016851041486047e-01
1.4194768211474231e+00 7.8752129252886072e-01
1.4200604401776116e+00 7.8487975184570102e-01
1.4206440592078000e+00 7.8224387760972902e-01
1.4212276782379885e+00 7.7961365908467739e-01
1.4218112972681767e+00 7.7698908555363921e-01
1.4223949162983651e+00 7.7437014631902568e-01
1.4229785353285536e+00 7.7175683070254053e-01
1.4235621543587418e+00 7.6914912804513758e-01
1.4241457733889302e+00 7.6654702770699412e-01
1.4247293924191187e+00 7.6395051906747102e-01
1.4253130114493069e+00 7.6135959152508492e-01
1.4258966304794953e+00 7.5877423449746750e-01
1.4264802495096838e+00 7.5619443742133718e-01
1.4270638685398720e+00 7.5362018975246559e-01
1.4276474875700604e+00 7.5105148096563734e-01
1.4282311066002489e+00 7.4848830055462656e-01
1.4288147256304373e+00 7.4593063803215265e-01
1.4293983446606258e+00 7.4337848292985853e-01
1.4299819636908140e+00 7.4083182479826915e-01
1.4305655827210024e+00 7.3829065320675424e-01
1.4311492017511909e+00 7.3575495774350952e-01
1.4317328207813791e+00 7.3322472801550942e-01
1.4323164398115675e+00 7.3069995364848195e-01
1.4329000588417560e+00 7.2818062428687158e-01
1.4334836778719442e+00 7.2566672959380996e-01
1.4340672969021326e+00 7.2315825925107891e-01
1.4346509159323211e+00 7.2065520295907903e-01
1.4352345349625093e+00 7.1815755043680307e-01
1.4358181539926977e+00 7.1566529142178670e-01
1.4364017730228862e+00 7.1317841567009599e-01
1.4369853920530746e+00 7.1069691295628035e-01
1.4375690110832628e+00 7.0822077307334830e-01
1.4381526301134513e+00 7.0574998583272774e-01
1.4387362491436397e+00 7.0328454106423877e-01
1.4393198681738282e+00 7.0082442861606031e-01
1.4399034872040164e+00 6.9836963835469568e-01
1.4404871062342048e+00 6.9592016016494251e-01
1.4410707252643933e+00 6.9347598394985921e-01
1.4416543442945815e+00 6.9103709963073412e-01
1.4422379633247699e+00 6.8860349714704938e-01
1.4428215823549584e+00 6.8617516645645427e-01
1.4434052013851466e+00 6.8375209753473398e-01
1.4439888204153351e+00 6.8133428037576571e-01
1.4445724394455235e+00 6.7892170499150462e-01
1.4451560584757117e+00 6.7651436141193566e-01
1.4457396775059002e+00 6.7411223968505263e-01
1.4463232965360886e+00 6.7171532987682059e-01
1.4469069155662770e+00 6.6932362207114826e-01
1.4474905345964655e+00 6.6693710636985393e-01
1.4480741536266537e+00 6.6455577289263246e-01
1.4486577726568421e+00 6.6217961177702667e-01
1.4492413916870306e+00 6.5980861317839368e-01
1.4498250107172188e+00 6.5744276726987683e-01
1.4504086297474073e+00 6.5508206424236792e-01
1.4509922487775957e+00 6.5272649430448315e-01
1.4515758678077839e+00 6.5037604768253021e-01
1.4521594868379724e+00 6.4803071462046835e-01
1.4527431058681608e+00 6.4569048537989249e-01
1.4533267248983490e+00 6.4335535023998813e-01
1.4539103439285375e+00 6.4102529949750953e-01
1.4544939629587259e+00 6.3870032346674321e-01
1.4550775819889143e+00 6.3638041247947996e-01
1.4556612010191028e+00 6.3406555688498356e-01
1.4562448200492910e+00 6.3175574704995840e-01
1.4568284390794795e+00 6.2945097335852040e-01
1.4574120581096679e+00 6.2715122621216424e-01
1.4579956771398561e+00 6.2485649602973792e-01
1.4585792961700446e+00 6.2256677324740251e-01
1.4591629152002330e+00 6.2028204831861200e-01
1.4597465342304212e+00 6.1800231171407827e-01
1.4603301532606097e+00 6.1572755392173517e-01
1.4609137722907981e+00 6.1345776544672082e-01
1.4614973913209863e+00 6.1119293681133424e-01
1.4620810103511748e+00 6.0893305855501345e-01
1.4626646293813632e+00 6.0667812123430065e-01
1.4632482484115517e+00 6.0442811542281649e-01
1.4638318674417401e+00 6.0218303171122456e-01
1.4644154864719283e+00 5.9994286070720559e-01
1.4649991055021168e+00 5.9770759303542587e-01
1.4655827245323052e+00 5.9547721933750508e-01
1.4661663435624934e+00 5.9325173027199407e-01
1.4667499625926819e+00 5.9103111651433105e-01
1.4673335816228703e+00 5.8881536875682672e-01
1.4679172006530585e+00 5.8660447770862634e-01
1.4685008196832470e+00 5.8439843409567882e-01
1.4690844387134354e+00 5.8219722866071522e-01
1.4696680577436236e+00 5.8000085216320829e-01
1.4702516767738121e+00 5.7780929537935211e-01
1.4708352958040005e+00 5.7562254910202559e-01
1.4714189148341890e+00 5.7344060414076881e-01
1.4720025338643774e+00 5.7126345132174916e-01
1.4725861528945656e+00 5.6909108148773602e-01
1.4731697719247541e+00 5.6692348549806659e-01
1.4737533909549425e+00 5.6476065422862054e-01
1.4743370099851307e+00 5.6260257857179174e-01
1.4749206290153192e+00 5.6044924943645069e-01
1.4755042480455076e+00 5.5830065774792925e-01
1.4760878670756958e+00 5.5615679444797816e-01
1.4766714861058843e+00 5.5401765049474649e-01
1.4772551051360727e+00 5.5188321686274988e-01
1.4778387241662609e+00 5.4975348454284101e-01
1.4784223431964494e+00 5.4762844454218196e-01
1.4790059622266378e+00 5.4550808788421323e-01
1.4795895812568263e+00 5.4339240560863111e-01
1.4801732002870145e+00 5.4128138877134957e-01
1.4807568193172029e+00 5.3917502844447962e-01
1.4813404383473914e+00 5.3707331571629624e-01
1.4819240573775798e+00 5.3497624169121161e-01
1.4825076764077680e+00 5.3288379748974912e-01
1.4830912954379565e+00 5.3079597424850500e-01
1.4836749144681449e+00 5.2871276312013538e-01
1.4842585334983331e+00 5.2663415527331381e-01
1.4848421525285216e+00 5.2456014189271061e-01
1.4854257715587100e+00 5.2249071417896231e-01
1.4860093905888982e+00 5.2042586334864460e-01
1.4865930096190867e+00 5.1836558063424232e-01
1.4871766286492751e+00 5.1630985728412271e-01
1.4877602476794634e+00 5.1425868456250823e-01
1.4883438667096518e+00 5.1221205374944523e-01
1.4889274857398402e+00 5.1016995614077987e-01
1.4895111047700287e+00 5.0813238304812702e-01
1.4900947238002171e+00 5.0609932579884487e-01
1.4906783428304053e+00 5.0407077573600878e-01
1.4912619618605938e+00 5.0204672421837360e-01
1.4918455808907822e+00 5.0002716262036040e-01
1.4924291999209705e+00 4.9801208233201810e-01
1.4930128189511589e+00 4.9600147475899958e-01
1.4935964379813473e+00 4.9399533132253387e-01
1.4941800570115356e+00 4.9199364345939983e-01
1.4947636760417240e+00 4.8999640262189659e-01
1.4953472950719124e+00 4.8800360027781553e-01
1.4959309141021007e+00 4.8601522791041774e-01
1.4965145331322891e+00 4.8403127701839938e-01
1.4970981521624775e+00 4.8205173911587151e-01
1.4976817711926660e+00 4.8007660573232730e-01
1.4982653902228544e+00 4.7810586841261921e-01
1.4988490092530427e+00 4.7613951871693022e-01
1.4994326282832311e+00 4.7417754822074104e-01
1.5000162473134195e+00 4.7221994851481597e-01
1.5005998663436078e+00 4.7026671120516372e-01
1.5011834853737962e+00 4.6831782791301491e-01
1.5017671044039846e+00 4.6637329027479596e-01
1.5023507234341729e+00 4.6443308994210447e-01
1.5029343424643613e+00 4.6249721858167353e-01
1.5035179614945497e+00 4.6056566787535552e-01
1.5041015805247380e+00 4.5863842952009204e-01
1.5046851995549264e+00 4.5671549522787919e-01
1.5052688185851149e+00 4.5479685672575515e-01
1.5058524376153033e+00 4.5288250575576161e-01
1.5064360566454917e+00 4.5097243407492388e-01
1.5070196756756800e+00 4.4906663345522124e-01
1.5076032947058684e+00 4.4716509568356105e-01
1.5081869137360568e+00 4.4526781256175596e-01
1.5087705327662451e+00 4.4337477590649071e-01
1.5093541517964335e+00 4.4148597754930219e-01
1.5099377708266219e+00 4.3960140933654895e-01
1.5105213898568102e+00 4.3772106312938869e-01
1.5111050088869986e+00 4.3584493080374609e-01
1.5116886279171871e+00 4.3397300425029511e-01
1.5122722469473753e+00 4.3210527537442794e-01
1.5128558659775637e+00 4.3024173609622524e-01
1.5134394850077522e+00 4.2838237835043935e-01
1.5140231040379406e+00 4.2652719408646039e-01
1.5146067230681290e+00 4.2467617526829510e-01
1.5151903420983173e+00 4.2282931387453876e-01
1.5157739611285057e+00 4.2098660189834797e-01
1.5163575801586942e+00 4.1914803134742079e-01
1.5169411991888824e+00 4.1731359424396408e-01
1.5175248182190708e+00 4.1548328262467099e-01
1.5181084372492593e+00 4.1365708854069549e-01
1.5186920562794475e+00 4.1183500405762880e-01
1.5192756753096359e+00 4.1001702125546702e-01
1.5198592943398244e+00 4.0820313222859300e-01
1.5204429133700126e+00 4.0639332908575021e-01
1.5210265324002010e+00 4.0458760395000914e-01
1.5216101514303895e+00 4.0278594895875391e-01
1.5221937704605779e+00 4.0098835626364682e-01
1.5227773894907661e+00 3.9919481803061152e-01
1.5233610085209546e+00 3.9740532643979820e-01
1.5239446275511430e+00 3.9561987368556867e-01
1.5245282465813315e+00 3.9383845197646322e-01
1.5251118656115197e+00 3.9206105353518067e-01
1.5256954846417081e+00 3.9028767059855057e-01
1.5262791036718966e+00 3.8851829541750743e-01
1.5268627227020848e+00 3.8675292025707075e-01
1.5274463417322732e+00 3.8499153739631226e-01
1.5280299607624617e+00 3.8323413912833881e-01
1.5286135797926499e+00 3.8148071776026299e-01
1.5291971988228383e+00 3.7973126561317833e-01
1.5297808178530268e+00 3.7798577502213820e-01
1.5303644368832152e+00 3.7624423833612641e-01
1.5309480559134034e+00 3.7450664791803712e-01
1.5315316749435919e+00 3.7277299614464360e-01
1.5321152939737803e+00 3.7104327540658349e-01
1.5326989130039688e+00 3.6931747810832410e-01
1.5332825320341570e+00 3.6759559666814573e-01
1.5338661510643454e+00 3.6587762351811198e-01
1.5344497700945339e+00 3.6416355110404819e-01
1.5350333891247221e+00 3.6245337188551752e-01
1.5356170081549105e+00 3.6074707833579256e-01
1.5362006271850990e+00 3.5904466294183668e-01
1.5367842462152872e+00 3.5734611820427598e-01
1.5373678652454756e+00 3.5565143663737558e-01
1.5379514842756641e+00 3.5396061076901780e-01
1.5385351033058523e+00 3.5227363314067472e-01
1.5391187223360407e+00 3.5059049630738603e-01
1.5397023413662292e+00 3.4891119283773531e-01
1.5402859603964176e+00 3.4723571531382524e-01
1.5408695794266061e+00 3.4556405633125375e-01
1.5414531984567943e+00 3.4389620849909153e-01
1.5420368174869827e+00 3.4223216443985338e-01
1.5426204365171712e+00 3.4057191678948201e-01
1.5432040555473594e+00 3.3891545819731933e-01
1.5437876745775478e+00 3.3726278132608078e-01
1.5443712936077363e+00 3.3561387885183791e-01
1.5449549126379245e+00 3.3396874346399008e-01
1.5455385316681129e+00 3.3232736786524147e-01
1.5461221506983014e+00 3.3068974477157859e-01
1.5467057697284896e+00 3.2905586691224697e-01
1.5472893887586781e+00 3.2742572702972600e-01
1.5478730077888665e+00 3.2579931787970651e-01
1.5484566268190549e+00 3.2417663223106874e-01
1.5490402458492434e+00 3.2255766286585597e-01
1.5496238648794316e+00 3.2094240257925555e-01
1.5502074839096200e+00 3.1933084417956820e-01
1.5507911029398085e+00 3.1772298048819370e-01
1.5513747219699967e+00 3.1611880433960382e-01
1.5519583410001851e+00 3.1451830858131424e-01
1.5525419600303736e+00 3.1292148607387127e-01
1.5531255790605618e+00 3.1132832969082058e-01
1.5537091980907503e+00 3.0973883231868810e-01
1.5542928171209387e+00 3.0815298685695591e-01
1.5548764361511269e+00 3.0657078621804046e-01
1.5554600551813154e+00 3.0499222332726705e-01
1.5560436742115038e+00 3.0341729112284899e-01
1.5566272932416922e+00 3.0184598255586598e-01
1.5572109122718807e+00 3.0027829059023758e-01
1.5577945313020689e+00 2.9871420820270500e-01
1.5583781503322574e+00 2.9715372838280235e-01
1.5589617693624458e+00 2.9559684413284154e-01
1.5595453883926340e+00 2.9404354846788444e-01
1.5601290074228225e+00 2.9249383441571930e-01
1.5607126264530109e+00 2.9094769501684387e-01
1.5612962454831991e+00 2.8940512332443752e-01
1.5618798645133876e+00 2.8786611240434146e-01
1.5624634835435760e+00 2.8633065533503443e-01
1.5630471025737642e+00 2.8479874520761450e-01
1.5636307216039527e+00 2.8327037512576919e-01
1.5642143406341411e+00 2.8174553820576104e-01
1.5647979596643296e+00 2.8022422757640164e-01
1.5653815786945178e+00 2.7870643637902859e-01
1.5659651977247062e+00 2.7719215776748468e-01
1.5665488167548947e+00 2.7568138490809480e-01
1.5671324357850831e+00 2.7417411097964711e-01
1.5677160548152713e+00 2.7267032917336581e-01
1.5682996738454598e+00 2.7117003269289147e-01
1.5688832928756482e+00 2.6967321475426087e-01
1.5694669119058364e+00 2.6817986858588300e-01
1.5700505309360249e+00 2.6668998742851574e-01
1.5706341499662133e+00 2.6520356453524752e-01
1.5712177689964015e+00 2.6372059317147373e-01
1.5718013880265900e+00 2.6224106661487284e-01
1.5723850070567784e+00 2.6076497815538857e-01
1.5729686260869669e+00 2.5929232109520611e-01
1.5735522451171551e+00 2.5782308874872900e-01
1.5741358641473435e+00 2.5635727444256090e-01
1.5747194831775320e+00 2.5489487151547924e-01
1.5753031022077204e+00 2.5343587331842055e-01
1.5758867212379086e+00 2.5198027321445116e-01
1.5764703402680971e+00 2.5052806457875054e-01
1.5770539592982855e+00 2.4907924079858945e-01
1.5776375783284737e+00 2.4763379527330664e-01
1.5782211973586622e+00 2.4619172141428866e-01
1.5788048163888506e+00 2.4475301264494770e-01
1.5793884354190388e+00 2.4331766240070374e-01
1.5799720544492273e+00 2.4188566412895604e-01
1.5805556734794157e+00 2.4045701128906957e-01
1.5811392925096039e+00 2.3903169735234969e-01
1.5817229115397924e+00 2.3760971580202092e-01
1.5823065305699808e+00 2.3619106013320779e-01
1.5828901496001693e+00 2.3477572385291184e-01
1.5834737686303577e+00 2.3336370047999183e-01
1.5840573876605459e+00 2.3195498354514207e-01
1.5846410066907344e+00 2.3054956659087125e-01
1.5852246257209228e+00 2.2914744317148195e-01
1.5858082447511110e+00 2.2774860685305040e-01
1.5863918637812995e+00 2.2635305121340360e-01
1.5869754828114879e+00 2.2496076984209984e-01
1.5875591018416761e+00 2.2357175634040943e-01
1.5881427208718646e+00 2.2218600432128860e-01
1.5887263399020530e+00 2.2080350740936691e-01
1.5893099589322413e+00 2.1942425924091838e-01
1.5898935779624297e+00 2.1804825346384585e-01
1.5904771969926181e+00 2.1667548373766005e-01
1.5910608160228066e+00 2.1530594373345574e-01
1.5916444350529950e+00 2.1393962713389547e-01
1.5922280540831832e+00 2.1257652763318538e-01
1.5928116731133717e+00 2.1121663893705753e-01
1.5933952921435601e+00 2.0985995476274630e-01
1.5939789111737483e+00 2.0850646883897278e-01
1.5945625302039368e+00 2.0715617490591928e-01
1.5951461492341252e+00 2.0580906671521168e-01
1.5957297682643135e+00 2.0446513802990013e-01
1.5963133872945019e+00 2.0312438262443369e-01
1.5968970063246903e+00 2.0178679428464816e-01
1.5974806253548786e+00 2.0045236680773904e-01
1.5980642443850670e+00 1.9912109400224415e-01
1.5986478634152554e+00 1.9779296968802249e-01
1.5992314824454439e+00 1.9646798769623633e-01
1.5998151014756323e+00 1.9514614186932885e-01
1.6003987205058205e+00 1.9382742606100473e-01
1.6009823395360090e+00 1.9251183413621056e-01
1.6015659585661974e+00 1.9119935997111367e-01
1.6021495775963857e+00 1.8988999745308646e-01
1.6027331966265741e+00 1.8858374048067783e-01
1.6033168156567625e+00 1.8728058296360378e-01
1.6039004346869508e+00 1.8598051882272115e-01
1.6044840537171392e+00 1.8468354199000733e-01
1.6050676727473276e+00 1.8338964640854541e-01
1.6056512917775159e+00 1.8209882603249947e-01
1.6062349108077043e+00 1.8081107482709749e-01
1.6068185298378928e+00 1.7952638676861093e-01
1.6074021488680810e+00 1.7824475584433686e-01
1.6079857678982696e+00 1.7696617605257536e-01
1.6085693869284579e+00 1.7569064140261242e-01
1.6091530059586463e+00 1.7441814591469892e-01
1.6097366249888347e+00 1.7314868362003177e-01
1.6103202440190230e+00 1.7188224856073619e-01
1.6109038630492114e+00 1.7061883478984144e-01
1.6114874820793998e+00 1.6935843637126757e-01
1.6120711011095881e+00 1.6810104737980330e-01
1.6126547201397765e+00 1.6684666190108333e-01
1.6132383391699650e+00 1.6559527403157581e-01
1.6138219582001532e+00 1.6434687787855776e-01
1.6144055772303416e+00 1.6310146756009888e-01
1.6149891962605301e+00 1.6185903720503952e-01
1.6155728152907183e+00 1.6061958095297654e-01
1.6161564343209069e+00 1.5938309295423619e-01
1.6167400533510952e+00 1.5814956736986496e-01
1.6173236723812836e+00 1.5691899837160228e-01
1.6179072914114720e+00 1.5569138014186493e-01
1.6184909104416603e+00 1.5446670687372940e-01
1.6190745294718487e+00 1.5324497277090893e-01
1.6196581485020372e+00 1.5202617204773894e-01
1.6202417675322254e+00 1.5081029892915687e-01
1.6208253865624138e+00 1.4959734765067983e-01
1.6214090055926023e+00 1.4838731245839223e-01
1.6219926246227905e+00 1.4718018760892129e-01
1.6225762436529789e+00 1.4597596736942089e-01
1.6231598626831674e+00 1.4477464601755255e-01
1.6237434817133556e+00 1.4357621784146851e-01
1.6243271007435442e+00 1.4238067713978719e-01
1.6249107197737325e+00 1.4118801822158425e-01
1.6254943388039209e+00 1.3999823540636419e-01
1.6260779578341094e+00 1.3881132302404742e-01
1.6266615768642976e+00 1.3762727541495168e-01
1.6272451958944860e+00 1.3644608692976992e-01
1.6278288149246745e+00 1.3526775192955648e-01
1.6284124339548627e+00 1.3409226478570585e-01
1.6289960529850511e+00 1.3291961987993386e-01
1.6295796720152396e+00 1.3174981160426300e-01
1.6301632910454278e+00 1.3058283436099888e-01
1.6307469100756162e+00 1.2941868256271563e-01
1.6313305291058047e+00 1.2825735063223695e-01
1.6319141481359929e+00 1.2709883300261746e-01
1.6324977671661816e+00 1.2594312411712363e-01
1.6330813861963698e+00 1.2479021842921853e-01
1.6336650052265580e+00 1.2364011040254125e-01
1.6342486242567467e+00 1.2249279451088671e-01
1.6348322432869349e+00 1.2134826523819567e-01
1.6354158623171233e+00 1.2020651707852588e-01
1.6359994813473118e+00 1.1906754453604269e-01
1.6365831003775000e+00 1.1793134212499704e-01
1.6371667194076884e+00 1.1679790436970809e-01
1.6377503384378769e+00 1.1566722580454698e-01
1.6383339574680651e+00 1.1453930097391625e-01
1.6389175764982535e+00 1.1341412443223386e-01
1.6395011955284420e+00 1.1229169074391486e-01
1.6400848145586302e+00 1.1117199448335444e-01
1.6406684335888189e+00 1.1005503023490722e-01
1.6412520526190071e+00 1.0894079259287544e-01
1.6418356716491953e+00 1.0782927616148433e-01
1.6424192906793840e+00 1.0672047555486812e-01
1.6430029097095722e+00 1.0561438539705482e-01
1.6435865287397606e+00 1.0451100032194247e-01
1.6441701477699491e+00 1.0341031497328664e-01
1.6447537668001373e+00 1.0231232400468115e-01
1.6453373858303257e+00 1.0121702207954014e-01
1.6459210048605142e+00 1.0012440387108115e-01
1.6465046238907024e+00 9.9034464062308647e-02
1.6470882429208908e+00 9.7947197345994705e-02
1.6476718619510793e+00 9.6862598424662466e-02
1.6482554809812675e+00 9.5780662010570131e-02
1.6488391000114559e+00 9.4701382825690031e-02
1.6494227190416444e+00 9.3624755601696849e-02
1.6500063380718326e+00 9.2550775079944400e-02
1.6505899571020213e+00 9.1479436011452572e-02
1.6511735761322095e+00 9.0410733156890397e-02
1.6517571951623979e+00 8.9344661286553564e-02
1.6523408141925864e+00 8.8281215180354741e-02
1.6529244332227746e+00 8.7220389627800377e-02
1.6535080522529630e+00 8.6162179427977076e-02
1.6540916712831515e+00 8.5106579389533532e-02
1.6546752903133397e+00 8.4053584330663206e-02
1.6552589093435282e+00 8.3003189079088116e-02
1.6558425283737166e+00 8.1955388472040161e-02
1.6564261474039048e+00 8.0910177356247698e-02
1.6570097664340933e+00 7.9867550587913935e-02
1.6575933854642817e+00 7.8827503032704679e-02
1.6581770044944699e+00 7.7790029565727836e-02
1.6587606235246586e+00 7.6755125071518049e-02
1.6593442425548468e+00 7.5722784444022750e-02
1.6599278615850352e+00 7.4693002586578794e-02
1.6605114806152237e+00 7.3665774411902529e-02
1.6610950996454119e+00 7.2641094842068737e-02
1.6616787186756004e+00 7.1618958808496072e-02
1.6622623377057888e+00 7.0599361251929643e-02
1.6628459567359770e+00 6.9582297122425071e-02
1.6634295757661655e+00 6.8567761379330072e-02
1.6640131947963539e+00 6.7555748991270953e-02
1.6645968138265421e+00 6.6546254936133975e-02
1.6651804328567306e+00 6.5539274201048381e-02
1.6657640518869190e+00 6.4534801782372322e-02
1.6663476709171072e+00 6.3532832685674126e-02
1.6669312899472959e+00 6.2533361925716707e-02
1.6675149089774841e+00 6.1536384526442119e-02
1.6680985280076726e+00 6.0541895520953320e-02
1.6686821470378610e+00 5.9549889951500262e-02
1.6692657660680492e+00 5.8560362869461036e-02
1.6698493850982377e+00 5.7573309335327248e-02
1.6704330041284261e+00 5.6588724418687161e-02
1.6710166231586143e+00 5.5606603198211278e-02
1.6716002421888028e+00 5.4626940761632235e-02
1.6721838612189912e+00 5.3649732205732305e-02
1.6727674802491794e+00 5.2674972636327672e-02
1.6733510992793679e+00 5.1702657168246798e-02
1.6739347183095563e+00 5.0732780925322497e-02
1.6745183373397445e+00 4.9765339040369047e-02
1.6751019563699332e+00 4.8800326655169458e-02
1.6756855754001214e+00 4.7837738920459699e-02
1.6762691944303096e+00 4.6877570995911486e-02
1.6768528134604983e+00 4.5919818050115635e-02
1.6774364324906865e+00 4.4964475260569993e-02
1.6780200515208750e+00 4.4011537813658935e-02
1.6786036705510634e+00 4.3061000904639768e-02
1.6791872895812516e+00 4.2112859737628301e-02
1.6797709086114401e+00 4.1167109525578949e-02
1.6803545276416285e+00 4.0223745490273778e-02
1.6809381466718167e+00 3.9282762862304164e-02
1.6815217657020052e+00 3.8344156881054123e-02
1.6821053847321936e+00 3.7407922794687638e-02
1.6826890037623818e+00 3.6474055860130319e-02
1.6832726227925705e+00 3.5542551343055770e-02
1.6838562418227587e+00 3.4613404517868582e-02
1.6844398608529469e+00 3.3686610667689659e-02
1.6850234798831356e+00 3.2762165084338941e-02
1.6856070989133238e+00 3.1840063068323966e-02
1.6861907179435123e+00 3.0920299928819409e-02
1.6867743369737007e+00 3.0002870983654738e-02
1.6873579560038889e+00 2.9087771559298928e-02
1.6879415750340774e+00 2.8174996990842333e-02
1.6885251940642658e+00 2.7264542621984803e-02
1.6891088130944540e+00 2.6356403805017799e-02
1.6896924321246425e+00 2.5450575900810141e-02
1.6902760511548309e+00 2.4547054278793327e-02
1.6908596701850191e+00 2.3645834316944305e-02
1.6914432892152078e+00 2.2746911401771635e-02
1.6920269082453960e+00 2.1850280928301470e-02
1.6926105272755843e+00 2.0955938300059873e-02
1.6931941463057729e+00 2.0063878929057501e-02
1.6937777653359611e+00 1.9174098235779244e-02
1.6943613843661496e+00 1.8286591649162857e-02
1.6949450033963380e+00 1.7401354606587104e-02
1.6955286224265262e+00 1.6518382553857739e-02
1.6961122414567147e+00 1.5637670945188937e-02
1.6966958604869031e+00 1.4759215243192519e-02
1.6972794795170913e+00 1.3883010918859389e-02
1.6978630985472798e+00 1.3009053451546815e-02
1.6984467175774682e+00 1.2137338328962665e-02
1.6990303366076565e+00 1.1267861047150531e-02
1.6996139556378449e+00 1.0400617110475272e-02
1.7001975746680333e+00 9.5356020316072609e-03
1.7007811936982216e+00 8.6728113315098741e-03
1.7013648127284102e+00 7.8122405394202886e-03
1.7019484317585984e+00 6.9538851928404206e-03
1.7025320507887869e+00 6.0977408375170765e-03
1.7031156698189753e+00 5.2438030274303011e-03
1.7036992888491636e+00 4.3920673247789255e-03
1.7042829078793520e+00 3.5425292999620092e-03
1.7048665269095404e+00 2.6951845315699961e-03
1.7054501459397287e+00 1.8500286063652975e-03
1.7060337649699171e+00 1.0070571192704243e-03
1.7066173840001055e+00 1.6626567335180668e-04
1.7072010030302938e+00 -6.7235012019282753e-04
1.7077846220604822e+00 -1.5087946420510652e-03
1.7083682410906706e+00 -2.3430722648096168e-03
1.7089518601208589e+00 -3.1751873529665053e-03
1.7095354791510475e+00 -4.0051442629503763e-03
1.7101190981812358e+00 -4.8329473431288046e-03
1.7107027172114242e+00 -5.6586009338286817e-03
1.7112863362416126e+00 -6.4821093673457109e-03
1.7118699552718009e+00 -7.3034769679612326e-03
1.7124535743019893e+00 -8.1227080519570057e-03
1.7130371933321777e+00 -8.9398069276269646e-03
1.7136208123623660e+00 -9.7547778952941575e-03
1.7142044313925544e+00 -1.0567625247323150e-02
1.7147880504227428e+00 -1.1378353268135561e-02
1.7153716694529311e+00 -1.2186966234222031e-02
1.7159552884831195e+00 -1.2993468414160247e-02
1.7165389075133080e+00 -1.3797864068624755e-02
1.7171225265434962e+00 -1.4600157450403242e-02
1.7177061455736848e+00 -1.5400352804412081e-02
1.7182897646038731e+00 -1.6198454367705711e-02
1.7188733836340613e+00 -1.6994466369496589e-02
1.7194570026642499e+00 -1.7788393031165129e-02
1.7200406216944382e+00 -1.8580238566273277e-02
1.7206242407246266e+00 -1.9370007180582533e-02
1.7212078597548151e+00 -2.0157703072063462e-02
1.7217914787850033e+00 -2.0943330430912153e-02
1.7223750978151917e+00 -2.1726893439563327e-02
1.7229587168453802e+00 -2.2508396272704640e-02
1.7235423358755684e+00 -2.3287843097288478e-02
1.7241259549057568e+00 -2.4065238072550042e-02
1.7247095739359453e+00 -2.4840585350016119e-02
1.7252931929661335e+00 -2.5613889073522106e-02
1.7258768119963221e+00 -2.6385153379225722e-02
1.7264604310265104e+00 -2.7154382395617672e-02
1.7270440500566986e+00 -2.7921580243539693e-02
1.7276276690868873e+00 -2.8686751036195189e-02
1.7282112881170755e+00 -2.9449898879163085e-02
1.7287949071472639e+00 -3.0211027870413208e-02
1.7293785261774524e+00 -3.0970142100317233e-02
1.7299621452076406e+00 -3.1727245651665251e-02
1.7305457642378290e+00 -3.2482342599676889e-02
1.7311293832680175e+00 -3.3235437012016235e-02
1.7317130022982057e+00 -3.3986532948803758e-02
1.7322966213283941e+00 -3.4735634462632628e-02
1.7328802403585826e+00 -3.5482745598578849e-02
1.7334638593887708e+00 -3.6227870394216155e-02
1.7340474784189595e+00 -3.6971012879631414e-02
1.7346310974491477e+00 -3.7712177077432962e-02
1.7352147164793359e+00 -3.8451367002769785e-02
1.7357983355095246e+00 -3.9188586663341012e-02
1.7363819545397128e+00 -3.9923840059409854e-02
1.7369655735699012e+00 -4.0657131183818224e-02
1.7375491926000897e+00 -4.1388464021998243e-02
1.7381328116302779e+00 -4.2117842551987084e-02
1.7387164306604663e+00 -4.2845270744438821e-02
1.7393000496906548e+00 -4.3570752562639134e-02
1.7398836687208430e+00 -4.4294291962516309e-02
1.7404672877510314e+00 -4.5015892892657082e-02
1.7410509067812199e+00 -4.5735559294316774e-02
1.7416345258114081e+00 -4.6453295101435074e-02
1.7422181448415965e+00 -4.7169104240647970e-02
1.7428017638717850e+00 -4.7882990631299867e-02
1.7433853829019732e+00 -4.8594958185458330e-02
1.7439690019321619e+00 -4.9305010807926326e-02
1.7445526209623501e+00 -5.0013152396254666e-02
1.7451362399925385e+00 -5.0719386840755901e-02
1.7457198590227270e+00 -5.1423718024516951e-02
1.7463034780529152e+00 -5.2126149823411183e-02
1.7468870970831036e+00 -5.2826686106112762e-02
1.7474707161132921e+00 -5.3525330734108832e-02
1.7480543351434803e+00 -5.4222087561711312e-02
1.7486379541736687e+00 -5.4916960436072228e-02
1.7492215732038572e+00 -5.5609953197193578e-02
1.7498051922340454e+00 -5.6301069677942468e-02
1.7503888112642338e+00 -5.6990313704062601e-02
1.7509724302944223e+00 -5.7677689094187183e-02
1.7515560493246105e+00 -5.8363199659851928e-02
1.7521396683547992e+00 -5.9046849205507818e-02
1.7527232873849874e+00 -5.9728641528533334e-02
1.7533069064151758e+00 -6.0408580419247210e-02
1.7538905254453643e+00 -6.1086669660921765e-02
1.7544741444755525e+00 -6.1762913029793906e-02
1.7550577635057409e+00 -6.2437314295079531e-02
1.7556413825359294e+00 -6.3109877218985325e-02
1.7562250015661176e+00 -6.3780605556720008e-02
1.7568086205963060e+00 -6.4449503056509913e-02
1.7573922396264945e+00 -6.5116573459608168e-02
1.7579758586566827e+00 -6.5781820500309229e-02
1.7585594776868712e+00 -6.6445247905960736e-02
1.7591430967170596e+00 -6.7106859396975888e-02
1.7597267157472478e+00 -6.7766658686845324e-02
1.7603103347774365e+00 -6.8424649482151059e-02
1.7608939538076247e+00 -6.9080835482576805e-02
1.7614775728378129e+00 -6.9735220380921795e-02
1.7620611918680016e+00 -7.0387807863113522e-02
1.7626448108981898e+00 -7.1038601608217136e-02
1.7632284299283782e+00 -7.1687605288451875e-02
1.7638120489585667e+00 -7.2334822569199791e-02
1.7643956679887549e+00 -7.2980257109019286e-02
1.7649792870189434e+00 -7.3623912559658611e-02
1.7655629060491318e+00 -7.4265792566065691e-02
1.7661465250793200e+00 -7.4905900766401814e-02
1.7667301441095085e+00 -7.5544240792053574e-02
1.7673137631396969e+00 -7.6180816267644808e-02
1.7678973821698851e+00 -7.6815630811047780e-02
1.7684810012000738e+00 -7.7448688033397717e-02
1.7690646202302620e+00 -7.8079991539101903e-02
1.7696482392604502e+00 -7.8709544925853803e-02
1.7702318582906389e+00 -7.9337351784645044e-02
1.7708154773208271e+00 -7.9963415699775095e-02
1.7713990963510156e+00 -8.0587740248866654e-02
1.7719827153812040e+00 -8.1210329002874906e-02
1.7725663344113922e+00 -8.1831185526100220e-02
1.7731499534415807e+00 -8.2450313376201304e-02
1.7737335724717691e+00 -8.3067716104204936e-02
1.7743171915019573e+00 -8.3683397254519662e-02
1.7749008105321458e+00 -8.4297360364946519e-02
1.7754844295623342e+00 -8.4909608966691710e-02
1.7760680485925224e+00 -8.5520146584377010e-02
1.7766516676227111e+00 -8.6128976736054269e-02
1.7772352866528993e+00 -8.6736102933213224e-02
1.7778189056830875e+00 -8.7341528680796685e-02
1.7784025247132762e+00 -8.7945257477211644e-02
1.7789861437434644e+00 -8.8547292814338457e-02
1.7795697627736529e+00 -8.9147638177546229e-02
1.7801533818038413e+00 -8.9746297045701806e-02
1.7807370008340295e+00 -9.0343272891181686e-02
1.7813206198642180e+00 -9.0938569179885839e-02
1.7819042388944064e+00 -9.1532189371246062e-02
1.7824878579245946e+00 -9.2124136918240063e-02
1.7830714769547831e+00 -9.2714415267401942e-02
1.7836550959849715e+00 -9.3303027858834042e-02
1.7842387150151597e+00 -9.3889978126217716e-02
1.7848223340453482e+00 -9.4475269496826567e-02
1.7854059530755366e+00 -9.5058905391536108e-02
1.7859895721057248e+00 -9.5640889224835351e-02
1.7865731911359135e+00 -9.6221224404840766e-02
1.7871568101661017e+00 -9.6799914333303066e-02
1.7877404291962902e+00 -9.7376962405623907e-02
1.7883240482264786e+00 -9.7952372010862737e-02
1.7889076672566668e+00 -9.8526146531751277e-02
1.7894912862868553e+00 -9.9098289344702967e-02
1.7900749053170437e+00 -9.9668803819825277e-02
1.7906585243472319e+00 -1.0023769332093055e-01
1.7912421433774204e+00 -1.0080496120554755e-01
1.7918257624076088e+00 -1.0137061082493273e-01
1.7924093814377970e+00 -1.0193464552408057e-01
1.7929930004679855e+00 -1.0249706864173692e-01
1.7935766194981739e+00 -1.0305788351040784e-01
1.7941602385283622e+00 -1.0361709345637146e-01
1.7947438575585508e+00 -1.0417470179969121e-01
1.7953274765887390e+00 -1.0473071185422249e-01
1.7959110956189275e+00 -1.0528512692762951e-01
1.7964947146491159e+00 -1.0583795032139096e-01
1.7970783336793041e+00 -1.0638918533081478e-01
1.7976619527094926e+00 -1.0693883524504787e-01
1.7982455717396810e+00 -1.0748690334708721e-01
1.7988291907698692e+00 -1.0803339291379026e-01
1.7994128098000577e+00 -1.0857830721588724e-01
1.7999964288302461e+00 -1.0912164951799175e-01
1.8005800478604344e+00 -1.0966342307861024e-01
1.8011636668906228e+00 -1.1020363115015590e-01
1.8017472859208112e+00 -1.1074227697895633e-01
1.8023309049509995e+00 -1.1127936380526680e-01
1.8029145239811881e+00 -1.1181489486328072e-01
1.8034981430113763e+00 -1.1234887338113828e-01
1.8040817620415646e+00 -1.1288130258094145e-01
1.8046653810717532e+00 -1.1341218567876127e-01
1.8052490001019414e+00 -1.1394152588464962e-01
1.8058326191321299e+00 -1.1446932640265101e-01
1.8064162381623183e+00 -1.1499559043081242e-01
1.8069998571925066e+00 -1.1552032116119400e-01
1.8075834762226950e+00 -1.1604352177988014e-01
1.8081670952528834e+00 -1.1656519546699047e-01
1.8087507142830717e+00 -1.1708534539668938e-01
1.8093343333132601e+00 -1.1760397473719879e-01
1.8099179523434485e+00 -1.1812108665080626e-01
1.8105015713736368e+00 -1.1863668429387764e-01
1.8110851904038254e+00 -1.1915077081686699e-01
1.8116688094340136e+00 -1.1966334936432636e-01
1.8122524284642019e+00 -1.2017442307491817e-01
1.8128360474943905e+00 -1.2068399508142456e-01
1.8134196665245788e+00 -1.2119206851075749e-01
1.8140032855547672e+00 -1.2169864648397052e-01
1.8145869045849556e+00 -1.2220373211626905e-01
1.8151705236151439e+00 -1.2270732851701947e-01
1.8157541426453323e+00 -1.2320943878976166e-01
1.8163377616755207e+00 -1.2371006603221829e-01
1.8169213807057090e+00 -1.2420921333630446e-01
1.8175049997358974e+00 -1.2470688378814064e-01
1.8180886187660859e+00 -1.2520308046806020e-01
1.8186722377962741e+00 -1.2569780645062170e-01
1.8192558568264627e+00 -1.2619106480461903e-01
1.8198394758566510e+00 -1.2668285859308992e-01
1.8204230948868392e+00 -1.2717319087332948e-01
1.8210067139170278e+00 -1.2766206469689820e-01
1.8215903329472161e+00 -1.2814948310963198e-01
1.8221739519774045e+00 -1.2863544915165417e-01
1.8227575710075929e+00 -1.2911996585738489e-01
1.8233411900377812e+00 -1.2960303625555014e-01
1.8239248090679696e+00 -1.3008466336919489e-01
1.8245084280981581e+00 -1.3056485021569028e-01
1.8250920471283463e+00 -1.3104359980674490e-01
1.8256756661585347e+00 -1.3152091514841632e-01
1.8262592851887232e+00 -1.3199679924111876e-01
1.8268429042189114e+00 -1.3247125507963542e-01
1.8274265232490998e+00 -1.3294428565312696e-01
1.8280101422792883e+00 -1.3341589394514289e-01
1.8285937613094765e+00 -1.3388608293363058e-01
1.8291773803396651e+00 -1.3435485559094609e-01
1.8297609993698534e+00 -1.3482221488386367e-01
1.8303446184000418e+00 -1.3528816377358627e-01
1.8309282374302303e+00 -1.3575270521575533e-01
1.8315118564604185e+00 -1.3621584216046018e-01
1.8320954754906069e+00 -1.3667757755224960e-01
1.8326790945207954e+00 -1.3713791433013983e-01
1.8332627135509836e+00 -1.3759685542762551e-01
1.8338463325811720e+00 -1.3805440377269015e-01
1.8344299516113605e+00 -1.3851056228781478e-01
1.8350135706415487e+00 -1.3896533388998852e-01
1.8355971896717371e+00 -1.3941872149071882e-01
1.8361808087019256e+00 -1.3987072799604042e-01
1.8367644277321138e+00 -1.4032135630652520e-01
1.8373480467623025e+00 -1.4077060931729388e-01
1.8379316657924907e+00 -1.4121848991802266e-01
1.8385152848226791e+00 -1.4166500099295554e-01
1.8390989038528676e+00 -1.4211014542091344e-01
1.8396825228830558e+00 -1.4255392607530284e-01
1.8402661419132442e+00 -1.4299634582412782e-01
1.8408497609434327e+00 -1.4343740752999673e-01
1.8414333799736209e+00 -1.4387711405013456e-01
1.8420169990038093e+00 -1.4431546823639155e-01
1.8426006180339978e+00 -1.4475247293525212e-01
1.8431842370641860e+00 -1.4518813098784591e-01
1.8437678560943744e+00 -1.4562244522995671e-01
1.8443514751245629e+00 -1.4605541849203202e-01
1.8449350941547511e+00 -1.4648705359919240e-01
1.8455187131849398e+00 -1.4691735337124223e-01
1.8461023322151280e+00 -1.4734632062267711e-01
1.8466859512453164e+00 -1.4777395816269567e-01
1.8472695702755049e+00 -1.4820026879520837e-01
1.8478531893056931e+00 -1.4862525531884557e-01
1.8484368083358815e+00 -1.4904892052696955e-01
1.8490204273660700e+00 -1.4947126720768170e-01
1.8496040463962582e+00 -1.4989229814383342e-01
1.8501876654264466e+00 -1.5031201611303494e-01
1.8507712844566351e+00 -1.5073042388766478e-01
1.8513549034868233e+00 -1.5114752423487932e-01
1.8519385225170117e+00 -1.5156331991662209e-01
1.8525221415472002e+00 -1.5197781368963351e-01
1.8531057605773884e+00 -1.5239100830545910e-01
1.8536893796075771e+00 -1.5280290651046088e-01
1.8542729986377653e+00 -1.5321351104582406e-01
1.8548566176679535e+00 -1.5362282464756852e-01
1.8554402366981422e+00 -1.5403085004655778e-01
1.8560238557283304e+00 -1.5443758996850637e-01
1.8566074747585188e+00 -1.5484304713399222e-01
1.8571910937887073e+00 -1.5524722425846277e-01
1.8577747128188955e+00 -1.5565012405224682e-01
1.8583583318490839e+00 -1.5605174922056173e-01
1.8589419508792724e+00 -1.5645210246352387e-01
1.8595255699094606e+00 -1.5685118647615728e-01
1.8601091889396490e+00 -1.5724900394840285e-01
1.8606928079698375e+00 -1.5764555756512771e-01
1.8612764270000257e+00 -1.5804085000613405e-01
1.8618600460302144e+00 -1.5843488394616875e-01
1.8624436650604026e+00 -1.5882766205493107e-01
1.8630272840905908e+00 -1.5921918699708421e-01
1.8636109031207795e+00 -1.5960946143226223e-01
1.8641945221509677e+00 -1.5999848801507918e-01
1.8647781411811561e+00 -1.6038626939514022e-01
1.8653617602113446e+00 -1.6077280821704762e-01
1.8659453792415328e+00 -1.6115810712041242e-01
1.8665289982717213e+00 -1.6154216873986194e-01
1.8671126173019097e+00 -1.6192499570504912e-01
1.8676962363320979e+00 -1.6230659064066141e-01
1.8682798553622864e+00 -1.6268695616643003e-01
1.8688634743924748e+00 -1.6306609489713852e-01
1.8694470934226630e+00 -1.6344400944263129e-01
1.8700307124528515e+00 -1.6382070240782404e-01
1.8706143314830399e+00 -1.6419617639271056e-01
1.8711979505132281e+00 -1.6457043399237320e-01
1.8717815695434168e+00 -1.6494347779699123e-01
1.8723651885736050e+00 -1.6531531039184857e-01
1.8729488076037935e+00 -1.6568593435734522e-01
1.8735324266339819e+00 -1.6605535226900300e-01
1.8741160456641701e+00 -1.6642356669747665e-01
1.8746996646943586e+00 -1.6679058020856122e-01
1.8752832837245470e+00 -1.6715639536320187e-01
1.8758669027547352e+00 -1.6752101471750117e-01
1.8764505217849237e+00 -1.6788444082272988e-01
1.8770341408151121e+00 -1.6824667622533357e-01
1.8776177598453003e+00 -1.6860772346694222e-01
1.8782013788754888e+00 -1.6896758508437992e-01
1.8787849979056772e+00 -1.6932626360967126e-01
1.8793686169358654e+00 -1.6968376157005188e-01
1.8799522359660541e+00 -1.7004008148797670e-01
1.8805358549962423e+00 -1.7039522588112718e-01
1.8811194740264308e+00 -1.7074919726242238e-01
1.8817030930566192e+00 -1.7110199814002525e-01
1.8822867120868074e+00 -1.7145363101735253e-01
1.8828703311169959e+00 -1.7180409839308272e-01
1.8834539501471843e+00 -1.7215340276116511e-01
1.8840375691773725e+00 -1.7250154661082739e-01
1.8846211882075610e+00 -1.7284853242658552e-01
1.8852048072377494e+00 -1.7319436268825084e-01
1.8857884262679376e+00 -1.7353903987093930e-01
1.8863720452981261e+00 -1.7388256644508027e-01
1.8869556643283145e+00 -1.7422494487642376e-01
1.8875392833585027e+00 -1.7456617762605034e-01
1.8881229023886914e+00 -1.7490626715037833e-01
1.8887065214188796e+00 -1.7524521590117273e-01
1.8892901404490681e+00 -1.7558302632555384e-01
1.8898737594792565e+00 -1.7591970086600531e-01
1.8904573785094447e+00 -1.7625524196038206e-01
1.8910409975396332e+00 -1.7658965204192009e-01
1.8916246165698216e+00 -1.7692293353924313e-01
1.8922082356000098e+00 -1.7725508887637148e-01
1.8927918546301983e+00 -1.7758612047273145e-01
1.8933754736603867e+00 -1.7791603074316176e-01
1.8939590926905749e+00 -1.7824482209792300e-01
1.8945427117207634e+00 -1.7857249694270605e-01
1.8951263307509518e+00 -1.7889905767863945e-01
1.8957099497811400e+00 -1.7922450670229792e-01
1.8962935688113287e+00 -1.7954884640571164e-01
1.8968771878415169e+00 -1.7987207917637241e-01
1.8974608068717052e+00 -1.8019420739724398e-01
1.8980444259018938e+00 -1.8051523344676840e-01
1.8986280449320820e+00 -1.8083515969887523e-01
1.8992116639622705e+00 -1.8115398852298994e-01
1.8997952829924589e+00 -1.8147172228404093e-01
1.9003789020226471e+00 -1.8178836334246812e-01
1.9009625210528356e+00 -1.8210391405423199e-01
1.9015461400830240e+00 -1.8241837677082015e-01
1.9021297591132122e+00 -1.8273175383925605e-01
1.9027133781434007e+00 -1.8304404760210791e-01
1.9032969971735891e+00 -1.8335526039749483e-01
1.9038806162037774e+00 -1.8366539455909667e-01
1.9044642352339660e+00 -1.8397445241616114e-01
1.9050478542641542e+00 -1.8428243629351193e-01
1.9056314732943425e+00 -1.8458934851155695e-01
1.9062150923245311e+00 -1.8489519138629582e-01
1.9067987113547193e+00 -1.8519996722932788e-01
1.9073823303849078e+00 -1.8550367834786122e-01
1.9079659494150962e+00 -1.8580632704471892e-01
1.9085495684452845e+00 -1.8610791561834797e-01
1.9091331874754729e+00 -1.8640844636282736e-01
1.9097168065056613e+00 -1.8670792156787511e-01
1.9103004255358496e+00 -1.8700634351885673e-01
1.9108840445660380e+00 -1.8730371449679331e-01
1.9114676635962264e+00 -1.8760003677836870e-01
1.9120512826264147e+00 -1.8789531263593759e-01
1.9126349016566033e+00 -1.8818954433753382e-01
1.9132185206867915e+00 -1.8848273414687725e-01
1.9138021397169798e+00 -1.8877488432338260e-01
1.9143857587471684e+00 -1.8906599712216646e-01
1.9149693777773567e+00 -1.8935607479405483e-01
1.9155529968075451e+00 -1.8964511958559216e-01
1.9161366158377335e+00 -1.8993313373904783e-01
1.9167202348679218e+00 -1.9022011949242396e-01
1.9173038538981102e+00 -1.9050607907946410e-01
1.9178874729282986e+00 -1.9079101472965990e-01
1.9184710919584869e+00 -1.9107492866825890e-01
1.9190547109886753e+00 -1.9135782311627317e-01
1.9196383300188637e+00 -1.9163970029048580e-01
1.9202219490490520e+00 -1.9192056240345881e-01
1.9208055680792404e+00 -1.9220041166354140e-01
1.9213891871094289e+00 -1.9247925027487675e-01
1.9219728061396171e+00 -1.9275708043741030e-01
1.9225564251698057e+00 -1.9303390434689685e-01
1.9231400441999940e+00 -1.9330972419490802e-01
1.9237236632301824e+00 -1.9358454216884080e-01
1.9243072822603708e+00 -1.9385836045192387e-01
1.9248909012905591e+00 -1.9413118122322556e-01
1.9254745203207475e+00 -1.9440300665766205e-01
1.9260581393509359e+00 -1.9467383892600365e-01
1.9266417583811242e+00 -1.9494368019488309e-01
1.9272253774113126e+00 -1.9521253262680333e-01
1.9278089964415011e+00 -1.9548039838014375e-01
1.9283926154716893e+00 -1.9574727960916904e-01
1.9289762345018777e+00 -1.9601317846403574e-01
1.9295598535320662e+00 -1.9627809709079971e-01
1.9301434725622544e+00 -1.9654203763142417e-01
1.9307270915924430e+00 -1.9680500222378641e-01
1.9313107106226313e+00 -1.9706699300168537e-01
1.9318943296528197e+00 -1.9732801209484949e-01
1.9324779486830082e+00 -1.9758806162894316e-01
1.9330615677131964e+00 -1.9784714372557480e-01
1.9336451867433848e+00 -1.9810526050230437e-01
1.9342288057735733e+00 -1.9836241407264954e-01
1.9348124248037615e+00 -1.9861860654609420e-01
1.9353960438339499e+00 -1.9887384002809555e-01
1.9359796628641384e+00 -1.9912811662009056e-01
1.9365632818943266e+00 -1.9938143841950434e-01
1.9371469009245150e+00 -1.9963380751975679e-01
1.9377305199547035e+00 -1.9988522601026945e-01
1.9383141389848917e+00 -2.0013569597647393e-01
1.9388977580150804e+00 -2.0038521949981811e-01
1.9394813770452686e+00 -2.0063379865777342e-01
1.9400649960754568e+00 -2.0088143552384261e-01
1.9406486151056455e+00 -2.0112813216756706e-01
1.9412322341358337e+00 -2.0137389065453207e-01
1.9418158531660221e+00 -2.0161871304637680e-01
1.9423994721962106e+00 -2.0186260140079954e-01
1.9429830912263988e+00 -2.0210555777156514e-01
1.9435667102565872e+00 -2.0234758420851282e-01
1.9441503292867757e+00 -2.0258868275756223e-01
1.9447339483169639e+00 -2.0282885546072171e-01
1.9453175673471523e+00 -2.0306810435609415e-01
1.9459011863773408e+00 -2.0330643147788532e-01
1.9464848054075290e+00 -2.0354383885640981e-01
1.9470684244377177e+00 -2.0378032851809863e-01
1.9476520434679059e+00 -2.0401590248550594e-01
1.9482356624980941e+00 -2.0425056277731687e-01
1.9488192815282828e+00 -2.0448431140835385e-01
1.9494029005584710e+00 -2.0471715038958280e-01
1.9499865195886594e+00 -2.0494908172812215e-01
1.9505701386188479e+00 -2.0518010742724802e-01
1.9511537576490361e+00 -2.0541022948640170e-01
1.9517373766792245e+00 -2.0563944990119742e-01
1.9523209957094130e+00 -2.0586777066342765e-01
1.9529046147396012e+00 -2.0609519376107197e-01
1.9534882337697896e+00 -2.0632172117830194e-01
1.9540718527999781e+00 -2.0654735489548984e-01
1.9546554718301663e+00 -2.0677209688921414e-01
1.9552390908603550e+00 -2.0699594913226715e-01
1.9558227098905432e+00 -2.0721891359366160e-01
1.9564063289207314e+00 -2.0744099223863791e-01
1.9569899479509201e+00 -2.0766218702867054e-01
1.9575735669811083e+00 -2.0788249992147428e-01
1.9581571860112967e+00 -2.0810193287101292e-01
1.9587408050414852e+00 -2.0832048782750390e-01
1.9593244240716734e+00 -2.0853816673742637e-01
1.9599080431018618e+00 -2.0875497154352798e-01
1.9604916621320503e+00 -2.0897090418483072e-01
1.9610752811622385e+00 -2.0918596659663891e-01
1.9616589001924269e+00 -2.0940016071054451e-01
1.9622425192226154e+00 -2.0961348845443556e-01
1.9628261382528036e+00 -2.0982595175250107e-01
1.9634097572829921e+00 -2.1003755252523953e-01
1.9639933763131805e+00 -2.1024829268946382e-01
1.9645769953433687e+00 -2.1045817415830917e-01
1.9651606143735574e+00 -2.1066719884123980e-01
1.9657442334037456e+00 -2.1087536864405412e-01
1.9663278524339340e+00 -2.1108268546889367e-01
1.9669114714641225e+00 -2.1128915121424777e-01
1.9674950904943107e+00 -2.1149476777496107e-01
1.9680787095244991e+00 -2.1169953704224015e-01
1.9686623285546876e+00 -2.1190346090365966e-01
1.9692459475848758e+00 -2.1210654124316972e-01
1.9698295666150643e+00 -2.1230877994110123e-01
1.9704131856452527e+00 -2.1251017887417398e-01
1.9709968046754409e+00 -2.1271073991550166e-01
1.9715804237056294e+00 -2.1291046493459978e-01
1.9721640427358178e+00 -2.1310935579739115e-01
1.9727476617660060e+00 -2.1330741436621273e-01
1.9733312807961947e+00 -2.1350464249982284e-01
1.9739148998263829e+00 -2.1370104205340604e-01
1.9744985188565713e+00 -2.1389661487858144e-01
1.9750821378867598e+00 -2.1409136282340782e-01
1.9756657569169480e+00 -2.1428528773239103e-01
1.9762493759471365e+00 -2.1447839144648950e-01
1.9768329949773249e+00 -2.1467067580312146e-01
1.9774166140075131e+00 -2.1486214263617109e-01
1.9780002330377016e+00 -2.1505279377599473e-01
1.9785838520678900e+00 -2.1524263104942781e-01
1.9791674710980782e+00 -2.1543165627979044e-01
1.9797510901282667e+00 -2.1561987128689475e-01
1.9803347091584551e+00 -2.1580727788705026e-01
1.9809183281886433e+00 -2.1599387789307106e-01
1.9815019472188320e+00 -2.1617967311428193e-01
1.9820855662490202e+00 -2.1636466535652404e-01
1.9826691852792084e+00 -2.1654885642216237e-01
1.9832528043093971e+00 -2.1673224811009126e-01
1.9838364233395853e+00 -2.1691484221574089e-01
1.9844200423697738e+00 -2.1709664053108360e-01
1.9850036613999622e+00 -2.1727764484463991e-01
1.9855872804301504e+00 -2.1745785694148559e-01
1.9861708994603389e+00 -2.1763727860325688e-01
1.9867545184905273e+00 -2.1781591160815741e-01
1.9873381375207155e+00 -2.1799375773096413e-01
1.9879217565509040e+00 -2.1817081874303387e-01
1.9885053755810924e+00 -2.1834709641230912e-01
1.9890889946112806e+00 -2.1852259250332431e-01
1.9896726136414693e+00 -2.1869730877721266e-01
1.9902562326716575e+00 -2.1887124699171093e-01
1.9908398517018457e+00 -2.1904440890116736e-01
1.9914234707320344e+00 -2.1921679625654653e-01
1.9920070897622226e+00 -2.1938841080543606e-01
1.9925907087924111e+00 -2.1955925429205234e-01
1.9931743278225995e+00 -2.1972932845724732e-01
1.9937579468527877e+00 -2.1989863503851398e-01
1.9943415658829762e+00 -2.2006717576999252e-01
1.9949251849131646e+00 -2.2023495238247714e-01
1.9955088039433528e+00 -2.2040196660342104e-01
1.9960924229735413e+00 -2.2056822015694350e-01
1.9966760420037297e+00 -2.2073371476383508e-01
1.9972596610339179e+00 -2.2089845214156423e-01
1.9978432800641066e+00 -2.2106243400428338e-01
1.9984268990942948e+00 -2.2122566206283431e-01
1.9990105181244830e+00 -2.2138813802475507e-01
1.9995941371546717e+00 -2.2154986359428541e-01
2.0001777561848599e+00 -2.2171084047237266e-01
2.0007613752150482e+00 -2.2187107035667814e-01
2.0013449942452368e+00 -2.2203055494158311e-01
2.0019286132754250e+00 -2.2218929591819422e-01
2.0025122323056133e+00 -2.2234729497434999e-01
2.0030958513358019e+00 -2.2250455379462661e-01
2.0036794703659901e+00 -2.2266107406034380e-01
2.0042630893961784e+00 -2.2281685744957094e-01
2.0048467084263670e+00 -2.2297190563713248e-01
2.0054303274565553e+00 -2.2312622029461426e-01
2.0060139464867435e+00 -2.2327980309036952e-01
2.0065975655169321e+00 -2.2343265568952464e-01
2.0071811845471204e+00 -2.2358477975398436e-01
2.0077648035773090e+00 -2.2373617694243894e-01
2.0083484226074972e+00 -2.2388684891036895e-01
2.0089320416376859e+00 -2.2403679731005130e-01
2.0095156606678741e+00 -2.2418602379056546e-01
2.0100992796980623e+00 -2.2433452999779896e-01
2.0106828987282510e+00 -2.2448231757445353e-01
2.0112665177584392e+00 -2.2462938816004999e-01
2.0118501367886275e+00 -2.2477574339093534e-01
2.0124337558188161e+00 -2.2492138490028779e-01
2.0130173748490043e+00 -2.2506631431812213e-01
2.0136009938791926e+00 -2.2521053327129639e-01
2.0141846129093812e+00 -2.2535404338351742e-01
2.0147682319395694e+00 -2.2549684627534580e-01
2.0153518509697577e+00 -2.2563894356420236e-01
2.0159354699999463e+00 -2.2578033686437399e-01
2.0165190890301345e+00 -2.2592102778701856e-01
2.0171027080603228e+00 -2.2606101794017133e-01
2.0176863270905114e+00 -2.2620030892875051e-01
2.0182699461206997e+00 -2.2633890235456255e-01
2.0188535651508879e+00 -2.2647679981630844e-01
2.0194371841810765e+00 -2.2661400290958858e-01
2.0200208032112648e+00 -2.2675051322690903e-01
2.0206044222414530e+00 -2.2688633235768729e-01
2.0211880412716416e+00 -2.2702146188825703e-01
2.0217716603018299e+00 -2.2715590340187450e-01
2.0223552793320181e+00 -2.2728965847872409e-01
2.0229388983622067e+00 -2.2742272869592386e-01
2.0235225173923950e+00 -2.2755511562753028e-01
2.0241061364225836e+00 -2.2768682084454531e-01
2.0246897554527719e+00 -2.2781784591492082e-01
2.0252733744829601e+00 -2.2794819240356456e-01
2.0258569935131487e+00 -2.2807786187234577e-01
2.0264406125433370e+00 -2.2820685588010051e-01
2.0270242315735256e+00 -2.2833517598263747e-01
2.0276078506037138e+00 -2.2846282373274285e-01
2.0281914696339021e+00 -2.2858980068018678e-01
2.0287750886640907e+00 -2.2871610837172834e-01
2.0293587076942790e+00 -2.2884174835112059e-01
2.0299423267244672e+00 -2.2896672215911706e-01
2.0305259457546558e+00 -2.2909103133347658e-01
2.0311095647848441e+00 -2.2921467740896856e-01
2.0316931838150323e+00 -2.2933766191737884e-01
2.0322768028452209e+00 -2.2945998638751522e-01
2.0328604218754092e+00 -2.2958165234521244e-01
2.0334440409055974e+00 -2.2970266131333775e-01
2.0340276599357860e+00 -2.2982301481179682e-01
2.0346112789659743e+00 -2.2994271435753821e-01
2.0351948979961625e+00 -2.3006176146455970e-01
2.0357785170263512e+00 -2.3018015764391297e-01
2.0363621360565394e+00 -2.3029790440370934e-01
2.0369457550867276e+00 -2.3041500324912506e-01
2.0375293741169163e+00 -2.3053145568240679e-01
2.0381129931471045e+00 -2.3064726320287637e-01
2.0386966121772927e+00 -2.3076242730693688e-01
2.0392802312074814e+00 -2.3087694948807794e-01
2.0398638502376696e+00 -2.3099083123688000e-01
2.0404474692678582e+00 -2.3110407404102115e-01
2.0410310882980465e+00 -2.3121667938528123e-01
2.0416147073282347e+00 -2.3132864875154763e-01
2.0421983263584234e+00 -2.3143998361882059e-01
2.0427819453886116e+00 -2.3155068546321819e-01
2.0433655644188002e+00 -2.3166075575798201e-01
2.0439491834489885e+00 -2.3177019597348186e-01
2.0445328024791767e+00 -2.3187900757722157e-01
2.0451164215093653e+00 -2.3198719203384391e-01
2.0457000405395536e+00 -2.3209475080513567e-01
2.0462836595697418e+00 -2.3220168535003330e-01
2.0468672785999305e+00 -2.3230799712462782e-01
2.0474508976301187e+00 -2.3241368758217001e-01
2.0480345166603069e+00 -2.3251875817307560e-01
2.0486181356904956e+00 -2.3262321034493069e-01
2.0492017547206838e+00 -2.3272704554249651e-01
2.0497853737508720e+00 -2.3283026520771505e-01
2.0503689927810607e+00 -2.3293287077971381e-01
2.0509526118112489e+00 -2.3303486369481083e-01
2.0515362308414371e+00 -2.3313624538652056e-01
2.0521198498716258e+00 -2.3323701728555823e-01
2.0527034689018140e+00 -2.3333718081984506e-01
2.0532870879320022e+00 -2.3343673741451390e-01
2.0538707069621909e+00 -2.3353568849191381e-01
2.0544543259923791e+00 -2.3363403547161496e-01
2.0550379450225673e+00 -2.3373177977041437e-01
2.0556215640527560e+00 -2.3382892280234086e-01
2.0562051830829442e+00 -2.3392546597865915e-01
2.0567888021131324e+00 -2.3402141070787627e-01
2.0573724211433211e+00 -2.3411675839574583e-01
2.0579560401735093e+00 -2.3421151044527300e-01
2.0585396592036980e+00 -2.3430566825671989e-01
2.0591232782338862e+00 -2.3439923322761028e-01
2.0597068972640749e+00 -2.3449220675273499e-01
2.0602905162942631e+00 -2.3458459022415618e-01
2.0608741353244513e+00 -2.3467638503121316e-01
2.0614577543546400e+00 -2.3476759256052684e-01
2.0620413733848282e+00 -2.3485821419600492e-01
2.0626249924150164e+00 -2.3494825131884658e-01
2.0632086114452051e+00 -2.3503770530754786e-01
2.0637922304753933e+00 -2.3512657753790622e-01
2.0643758495055815e+00 -2.3521486938302563e-01
2.0649594685357702e+00 -2.3530258221332154e-01
2.0655430875659584e+00 -2.3538971739652559e-01
2.0661267065961466e+00 -2.3547627629769094e-01
2.0667103256263353e+00 -2.3556226027919666e-01
2.0672939446565235e+00 -2.3564767070075288e-01
2.0678775636867117e+00 -2.3573250891940573e-01
2.0684611827169004e+00 -2.3581677628954206e-01
2.0690448017470886e+00 -2.3590047416289436e-01
2.0696284207772768e+00 -2.3598360388854567e-01
2.0702120398074655e+00 -2.3606616681293446e-01
2.0707956588376537e+00 -2.3614816427985907e-01
2.0713792778678419e+00 -2.3622959763048321e-01
2.0719628968980306e+00 -2.3631046820334034e-01
2.0725465159282188e+00 -2.3639077733433833e-01
2.0731301349584070e+00 -2.3647052635676485e-01
2.0737137539885957e+00 -2.3654971660129159e-01
2.0742973730187839e+00 -2.3662834939597938e-01
2.0748809920489726e+00 -2.3670642606628278e-01
2.0754646110791608e+00 -2.3678394793505492e-01
2.0760482301093490e+00 -2.3686091632255249e-01
2.0766318491395377e+00 -2.3693733254643998e-01
2.0772154681697259e+00 -2.3701319792179473e-01
2.0777990871999146e+00 -2.3708851376111204e-01
2.0783827062301028e+00 -2.3716328137430900e-01
2.0789663252602910e+00 -2.3723750206872998e-01
2.0795499442904797e+00 -2.3731117714915123e-01
2.0801335633206679e+00 -2.3738430791778517e-01
2.0807171823508561e+00 -2.3745689567428530e-01
2.0813008013810448e+00 -2.3752894171575120e-01
2.0818844204112330e+00 -2.3760044733673277e-01
2.0824680394414212e+00 -2.3767141382923512e-01
2.0830516584716099e+00 -2.3774184248272320e-01
2.0836352775017981e+00 -2.3781173458412622e-01
2.0842188965319863e+00 -2.3788109141784278e-01
2.0848025155621750e+00 -2.3794991426574524e-01
2.0853861345923632e+00 -2.3801820440718394e-01
2.0859697536225514e+00 -2.3808596311899269e-01
2.0865533726527401e+00 -2.3815319167549270e-01
2.0871369916829283e+00 -2.3821989134849733e-01
2.0877206107131165e+00 -2.3828606340731676e-01
2.0883042297433052e+00 -2.3835170911876280e-01
2.0888878487734934e+00 -2.3841682974715292e-01
2.0894714678036816e+00 -2.3848142655431512e-01
2.0900550868338703e+00 -2.3854550079959294e-01
2.0906387058640585e+00 -2.3860905373984906e-01
2.0912223248942468e+00 -2.3867208662947054e-01
2.0918059439244354e+00 -2.3873460072037336e-01
2.0923895629546236e+00 -2.3879659726200650e-01
2.0929731819848123e+00 -2.3885807750135699e-01
2.0935568010150005e+00 -2.3891904268295380e-01
2.0941404200451892e+00 -2.3897949404887311e-01
2.0947240390753774e+00 -2.3903943283874221e-01
2.0953076581055656e+00 -2.3909886028974417e-01
2.0958912771357543e+00 -2.3915777763662241e-01
2.0964748961659425e+00 -2.3921618611168499e-01
2.0970585151961307e+00 -2.3927408694480939e-01
2.0976421342263194e+00 -2.3933148136344662e-01
2.0982257532565076e+00 -2.3938837059262580e-01
2.0988093722866958e+00 -2.3944475585495870e-01
2.0993929913168845e+00 -2.3950063837064403e-01
2.0999766103470727e+00 -2.3955601935747201e-01
2.1005602293772609e+00 -2.3961090003082855e-01
2.1011438484074496e+00 -2.3966528160370010e-01
2.1017274674376378e+00 -2.3971916528667739e-01
2.1023110864678261e+00 -2.3977255228796052e-01
2.1028947054980147e+00 -2.3982544381336299e-01
2.1034783245282029e+00 -2.3987784106631591e-01
2.1040619435583912e+00 -2.3992974524787278e-01
2.1046455625885798e+00 -2.3998115755671370e-01
2.1052291816187680e+00 -2.4003207918914943e-01
2.1058128006489563e+00 -2.4008251133912625e-01
2.1063964196791449e+00 -2.4013245519822993e-01
2.1069800387093331e+00 -2.4018191195569022e-01
2.1075636577395214e+00 -2.4023088279838503e-01
2.1081472767697100e+00 -2.4027936891084495e-01
2.1087308957998987e+00 -2.4032737147525748e-01
2.1093145148300865e+00 -2.4037489167147105e-01
2.1098981338602751e+00 -2.4042193067700005e-01
2.1104817528904638e+00 -2.4046848966702822e-01
2.1110653719206516e+00 -2.4051456981441338e-01
2.1116489909508402e+00 -2.4056017228969215e-01
2.1122326099810289e+00 -2.4060529826108298e-01
2.1128162290112171e+00 -2.4064994889449173e-01
2.1133998480414053e+00 -2.4069412535351523e-01
2.1139834670715940e+00 -2.4073782879944550e-01
2.1145670861017822e+00 -2.4078106039127417e-01
2.1151507051319705e+00 -2.4082382128569682e-01
2.1157343241621591e+00 -2.4086611263711680e-01
2.1163179431923473e+00 -2.4090793559764992e-01
2.1169015622225356e+00 -2.4094929131712819e-01
2.1174851812527242e+00 -2.4099018094310454e-01
2.1180688002829124e+00 -2.4103060562085621e-01
2.1186524193131007e+00 -2.4107056649339001e-01
2.1192360383432893e+00 -2.4111006470144558e-01
2.1198196573734776e+00 -2.4114910138349988e-01
2.1204032764036658e+00 -2.4118767767577143e-01
2.1209868954338544e+00 -2.4122579471222455e-01
2.1215705144640427e+00 -2.4126345362457308e-01
2.1221541334942309e+00 -2.4130065554228489e-01
2.1227377525244195e+00 -2.4133740159258596e-01
2.1233213715546078e+00 -2.4137369290046437e-01
2.1239049905847960e+00 -2.4140953058867456e-01
2.1244886096149846e+00 -2.4144491577774130e-01
2.1250722286451733e+00 -2.4147984958596386e-01
2.1256558476753611e+00 -2.4151433312942011e-01
2.1262394667055498e+00 -2.4154836752197065e-01
2.1268230857357384e+00 -2.4158195387526277e-01
2.1274067047659262e+00 -2.4161509329873460e-01
2.1279903237961149e+00 -2.4164778689961922e-01
2.1285739428263035e+00 -2.4168003578294847e-01
2.1291575618564917e+00 -2.4171184105155746e-01
2.1297411808866800e+00 -2.4174320380608821e-01
2.1303247999168686e+00 -2.4177412514499358e-01
2.1309084189470568e+00 -2.4180460616454200e-01
2.1314920379772451e+00 -2.4183464795882062e-01
2.1320756570074337e+00 -2.4186425161973996e-01
2.1326592760376220e+00 -2.4189341823703753e-01
2.1332428950678102e+00 -2.4192214889828204e-01
2.1338265140979988e+00 -2.4195044468887741e-01
2.1344101331281871e+00 -2.4197830669206652e-01
2.1349937521583753e+00 -2.4200573598893538e-01
2.1355773711885639e+00 -2.4203273365841729e-01
2.1361609902187522e+00 -2.4205930077729632e-01
2.1367446092489404e+00 -2.4208543842021155e-01
2.1373282282791290e+00 -2.4211114765966113e-01
2.1379118473093173e+00 -2.4213642956600601e-01
2.1384954663395055e+00 -2.4216128520747393e-01
2.1390790853696942e+00 -2.4218571565016339e-01
2.1396627043998824e+00 -2.4220972195804752e-01
2.1402463234300706e+00 -2.4223330519297823e-01
2.1408299424602593e+00 -2.4225646641468968e-01
2.1414135614904479e+00 -2.4227920668080247e-01
2.1419971805206357e+00 -2.4230152704682756e-01
2.1425807995508244e+00 -2.4232342856616998e-01
2.1431644185810130e+00 -2.4234491229013294e-01
2.1437480376112008e+00 -2.4236597926792131e-01
2.1443316566413895e+00 -2.4238663054664616e-01
2.1449152756715781e+00 -2.4240686717132787e-01
2.1454988947017664e+00 -2.4242669018490035e-01
2.1460825137319546e+00 -2.4244610062821506e-01
2.1466661327621432e+00 -2.4246509954004433e-01
2.1472497517923315e+00 -2.4248368795708589e-01
2.1478333708225197e+00 -2.4250186691396597e-01
2.1484169898527083e+00 -2.4251963744324362e-01
2.1490006088828966e+00 -2.4253700057541439e-01
2.1495842279130848e+00 -2.4255395733891391e-01
2.1501678469432735e+00 -2.4257050876012212e-01
2.1507514659734617e+00 -2.4258665586336667e-01
2.1513350850036499e+00 -2.4260239967092695e-01
2.1519187040338386e+00 -2.4261774120303770e-01
2.1525023230640268e+00 -2.4263268147789294e-01
2.1530859420942150e+00 -2.4264722151164947e-01
2.1536695611244037e+00 -2.4266136231843105e-01
2.1542531801545919e+00 -2.4267510491033170e-01
2.1548367991847801e+00 -2.4268845029741987e-01
2.1554204182149688e+00 -2.4270139948774172e-01
2.1560040372451570e+00 -2.4271395348732513e-01
2.1565876562753452e+00 -2.4272611330018368e-01
2.1571712753055339e+00 -2.4273787992831963e-01
2.1577548943357221e+00 -2.4274925437172840e-01
2.1583385133659103e+00 -2.4276023762840174e-01
2.1589221323960990e+00 -2.4277083069433186e-01
2.1595057514262876e+00 -2.4278103456351463e-01
2.1600893704564754e+00 -2.4279085022795369e-01
2.1606729894866641e+00 -2.4280027867766396e-01
2.1612566085168528e+00 -2.4280932090067536e-01
2.1618402275470405e+00 -2.4281797788303619e-01
2.1624238465772292e+00 -2.4282625060881741e-01
2.1630074656074179e+00 -2.4283414006011550e-01
2.1635910846376061e+00 -2.4284164721705684e-01
2.1641747036677943e+00 -2.4284877305780095e-01
2.1647583226979830e+00 -2.4285551855854415e-01
2.1653419417281712e+00 -2.4286188469352318e-01
2.1659255607583594e+00 -2.4286787243501903e-01
2.1665091797885481e+00 -2.4287348275336024e-01
2.1670927988187363e+00 -2.4287871661692673e-01
2.1676764178489245e+00 -2.4288357499215329e-01
2.1682600368791132e+00 -2.4288805884353340e-01
2.1688436559093014e+00 -2.4289216913362241e-01
2.1694272749394896e+00 -2.4289590682304138e-01
2.1700108939696783e+00 -2.4289927287048080e-01
2.1705945129998665e+00 -2.4290226823270369e-01
2.1711781320300547e+00 -2.4290489386454969e-01
2.1717617510602434e+00 -2.4290715071893834e-01
2.1723453700904316e+00 -2.4290903974687242e-01
2.1729289891206198e+00 -2.4291056189744212e-01
2.1735126081508085e+00 -2.4291171811782789e-01
2.1740962271809967e+00 -2.4291250935330438e-01
2.1746798462111849e+00 -2.4291293654724386e-01
2.1752634652413736e+00 -2.4291300064111979e-01
2.1758470842715623e+00 -2.4291270257451006e-01
2.1764307033017500e+00 -2.4291204328510094e-01
2.1770143223319387e+00 -2.4291102370869028e-01
2.1775979413621274e+00 -2.4290964477919097e-01
2.1781815603923151e+00 -2.4290790742863472e-01
2.1787651794225038e+00 -2.4290581258717509e-01
2.1793487984526925e+00 -2.4290336118309150e-01
2.1799324174828807e+00 -2.4290055414279213e-01
2.1805160365130689e+00 -2.4289739239081795e-01
2.1810996555432576e+00 -2.4289387684984565e-01
2.1816832745734458e+00 -2.4289000844069150e-01
2.1822668936036340e+00 -2.4288578808231454e-01
2.1828505126338227e+00 -2.4288121669182011e-01
2.1834341316640109e+00 -2.4287629518446327e-01
2.1840177506941991e+00 -2.4287102447365233e-01
2.1846013697243878e+00 -2.4286540547095192e-01
2.1851849887545760e+00 -2.4285943908608695e-01
2.1857686077847642e+00 -2.4285312622694549e-01
2.1863522268149529e+00 -2.4284646779958252e-01
2.1869358458451411e+00 -2.4283946470822307e-01
2.1875194648753293e+00 -2.4283211785526587e-01
2.1881030839055180e+00 -2.4282442814128652e-01
2.1886867029357062e+00 -2.4281639646504094e-01
2.1892703219658944e+00 -2.4280802372346880e-01
2.1898539409960831e+00 -2.4279931081169678e-01
2.1904375600262713e+00 -2.4279025862304196e-01
2.1910211790564595e+00 -2.4278086804901522e-01
2.1916047980866482e+00 -2.4277113997932451e-01
2.1921884171168364e+00 -2.4276107530187835e-01
2.1927720361470247e+00 -2.4275067490278890e-01
2.1933556551772133e+00 -2.4273993966637547e-01
2.1939392742074020e+00 -2.4272887047516786e-01
2.1945228932375898e+00 -2.4271746820990961e-01
2.1951065122677784e+00 -2.4270573374956125e-01
2.1956901312979671e+00 -2.4269366797130373e-01
2.1962737503281549e+00 -2.4268127175054174e-01
2.1968573693583435e+00 -2.4266854596090676e-01
2.1974409883885322e+00 -2.4265549147426063e-01
2.1980246074187204e+00 -2.4264210916069870e-01
2.1986082264489086e+00 -2.4262839988855311e-01
2.1991918454790973e+00 -2.4261436452439600e-01
2.1997754645092855e+00 -2.4260000393304304e-01
2.2003590835394737e+00 -2.4258531897755622e-01
2.2009427025696624e+00 -2.4257031051924752e-01
2.2015263215998506e+00 -2.4255497941768206e-01
2.2021099406300388e+00 -2.4253932653068114e-01
2.2026935596602275e+00 -2.4252335271432579e-01
2.2032771786904157e+00 -2.4250705882295961e-01
2.2038607977206039e+00 -2.4249044570919243e-01
2.2044444167507926e+00 -2.4247351422390315e-01
2.2050280357809808e+00 -2.4245626521624325e-01
2.2056116548111691e+00 -2.4243869953363972e-01
2.2061952738413577e+00 -2.4242081802179841e-01
2.2067788928715459e+00 -2.4240262152470732e-01
2.2073625119017342e+00 -2.4238411088463960e-01
2.2079461309319228e+00 -2.4236528694215673e-01
2.2085297499621110e+00 -2.4234615053611192e-01
2.2091133689922993e+00 -2.4232670250365310e-01
2.2096969880224879e+00 -2.4230694368022601e-01
2.2102806070526766e+00 -2.4228687489957762e-01
2.2108642260828644e+00 -2.4226649699375910e-01
2.2114478451130530e+00 -2.4224581079312887e-01
2.2120314641432417e+00 -2.4222481712635610e-01
2.2126150831734295e+00 -2.4220351682042346e-01
2.2131987022036181e+00 -2.4218191070063047e-01
2.2137823212338068e+00 -2.4215999959059656e-01
2.2143659402639950e+00 -2.4213778431226418e-01
2.2149495592941832e+00 -2.4211526568590203e-01
2.2155331783243719e+00 -2.4209244453010798e-01
2.2161167973545601e+00 -2.4206932166181236e-01
2.2167004163847484e+00 -2.4204589789628089e-01
2.2172840354149370e+00 -2.4202217404711784e-01
2.2178676544451252e+00 -2.4199815092626922e-01
2.2184512734753135e+00 -2.4197382934402570e-01
2.2190348925055021e+00 -2.4194921010902579e-01
2.2196185115356903e+00 -2.4192429402825885e-01
2.2202021305658786e+00 -2.4189908190706824e-01
2.2207857495960672e+00 -2.4187357454915426e-01
2.2213693686262554e+00 -2.4184777275657726e-01
2.2219529876564437e+00 -2.4182167732976079e-01
2.2225366066866323e+00 -2.4179528906749442e-01
2.2231202257168206e+00 -2.4176860876693701e-01
2.2237038447470088e+00 -2.4174163722361966e-01
2.2242874637771974e+00 -2.4171437523144851e-01
2.2248710828073857e+00 -2.4168682358270829e-01
2.2254547018375739e+00 -2.4165898306806477e-01
2.2260383208677625e+00 -2.4163085447656801e-01
2.2266219398979512e+00 -2.4160243859565558e-01
2.2272055589281390e+00 -2.4157373621115522e-01
2.2277891779583276e+00 -2.4154474810728782e-01
2.2283727969885163e+00 -2.4151547506667081e-01
2.2289564160187041e+00 -2.4148591787032081e-01
2.2295400350488928e+00 -2.4145607729765664e-01
2.2301236540790814e+00 -2.4142595412650231e-01
2.2307072731092696e+00 -2.4139554913309005e-01
2.2312908921394579e+00 -2.4136486309206340e-01
2.2318745111696465e+00 -2.4133389677647973e-01
2.2324581301998347e+00 -2.4130265095781370e-01
2.2330417492300230e+00 -2.4127112640595982e-01
2.2336253682602116e+00 -2.4123932388923569e-01
2.2342089872903999e+00 -2.4120724417438469e-01
2.2347926063205881e+00 -2.4117488802657905e-01
2.2353762253507767e+00 -2.4114225620942276e-01
2.2359598443809650e+00 -2.4110934948495447e-01
2.2365434634111532e+00 -2.4107616861365039e-01
2.2371270824413418e+00 -2.4104271435442717e-01
2.2377107014715301e+00 -2.4100898746464505e-01
2.2382943205017183e+00 -2.4097498870011033e-01
2.2388779395319069e+00 -2.4094071881507856e-01
2.2394615585620952e+00 -2.4090617856225754e-01
2.2400451775922834e+00 -2.4087136869280978e-01
2.2406287966224721e+00 -2.4083628995635573e-01
2.2412124156526603e+00 -2.4080094310097669e-01
2.2417960346828485e+00 -2.4076532887321733e-01
2.2423796537130372e+00 -2.4072944801808888e-01
2.2429632727432254e+00 -2.4069330127907188e-01
2.2435468917734136e+00 -2.4065688939811897e-01
2.2441305108036023e+00 -2.4062021311565787e-01
2.2447141298337909e+00 -2.4058327317059403e-01
2.2452977488639787e+00 -2.4054607030031386e-01
2.2458813678941674e+00 -2.4050860524068693e-01
2.2464649869243560e+00 -2.4047087872606937e-01
2.2470486059545438e+00 -2.4043289148930652e-01
2.2476322249847325e+00 -2.4039464426173554e-01
2.2482158440149211e+00 -2.4035613777318851e-01
2.2487994630451094e+00 -2.4031737275199516e-01
2.2493830820752976e+00 -2.4027834992498551e-01
2.2499667011054862e+00 -2.4023907001749287e-01
2.2505503201356745e+00 -2.4019953375335654e-01
2.2511339391658627e+00 -2.4015974185492461e-01
2.2517175581960513e+00 -2.4011969504305675e-01
2.2523011772262396e+00 -2.4007939403712697e-01
2.2528847962564278e+00 -2.4003883955502645e-01
2.2534684152866165e+00 -2.3999803231316605e-01
2.2540520343168047e+00 -2.3995697302647964e-01
2.2546356533469929e+00 -2.3991566240842629e-01
2.2552192723771816e+00 -2.3987410117099314e-01
2.2558028914073698e+00 -2.3983229002469850e-01
2.2563865104375580e+00 -2.3979022967859417e-01
2.2569701294677467e+00 -2.3974792084026833e-01
2.2575537484979349e+00 -2.3970536421584840e-01
2.2581373675281231e+00 -2.3966256051000354e-01
2.2587209865583118e+00 -2.3961951042594754e-01
2.2593046055885000e+00 -2.3957621466544149e-01
2.2598882246186882e+00 -2.3953267392879657e-01
2.2604718436488769e+00 -2.3948888891487646e-01
2.2610554626790655e+00 -2.3944486032110052e-01
2.2616390817092533e+00 -2.3940058884344612e-01
2.2622227007394420e+00 -2.3935607517645138e-01
2.2628063197696306e+00 -2.3931132001321806e-01
2.2633899387998184e+00 -2.3926632404541401e-01
2.2639735578300071e+00 -2.3922108796327601e-01
2.2645571768601958e+00 -2.3917561245561231e-01
2.2651407958903840e+00 -2.3912989820980557e-01
2.2657244149205722e+00 -2.3908394591181503e-01
2.2663080339507609e+00 -2.3903775624617973e-01
2.2668916529809491e+00 -2.3899132989602087e-01
2.2674752720111373e+00 -2.3894466754304436e-01
2.2680588910413260e+00 -2.3889776986754374e-01
2.2686425100715142e+00 -2.3885063754840269e-01
2.2692261291017024e+00 -2.3880327126309753e-01
2.2698097481318911e+00 -2.3875567168770007e-01
2.2703933671620793e+00 -2.3870783949688032e-01
2.2709769861922675e+00 -2.3865977536390867e-01
2.2715606052224562e+00 -2.3861147996065887e-01
2.2721442242526444e+00 -2.3856295395761076e-01
2.2727278432828326e+00 -2.3851419802385240e-01
2.2733114623130213e+00 -2.3846521282708308e-01
2.2738950813432095e+00 -2.3841599903361574e-01
2.2744787003733977e+00 -2.3836655730837977e-01
2.2750623194035864e+00 -2.3831688831492326e-01
2.2756459384337746e+00 -2.3826699271541582e-01
2.2762295574639628e+00 -2.3821687117065130e-01
2.2768131764941515e+00 -2.3816652434004978e-01
2.2773967955243402e+00 -2.3811595288166090e-01
2.2779804145545279e+00 -2.3806515745216597e-01
2.2785640335847166e+00 -2.3801413870688048e-01
2.2791476526149053e+00 -2.3796289729975703e-01
2.2797312716450930e+00 -2.3791143388338762e-01
2.2803148906752817e+00 -2.3785974910900598e-01
2.2808985097054704e+00 -2.3780784362649074e-01
2.2814821287356581e+00 -2.3775571808436741e-01
2.2820657477658468e+00 -2.3770337312981096e-01
2.2826493667960355e+00 -2.3765080940864886e-01
2.2832329858262237e+00 -2.3759802756536300e-01
2.2838166048564119e+00 -2.3754502824309245e-01
2.2844002238866006e+00 -2.3749181208363598e-01
2.2849838429167888e+00 -2.3743837972745477e-01
2.2855674619469770e+00 -2.3738473181367448e-01
2.2861510809771657e+00 -2.3733086898008804e-01
2.2867347000073539e+00 -2.3727679186315828e-01
2.2873183190375421e+00 -2.3722250109802004e-01
2.2879019380677308e+00 -2.3716799731848284e-01
2.2884855570979190e+00 -2.3711328115703365e-01
2.2890691761281072e+00 -2.3705835324483895e-01
2.2896527951582959e+00 -2.3700321421174719e-01
2.2902364141884841e+00 -2.3694786468629178e-01
2.2908200332186723e+00 -2.3689230529569305e-01
2.2914036522488610e+00 -2.3683653666586083e-01
2.2919872712790492e+00 -2.3678055942139706e-01
2.2925708903092374e+00 -2.3672437418559805e-01
2.2931545093394261e+00 -2.3666798158045710e-01
2.2937381283696143e+00 -2.3661138222666689e-01
2.2943217473998025e+00 -2.3655457674362176e-01
2.2949053664299912e+00 -2.3649756574942041e-01
2.2954889854601799e+00 -2.3644034986086820e-01
2.2960726044903677e+00 -2.3638292969347965e-01
2.2966562235205563e+00 -2.3632530586148048e-01
2.2972398425507450e+00 -2.3626747897781075e-01
2.2978234615809328e+00 -2.3620944965412677e-01
2.2984070806111214e+00 -2.3615121850080331e-01
2.2989906996413101e+00 -2.3609278612693668e-01
2.2995743186714983e+00 -2.3603415314034679e-01
2.3001579377016865e+00 -2.3597532014757910e-01
2.3007415567318752e+00 -2.3591628775390772e-01
2.3013251757620634e+00 -2.3585705656333766e-01
2.3019087947922516e+00 -2.3579762717860678e-01
2.3024924138224403e+00 -2.3573800020118849e-01
2.3030760328526285e+00 -2.3567817623129431e-01
2.3036596518828167e+00 -2.3561815586787591e-01
2.3042432709130054e+00 -2.3555793970862735e-01
2.3048268899431936e+00 -2.3549752834998805e-01
2.3054105089733818e+00 -2.3543692238714470e-01
2.3059941280035705e+00 -2.3537612241403344e-01
2.3065777470337587e+00 -2.3531512902334278e-01
2.3071613660639470e+00 -2.3525394280651560e-01
2.3077449850941356e+00 -2.3519256435375127e-01
2.3083286041243238e+00 -2.3513099425400857e-01
2.3089122231545121e+00 -2.3506923309500743e-01
2.3094958421847007e+00 -2.3500728146323172e-01
2.3100794612148889e+00 -2.3494513994393137e-01
2.3106630802450772e+00 -2.3488280912112455e-01
2.3112466992752658e+00 -2.3482028957760023e-01
2.3118303183054545e+00 -2.3475758189492049e-01
2.3124139373356423e+00 -2.3469468665342277e-01
2.3129975563658309e+00 -2.3463160443222175e-01
2.3135811753960196e+00 -2.3456833580921263e-01
2.3141647944262074e+00 -2.3450488136107250e-01
2.3147484134563960e+00 -2.3444124166326297e-01
2.3153320324865847e+00 -2.3437741729003256e-01
2.3159156515167729e+00 -2.3431340881441892e-01
2.3164992705469611e+00 -2.3424921680825103e-01
2.3170828895771498e+00 -2.3418484184215138e-01
2.3176665086073380e+00 -2.3412028448553870e-01
2.3182501276375262e+00 -2.3405554530662967e-01
2.3188337466677149e+00 -2.3399062487244143e-01
2.3194173656979031e+00 -2.3392552374879405e-01
2.3200009847280914e+00 -2.3386024250031234e-01
2.3205846037582800e+00 -2.3379478169042839e-01
2.3211682227884682e+00 -2.3372914188138375e-01
2.3217518418186565e+00 -2.3366332363423190e-01
2.3223354608488451e+00 -2.3359732750883991e-01
2.3229190798790333e+00 -2.3353115406389133e-01
2.3235026989092216e+00 -2.3346480385688792e-01
2.3240863179394102e+00 -2.3339827744415220e-01
2.3246699369695984e+00 -2.3333157538082966e-01
2.3252535559997867e+00 -2.3326469822089069e-01
2.3258371750299753e+00 -2.3319764651713293e-01
2.3264207940601636e+00 -2.3313042082118388e-01
2.3270044130903518e+00 -2.3306302168350240e-01
2.3275880321205404e+00 -2.3299544965338129e-01
2.3281716511507287e+00 -2.3292770527894988e-01
2.3287552701809169e+00 -2.3285978910717531e-01
2.3293388892111055e+00 -2.3279170168386545e-01
2.3299225082412942e+00 -2.3272344355367100e-01
2.3305061272714820e+00 -2.3265501526008739e-01
2.3310897463016707e+00 -2.3258641734545696e-01
2.3316733653318593e+00 -2.3251765035097155e-01
2.3322569843620471e+00 -2.3244871481667442e-01
2.3328406033922358e+00 -2.3237961128146212e-01
2.3334242224224244e+00 -2.3231034028308706e-01
2.3340078414526126e+00 -2.3224090235815986e-01
2.3345914604828009e+00 -2.3217129804215073e-01
2.3351750795129895e+00 -2.3210152786939225e-01
2.3357586985431777e+00 -2.3203159237308152e-01
2.3363423175733660e+00 -2.3196149208528194e-01
2.3369259366035546e+00 -2.3189122753692562e-01
2.3375095556337429e+00 -2.3182079925781543e-01
2.3380931746639311e+00 -2.3175020777662725e-01
2.3386767936941197e+00 -2.3167945362091172e-01
2.3392604127243080e+00 -2.3160853731709705e-01
2.3398440317544962e+00 -2.3153745939049031e-01
2.3404276507846848e+00 -2.3146622036528028e-01
2.3410112698148731e+00 -2.3139482076453921e-01
2.3415948888450613e+00 -2.3132326111022478e-01
2.3421785078752499e+00 -2.3125154192318262e-01
2.3427621269054382e+00 -2.3117966372314813e-01
2.3433457459356264e+00 -2.3110762702874854e-01
2.3439293649658151e+00 -2.3103543235750520e-01
2.3445129839960033e+00 -2.3096308022583567e-01
2.3450966030261915e+00 -2.3089057114905553e-01
2.3456802220563802e+00 -2.3081790564138063e-01
2.3462638410865688e+00 -2.3074508421592943e-01
2.3468474601167566e+00 -2.3067210738472477e-01
2.3474310791469453e+00 -2.3059897565869569e-01
2.3480146981771339e+00 -2.3052568954768013e-01
2.3485983172073217e+00 -2.3045224956042679e-01
2.3491819362375104e+00 -2.3037865620459658e-01
2.3497655552676990e+00 -2.3030490998676562e-01
2.3503491742978873e+00 -2.3023101141242683e-01
2.3509327933280755e+00 -2.3015696098599181e-01
2.3515164123582641e+00 -2.3008275921079308e-01
2.3521000313884524e+00 -2.3000840658908622e-01
2.3526836504186406e+00 -2.2993390362205188e-01
2.3532672694488292e+00 -2.2985925080979749e-01
2.3538508884790175e+00 -2.2978444865135986e-01
2.3544345075092057e+00 -2.2970949764470669e-01
2.3550181265393944e+00 -2.2963439828673871e-01
2.3556017455695826e+00 -2.2955915107329208e-01
2.3561853645997708e+00 -2.2948375649913991e-01
2.3567689836299595e+00 -2.2940821505799444e-01
2.3573526026601477e+00 -2.2933252724250933e-01
2.3579362216903359e+00 -2.2925669354428110e-01
2.3585198407205246e+00 -2.2918071445385160e-01
2.3591034597507128e+00 -2.2910459046071005e-01
2.3596870787809010e+00 -2.2902832205329460e-01
2.3602706978110897e+00 -2.2895190971899451e-01
2.3608543168412779e+00 -2.2887535394415257e-01
2.3614379358714661e+00 -2.2879865521406637e-01
2.3620215549016548e+00 -2.2872181401299069e-01
2.3626051739318434e+00 -2.2864483082413947e-01
2.3631887929620312e+00 -2.2856770612968788e-01
2.3637724119922199e+00 -2.2849044041077377e-01
2.3643560310224085e+00 -2.2841303414750019e-01
2.3649396500525963e+00 -2.2833548781893737e-01
2.3655232690827850e+00 -2.2825780190312411e-01
2.3661068881129736e+00 -2.2817997687707026e-01
2.3666905071431619e+00 -2.2810201321675866e-01
2.3672741261733501e+00 -2.2802391139714673e-01
2.3678577452035388e+00 -2.2794567189216863e-01
2.3684413642337270e+00 -2.2786729517473731e-01
2.3690249832639152e+00 -2.2778878171674641e-01
2.3696086022941039e+00 -2.2771013198907178e-01
2.3701922213242921e+00 -2.2763134646157424e-01
2.3707758403544803e+00 -2.2755242560310052e-01
2.3713594593846690e+00 -2.2747336988148606e-01
2.3719430784148572e+00 -2.2739417976355641e-01
2.3725266974450454e+00 -2.2731485571512922e-01
2.3731103164752341e+00 -2.2723539820101643e-01
2.3736939355054223e+00 -2.2715580768502586e-01
2.3742775545356105e+00 -2.2707608462996315e-01
2.3748611735657992e+00 -2.2699622949763379e-01
2.3754447925959874e+00 -2.2691624274884523e-01
2.3760284116261756e+00 -2.2683612484340818e-01
2.3766120306563643e+00 -2.2675587624013890e-01
2.3771956496865525e+00 -2.2667549739686138e-01
2.3777792687167407e+00 -2.2659498877040846e-01
2.3783628877469294e+00 -2.2651435081662435e-01
2.3789465067771176e+00 -2.2643358399036626e-01
2.3795301258073058e+00 -2.2635268874550635e-01
2.3801137448374945e+00 -2.2627166553493347e-01
2.3806973638676832e+00 -2.2619051481055522e-01
2.3812809828978709e+00 -2.2610923702329988e-01
2.3818646019280596e+00 -2.2602783262311762e-01
2.3824482209582483e+00 -2.2594630205898339e-01
2.3830318399884360e+00 -2.2586464577889795e-01
2.3836154590186247e+00 -2.2578286422989008e-01
2.3841990780488134e+00 -2.2570095785801841e-01
2.3847826970790016e+00 -2.2561892710837314e-01
2.3853663161091898e+00 -2.2553677242507811e-01
2.3859499351393785e+00 -2.2545449425129224e-01
2.3865335541695667e+00 -2.2537209302921193e-01
2.3871171731997549e+00 -2.2528956920007226e-01
2.3877007922299436e+00 -2.2520692320414934e-01
2.3882844112601318e+00 -2.2512415548076203e-01
2.3888680302903200e+00 -2.2504126646827335e-01
2.3894516493205087e+00 -2.2495825660409291e-01
2.3900352683506969e+00 -2.2487512632467840e-01
2.3906188873808851e+00 -2.2479187606553724e-01
2.3912025064110738e+00 -2.2470850626122865e-01
2.3917861254412620e+00 -2.2462501734536575e-01
2.3923697444714502e+00 -2.2454140975061651e-01
2.3929533635016389e+00 -2.2445768390870618e-01
2.3935369825318271e+00 -2.2437384025041932e-01
2.3941206015620153e+00 -2.2428987920560073e-01
2.3947042205922040e+00 -2.2420580120315795e-01
2.3952878396223922e+00 -2.2412160667106287e-01
2.3958714586525804e+00 -2.2403729603635353e-01
2.3964550776827691e+00 -2.2395286972513567e-01
2.3970386967129578e+00 -2.2386832816258470e-01
2.3976223157431455e+00 -2.2378367177294781e-01
2.3982059347733342e+00 -2.2369890097954484e-01
2.3987895538035229e+00 -2.2361401620477100e-01
2.3993731728337107e+00 -2.2352901787009818e-01
2.3999567918638993e+00 -2.2344390639607656e-01
2.4005404108940880e+00 -2.2335868220233676e-01
2.4011240299242762e+00 -2.2327334570759139e-01
2.4017076489544644e+00 -2.2318789732963681e-01
2.4022912679846531e+00 -2.2310233748535477e-01
2.4028748870148413e+00 -2.2301666659071454e-01
2.4034585060450295e+00 -2.2293088506077399e-01
2.4040421250752182e+00 -2.2284499330968208e-01
2.4046257441054064e+00 -2.2275899175068017e-01
2.4052093631355946e+00 -2.2267288079610367e-01
2.4057929821657833e+00 -2.2258666085738391e-01
2.4063766011959715e+00 -2.2250033234505021e-01
2.4069602202261597e+00 -2.2241389566873096e-01
2.4075438392563484e+00 -2.2232735123715561e-01
2.4081274582865366e+00 -2.2224069945815680e-01
2.4087110773167248e+00 -2.2215394073867134e-01
2.4092946963469135e+00 -2.2206707548474239e-01
2.4098783153771017e+00 -2.2198010410152105e-01
2.4104619344072900e+00 -2.2189302699326832e-01
2.4110455534374786e+00 -2.2180584456335611e-01
2.4116291724676668e+00 -2.2171855721426972e-01
2.4122127914978551e+00 -2.2163116534760918e-01
2.4127964105280437e+00 -2.2154366936409081e-01
2.4133800295582319e+00 -2.2145606966354928e-01
2.4139636485884202e+00 -2.2136836664493878e-01
2.4145472676186088e+00 -2.2128056070633526e-01
2.4151308866487975e+00 -2.2119265224493787e-01
2.4157145056789853e+00 -2.2110464165707044e-01
2.4162981247091739e+00 -2.2101652933818344e-01
2.4168817437393626e+00 -2.2092831568285556e-01
2.4174653627695504e+00 -2.2084000108479537e-01
2.4180489817997390e+00 -2.2075158593684288e-01
2.4186326008299277e+00 -2.2066307063097140e-01
2.4192162198601159e+00 -2.2057445555828917e-01
2.4197998388903041e+00 -2.2048574110904076e-01
2.4203834579204928e+00 -2.2039692767260902e-01
2.4209670769506810e+00 -2.2030801563751670e-01
2.4215506959808692e+00 -2.2021900539142794e-01
2.4221343150110579e+00 -2.2012989732114971e-01
2.4227179340412461e+00 -2.2004069181263439e-01
2.4233015530714344e+00 -2.1995138925098023e-01
2.4238851721016230e+00 -2.1986199002043347e-01
2.4244687911318112e+00 -2.1977249450439049e-01
2.4250524101619995e+00 -2.1968290308539845e-01
2.4256360291921881e+00 -2.1959321614515770e-01
2.4262196482223763e+00 -2.1950343406452300e-01
2.4268032672525646e+00 -2.1941355722350550e-01
2.4273868862827532e+00 -2.1932358600127380e-01
2.4279705053129415e+00 -2.1923352077615604e-01
2.4285541243431297e+00 -2.1914336192564152e-01
2.4291377433733183e+00 -2.1905310982638188e-01
2.4297213624035066e+00 -2.1896276485419311e-01
2.4303049814336948e+00 -2.1887232738405701e-01
2.4308886004638834e+00 -2.1878179779012280e-01
2.4314722194940721e+00 -2.1869117644570876e-01
2.4320558385242599e+00 -2.1860046372330383e-01
2.4326394575544485e+00 -2.1850965999456876e-01
2.4332230765846372e+00 -2.1841876563033863e-01
2.4338066956148250e+00 -2.1832778100062381e-01
2.4343903146450137e+00 -2.1823670647461099e-01
2.4349739336752023e+00 -2.1814554242066628e-01
2.4355575527053905e+00 -2.1805428920633543e-01
2.4361411717355788e+00 -2.1796294719834591e-01
2.4367247907657674e+00 -2.1787151676260855e-01
2.4373084097959556e+00 -2.1777999826421898e-01
2.4378920288261439e+00 -2.1768839206745921e-01
2.4384756478563325e+00 -2.1759669853579902e-01
2.4390592668865207e+00 -2.1750491803189820e-01
2.4396428859167090e+00 -2.1741305091760715e-01
2.4402265049468976e+00 -2.1732109755396892e-01
2.4408101239770859e+00 -2.1722905830122113e-01
2.4413937430072741e+00 -2.1713693351879684e-01
2.4419773620374627e+00 -2.1704472356532628e-01
2.4425609810676510e+00 -2.1695242879863871e-01
2.4431446000978392e+00 -2.1686004957576377e-01
2.4437282191280278e+00 -2.1676758625293269e-01
2.4443118381582161e+00 -2.1667503918558054e-01
2.4448954571884043e+00 -2.1658240872834705e-01
2.4454790762185930e+00 -2.1648969523507855e-01
2.4460626952487812e+00 -2.1639689905882953e-01
2.4466463142789694e+00 -2.1630402055186360e-01
2.4472299333091581e+00 -2.1621106006565588e-01
2.4478135523393467e+00 -2.1611801795089389e-01
2.4483971713695345e+00 -2.1602489455747928e-01
2.4489807903997232e+00 -2.1593169023452904e-01
2.4495644094299118e+00 -2.1583840533037771e-01
2.4501480284600996e+00 -2.1574504019257834e-01
2.4507316474902883e+00 -2.1565159516790369e-01
2.4513152665204769e+00 -2.1555807060234872e-01
2.4518988855506652e+00 -2.1546446684113132e-01
2.4524825045808534e+00 -2.1537078422869385e-01
2.4530661236110420e+00 -2.1527702310870470e-01
2.4536497426412303e+00 -2.1518318382406043e-01
2.4542333616714185e+00 -2.1508926671688616e-01
2.4548169807016071e+00 -2.1499527212853761e-01
2.4554005997317954e+00 -2.1490120039960298e-01
2.4559842187619836e+00 -2.1480705186990356e-01
2.4565678377921722e+00 -2.1471282687849591e-01
2.4571514568223605e+00 -2.1461852576367293e-01
2.4577350758525487e+00 -2.1452414886296567e-01
2.4583186948827374e+00 -2.1442969651314450e-01
2.4589023139129256e+00 -2.1433516905022060e-01
2.4594859329431138e+00 -2.1424056680944781e-01
2.4600695519733025e+00 -2.1414589012532342e-01
2.4606531710034907e+00 -2.1405113933159040e-01
2.4612367900336789e+00 -2.1395631476123800e-01
2.4618204090638676e+00 -2.1386141674650413e-01
2.4624040280940558e+00 -2.1376644561887606e-01
2.4629876471242440e+00 -2.1367140170909221e-01
2.4635712661544327e+00 -2.1357628534714354e-01
2.4641548851846209e+00 -2.1348109686227512e-01
2.4647385042148091e+00 -2.1338583658298721e-01
2.4653221232449978e+00 -2.1329050483703696e-01
2.4659057422751864e+00 -2.1319510195143998e-01
2.4664893613053742e+00 -2.1309962825247178e-01
2.4670729803355629e+00 -2.1300408406566823e-01
2.4676565993657515e+00 -2.1290846971582872e-01
2.4682402183959393e+00 -2.1281278552701619e-01
2.4688238374261280e+00 -2.1271703182255888e-01
2.4694074564563167e+00 -2.1262120892505204e-01
2.4699910754865049e+00 -2.1252531715635942e-01
2.4705746945166931e+00 -2.1242935683761413e-01
2.4711583135468818e+00 -2.1233332828922025e-01
2.4717419325770700e+00 -2.1223723183085488e-01
2.4723255516072582e+00 -2.1214106778146857e-01
2.4729091706374469e+00 -2.1204483645928721e-01
2.4734927896676351e+00 -2.1194853818181364e-01
2.4740764086978233e+00 -2.1185217326582867e-01
2.4746600277280120e+00 -2.1175574202739247e-01
2.4752436467582002e+00 -2.1165924478184636e-01
2.4758272657883884e+00 -2.1156268184381394e-01
2.4764108848185771e+00 -2.1146605352720216e-01
2.4769945038487653e+00 -2.1136936014520341e-01
2.4775781228789535e+00 -2.1127260201029635e-01
2.4781617419091422e+00 -2.1117577943424742e-01
2.4787453609393304e+00 -2.1107889272811245e-01
2.4793289799695186e+00 -2.1098194220223765e-01
2.4799125989997073e+00 -2.1088492816626120e-01
2.4804962180298955e+00 -2.1078785092911484e-01
2.4810798370600837e+00 -2.1069071079902477e-01
2.4816634560902724e+00 -2.1059350808351321e-01
2.4822470751204611e+00 -2.1049624308940007e-01
2.4828306941506488e+00 -2.1039891612280398e-01
2.4834143131808375e+00 -2.1030152748914330e-01
2.4839979322110262e+00 -2.1020407749313832e-01
2.4845815512412139e+00 -2.1010656643881237e-01
2.4851651702714026e+00 -2.1000899462949230e-01
2.4857487893015913e+00 -2.0991136236781094e-01
2.4863324083317795e+00 -2.0981366995570824e-01
2.4869160273619677e+00 -2.0971591769443201e-01
2.4874996463921564e+00 -2.0961810588453961e-01
2.4880832654223446e+00 -2.0952023482589954e-01
2.4886668844525328e+00 -2.0942230481769267e-01
2.4892505034827215e+00 -2.0932431615841302e-01
2.4898341225129097e+00 -2.0922626914586998e-01
2.4904177415430979e+00 -2.0912816407718898e-01
2.4910013605732866e+00 -2.0903000124881299e-01
2.4915849796034748e+00 -2.0893178095650411e-01
2.4921685986336630e+00 -2.0883350349534430e-01
2.4927522176638517e+00 -2.0873516915973736e-01
2.4933358366940399e+00 -2.0863677824341004e-01
2.4939194557242281e+00 -2.0853833103941283e-01
2.4945030747544168e+00 -2.0843982784012213e-01
2.4950866937846050e+00 -2.0834126893724103e-01
2.4956703128147932e+00 -2.0824265462180055e-01
2.4962539318449819e+00 -2.0814398518416127e-01
2.4968375508751701e+00 -2.0804526091401460e-01
2.4974211699053583e+00 -2.0794648210038380e-01
2.4980047889355470e+00 -2.0784764903162525e-01
2.4985884079657357e+00 -2.0774876199543044e-01
2.4991720269959234e+00 -2.0764982127882653e-01
2.4997556460261121e+00 -2.0755082716817758e-01
2.5003392650563008e+00 -2.0745177994918645e-01
2.5009228840864886e+00 -2.0735267990689596e-01
2.5015065031166772e+00 -2.0725352732568933e-01
2.5020901221468659e+00 -2.0715432248929272e-01
2.5026737411770537e+00 -2.0705506568077581e-01
2.5032573602072423e+00 -2.0695575718255277e-01
2.5038409792374310e+00 -2.0685639727638439e-01
2.5044245982676192e+00 -2.0675698624337863e-01
2.5050082172978074e+00 -2.0665752436399232e-01
2.5055918363279961e+00 -2.0655801191803216e-01
2.5061754553581843e+00 -2.0645844918465603e-01
2.5067590743883725e+00 -2.0635883644237452e-01
2.5073426934185612e+00 -2.0625917396905180e-01
2.5079263124487494e+00 -2.0615946204190716e-01
2.5085099314789376e+00 -2.0605970093751599e-01
2.5090935505091263e+00 -2.0595989093181147e-01
2.5096771695393145e+00 -2.0586003230008540e-01
2.5102607885695027e+00 -2.0576012531698962e-01
2.5108444075996914e+00 -2.0566017025653729e-01
2.5114280266298796e+00 -2.0556016739210414e-01
2.5120116456600678e+00 -2.0546011699642958e-01
2.5125952646902565e+00 -2.0536001934161782e-01
2.5131788837204447e+00 -2.0525987469913987e-01
2.5137625027506330e+00 -2.0515968333983373e-01
2.5143461217808216e+00 -2.0505944553390612e-01
2.5149297408110098e+00 -2.0495916155093413e-01
2.5155133598411981e+00 -2.0485883165986571e-01
2.5160969788713867e+00 -2.0475845612902097e-01
2.5166805979015754e+00 -2.0465803522609399e-01
2.5172642169317632e+00 -2.0455756921815396e-01
2.5178478359619518e+00 -2.0445705837164535e-01
2.5184314549921405e+00 -2.0435650295239044e-01
2.5190150740223283e+00 -2.0425590322559026e-01
2.5195986930525169e+00 -2.0415525945582472e-01
2.5201823120827056e+00 -2.0405457190705545e-01
2.5207659311128938e+00 -2.0395384084262574e-01
2.5213495501430820e+00 -2.0385306652526258e-01
2.5219331691732707e+00 -2.0375224921707705e-01
2.5225167882034589e+00 -2.0365138917956641e-01
2.5231004072336471e+00 -2.0355048667361450e-01
2.5236840262638358e+00 -2.0344954195949355e-01
2.5242676452940240e+00 -2.0334855529686516e-01
2.5248512643242123e+00 -2.0324752694478115e-01
2.5254348833544009e+00 -2.0314645716168536e-01
2.5260185023845891e+00 -2.0304534620541451e-01
2.5266021214147774e+00 -2.0294419433319927e-01
2.5271857404449660e+00 -2.0284300180166545e-01
2.5277693594751542e+00 -2.0274176886683598e-01
2.5283529785053425e+00 -2.0264049578413076e-01
2.5289365975355311e+00 -2.0253918280836863e-01
2.5295202165657193e+00 -2.0243783019376882e-01
2.5301038355959076e+00 -2.0233643819395125e-01
2.5306874546260962e+00 -2.0223500706193848e-01
2.5312710736562845e+00 -2.0213353705015638e-01
2.5318546926864727e+00 -2.0203202841043585e-01
2.5324383117166613e+00 -2.0193048139401323e-01
2.5330219307468500e+00 -2.0182889625153197e-01
2.5336055497770378e+00 -2.0172727323304415e-01
2.5341891688072264e+00 -2.0162561258801034e-01
2.5347727878374151e+00 -2.0152391456530233e-01
2.5353564068676029e+00 -2.0142217941320320e-01
2.5359400258977915e+00 -2.0132040737940887e-01
2.5365236449279802e+00 -2.0121859871102923e-01
2.5371072639581684e+00 -2.0111675365458934e-01
2.5376908829883567e+00 -2.0101487245603045e-01
2.5382745020185453e+00 -2.0091295536071105e-01
2.5388581210487335e+00 -2.0081100261340845e-01
2.5394417400789218e+00 -2.0070901445831926e-01
2.5400253591091104e+00 -2.0060699113906122e-01
2.5406089781392986e+00 -2.0050493289867385e-01
2.5411925971694869e+00 -2.0040283997961975e-01
2.5417762161996755e+00 -2.0030071262378574e-01
2.5423598352298638e+00 -2.0019855107248405e-01
2.5429434542600520e+00 -2.0009635556645325e-01
2.5435270732902406e+00 -1.9999412634585947e-01
2.5441106923204289e+00 -1.9989186365029787e-01
2.5446943113506171e+00 -1.9978956771879305e-01
2.5452779303808057e+00 -1.9968723878980060e-01
2.5458615494109940e+00 -1.9958487710120859e-01
2.5464451684411822e+00 -1.9948248289033779e-01
2.5470287874713708e+00 -1.9938005639394343e-01
2.5476124065015591e+00 -1.9927759784821630e-01
2.5481960255317473e+00 -1.9917510748878359e-01
2.5487796445619360e+00 -1.9907258555071003e-01
2.5493632635921242e+00 -1.9897003226849916e-01
2.5499468826223124e+00 -1.9886744787609453e-01
2.5505305016525011e+00 -1.9876483260688019e-01
2.5511141206826897e+00 -1.9866218669368269e-01
2.5516977397128775e+00 -1.9855951036877148e-01
2.5522813587430662e+00 -1.9845680386386019e-01
2.5528649777732548e+00 -1.9835406741010786e-01
2.5534485968034426e+00 -1.9825130123812010e-01
2.5540322158336313e+00 -1.9814850557794944e-01
2.5546158348638199e+00 -1.9804568065909775e-01
2.5551994538940082e+00 -1.9794282671051619e-01
2.5557830729241964e+00 -1.9783994396060650e-01
2.5563666919543850e+00 -1.9773703263722262e-01
2.5569503109845733e+00 -1.9763409296767129e-01
2.5575339300147615e+00 -1.9753112517871305e-01
2.5581175490449501e+00 -1.9742812949656355e-01
2.5587011680751384e+00 -1.9732510614689500e-01
2.5592847871053266e+00 -1.9722205535483631e-01
2.5598684061355153e+00 -1.9711897734497472e-01
2.5604520251657035e+00 -1.9701587234135717e-01
2.5610356441958917e+00 -1.9691274056749078e-01
2.5616192632260804e+00 -1.9680958224634390e-01
2.5622028822562686e+00 -1.9670639760034805e-01
2.5627865012864568e+00 -1.9660318685139774e-01
2.5633701203166455e+00 -1.9649995022085240e-01
2.5639537393468337e+00 -1.9639668792953713e-01
2.5645373583770219e+00 -1.9629340019774391e-01
2.5651209774072106e+00 -1.9619008724523226e-01
2.5657045964373988e+00 -1.9608674929123082e-01
2.5662882154675870e+00 -1.9598338655443798e-01
2.5668718344977757e+00 -1.9587999925302324e-01
2.5674554535279643e+00 -1.9577658760462788e-01
2.5680390725581521e+00 -1.9567315182636660e-01
2.5686226915883408e+00 -1.9556969213482775e-01
2.5692063106185294e+00 -1.9546620874607495e-01
2.5697899296487172e+00 -1.9536270187564839e-01
2.5703735486789059e+00 -1.9525917173856458e-01
2.5709571677090945e+00 -1.9515561854931904e-01
2.5715407867392828e+00 -1.9505204252188638e-01
2.5721244057694710e+00 -1.9494844386972118e-01
2.5727080247996597e+00 -1.9484482280575963e-01
2.5732916438298479e+00 -1.9474117954242023e-01
2.5738752628600361e+00 -1.9463751429160472e-01
2.5744588818902248e+00 -1.9453382726469909e-01
2.5750425009204130e+00 -1.9443011867257526e-01
2.5756261199506012e+00 -1.9432638872559110e-01
2.5762097389807899e+00 -1.9422263763359185e-01
2.5767933580109781e+00 -1.9411886560591168e-01
2.5773769770411663e+00 -1.9401507285137384e-01
2.5779605960713550e+00 -1.9391125957829200e-01
2.5785442151015432e+00 -1.9380742599447162e-01
2.5791278341317314e+00 -1.9370357230721036e-01
2.5797114531619201e+00 -1.9359969872329960e-01
2.5802950721921083e+00 -1.9349580544902489e-01
2.5808786912222965e+00 -1.9339189269016779e-01
2.5814623102524852e+00 -1.9328796065200574e-01
2.5820459292826734e+00 -1.9318400953931417e-01
2.5826295483128616e+00 -1.9308003955636660e-01
2.5832131673430503e+00 -1.9297605090693634e-01
2.5837967863732390e+00 -1.9287204379429701e-01
2.5843804054034267e+00 -1.9276801842122379e-01
2.5849640244336154e+00 -1.9266397498999413e-01
2.5855476434638041e+00 -1.9255991370238906e-01
2.5861312624939918e+00 -1.9245583475969419e-01
2.5867148815241805e+00 -1.9235173836269984e-01
2.5872985005543692e+00 -1.9224762471170365e-01
2.5878821195845574e+00 -1.9214349400651007e-01
2.5884657386147456e+00 -1.9203934644643186e-01
2.5890493576449343e+00 -1.9193518223029130e-01
2.5896329766751225e+00 -1.9183100155642091e-01
2.5902165957053107e+00 -1.9172680462266445e-01
2.5908002147354994e+00 -1.9162259162637760e-01
2.5913838337656876e+00 -1.9151836276442996e-01
2.5919674527958758e+00 -1.9141411823320459e-01
2.5925510718260645e+00 -1.9130985822859994e-01
2.5931346908562527e+00 -1.9120558294603066e-01
2.5937183098864409e+00 -1.9110129258042829e-01
2.5943019289166296e+00 -1.9099698732624240e-01
2.5948855479468178e+00 -1.9089266737744154e-01
2.5954691669770060e+00 -1.9078833292751435e-01
2.5960527860071947e+00 -1.9068398416947008e-01
2.5966364050373829e+00 -1.9057962129583994e-01
2.5972200240675711e+00 -1.9047524449867789e-01
2.5978036430977598e+00 -1.9037085396956163e-01
2.5983872621279480e+00 -1.9026644989959371e-01
2.5989708811581362e+00 -1.9016203247940189e-01
2.5995545001883249e+00 -1.9005760189914084e-01
2.6001381192185131e+00 -1.8995315834849277e-01
2.6007217382487013e+00 -1.8984870201666806e-01
2.6013053572788900e+00 -1.8974423309240657e-01
2.6018889763090787e+00 -1.8963975176397860e-01
2.6024725953392664e+00 -1.8953525821918588e-01
2.6030562143694551e+00 -1.8943075264536161e-01
2.6036398333996438e+00 -1.8932623522937289e-01
2.6042234524298316e+00 -1.8922170615762074e-01
2.6048070714600202e+00 -1.8911716561604058e-01
2.6053906904902089e+00 -1.8901261379010426e-01
2.6059743095203971e+00 -1.8890805086482063e-01
2.6065579285505853e+00 -1.8880347702473577e-01
2.6071415475807740e+00 -1.8869889245393454e-01
2.6077251666109622e+00 -1.8859429733604188e-01
2.6083087856411504e+00 -1.8848969185422274e-01
2.6088924046713391e+00 -1.8838507619118353e-01
2.6094760237015273e+00 -1.8828045052917328e-01
2.6100596427317155e+00 -1.8817581504998404e-01
2.6106432617619042e+00 -1.8807116993495210e-01
2.6112268807920924e+00 -1.8796651536495884e-01
2.6118104998222806e+00 -1.8786185152043169e-01
2.6123941188524693e+00 -1.8775717858134475e-01
2.6129777378826575e+00 -1.8765249672722023e-01
2.6135613569128457e+00 -1.8754780613712865e-01
2.6141449759430344e+00 -1.8744310698969052e-01
2.6147285949732226e+00 -1.8733839946307665e-01
2.6153122140034109e+00 -1.8723368373500918e-01
2.6158958330335995e+00 -1.8712895998276266e-01
2.6164794520637877e+00 -1.8702422838316490e-01
2.6170630710939760e+00 -1.8691948911259751e-01
2.6176466901241646e+00 -1.8681474234699719e-01
2.6182303091543533e+00 -1.8670998826185681e-01
2.6188139281845411e+00 -1.8660522703222571e-01
2.6193975472147297e+00 -1.8650045883271055e-01
2.6199811662449184e+00 -1.8639568383747709e-01
2.6205647852751062e+00 -1.8629090222025038e-01
2.6211484043052948e+00 -1.8618611415431524e-01
2.6217320233354835e+00 -1.8608131981251816e-01
2.6223156423656717e+00 -1.8597651936726772e-01
2.6228992613958599e+00 -1.8587171299053509e-01
2.6234828804260486e+00 -1.8576690085385528e-01
2.6240664994562368e+00 -1.8566208312832827e-01
2.6246501184864250e+00 -1.8555725998461922e-01
2.6252337375166137e+00 -1.8545243159295985e-01
2.6258173565468019e+00 -1.8534759812314908e-01
2.6264009755769901e+00 -1.8524275974455420e-01
2.6269845946071788e+00 -1.8513791662611120e-01
2.6275682136373670e+00 -1.8503306893632612e-01
2.6281518326675553e+00 -1.8492821684327579e-01
2.6287354516977439e+00 -1.8482336051460835e-01
2.6293190707279321e+00 -1.8471850011754481e-01
2.6299026897581204e+00 -1.8461363581887905e-01
2.6304863087883090e+00 -1.8450876778497935e-01
2.6310699278184972e+00 -1.8440389618178912e-01
2.6316535468486855e+00 -1.8429902117482744e-01
2.6322371658788741e+00 -1.8419414292918998e-01
2.6328207849090624e+00 -1.8408926160955050e-01
2.6334044039392506e+00 -1.8398437738016074e-01
2.6339880229694392e+00 -1.8387949040485158e-01
2.6345716419996275e+00 -1.8377460084703465e-01
2.6351552610298157e+00 -1.8366970886970196e-01
2.6357388800600043e+00 -1.8356481463542729e-01
2.6363224990901930e+00 -1.8345991830636749e-01
2.6369061181203808e+00 -1.8335502004426282e-01
2.6374897371505694e+00 -1.8325012001043720e-01
2.6380733561807581e+00 -1.8314521836580042e-01
2.6386569752109459e+00 -1.8304031527084827e-01
2.6392405942411346e+00 -1.8293541088566265e-01
2.6398242132713232e+00 -1.8283050536991366e-01
2.6404078323015114e+00 -1.8272559888285994e-01
2.6409914513316997e+00 -1.8262069158334912e-01
2.6415750703618883e+00 -1.8251578362981905e-01
2.6421586893920765e+00 -1.8241087518029847e-01
2.6427423084222648e+00 -1.8230596639240823e-01
2.6433259274524534e+00 -1.8220105742336129e-01
2.6439095464826416e+00 -1.8209614842996447e-01
2.6444931655128299e+00 -1.8199123956861837e-01
2.6450767845430185e+00 -1.8188633099531906e-01
2.6456604035732068e+00 -1.8178142286565827e-01
2.6462440226033950e+00 -1.8167651533482437e-01
2.6468276416335836e+00 -1.8157160855760332e-01
2.6474112606637719e+00 -1.8146670268837947e-01
2.6479948796939601e+00 -1.8136179788113607e-01
2.6485784987241487e+00 -1.8125689428945624e-01
2.6491621177543370e+00 -1.8115199206652433e-01
2.6497457367845252e+00 -1.8104709136512559e-01
2.6503293558147138e+00 -1.8094219233764791e-01
2.6509129748449021e+00 -1.8083729513608240e-01
2.6514965938750903e+00 -1.8073239991202397e-01
2.6520802129052790e+00 -1.8062750681667228e-01
2.6526638319354676e+00 -1.8052261600083244e-01
2.6532474509656554e+00 -1.8041772761491631e-01
2.6538310699958441e+00 -1.8031284180894222e-01
2.6544146890260327e+00 -1.8020795873253681e-01
2.6549983080562205e+00 -1.8010307853493573e-01
2.6555819270864092e+00 -1.7999820136498335e-01
2.6561655461165978e+00 -1.7989332737113495e-01
2.6567491651467861e+00 -1.7978845670145663e-01
2.6573327841769743e+00 -1.7968358950362662e-01
2.6579164032071629e+00 -1.7957872592493540e-01
2.6585000222373512e+00 -1.7947386611228711e-01
2.6590836412675394e+00 -1.7936901021220017e-01
2.6596672602977280e+00 -1.7926415837080778e-01
2.6602508793279163e+00 -1.7915931073385913e-01
2.6608344983581045e+00 -1.7905446744671974e-01
2.6614181173882931e+00 -1.7894962865437267e-01
2.6620017364184814e+00 -1.7884479450141894e-01
2.6625853554486696e+00 -1.7873996513207838e-01
2.6631689744788583e+00 -1.7863514069019074e-01
2.6637525935090465e+00 -1.7853032131921584e-01
2.6643362125392347e+00 -1.7842550716223496e-01
2.6649198315694234e+00 -1.7832069836195102e-01
2.6655034505996116e+00 -1.7821589506069008e-01
2.6660870696297998e+00 -1.7811109740040132e-01
2.6666706886599885e+00 -1.7800630552265814e-01
2.6672543076901767e+00 -1.7790151956865935e-01
2.6678379267203649e+00 -1.7779673967922915e-01
2.6684215457505536e+00 -1.7769196599481821e-01
2.6690051647807422e+00 -1.7758719865550468e-01
2.6695887838109300e+00 -1.7748243780099501e-01
2.6701724028411187e+00 -1.7737768357062372e-01
2.6707560218713073e+00 -1.7727293610335532e-01
2.6713396409014951e+00 -1.7716819553778487e-01
2.6719232599316838e+00 -1.7706346201213785e-01
2.6725068789618724e+00 -1.7695873566427200e-01
2.6730904979920607e+00 -1.7685401663167735e-01
2.6736741170222489e+00 -1.7674930505147754e-01
2.6742577360524376e+00 -1.7664460106042970e-01
2.6748413550826258e+00 -1.7653990479492621e-01
2.6754249741128140e+00 -1.7643521639099485e-01
2.6760085931430027e+00 -1.7633053598429949e-01
2.6765922121731909e+00 -1.7622586371014123e-01
2.6771758312033791e+00 -1.7612119970345871e-01
2.6777594502335678e+00 -1.7601654409882911e-01
2.6783430692637560e+00 -1.7591189703046886e-01
2.6789266882939442e+00 -1.7580725863223437e-01
2.6795103073241329e+00 -1.7570262903762232e-01
2.6800939263543211e+00 -1.7559800837977149e-01
2.6806775453845093e+00 -1.7549339679146220e-01
2.6812611644146980e+00 -1.7538879440511779e-01
2.6818447834448862e+00 -1.7528420135280545e-01
2.6824284024750744e+00 -1.7517961776623639e-01
2.6830120215052631e+00 -1.7507504377676675e-01
2.6835956405354513e+00 -1.7497047951539879e-01
2.6841792595656395e+00 -1.7486592511278107e-01
2.6847628785958282e+00 -1.7476138069920924e-01
2.6853464976260164e+00 -1.7465684640462706e-01
2.6859301166562046e+00 -1.7455232235862689e-01
2.6865137356863933e+00 -1.7444780869045029e-01
2.6870973547165820e+00 -1.7434330552898900e-01
2.6876809737467697e+00 -1.7423881300278579e-01
2.6882645927769584e+00 -1.7413433124003430e-01
2.6888482118071471e+00 -1.7402986036858098e-01
2.6894318308373348e+00 -1.7392540051592492e-01
2.6900154498675235e+00 -1.7382095180921883e-01
2.6905990688977122e+00 -1.7371651437526978e-01
2.6911826879279004e+00 -1.7361208834054001e-01
2.6917663069580886e+00 -1.7350767383114724e-01
2.6923499259882773e+00 -1.7340327097286576e-01
2.6929335450184655e+00 -1.7329887989112716e-01
2.6935171640486537e+00 -1.7319450071102058e-01
2.6941007830788424e+00 -1.7309013355729386e-01
2.6946844021090306e+00 -1.7298577855435424e-01
2.6952680211392188e+00 -1.7288143582626853e-01
2.6958516401694075e+00 -1.7277710549676434e-01
2.6964352591995957e+00 -1.7267278768923086e-01
2.6970188782297839e+00 -1.7256848252671889e-01
2.6976024972599726e+00 -1.7246419013194209e-01
2.6981861162901608e+00 -1.7235991062727771e-01
2.6987697353203490e+00 -1.7225564413476693e-01
2.6993533543505377e+00 -1.7215139077611546e-01
2.6999369733807259e+00 -1.7204715067269502e-01
2.7005205924109141e+00 -1.7194292394554303e-01
2.7011042114411028e+00 -1.7183871071536388e-01
2.7016878304712910e+00 -1.7173451110252952e-01
2.7022714495014792e+00 -1.7163032522708016e-01
2.7028550685316679e+00 -1.7152615320872450e-01
2.7034386875618566e+00 -1.7142199516684131e-01
2.7040223065920443e+00 -1.7131785122047935e-01
2.7046059256222330e+00 -1.7121372148835820e-01
2.7051895446524217e+00 -1.7110960608886910e-01
2.7057731636826095e+00 -1.7100550514007570e-01
2.7063567827127981e+00 -1.7090141875971418e-01
2.7069404017429868e+00 -1.7079734706519478e-01
2.7075240207731750e+00 -1.7069329017360180e-01
2.7081076398033632e+00 -1.7058924820169430e-01
2.7086912588335519e+00 -1.7048522126590723e-01
2.7092748778637401e+00 -1.7038120948235172e-01
2.7098584968939283e+00 -1.7027721296681575e-01
2.7104421159241170e+00 -1.7017323183476493e-01
2.7110257349543052e+00 -1.7006926620134330e-01
2.7116093539844934e+00 -1.6996531618137350e-01
2.7121929730146821e+00 -1.6986138188935790e-01
2.7127765920448703e+00 -1.6975746343947937e-01
2.7133602110750585e+00 -1.6965356094560127e-01
2.7139438301052472e+00 -1.6954967452126854e-01
2.7145274491354354e+00 -1.6944580427970882e-01
2.7151110681656236e+00 -1.6934195033383209e-01
2.7156946871958123e+00 -1.6923811279623191e-01
2.7162783062260005e+00 -1.6913429177918615e-01
2.7168619252561887e+00 -1.6903048739465759e-01
2.7174455442863774e+00 -1.6892669975429417e-01
2.7180291633165656e+00 -1.6882292896943030e-01
2.7186127823467539e+00 -1.6871917515108675e-01
2.7191964013769425e+00 -1.6861543840997192e-01
2.7197800204071312e+00 -1.6851171885648239e-01
2.7203636394373190e+00 -1.6840801660070323e-01
2.7209472584675076e+00 -1.6830433175240878e-01
2.7215308774976963e+00 -1.6820066442106349e-01
2.7221144965278841e+00 -1.6809701471582258e-01
2.7226981155580727e+00 -1.6799338274553197e-01
2.7232817345882614e+00 -1.6788976861873009e-01
2.7238653536184492e+00 -1.6778617244364766e-01
2.7244489726486378e+00 -1.6768259432820820e-01
2.7250325916788265e+00 -1.6757903438002961e-01
2.7256162107090147e+00 -1.6747549270642401e-01
2.7261998297392029e+00 -1.6737196941439833e-01
2.7267834487693916e+00 -1.6726846461065523e-01
2.7273670677995798e+00 -1.6716497840159417e-01
2.7279506868297680e+00 -1.6706151089331095e-01
2.7285343058599567e+00 -1.6695806219159906e-01
2.7291179248901449e+00 -1.6685463240195053e-01
2.7297015439203332e+00 -1.6675122162955586e-01
2.7302851629505218e+00 -1.6664782997930500e-01
2.7308687819807100e+00 -1.6654445755578812e-01
2.7314524010108983e+00 -1.6644110446329596e-01
2.7320360200410869e+00 -1.6633777080582063e-01
2.7326196390712751e+00 -1.6623445668705597e-01
2.7332032581014634e+00 -1.6613116221039867e-01
2.7337868771316520e+00 -1.6602788747894831e-01
2.7343704961618402e+00 -1.6592463259550824e-01
2.7349541151920285e+00 -1.6582139766258630e-01
2.7355377342222171e+00 -1.6571818278239528e-01
2.7361213532524054e+00 -1.6561498805685360e-01
2.7367049722825936e+00 -1.6551181358758574e-01
2.7372885913127822e+00 -1.6540865947592315e-01
2.7378722103429709e+00 -1.6530552582290464e-01
2.7384558293731587e+00 -1.6520241272927727e-01
2.7390394484033473e+00 -1.6509932029549615e-01
2.7396230674335360e+00 -1.6499624862172635e-01
2.7402066864637238e+00 -1.6489319780784245e-01
2.7407903054939124e+00 -1.6479016795342910e-01
2.7413739245241011e+00 -1.6468715915778279e-01
2.7419575435542893e+00 -1.6458417151991114e-01
2.7425411625844776e+00 -1.6448120513853412e-01
2.7431247816146662e+00 -1.6437826011208431e-01
2.7437084006448544e+00 -1.6427533653870832e-01
2.7442920196750427e+00 -1.6417243451626631e-01
2.7448756387052313e+00 -1.6406955414233304e-01
2.7454592577354195e+00 -1.6396669551419890e-01
2.7460428767656078e+00 -1.6386385872886980e-01
2.7466264957957964e+00 -1.6376104388306792e-01
2.7472101148259847e+00 -1.6365825107323279e-01
2.7477937338561729e+00 -1.6355548039552137e-01
2.7483773528863615e+00 -1.6345273194580862e-01
2.7489609719165498e+00 -1.6335000581968859e-01
2.7495445909467380e+00 -1.6324730211247440e-01
2.7501282099769266e+00 -1.6314462091919921e-01
2.7507118290071149e+00 -1.6304196233461674e-01
2.7512954480373031e+00 -1.6293932645320161e-01
2.7518790670674917e+00 -1.6283671336915029e-01
2.7524626860976800e+00 -1.6273412317638161e-01
2.7530463051278682e+00 -1.6263155596853696e-01
2.7536299241580569e+00 -1.6252901183898105e-01
2.7542135431882455e+00 -1.6242649088080319e-01
2.7547971622184333e+00 -1.6232399318681673e-01
2.7553807812486220e+00 -1.6222151884956004e-01
2.7559644002788106e+00 -1.6211906796129769e-01
2.7565480193089984e+00 -1.6201664061402035e-01
2.7571316383391871e+00 -1.6191423689944517e-01
2.7577152573693757e+00 -1.6181185690901720e-01
2.7582988763995639e+00 -1.6170950073390941e-01
2.7588824954297522e+00 -1.6160716846502315e-01
2.7594661144599408e+00 -1.6150486019298887e-01
2.7600497334901291e+00 -1.6140257600816713e-01
2.7606333525203173e+00 -1.6130031600064823e-01
2.7612169715505059e+00 -1.6119808026025342e-01
2.7618005905806942e+00 -1.6109586887653571e-01
2.7623842096108824e+00 -1.6099368193877966e-01
2.7629678286410710e+00 -1.6089151953600236e-01
2.7635514476712593e+00 -1.6078938175695415e-01
2.7641350667014475e+00 -1.6068726869011896e-01
2.7647186857316361e+00 -1.6058518042371478e-01
2.7653023047618244e+00 -1.6048311704569448e-01
2.7658859237920126e+00 -1.6038107864374607e-01
2.7664695428222013e+00 -1.6027906530529357e-01
2.7670531618523895e+00 -1.6017707711749737e-01
2.7676367808825777e+00 -1.6007511416725476e-01
2.7682203999127664e+00 -1.5997317654120050e-01
2.7688040189429546e+00 -1.5987126432570756e-01
2.7693876379731428e+00 -1.5976937760688739e-01
2.7699712570033315e+00 -1.5966751647059049e-01
2.7705548760335197e+00 -1.5956568100240745e-01
2.7711384950637079e+00 -1.5946387128766876e-01
2.7717221140938966e+00 -1.5936208741144564e-01
2.7723057331240852e+00 -1.5926032945855101e-01
2.7728893521542730e+00 -1.5915859751353958e-01
2.7734729711844617e+00 -1.5905689166070805e-01
2.7740565902146503e+00 -1.5895521198409651e-01
2.7746402092448381e+00 -1.5885355856748867e-01
2.7752238282750268e+00 -1.5875193149441177e-01
2.7758074473052154e+00 -1.5865033084813795e-01
2.7763910663354037e+00 -1.5854875671168467e-01
2.7769746853655919e+00 -1.5844720916781466e-01
2.7775583043957806e+00 -1.5834568829903692e-01
2.7781419234259688e+00 -1.5824419418760727e-01
2.7787255424561570e+00 -1.5814272691552889e-01
2.7793091614863457e+00 -1.5804128656455238e-01
2.7798927805165339e+00 -1.5793987321617706e-01
2.7804763995467221e+00 -1.5783848695165090e-01
2.7810600185769108e+00 -1.5773712785197119e-01
2.7816436376070990e+00 -1.5763579599788530e-01
2.7822272566372872e+00 -1.5753449146989082e-01
2.7828108756674759e+00 -1.5743321434823643e-01
2.7833944946976641e+00 -1.5733196471292241e-01
2.7839781137278523e+00 -1.5723074264370074e-01
2.7845617327580410e+00 -1.5712954822007610e-01
2.7851453517882292e+00 -1.5702838152130635e-01
2.7857289708184174e+00 -1.5692724262640273e-01
2.7863125898486061e+00 -1.5682613161413045e-01
2.7868962088787943e+00 -1.5672504856300978e-01
2.7874798279089825e+00 -1.5662399355131570e-01
2.7880634469391712e+00 -1.5652296665707888e-01
2.7886470659693599e+00 -1.5642196795808644e-01
2.7892306849995476e+00 -1.5632099753188206e-01
2.7898143040297363e+00 -1.5622005545576620e-01
2.7903979230599250e+00 -1.5611914180679751e-01
2.7909815420901127e+00 -1.5601825666179298e-01
2.7915651611203014e+00 -1.5591740009732769e-01
2.7921487801504901e+00 -1.5581657218973635e-01
2.7927323991806783e+00 -1.5571577301511366e-01
2.7933160182108665e+00 -1.5561500264931419e-01
2.7938996372410552e+00 -1.5551426116795322e-01
2.7944832562712434e+00 -1.5541354864640761e-01
2.7950668753014316e+00 -1.5531286515981585e-01
2.7956504943316203e+00 -1.5521221078307867e-01
2.7962341133618085e+00 -1.5511158559085966e-01
2.7968177323919967e+00 -1.5501098965758564e-01
2.7974013514221854e+00 -1.5491042305744723e-01
2.7979849704523736e+00 -1.5480988586439939e-01
2.7985685894825618e+00 -1.5470937815216176e-01
2.7991522085127505e+00 -1.5460889999421928e-01
2.7997358275429387e+00 -1.5450845146382289e-01
2.8003194465731269e+00 -1.5440803263398958e-01
2.8009030656033156e+00 -1.5430764357750293e-01
2.8014866846335038e+00 -1.5420728436691442e-01
2.8020703036636920e+00 -1.5410695507454275e-01
2.8026539226938807e+00 -1.5400665577247491e-01
2.8032375417240689e+00 -1.5390638653256708e-01
2.8038211607542571e+00 -1.5380614742644422e-01
2.8044047797844458e+00 -1.5370593852550116e-01
2.8049883988146345e+00 -1.5360575990090289e-01
2.8055720178448222e+00 -1.5350561162358556e-01
2.8061556368750109e+00 -1.5340549376425577e-01
2.8067392559051996e+00 -1.5330540639339232e-01
2.8073228749353873e+00 -1.5320534958124635e-01
2.8079064939655760e+00 -1.5310532339784094e-01
2.8084901129957647e+00 -1.5300532791297292e-01
2.8090737320259529e+00 -1.5290536319621259e-01
2.8096573510561411e+00 -1.5280542931690438e-01
2.8102409700863298e+00 -1.5270552634416712e-01
2.8108245891165180e+00 -1.5260565434689491e-01
2.8114082081467062e+00 -1.5250581339375741e-01
2.8119918271768949e+00 -1.5240600355320011e-01
2.8125754462070831e+00 -1.5230622489344522e-01
2.8131590652372713e+00 -1.5220647748249175e-01
2.8137426842674600e+00 -1.5210676138811624e-01
2.8143263032976482e+00 -1.5200707667787333e-01
2.8149099223278364e+00 -1.5190742341909572e-01
2.8154935413580251e+00 -1.5180780167889521e-01
2.8160771603882133e+00 -1.5170821152416308e-01
2.8166607794184015e+00 -1.5160865302157014e-01
2.8172443984485902e+00 -1.5150912623756746e-01
2.8178280174787784e+00 -1.5140963123838735e-01
2.8184116365089666e+00 -1.5131016809004286e-01
2.8189952555391553e+00 -1.5121073685832875e-01
2.8195788745693435e+00 -1.5111133760882250e-01
2.8201624935995318e+00 -1.5101197040688358e-01
2.8207461126297204e+00 -1.5091263531765478e-01
2.8213297316599086e+00 -1.5081333240606248e-01
2.8219133506900969e+00 -1.5071406173681720e-01
2.8224969697202855e+00 -1.5061482337441368e-01
2.8230805887504742e+00 -1.5051561738313177e-01
2.8236642077806620e+00 -1.5041644382703689e-01
2.8242478268108506e+00 -1.5031730276997995e-01
2.8248314458410393e+00 -1.5021819427559840e-01
2.8254150648712271e+00 -1.5011911840731662e-01
2.8259986839014157e+00 -1.5002007522834587e-01
2.8265823029316044e+00 -1.4992106480168546e-01
2.8271659219617926e+00 -1.4982208719012260e-01
2.8277495409919808e+00 -1.4972314245623339e-01
2.8283331600221695e+00 -1.4962423066238265e-01
2.8289167790523577e+00 -1.4952535187072502e-01
2.8295003980825459e+00 -1.4942650614320482e-01
2.8300840171127346e+00 -1.4932769354155712e-01
2.8306676361429228e+00 -1.4922891412730760e-01
2.8312512551731110e+00 -1.4913016796177339e-01
2.8318348742032997e+00 -1.4903145510606319e-01
2.8324184932334879e+00 -1.4893277562107832e-01
2.8330021122636762e+00 -1.4883412956751238e-01
2.8335857312938648e+00 -1.4873551700585211e-01
2.8341693503240530e+00 -1.4863693799637812e-01
2.8347529693542413e+00 -1.4853839259916476e-01
2.8353365883844299e+00 -1.4843988087408067e-01
2.8359202074146181e+00 -1.4834140288078990e-01
2.8365038264448064e+00 -1.4824295867875129e-01
2.8370874454749950e+00 -1.4814454832721966e-01
2.8376710645051832e+00 -1.4804617188524608e-01
2.8382546835353715e+00 -1.4794782941167831e-01
2.8388383025655601e+00 -1.4784952096516096e-01
2.8394219215957488e+00 -1.4775124660413630e-01
2.8400055406259366e+00 -1.4765300638684492e-01
2.8405891596561252e+00 -1.4755480037132510e-01
2.8411727786863139e+00 -1.4745662861541436e-01
2.8417563977165017e+00 -1.4735849117674968e-01
2.8423400167466903e+00 -1.4726038811276726e-01
2.8429236357768790e+00 -1.4716231948070377e-01
2.8435072548070672e+00 -1.4706428533759641e-01
2.8440908738372555e+00 -1.4696628574028323e-01
2.8446744928674441e+00 -1.4686832074540385e-01
2.8452581118976323e+00 -1.4677039040939968e-01
2.8458417309278206e+00 -1.4667249478851441e-01
2.8464253499580092e+00 -1.4657463393879450e-01
2.8470089689881974e+00 -1.4647680791608950e-01
2.8475925880183857e+00 -1.4637901677605253e-01
2.8481762070485743e+00 -1.4628126057414065e-01
2.8487598260787625e+00 -1.4618353936561554e-01
2.8493434451089508e+00 -1.4608585320554346e-01
2.8499270641391394e+00 -1.4598820214879590e-01
2.8505106831693277e+00 -1.4589058625005052e-01
2.8510943021995159e+00 -1.4579300556379057e-01
2.8516779212297045e+00 -1.4569546014430598e-01
2.8522615402598928e+00 -1.4559795004569362e-01
2.8528451592900810e+00 -1.4550047532185789e-01
2.8534287783202696e+00 -1.4540303602651072e-01
2.8540123973504579e+00 -1.4530563221317236e-01
2.8545960163806461e+00 -1.4520826393517183e-01
2.8551796354108347e+00 -1.4511093124564683e-01
2.8557632544410230e+00 -1.4501363419754490e-01
2.8563468734712112e+00 -1.4491637284362310e-01
2.8569304925013999e+00 -1.4481914723644893e-01
2.8575141115315885e+00 -1.4472195742840066e-01
2.8580977305617763e+00 -1.4462480347166756e-01
2.8586813495919650e+00 -1.4452768541825037e-01
2.8592649686221536e+00 -1.4443060331996180e-01
2.8598485876523414e+00 -1.4433355722842703e-01
2.8604322066825301e+00 -1.4423654719508358e-01
2.8610158257127187e+00 -1.4413957327118254e-01
2.8615994447429070e+00 -1.4404263550778856e-01
2.8621830637730952e+00 -1.4394573395577978e-01
2.8627666828032838e+00 -1.4384886866584923e-01
2.8633503018334721e+00 -1.4375203968850447e-01
2.8639339208636603e+00 -1.4365524707406832e-01
2.8645175398938489e+00 -1.4355849087267886e-01
2.8651011589240372e+00 -1.4346177113429073e-01
2.8656847779542254e+00 -1.4336508790867461e-01
2.8662683969844140e+00 -1.4326844124541768e-01
2.8668520160146023e+00 -1.4317183119392510e-01
2.8674356350447905e+00 -1.4307525780341884e-01
2.8680192540749792e+00 -1.4297872112293922e-01
2.8686028731051674e+00 -1.4288222120134481e-01
2.8691864921353556e+00 -1.4278575808731320e-01
2.8697701111655443e+00 -1.4268933182934082e-01
2.8703537301957325e+00 -1.4259294247574386e-01
2.8709373492259207e+00 -1.4249659007465856e-01
2.8715209682561094e+00 -1.4240027467404123e-01
2.8721045872862976e+00 -1.4230399632166932e-01
2.8726882063164858e+00 -1.4220775506514099e-01
2.8732718253466745e+00 -1.4211155095187630e-01
2.8738554443768631e+00 -1.4201538402911706e-01
2.8744390634070509e+00 -1.4191925434392763e-01
2.8750226824372396e+00 -1.4182316194319453e-01
2.8756063014674282e+00 -1.4172710687362797e-01
2.8761899204976160e+00 -1.4163108918176159e-01
2.8767735395278047e+00 -1.4153510891395230e-01
2.8773571585579933e+00 -1.4143916611638202e-01
2.8779407775881816e+00 -1.4134326083505697e-01
2.8785243966183698e+00 -1.4124739311580836e-01
2.8791080156485584e+00 -1.4115156300429282e-01
2.8796916346787467e+00 -1.4105577054599305e-01
2.8802752537089349e+00 -1.4096001578621764e-01
2.8808588727391236e+00 -1.4086429877010170e-01
2.8814424917693118e+00 -1.4076861954260766e-01
2.8820261107995000e+00 -1.4067297814852495e-01
2.8826097298296887e+00 -1.4057737463247069e-01
2.8831933488598769e+00 -1.4048180903889032e-01
2.8837769678900651e+00 -1.4038628141205761e-01
2.8843605869202538e+00 -1.4029079179607515e-01
2.8849442059504420e+00 -1.4019534023487479e-01
2.8855278249806302e+00 -1.4009992677221811e-01
2.8861114440108189e+00 -1.4000455145169635e-01
2.8866950630410071e+00 -1.3990921431673142e-01
2.8872786820711953e+00 -1.3981391541057564e-01
2.8878623011013840e+00 -1.3971865477631276e-01
2.8884459201315722e+00 -1.3962343245685785e-01
2.8890295391617604e+00 -1.3952824849495768e-01
2.8896131581919491e+00 -1.3943310293319142e-01
2.8901967772221377e+00 -1.3933799581397080e-01
2.8907803962523255e+00 -1.3924292717954057e-01
2.8913640152825142e+00 -1.3914789707197842e-01
2.8919476343127029e+00 -1.3905290553319621e-01
2.8925312533428906e+00 -1.3895795260493984e-01
2.8931148723730793e+00 -1.3886303832878902e-01
2.8936984914032680e+00 -1.3876816274615905e-01
2.8942821104334562e+00 -1.3867332589829995e-01
2.8948657294636444e+00 -1.3857852782629743e-01
2.8954493484938331e+00 -1.3848376857107270e-01
2.8960329675240213e+00 -1.3838904817338393e-01
2.8966165865542095e+00 -1.3829436667382533e-01
2.8972002055843982e+00 -1.3819972411282813e-01
2.8977838246145864e+00 -1.3810512053066129e-01
2.8983674436447746e+00 -1.3801055596743114e-01
2.8989510626749633e+00 -1.3791603046308210e-01
2.8995346817051515e+00 -1.3782154405739702e-01
2.9001183007353397e+00 -1.3772709678999767e-01
2.9007019197655284e+00 -1.3763268870034481e-01
2.9012855387957166e+00 -1.3753831982773870e-01
2.9018691578259048e+00 -1.3744399021131964e-01
2.9024527768560935e+00 -1.3734969989006779e-01
2.9030363958862817e+00 -1.3725544890280428e-01
2.9036200149164699e+00 -1.3716123728819074e-01
2.9042036339466586e+00 -1.3706706508473041e-01
2.9047872529768468e+00 -1.3697293233076810e-01
2.9053708720070350e+00 -1.3687883906449044e-01
2.9059544910372237e+00 -1.3678478532392638e-01
2.9065381100674119e+00 -1.3669077114694786e-01
2.9071217290976001e+00 -1.3659679657126952e-01
2.9077053481277888e+00 -1.3650286163444944e-01
2.9082889671579775e+00 -1.3640896637388963e-01
2.9088725861881652e+00 -1.3631511082683612e-01
2.9094562052183539e+00 -1.3622129503037900e-01
2.9100398242485426e+00 -1.3612751902145370e-01
2.9106234432787303e+00 -1.3603378283684053e-01
2.9112070623089190e+00 -1.3594008651316503e-01
2.9117906813391077e+00 -1.3584643008689878e-01
2.9123743003692959e+00 -1.3575281359435970e-01
2.9129579193994841e+00 -1.3565923707171196e-01
2.9135415384296728e+00 -1.3556570055496647e-01
2.9141251574598610e+00 -1.3547220407998176e-01
2.9147087764900492e+00 -1.3537874768246344e-01
2.9152923955202379e+00 -1.3528533139796517e-01
2.9158760145504261e+00 -1.3519195526188885e-01
2.9164596335806143e+00 -1.3509861930948502e-01
2.9170432526108030e+00 -1.3500532357585285e-01
2.9176268716409912e+00 -1.3491206809594106e-01
2.9182104906711794e+00 -1.3481885290454756e-01
2.9187941097013681e+00 -1.3472567803632052e-01
2.9193777287315563e+00 -1.3463254352575826e-01
2.9199613477617445e+00 -1.3453944940720947e-01
2.9205449667919332e+00 -1.3444639571487402e-01
2.9211285858221214e+00 -1.3435338248280296e-01
2.9217122048523096e+00 -1.3426040974489889e-01
2.9222958238824983e+00 -1.3416747753491609e-01
2.9228794429126865e+00 -1.3407458588646168e-01
2.9234630619428748e+00 -1.3398173483299486e-01
2.9240466809730634e+00 -1.3388892440782771e-01
2.9246303000032521e+00 -1.3379615464412603e-01
2.9252139190334399e+00 -1.3370342557490889e-01
2.9257975380636285e+00 -1.3361073723304906e-01
2.9263811570938172e+00 -1.3351808965127382e-01
2.9269647761240050e+00 -1.3342548286216521e-01
2.9275483951541936e+00 -1.3333291689815965e-01
2.9281320141843823e+00 -1.3324039179154898e-01
2.9287156332145705e+00 -1.3314790757448092e-01
2.9292992522447587e+00 -1.3305546427895867e-01
2.9298828712749474e+00 -1.3296306193684165e-01
2.9304664903051356e+00 -1.3287070057984593e-01
2.9310501093353238e+00 -1.3277838023954444e-01
2.9316337283655125e+00 -1.3268610094736716e-01
2.9322173473957007e+00 -1.3259386273460164e-01
2.9328009664258889e+00 -1.3250166563239327e-01
2.9333845854560776e+00 -1.3240950967174539e-01
2.9339682044862658e+00 -1.3231739488352018e-01
2.9345518235164540e+00 -1.3222532129843809e-01
2.9351354425466427e+00 -1.3213328894707904e-01
2.9357190615768309e+00 -1.3204129785988233e-01
2.9363026806070192e+00 -1.3194934806714678e-01
2.9368862996372078e+00 -1.3185743959903143e-01
2.9374699186673960e+00 -1.3176557248555573e-01
2.9380535376975843e+00 -1.3167374675659974e-01
2.9386371567277729e+00 -1.3158196244190423e-01
2.9392207757579611e+00 -1.3149021957107199e-01
2.9398043947881494e+00 -1.3139851817356682e-01
2.9403880138183380e+00 -1.3130685827871455e-01
2.9409716328485267e+00 -1.3121523991570361e-01
2.9415552518787145e+00 -1.3112366311358475e-01
2.9421388709089031e+00 -1.3103212790127153e-01
2.9427224899390918e+00 -1.3094063430754074e-01
2.9433061089692796e+00 -1.3084918236103310e-01
2.9438897279994682e+00 -1.3075777209025238e-01
2.9444733470296569e+00 -1.3066640352356701e-01
2.9450569660598447e+00 -1.3057507668920998e-01
2.9456405850900333e+00 -1.3048379161527845e-01
2.9462242041202220e+00 -1.3039254832973515e-01
2.9468078231504102e+00 -1.3030134686040792e-01
2.9473914421805985e+00 -1.3021018723499045e-01
2.9479750612107871e+00 -1.3011906948104215e-01
2.9485586802409753e+00 -1.3002799362598888e-01
2.9491422992711636e+00 -1.2993695969712316e-01
2.9497259183013522e+00 -1.2984596772160414e-01
2.9503095373315404e+00 -1.2975501772645848e-01
2.9508931563617287e+00 -1.2966410973858000e-01
2.9514767753919173e+00 -1.2957324378473065e-01
2.9520603944221055e+00 -1.2948241989154033e-01
2.9526440134522938e+00 -1.2939163808550724e-01
2.9532276324824824e+00 -1.2930089839299835e-01
2.9538112515126707e+00 -1.2921020084024989e-01
2.9543948705428589e+00 -1.2911954545336707e-01
2.9549784895730475e+00 -1.2902893225832462e-01
2.9555621086032358e+00 -1.2893836128096775e-01
2.9561457276334240e+00 -1.2884783254701124e-01
2.9567293466636126e+00 -1.2875734608204062e-01
2.9573129656938009e+00 -1.2866690191151231e-01
2.9578965847239891e+00 -1.2857650006075375e-01
2.9584802037541778e+00 -1.2848614055496366e-01
2.9590638227843664e+00 -1.2839582341921243e-01
2.9596474418145542e+00 -1.2830554867844293e-01
2.9602310608447429e+00 -1.2821531635746952e-01
2.9608146798749315e+00 -1.2812512648097954e-01
2.9613982989051193e+00 -1.2803497907353348e-01
2.9619819179353080e+00 -1.2794487415956429e-01
2.9625655369654966e+00 -1.2785481176337893e-01
2.9631491559956848e+00 -1.2776479190915782e-01
2.9637327750258731e+00 -1.2767481462095565e-01
2.9643163940560617e+00 -1.2758487992270101e-01
2.9649000130862500e+00 -1.2749498783819763e-01
2.9654836321164382e+00 -1.2740513839112355e-01
2.9660672511466268e+00 -1.2731533160503253e-01
2.9666508701768151e+00 -1.2722556750335354e-01
2.9672344892070033e+00 -1.2713584610939124e-01
2.9678181082371919e+00 -1.2704616744632649e-01
2.9684017272673802e+00 -1.2695653153721645e-01
2.9689853462975684e+00 -1.2686693840499486e-01
2.9695689653277570e+00 -1.2677738807247216e-01
2.9701525843579453e+00 -1.2668788056233660e-01
2.9707362033881335e+00 -1.2659841589715323e-01
2.9713198224183222e+00 -1.2650899409936500e-01
2.9719034414485104e+00 -1.2641961519129333e-01
2.9724870604786986e+00 -1.2633027919513745e-01
2.9730706795088873e+00 -1.2624098613297532e-01
2.9736542985390755e+00 -1.2615173602676397e-01
2.9742379175692637e+00 -1.2606252889833949e-01
2.9748215365994524e+00 -1.2597336476941723e-01
2.9754051556296410e+00 -1.2588424366159251e-01
2.9759887746598288e+00 -1.2579516559634071e-01
2.9765723936900175e+00 -1.2570613059501717e-01
2.9771560127202061e+00 -1.2561713867885799e-01
2.9777396317503939e+00 -1.2552818986898015e-01
2.9783232507805826e+00 -1.2543928418638159e-01
2.9789068698107712e+00 -1.2535042165194177e-01
2.9794904888409595e+00 -1.2526160228642177e-01
2.9800741078711477e+00 -1.2517282611046468e-01
2.9806577269013363e+00 -1.2508409314459562e-01
2.9812413459315246e+00 -1.2499540340922241e-01
2.9818249649617128e+00 -1.2490675692463547e-01
2.9824085839919015e+00 -1.2481815371100830e-01
2.9829922030220897e+00 -1.2472959378839790e-01
2.9835758220522779e+00 -1.2464107717674451e-01
2.9841594410824666e+00 -1.2455260389587247e-01
2.9847430601126548e+00 -1.2446417396549020e-01
2.9853266791428430e+00 -1.2437578740519049e-01
2.9859102981730317e+00 -1.2428744423445059e-01
2.9864939172032199e+00 -1.2419914447263326e-01
2.9870775362334081e+00 -1.2411088813898583e-01
2.9876611552635968e+00 -1.2402267525264132e-01
2.9882447742937850e+00 -1.2393450583261872e-01
2.9888283933239732e+00 -1.2384637989782278e-01
2.9894120123541619e+00 -1.2375829746704443e-01
2.9899956313843501e+00 -1.2367025855896142e-01
2.9905792504145383e+00 -1.2358226319213825e-01
2.9911628694447270e+00 -1.2349431138502620e-01
2.9917464884749152e+00 -1.2340640315596432e-01
2.9923301075051034e+00 -1.2331853852317887e-01
2.9929137265352921e+00 -1.2323071750478419e-01
2.9934973455654807e+00 -1.2314294011878271e-01
2.9940809645956685e+00 -1.2305520638306530e-01
2.9946645836258572e+00 -1.2296751631541133e-01
2.9952482026560459e+00 -1.2287986993348916e-01
2.9958318216862336e+00 -1.2279226725485654e-01
2.9964154407164223e+00 -1.2270470829696010e-01
2.9969990597466110e+00 -1.2261719307713674e-01
2.9975826787767992e+00 -1.2252972161261316e-01
2.9981662978069874e+00 -1.2244229392050603e-01
2.9987499168371761e+00 -1.2235491001782275e-01
2.9993335358673643e+00 -1.2226756992146139e-01
2.9999171548975525e+00 -1.2218027364821099e-01
3.0005007739277412e+00 -1.2209302121475163e-01
3.0010843929579294e+00 -1.2200581263765543e-01
3.0016680119881176e+00 -1.2191864793338571e-01
3.0022516310183063e+00 -1.2183152711829796e-01
3.0028352500484945e+00 -1.2174445020864023e-01
3.0034188690786827e+00 -1.2165741722055276e-01
3.0040024881088714e+00 -1.2157042817006861e-01
3.0045861071390596e+00 -1.2148348307311393e-01
3.0051697261692478e+00 -1.2139658194550833e-01
3.0057533451994365e+00 -1.2130972480296455e-01
3.0063369642296247e+00 -1.2122291166108949e-01
3.0069205832598129e+00 -1.2113614253538396e-01
3.0075042022900016e+00 -1.2104941744124298e-01
3.0080878213201898e+00 -1.2096273639395627e-01
3.0086714403503780e+00 -1.2087609940870817e-01
3.0092550593805667e+00 -1.2078950650057817e-01
3.0098386784107554e+00 -1.2070295768454102e-01
3.0104222974409431e+00 -1.2061645297546715e-01
3.0110059164711318e+00 -1.2052999238812245e-01
3.0115895355013205e+00 -1.2044357593716915e-01
3.0121731545315082e+00 -1.2035720363716575e-01
3.0127567735616969e+00 -1.2027087550256689e-01
3.0133403925918856e+00 -1.2018459154772453e-01
3.0139240116220738e+00 -1.2009835178688738e-01
3.0145076306522620e+00 -1.2001215623420133e-01
3.0150912496824507e+00 -1.1992600490370993e-01
3.0156748687126389e+00 -1.1983989780935454e-01
3.0162584877428271e+00 -1.1975383496497433e-01
3.0168421067730158e+00 -1.1966781638430672e-01
3.0174257258032040e+00 -1.1958184208098790e-01
3.0180093448333922e+00 -1.1949591206855248e-01
3.0185929638635809e+00 -1.1941002636043406e-01
3.0191765828937691e+00 -1.1932418496996575e-01
3.0197602019239573e+00 -1.1923838791037980e-01
3.0203438209541460e+00 -1.1915263519480816e-01
3.0209274399843342e+00 -1.1906692683628292e-01
3.0215110590145224e+00 -1.1898126284773625e-01
3.0220946780447111e+00 -1.1889564324200064e-01
3.0226782970748993e+00 -1.1881006803180932e-01
3.0232619161050875e+00 -1.1872453722979645e-01
3.0238455351352762e+00 -1.1863905084849717e-01
3.0244291541654644e+00 -1.1855360890034815e-01
3.0250127731956526e+00 -1.1846821139768753e-01
3.0255963922258413e+00 -1.1838285835275530e-01
3.0261800112560300e+00 -1.1829754977769362e-01
3.0267636302862178e+00 -1.1821228568454700e-01
3.0273472493164064e+00 -1.1812706608526208e-01
3.0279308683465951e+00 -1.1804189099168884e-01
3.0285144873767829e+00 -1.1795676041558004e-01
3.0290981064069715e+00 -1.1787167436859142e-01
3.0296817254371602e+00 -1.1778663286228259e-01
3.0302653444673484e+00 -1.1770163590811680e-01
3.0308489634975366e+00 -1.1761668351746100e-01
3.0314325825277253e+00 -1.1753177570158645e-01
3.0320162015579135e+00 -1.1744691247166905e-01
3.0325998205881017e+00 -1.1736209383878891e-01
3.0331834396182904e+00 -1.1727731981393122e-01
3.0337670586484786e+00 -1.1719259040798642e-01
3.0343506776786668e+00 -1.1710790563175003e-01
3.0349342967088555e+00 -1.1702326549592305e-01
3.0355179157390437e+00 -1.1693867001111266e-01
3.0361015347692319e+00 -1.1685411918783176e-01
3.0366851537994206e+00 -1.1676961303649938e-01
3.0372687728296088e+00 -1.1668515156744132e-01
3.0378523918597971e+00 -1.1660073479088992e-01
3.0384360108899857e+00 -1.1651636271698437e-01
3.0390196299201739e+00 -1.1643203535577115e-01
3.0396032489503622e+00 -1.1634775271720399e-01
3.0401868679805508e+00 -1.1626351481114425e-01
3.0407704870107390e+00 -1.1617932164736114e-01
3.0413541060409273e+00 -1.1609517323553187e-01
3.0419377250711159e+00 -1.1601106958524192e-01
3.0425213441013041e+00 -1.1592701070598535e-01
3.0431049631314924e+00 -1.1584299660716481e-01
3.0436885821616810e+00 -1.1575902729809179e-01
3.0442722011918697e+00 -1.1567510278798729e-01
3.0448558202220575e+00 -1.1559122308598148e-01
3.0454394392522461e+00 -1.1550738820111384e-01
3.0460230582824348e+00 -1.1542359814233415e-01
3.0466066773126226e+00 -1.1533985291850218e-01
3.0471902963428112e+00 -1.1525615253838746e-01
3.0477739153729999e+00 -1.1517249701067044e-01
3.0483575344031881e+00 -1.1508888634394239e-01
3.0489411534333763e+00 -1.1500532054670508e-01
3.0495247724635650e+00 -1.1492179962737149e-01
3.0501083914937532e+00 -1.1483832359426635e-01
3.0506920105239415e+00 -1.1475489245562552e-01
3.0512756295541301e+00 -1.1467150621959672e-01
3.0518592485843183e+00 -1.1458816489423980e-01
3.0524428676145066e+00 -1.1450486848752686e-01
3.0530264866446952e+00 -1.1442161700734217e-01
3.0536101056748834e+00 -1.1433841046148291e-01
3.0541937247050717e+00 -1.1425524885765906e-01
3.0547773437352603e+00 -1.1417213220349350e-01
3.0553609627654486e+00 -1.1408906050652265e-01
3.0559445817956368e+00 -1.1400603377419626e-01
3.0565282008258254e+00 -1.1392305201387783e-01
3.0571118198560137e+00 -1.1384011523284487e-01
3.0576954388862019e+00 -1.1375722343828887e-01
3.0582790579163905e+00 -1.1367437663731578e-01
3.0588626769465788e+00 -1.1359157483694617e-01
3.0594462959767670e+00 -1.1350881804411522e-01
3.0600299150069556e+00 -1.1342610626567311e-01
3.0606135340371443e+00 -1.1334343950838535e-01
3.0611971530673321e+00 -1.1326081777893288e-01
3.0617807720975208e+00 -1.1317824108391185e-01
3.0623643911277094e+00 -1.1309570942983471e-01
3.0629480101578972e+00 -1.1301322282312985e-01
3.0635316291880859e+00 -1.1293078127014153e-01
3.0641152482182745e+00 -1.1284838477713074e-01
3.0646988672484627e+00 -1.1276603335027528e-01
3.0652824862786510e+00 -1.1268372699566953e-01
3.0658661053088396e+00 -1.1260146571932482e-01
3.0664497243390278e+00 -1.1251924952717017e-01
3.0670333433692161e+00 -1.1243707842505181e-01
3.0676169623994047e+00 -1.1235495241873347e-01
3.0682005814295930e+00 -1.1227287151389716e-01
3.0687842004597812e+00 -1.1219083571614276e-01
3.0693678194899698e+00 -1.1210884503098832e-01
3.0699514385201581e+00 -1.1202689946387066e-01
3.0705350575503463e+00 -1.1194499902014510e-01
3.0711186765805349e+00 -1.1186314370508588e-01
3.0717022956107232e+00 -1.1178133352388639e-01
3.0722859146409114e+00 -1.1169956848165929e-01
3.0728695336711001e+00 -1.1161784858343672e-01
3.0734531527012883e+00 -1.1153617383417068e-01
3.0740367717314765e+00 -1.1145454423873281e-01
3.0746203907616652e+00 -1.1137295980191494e-01
3.0752040097918534e+00 -1.1129142052842941e-01
3.0757876288220416e+00 -1.1120992642290886e-01
3.0763712478522303e+00 -1.1112847748990651e-01
3.0769548668824185e+00 -1.1104707373389686e-01
3.0775384859126067e+00 -1.1096571515927522e-01
3.0781221049427954e+00 -1.1088440177035816e-01
3.0787057239729840e+00 -1.1080313357138385e-01
3.0792893430031718e+00 -1.1072191056651241e-01
3.0798729620333605e+00 -1.1064073275982528e-01
3.0804565810635491e+00 -1.1055960015532630e-01
3.0810402000937369e+00 -1.1047851275694186e-01
3.0816238191239256e+00 -1.1039747056852017e-01
3.0822074381541142e+00 -1.1031647359383259e-01
3.0827910571843025e+00 -1.1023552183657331e-01
3.0833746762144907e+00 -1.1015461530035944e-01
3.0839582952446793e+00 -1.1007375398873132e-01
3.0845419142748676e+00 -1.0999293790515284e-01
3.0851255333050558e+00 -1.0991216705301152e-01
3.0857091523352445e+00 -1.0983144143561861e-01
3.0862927713654327e+00 -1.0975076105620950e-01
3.0868763903956209e+00 -1.0967012591794367e-01
3.0874600094258096e+00 -1.0958953602390509e-01
3.0880436284559978e+00 -1.0950899137710236e-01
3.0886272474861860e+00 -1.0942849198046875e-01
3.0892108665163747e+00 -1.0934803783686255e-01
3.0897944855465629e+00 -1.0926762894906733e-01
3.0903781045767511e+00 -1.0918726531979185e-01
3.0909617236069398e+00 -1.0910694695167036e-01
3.0915453426371280e+00 -1.0902667384726317e-01
3.0921289616673162e+00 -1.0894644600905629e-01
3.0927125806975049e+00 -1.0886626343946161e-01
3.0932961997276931e+00 -1.0878612614081787e-01
3.0938798187578813e+00 -1.0870603411538984e-01
3.0944634377880700e+00 -1.0862598736536912e-01
3.0950470568182586e+00 -1.0854598589287408e-01
3.0956306758484464e+00 -1.0846602969995044e-01
3.0962142948786351e+00 -1.0838611878857068e-01
3.0967979139088238e+00 -1.0830625316063497e-01
3.0973815329390115e+00 -1.0822643281797126e-01
3.0979651519692002e+00 -1.0814665776233483e-01
3.0985487709993889e+00 -1.0806692799540921e-01
3.0991323900295771e+00 -1.0798724351880613e-01
3.0997160090597653e+00 -1.0790760433406554e-01
3.1002996280899540e+00 -1.0782801044265590e-01
3.1008832471201422e+00 -1.0774846184597445e-01
3.1014668661503304e+00 -1.0766895854534726e-01
3.1020504851805191e+00 -1.0758950054202948e-01
3.1026341042107073e+00 -1.0751008783720555e-01
3.1032177232408955e+00 -1.0743072043198920e-01
3.1038013422710842e+00 -1.0735139832742394e-01
3.1043849613012724e+00 -1.0727212152448305e-01
3.1049685803314606e+00 -1.0719289002406965e-01
3.1055521993616493e+00 -1.0711370382701714e-01
3.1061358183918375e+00 -1.0703456293408925e-01
3.1067194374220257e+00 -1.0695546734598017e-01
3.1073030564522144e+00 -1.0687641706331462e-01
3.1078866754824026e+00 -1.0679741208664859e-01
3.1084702945125908e+00 -1.0671845241646881e-01
3.1090539135427795e+00 -1.0663953805319311e-01
3.1096375325729677e+00 -1.0656066899717125e-01
3.1102211516031564e+00 -1.0648184524868398e-01
3.1108047706333446e+00 -1.0640306680794420e-01
3.1113883896635328e+00 -1.0632433367509651e-01
3.1119720086937215e+00 -1.0624564585021772e-01
3.1125556277239097e+00 -1.0616700333331698e-01
3.1131392467540979e+00 -1.0608840612433579e-01
3.1137228657842866e+00 -1.0600985422314817e-01
3.1143064848144748e+00 -1.0593134762956133e-01
3.1148901038446630e+00 -1.0585288634331516e-01
3.1154737228748517e+00 -1.0577447036408259e-01
3.1160573419050399e+00 -1.0569609969147031e-01
3.1166409609352281e+00 -1.0561777432501816e-01
3.1172245799654168e+00 -1.0553949426419966e-01
3.1178081989956050e+00 -1.0546125950842239e-01
3.1183918180257937e+00 -1.0538307005702778e-01
3.1189754370559819e+00 -1.0530492590929159e-01
3.1195590560861701e+00 -1.0522682706442373e-01
3.1201426751163588e+00 -1.0514877352156880e-01
3.1207262941465470e+00 -1.0507076527980615e-01
3.1213099131767352e+00 -1.0499280233814984e-01
3.1218935322069239e+00 -1.0491488469554898e-01
3.1224771512371121e+00 -1.0483701235088816e-01
3.1230607702673003e+00 -1.0475918530298713e-01
3.1236443892974890e+00 -1.0468140355060102e-01
3.1242280083276772e+00 -1.0460366709242112e-01
3.1248116273578654e+00 -1.0452597592707431e-01
3.1253952463880541e+00 -1.0444833005312357e-01
3.1259788654182423e+00 -1.0437072946906810e-01
3.1265624844484310e+00 -1.0429317417334354e-01
3.1271461034786192e+00 -1.0421566416432212e-01
3.1277297225088074e+00 -1.0413819944031268e-01
3.1283133415389961e+00 -1.0406077999956105e-01
3.1288969605691843e+00 -1.0398340584025008e-01
3.1294805795993725e+00 -1.0390607696049989e-01
3.1300641986295612e+00 -1.0382879335836775e-01
3.1306478176597494e+00 -1.0375155503184894e-01
3.1312314366899376e+00 -1.0367436197887606e-01
3.1318150557201263e+00 -1.0359721419731961e-01
3.1323986747503145e+00 -1.0352011168498855e-01
3.1329822937805027e+00 -1.0344305443962956e-01
3.1335659128106914e+00 -1.0336604245892787e-01
3.1341495318408796e+00 -1.0328907574050732e-01
3.1347331508710683e+00 -1.0321215428193035e-01
3.1353167699012565e+00 -1.0313527808069842e-01
3.1359003889314447e+00 -1.0305844713425172e-01
3.1364840079616334e+00 -1.0298166143996992e-01
3.1370676269918216e+00 -1.0290492099517190e-01
3.1376512460220098e+00 -1.0282822579711608e-01
3.1382348650521985e+00 -1.0275157584300036e-01
3.1388184840823867e+00 -1.0267497112996288e-01
3.1394021031125749e+00 -1.0259841165508142e-01
3.1399857221427636e+00 -1.0252189741537386e-01
3.1405693411729518e+00 -1.0244542840779884e-01
3.1411529602031401e+00 -1.0236900462925495e-01
3.1417365792333287e+00 -1.0229262607658166e-01
3.1423201982635169e+00 -1.0221629274655920e-01
3.1429038172937052e+00 -1.0214000463590872e-01
3.1434874363238938e+00 -1.0206376174129243e-01
3.1440710553540820e+00 -1.0198756405931386e-01
3.1446546743842707e+00 -1.0191141158651797e-01
3.1452382934144589e+00 -1.0183530431939121e-01
3.1458219124446472e+00 -1.0175924225436186e-01
3.1464055314748358e+00 -1.0168322538779982e-01
3.1469891505050240e+00 -1.0160725371601746e-01
3.1475727695352123e+00 -1.0153132723526900e-01
3.1481563885654009e+00 -1.0145544594175104e-01
3.1487400075955891e+00 -1.0137960983160293e-01
3.1493236266257774e+00 -1.0130381890090644e-01
3.1499072456559660e+00 -1.0122807314568615e-01
3.1504908646861542e+00 -1.0115237256190970e-01
3.1510744837163425e+00 -1.0107671714548794e-01
3.1516581027465311e+00 -1.0100110689227475e-01
3.1522417217767194e+00 -1.0092554179806765e-01
3.1528253408069080e+00 -1.0085002185860754e-01
3.1534089598370962e+00 -1.0077454706957931e-01
3.1539925788672845e+00 -1.0069911742661157e-01
3.1545761978974731e+00 -1.0062373292527683e-01
3.1551598169276613e+00 -1.0054839356109214e-01
3.1557434359578496e+00 -1.0047309932951860e-01
3.1563270549880382e+00 -1.0039785022596187e-01
3.1569106740182264e+00 -1.0032264624577228e-01
3.1574942930484147e+00 -1.0024748738424498e-01
3.1580779120786033e+00 -1.0017237363661996e-01
3.1586615311087916e+00 -1.0009730499808231e-01
3.1592451501389798e+00 -1.0002228146376259e-01
3.1598287691691684e+00 -9.9947303028736320e-02
3.1604123881993567e+00 -9.9872369688024987e-02
3.1609960072295453e+00 -9.9797481436595392e-02
3.1615796262597335e+00 -9.9722638269360508e-02
3.1621632452899218e+00 -9.9647840181179087e-02
3.1627468643201104e+00 -9.9573087166855881e-02
3.1633304833502986e+00 -9.9498379221142338e-02
3.1639141023804869e+00 -9.9423716338735937e-02
3.1644977214106755e+00 -9.9349098514280809e-02
3.1650813404408638e+00 -9.9274525742367919e-02
3.1656649594710520e+00 -9.9199998017535027e-02
3.1662485785012406e+00 -9.9125515334266834e-02
3.1668321975314289e+00 -9.9051077686995295e-02
3.1674158165616171e+00 -9.8976685070099671e-02
3.1679994355918057e+00 -9.8902337477906443e-02
3.1685830546219940e+00 -9.8828034904690054e-02
3.1691666736521826e+00 -9.8753777344672236e-02
3.1697502926823709e+00 -9.8679564792023042e-02
3.1703339117125591e+00 -9.8605397240860246e-02
3.1709175307427477e+00 -9.8531274685249706e-02
3.1715011497729360e+00 -9.8457197119206002e-02
3.1720847688031242e+00 -9.8383164536691783e-02
3.1726683878333128e+00 -9.8309176931618322e-02
3.1732520068635011e+00 -9.8235234297845753e-02
3.1738356258936893e+00 -9.8161336629183082e-02
3.1744192449238779e+00 -9.8087483919388208e-02
3.1750028639540662e+00 -9.8013676162168259e-02
3.1755864829842544e+00 -9.7939913351179742e-02
3.1761701020144431e+00 -9.7866195480028367e-02
3.1767537210446313e+00 -9.7792522542269722e-02
3.1773373400748199e+00 -9.7718894531408751e-02
3.1779209591050082e+00 -9.7645311440900662e-02
3.1785045781351964e+00 -9.7571773264150424e-02
3.1790881971653850e+00 -9.7498279994513007e-02
3.1796718161955733e+00 -9.7424831625294070e-02
3.1802554352257615e+00 -9.7351428149749300e-02
3.1808390542559501e+00 -9.7278069561085034e-02
3.1814226732861384e+00 -9.7204755852458413e-02
3.1820062923163266e+00 -9.7131487016977380e-02
3.1825899113465153e+00 -9.7058263047700669e-02
3.1831735303767035e+00 -9.6985083937638328e-02
3.1837571494068917e+00 -9.6911949679751586e-02
3.1843407684370804e+00 -9.6838860266952917e-02
3.1849243874672686e+00 -9.6765815692106544e-02
3.1855080064974572e+00 -9.6692815948028019e-02
3.1860916255276455e+00 -9.6619861027485113e-02
3.1866752445578337e+00 -9.6546950923197122e-02
3.1872588635880224e+00 -9.6474085627835465e-02
3.1878424826182106e+00 -9.6401265134024056e-02
3.1884261016483988e+00 -9.6328489434338763e-02
3.1890097206785875e+00 -9.6255758521308049e-02
3.1895933397087757e+00 -9.6183072387413013e-02
3.1901769587389639e+00 -9.6110431025087512e-02
3.1907605777691526e+00 -9.6037834426718080e-02
3.1913441967993408e+00 -9.5965282584644540e-02
3.1919278158295290e+00 -9.5892775491159460e-02
3.1925114348597177e+00 -9.5820313138509000e-02
3.1930950538899059e+00 -9.5747895518892651e-02
3.1936786729200941e+00 -9.5675522624463202e-02
3.1942622919502828e+00 -9.5603194447327400e-02
3.1948459109804710e+00 -9.5530910979545636e-02
3.1954295300106597e+00 -9.5458672213132104e-02
3.1960131490408479e+00 -9.5386478140055395e-02
3.1965967680710361e+00 -9.5314328752237928e-02
3.1971803871012248e+00 -9.5242224041556550e-02
3.1977640061314130e+00 -9.5170163999842600e-02
3.1983476251616012e+00 -9.5098148618882050e-02
3.1989312441917899e+00 -9.5026177890415328e-02
3.1995148632219781e+00 -9.4954251806138049e-02
3.2000984822521663e+00 -9.4882370357700391e-02
3.2006821012823550e+00 -9.4810533536707930e-02
3.2012657203125432e+00 -9.4738741334721419e-02
3.2018493393427314e+00 -9.4666993743256767e-02
3.2024329583729201e+00 -9.4595290753785574e-02
3.2030165774031083e+00 -9.4523632357734963e-02
3.2036001964332970e+00 -9.4452018546487743e-02
3.2041838154634852e+00 -9.4380449311382619e-02
3.2047674344936734e+00 -9.4308924643714390e-02
3.2053510535238621e+00 -9.4237444534733719e-02
3.2059346725540503e+00 -9.4166008975647766e-02
3.2065182915842385e+00 -9.4094617957619947e-02
3.2071019106144272e+00 -9.4023271471770073e-02
3.2076855296446154e+00 -9.3951969509174810e-02
3.2082691486748036e+00 -9.3880712060867288e-02
3.2088527677049923e+00 -9.3809499117837716e-02
3.2094363867351805e+00 -9.3738330671033279e-02
3.2100200057653687e+00 -9.3667206711358142e-02
3.2106036247955574e+00 -9.3596127229673823e-02
3.2111872438257456e+00 -9.3525092216799235e-02
3.2117708628559343e+00 -9.3454101663510689e-02
3.2123544818861225e+00 -9.3383155560542108e-02
3.2129381009163107e+00 -9.3312253898585357e-02
3.2135217199464994e+00 -9.3241396668289817e-02
3.2141053389766876e+00 -9.3170583860263140e-02
3.2146889580068758e+00 -9.3099815465071054e-02
3.2152725770370645e+00 -9.3029091473237305e-02
3.2158561960672527e+00 -9.2958411875244312e-02
3.2164398150974409e+00 -9.2887776661532612e-02
3.2170234341276296e+00 -9.2817185822501633e-02
3.2176070531578178e+00 -9.2746639348509421e-02
3.2181906721880060e+00 -9.2676137229872793e-02
3.2187742912181947e+00 -9.2605679456867596e-02
3.2193579102483829e+00 -9.2535266019728821e-02
3.2199415292785716e+00 -9.2464896908650451e-02
3.2205251483087598e+00 -9.2394572113785989e-02
3.2211087673389480e+00 -9.2324291625248384e-02
3.2216923863691367e+00 -9.2254055433109911e-02
3.2222760053993249e+00 -9.2183863527402807e-02
3.2228596244295131e+00 -9.2113715898119022e-02
3.2234432434597018e+00 -9.2043612535210276e-02
3.2240268624898900e+00 -9.1973553428588553e-02
3.2246104815200782e+00 -9.1903538568125762e-02
3.2251941005502669e+00 -9.1833567943654271e-02
3.2257777195804551e+00 -9.1763641544966829e-02
3.2263613386106433e+00 -9.1693759361816590e-02
3.2269449576408320e+00 -9.1623921383917256e-02
3.2275285766710202e+00 -9.1554127600943641e-02
3.2281121957012089e+00 -9.1484378002531022e-02
3.2286958147313971e+00 -9.1414672578275846e-02
3.2292794337615853e+00 -9.1345011317735661e-02
3.2298630527917740e+00 -9.1275394210429101e-02
3.2304466718219622e+00 -9.1205821245836247e-02
3.2310302908521504e+00 -9.1136292413398670e-02
3.2316139098823391e+00 -9.1066807702519292e-02
3.2321975289125273e+00 -9.0997367102562898e-02
3.2327811479427155e+00 -9.0927970602855956e-02
3.2333647669729042e+00 -9.0858618192686910e-02
3.2339483860030924e+00 -9.0789309861306206e-02
3.2345320050332806e+00 -9.0720045597926374e-02
3.2351156240634693e+00 -9.0650825391722090e-02
3.2356992430936575e+00 -9.0581649231830735e-02
3.2362828621238457e+00 -9.0512517107351850e-02
3.2368664811540344e+00 -9.0443429007347573e-02
3.2374501001842226e+00 -9.0374384920843029e-02
3.2380337192144113e+00 -9.0305384836825750e-02
3.2386173382445995e+00 -9.0236428744246533e-02
3.2392009572747877e+00 -9.0167516632018982e-02
3.2397845763049764e+00 -9.0098648489020022e-02
3.2403681953351646e+00 -9.0029824304089720e-02
3.2409518143653528e+00 -8.9961044066031573e-02
3.2415354333955415e+00 -8.9892307763612553e-02
3.2421190524257297e+00 -8.9823615385563230e-02
3.2427026714559180e+00 -8.9754966920577897e-02
3.2432862904861066e+00 -8.9686362357314503e-02
3.2438699095162948e+00 -8.9617801684395287e-02
3.2444535285464831e+00 -8.9549284890406200e-02
3.2450371475766717e+00 -8.9480811963897344e-02
3.2456207666068599e+00 -8.9412382893383394e-02
3.2462043856370486e+00 -8.9343997667343036e-02
3.2467880046672368e+00 -8.9275656274219711e-02
3.2473716236974250e+00 -8.9207358702421108e-02
3.2479552427276137e+00 -8.9139104940319999e-02
3.2485388617578019e+00 -8.9070894976253770e-02
3.2491224807879902e+00 -8.9002728798524652e-02
3.2497060998181788e+00 -8.8934606395400032e-02
3.2502897188483670e+00 -8.8866527755112390e-02
3.2508733378785553e+00 -8.8798492865859391e-02
3.2514569569087439e+00 -8.8730501715804030e-02
3.2520405759389321e+00 -8.8662554293074930e-02
3.2526241949691204e+00 -8.8594650585766072e-02
3.2532078139993090e+00 -8.8526790581937104e-02
3.2537914330294972e+00 -8.8458974269613688e-02
3.2543750520596859e+00 -8.8391201636787070e-02
3.2549586710898741e+00 -8.8323472671414688e-02
3.2555422901200624e+00 -8.8255787361419910e-02
3.2561259091502510e+00 -8.8188145694692424e-02
3.2567095281804392e+00 -8.8120547659088208e-02
3.2572931472106275e+00 -8.8052993242429545e-02
3.2578767662408161e+00 -8.7985482432505341e-02
3.2584603852710043e+00 -8.7918015217071127e-02
3.2590440043011926e+00 -8.7850591583849100e-02
3.2596276233313812e+00 -8.7783211520528134e-02
3.2602112423615695e+00 -8.7715875014764452e-02
3.2607948613917577e+00 -8.7648582054180926e-02
3.2613784804219463e+00 -8.7581332626367595e-02
3.2619620994521346e+00 -8.7514126718882063e-02
3.2625457184823232e+00 -8.7446964319248893e-02
3.2631293375125114e+00 -8.7379845414960342e-02
3.2637129565426997e+00 -8.7312769993476078e-02
3.2642965755728883e+00 -8.7245738042223492e-02
3.2648801946030765e+00 -8.7178749548597778e-02
3.2654638136332648e+00 -8.7111804499961920e-02
3.2660474326634534e+00 -8.7044902883646746e-02
3.2666310516936417e+00 -8.6978044686951486e-02
3.2672146707238299e+00 -8.6911229897143241e-02
3.2677982897540185e+00 -8.6844458501457292e-02
3.2683819087842068e+00 -8.6777730487097762e-02
3.2689655278143950e+00 -8.6711045841236734e-02
3.2695491468445836e+00 -8.6644404551015033e-02
3.2701327658747719e+00 -8.6577806603542320e-02
3.2707163849049605e+00 -8.6511251985896820e-02
3.2713000039351487e+00 -8.6444740685125698e-02
3.2718836229653370e+00 -8.6378272688245050e-02
3.2724672419955256e+00 -8.6311847982240106e-02
3.2730508610257139e+00 -8.6245466554065245e-02
3.2736344800559021e+00 -8.6179128390644108e-02
3.2742180990860907e+00 -8.6112833478869569e-02
3.2748017181162790e+00 -8.6046581805604302e-02
3.2753853371464672e+00 -8.5980373357680204e-02
3.2759689561766558e+00 -8.5914208121898941e-02
3.2765525752068441e+00 -8.5848086085032041e-02
3.2771361942370323e+00 -8.5782007233820831e-02
3.2777198132672209e+00 -8.5715971554976483e-02
3.2783034322974092e+00 -8.5649979035180360e-02
3.2788870513275974e+00 -8.5584029661084013e-02
3.2794706703577861e+00 -8.5518123419309006e-02
3.2800542893879743e+00 -8.5452260296447494e-02
3.2806379084181629e+00 -8.5386440279061976e-02
3.2812215274483512e+00 -8.5320663353685530e-02
3.2818051464785394e+00 -8.5254929506821814e-02
3.2823887655087280e+00 -8.5189238724945146e-02
3.2829723845389163e+00 -8.5123590994500925e-02
3.2835560035691045e+00 -8.5057986301905211e-02
3.2841396225992932e+00 -8.4992424633545102e-02
3.2847232416294814e+00 -8.4926905975779080e-02
3.2853068606596696e+00 -8.4861430314936551e-02
3.2858904796898583e+00 -8.4795997637318252e-02
3.2864740987200465e+00 -8.4730607929196441e-02
3.2870577177502347e+00 -8.4665261176814874e-02
3.2876413367804234e+00 -8.4599957366388673e-02
3.2882249558106116e+00 -8.4534696484104943e-02
3.2888085748408002e+00 -8.4469478516122326e-02
3.2893921938709885e+00 -8.4404303448571513e-02
3.2899758129011767e+00 -8.4339171267555010e-02
3.2905594319313654e+00 -8.4274081959147346e-02
3.2911430509615536e+00 -8.4209035509395472e-02
3.2917266699917418e+00 -8.4144031904318295e-02
3.2923102890219305e+00 -8.4079071129907090e-02
3.2928939080521187e+00 -8.4014153172125752e-02
3.2934775270823069e+00 -8.3949278016910572e-02
3.2940611461124956e+00 -8.3884445650170267e-02
3.2946447651426838e+00 -8.3819656057786587e-02
3.2952283841728720e+00 -8.3754909225613905e-02
3.2958120032030607e+00 -8.3690205139479459e-02
3.2963956222332489e+00 -8.3625543785183512e-02
3.2969792412634376e+00 -8.3560925148499388e-02
3.2975628602936258e+00 -8.3496349215173640e-02
3.2981464793238140e+00 -8.3431815970925916e-02
3.2987300983540027e+00 -8.3367325401449199e-02
3.2993137173841909e+00 -8.3302877492410207e-02
3.2998973364143791e+00 -8.3238472229448815e-02
3.3004809554445678e+00 -8.3174109598178614e-02
3.3010645744747560e+00 -8.3109789584187049e-02
3.3016481935049442e+00 -8.3045512173035241e-02
3.3022318125351329e+00 -8.2981277350258065e-02
3.3028154315653211e+00 -8.2917085101364557e-02
3.3033990505955093e+00 -8.2852935411837830e-02
3.3039826696256980e+00 -8.2788828267134906e-02
3.3045662886558862e+00 -8.2724763652687230e-02
3.3051499076860749e+00 -8.2660741553900560e-02
3.3057335267162631e+00 -8.2596761956155090e-02
3.3063171457464513e+00 -8.2532824844805369e-02
3.3069007647766400e+00 -8.2468930205180563e-02
3.3074843838068282e+00 -8.2405078022584732e-02
3.3080680028370164e+00 -8.2341268282296487e-02
3.3086516218672051e+00 -8.2277500969569178e-02
3.3092352408973933e+00 -8.2213776069631470e-02
3.3098188599275815e+00 -8.2150093567686752e-02
3.3104024789577702e+00 -8.2086453448913493e-02
3.3109860979879584e+00 -8.2022855698465610e-02
3.3115697170181466e+00 -8.1959300301472138e-02
3.3121533360483353e+00 -8.1895787243037421e-02
3.3127369550785235e+00 -8.1832316508241451e-02
3.3133205741087122e+00 -8.1768888082139488e-02
3.3139041931389004e+00 -8.1705501949762796e-02
3.3144878121690886e+00 -8.1642158096117967e-02
3.3150714311992773e+00 -8.1578856506187569e-02
3.3156550502294655e+00 -8.1515597164930106e-02
3.3162386692596537e+00 -8.1452380057279977e-02
3.3168222882898424e+00 -8.1389205168147571e-02
3.3174059073200306e+00 -8.1326072482419492e-02
3.3179895263502188e+00 -8.1262981984958627e-02
3.3185731453804075e+00 -8.1199933660603976e-02
3.3191567644105957e+00 -8.1136927494171104e-02
3.3197403834407839e+00 -8.1073963470451996e-02
3.3203240024709726e+00 -8.1011041574215140e-02
3.3209076215011608e+00 -8.0948161790205711e-02
3.3214912405313490e+00 -8.0885324103145584e-02
3.3220748595615377e+00 -8.0822528497733470e-02
3.3226584785917259e+00 -8.0759774958644975e-02
3.3232420976219146e+00 -8.0697063470532557e-02
3.3238257166521028e+00 -8.0634394018025926e-02
3.3244093356822910e+00 -8.0571766585731799e-02
3.3249929547124797e+00 -8.0509181158234036e-02
3.3255765737426679e+00 -8.0446637720093986e-02
3.3261601927728561e+00 -8.0384136255850280e-02
3.3267438118030448e+00 -8.0321676750018930e-02
3.3273274308332330e+00 -8.0259259187093659e-02
3.3279110498634212e+00 -8.0196883551545736e-02
3.3284946688936099e+00 -8.0134549827824045e-02
3.3290782879237981e+00 -8.0072258000355445e-02
3.3296619069539863e+00 -8.0010008053544482e-02
3.3302455259841750e+00 -7.9947799971773731e-02
3.3308291450143632e+00 -7.9885633739403897e-02
3.3314127640445519e+00 -7.9823509340773494e-02
3.3319963830747401e+00 -7.9761426760199650e-02
3.3325800021049283e+00 -7.9699385981977428e-02
3.3331636211351170e+00 -7.9637386990380282e-02
3.3337472401653052e+00 -7.9575429769660186e-02
3.3343308591954934e+00 -7.9513514304047669e-02
3.3349144782256821e+00 -7.9451640577751684e-02
3.3354980972558703e+00 -7.9389808574959933e-02
3.3360817162860585e+00 -7.9328018279838930e-02
3.3366653353162472e+00 -7.9266269676533829e-02
3.3372489543464354e+00 -7.9204562749168900e-02
3.3378325733766236e+00 -7.9142897481847232e-02
3.3384161924068123e+00 -7.9081273858651005e-02
3.3389998114370005e+00 -7.9019691863641647e-02
3.3395834304671892e+00 -7.8958151480859565e-02
3.3401670494973774e+00 -7.8896652694324762e-02
3.3407506685275656e+00 -7.8835195488036386e-02
3.3413342875577543e+00 -7.8773779845973002e-02
3.3419179065879425e+00 -7.8712405752092873e-02
3.3425015256181307e+00 -7.8651073190333778e-02
3.3430851446483194e+00 -7.8589782144613110e-02
3.3436687636785076e+00 -7.8528532598828096e-02
3.3442523827086958e+00 -7.8467324536855801e-02
3.3448360017388845e+00 -7.8406157942553095e-02
3.3454196207690727e+00 -7.8345032799756964e-02
3.3460032397992610e+00 -7.8283949092284283e-02
3.3465868588294496e+00 -7.8222906803932235e-02
3.3471704778596378e+00 -7.8161905918478145e-02
3.3477540968898265e+00 -7.8100946419679504e-02
3.3483377159200147e+00 -7.8040028291274405e-02
3.3489213349502029e+00 -7.7979151516981163e-02
3.3495049539803916e+00 -7.7918316080498651e-02
3.3500885730105798e+00 -7.7857521965506382e-02
3.3506721920407680e+00 -7.7796769155664525e-02
3.3512558110709567e+00 -7.7736057634613887e-02
3.3518394301011449e+00 -7.7675387385976180e-02
3.3524230491313332e+00 -7.7614758393353953e-02
3.3530066681615218e+00 -7.7554170640330711e-02
3.3535902871917100e+00 -7.7493624110471032e-02
3.3541739062218983e+00 -7.7433118787320523e-02
3.3547575252520869e+00 -7.7372654654405973e-02
3.3553411442822751e+00 -7.7312231695235545e-02
3.3559247633124638e+00 -7.7251849893298474e-02
3.3565083823426520e+00 -7.7191509232065733e-02
3.3570920013728403e+00 -7.7131209694989461e-02
3.3576756204030289e+00 -7.7070951265503451e-02
3.3582592394332171e+00 -7.7010733927023109e-02
3.3588428584634054e+00 -7.6950557662945548e-02
3.3594264774935940e+00 -7.6890422456649579e-02
3.3600100965237822e+00 -7.6830328291495914e-02
3.3605937155539705e+00 -7.6770275150827100e-02
3.3611773345841591e+00 -7.6710263017967670e-02
3.3617609536143473e+00 -7.6650291876224269e-02
3.3623445726445356e+00 -7.6590361708885515e-02
3.3629281916747242e+00 -7.6530472499222388e-02
3.3635118107049125e+00 -7.6470624230488046e-02
3.3640954297351007e+00 -7.6410816885917901e-02
3.3646790487652893e+00 -7.6351050448729779e-02
3.3652626677954776e+00 -7.6291324902124175e-02
3.3658462868256662e+00 -7.6231640229283901e-02
3.3664299058558544e+00 -7.6171996413374424e-02
3.3670135248860427e+00 -7.6112393437544001e-02
3.3675971439162313e+00 -7.6052831284923475e-02
3.3681807629464195e+00 -7.5993309938626685e-02
3.3687643819766078e+00 -7.5933829381750181e-02
3.3693480010067964e+00 -7.5874389597373554e-02
3.3699316200369847e+00 -7.5814990568559559e-02
3.3705152390671729e+00 -7.5755632278353760e-02
3.3710988580973615e+00 -7.5696314709785162e-02
3.3716824771275498e+00 -7.5637037845865840e-02
3.3722660961577380e+00 -7.5577801669591271e-02
3.3728497151879266e+00 -7.5518606163940113e-02
3.3734333342181149e+00 -7.5459451311874787e-02
3.3740169532483035e+00 -7.5400337096340961e-02
3.3746005722784918e+00 -7.5341263500267930e-02
3.3751841913086800e+00 -7.5282230506568820e-02
3.3757678103388686e+00 -7.5223238098140133e-02
3.3763514293690569e+00 -7.5164286257862464e-02
3.3769350483992451e+00 -7.5105374968600078e-02
3.3775186674294337e+00 -7.5046504213201207e-02
3.3781022864596220e+00 -7.4987673974498126e-02
3.3786859054898102e+00 -7.4928884235307011e-02
3.3792695245199988e+00 -7.4870134978428288e-02
3.3798531435501871e+00 -7.4811426186646587e-02
3.3804367625803753e+00 -7.4752757842730666e-02
3.3810203816105640e+00 -7.4694129929433584e-02
3.3816040006407522e+00 -7.4635542429492996e-02
3.3821876196709408e+00 -7.4576995325630793e-02
3.3827712387011291e+00 -7.4518488600553420e-02
3.3833548577313173e+00 -7.4460022236952084e-02
3.3839384767615059e+00 -7.4401596217502322e-02
3.3845220957916942e+00 -7.4343210524864686e-02
3.3851057148218824e+00 -7.4284865141684253e-02
3.3856893338520710e+00 -7.4226560050591153e-02
3.3862729528822593e+00 -7.4168295234200335e-02
3.3868565719124475e+00 -7.4110070675111689e-02
3.3874401909426362e+00 -7.4051886355910090e-02
3.3880238099728244e+00 -7.3993742259165773e-02
3.3886074290030126e+00 -7.3935638367433887e-02
3.3891910480332013e+00 -7.3877574663254800e-02
3.3897746670633895e+00 -7.3819551129154407e-02
3.3903582860935781e+00 -7.3761567747643753e-02
3.3909419051237664e+00 -7.3703624501219381e-02
3.3915255241539546e+00 -7.3645721372363318e-02
3.3921091431841432e+00 -7.3587858343543117e-02
3.3926927622143315e+00 -7.3530035397212062e-02
3.3932763812445197e+00 -7.3472252515808897e-02
3.3938600002747084e+00 -7.3414509681758278e-02
3.3944436193048966e+00 -7.3356806877470676e-02
3.3950272383350848e+00 -7.3299144085342313e-02
3.3956108573652735e+00 -7.3241521287755323e-02
3.3961944763954617e+00 -7.3183938467078075e-02
3.3967780954256499e+00 -7.3126395605664779e-02
3.3973617144558386e+00 -7.3068892685855660e-02
3.3979453334860268e+00 -7.3011429689977481e-02
3.3985289525162155e+00 -7.2954006600342902e-02
3.3991125715464037e+00 -7.2896623399251112e-02
3.3996961905765919e+00 -7.2839280068987516e-02
3.4002798096067806e+00 -7.2781976591824019e-02
3.4008634286369688e+00 -7.2724712950019046e-02
3.4014470476671570e+00 -7.2667489125817455e-02
3.4020306666973457e+00 -7.2610305101450834e-02
3.4026142857275339e+00 -7.2553160859137447e-02
3.4031979047577221e+00 -7.2496056381082211e-02
3.4037815237879108e+00 -7.2438991649476758e-02
3.4043651428180990e+00 -7.2381966646499873e-02
3.4049487618482872e+00 -7.2324981354317003e-02
3.4055323808784759e+00 -7.2268035755080534e-02
3.4061159999086641e+00 -7.2211129830930171e-02
3.4066996189388528e+00 -7.2154263563992432e-02
3.4072832379690410e+00 -7.2097436936381154e-02
3.4078668569992292e+00 -7.2040649930197279e-02
3.4084504760294179e+00 -7.1983902527529092e-02
3.4090340950596061e+00 -7.1927194710452294e-02
3.4096177140897943e+00 -7.1870526461029746e-02
3.4102013331199830e+00 -7.1813897761312015e-02
3.4107849521501712e+00 -7.1757308593337094e-02
3.4113685711803594e+00 -7.1700758939130485e-02
3.4119521902105481e+00 -7.1644248780705286e-02
3.4125358092407363e+00 -7.1587778100062532e-02
3.4131194282709245e+00 -7.1531346879190813e-02
3.4137030473011132e+00 -7.1474955100066379e-02
3.4142866663313014e+00 -7.1418602744653781e-02
3.4148702853614896e+00 -7.1362289794905123e-02
3.4154539043916783e+00 -7.1306016232760561e-02
3.4160375234218665e+00 -7.1249782040148396e-02
3.4166211424520552e+00 -7.1193587198984942e-02
3.4172047614822434e+00 -7.1137431691174799e-02
3.4177883805124316e+00 -7.1081315498610548e-02
3.4183719995426203e+00 -7.1025238603173224e-02
3.4189556185728085e+00 -7.0969200986732220e-02
3.4195392376029967e+00 -7.0913202631145172e-02
3.4201228566331854e+00 -7.0857243518258131e-02
3.4207064756633736e+00 -7.0801323629905918e-02
3.4212900946935618e+00 -7.0745442947911644e-02
3.4218737137237505e+00 -7.0689601454087078e-02
3.4224573327539387e+00 -7.0633799130232836e-02
3.4230409517841269e+00 -7.0578035958138066e-02
3.4236245708143156e+00 -7.0522311919580721e-02
3.4242081898445038e+00 -7.0466626996327678e-02
3.4247918088746925e+00 -7.0410981170134668e-02
3.4253754279048807e+00 -7.0355374422746406e-02
3.4259590469350689e+00 -7.0299806735896544e-02
3.4265426659652576e+00 -7.0244278091307802e-02
3.4271262849954458e+00 -7.0188788470692140e-02
3.4277099040256340e+00 -7.0133337855750572e-02
3.4282935230558227e+00 -7.0077926228173257e-02
3.4288771420860109e+00 -7.0022553569639948e-02
3.4294607611161991e+00 -6.9967219861819446e-02
3.4300443801463878e+00 -6.9911925086369953e-02
3.4306279991765760e+00 -6.9856669224939411e-02
3.4312116182067642e+00 -6.9801452259164926e-02
3.4317952372369529e+00 -6.9746274170673292e-02
3.4323788562671411e+00 -6.9691134941080965e-02
3.4329624752973298e+00 -6.9636034551994033e-02
3.4335460943275180e+00 -6.9580972985008316e-02
3.4341297133577062e+00 -6.9525950221709376e-02
3.4347133323878949e+00 -6.9470966243672536e-02
3.4352969514180831e+00 -6.9416021032463221e-02
3.4358805704482713e+00 -6.9361114569636603e-02
3.4364641894784600e+00 -6.9306246836737792e-02
3.4370478085086482e+00 -6.9251417815302252e-02
3.4376314275388364e+00 -6.9196627486855192e-02
3.4382150465690251e+00 -6.9141875832912161e-02
3.4387986655992133e+00 -6.9087162834978830e-02
3.4393822846294015e+00 -6.9032488474551235e-02
3.4399659036595902e+00 -6.8977852733115574e-02
3.4405495226897784e+00 -6.8923255592148500e-02
3.4411331417199671e+00 -6.8868697033117085e-02
3.4417167607501553e+00 -6.8814177037478858e-02
3.4423003797803435e+00 -6.8759695586681824e-02
3.4428839988105322e+00 -6.8705252662164484e-02
3.4434676178407204e+00 -6.8650848245356264e-02
3.4440512368709086e+00 -6.8596482317676927e-02
3.4446348559010973e+00 -6.8542154860537080e-02
3.4452184749312855e+00 -6.8487865855338240e-02
3.4458020939614737e+00 -6.8433615283472582e-02
3.4463857129916624e+00 -6.8379403126323166e-02
3.4469693320218506e+00 -6.8325229365264070e-02
3.4475529510520388e+00 -6.8271093981660411e-02
3.4481365700822275e+00 -6.8216996956868142e-02
3.4487201891124157e+00 -6.8162938272234408e-02
3.4493038081426044e+00 -6.8108917909097594e-02
3.4498874271727926e+00 -6.8054935848787135e-02
3.4504710462029808e+00 -6.8000992072623764e-02
3.4510546652331695e+00 -6.7947086561919348e-02
3.4516382842633577e+00 -6.7893219297977411e-02
3.4522219032935459e+00 -6.7839390262092611e-02
3.4528055223237346e+00 -6.7785599435551014e-02
3.4533891413539228e+00 -6.7731846799630471e-02
3.4539727603841111e+00 -6.7678132335600077e-02
3.4545563794142997e+00 -6.7624456024720600e-02
3.4551399984444879e+00 -6.7570817848244466e-02
3.4557236174746762e+00 -6.7517217787415873e-02
3.4563072365048648e+00 -6.7463655823470567e-02
3.4568908555350530e+00 -6.7410131937636245e-02
3.4574744745652413e+00 -6.7356646111132401e-02
3.4580580935954299e+00 -6.7303198325170330e-02
3.4586417126256181e+00 -6.7249788560953400e-02
3.4592253316558068e+00 -6.7196416799676778e-02
3.4598089506859950e+00 -6.7143083022527958e-02
3.4603925697161833e+00 -6.7089787210686203e-02
3.4609761887463719e+00 -6.7036529345323004e-02
3.4615598077765601e+00 -6.6983309407602207e-02
3.4621434268067484e+00 -6.6930127378679607e-02
3.4627270458369370e+00 -6.6876983239703439e-02
3.4633106648671252e+00 -6.6823876971814217e-02
3.4638942838973135e+00 -6.6770808556144895e-02
3.4644779029275021e+00 -6.6717777973820711e-02
3.4650615219576903e+00 -6.6664785205959462e-02
3.4656451409878786e+00 -6.6611830233671510e-02
3.4662287600180672e+00 -6.6558913038059594e-02
3.4668123790482555e+00 -6.6506033600219255e-02
3.4673959980784441e+00 -6.6453191901238523e-02
3.4679796171086323e+00 -6.6400387922198351e-02
3.4685632361388206e+00 -6.6347621644172239e-02
3.4691468551690092e+00 -6.6294893048226472e-02
3.4697304741991974e+00 -6.6242202115420423e-02
3.4703140932293857e+00 -6.6189548826806111e-02
3.4708977122595743e+00 -6.6136933163428543e-02
3.4714813312897626e+00 -6.6084355106325751e-02
3.4720649503199508e+00 -6.6031814636528893e-02
3.4726485693501394e+00 -6.5979311735061955e-02
3.4732321883803277e+00 -6.5926846382942300e-02
3.4738158074105159e+00 -6.5874418561180259e-02
3.4743994264407045e+00 -6.5822028250779527e-02
3.4749830454708928e+00 -6.5769675432737026e-02
3.4755666645010814e+00 -6.5717360088042853e-02
3.4761502835312696e+00 -6.5665082197680719e-02
3.4767339025614579e+00 -6.5612841742627465e-02
3.4773175215916465e+00 -6.5560638703853522e-02
3.4779011406218348e+00 -6.5508473062322728e-02
3.4784847596520230e+00 -6.5456344798992622e-02
3.4790683786822116e+00 -6.5404253894814052e-02
3.4796519977123999e+00 -6.5352200330731747e-02
3.4802356167425881e+00 -6.5300184087683996e-02
3.4808192357727767e+00 -6.5248205146602720e-02
3.4814028548029650e+00 -6.5196263488413772e-02
3.4819864738331532e+00 -6.5144359094036638e-02
3.4825700928633418e+00 -6.5092491944384781e-02
3.4831537118935301e+00 -6.5040662020365542e-02
3.4837373309237187e+00 -6.4988869302880004e-02
3.4843209499539070e+00 -6.4937113772823588e-02
3.4849045689840952e+00 -6.4885395411085442e-02
3.4854881880142838e+00 -6.4833714198548859e-02
3.4860718070444721e+00 -6.4782070116091259e-02
3.4866554260746603e+00 -6.4730463144584305e-02
3.4872390451048489e+00 -6.4678893264893664e-02
3.4878226641350372e+00 -6.4627360457879396e-02
3.4884062831652254e+00 -6.4575864704395872e-02
3.4889899021954141e+00 -6.4524405985291647e-02
3.4895735212256023e+00 -6.4472984281409809e-02
3.4901571402557905e+00 -6.4421599573587673e-02
3.4907407592859792e+00 -6.4370251842657197e-02
3.4913243783161674e+00 -6.4318941069444788e-02
3.4919079973463560e+00 -6.4267667234771272e-02
3.4924916163765443e+00 -6.4216430319452303e-02
3.4930752354067325e+00 -6.4165230304297965e-02
3.4936588544369211e+00 -6.4114067170113045e-02
3.4942424734671094e+00 -6.4062940897697096e-02
3.4948260924972976e+00 -6.4011851467844466e-02
3.4954097115274863e+00 -6.3960798861344148e-02
3.4959933305576745e+00 -6.3909783058980152e-02
3.4965769495878627e+00 -6.3858804041531284e-02
3.4971605686180514e+00 -6.3807861789771228e-02
3.4977441876482396e+00 -6.3756956284468758e-02
3.4983278066784278e+00 -6.3706087506387524e-02
3.4989114257086165e+00 -6.3655255436286320e-02
3.4994950447388047e+00 -6.3604460054919071e-02
3.5000786637689929e+00 -6.3553701343034702e-02
3.5006622827991816e+00 -6.3502979281377298e-02
3.5012459018293698e+00 -6.3452293850686403e-02
3.5018295208595585e+00 -6.3401645031696541e-02
3.5024131398897467e+00 -6.3351032805137639e-02
3.5029967589199349e+00 -6.3300457151735087e-02
3.5035803779501236e+00 -6.3249918052209420e-02
3.5041639969803118e+00 -6.3199415487276742e-02
3.5047476160105000e+00 -6.3148949437648649e-02
3.5053312350406887e+00 -6.3098519884032048e-02
3.5059148540708769e+00 -6.3048126807129651e-02
3.5064984731010651e+00 -6.2997770187639510e-02
3.5070820921312538e+00 -6.2947450006255429e-02
3.5076657111614420e+00 -6.2897166243666897e-02
3.5082493301916302e+00 -6.2846918880559044e-02
3.5088329492218189e+00 -6.2796707897612644e-02
3.5094165682520071e+00 -6.2746533275504543e-02
3.5100001872821958e+00 -6.2696394994907076e-02
3.5105838063123840e+00 -6.2646293036488665e-02
3.5111674253425722e+00 -6.2596227380913597e-02
3.5117510443727609e+00 -6.2546198008841966e-02
3.5123346634029491e+00 -6.2496204900930011e-02
3.5129182824331373e+00 -6.2446248037829867e-02
3.5135019014633260e+00 -6.2396327400189820e-02
3.5140855204935142e+00 -6.2346442968654235e-02
3.5146691395237024e+00 -6.2296594723863528e-02
3.5152527585538911e+00 -6.2246782646454370e-02
3.5158363775840793e+00 -6.2197006717059647e-02
3.5164199966142675e+00 -6.2147266916308494e-02
3.5170036156444562e+00 -6.2097563224826208e-02
3.5175872346746444e+00 -6.2047895623234678e-02
3.5181708537048331e+00 -6.1998264092151908e-02
3.5187544727350213e+00 -6.1948668612192434e-02
3.5193380917652095e+00 -6.1899109163967243e-02
3.5199217107953982e+00 -6.1849585728083724e-02
3.5205053298255864e+00 -6.1800098285145884e-02
3.5210889488557746e+00 -6.1750646815754137e-02
3.5216725678859633e+00 -6.1701231300505671e-02
3.5222561869161515e+00 -6.1651851719994252e-02
3.5228398059463397e+00 -6.1602508054810233e-02
3.5234234249765284e+00 -6.1553200285540753e-02
3.5240070440067166e+00 -6.1503928392769719e-02
3.5245906630369048e+00 -6.1454692357077748e-02
3.5251742820670935e+00 -6.1405492159042258e-02
3.5257579010972817e+00 -6.1356327779237697e-02
3.5263415201274704e+00 -6.1307199198235192e-02
3.5269251391576586e+00 -6.1258106396602945e-02
3.5275087581878468e+00 -6.1209049354906120e-02
3.5280923772180355e+00 -6.1160028053706759e-02
3.5286759962482237e+00 -6.1111042473564116e-02
3.5292596152784119e+00 -6.1062092595034381e-02
3.5298432343086006e+00 -6.1013178398670903e-02
3.5304268533387888e+00 -6.0964299865024336e-02
3.5310104723689770e+00 -6.0915456974642228e-02
3.5315940913991657e+00 -6.0866649708069591e-02
3.5321777104293539e+00 -6.0817878045848657e-02
3.5327613294595421e+00 -6.0769141968518868e-02
3.5333449484897308e+00 -6.0720441456616980e-02
3.5339285675199190e+00 -6.0671776490677329e-02
3.5345121865501077e+00 -6.0623147051231382e-02
3.5350958055802959e+00 -6.0574553118808251e-02
3.5356794246104841e+00 -6.0525994673934436e-02
3.5362630436406728e+00 -6.0477471697133946e-02
3.5368466626708610e+00 -6.0428984168928362e-02
3.5374302817010492e+00 -6.0380532069836811e-02
3.5380139007312379e+00 -6.0332115380376104e-02
3.5385975197614261e+00 -6.0283734081060643e-02
3.5391811387916143e+00 -6.0235388152402536e-02
3.5397647578218030e+00 -6.0187077574911624e-02
3.5403483768519912e+00 -6.0138802329095506e-02
3.5409319958821794e+00 -6.0090562395459568e-02
3.5415156149123681e+00 -6.0042357754506968e-02
3.5420992339425563e+00 -5.9994188386738853e-02
3.5426828529727445e+00 -5.9946054272654176e-02
3.5432664720029332e+00 -5.9897955392749759e-02
3.5438500910331214e+00 -5.9849891727520636e-02
3.5444337100633101e+00 -5.9801863257459495e-02
3.5450173290934983e+00 -5.9753869963057413e-02
3.5456009481236865e+00 -5.9705911824803178e-02
3.5461845671538752e+00 -5.9657988823183988e-02
3.5467681861840634e+00 -5.9610100938685025e-02
3.5473518052142516e+00 -5.9562248151789690e-02
3.5479354242444403e+00 -5.9514430442979452e-02
3.5485190432746285e+00 -5.9466647792734285e-02
3.5491026623048167e+00 -5.9418900181532237e-02
3.5496862813350054e+00 -5.9371187589849585e-02
3.5502699003651936e+00 -5.9323509998161245e-02
3.5508535193953819e+00 -5.9275867386940247e-02
3.5514371384255705e+00 -5.9228259736658073e-02
3.5520207574557587e+00 -5.9180687027784701e-02
3.5526043764859474e+00 -5.9133149240788566e-02
3.5531879955161356e+00 -5.9085646356136626e-02
3.5537716145463238e+00 -5.9038178354294285e-02
3.5543552335765125e+00 -5.8990745215725601e-02
3.5549388526067007e+00 -5.8943346920893258e-02
3.5555224716368889e+00 -5.8895983450258503e-02
3.5561060906670776e+00 -5.8848654784281217e-02
3.5566897096972658e+00 -5.8801360903420162e-02
3.5572733287274541e+00 -5.8754101788132666e-02
3.5578569477576427e+00 -5.8706877418874800e-02
3.5584405667878309e+00 -5.8659687776101685e-02
3.5590241858180192e+00 -5.8612532840266976e-02
3.5596078048482078e+00 -5.8565412591823303e-02
3.5601914238783960e+00 -5.8518327011222247e-02
3.5607750429085847e+00 -5.8471276078914218e-02
3.5613586619387729e+00 -5.8424259775348743e-02
3.5619422809689611e+00 -5.8377278080974093e-02
3.5625258999991498e+00 -5.8330330976237812e-02
3.5631095190293380e+00 -5.8283418441586361e-02
3.5636931380595263e+00 -5.8236540457465319e-02
3.5642767570897149e+00 -5.8189697004319280e-02
3.5648603761199031e+00 -5.8142888062592220e-02
3.5654439951500914e+00 -5.8096113612727103e-02
3.5660276141802800e+00 -5.8049373635166115e-02
3.5666112332104682e+00 -5.8002668110350826e-02
3.5671948522406565e+00 -5.7955997018721929e-02
3.5677784712708451e+00 -5.7909360340719446e-02
3.5683620903010334e+00 -5.7862758056782808e-02
3.5689457093312220e+00 -5.7816190147350746e-02
3.5695293283614102e+00 -5.7769656592861457e-02
3.5701129473915985e+00 -5.7723157373752457e-02
3.5706965664217871e+00 -5.7676692470460804e-02
3.5712801854519753e+00 -5.7630261863423064e-02
3.5718638044821636e+00 -5.7583865533075249e-02
3.5724474235123522e+00 -5.7537503459852916e-02
3.5730310425425404e+00 -5.7491175624191315e-02
3.5736146615727287e+00 -5.7444882006525221e-02
3.5741982806029173e+00 -5.7398622587288964e-02
3.5747818996331056e+00 -5.7352397346916814e-02
3.5753655186632938e+00 -5.7306206265842458e-02
3.5759491376934824e+00 -5.7260049324499421e-02
3.5765327567236707e+00 -5.7213926503320994e-02
3.5771163757538593e+00 -5.7167837782740309e-02
3.5776999947840475e+00 -5.7121783143190275e-02
3.5782836138142358e+00 -5.7075762565103570e-02
3.5788672328444244e+00 -5.7029776028912876e-02
3.5794508518746126e+00 -5.6983823515050727e-02
3.5800344709048009e+00 -5.6937905003949643e-02
3.5806180899349895e+00 -5.6892020476041916e-02
3.5812017089651778e+00 -5.6846169911760155e-02
3.5817853279953660e+00 -5.6800353291536772e-02
3.5823689470255546e+00 -5.6754570595804230e-02
3.5829525660557429e+00 -5.6708821804995237e-02
3.5835361850859311e+00 -5.6663106899542459e-02
3.5841198041161197e+00 -5.6617425859878737e-02
3.5847034231463080e+00 -5.6571778666437124e-02
3.5852870421764962e+00 -5.6526165299650884e-02
3.5858706612066849e+00 -5.6480585739953411e-02
3.5864542802368731e+00 -5.6435039967778475e-02
3.5870378992670617e+00 -5.6389527963560004e-02
3.5876215182972500e+00 -5.6344049707732421e-02
3.5882051373274382e+00 -5.6298605180730321e-02
3.5887887563576268e+00 -5.6253194362988659e-02
3.5893723753878151e+00 -5.6207817234943024e-02
3.5899559944180033e+00 -5.6162473777029147e-02
3.5905396134481919e+00 -5.6117163969683297e-02
3.5911232324783802e+00 -5.6071887793342406e-02
3.5917068515085684e+00 -5.6026645228443674e-02
3.5922904705387571e+00 -5.5981436255424927e-02
3.5928740895689453e+00 -5.5936260854724563e-02
3.5934577085991335e+00 -5.5891119006781675e-02
3.5940413276293222e+00 -5.5846010692035736e-02
3.5946249466595104e+00 -5.5800935890927161e-02
3.5952085656896990e+00 -5.5755894583896702e-02
3.5957921847198873e+00 -5.5710886751386204e-02
3.5963758037500755e+00 -5.5665912373837945e-02
3.5969594227802641e+00 -5.5620971431695025e-02
3.5975430418104524e+00 -5.5576063905401443e-02
3.5981266608406406e+00 -5.5531189775401904e-02
3.5987102798708293e+00 -5.5486349022141931e-02
3.5992938989010175e+00 -5.5441541626068014e-02
3.5998775179312057e+00 -5.5396767567627486e-02
3.6004611369613944e+00 -5.5352026827268551e-02
3.6010447559915826e+00 -5.5307319385440451e-02
3.6016283750217708e+00 -5.5262645222593353e-02
3.6022119940519595e+00 -5.5218004319178400e-02
3.6027956130821477e+00 -5.5173396655647834e-02
3.6033792321123364e+00 -5.5128822212454812e-02
3.6039628511425246e+00 -5.5084280970053842e-02
3.6045464701727128e+00 -5.5039772908900220e-02
3.6051300892029015e+00 -5.4995298009450494e-02
3.6057137082330897e+00 -5.4950856252162540e-02
3.6062973272632779e+00 -5.4906447617495156e-02
3.6068809462934666e+00 -5.4862072085908480e-02
3.6074645653236548e+00 -5.4817729637863855e-02
3.6080481843538430e+00 -5.4773420253824007e-02
3.6086318033840317e+00 -5.4729143914252709e-02
3.6092154224142199e+00 -5.4684900599615269e-02
3.6097990414444081e+00 -5.4640690290378262e-02
3.6103826604745968e+00 -5.4596512967009569e-02
3.6109662795047850e+00 -5.4552368609978578e-02
3.6115498985349737e+00 -5.4508257199755904e-02
3.6121335175651619e+00 -5.4464178716813881e-02
3.6127171365953501e+00 -5.4420133141626074e-02
3.6133007556255388e+00 -5.4376120454667588e-02
3.6138843746557270e+00 -5.4332140636415172e-02
3.6144679936859152e+00 -5.4288193667347003e-02
3.6150516127161039e+00 -5.4244279527942800e-02
3.6156352317462921e+00 -5.4200398198683962e-02
3.6162188507764803e+00 -5.4156549660053489e-02
3.6168024698066690e+00 -5.4112733892535972e-02
3.6173860888368572e+00 -5.4068950876617707e-02
3.6179697078670454e+00 -5.4025200592786704e-02
3.6185533268972341e+00 -5.3981483021532640e-02
3.6191369459274223e+00 -5.3937798143346996e-02
3.6197205649576110e+00 -5.3894145938722889e-02
3.6203041839877992e+00 -5.3850526388155469e-02
3.6208878030179874e+00 -5.3806939472141456e-02
3.6214714220481761e+00 -5.3763385171179470e-02
3.6220550410783643e+00 -5.3719863465770144e-02
3.6226386601085525e+00 -5.3676374336415866e-02
3.6232222791387412e+00 -5.3632917763620884e-02
3.6238058981689294e+00 -5.3589493727891471e-02
3.6243895171991176e+00 -5.3546102209735942e-02
3.6249731362293063e+00 -5.3502743189664387e-02
3.6255567552594945e+00 -5.3459416648189116e-02
3.6261403742896827e+00 -5.3416122565824280e-02
3.6267239933198714e+00 -5.3372860923086241e-02
3.6273076123500596e+00 -5.3329631700493409e-02
3.6278912313802483e+00 -5.3286434878566179e-02
3.6284748504104365e+00 -5.3243270437827263e-02
3.6290584694406247e+00 -5.3200138358801372e-02
3.6296420884708134e+00 -5.3157038622015415e-02
3.6302257075010016e+00 -5.3113971207998607e-02
3.6308093265311898e+00 -5.3070936097282265e-02
3.6313929455613785e+00 -5.3027933270399959e-02
3.6319765645915667e+00 -5.2984962707887578e-02
3.6325601836217549e+00 -5.2942024390283310e-02
3.6331438026519436e+00 -5.2899118298127587e-02
3.6337274216821318e+00 -5.2856244411963252e-02
3.6343110407123200e+00 -5.2813402712335443e-02
3.6348946597425087e+00 -5.2770593179791700e-02
3.6354782787726969e+00 -5.2727815794882033e-02
3.6360618978028851e+00 -5.2685070538158775e-02
3.6366455168330738e+00 -5.2642357390176774e-02
3.6372291358632620e+00 -5.2599676331493359e-02
3.6378127548934507e+00 -5.2557027342668296e-02
3.6383963739236389e+00 -5.2514410404263925e-02
3.6389799929538271e+00 -5.2471825496845155e-02
3.6395636119840158e+00 -5.2429272600979307e-02
3.6401472310142040e+00 -5.2386751697236486e-02
3.6407308500443922e+00 -5.2344262766189295e-02
3.6413144690745809e+00 -5.2301805788412932e-02
3.6418980881047691e+00 -5.2259380744485398e-02
3.6424817071349573e+00 -5.2216987614987130e-02
3.6430653261651460e+00 -5.2174626380501493e-02
3.6436489451953342e+00 -5.2132297021614482e-02
3.6442325642255224e+00 -5.2089999518914791e-02
3.6448161832557111e+00 -5.2047733852993924e-02
3.6453998022858993e+00 -5.2005500004446176e-02
3.6459834213160880e+00 -5.1963297953868594e-02
3.6465670403462762e+00 -5.1921127681861100e-02
3.6471506593764644e+00 -5.1878989169026481e-02
3.6477342784066531e+00 -5.1836882395970320e-02
3.6483178974368413e+00 -5.1794807343301157e-02
3.6489015164670295e+00 -5.1752763991630445e-02
3.6494851354972182e+00 -5.1710752321572510e-02
3.6500687545274064e+00 -5.1668772313744712e-02
3.6506523735575946e+00 -5.1626823948767310e-02
3.6512359925877833e+00 -5.1584907207263622e-02
3.6518196116179715e+00 -5.1543022069860001e-02
3.6524032306481597e+00 -5.1501168517185746e-02
3.6529868496783484e+00 -5.1459346529873273e-02
3.6535704687085366e+00 -5.1417556088558178e-02
3.6541540877387253e+00 -5.1375797173878947e-02
3.6547377067689135e+00 -5.1334069766477364e-02
3.6553213257991017e+00 -5.1292373846998356e-02
3.6559049448292904e+00 -5.1250709396089833e-02
3.6564885638594786e+00 -5.1209076394403127e-02
3.6570721828896668e+00 -5.1167474822592630e-02
3.6576558019198555e+00 -5.1125904661315995e-02
3.6582394209500437e+00 -5.1084365891234162e-02
3.6588230399802320e+00 -5.1042858493011267e-02
3.6594066590104206e+00 -5.1001382447314773e-02
3.6599902780406088e+00 -5.0959937734815490e-02
3.6605738970707971e+00 -5.0918524336187522e-02
3.6611575161009857e+00 -5.0877142232108201e-02
3.6617411351311739e+00 -5.0835791403258494e-02
3.6623247541613626e+00 -5.0794471830322548e-02
3.6629083731915508e+00 -5.0753183493987976e-02
3.6634919922217390e+00 -5.0711926374945850e-02
3.6640756112519277e+00 -5.0670700453890632e-02
3.6646592302821159e+00 -5.0629505711520320e-02
3.6652428493123042e+00 -5.0588342128536364e-02
3.6658264683424928e+00 -5.0547209685643704e-02
3.6664100873726810e+00 -5.0506108363550857e-02
3.6669937064028693e+00 -5.0465038142969841e-02
3.6675773254330579e+00 -5.0423999004616277e-02
3.6681609444632461e+00 -5.0382990929209379e-02
3.6687445634934344e+00 -5.0342013897471914e-02
3.6693281825236230e+00 -5.0301067890130273e-02
3.6699118015538112e+00 -5.0260152887914647e-02
3.6704954205839999e+00 -5.0219268871558635e-02
3.6710790396141881e+00 -5.0178415821799736e-02
3.6716626586443764e+00 -5.0137593719379092e-02
3.6722462776745650e+00 -5.0096802545041480e-02
3.6728298967047532e+00 -5.0056042279535543e-02
3.6734135157349415e+00 -5.0015312903613579e-02
3.6739971347651301e+00 -4.9974614398031740e-02
3.6745807537953183e+00 -4.9933946743549958e-02
3.6751643728255066e+00 -4.9893309920931939e-02
3.6757479918556952e+00 -4.9852703910945269e-02
3.6763316108858834e+00 -4.9812128694361413e-02
3.6769152299160717e+00 -4.9771584251955645e-02
3.6774988489462603e+00 -4.9731070564507103e-02
3.6780824679764486e+00 -4.9690587612798993e-02
3.6786660870066368e+00 -4.9650135377618296e-02
3.6792497060368254e+00 -4.9609713839755959e-02
3.6798333250670137e+00 -4.9569322980006998e-02
3.6804169440972023e+00 -4.9528962779170294e-02
3.6810005631273905e+00 -4.9488633218048798e-02
3.6815841821575788e+00 -4.9448334277449442e-02
3.6821678011877674e+00 -4.9408065938183227e-02
3.6827514202179557e+00 -4.9367828181065207e-02
3.6833350392481439e+00 -4.9327620986914490e-02
3.6839186582783325e+00 -4.9287444336554256e-02
3.6845022773085208e+00 -4.9247298210811960e-02
3.6850858963387090e+00 -4.9207182590518928e-02
3.6856695153688976e+00 -4.9167097456510746e-02
3.6862531343990859e+00 -4.9127042789627304e-02
3.6868367534292741e+00 -4.9087018570712480e-02
3.6874203724594627e+00 -4.9047024780614339e-02
3.6880039914896510e+00 -4.9007061400185403e-02
3.6885876105198396e+00 -4.8967128410282182e-02
3.6891712295500279e+00 -4.8927225791765568e-02
3.6897548485802161e+00 -4.8887353525500638e-02
3.6903384676104047e+00 -4.8847511592356833e-02
3.6909220866405930e+00 -4.8807699973207878e-02
3.6915057056707812e+00 -4.8767918648931791e-02
3.6920893247009698e+00 -4.8728167600410967e-02
3.6926729437311581e+00 -4.8688446808532161e-02
3.6932565627613463e+00 -4.8648756254186458e-02
3.6938401817915349e+00 -4.8609095918269334e-02
3.6944238008217232e+00 -4.8569465781680768e-02
3.6950074198519114e+00 -4.8529865825325064e-02
3.6955910388821001e+00 -4.8490296030110971e-02
3.6961746579122883e+00 -4.8450756376951780e-02
3.6967582769424769e+00 -4.8411246846765184e-02
3.6973418959726652e+00 -4.8371767420473409e-02
3.6979255150028534e+00 -4.8332318079003150e-02
3.6985091340330420e+00 -4.8292898803285668e-02
3.6990927530632303e+00 -4.8253509574256774e-02
3.6996763720934185e+00 -4.8214150372856791e-02
3.7002599911236072e+00 -4.8174821180030594e-02
3.7008436101537954e+00 -4.8135521976727859e-02
3.7014272291839836e+00 -4.8096252743902598e-02
3.7020108482141723e+00 -4.8057013462513544e-02
3.7025944672443605e+00 -4.8017804113524208e-02
3.7031780862745487e+00 -4.7978624677902607e-02
3.7037617053047374e+00 -4.7939475136621383e-02
3.7043453243349256e+00 -4.7900355470658108e-02
3.7049289433651142e+00 -4.7861265660994835e-02
3.7055125623953025e+00 -4.7822205688618460e-02
3.7060961814254907e+00 -4.7783175534520550e-02
3.7066798004556794e+00 -4.7744175179697472e-02
3.7072634194858676e+00 -4.7705204605150382e-02
3.7078470385160558e+00 -4.7666263791885169e-02
3.7084306575462445e+00 -4.7627352720912536e-02
3.7090142765764327e+00 -4.7588471373248072e-02
3.7095978956066209e+00 -4.7549619729912139e-02
3.7101815146368096e+00 -4.7510797771929916e-02
3.7107651336669978e+00 -4.7472005480331571e-02
3.7113487526971860e+00 -4.7433242836152058e-02
3.7119323717273747e+00 -4.7394509820431238e-02
3.7125159907575629e+00 -4.7355806414213907e-02
3.7130996097877516e+00 -4.7317132598549791e-02
3.7136832288179398e+00 -4.7278488354493588e-02
3.7142668478481280e+00 -4.7239873663104864e-02
3.7148504668783167e+00 -4.7201288505448254e-02
3.7154340859085049e+00 -4.7162732862593405e-02
3.7160177049386931e+00 -4.7124206715614854e-02
3.7166013239688818e+00 -4.7085710045592179e-02
3.7171849429990700e+00 -4.7047242833610170e-02
3.7177685620292582e+00 -4.7008805060758489e-02
3.7183521810594469e+00 -4.6970396708131815e-02
3.7189358000896351e+00 -4.6932017756830167e-02
3.7195194191198233e+00 -4.6893668187958447e-02
3.7201030381500120e+00 -4.6855347982626659e-02
3.7206866571802002e+00 -4.6817057121950084e-02
3.7212702762103884e+00 -4.6778795587049074e-02
3.7218538952405771e+00 -4.6740563359049067e-02
3.7224375142707653e+00 -4.6702360419080761e-02
3.7230211333009540e+00 -4.6664186748280032e-02
3.7236047523311422e+00 -4.6626042327787935e-02
3.7241883713613304e+00 -4.6587927138750734e-02
3.7247719903915191e+00 -4.6549841162319909e-02
3.7253556094217073e+00 -4.6511784379652282e-02
3.7259392284518955e+00 -4.6473756771909819e-02
3.7265228474820842e+00 -4.6435758320259757e-02
3.7271064665122724e+00 -4.6397789005874761e-02
3.7276900855424606e+00 -4.6359848809932672e-02
3.7282737045726493e+00 -4.6321937713616652e-02
3.7288573236028375e+00 -4.6284055698115265e-02
3.7294409426330257e+00 -4.6246202744622371e-02
3.7300245616632144e+00 -4.6208378834337177e-02
3.7306081806934026e+00 -4.6170583948464308e-02
3.7311917997235913e+00 -4.6132818068213746e-02
3.7317754187537795e+00 -4.6095081174800934e-02
3.7323590377839677e+00 -4.6057373249446629e-02
3.7329426568141564e+00 -4.6019694273377015e-02
3.7335262758443446e+00 -4.5982044227823926e-02
3.7341098948745328e+00 -4.5944423094024425e-02
3.7346935139047215e+00 -4.5906830853221059e-02
3.7352771329349097e+00 -4.5869267486662049e-02
3.7358607519650979e+00 -4.5831732975600947e-02
3.7364443709952866e+00 -4.5794227301296835e-02
3.7370279900254748e+00 -4.5756750445014378e-02
3.7376116090556630e+00 -4.5719302388023776e-02
3.7381952280858517e+00 -4.5681883111600714e-02
3.7387788471160399e+00 -4.5644492597026534e-02
3.7393624661462286e+00 -4.5607130825588087e-02
3.7399460851764168e+00 -4.5569797778577885e-02
3.7405297042066050e+00 -4.5532493437293993e-02
3.7411133232367937e+00 -4.5495217783040075e-02
3.7416969422669819e+00 -4.5457970797125553e-02
3.7422805612971701e+00 -4.5420752460865355e-02
3.7428641803273588e+00 -4.5383562755580122e-02
3.7434477993575470e+00 -4.5346401662596229e-02
3.7440314183877352e+00 -4.5309269163245659e-02
3.7446150374179239e+00 -4.5272165238866090e-02
3.7451986564481121e+00 -4.5235089870800979e-02
3.7457822754783003e+00 -4.5198043040399490e-02
3.7463658945084890e+00 -4.5161024729016445e-02
3.7469495135386772e+00 -4.5124034918012583e-02
3.7475331325688659e+00 -4.5087073588754183e-02
3.7481167515990541e+00 -4.5050140722613555e-02
3.7487003706292423e+00 -4.5013236300968651e-02
3.7492839896594310e+00 -4.4976360305203134e-02
3.7498676086896192e+00 -4.4939512716706757e-02
3.7504512277198074e+00 -4.4902693516874884e-02
3.7510348467499961e+00 -4.4865902687108723e-02
3.7516184657801843e+00 -4.4829140208815454e-02
3.7522020848103725e+00 -4.4792406063408063e-02
3.7527857038405612e+00 -4.4755700232305407e-02
3.7533693228707494e+00 -4.4719022696932231e-02
3.7539529419009376e+00 -4.4682373438719232e-02
3.7545365609311263e+00 -4.4645752439102945e-02
3.7551201799613145e+00 -4.4609159679525931e-02
3.7557037989915032e+00 -4.4572595141436556e-02
3.7562874180216914e+00 -4.4536058806289316e-02
3.7568710370518796e+00 -4.4499550655544548e-02
3.7574546560820683e+00 -4.4463070670668549e-02
3.7580382751122565e+00 -4.4426618833133730e-02
3.7586218941424447e+00 -4.4390195124418406e-02
3.7592055131726334e+00 -4.4353799526006911e-02
3.7597891322028216e+00 -4.4317432019389626e-02
3.7603727512330098e+00 -4.4281092586062998e-02
3.7609563702631985e+00 -4.4244781207529463e-02
3.7615399892933867e+00 -4.4208497865297569e-02
3.7621236083235750e+00 -4.4172242540881930e-02
3.7627072273537636e+00 -4.4136015215803223e-02
3.7632908463839518e+00 -4.4099815871588247e-02
3.7638744654141401e+00 -4.4063644489769883e-02
3.7644580844443287e+00 -4.4027501051887130e-02
3.7650417034745169e+00 -4.3991385539485235e-02
3.7656253225047056e+00 -4.3955297934115352e-02
3.7662089415348938e+00 -4.3919238217335073e-02
3.7667925605650820e+00 -4.3883206370707944e-02
3.7673761795952707e+00 -4.3847202375803772e-02
3.7679597986254589e+00 -4.3811226214198536e-02
3.7685434176556472e+00 -4.3775277867474476e-02
3.7691270366858358e+00 -4.3739357317219944e-02
3.7697106557160240e+00 -4.3703464545029581e-02
3.7702942747462123e+00 -4.3667599532504278e-02
3.7708778937764009e+00 -4.3631762261251136e-02
3.7714615128065891e+00 -4.3595952712883523e-02
3.7720451318367774e+00 -4.3560170869021073e-02
3.7726287508669660e+00 -4.3524416711289718e-02
3.7732123698971543e+00 -4.3488690221321687e-02
3.7737959889273429e+00 -4.3452991380755430e-02
3.7743796079575311e+00 -4.3417320171235910e-02
3.7749632269877194e+00 -4.3381676574414184e-02
3.7755468460179080e+00 -4.3346060571947752e-02
3.7761304650480962e+00 -4.3310472145500475e-02
3.7767140840782845e+00 -4.3274911276742566e-02
3.7772977031084731e+00 -4.3239377947350555e-02
3.7778813221386613e+00 -4.3203872139007400e-02
3.7784649411688496e+00 -4.3168393833402506e-02
3.7790485601990382e+00 -4.3132943012231501e-02
3.7796321792292265e+00 -4.3097519657196603e-02
3.7802157982594147e+00 -4.3062123750006412e-02
3.7807994172896033e+00 -4.3026755272375913e-02
3.7813830363197916e+00 -4.2991414206026465e-02
3.7819666553499802e+00 -4.2956100532686115e-02
3.7825502743801684e+00 -4.2920814234089194e-02
3.7831338934103567e+00 -4.2885555291976449e-02
3.7837175124405453e+00 -4.2850323688095333e-02
3.7843011314707335e+00 -4.2815119404199645e-02
3.7848847505009218e+00 -4.2779942422049730e-02
3.7854683695311104e+00 -4.2744792723412341e-02
3.7860519885612987e+00 -4.2709670290060987e-02
3.7866356075914869e+00 -4.2674575103775529e-02
3.7872192266216755e+00 -4.2639507146342417e-02
3.7878028456518638e+00 -4.2604466399554716e-02
3.7883864646820520e+00 -4.2569452845212005e-02
3.7889700837122406e+00 -4.2534466465120407e-02
3.7895537027424289e+00 -4.2499507241092770e-02
3.7901373217726175e+00 -4.2464575154948329e-02
3.7907209408028057e+00 -4.2429670188513201e-02
3.7913045598329940e+00 -4.2394792323619868e-02
3.7918881788631826e+00 -4.2359941542107517e-02
3.7924717978933709e+00 -4.2325117825822101e-02
3.7930554169235591e+00 -4.2290321156616080e-02
3.7936390359537477e+00 -4.2255551516348529e-02
3.7942226549839360e+00 -4.2220808886885383e-02
3.7948062740141242e+00 -4.2186093250099123e-02
3.7953898930443128e+00 -4.2151404587868854e-02
3.7959735120745011e+00 -4.2116742882080595e-02
3.7965571311046893e+00 -4.2082108114626850e-02
3.7971407501348780e+00 -4.2047500267406987e-02
3.7977243691650662e+00 -4.2012919322326925e-02
3.7983079881952548e+00 -4.1978365261299583e-02
3.7988916072254431e+00 -4.1943838066244396e-02
3.7994752262556313e+00 -4.1909337719087635e-02
3.8000588452858199e+00 -4.1874864201762382e-02
3.8006424643160082e+00 -4.1840417496208426e-02
3.8012260833461964e+00 -4.1805997584372354e-02
3.8018097023763850e+00 -4.1771604448207489e-02
3.8023933214065733e+00 -4.1737238069674117e-02
3.8029769404367615e+00 -4.1702898430739190e-02
3.8035605594669502e+00 -4.1668585513376488e-02
3.8041441784971384e+00 -4.1634299299566725e-02
3.8047277975273266e+00 -4.1600039771297351e-02
3.8053114165575153e+00 -4.1565806910562671e-02
3.8058950355877035e+00 -4.1531600699363923e-02
3.8064786546178917e+00 -4.1497421119709145e-02
3.8070622736480804e+00 -4.1463268153613224e-02
3.8076458926782686e+00 -4.1429141783098027e-02
3.8082295117084572e+00 -4.1395041990192193e-02
3.8088131307386455e+00 -4.1360968756931411e-02
3.8093967497688337e+00 -4.1326922065358179e-02
3.8099803687990224e+00 -4.1292901897521855e-02
3.8105639878292106e+00 -4.1258908235478904e-02
3.8111476068593988e+00 -4.1224941061292576e-02
3.8117312258895875e+00 -4.1191000357033165e-02
3.8123148449197757e+00 -4.1157086104777751e-02
3.8128984639499639e+00 -4.1123198286610638e-02
3.8134820829801526e+00 -4.1089336884622928e-02
3.8140657020103408e+00 -4.1055501880912650e-02
3.8146493210405290e+00 -4.1021693257585021e-02
3.8152329400707177e+00 -4.0987910996752135e-02
3.8158165591009059e+00 -4.0954155080533079e-02
3.8164001781310946e+00 -4.0920425491053909e-02
3.8169837971612828e+00 -4.0886722210447903e-02
3.8175674161914710e+00 -4.0853045220855172e-02
3.8181510352216597e+00 -4.0819394504422922e-02
3.8187346542518479e+00 -4.0785770043305497e-02
3.8193182732820361e+00 -4.0752171819664174e-02
3.8199018923122248e+00 -4.0718599815667320e-02
3.8204855113424130e+00 -4.0685054013490464e-02
3.8210691303726012e+00 -4.0651534395316130e-02
3.8216527494027899e+00 -4.0618040943333926e-02
3.8222363684329781e+00 -4.0584573639740648e-02
3.8228199874631663e+00 -4.0551132466740102e-02
3.8234036064933550e+00 -4.0517717406543204e-02
3.8239872255235432e+00 -4.0484328441368157e-02
3.8245708445537319e+00 -4.0450965553440035e-02
3.8251544635839201e+00 -4.0417628724991293e-02
3.8257380826141083e+00 -4.0384317938261416e-02
3.8263217016442970e+00 -4.0351033175496966e-02
3.8269053206744852e+00 -4.0317774418951860e-02
3.8274889397046734e+00 -4.0284541650887060e-02
3.8280725587348621e+00 -4.0251334853570721e-02
3.8286561777650503e+00 -4.0218154009278126e-02
3.8292397967952385e+00 -4.0184999100291927e-02
3.8298234158254272e+00 -4.0151870108901824e-02
3.8304070348556154e+00 -4.0118767017404751e-02
3.8309906538858036e+00 -4.0085689808104924e-02
3.8315742729159923e+00 -4.0052638463313729e-02
3.8321578919461805e+00 -4.0019612965349803e-02
3.8327415109763692e+00 -3.9986613296538943e-02
3.8333251300065574e+00 -3.9953639439214372e-02
3.8339087490367456e+00 -3.9920691375716438e-02
3.8344923680669343e+00 -3.9887769088392727e-02
3.8350759870971225e+00 -3.9854872559598221e-02
3.8356596061273107e+00 -3.9822001771695072e-02
3.8362432251574994e+00 -3.9789156707052728e-02
3.8368268441876876e+00 -3.9756337348048017e-02
3.8374104632178758e+00 -3.9723543677064960e-02
3.8379940822480645e+00 -3.9690775676494913e-02
3.8385777012782527e+00 -3.9658033328736617e-02
3.8391613203084409e+00 -3.9625316616196067e-02
3.8397449393386296e+00 -3.9592625521286555e-02
3.8403285583688178e+00 -3.9559960026428857e-02
3.8409121773990065e+00 -3.9527320114050864e-02
3.8414957964291947e+00 -3.9494705766588076e-02
3.8420794154593829e+00 -3.9462116966483177e-02
3.8426630344895716e+00 -3.9429553696186233e-02
3.8432466535197598e+00 -3.9397015938154756e-02
3.8438302725499480e+00 -3.9364503674853592e-02
3.8444138915801367e+00 -3.9332016888754970e-02
3.8449975106103249e+00 -3.9299555562338447e-02
3.8455811296405131e+00 -3.9267119678091170e-02
3.8461647486707018e+00 -3.9234709218507531e-02
3.8467483677008900e+00 -3.9202324166089389e-02
3.8473319867310782e+00 -3.9169964503345950e-02
3.8479156057612669e+00 -3.9137630212794018e-02
3.8484992247914551e+00 -3.9105321276957677e-02
3.8490828438216438e+00 -3.9073037678368498e-02
3.8496664628518320e+00 -3.9040779399565545e-02
3.8502500818820202e+00 -3.9008546423095293e-02
3.8508337009122089e+00 -3.8976338731511642e-02
3.8514173199423971e+00 -3.8944156307376070e-02
3.8520009389725853e+00 -3.8911999133257456e-02
3.8525845580027740e+00 -3.8879867191732115e-02
3.8531681770329622e+00 -3.8847760465383976e-02
3.8537517960631504e+00 -3.8815678936804369e-02
3.8543354150933391e+00 -3.8783622588592102e-02
3.8549190341235273e+00 -3.8751591403353658e-02
3.8555026531537155e+00 -3.8719585363702826e-02
3.8560862721839042e+00 -3.8687604452260993e-02
3.8566698912140924e+00 -3.8655648651657201e-02
3.8572535102442806e+00 -3.8623717944527819e-02
3.8578371292744693e+00 -3.8591812313516834e-02
3.8584207483046575e+00 -3.8559931741275880e-02
3.8590043673348462e+00 -3.8528076210464036e-02
3.8595879863650344e+00 -3.8496245703747892e-02
3.8601716053952226e+00 -3.8464440203801797e-02
3.8607552244254113e+00 -3.8432659693307489e-02
3.8613388434555995e+00 -3.8400904154954341e-02
3.8619224624857877e+00 -3.8369173571439347e-02
3.8625060815159764e+00 -3.8337467925467057e-02
3.8630897005461646e+00 -3.8305787199749620e-02
3.8636733195763528e+00 -3.8274131377006734e-02
3.8642569386065415e+00 -3.8242500439965861e-02
3.8648405576367297e+00 -3.8210894371361943e-02
3.8654241766669180e+00 -3.8179313153937529e-02
3.8660077956971066e+00 -3.8147756770442930e-02
3.8665914147272948e+00 -3.8116225203635959e-02
3.8671750337574835e+00 -3.8084718436282097e-02
3.8677586527876717e+00 -3.8053236451154535e-02
3.8683422718178599e+00 -3.8021779231034045e-02
3.8689258908480486e+00 -3.7990346758709055e-02
3.8695095098782368e+00 -3.7958939016975710e-02
3.8700931289084251e+00 -3.7927555988637805e-02
3.8706767479386137e+00 -3.7896197656506696e-02
3.8712603669688019e+00 -3.7864864003401687e-02
3.8718439859989902e+00 -3.7833555012149467e-02
3.8724276050291788e+00 -3.7802270665584538e-02
3.8730112240593670e+00 -3.7771010946549215e-02
3.8735948430895553e+00 -3.7739775837893348e-02
3.8741784621197439e+00 -3.7708565322474498e-02
3.8747620811499321e+00 -3.7677379383158113e-02
3.8753457001801208e+00 -3.7646218002817193e-02
3.8759293192103090e+00 -3.7615081164332445e-02
3.8765129382404973e+00 -3.7583968850592488e-02
3.8770965572706859e+00 -3.7552881044493516e-02
3.8776801763008741e+00 -3.7521817728939477e-02
3.8782637953310624e+00 -3.7490778886842165e-02
3.8788474143612510e+00 -3.7459764501121054e-02
3.8794310333914392e+00 -3.7428774554703358e-02
3.8800146524216275e+00 -3.7397809030524046e-02
3.8805982714518161e+00 -3.7366867911525964e-02
3.8811818904820043e+00 -3.7335951180659625e-02
3.8817655095121926e+00 -3.7305058820883377e-02
3.8823491285423812e+00 -3.7274190815163234e-02
3.8829327475725695e+00 -3.7243347146473205e-02
3.8835163666027581e+00 -3.7212527797794916e-02
3.8840999856329463e+00 -3.7181732752117898e-02
3.8846836046631346e+00 -3.7150961992439446e-02
3.8852672236933232e+00 -3.7120215501764600e-02
3.8858508427235114e+00 -3.7089493263106399e-02
3.8864344617536997e+00 -3.7058795259485494e-02
3.8870180807838883e+00 -3.7028121473930434e-02
3.8876016998140766e+00 -3.6997471889477732e-02
3.8881853188442648e+00 -3.6966846489171520e-02
3.8887689378744534e+00 -3.6936245256063857e-02
3.8893525569046417e+00 -3.6905668173214758e-02
3.8899361759348299e+00 -3.6875115223691961e-02
3.8905197949650185e+00 -3.6844586390570998e-02
3.8911034139952068e+00 -3.6814081656935470e-02
3.8916870330253954e+00 -3.6783601005876687e-02
3.8922706520555836e+00 -3.6753144420493822e-02
3.8928542710857719e+00 -3.6722711883894039e-02
3.8934378901159605e+00 -3.6692303379192291e-02
3.8940215091461488e+00 -3.6661918889511431e-02
3.8946051281763370e+00 -3.6631558397982142e-02
3.8951887472065256e+00 -3.6601221887743174e-02
3.8957723662367139e+00 -3.6570909341941002e-02
3.8963559852669021e+00 -3.6540620743730046e-02
3.8969396042970907e+00 -3.6510356076272725e-02
3.8975232233272790e+00 -3.6480115322739266e-02
3.8981068423574672e+00 -3.6449898466307827e-02
3.8986904613876558e+00 -3.6419705490164510e-02
3.8992740804178441e+00 -3.6389536377503376e-02
3.8998576994480323e+00 -3.6359391111526369e-02
3.9004413184782210e+00 -3.6329269675443324e-02
3.9010249375084092e+00 -3.6299172052472163e-02
3.9016085565385978e+00 -3.6269098225838570e-02
3.9021921755687861e+00 -3.6239048178776379e-02
3.9027757945989743e+00 -3.6209021894527182e-02
3.9033594136291629e+00 -3.6179019356340603e-02
3.9039430326593512e+00 -3.6149040547474302e-02
3.9045266516895394e+00 -3.6119085451193821e-02
3.9051102707197280e+00 -3.6089154050772627e-02
3.9056938897499163e+00 -3.6059246329492319e-02
3.9062775087801045e+00 -3.6029362270642330e-02
3.9068611278102932e+00 -3.5999501857520121e-02
3.9074447468404814e+00 -3.5969665073431197e-02
3.9080283658706696e+00 -3.5939851901688961e-02
3.9086119849008583e+00 -3.5910062325614847e-02
3.9091956039310465e+00 -3.5880296328538362e-02
3.9097792229612351e+00 -3.5850553893796898e-02
3.9103628419914234e+00 -3.5820835004735922e-02
3.9109464610216116e+00 -3.5791139644708876e-02
3.9115300800518003e+00 -3.5761467797077305e-02
3.9121136990819885e+00 -3.5731819445210672e-02
3.9126973181121767e+00 -3.5702194572486495e-02
3.9132809371423654e+00 -3.5672593162290364e-02
3.9138645561725536e+00 -3.5643015198015868e-02
3.9144481752027418e+00 -3.5613460663064610e-02
3.9150317942329305e+00 -3.5583929540846250e-02
3.9156154132631187e+00 -3.5554421814778532e-02
3.9161990322933069e+00 -3.5524937468287193e-02
3.9167826513234956e+00 -3.5495476484806034e-02
3.9173662703536838e+00 -3.5466038847776958e-02
3.9179498893838725e+00 -3.5436624540649823e-02
3.9185335084140607e+00 -3.5407233546882716e-02
3.9191171274442489e+00 -3.5377865849941653e-02
3.9197007464744376e+00 -3.5348521433300688e-02
3.9202843655046258e+00 -3.5319200280442137e-02
3.9208679845348140e+00 -3.5289902374856248e-02
3.9214516035650027e+00 -3.5260627700041312e-02
3.9220352225951909e+00 -3.5231376239503877e-02
3.9226188416253791e+00 -3.5202147976758441e-02
3.9232024606555678e+00 -3.5172942895327609e-02
3.9237860796857560e+00 -3.5143760978742167e-02
3.9243696987159442e+00 -3.5114602210540906e-02
3.9249533177461329e+00 -3.5085466574270738e-02
3.9255369367763211e+00 -3.5056354053486768e-02
3.9261205558065098e+00 -3.5027264631752111e-02
3.9267041748366980e+00 -3.4998198292638026e-02
3.9272877938668862e+00 -3.4969155019723884e-02
3.9278714128970749e+00 -3.4940134796597237e-02
3.9284550319272631e+00 -3.4911137606853687e-02
3.9290386509574513e+00 -3.4882163434097002e-02
3.9296222699876400e+00 -3.4853212261939034e-02
3.9302058890178282e+00 -3.4824284073999866e-02
3.9307895080480164e+00 -3.4795378853907641e-02
3.9313731270782051e+00 -3.4766496585298623e-02
3.9319567461083933e+00 -3.4737637251817340e-02
3.9325403651385815e+00 -3.4708800837116340e-02
3.9331239841687702e+00 -3.4679987324856359e-02
3.9337076031989584e+00 -3.4651196698706359e-02
3.9342912222291471e+00 -3.4622428942343318e-02
3.9348748412593353e+00 -3.4593684039452573e-02
3.9354584602895235e+00 -3.4564961973727458e-02
3.9360420793197122e+00 -3.4536262728869477e-02
3.9366256983499004e+00 -3.4507586288588452e-02
3.9372093173800886e+00 -3.4478932636602240e-02
3.9377929364102773e+00 -3.4450301756636895e-02
3.9383765554404655e+00 -3.4421693632426739e-02
3.9389601744706537e+00 -3.4393108247714174e-02
3.9395437935008424e+00 -3.4364545586249802e-02
3.9401274125310306e+00 -3.4336005631792510e-02
3.9407110315612188e+00 -3.4307488368109276e-02
3.9412946505914075e+00 -3.4278993778975295e-02
3.9418782696215957e+00 -3.4250521848173961e-02
3.9424618886517839e+00 -3.4222072559496920e-02
3.9430455076819726e+00 -3.4193645896743952e-02
3.9436291267121608e+00 -3.4165241843723070e-02
3.9442127457423495e+00 -3.4136860384250532e-02
3.9447963647725377e+00 -3.4108501502150765e-02
3.9453799838027259e+00 -3.4080165181256415e-02
3.9459636028329146e+00 -3.4051851405408326e-02
3.9465472218631028e+00 -3.4023560158455660e-02
3.9471308408932910e+00 -3.3995291424255704e-02
3.9477144599234797e+00 -3.3967045186673976e-02
3.9482980789536679e+00 -3.3938821429584307e-02
3.9488816979838561e+00 -3.3910620136868679e-02
3.9494653170140448e+00 -3.3882441292417291e-02
3.9500489360442330e+00 -3.3854284880128725e-02
3.9506325550744212e+00 -3.3826150883909632e-02
3.9512161741046099e+00 -3.3798039287674948e-02
3.9517997931347981e+00 -3.3769950075347992e-02
3.9523834121649868e+00 -3.3741883230860102e-02
3.9529670311951750e+00 -3.3713838738151078e-02
3.9535506502253632e+00 -3.3685816581168850e-02
3.9541342692555519e+00 -3.3657816743869626e-02
3.9547178882857401e+00 -3.3629839210217914e-02
3.9553015073159283e+00 -3.3601883964186438e-02
3.9558851263461170e+00 -3.3573950989756178e-02
3.9564687453763052e+00 -3.3546040270916462e-02
3.9570523644064934e+00 -3.3518151791664785e-02
3.9576359834366821e+00 -3.3490285536006970e-02
3.9582196024668703e+00 -3.3462441487957059e-02
3.9588032214970585e+00 -3.3434619631537488e-02
3.9593868405272472e+00 -3.3406819950778856e-02
3.9599704595574354e+00 -3.3379042429720077e-02
3.9605540785876241e+00 -3.3351287052408321e-02
3.9611376976178123e+00 -3.3323553802899142e-02
3.9617213166480005e+00 -3.3295842665256280e-02
3.9623049356781892e+00 -3.3268153623551774e-02
3.9628885547083774e+00 -3.3240486661866048e-02
3.9634721737385656e+00 -3.3212841764287696e-02
3.9640557927687543e+00 -3.3185218914913668e-02
3.9646394117989425e+00 -3.3157618097849256e-02
3.9652230308291307e+00 -3.3130039297207974e-02
3.9658066498593194e+00 -3.3102482497111646e-02
3.9663902688895076e+00 -3.3074947681690503e-02
3.9669738879196959e+00 -3.3047434835082976e-02
3.9675575069498845e+00 -3.3019943941435786e-02
3.9681411259800727e+00 -3.2992474984904117e-02
3.9687247450102614e+00 -3.2965027949651296e-02
3.9693083640404496e+00 -3.2937602819849095e-02
3.9698919830706378e+00 -3.2910199579677522e-02
3.9704756021008265e+00 -3.2882818213324914e-02
3.9710592211310147e+00 -3.2855458704988003e-02
3.9716428401612029e+00 -3.2828121038871748e-02
3.9722264591913916e+00 -3.2800805199189501e-02
3.9728100782215798e+00 -3.2773511170162882e-02
3.9733936972517681e+00 -3.2746238936021937e-02
3.9739773162819567e+00 -3.2718988481004956e-02
3.9745609353121449e+00 -3.2691759789358572e-02
3.9751445543423332e+00 -3.2664552845337827e-02
3.9757281733725218e+00 -3.2637367633206016e-02
3.9763117924027100e+00 -3.2610204137234824e-02
3.9768954114328987e+00 -3.2583062341704223e-02
3.9774790304630869e+00 -3.2555942230902621e-02
3.9780626494932751e+00 -3.2528843789126696e-02
3.9786462685234638e+00 -3.2501767000681456e-02
3.9792298875536520e+00 -3.2474711849880364e-02
3.9798135065838403e+00 -3.2447678321045136e-02
3.9803971256140289e+00 -3.2420666398505819e-02
3.9809807446442171e+00 -3.2393676066600985e-02
3.9815643636744054e+00 -3.2366707309677355e-02
3.9821479827045940e+00 -3.2339760112090075e-02
3.9827316017347822e+00 -3.2312834458202766e-02
3.9833152207649705e+00 -3.2285930332387240e-02
3.9838988397951591e+00 -3.2259047719023728e-02
3.9844824588253474e+00 -3.2232186602500934e-02
3.9850660778555356e+00 -3.2205346967215782e-02
3.9856496968857242e+00 -3.2178528797573588e-02
3.9862333159159125e+00 -3.2151732077988132e-02
3.9868169349461011e+00 -3.2124956792881444e-02
3.9874005539762893e+00 -3.2098202926684048e-02
3.9879841730064776e+00 -3.2071470463834746e-02
3.9885677920366662e+00 -3.2044759388780729e-02
3.9891514110668544e+00 -3.2018069685977583e-02
3.9897350300970427e+00 -3.1991401339889307e-02
3.9903186491272313e+00 -3.1964754334988209e-02
3.9909022681574196e+00 -3.1938128655755009e-02
3.9914858871876078e+00 -3.1911524286678858e-02
3.9920695062177964e+00 -3.1884941212257205e-02
3.9926531252479847e+00 -3.1858379416995958e-02
3.9932367442781729e+00 -3.1831838885409316e-02
3.9938203633083615e+00 -3.1805319602020023e-02
3.9944039823385498e+00 -3.1778821551359068e-02
3.9949876013687384e+00 -3.1752344717965869e-02
3.9955712203989266e+00 -3.1725889086388286e-02
3.9961548394291149e+00 -3.1699454641182526e-02
3.9967384584593035e+00 -3.1673041366913159e-02
3.9973220774894918e+00 -3.1646649248153275e-02
3.9979056965196800e+00 -3.1620278269484235e-02
3.9984893155498686e+00 -3.1593928415495798e-02
3.9990729345800569e+00 -3.1567599670786255e-02
3.9996565536102451e+00 -3.1541292019962190e-02
4.0002401726404333e+00 -3.1515005447638578e-02
4.0008237916706220e+00 -3.1488739938438801e-02
4.0014074107008106e+00 -3.1462495476994735e-02
4.0019910297309984e+00 -3.1436272047946655e-02
4.0025746487611871e+00 -3.1410069635943033e-02
4.0031582677913757e+00 -3.1383888225641018e-02
4.0037418868215635e+00 -3.1357727801706092e-02
4.0043255058517522e+00 -3.1331588348811966e-02
4.0049091248819408e+00 -3.1305469851641024e-02
4.0054927439121286e+00 -3.1279372294883916e-02
4.0060763629423173e+00 -3.1253295663239707e-02
4.0066599819725059e+00 -3.1227239941415956e-02
4.0072436010026937e+00 -3.1201205114128560e-02
4.0078272200328824e+00 -3.1175191166101821e-02
4.0084108390630711e+00 -3.1149198082068556e-02
4.0089944580932588e+00 -3.1123225846769919e-02
4.0095780771234475e+00 -3.1097274444955473e-02
4.0101616961536362e+00 -3.1071343861383282e-02
4.0107453151838239e+00 -3.1045434080819768e-02
4.0113289342140135e+00 -3.1019545088039700e-02
4.0119125532442013e+00 -3.0993676867826555e-02
4.0124961722743890e+00 -3.0967829404971878e-02
4.0130797913045786e+00 -3.0942002684275802e-02
4.0136634103347664e+00 -3.0916196690546956e-02
4.0142470293649541e+00 -3.0890411408602315e-02
4.0148306483951437e+00 -3.0864646823267193e-02
4.0154142674253315e+00 -3.0838902919375539e-02
4.0159978864555193e+00 -3.0813179681769578e-02
4.0165815054857088e+00 -3.0787477095299959e-02
4.0171651245158966e+00 -3.0761795144825885e-02
4.0177487435460844e+00 -3.0736133815214912e-02
4.0183323625762739e+00 -3.0710493091342893e-02
4.0189159816064617e+00 -3.0684872958094408e-02
4.0194996006366503e+00 -3.0659273400362255e-02
4.0200832196668390e+00 -3.0633694403047699e-02
4.0206668386970268e+00 -3.0608135951060510e-02
4.0212504577272155e+00 -3.0582598029318807e-02
4.0218340767574041e+00 -3.0557080622749175e-02
4.0224176957875919e+00 -3.0531583716286705e-02
4.0230013148177806e+00 -3.0506107294874813e-02
4.0235849338479692e+00 -3.0480651343465382e-02
4.0241685528781570e+00 -3.0455215847018852e-02
4.0247521719083457e+00 -3.0429800790503926e-02
4.0253357909385343e+00 -3.0404406158897807e-02
4.0259194099687221e+00 -3.0379031937186239e-02
4.0265030289989108e+00 -3.0353678110363300e-02
4.0270866480290994e+00 -3.0328344663431459e-02
4.0276702670592872e+00 -3.0303031581401841e-02
4.0282538860894759e+00 -3.0277738849293731e-02
4.0288375051196645e+00 -3.0252466452135047e-02
4.0294211241498523e+00 -3.0227214374962192e-02
4.0300047431800410e+00 -3.0201982602819775e-02
4.0305883622102296e+00 -3.0176771120761087e-02
4.0311719812404174e+00 -3.0151579913847811e-02
4.0317556002706061e+00 -3.0126408967149920e-02
4.0323392193007948e+00 -3.0101258265746018e-02
4.0329228383309825e+00 -3.0076127794723143e-02
4.0335064573611712e+00 -3.0051017539176578e-02
4.0340900763913599e+00 -3.0025927484210301e-02
4.0346736954215476e+00 -3.0000857614936666e-02
4.0352573144517363e+00 -2.9975807916476301e-02
4.0358409334819250e+00 -2.9950778373958546e-02
4.0364245525121127e+00 -2.9925768972521003e-02
4.0370081715423014e+00 -2.9900779697309775e-02
4.0375917905724901e+00 -2.9875810533479468e-02
4.0381754096026778e+00 -2.9850861466193052e-02
4.0387590286328665e+00 -2.9825932480621969e-02
4.0393426476630552e+00 -2.9801023561946156e-02
4.0399262666932430e+00 -2.9776134695353958e-02
4.0405098857234316e+00 -2.9751265866042133e-02
4.0410935047536203e+00 -2.9726417059215998e-02
4.0416771237838081e+00 -2.9701588260089219e-02
4.0422607428139967e+00 -2.9676779453883948e-02
4.0428443618441854e+00 -2.9651990625830751e-02
4.0434279808743732e+00 -2.9627221761168752e-02
4.0440115999045618e+00 -2.9602472845145410e-02
4.0445952189347505e+00 -2.9577743863016637e-02
4.0451788379649383e+00 -2.9553034800046923e-02
4.0457624569951278e+00 -2.9528345641509020e-02
4.0463460760253156e+00 -2.9503676372684327e-02
4.0469296950555034e+00 -2.9479026978862566e-02
4.0475133140856929e+00 -2.9454397445341868e-02
4.0480969331158807e+00 -2.9429787757428990e-02
4.0486805521460685e+00 -2.9405197900438995e-02
4.0492641711762580e+00 -2.9380627859695412e-02
4.0498477902064458e+00 -2.9356077620530302e-02
4.0504314092366336e+00 -2.9331547168284129e-02
4.0510150282668231e+00 -2.9307036488305672e-02
4.0515986472970109e+00 -2.9282545565952445e-02
4.0521822663271987e+00 -2.9258074386590241e-02
4.0527658853573882e+00 -2.9233622935593177e-02
4.0533495043875760e+00 -2.9209191198344132e-02
4.0539331234177647e+00 -2.9184779160234195e-02
4.0545167424479533e+00 -2.9160386806662952e-02
4.0551003614781411e+00 -2.9136014123038550e-02
4.0556839805083298e+00 -2.9111661094777436e-02
4.0562675995385185e+00 -2.9087327707304551e-02
4.0568512185687062e+00 -2.9063013946053380e-02
4.0574348375988949e+00 -2.9038719796465755e-02
4.0580184566290836e+00 -2.9014445243991938e-02
4.0586020756592713e+00 -2.8990190274090808e-02
4.0591856946894600e+00 -2.8965954872229433e-02
4.0597693137196487e+00 -2.8941739023883528e-02
4.0603529327498364e+00 -2.8917542714537288e-02
4.0609365517800251e+00 -2.8893365929683116e-02
4.0615201708102138e+00 -2.8869208654822096e-02
4.0621037898404015e+00 -2.8845070875463754e-02
4.0626874088705902e+00 -2.8820952577125834e-02
4.0632710279007789e+00 -2.8796853745334770e-02
4.0638546469309667e+00 -2.8772774365625416e-02
4.0644382659611553e+00 -2.8748714423540878e-02
4.0650218849913440e+00 -2.8724673904632916e-02
4.0656055040215318e+00 -2.8700652794461733e-02
4.0661891230517204e+00 -2.8676651078595752e-02
4.0667727420819091e+00 -2.8652668742612127e-02
4.0673563611120969e+00 -2.8628705772096287e-02
4.0679399801422855e+00 -2.8604762152642123e-02
4.0685235991724742e+00 -2.8580837869852042e-02
4.0691072182026620e+00 -2.8556932909336818e-02
4.0696908372328506e+00 -2.8533047256715686e-02
4.0702744562630393e+00 -2.8509180897616379e-02
4.0708580752932271e+00 -2.8485333817675009e-02
4.0714416943234157e+00 -2.8461506002536115e-02
4.0720253133536044e+00 -2.8437697437852780e-02
4.0726089323837922e+00 -2.8413908109286425e-02
4.0731925514139808e+00 -2.8390138002506921e-02
4.0737761704441695e+00 -2.8366387103192690e-02
4.0743597894743573e+00 -2.8342655397030458e-02
4.0749434085045459e+00 -2.8318942869715449e-02
4.0755270275347346e+00 -2.8295249506951285e-02
4.0761106465649224e+00 -2.8271575294450145e-02
4.0766942655951111e+00 -2.8247920217932508e-02
4.0772778846252997e+00 -2.8224284263127317e-02
4.0778615036554875e+00 -2.8200667415772072e-02
4.0784451226856762e+00 -2.8177069661612549e-02
4.0790287417158648e+00 -2.8153490986402997e-02
4.0796123607460526e+00 -2.8129931375906227e-02
4.0801959797762422e+00 -2.8106390815893303e-02
4.0807795988064299e+00 -2.8082869292143865e-02
4.0813632178366177e+00 -2.8059366790445940e-02
4.0819468368668073e+00 -2.8035883296595850e-02
4.0825304558969950e+00 -2.8012418796398614e-02
4.0831140749271828e+00 -2.7988973275667531e-02
4.0836976939573724e+00 -2.7965546720224208e-02
4.0842813129875601e+00 -2.7942139115898972e-02
4.0848649320177479e+00 -2.7918750448530399e-02
4.0854485510479375e+00 -2.7895380703965366e-02
4.0860321700781252e+00 -2.7872029868059523e-02
4.0866157891083130e+00 -2.7848697926676699e-02
4.0871994081385026e+00 -2.7825384865689064e-02
4.0877830271686904e+00 -2.7802090670977532e-02
4.0883666461988790e+00 -2.7778815328431204e-02
4.0889502652290677e+00 -2.7755558823947594e-02
4.0895338842592555e+00 -2.7732321143432839e-02
4.0901175032894441e+00 -2.7709102272801222e-02
4.0907011223196328e+00 -2.7685902197975645e-02
4.0912847413498206e+00 -2.7662720904887458e-02
4.0918683603800092e+00 -2.7639558379476209e-02
4.0924519794101979e+00 -2.7616414607690092e-02
4.0930355984403857e+00 -2.7593289575485676e-02
4.0936192174705743e+00 -2.7570183268827774e-02
4.0942028365007630e+00 -2.7547095673689830e-02
4.0947864555309508e+00 -2.7524026776053662e-02
4.0953700745611394e+00 -2.7500976561909331e-02
4.0959536935913281e+00 -2.7477945017255524e-02
4.0965373126215159e+00 -2.7454932128099303e-02
4.0971209316517045e+00 -2.7431937880455969e-02
4.0977045506818932e+00 -2.7408962260349459e-02
4.0982881697120810e+00 -2.7386005253811997e-02
4.0988717887422697e+00 -2.7363066846884207e-02
4.0994554077724583e+00 -2.7340147025615210e-02
4.1000390268026461e+00 -2.7317245776062440e-02
4.1006226458328348e+00 -2.7294363084291774e-02
4.1012062648630234e+00 -2.7271498936377526e-02
4.1017898838932112e+00 -2.7248653318402365e-02
4.1023735029233999e+00 -2.7225826216457364e-02
4.1029571219535885e+00 -2.7203017616642063e-02
4.1035407409837763e+00 -2.7180227505064321e-02
4.1041243600139650e+00 -2.7157455867840411e-02
4.1047079790441536e+00 -2.7134702691095105e-02
4.1052915980743414e+00 -2.7111967960961433e-02
4.1058752171045301e+00 -2.7089251663580900e-02
4.1064588361347187e+00 -2.7066553785103340e-02
4.1070424551649065e+00 -2.7043874311687137e-02
4.1076260741950952e+00 -2.7021213229498891e-02
4.1082096932252838e+00 -2.6998570524713637e-02
4.1087933122554716e+00 -2.6975946183514933e-02
4.1093769312856603e+00 -2.6953340192094544e-02
4.1099605503158489e+00 -2.6930752536652697e-02
4.1105441693460367e+00 -2.6908183203398085e-02
4.1111277883762254e+00 -2.6885632178547694e-02
4.1117114074064141e+00 -2.6863099448326856e-02
4.1122950264366018e+00 -2.6840584998969477e-02
4.1128786454667914e+00 -2.6818088816717545e-02
4.1134622644969792e+00 -2.6795610887821772e-02
4.1140458835271669e+00 -2.6773151198541054e-02
4.1146295025573565e+00 -2.6750709735142566e-02
4.1152131215875443e+00 -2.6728286483902148e-02
4.1157967406177320e+00 -2.6705881431103841e-02
4.1163803596479216e+00 -2.6683494563039943e-02
4.1169639786781094e+00 -2.6661125866011451e-02
4.1175475977082971e+00 -2.6638775326327496e-02
4.1181312167384867e+00 -2.6616442930305503e-02
4.1187148357686745e+00 -2.6594128664271580e-02
4.1192984547988623e+00 -2.6571832514559992e-02
4.1198820738290518e+00 -2.6549554467513281e-02
4.1204656928592396e+00 -2.6527294509482657e-02
4.1210493118894274e+00 -2.6505052626827407e-02
4.1216329309196169e+00 -2.6482828805915258e-02
4.1222165499498047e+00 -2.6460623033122504e-02
4.1228001689799934e+00 -2.6438435294833463e-02
4.1233837880101820e+00 -2.6416265577441065e-02
4.1239674070403698e+00 -2.6394113867346563e-02
4.1245510260705585e+00 -2.6371980150959411e-02
4.1251346451007471e+00 -2.6349864414697600e-02
4.1257182641309349e+00 -2.6327766644987455e-02
4.1263018831611236e+00 -2.6305686828263484e-02
4.1268855021913122e+00 -2.6283624950968743e-02
4.1274691212215000e+00 -2.6261580999554644e-02
4.1280527402516887e+00 -2.6239554960480700e-02
4.1286363592818773e+00 -2.6217546820215036e-02
4.1292199783120651e+00 -2.6195556565234094e-02
4.1298035973422538e+00 -2.6173584182022470e-02
4.1303872163724424e+00 -2.6151629657073312e-02
4.1309708354026302e+00 -2.6129692976888001e-02
4.1315544544328189e+00 -2.6107774127976272e-02
4.1321380734630075e+00 -2.6085873096856255e-02
4.1327216924931953e+00 -2.6063989870054347e-02
4.1333053115233840e+00 -2.6042124434105283e-02
4.1338889305535726e+00 -2.6020276775552235e-02
4.1344725495837604e+00 -2.5998446880946578e-02
4.1350561686139491e+00 -2.5976634736848046e-02
4.1356397876441378e+00 -2.5954840329824813e-02
4.1362234066743255e+00 -2.5933063646453241e-02
4.1368070257045142e+00 -2.5911304673318092e-02
4.1373906447347029e+00 -2.5889563397012393e-02
4.1379742637648906e+00 -2.5867839804137632e-02
4.1385578827950793e+00 -2.5846133881303468e-02
4.1391415018252680e+00 -2.5824445615127901e-02
4.1397251208554557e+00 -2.5802774992237383e-02
4.1403087398856444e+00 -2.5781121999266545e-02
4.1408923589158331e+00 -2.5759486622858329e-02
4.1414759779460208e+00 -2.5737868849664124e-02
4.1420595969762095e+00 -2.5716268666343512e-02
4.1426432160063982e+00 -2.5694686059564383e-02
4.1432268350365860e+00 -2.5673121016003077e-02
4.1438104540667746e+00 -2.5651573522344005e-02
4.1443940730969633e+00 -2.5630043565280095e-02
4.1449776921271511e+00 -2.5608531131512558e-02
4.1455613111573397e+00 -2.5587036207750723e-02
4.1461449301875284e+00 -2.5565558780712424e-02
4.1467285492177162e+00 -2.5544098837123781e-02
4.1473121682479057e+00 -2.5522656363718976e-02
4.1478957872780935e+00 -2.5501231347240857e-02
4.1484794063082813e+00 -2.5479823774440302e-02
4.1490630253384708e+00 -2.5458433632076435e-02
4.1496466443686586e+00 -2.5437060906916949e-02
4.1502302633988464e+00 -2.5415705585737636e-02
4.1508138824290359e+00 -2.5394367655322478e-02
4.1513975014592237e+00 -2.5373047102464009e-02
4.1519811204894115e+00 -2.5351743913962884e-02
4.1525647395196010e+00 -2.5330458076627944e-02
4.1531483585497888e+00 -2.5309189577276597e-02
4.1537319775799766e+00 -2.5287938402734245e-02
4.1543155966101661e+00 -2.5266704539834661e-02
4.1548992156403539e+00 -2.5245487975420044e-02
4.1554828346705426e+00 -2.5224288696340590e-02
4.1560664537007312e+00 -2.5203106689454993e-02
4.1566500727309190e+00 -2.5181941941630169e-02
4.1572336917611077e+00 -2.5160794439741150e-02
4.1578173107912964e+00 -2.5139664170671421e-02
4.1584009298214841e+00 -2.5118551121312723e-02
4.1589845488516728e+00 -2.5097455278564881e-02
4.1595681678818615e+00 -2.5076376629336143e-02
4.1601517869120492e+00 -2.5055315160543032e-02
4.1607354059422379e+00 -2.5034270859110162e-02
4.1613190249724266e+00 -2.5013243711970560e-02
4.1619026440026143e+00 -2.4992233706065448e-02
4.1624862630328030e+00 -2.4971240828344263e-02
4.1630698820629917e+00 -2.4950265065764778e-02
4.1636535010931794e+00 -2.4929306405292943e-02
4.1642371201233681e+00 -2.4908364833902942e-02
4.1648207391535568e+00 -2.4887440338577305e-02
4.1654043581837445e+00 -2.4866532906306679e-02
4.1659879772139332e+00 -2.4845642524089977e-02
4.1665715962441219e+00 -2.4824769178934461e-02
4.1671552152743097e+00 -2.4803912857855479e-02
4.1677388343044983e+00 -2.4783073547876691e-02
4.1683224533346870e+00 -2.4762251236029941e-02
4.1689060723648748e+00 -2.4741445909355408e-02
4.1694896913950634e+00 -2.4720657554901378e-02
4.1700733104252521e+00 -2.4699886159724380e-02
4.1706569294554399e+00 -2.4679131710889257e-02
4.1712405484856285e+00 -2.4658394195469006e-02
4.1718241675158172e+00 -2.4637673600544786e-02
4.1724077865460050e+00 -2.4616969913206114e-02
4.1729914055761936e+00 -2.4596283120550625e-02
4.1735750246063823e+00 -2.4575613209684141e-02
4.1741586436365701e+00 -2.4554960167720803e-02
4.1747422626667587e+00 -2.4534323981782881e-02
4.1753258816969474e+00 -2.4513704639000846e-02
4.1759095007271352e+00 -2.4493102126513476e-02
4.1764931197573238e+00 -2.4472516431467559e-02
4.1770767387875125e+00 -2.4451947541018274e-02
4.1776603578177003e+00 -2.4431395442328974e-02
4.1782439768478890e+00 -2.4410860122571040e-02
4.1788275958780776e+00 -2.4390341568924247e-02
4.1794112149082654e+00 -2.4369839768576523e-02
4.1799948339384541e+00 -2.4349354708723830e-02
4.1805784529686427e+00 -2.4328886376570505e-02
4.1811620719988305e+00 -2.4308434759329069e-02
4.1817456910290201e+00 -2.4287999844220001e-02
4.1823293100592078e+00 -2.4267581618472273e-02
4.1829129290893956e+00 -2.4247180069322857e-02
4.1834965481195852e+00 -2.4226795184016818e-02
4.1840801671497729e+00 -2.4206426949807680e-02
4.1846637861799607e+00 -2.4186075353956851e-02
4.1852474052101503e+00 -2.4165740383734015e-02
4.1858310242403380e+00 -2.4145422026417170e-02
4.1864146432705258e+00 -2.4125120269292241e-02
4.1869982623007154e+00 -2.4104835099653402e-02
4.1875818813309031e+00 -2.4084566504803159e-02
4.1881655003610909e+00 -2.4064314472051918e-02
4.1887491193912805e+00 -2.4044078988718316e-02
4.1893327384214682e+00 -2.4023860042129360e-02
4.1899163574516569e+00 -2.4003657619619888e-02
4.1904999764818456e+00 -2.3983471708533093e-02
4.1910835955120334e+00 -2.3963302296220321e-02
4.1916672145422220e+00 -2.3943149370040911e-02
4.1922508335724107e+00 -2.3923012917362509e-02
4.1928344526025985e+00 -2.3902892925560835e-02
4.1934180716327871e+00 -2.3882789382019712e-02
4.1940016906629758e+00 -2.3862702274131193e-02
4.1945853096931636e+00 -2.3842631589295404e-02
4.1951689287233522e+00 -2.3822577314920580e-02
4.1957525477535409e+00 -2.3802539438423195e-02
4.1963361667837287e+00 -2.3782517947227737e-02
4.1969197858139173e+00 -2.3762512828766836e-02
4.1975034048441060e+00 -2.3742524070481351e-02
4.1980870238742938e+00 -2.3722551659820134e-02
4.1986706429044824e+00 -2.3702595584240198e-02
4.1992542619346711e+00 -2.3682655831206732e-02
4.1998378809648589e+00 -2.3662732388192980e-02
4.2004214999950475e+00 -2.3642825242680299e-02
4.2010051190252362e+00 -2.3622934382158133e-02
4.2015887380554240e+00 -2.3603059794124137e-02
4.2021723570856127e+00 -2.3583201466083985e-02
4.2027559761158013e+00 -2.3563359385551423e-02
4.2033395951459891e+00 -2.3543533540048421e-02
4.2039232141761778e+00 -2.3523723917104951e-02
4.2045068332063664e+00 -2.3503930504259057e-02
4.2050904522365542e+00 -2.3484153289056998e-02
4.2056740712667429e+00 -2.3464392259053012e-02
4.2062576902969315e+00 -2.3444647401809449e-02
4.2068413093271193e+00 -2.3424918704896845e-02
4.2074249283573080e+00 -2.3405206155893605e-02
4.2080085473874966e+00 -2.3385509742386432e-02
4.2085921664176844e+00 -2.3365829451970063e-02
4.2091757854478731e+00 -2.3346165272247154e-02
4.2097594044780617e+00 -2.3326517190828629e-02
4.2103430235082495e+00 -2.3306885195333457e-02
4.2109266425384382e+00 -2.3287269273388506e-02
4.2115102615686268e+00 -2.3267669412628908e-02
4.2120938805988146e+00 -2.3248085600697840e-02
4.2126774996290033e+00 -2.3228517825246368e-02
4.2132611186591920e+00 -2.3208966073933784e-02
4.2138447376893797e+00 -2.3189430334427462e-02
4.2144283567195684e+00 -2.3169910594402654e-02
4.2150119757497571e+00 -2.3150406841542830e-02
4.2155955947799448e+00 -2.3130919063539427e-02
4.2161792138101344e+00 -2.3111447248091915e-02
4.2167628328403222e+00 -2.3091991382907965e-02
4.2173464518705099e+00 -2.3072551455703066e-02
4.2179300709006995e+00 -2.3053127454200829e-02
4.2185136899308873e+00 -2.3033719366133059e-02
4.2190973089610750e+00 -2.3014327179239347e-02
4.2196809279912646e+00 -2.2994950881267406e-02
4.2202645470214524e+00 -2.2975590459973157e-02
4.2208481660516401e+00 -2.2956245903120280e-02
4.2214317850818297e+00 -2.2936917198480542e-02
4.2220154041120175e+00 -2.2917604333833955e-02
4.2225990231422053e+00 -2.2898307296968266e-02
4.2231826421723948e+00 -2.2879026075679331e-02
4.2237662612025826e+00 -2.2859760657771122e-02
4.2243498802327712e+00 -2.2840511031055496e-02
4.2249334992629599e+00 -2.2821277183352400e-02
4.2255171182931477e+00 -2.2802059102489745e-02
4.2261007373233364e+00 -2.2782856776303411e-02
4.2266843563535250e+00 -2.2763670192637420e-02
4.2272679753837128e+00 -2.2744499339343624e-02
4.2278515944139015e+00 -2.2725344204281947e-02
4.2284352134440901e+00 -2.2706204775320368e-02
4.2290188324742779e+00 -2.2687081040334740e-02
4.2296024515044666e+00 -2.2667972987208948e-02
4.2301860705346552e+00 -2.2648880603834933e-02
4.2307696895648430e+00 -2.2629803878112545e-02
4.2313533085950317e+00 -2.2610742797949609e-02
4.2319369276252203e+00 -2.2591697351261920e-02
4.2325205466554081e+00 -2.2572667525973363e-02
4.2331041656855968e+00 -2.2553653310015666e-02
4.2336877847157854e+00 -2.2534654691328548e-02
4.2342714037459732e+00 -2.2515671657859768e-02
4.2348550227761619e+00 -2.2496704197564991e-02
4.2354386418063505e+00 -2.2477752298407812e-02
4.2360222608365383e+00 -2.2458815948359898e-02
4.2366058798667270e+00 -2.2439895135400761e-02
4.2371894988969157e+00 -2.2420989847517909e-02
4.2377731179271034e+00 -2.2402100072706859e-02
4.2383567369572921e+00 -2.2383225798970920e-02
4.2389403559874808e+00 -2.2364367014321512e-02
4.2395239750176685e+00 -2.2345523706777976e-02
4.2401075940478572e+00 -2.2326695864367443e-02
4.2406912130780459e+00 -2.2307883475125152e-02
4.2412748321082336e+00 -2.2289086527094278e-02
4.2418584511384223e+00 -2.2270305008325740e-02
4.2424420701686110e+00 -2.2251538906878580e-02
4.2430256891987987e+00 -2.2232788210819761e-02
4.2436093082289874e+00 -2.2214052908223991e-02
4.2441929272591761e+00 -2.2195332987174070e-02
4.2447765462893638e+00 -2.2176628435760733e-02
4.2453601653195525e+00 -2.2157939242082453e-02
4.2459437843497412e+00 -2.2139265394245804e-02
4.2465274033799290e+00 -2.2120606880365164e-02
4.2471110224101176e+00 -2.2101963688562834e-02
4.2476946414403063e+00 -2.2083335806969088e-02
4.2482782604704941e+00 -2.2064723223722008e-02
4.2488618795006827e+00 -2.2046125926967603e-02
4.2494454985308714e+00 -2.2027543904859854e-02
4.2500291175610592e+00 -2.2008977145560538e-02
4.2506127365912487e+00 -2.1990425637239297e-02
4.2511963556214365e+00 -2.1971889368073878e-02
4.2517799746516243e+00 -2.1953368326249660e-02
4.2523635936818138e+00 -2.1934862499959948e-02
4.2529472127120016e+00 -2.1916371877406145e-02
4.2535308317421894e+00 -2.1897896446797255e-02
4.2541144507723789e+00 -2.1879436196350251e-02
4.2546980698025667e+00 -2.1860991114290129e-02
4.2552816888327545e+00 -2.1842561188849505e-02
4.2558653078629440e+00 -2.1824146408269008e-02
4.2564489268931318e+00 -2.1805746760797131e-02
4.2570325459233196e+00 -2.1787362234690182e-02
4.2576161649535091e+00 -2.1768992818212322e-02
4.2581997839836969e+00 -2.1750638499635624e-02
4.2587834030138856e+00 -2.1732299267239928e-02
4.2593670220440742e+00 -2.1713975109313034e-02
4.2599506410742620e+00 -2.1695666014150503e-02
4.2605342601044507e+00 -2.1677371970055714e-02
4.2611178791346394e+00 -2.1659092965340004e-02
4.2617014981648271e+00 -2.1640828988322452e-02
4.2622851171950158e+00 -2.1622580027329981e-02
4.2628687362252045e+00 -2.1604346070697344e-02
4.2634523552553922e+00 -2.1586127106767192e-02
4.2640359742855809e+00 -2.1567923123889936e-02
4.2646195933157696e+00 -2.1549734110423782e-02
4.2652032123459573e+00 -2.1531560054734857e-02
4.2657868313761460e+00 -2.1513400945197020e-02
4.2663704504063347e+00 -2.1495256770191949e-02
4.2669540694365224e+00 -2.1477127518109203e-02
4.2675376884667111e+00 -2.1459013177346074e-02
4.2681213074968998e+00 -2.1440913736307677e-02
4.2687049265270876e+00 -2.1422829183406999e-02
4.2692885455572762e+00 -2.1404759507064663e-02
4.2698721645874649e+00 -2.1386704695709274e-02
4.2704557836176527e+00 -2.1368664737777172e-02
4.2710394026478413e+00 -2.1350639621712367e-02
4.2716230216780300e+00 -2.1332629335966823e-02
4.2722066407082178e+00 -2.1314633869000264e-02
4.2727902597384064e+00 -2.1296653209280068e-02
4.2733738787685951e+00 -2.1278687345281499e-02
4.2739574977987829e+00 -2.1260736265487658e-02
4.2745411168289715e+00 -2.1242799958389236e-02
4.2751247358591602e+00 -2.1224878412484823e-02
4.2757083548893480e+00 -2.1206971616280816e-02
4.2762919739195366e+00 -2.1189079558291222e-02
4.2768755929497253e+00 -2.1171202227037920e-02
4.2774592119799131e+00 -2.1153339611050596e-02
4.2780428310101017e+00 -2.1135491698866516e-02
4.2786264500402904e+00 -2.1117658479030885e-02
4.2792100690704782e+00 -2.1099839940096531e-02
4.2797936881006668e+00 -2.1082036070624064e-02
4.2803773071308555e+00 -2.1064246859181898e-02
4.2809609261610433e+00 -2.1046472294346100e-02
4.2815445451912320e+00 -2.1028712364700483e-02
4.2821281642214206e+00 -2.1010967058836677e-02
4.2827117832516084e+00 -2.0993236365353985e-02
4.2832954022817979e+00 -2.0975520272859351e-02
4.2838790213119857e+00 -2.0957818769967679e-02
4.2844626403421735e+00 -2.0940131845301357e-02
4.2850462593723631e+00 -2.0922459487490559e-02
4.2856298784025508e+00 -2.0904801685173321e-02
4.2862134974327386e+00 -2.0887158426995171e-02
4.2867971164629282e+00 -2.0869529701609466e-02
4.2873807354931159e+00 -2.0851915497677283e-02
4.2879643545233037e+00 -2.0834315803867364e-02
4.2885479735534933e+00 -2.0816730608856134e-02
4.2891315925836810e+00 -2.0799159901327791e-02
4.2897152116138688e+00 -2.0781603669974148e-02
4.2902988306440584e+00 -2.0764061903494731e-02
4.2908824496742461e+00 -2.0746534590596818e-02
4.2914660687044348e+00 -2.0729021719995262e-02
4.2920496877346235e+00 -2.0711523280412713e-02
4.2926333067648113e+00 -2.0694039260579427e-02
4.2932169257949999e+00 -2.0676569649233340e-02
4.2938005448251886e+00 -2.0659114435120050e-02
4.2943841638553764e+00 -2.0641673606992920e-02
4.2949677828855650e+00 -2.0624247153612888e-02
4.2955514019157537e+00 -2.0606835063748528e-02
4.2961350209459415e+00 -2.0589437326176196e-02
4.2967186399761301e+00 -2.0572053929679812e-02
4.2973022590063188e+00 -2.0554684863050957e-02
4.2978858780365066e+00 -2.0537330115088917e-02
4.2984694970666952e+00 -2.0519989674600576e-02
4.2990531160968839e+00 -2.0502663530400457e-02
4.2996367351270717e+00 -2.0485351671310791e-02
4.3002203541572603e+00 -2.0468054086161380e-02
4.3008039731874490e+00 -2.0450770763789681e-02
4.3013875922176368e+00 -2.0433501693040843e-02
4.3019712112478254e+00 -2.0416246862767495e-02
4.3025548302780141e+00 -2.0399006261830048e-02
4.3031384493082019e+00 -2.0381779879096534e-02
4.3037220683383905e+00 -2.0364567703442447e-02
4.3043056873685792e+00 -2.0347369723751032e-02
4.3048893063987670e+00 -2.0330185928913190e-02
4.3054729254289557e+00 -2.0313016307827267e-02
4.3060565444591443e+00 -2.0295860849399334e-02
4.3066401634893321e+00 -2.0278719542543115e-02
4.3072237825195208e+00 -2.0261592376179759e-02
4.3078074015497094e+00 -2.0244479339238165e-02
4.3083910205798972e+00 -2.0227380420654827e-02
4.3089746396100859e+00 -2.0210295609373694e-02
4.3095582586402745e+00 -2.0193224894346471e-02
4.3101418776704623e+00 -2.0176168264532331e-02
4.3107254967006510e+00 -2.0159125708898062e-02
4.3113091157308396e+00 -2.0142097216418089e-02
4.3118927347610274e+00 -2.0125082776074332e-02
4.3124763537912161e+00 -2.0108082376856289e-02
4.3130599728214047e+00 -2.0091096007761117e-02
4.3136435918515925e+00 -2.0074123657793458e-02
4.3142272108817812e+00 -2.0057165315965488e-02
4.3148108299119698e+00 -2.0040220971297058e-02
4.3153944489421576e+00 -2.0023290612815485e-02
4.3159780679723463e+00 -2.0006374229555670e-02
4.3165616870025350e+00 -1.9989471810560024e-02
4.3171453060327227e+00 -1.9972583344878593e-02
4.3177289250629123e+00 -1.9955708821568881e-02
4.3183125440931001e+00 -1.9938848229695993e-02
4.3188961631232878e+00 -1.9922001558332538e-02
4.3194797821534774e+00 -1.9905168796558643e-02
4.3200634011836652e+00 -1.9888349933462033e-02
4.3206470202138529e+00 -1.9871544958137893e-02
4.3212306392440425e+00 -1.9854753859688941e-02
4.3218142582742303e+00 -1.9837976627225487e-02
4.3223978773044180e+00 -1.9821213249865268e-02
4.3229814963346076e+00 -1.9804463716733559e-02
4.3235651153647954e+00 -1.9787728016963223e-02
4.3241487343949832e+00 -1.9771006139694552e-02
4.3247323534251727e+00 -1.9754298074075270e-02
4.3253159724553605e+00 -1.9737603809260817e-02
4.3258995914855491e+00 -1.9720923334413987e-02
4.3264832105157378e+00 -1.9704256638705033e-02
4.3270668295459256e+00 -1.9687603711311823e-02
4.3276504485761143e+00 -1.9670964541419637e-02
4.3282340676063029e+00 -1.9654339118221224e-02
4.3288176866364907e+00 -1.9637727430916893e-02
4.3294013056666794e+00 -1.9621129468714360e-02
4.3299849246968680e+00 -1.9604545220828839e-02
4.3305685437270558e+00 -1.9587974676483041e-02
4.3311521627572445e+00 -1.9571417824907126e-02
4.3317357817874331e+00 -1.9554874655338689e-02
4.3323194008176209e+00 -1.9538345157022883e-02
4.3329030198478096e+00 -1.9521829319212172e-02
4.3334866388779982e+00 -1.9505327131166608e-02
4.3340702579081860e+00 -1.9488838582153695e-02
4.3346538769383747e+00 -1.9472363661448257e-02
4.3352374959685633e+00 -1.9455902358332677e-02
4.3358211149987511e+00 -1.9439454662096813e-02
4.3364047340289398e+00 -1.9423020562037822e-02
4.3369883530591284e+00 -1.9406600047460393e-02
4.3375719720893162e+00 -1.9390193107676708e-02
4.3381555911195049e+00 -1.9373799732006199e-02
4.3387392101496935e+00 -1.9357419909775880e-02
4.3393228291798813e+00 -1.9341053630320189e-02
4.3399064482100700e+00 -1.9324700882980828e-02
4.3404900672402587e+00 -1.9308361657107111e-02
4.3410736862704464e+00 -1.9292035942055637e-02
4.3416573053006351e+00 -1.9275723727190434e-02
4.3422409243308238e+00 -1.9259425001883004e-02
4.3428245433610115e+00 -1.9243139755512183e-02
4.3434081623912002e+00 -1.9226867977464202e-02
4.3439917814213889e+00 -1.9210609657132758e-02
4.3445754004515766e+00 -1.9194364783918894e-02
4.3451590194817653e+00 -1.9178133347231004e-02
4.3457426385119540e+00 -1.9161915336484966e-02
4.3463262575421417e+00 -1.9145710741103966e-02
4.3469098765723304e+00 -1.9129519550518569e-02
4.3474934956025191e+00 -1.9113341754166790e-02
4.3480771146327069e+00 -1.9097177341493934e-02
4.3486607336628955e+00 -1.9081026301952721e-02
4.3492443526930842e+00 -1.9064888625003187e-02
4.3498279717232720e+00 -1.9048764300112823e-02
4.3504115907534606e+00 -1.9032653316756406e-02
4.3509952097836493e+00 -1.9016555664416068e-02
4.3515788288138371e+00 -1.9000471332581356e-02
4.3521624478440266e+00 -1.8984400310749081e-02
4.3527460668742144e+00 -1.8968342588423504e-02
4.3533296859044022e+00 -1.8952298155116135e-02
4.3539133049345917e+00 -1.8936267000345834e-02
4.3544969239647795e+00 -1.8920249113638890e-02
4.3550805429949673e+00 -1.8904244484528838e-02
4.3556641620251568e+00 -1.8888253102556471e-02
4.3562477810553446e+00 -1.8872274957270122e-02
4.3568314000855324e+00 -1.8856310038225306e-02
4.3574150191157219e+00 -1.8840358334984784e-02
4.3579986381459097e+00 -1.8824419837118828e-02
4.3585822571760975e+00 -1.8808494534204908e-02
4.3591658762062870e+00 -1.8792582415827718e-02
4.3597494952364748e+00 -1.8776683471579465e-02
4.3603331142666635e+00 -1.8760797691059500e-02
4.3609167332968521e+00 -1.8744925063874526e-02
4.3615003523270399e+00 -1.8729065579638545e-02
4.3620839713572286e+00 -1.8713219227972845e-02
4.3626675903874172e+00 -1.8697385998505973e-02
4.3632512094176050e+00 -1.8681565880873836e-02
4.3638348284477937e+00 -1.8665758864719519e-02
4.3644184474779824e+00 -1.8649964939693457e-02
4.3650020665081701e+00 -1.8634184095453414e-02
4.3655856855383588e+00 -1.8618416321664267e-02
4.3661693045685475e+00 -1.8602661607998276e-02
4.3667529235987352e+00 -1.8586919944135010e-02
4.3673365426289239e+00 -1.8571191319761132e-02
4.3679201616591126e+00 -1.8555475724570693e-02
4.3685037806893003e+00 -1.8539773148265042e-02
4.3690873997194890e+00 -1.8524083580552596e-02
4.3696710187496777e+00 -1.8508407011149180e-02
4.3702546377798654e+00 -1.8492743429777848e-02
4.3708382568100541e+00 -1.8477092826168776e-02
4.3714218758402428e+00 -1.8461455190059546e-02
4.3720054948704306e+00 -1.8445830511194833e-02
4.3725891139006192e+00 -1.8430218779326598e-02
4.3731727329308079e+00 -1.8414619984214065e-02
4.3737563519609957e+00 -1.8399034115623634e-02
4.3743399709911843e+00 -1.8383461163328910e-02
4.3749235900213730e+00 -1.8367901117110782e-02
4.3755072090515608e+00 -1.8352353966757304e-02
4.3760908280817494e+00 -1.8336819702063713e-02
4.3766744471119381e+00 -1.8321298312832530e-02
4.3772580661421259e+00 -1.8305789788873431e-02
4.3778416851723145e+00 -1.8290294120003277e-02
4.3784253042025032e+00 -1.8274811296046169e-02
4.3790089232326910e+00 -1.8259341306833370e-02
4.3795925422628796e+00 -1.8243884142203334e-02
4.3801761612930683e+00 -1.8228439792001703e-02
4.3807597803232561e+00 -1.8213008246081328e-02
4.3813433993534447e+00 -1.8197589494302197e-02
4.3819270183836334e+00 -1.8182183526531483e-02
4.3825106374138212e+00 -1.8166790332643568e-02
4.3830942564440099e+00 -1.8151409902519958e-02
4.3836778754741985e+00 -1.8136042226049334e-02
4.3842614945043863e+00 -1.8120687293127564e-02
4.3848451135345750e+00 -1.8105345093657646e-02
4.3854287325647636e+00 -1.8090015617549717e-02
4.3860123515949514e+00 -1.8074698854721155e-02
4.3865959706251410e+00 -1.8059394795096322e-02
4.3871795896553287e+00 -1.8044103428606913e-02
4.3877632086855165e+00 -1.8028824745191661e-02
4.3883468277157061e+00 -1.8013558734796355e-02
4.3889304467458938e+00 -1.7998305387374125e-02
4.3895140657760816e+00 -1.7983064692885097e-02
4.3900976848062712e+00 -1.7967836641296454e-02
4.3906813038364589e+00 -1.7952621222582690e-02
4.3912649228666467e+00 -1.7937418426725311e-02
4.3918485418968363e+00 -1.7922228243712857e-02
4.3924321609270240e+00 -1.7907050663541178e-02
4.3930157799572118e+00 -1.7891885676213110e-02
4.3935993989874014e+00 -1.7876733271738519e-02
4.3941830180175891e+00 -1.7861593440134601e-02
4.3947666370477778e+00 -1.7846466171425400e-02
4.3953502560779665e+00 -1.7831351455642217e-02
4.3959338751081543e+00 -1.7816249282823455e-02
4.3965174941383429e+00 -1.7801159643014444e-02
4.3971011131685316e+00 -1.7786082526267746e-02
4.3976847321987194e+00 -1.7771017922643018e-02
4.3982683512289080e+00 -1.7755965822206850e-02
4.3988519702590967e+00 -1.7740926215033016e-02
4.3994355892892845e+00 -1.7725899091202407e-02
4.4000192083194731e+00 -1.7710884440802814e-02
4.4006028273496618e+00 -1.7695882253929228e-02
4.4011864463798496e+00 -1.7680892520683715e-02
4.4017700654100382e+00 -1.7665915231175253e-02
4.4023536844402269e+00 -1.7650950375520016e-02
4.4029373034704147e+00 -1.7635997943841211e-02
4.4035209225006033e+00 -1.7621057926268963e-02
4.4041045415307920e+00 -1.7606130312940612e-02
4.4046881605609798e+00 -1.7591215094000429e-02
4.4052717795911684e+00 -1.7576312259599720e-02
4.4058553986213571e+00 -1.7561421799896906e-02
4.4064390176515449e+00 -1.7546543705057361e-02
4.4070226366817336e+00 -1.7531677965253463e-02
4.4076062557119222e+00 -1.7516824570664717e-02
4.4081898747421100e+00 -1.7501983511477550e-02
4.4087734937722987e+00 -1.7487154777885421e-02
4.4093571128024873e+00 -1.7472338360088838e-02
4.4099407318326751e+00 -1.7457534248295287e-02
4.4105243508628638e+00 -1.7442742432719253e-02
4.4111079698930524e+00 -1.7427962903582221e-02
4.4116915889232402e+00 -1.7413195651112708e-02
4.4122752079534289e+00 -1.7398440665546178e-02
4.4128588269836175e+00 -1.7383697937125093e-02
4.4134424460138053e+00 -1.7368967456098942e-02
4.4140260650439940e+00 -1.7354249212724146e-02
4.4146096840741826e+00 -1.7339543197264110e-02
4.4151933031043704e+00 -1.7324849399989264e-02
4.4157769221345591e+00 -1.7310167811176953e-02
4.4163605411647477e+00 -1.7295498421111485e-02
4.4169441601949355e+00 -1.7280841220084220e-02
4.4175277792251242e+00 -1.7266196198393376e-02
4.4181113982553128e+00 -1.7251563346344152e-02
4.4186950172855006e+00 -1.7236942654248789e-02
4.4192786363156902e+00 -1.7222334112426300e-02
4.4198622553458780e+00 -1.7207737711202854e-02
4.4204458743760657e+00 -1.7193153440911445e-02
4.4210294934062553e+00 -1.7178581291891943e-02
4.4216131124364431e+00 -1.7164021254491329e-02
4.4221967314666308e+00 -1.7149473319063399e-02
4.4227803504968204e+00 -1.7134937475968833e-02
4.4233639695270082e+00 -1.7120413715575392e-02
4.4239475885571959e+00 -1.7105902028257663e-02
4.4245312075873855e+00 -1.7091402404397067e-02
4.4251148266175733e+00 -1.7076914834382135e-02
4.4256984456477610e+00 -1.7062439308608186e-02
4.4262820646779506e+00 -1.7047975817477384e-02
4.4268656837081384e+00 -1.7033524351399008e-02
4.4274493027383262e+00 -1.7019084900789027e-02
4.4280329217685157e+00 -1.7004657456070355e-02
4.4286165407987035e+00 -1.6990242007672941e-02
4.4292001598288921e+00 -1.6975838546033420e-02
4.4297837788590808e+00 -1.6961447061595438e-02
4.4303673978892686e+00 -1.6947067544809534e-02
4.4309510169194573e+00 -1.6932699986133018e-02
4.4315346359496459e+00 -1.6918344376030164e-02
4.4321182549798337e+00 -1.6904000704972149e-02
4.4327018740100224e+00 -1.6889668963436879e-02
4.4332854930402110e+00 -1.6875349141909260e-02
4.4338691120703988e+00 -1.6861041230881037e-02
4.4344527311005875e+00 -1.6846745220850709e-02
4.4350363501307761e+00 -1.6832461102323771e-02
4.4356199691609639e+00 -1.6818188865812485e-02
4.4362035881911526e+00 -1.6803928501835933e-02
4.4367872072213412e+00 -1.6789680000920151e-02
4.4373708262515290e+00 -1.6775443353597919e-02
4.4379544452817177e+00 -1.6761218550408852e-02
4.4385380643119063e+00 -1.6747005581899468e-02
4.4391216833420941e+00 -1.6732804438623065e-02
4.4397053023722828e+00 -1.6718615111139742e-02
4.4402889214024714e+00 -1.6704437590016490e-02
4.4408725404326592e+00 -1.6690271865827059e-02
4.4414561594628479e+00 -1.6676117929152034e-02
4.4420397784930366e+00 -1.6661975770578798e-02
4.4426233975232243e+00 -1.6647845380701572e-02
4.4432070165534130e+00 -1.6633726750121352e-02
4.4437906355836017e+00 -1.6619619869445927e-02
4.4443742546137894e+00 -1.6605524729289931e-02
4.4449578736439781e+00 -1.6591441320274732e-02
4.4455414926741668e+00 -1.6577369633028513e-02
4.4461251117043545e+00 -1.6563309658186257e-02
4.4467087307345432e+00 -1.6549261386389704e-02
4.4472923497647319e+00 -1.6535224808287362e-02
4.4478759687949196e+00 -1.6521199914534587e-02
4.4484595878251083e+00 -1.6507186695793406e-02
4.4490432068552970e+00 -1.6493185142732656e-02
4.4496268258854847e+00 -1.6479195246027999e-02
4.4502104449156734e+00 -1.6465216996361731e-02
4.4507940639458621e+00 -1.6451250384422991e-02
4.4513776829760499e+00 -1.6437295400907707e-02
4.4519613020062385e+00 -1.6423352036518429e-02
4.4525449210364272e+00 -1.6409420281964550e-02
4.4531285400666150e+00 -1.6395500127962235e-02
4.4537121590968045e+00 -1.6381591565234235e-02
4.4542957781269923e+00 -1.6367694584510230e-02
4.4548793971571801e+00 -1.6353809176526516e-02
4.4554630161873696e+00 -1.6339935332026059e-02
4.4560466352175574e+00 -1.6326073041758728e-02
4.4566302542477452e+00 -1.6312222296480987e-02
4.4572138732779347e+00 -1.6298383086955970e-02
4.4577974923081225e+00 -1.6284555403953706e-02
4.4583811113383103e+00 -1.6270739238250769e-02
4.4589647303684998e+00 -1.6256934580630437e-02
4.4595483493986876e+00 -1.6243141421882865e-02
4.4601319684288754e+00 -1.6229359752804713e-02
4.4607155874590649e+00 -1.6215589564199384e-02
4.4612992064892527e+00 -1.6201830846877111e-02
4.4618828255194414e+00 -1.6188083591654592e-02
4.4624664445496300e+00 -1.6174347789355368e-02
4.4630500635798178e+00 -1.6160623430809644e-02
4.4636336826100065e+00 -1.6146910506854205e-02
4.4642173016401951e+00 -1.6133209008332615e-02
4.4648009206703829e+00 -1.6119518926095103e-02
4.4653845397005716e+00 -1.6105840250998447e-02
4.4659681587307603e+00 -1.6092172973906246e-02
4.4665517777609480e+00 -1.6078517085688658e-02
4.4671353967911367e+00 -1.6064872577222493e-02
4.4677190158213254e+00 -1.6051239439391275e-02
4.4683026348515131e+00 -1.6037617663085150e-02
4.4688862538817018e+00 -1.6024007239200850e-02
4.4694698729118905e+00 -1.6010408158641850e-02
4.4700534919420782e+00 -1.5996820412318195e-02
4.4706371109722669e+00 -1.5983243991146555e-02
4.4712207300024556e+00 -1.5969678886050279e-02
4.4718043490326433e+00 -1.5956125087959322e-02
4.4723879680628320e+00 -1.5942582587810221e-02
4.4729715870930207e+00 -1.5929051376546204e-02
4.4735552061232084e+00 -1.5915531445117065e-02
4.4741388251533971e+00 -1.5902022784479219e-02
4.4747224441835858e+00 -1.5888525385595677e-02
4.4753060632137736e+00 -1.5875039239436103e-02
4.4758896822439622e+00 -1.5861564336976712e-02
4.4764733012741509e+00 -1.5848100669200317e-02
4.4770569203043387e+00 -1.5834648227096366e-02
4.4776405393345273e+00 -1.5821207001660863e-02
4.4782241583647160e+00 -1.5807776983896377e-02
4.4788077773949038e+00 -1.5794358164812148e-02
4.4793913964250924e+00 -1.5780950535423895e-02
4.4799750154552811e+00 -1.5767554086753940e-02
4.4805586344854689e+00 -1.5754168809831250e-02
4.4811422535156575e+00 -1.5740794695691229e-02
4.4817258725458462e+00 -1.5727431735375941e-02
4.4823094915760340e+00 -1.5714079919934031e-02
4.4828931106062226e+00 -1.5700739240420584e-02
4.4834767296364113e+00 -1.5687409687897343e-02
4.4840603486665991e+00 -1.5674091253432606e-02
4.4846439676967877e+00 -1.5660783928101107e-02
4.4852275867269764e+00 -1.5647487702984238e-02
4.4858112057571642e+00 -1.5634202569169916e-02
4.4863948247873529e+00 -1.5620928517752495e-02
4.4869784438175415e+00 -1.5607665539832971e-02
4.4875620628477293e+00 -1.5594413626518857e-02
4.4881456818779188e+00 -1.5581172768924068e-02
4.4887293009081066e+00 -1.5567942958169248e-02
4.4893129199382944e+00 -1.5554724185381376e-02
4.4898965389684840e+00 -1.5541516441693971e-02
4.4904801579986717e+00 -1.5528319718247214e-02
4.4910637770288595e+00 -1.5515134006187601e-02
4.4916473960590491e+00 -1.5501959296668189e-02
4.4922310150892368e+00 -1.5488795580848645e-02
4.4928146341194246e+00 -1.5475642849894968e-02
4.4933982531496142e+00 -1.5462501094979708e-02
4.4939818721798019e+00 -1.5449370307282004e-02
4.4945654912099897e+00 -1.5436250477987317e-02
4.4951491102401793e+00 -1.5423141598287648e-02
4.4957327292703670e+00 -1.5410043659381579e-02
4.4963163483005557e+00 -1.5396956652473984e-02
4.4968999673307444e+00 -1.5383880568776355e-02
4.4974835863609322e+00 -1.5370815399506582e-02
4.4980672053911208e+00 -1.5357761135889004e-02
4.4986508244213095e+00 -1.5344717769154480e-02
4.4992344434514973e+00 -1.5331685290540277e-02
4.4998180624816859e+00 -1.5318663691290108e-02
4.5004016815118746e+00 -1.5305652962654180e-02
4.5009853005420624e+00 -1.5292653095889099e-02
4.5015689195722510e+00 -1.5279664082257914e-02
4.5021525386024397e+00 -1.5266685913030152e-02
4.5027361576326275e+00 -1.5253718579481736e-02
4.5033197766628161e+00 -1.5240762072895011e-02
4.5039033956930048e+00 -1.5227816384558791e-02
4.5044870147231926e+00 -1.5214881505768281e-02
4.5050706337533812e+00 -1.5201957427825100e-02
4.5056542527835699e+00 -1.5189044142037285e-02
4.5062378718137577e+00 -1.5176141639719320e-02
4.5068214908439463e+00 -1.5163249912192051e-02
4.5074051098741350e+00 -1.5150368950782733e-02
4.5079887289043228e+00 -1.5137498746825063e-02
4.5085723479345114e+00 -1.5124639291659090e-02
4.5091559669647001e+00 -1.5111790576631251e-02
4.5097395859948879e+00 -1.5098952593094439e-02
4.5103232050250766e+00 -1.5086125332407857e-02
4.5109068240552652e+00 -1.5073308785937102e-02
4.5114904430854530e+00 -1.5060502945054236e-02
4.5120740621156417e+00 -1.5047707801137549e-02
4.5126576811458303e+00 -1.5034923345571804e-02
4.5132413001760181e+00 -1.5022149569748160e-02
4.5138249192062068e+00 -1.5009386465064018e-02
4.5144085382363954e+00 -1.4996634022923229e-02
4.5149921572665832e+00 -1.4983892234736030e-02
4.5155757762967719e+00 -1.4971161091918881e-02
4.5161593953269605e+00 -1.4958440585894722e-02
4.5167430143571483e+00 -1.4945730708092814e-02
4.5173266333873370e+00 -1.4933031449948665e-02
4.5179102524175256e+00 -1.4920342802904232e-02
4.5184938714477134e+00 -1.4907664758407796e-02
4.5190774904779021e+00 -1.4894997307913870e-02
4.5196611095080907e+00 -1.4882340442883413e-02
4.5202447285382785e+00 -1.4869694154783656e-02
4.5208283475684672e+00 -1.4857058435088116e-02
4.5214119665986559e+00 -1.4844433275276708e-02
4.5219955856288436e+00 -1.4831818666835596e-02
4.5225792046590332e+00 -1.4819214601257239e-02
4.5231628236892210e+00 -1.4806621070040518e-02
4.5237464427194087e+00 -1.4794038064690464e-02
4.5243300617495983e+00 -1.4781465576718460e-02
4.5249136807797861e+00 -1.4768903597642278e-02
4.5254972998099738e+00 -1.4756352118985837e-02
4.5260809188401634e+00 -1.4743811132279391e-02
4.5266645378703512e+00 -1.4731280629059582e-02
4.5272481569005389e+00 -1.4718760600869166e-02
4.5278317759307285e+00 -1.4706251039257245e-02
4.5284153949609163e+00 -1.4693751935779287e-02
4.5289990139911041e+00 -1.4681263281996869e-02
4.5295826330212936e+00 -1.4668785069477910e-02
4.5301662520514814e+00 -1.4656317289796630e-02
4.5307498710816700e+00 -1.4643859934533434e-02
4.5313334901118587e+00 -1.4631412995275034e-02
4.5319171091420465e+00 -1.4618976463614364e-02
4.5325007281722351e+00 -1.4606550331150603e-02
4.5330843472024238e+00 -1.4594134589489206e-02
4.5336679662326116e+00 -1.4581729230241832e-02
4.5342515852628003e+00 -1.4569334245026383e-02
4.5348352042929889e+00 -1.4556949625467018e-02
4.5354188233231767e+00 -1.4544575363194106e-02
4.5360024423533654e+00 -1.4532211449844231e-02
4.5365860613835540e+00 -1.4519857877060205e-02
4.5371696804137418e+00 -1.4507514636491083e-02
4.5377532994439305e+00 -1.4495181719792111e-02
4.5383369184741191e+00 -1.4482859118624729e-02
4.5389205375043069e+00 -1.4470546824656635e-02
4.5395041565344956e+00 -1.4458244829561682e-02
4.5400877755646842e+00 -1.4445953125019926e-02
4.5406713945948720e+00 -1.4433671702717673e-02
4.5412550136250607e+00 -1.4421400554347354e-02
4.5418386326552493e+00 -1.4409139671607604e-02
4.5424222516854371e+00 -1.4396889046203294e-02
4.5430058707156258e+00 -1.4384648669845424e-02
4.5435894897458144e+00 -1.4372418534251157e-02
4.5441731087760022e+00 -1.4360198631143919e-02
4.5447567278061909e+00 -1.4347988952253183e-02
4.5453403468363796e+00 -1.4335789489314675e-02
4.5459239658665673e+00 -1.4323600234070305e-02
4.5465075848967560e+00 -1.4311421178268028e-02
4.5470912039269447e+00 -1.4299252313662069e-02
4.5476748229571324e+00 -1.4287093632012783e-02
4.5482584419873211e+00 -1.4274945125086598e-02
4.5488420610175098e+00 -1.4262806784656178e-02
4.5494256800476975e+00 -1.4250678602500315e-02
4.5500092990778862e+00 -1.4238560570403857e-02
4.5505929181080749e+00 -1.4226452680157887e-02
4.5511765371382626e+00 -1.4214354923559601e-02
4.5517601561684513e+00 -1.4202267292412231e-02
4.5523437751986400e+00 -1.4190189778525254e-02
4.5529273942288278e+00 -1.4178122373714200e-02
4.5535110132590164e+00 -1.4166065069800709e-02
4.5540946322892051e+00 -1.4154017858612578e-02
4.5546782513193929e+00 -1.4141980731983677e-02
4.5552618703495824e+00 -1.4129953681753954e-02
4.5558454893797702e+00 -1.4117936699769580e-02
4.5564291084099580e+00 -1.4105929777882669e-02
4.5570127274401475e+00 -1.4093932907951487e-02
4.5575963464703353e+00 -1.4081946081840480e-02
4.5581799655005231e+00 -1.4069969291420034e-02
4.5587635845307126e+00 -1.4058002528566680e-02
4.5593472035609004e+00 -1.4046045785163112e-02
4.5599308225910882e+00 -1.4034099053097958e-02
4.5605144416212777e+00 -1.4022162324265980e-02
4.5610980606514655e+00 -1.4010235590568052e-02
4.5616816796816533e+00 -1.3998318843911063e-02
4.5622652987118428e+00 -1.3986412076207939e-02
4.5628489177420306e+00 -1.3974515279377741e-02
4.5634325367722184e+00 -1.3962628445345536e-02
4.5640161558024079e+00 -1.3950751566042412e-02
4.5645997748325957e+00 -1.3938884633405580e-02
4.5651833938627844e+00 -1.3927027639378222e-02
4.5657670128929730e+00 -1.3915180575909623e-02
4.5663506319231608e+00 -1.3903343434955051e-02
4.5669342509533495e+00 -1.3891516208475832e-02
4.5675178699835381e+00 -1.3879698888439301e-02
4.5681014890137259e+00 -1.3867891466818856e-02
4.5686851080439146e+00 -1.3856093935593882e-02
4.5692687270741033e+00 -1.3844306286749783e-02
4.5698523461042910e+00 -1.3832528512278010e-02
4.5704359651344797e+00 -1.3820760604175983e-02
4.5710195841646684e+00 -1.3809002554447138e-02
4.5716032031948561e+00 -1.3797254355100963e-02
4.5721868222250448e+00 -1.3785515998152878e-02
4.5727704412552335e+00 -1.3773787475624306e-02
4.5733540602854212e+00 -1.3762068779542731e-02
4.5739376793156099e+00 -1.3750359901941563e-02
4.5745212983457986e+00 -1.3738660834860181e-02
4.5751049173759863e+00 -1.3726971570344035e-02
4.5756885364061750e+00 -1.3715292100444433e-02
4.5762721554363637e+00 -1.3703622417218741e-02
4.5768557744665515e+00 -1.3691962512730317e-02
4.5774393934967401e+00 -1.3680312379048367e-02
4.5780230125269288e+00 -1.3668672008248183e-02
4.5786066315571166e+00 -1.3657041392410993e-02
4.5791902505873052e+00 -1.3645420523623889e-02
4.5797738696174939e+00 -1.3633809393980026e-02
4.5803574886476817e+00 -1.3622207995578495e-02
4.5809411076778703e+00 -1.3610616320524235e-02
4.5815247267080590e+00 -1.3599034360928236e-02
4.5821083457382468e+00 -1.3587462108907411e-02
4.5826919647684354e+00 -1.3575899556584515e-02
4.5832755837986241e+00 -1.3564346696088355e-02
4.5838592028288119e+00 -1.3552803519553593e-02
4.5844428218590005e+00 -1.3541270019120821e-02
4.5850264408891892e+00 -1.3529746186936583e-02
4.5856100599193770e+00 -1.3518232015153309e-02
4.5861936789495656e+00 -1.3506727495929335e-02
4.5867772979797543e+00 -1.3495232621428956e-02
4.5873609170099421e+00 -1.3483747383822315e-02
4.5879445360401307e+00 -1.3472271775285472e-02
4.5885281550703194e+00 -1.3460805788000423e-02
4.5891117741005072e+00 -1.3449349414155013e-02
4.5896953931306967e+00 -1.3437902645942964e-02
4.5902790121608845e+00 -1.3426465475563996e-02
4.5908626311910723e+00 -1.3415037895223565e-02
4.5914462502212618e+00 -1.3403619897133075e-02
4.5920298692514496e+00 -1.3392211473509844e-02
4.5926134882816374e+00 -1.3380812616577011e-02
4.5931971073118270e+00 -1.3369423318563568e-02
4.5937807263420147e+00 -1.3358043571704448e-02
4.5943643453722025e+00 -1.3346673368240384e-02
4.5949479644023921e+00 -1.3335312700417967e-02
4.5955315834325798e+00 -1.3323961560489686e-02
4.5961152024627676e+00 -1.3312619940713854e-02
4.5966988214929572e+00 -1.3301287833354613e-02
4.5972824405231449e+00 -1.3289965230681997e-02
4.5978660595533336e+00 -1.3278652124971820e-02
4.5984496785835223e+00 -1.3267348508505812e-02
4.5990332976137100e+00 -1.3256054373571460e-02
4.5996169166438987e+00 -1.3244769712462119e-02
4.6002005356740874e+00 -1.3233494517476942e-02
4.6007841547042752e+00 -1.3222228780920962e-02
4.6013677737344638e+00 -1.3210972495104974e-02
4.6019513927646525e+00 -1.3199725652345591e-02
4.6025350117948403e+00 -1.3188488244965295e-02
4.6031186308250289e+00 -1.3177260265292305e-02
4.6037022498552176e+00 -1.3166041705660672e-02
4.6042858688854054e+00 -1.3154832558410278e-02
4.6048694879155940e+00 -1.3143632815886767e-02
4.6054531069457827e+00 -1.3132442470441555e-02
4.6060367259759705e+00 -1.3121261514431935e-02
4.6066203450061591e+00 -1.3110089940220861e-02
4.6072039640363478e+00 -1.3098927740177183e-02
4.6077875830665356e+00 -1.3087774906675505e-02
4.6083712020967242e+00 -1.3076631432096125e-02
4.6089548211269129e+00 -1.3065497308825216e-02
4.6095384401571007e+00 -1.3054372529254702e-02
4.6101220591872893e+00 -1.3043257085782188e-02
4.6107056782174780e+00 -1.3032150970811139e-02
4.6112892972476658e+00 -1.3021054176750764e-02
4.6118729162778545e+00 -1.3009966696015942e-02
4.6124565353080431e+00 -1.2998888521027395e-02
4.6130401543382309e+00 -1.2987819644211597e-02
4.6136237733684196e+00 -1.2976760058000660e-02
4.6142073923986082e+00 -1.2965709754832548e-02
4.6147910114287960e+00 -1.2954668727150910e-02
4.6153746304589847e+00 -1.2943636967405116e-02
4.6159582494891733e+00 -1.2932614468050316e-02
4.6165418685193611e+00 -1.2921601221547334e-02
4.6171254875495498e+00 -1.2910597220362729e-02
4.6177091065797384e+00 -1.2899602456968810e-02
4.6182927256099262e+00 -1.2888616923843558e-02
4.6188763446401149e+00 -1.2877640613470669e-02
4.6194599636703035e+00 -1.2866673518339604e-02
4.6200435827004913e+00 -1.2855715630945449e-02
4.6206272017306800e+00 -1.2844766943789021e-02
4.6212108207608686e+00 -1.2833827449376875e-02
4.6217944397910564e+00 -1.2822897140221196e-02
4.6223780588212451e+00 -1.2811976008839893e-02
4.6229616778514337e+00 -1.2801064047756534e-02
4.6235452968816215e+00 -1.2790161249500434e-02
4.6241289159118111e+00 -1.2779267606606489e-02
4.6247125349419989e+00 -1.2768383111615371e-02
4.6252961539721866e+00 -1.2757507757073357e-02
4.6258797730023762e+00 -1.2746641535532401e-02
4.6264633920325640e+00 -1.2735784439550157e-02
4.6270470110627517e+00 -1.2724936461689903e-02
4.6276306300929413e+00 -1.2714097594520574e-02
4.6282142491231291e+00 -1.2703267830616798e-02
4.6287978681533168e+00 -1.2692447162558834e-02
4.6293814871835064e+00 -1.2681635582932515e-02
4.6299651062136942e+00 -1.2670833084329461e-02
4.6305487252438819e+00 -1.2660039659346846e-02
4.6311323442740715e+00 -1.2649255300587421e-02
4.6317159633042593e+00 -1.2638480000659721e-02
4.6322995823344479e+00 -1.2627713752177786e-02
4.6328832013646366e+00 -1.2616956547761312e-02
4.6334668203948244e+00 -1.2606208380035665e-02
4.6340504394250130e+00 -1.2595469241631761e-02
4.6346340584552017e+00 -1.2584739125186156e-02
4.6352176774853895e+00 -1.2574018023341051e-02
4.6358012965155782e+00 -1.2563305928744217e-02
4.6363849155457668e+00 -1.2552602834049006e-02
4.6369685345759546e+00 -1.2541908731914464e-02
4.6375521536061433e+00 -1.2531223615005105e-02
4.6381357726363319e+00 -1.2520547475991142e-02
4.6387193916665197e+00 -1.2509880307548365e-02
4.6393030106967084e+00 -1.2499222102358062e-02
4.6398866297268970e+00 -1.2488572853107205e-02
4.6404702487570848e+00 -1.2477932552488333e-02
4.6410538677872735e+00 -1.2467301193199474e-02
4.6416374868174621e+00 -1.2456678767944327e-02
4.6422211058476499e+00 -1.2446065269432142e-02
4.6428047248778386e+00 -1.2435460690377662e-02
4.6433883439080272e+00 -1.2424865023501271e-02
4.6439719629382150e+00 -1.2414278261528916e-02
4.6445555819684037e+00 -1.2403700397192007e-02
4.6451392009985923e+00 -1.2393131423227604e-02
4.6457228200287801e+00 -1.2382571332378262e-02
4.6463064390589688e+00 -1.2372020117392083e-02
4.6468900580891574e+00 -1.2361477771022740e-02
4.6474736771193452e+00 -1.2350944286029411e-02
4.6480572961495339e+00 -1.2340419655176803e-02
4.6486409151797226e+00 -1.2329903871235195e-02
4.6492245342099103e+00 -1.2319396926980352e-02
4.6498081532400990e+00 -1.2308898815193554e-02
4.6503917722702877e+00 -1.2298409528661656e-02
4.6509753913004754e+00 -1.2287929060176974e-02
4.6515590103306641e+00 -1.2277457402537342e-02
4.6521426293608528e+00 -1.2266994548546148e-02
4.6527262483910405e+00 -1.2256540491012232e-02
4.6533098674212292e+00 -1.2246095222749952e-02
4.6538934864514179e+00 -1.2235658736579157e-02
4.6544771054816056e+00 -1.2225231025325236e-02
4.6550607245117943e+00 -1.2214812081819007e-02
4.6556443435419830e+00 -1.2204401898896794e-02
4.6562279625721708e+00 -1.2194000469400442e-02
4.6568115816023594e+00 -1.2183607786177235e-02
4.6573952006325481e+00 -1.2173223842079920e-02
4.6579788196627359e+00 -1.2162848629966781e-02
4.6585624386929254e+00 -1.2152482142701504e-02
4.6591460577231132e+00 -1.2142124373153294e-02
4.6597296767533010e+00 -1.2131775314196801e-02
4.6603132957834905e+00 -1.2121434958712068e-02
4.6608969148136783e+00 -1.2111103299584723e-02
4.6614805338438661e+00 -1.2100780329705770e-02
4.6620641528740556e+00 -1.2090466041971597e-02
4.6626477719042434e+00 -1.2080160429284203e-02
4.6632313909344312e+00 -1.2069863484550900e-02
4.6638150099646207e+00 -1.2059575200684418e-02
4.6643986289948085e+00 -1.2049295570603059e-02
4.6649822480249963e+00 -1.2039024587230445e-02
4.6655658670551858e+00 -1.2028762243495594e-02
4.6661494860853736e+00 -1.2018508532333091e-02
4.6667331051155623e+00 -1.2008263446682830e-02
4.6673167241457509e+00 -1.1998026979490119e-02
4.6679003431759387e+00 -1.1987799123705751e-02
4.6684839622061274e+00 -1.1977579872285871e-02
4.6690675812363160e+00 -1.1967369218192038e-02
4.6696512002665038e+00 -1.1957167154391256e-02
4.6702348192966925e+00 -1.1946973673855844e-02
4.6708184383268812e+00 -1.1936788769563599e-02
4.6714020573570689e+00 -1.1926612434497710e-02
4.6719856763872576e+00 -1.1916444661646661e-02
4.6725692954174463e+00 -1.1906285444004423e-02
4.6731529144476340e+00 -1.1896134774570334e-02
4.6737365334778227e+00 -1.1885992646349030e-02
4.6743201525080114e+00 -1.1875859052350609e-02
4.6749037715381991e+00 -1.1865733985590547e-02
4.6754873905683878e+00 -1.1855617439089595e-02
4.6760710095985765e+00 -1.1845509405873943e-02
4.6766546286287642e+00 -1.1835409878975163e-02
4.6772382476589529e+00 -1.1825318851430094e-02
4.6778218666891416e+00 -1.1815236316281013e-02
4.6784054857193293e+00 -1.1805162266575506e-02
4.6789891047495180e+00 -1.1795096695366505e-02
4.6795727237797067e+00 -1.1785039595712322e-02
4.6801563428098945e+00 -1.1774990960676567e-02
4.6807399618400831e+00 -1.1764950783328194e-02
4.6813235808702718e+00 -1.1754919056741534e-02
4.6819071999004596e+00 -1.1744895773996185e-02
4.6824908189306482e+00 -1.1734880928177089e-02
4.6830744379608369e+00 -1.1724874512374563e-02
4.6836580569910247e+00 -1.1714876519684165e-02
4.6842416760212133e+00 -1.1704886943206819e-02
4.6848252950514020e+00 -1.1694905776048727e-02
4.6854089140815898e+00 -1.1684933011321463e-02
4.6859925331117784e+00 -1.1674968642141827e-02
4.6865761521419671e+00 -1.1665012661631956e-02
4.6871597711721549e+00 -1.1655065062919311e-02
4.6877433902023435e+00 -1.1645125839136614e-02
4.6883270092325322e+00 -1.1635194983421866e-02
4.6889106282627200e+00 -1.1625272488918410e-02
4.6894942472929086e+00 -1.1615358348774833e-02
4.6900778663230973e+00 -1.1605452556144985e-02
4.6906614853532851e+00 -1.1595555104188054e-02
4.6912451043834738e+00 -1.1585665986068455e-02
4.6918287234136624e+00 -1.1575785194955873e-02
4.6924123424438502e+00 -1.1565912724025311e-02
4.6929959614740397e+00 -1.1556048566456929e-02
4.6935795805042275e+00 -1.1546192715436297e-02
4.6941631995344153e+00 -1.1536345164154133e-02
4.6947468185646049e+00 -1.1526505905806388e-02
4.6953304375947926e+00 -1.1516674933594383e-02
4.6959140566249804e+00 -1.1506852240724594e-02
4.6964976756551700e+00 -1.1497037820408708e-02
4.6970812946853577e+00 -1.1487231665863773e-02
4.6976649137155455e+00 -1.1477433770311990e-02
4.6982485327457351e+00 -1.1467644126980753e-02
4.6988321517759228e+00 -1.1457862729102802e-02
4.6994157708061106e+00 -1.1448089569916027e-02
4.6999993898363002e+00 -1.1438324642663500e-02
4.7005830088664879e+00 -1.1428567940593647e-02
4.7011666278966766e+00 -1.1418819456959951e-02
4.7017502469268653e+00 -1.1409079185021218e-02
4.7023338659570530e+00 -1.1399347118041451e-02
4.7029174849872417e+00 -1.1389623249289778e-02
4.7035011040174304e+00 -1.1379907572040616e-02
4.7040847230476182e+00 -1.1370200079573574e-02
4.7046683420778068e+00 -1.1360500765173370e-02
4.7052519611079955e+00 -1.1350809622130011e-02
4.7058355801381833e+00 -1.1341126643738675e-02
4.7064191991683719e+00 -1.1331451823299659e-02
4.7070028181985606e+00 -1.1321785154118500e-02
4.7075864372287484e+00 -1.1312126629505936e-02
4.7081700562589370e+00 -1.1302476242777786e-02
4.7087536752891257e+00 -1.1292833987255130e-02
4.7093372943193135e+00 -1.1283199856264173e-02
4.7099209133495021e+00 -1.1273573843136283e-02
4.7105045323796908e+00 -1.1263955941208015e-02
4.7110881514098786e+00 -1.1254346143821051e-02
4.7116717704400672e+00 -1.1244744444322226e-02
4.7122553894702559e+00 -1.1235150836063574e-02
4.7128390085004437e+00 -1.1225565312402212e-02
4.7134226275306323e+00 -1.1215987866700420e-02
4.7140062465608210e+00 -1.1206418492325652e-02
4.7145898655910088e+00 -1.1196857182650470e-02
4.7151734846211975e+00 -1.1187303931052554e-02
4.7157571036513861e+00 -1.1177758730914726e-02
4.7163407226815739e+00 -1.1168221575624970e-02
4.7169243417117626e+00 -1.1158692458576343e-02
4.7175079607419512e+00 -1.1149171373167024e-02
4.7180915797721390e+00 -1.1139658312800360e-02
4.7186751988023277e+00 -1.1130153270884758e-02
4.7192588178325163e+00 -1.1120656240833733e-02
4.7198424368627041e+00 -1.1111167216065957e-02
4.7204260558928928e+00 -1.1101686190005160e-02
4.7210096749230814e+00 -1.1092213156080161e-02
4.7215932939532692e+00 -1.1082748107724926e-02
4.7221769129834579e+00 -1.1073291038378473e-02
4.7227605320136465e+00 -1.1063841941484905e-02
4.7233441510438343e+00 -1.1054400810493461e-02
4.7239277700740230e+00 -1.1044967638858370e-02
4.7245113891042116e+00 -1.1035542420039030e-02
4.7250950081343994e+00 -1.1026125147499897e-02
4.7256786271645890e+00 -1.1016715814710417e-02
4.7262622461947768e+00 -1.1007314415145233e-02
4.7268458652249645e+00 -1.0997920942283985e-02
4.7274294842551541e+00 -1.0988535389611307e-02
4.7280131032853419e+00 -1.0979157750617041e-02
4.7285967223155296e+00 -1.0969788018795988e-02
4.7291803413457192e+00 -1.0960426187647965e-02
4.7297639603759070e+00 -1.0951072250677953e-02
4.7303475794060947e+00 -1.0941726201395904e-02
4.7309311984362843e+00 -1.0932388033316765e-02
4.7315148174664721e+00 -1.0923057739960659e-02
4.7320984364966598e+00 -1.0913735314852603e-02
4.7326820555268494e+00 -1.0904420751522698e-02
4.7332656745570372e+00 -1.0895114043506142e-02
4.7338492935872258e+00 -1.0885815184343020e-02
4.7344329126174145e+00 -1.0876524167578552e-02
4.7350165316476023e+00 -1.0867240986762951e-02
4.7356001506777909e+00 -1.0857965635451381e-02
4.7361837697079796e+00 -1.0848698107204088e-02
4.7367673887381674e+00 -1.0839438395586327e-02
4.7373510077683560e+00 -1.0830186494168293e-02
4.7379346267985447e+00 -1.0820942396525224e-02
4.7385182458287325e+00 -1.0811706096237399e-02
4.7391018648589212e+00 -1.0802477586889986e-02
4.7396854838891098e+00 -1.0793256862073233e-02
4.7402691029192976e+00 -1.0784043915382339e-02
4.7408527219494863e+00 -1.0774838740417484e-02
4.7414363409796749e+00 -1.0765641330783853e-02
4.7420199600098627e+00 -1.0756451680091582e-02
4.7426035790400514e+00 -1.0747269781955778e-02
4.7431871980702400e+00 -1.0738095629996563e-02
4.7437708171004278e+00 -1.0728929217838974e-02
4.7443544361306165e+00 -1.0719770539113023e-02
4.7449380551608051e+00 -1.0710619587453717e-02
4.7455216741909929e+00 -1.0701476356500990e-02
4.7461052932211816e+00 -1.0692340839899705e-02
4.7466889122513702e+00 -1.0683213031299744e-02
4.7472725312815580e+00 -1.0674092924355887e-02
4.7478561503117467e+00 -1.0664980512727856e-02
4.7484397693419353e+00 -1.0655875790080316e-02
4.7490233883721231e+00 -1.0646778750082910e-02
4.7496070074023118e+00 -1.0637689386410170e-02
4.7501906264325005e+00 -1.0628607692741548e-02
4.7507742454626882e+00 -1.0619533662761482e-02
4.7513578644928769e+00 -1.0610467290159280e-02
4.7519414835230656e+00 -1.0601408568629180e-02
4.7525251025532533e+00 -1.0592357491870366e-02
4.7531087215834420e+00 -1.0583314053586900e-02
4.7536923406136307e+00 -1.0574278247487769e-02
4.7542759596438184e+00 -1.0565250067286893e-02
4.7548595786740071e+00 -1.0556229506703022e-02
4.7554431977041958e+00 -1.0547216559459883e-02
4.7560268167343835e+00 -1.0538211219286091e-02
4.7566104357645722e+00 -1.0529213479915082e-02
4.7571940547947609e+00 -1.0520223335085269e-02
4.7577776738249486e+00 -1.0511240778539939e-02
4.7583612928551373e+00 -1.0502265804027197e-02
4.7589449118853260e+00 -1.0493298405300083e-02
4.7595285309155138e+00 -1.0484338576116546e-02
4.7601121499457033e+00 -1.0475386310239298e-02
4.7606957689758911e+00 -1.0466441601436047e-02
4.7612793880060789e+00 -1.0457504443479305e-02
4.7618630070362684e+00 -1.0448574830146405e-02
4.7624466260664562e+00 -1.0439652755219664e-02
4.7630302450966440e+00 -1.0430738212486124e-02
4.7636138641268335e+00 -1.0421831195737738e-02
4.7641974831570213e+00 -1.0412931698771362e-02
4.7647811021872091e+00 -1.0404039715388605e-02
4.7653647212173986e+00 -1.0395155239395947e-02
4.7659483402475864e+00 -1.0386278264604787e-02
4.7665319592777742e+00 -1.0377408784831245e-02
4.7671155783079637e+00 -1.0368546793896313e-02
4.7676991973381515e+00 -1.0359692285625903e-02
4.7682828163683402e+00 -1.0350845253850608e-02
4.7688664353985288e+00 -1.0342005692405945e-02
4.7694500544287166e+00 -1.0333173595132248e-02
4.7700336734589053e+00 -1.0324348955874597e-02
4.7706172924890939e+00 -1.0315531768482969e-02
4.7712009115192817e+00 -1.0306722026812105e-02
4.7717845305494704e+00 -1.0297919724721554e-02
4.7723681495796590e+00 -1.0289124856075700e-02
4.7729517686098468e+00 -1.0280337414743702e-02
4.7735353876400355e+00 -1.0271557394599510e-02
4.7741190066702242e+00 -1.0262784789521907e-02
4.7747026257004119e+00 -1.0254019593394427e-02
4.7752862447306006e+00 -1.0245261800105392e-02
4.7758698637607893e+00 -1.0236511403547956e-02
4.7764534827909770e+00 -1.0227768397620010e-02
4.7770371018211657e+00 -1.0219032776224209e-02
4.7776207208513544e+00 -1.0210304533268046e-02
4.7782043398815421e+00 -1.0201583662663735e-02
4.7787879589117308e+00 -1.0192870158328269e-02
4.7793715779419195e+00 -1.0184164014183390e-02
4.7799551969721072e+00 -1.0175465224155650e-02
4.7805388160022959e+00 -1.0166773782176326e-02
4.7811224350324846e+00 -1.0158089682181423e-02
4.7817060540626724e+00 -1.0149412918111765e-02
4.7822896730928610e+00 -1.0140743483912872e-02
4.7828732921230497e+00 -1.0132081373535017e-02
4.7834569111532375e+00 -1.0123426580933240e-02
4.7840405301834261e+00 -1.0114779100067297e-02
4.7846241492136148e+00 -1.0106138924901677e-02
4.7852077682438026e+00 -1.0097506049405633e-02
4.7857913872739912e+00 -1.0088880467553086e-02
4.7863750063041799e+00 -1.0080262173322743e-02
4.7869586253343677e+00 -1.0071651160698032e-02
4.7875422443645563e+00 -1.0063047423667034e-02
4.7881258633947450e+00 -1.0054450956222614e-02
4.7887094824249328e+00 -1.0045861752362353e-02
4.7892931014551214e+00 -1.0037279806088470e-02
4.7898767204853101e+00 -1.0028705111407949e-02
4.7904603395154979e+00 -1.0020137662332498e-02
4.7910439585456865e+00 -1.0011577452878444e-02
4.7916275775758752e+00 -1.0003024477066870e-02
4.7922111966060630e+00 -9.9944787289235702e-03
4.7927948156362516e+00 -9.9859402024789524e-03
4.7933784346664403e+00 -9.9774088917681733e-03
4.7939620536966281e+00 -9.9688847908310854e-03
4.7945456727268176e+00 -9.9603678937121333e-03
4.7951292917570054e+00 -9.9518581944605649e-03
4.7957129107871932e+00 -9.9433556871301905e-03
4.7962965298173827e+00 -9.9348603657795249e-03
4.7968801488475705e+00 -9.9263722244718154e-03
4.7974637678777583e+00 -9.9178912572748714e-03
4.7980473869079479e+00 -9.9094174582612000e-03
4.7986310059381356e+00 -9.9009508215080408e-03
4.7992146249683234e+00 -9.8924913410971746e-03
4.7997982439985130e+00 -9.8840390111150575e-03
4.8003818630287007e+00 -9.8755938256528935e-03
4.8009654820588885e+00 -9.8671557788064003e-03
4.8015491010890781e+00 -9.8587248646759846e-03
4.8021327201192658e+00 -9.8503010773667576e-03
4.8027163391494545e+00 -9.8418844109883497e-03
4.8032999581796432e+00 -9.8334748596551145e-03
4.8038835772098309e+00 -9.8250724174859874e-03
4.8044671962400196e+00 -9.8166770786045354e-03
4.8050508152702083e+00 -9.8082888371389797e-03
4.8056344343003961e+00 -9.7999076872221196e-03
4.8062180533305847e+00 -9.7915336229913736e-03
4.8068016723607734e+00 -9.7831666385888132e-03
4.8073852913909612e+00 -9.7748067281610857e-03
4.8079689104211498e+00 -9.7664538858594253e-03
4.8085525294513385e+00 -9.7581081058397291e-03
4.8091361484815263e+00 -9.7497693822624458e-03
4.8097197675117149e+00 -9.7414377092926285e-03
4.8103033865419036e+00 -9.7331130810999200e-03
4.8108870055720914e+00 -9.7247954918585899e-03
4.8114706246022800e+00 -9.7164849357474596e-03
4.8120542436324687e+00 -9.7081814069499197e-03
4.8126378626626565e+00 -9.6998848996539943e-03
4.8132214816928451e+00 -9.6915954080522403e-03
4.8138051007230338e+00 -9.6833129263417961e-03
4.8143887197532216e+00 -9.6750374487243936e-03
4.8149723387834102e+00 -9.6667689694063131e-03
4.8155559578135989e+00 -9.6585074825983885e-03
4.8161395768437867e+00 -9.6502529825160544e-03
4.8167231958739753e+00 -9.6420054633792659e-03
4.8173068149041640e+00 -9.6337649194125404e-03
4.8178904339343518e+00 -9.6255313448449786e-03
4.8184740529645405e+00 -9.6173047339101654e-03
4.8190576719947291e+00 -9.6090850808462931e-03
4.8196412910249169e+00 -9.6008723798960988e-03
4.8202249100551056e+00 -9.5926666253067869e-03
4.8208085290852942e+00 -9.5844678113301621e-03
4.8213921481154820e+00 -9.5762759322225739e-03
4.8219757671456707e+00 -9.5680909822448285e-03
4.8225593861758593e+00 -9.5599129556623204e-03
4.8231430052060471e+00 -9.5517418467449718e-03
4.8237266242362358e+00 -9.5435776497671612e-03
4.8243102432664244e+00 -9.5354203590078419e-03
4.8248938622966122e+00 -9.5272699687504962e-03
4.8254774813268009e+00 -9.5191264732830336e-03
4.8260611003569895e+00 -9.5109898668979641e-03
4.8266447193871773e+00 -9.5028601438922403e-03
4.8272283384173660e+00 -9.4947372985673285e-03
4.8278119574475546e+00 -9.4866213252292313e-03
4.8283955764777424e+00 -9.4785122181883959e-03
4.8289791955079320e+00 -9.4704099717597603e-03
4.8295628145381198e+00 -9.4623145802628372e-03
4.8301464335683075e+00 -9.4542260380215057e-03
4.8307300525984971e+00 -9.4461443393641688e-03
4.8313136716286849e+00 -9.4380694786237868e-03
4.8318972906588726e+00 -9.4300014501376775e-03
4.8324809096890622e+00 -9.4219402482476795e-03
4.8330645287192500e+00 -9.4138858673001556e-03
4.8336481477494377e+00 -9.4058383016458434e-03
4.8342317667796273e+00 -9.3977975456399892e-03
4.8348153858098151e+00 -9.3897635936423147e-03
4.8353990048400028e+00 -9.3817364400169689e-03
4.8359826238701924e+00 -9.3737160791325623e-03
4.8365662429003802e+00 -9.3657025053621706e-03
4.8371498619305688e+00 -9.3576957130832930e-03
4.8377334809607575e+00 -9.3496956966779097e-03
4.8383170999909453e+00 -9.3417024505324086e-03
4.8389007190211339e+00 -9.3337159690376099e-03
4.8394843380513226e+00 -9.3257362465888182e-03
4.8400679570815104e+00 -9.3177632775857198e-03
4.8406515761116991e+00 -9.3097970564324558e-03
4.8412351951418877e+00 -9.3018375775375684e-03
4.8418188141720755e+00 -9.2938848353140632e-03
4.8424024332022642e+00 -9.2859388241793381e-03
4.8429860522324528e+00 -9.2779995385551886e-03
4.8435696712626406e+00 -9.2700669728678770e-03
4.8441532902928293e+00 -9.2621411215480318e-03
4.8447369093230179e+00 -9.2542219790306950e-03
4.8453205283532057e+00 -9.2463095397553388e-03
4.8459041473833944e+00 -9.2384037981658052e-03
4.8464877664135830e+00 -9.2305047487103390e-03
4.8470713854437708e+00 -9.2226123858416050e-03
4.8476550044739595e+00 -9.2147267040166327e-03
4.8482386235041481e+00 -9.2068476976968402e-03
4.8488222425343359e+00 -9.1989753613480694e-03
4.8494058615645246e+00 -9.1911096894404694e-03
4.8499894805947132e+00 -9.1832506764486371e-03
4.8505730996249010e+00 -9.1753983168515497e-03
4.8511567186550897e+00 -9.1675526051324813e-03
4.8517403376852783e+00 -9.1597135357791432e-03
4.8523239567154661e+00 -9.1518811032836253e-03
4.8529075757456548e+00 -9.1440553021423024e-03
4.8534911947758435e+00 -9.1362361268559761e-03
4.8540748138060312e+00 -9.1284235719298161e-03
4.8546584328362199e+00 -9.1206176318732752e-03
4.8552420518664086e+00 -9.1128183012002123e-03
4.8558256708965963e+00 -9.1050255744288561e-03
4.8564092899267850e+00 -9.0972394460816959e-03
4.8569929089569737e+00 -9.0894599106856547e-03
4.8575765279871614e+00 -9.0816869627719336e-03
4.8581601470173501e+00 -9.0739205968760842e-03
4.8587437660475388e+00 -9.0661608075380193e-03
4.8593273850777265e+00 -9.0584075893019519e-03
4.8599110041079152e+00 -9.0506609367164079e-03
4.8604946231381039e+00 -9.0429208443342894e-03
4.8610782421682917e+00 -9.0351873067127733e-03
4.8616618611984812e+00 -9.0274603184133419e-03
4.8622454802286690e+00 -9.0197398740018784e-03
4.8628290992588568e+00 -9.0120259680484729e-03
4.8634127182890463e+00 -9.0043185951275573e-03
4.8639963373192341e+00 -8.9966177498179301e-03
4.8645799563494219e+00 -8.9889234267026032e-03
4.8651635753796114e+00 -8.9812356203689218e-03
4.8657471944097992e+00 -8.9735543254085542e-03
4.8663308134399870e+00 -8.9658795364174256e-03
4.8669144324701765e+00 -8.9582112479957617e-03
4.8674980515003643e+00 -8.9505494547480885e-03
4.8680816705305521e+00 -8.9428941512831976e-03
4.8686652895607416e+00 -8.9352453322141569e-03
4.8692489085909294e+00 -8.9276029921583535e-03
4.8698325276211172e+00 -8.9199671257373988e-03
4.8704161466513067e+00 -8.9123377275771853e-03
4.8709997656814945e+00 -8.9047147923079131e-03
4.8715833847116832e+00 -8.8970983145639990e-03
4.8721670037418718e+00 -8.8894882889841570e-03
4.8727506227720596e+00 -8.8818847102113425e-03
4.8733342418022483e+00 -8.8742875728927695e-03
4.8739178608324369e+00 -8.8666968716798935e-03
4.8745014798626247e+00 -8.8591126012284617e-03
4.8750850988928134e+00 -8.8515347561984228e-03
4.8756687179230020e+00 -8.8439633312539876e-03
4.8762523369531898e+00 -8.8363983210636207e-03
4.8768359559833785e+00 -8.8288397203000069e-03
4.8774195750135672e+00 -8.8212875236400607e-03
4.8780031940437549e+00 -8.8137417257649533e-03
4.8785868130739436e+00 -8.8062023213600817e-03
4.8791704321041323e+00 -8.7986693051150238e-03
4.8797540511343200e+00 -8.7911426717236698e-03
4.8803376701645087e+00 -8.7836224158840126e-03
4.8809212891946974e+00 -8.7761085322983629e-03
4.8815049082248851e+00 -8.7686010156732275e-03
4.8820885272550738e+00 -8.7610998607192490e-03
4.8826721462852625e+00 -8.7536050621513720e-03
4.8832557653154502e+00 -8.7461166146887235e-03
4.8838393843456389e+00 -8.7386345130545610e-03
4.8844230033758276e+00 -8.7311587519764370e-03
4.8850066224060154e+00 -8.7236893261860779e-03
4.8855902414362040e+00 -8.7162262304193265e-03
4.8861738604663927e+00 -8.7087694594163122e-03
4.8867574794965805e+00 -8.7013190079213206e-03
4.8873410985267691e+00 -8.6938748706827853e-03
4.8879247175569578e+00 -8.6864370424533707e-03
4.8885083365871456e+00 -8.6790055179898889e-03
4.8890919556173342e+00 -8.6715802920533276e-03
4.8896755746475229e+00 -8.6641613594088708e-03
4.8902591936777107e+00 -8.6567487148258449e-03
4.8908428127078993e+00 -8.6493423530777467e-03
4.8914264317380880e+00 -8.6419422689422570e-03
4.8920100507682758e+00 -8.6345484572011907e-03
4.8925936697984644e+00 -8.6271609126405222e-03
4.8931772888286531e+00 -8.6197796300504070e-03
4.8937609078588409e+00 -8.6124046042251184e-03
4.8943445268890295e+00 -8.6050358299630883e-03
4.8949281459192182e+00 -8.5976733020669098e-03
4.8955117649494060e+00 -8.5903170153432962e-03
4.8960953839795955e+00 -8.5829669646031032e-03
4.8966790030097833e+00 -8.5756231446613429e-03
4.8972626220399711e+00 -8.5682855503371371e-03
4.8978462410701606e+00 -8.5609541764537361e-03
4.8984298601003484e+00 -8.5536290178385432e-03
4.8990134791305362e+00 -8.5463100693230695e-03
4.8995970981607257e+00 -8.5389973257429287e-03
4.9001807171909135e+00 -8.5316907819378944e-03
4.9007643362211013e+00 -8.5243904327518237e-03
4.9013479552512909e+00 -8.5170962730326885e-03
4.9019315742814786e+00 -8.5098082976325894e-03
4.9025151933116664e+00 -8.5025265014077207e-03
4.9030988123418560e+00 -8.4952508792183520e-03
4.9036824313720437e+00 -8.4879814259289175e-03
4.9042660504022324e+00 -8.4807181364078988e-03
4.9048496694324211e+00 -8.4734610055278697e-03
4.9054332884626088e+00 -8.4662100281655481e-03
4.9060169074927975e+00 -8.4589651992016783e-03
4.9066005265229862e+00 -8.4517265135211038e-03
4.9071841455531739e+00 -8.4444939660128053e-03
4.9077677645833626e+00 -8.4372675515697691e-03
4.9083513836135513e+00 -8.4300472650890804e-03
4.9089350026437391e+00 -8.4228331014719431e-03
4.9095186216739277e+00 -8.4156250556235851e-03
4.9101022407041164e+00 -8.4084231224532888e-03
4.9106858597343042e+00 -8.4012272968744771e-03
4.9112694787644928e+00 -8.3940375738045230e-03
4.9118530977946815e+00 -8.3868539481649629e-03
4.9124367168248693e+00 -8.3796764148813610e-03
4.9130203358550579e+00 -8.3725049688832646e-03
4.9136039548852466e+00 -8.3653396051043705e-03
4.9141875739154344e+00 -8.3581803184823930e-03
4.9147711929456230e+00 -8.3510271039590276e-03
4.9153548119758117e+00 -8.3438799564800985e-03
4.9159384310059995e+00 -8.3367388709954422e-03
4.9165220500361881e+00 -8.3296038424588784e-03
4.9171056690663768e+00 -8.3224748658283273e-03
4.9176892880965646e+00 -8.3153519360657305e-03
4.9182729071267532e+00 -8.3082350481370054e-03
4.9188565261569419e+00 -8.3011241970121444e-03
4.9194401451871297e+00 -8.2940193776651593e-03
4.9200237642173184e+00 -8.2869205850740341e-03
4.9206073832475070e+00 -8.2798278142208193e-03
4.9211910022776948e+00 -8.2727410600915551e-03
4.9217746213078835e+00 -8.2656603176762804e-03
4.9223582403380721e+00 -8.2585855819690742e-03
4.9229418593682599e+00 -8.2515168479679862e-03
4.9235254783984486e+00 -8.2444541106750785e-03
4.9241090974286372e+00 -8.2373973650964188e-03
4.9246927164588250e+00 -8.2303466062420595e-03
4.9252763354890137e+00 -8.2233018291260427e-03
4.9258599545192023e+00 -8.2162630287664178e-03
4.9264435735493901e+00 -8.2092302001852014e-03
4.9270271925795788e+00 -8.2022033384083967e-03
4.9276108116097674e+00 -8.1951824384659862e-03
4.9281944306399552e+00 -8.1881674953919494e-03
4.9287780496701439e+00 -8.1811585042242171e-03
4.9293616687003325e+00 -8.1741554600046912e-03
4.9299452877305203e+00 -8.1671583577792688e-03
4.9305289067607099e+00 -8.1601671925977774e-03
4.9311125257908976e+00 -8.1531819595140383e-03
4.9316961448210854e+00 -8.1462026535858208e-03
4.9322797638512750e+00 -8.1392292698748391e-03
4.9328633828814628e+00 -8.1322618034467883e-03
4.9334470019116505e+00 -8.1253002493712981e-03
4.9340306209418401e+00 -8.1183446027219275e-03
4.9346142399720279e+00 -8.1113948585762319e-03
4.9351978590022156e+00 -8.1044510120156753e-03
4.9357814780324052e+00 -8.0975130581256334e-03
4.9363650970625930e+00 -8.0905809919955083e-03
4.9369487160927807e+00 -8.0836548087185531e-03
4.9375323351229703e+00 -8.0767345033919500e-03
4.9381159541531581e+00 -8.0698200711168989e-03
4.9386995731833467e+00 -8.0629115069984301e-03
4.9392831922135354e+00 -8.0560088061455270e-03
4.9398668112437232e+00 -8.0491119636711267e-03
4.9404504302739118e+00 -8.0422209746920468e-03
4.9410340493041005e+00 -8.0353358343290028e-03
4.9416176683342883e+00 -8.0284565377066776e-03
4.9422012873644769e+00 -8.0215830799536224e-03
4.9427849063946656e+00 -8.0147154562022951e-03
4.9433685254248534e+00 -8.0078536615890913e-03
4.9439521444550421e+00 -8.0009976912542337e-03
4.9445357634852307e+00 -7.9941475403419223e-03
4.9451193825154185e+00 -7.9873032040002311e-03
4.9457030015456072e+00 -7.9804646773810640e-03
4.9462866205757958e+00 -7.9736319556402944e-03
4.9468702396059836e+00 -7.9668050339376656e-03
4.9474538586361723e+00 -7.9599839074367355e-03
4.9480374776663609e+00 -7.9531685713050276e-03
4.9486210966965487e+00 -7.9463590207139168e-03
4.9492047157267374e+00 -7.9395552508386182e-03
4.9497883347569260e+00 -7.9327572568582520e-03
4.9503719537871138e+00 -7.9259650339558192e-03
4.9509555728173025e+00 -7.9191785773181315e-03
4.9515391918474911e+00 -7.9123978821359284e-03
4.9521228108776789e+00 -7.9056229436037656e-03
4.9527064299078676e+00 -7.8988537569200674e-03
4.9532900489380562e+00 -7.8920903172871280e-03
4.9538736679682440e+00 -7.8853326199110740e-03
4.9544572869984327e+00 -7.8785806600018844e-03
4.9550409060286214e+00 -7.8718344327733964e-03
4.9556245250588091e+00 -7.8650939334432776e-03
4.9562081440889978e+00 -7.8583591572330379e-03
4.9567917631191865e+00 -7.8516300993680295e-03
4.9573753821493742e+00 -7.8449067550774420e-03
4.9579590011795629e+00 -7.8381891195942847e-03
4.9585426202097516e+00 -7.8314771881553974e-03
4.9591262392399393e+00 -7.8247709560014724e-03
4.9597098582701280e+00 -7.8180704183769892e-03
4.9602934773003167e+00 -7.8113755705302660e-03
4.9608770963305044e+00 -7.8046864077134437e-03
4.9614607153606931e+00 -7.7980029251824706e-03
4.9620443343908818e+00 -7.7913251181970971e-03
4.9626279534210695e+00 -7.7846529820209112e-03
4.9632115724512582e+00 -7.7779865119212846e-03
4.9637951914814469e+00 -7.7713257031693907e-03
4.9643788105116347e+00 -7.7646705510402260e-03
4.9649624295418242e+00 -7.7580210508125603e-03
4.9655460485720120e+00 -7.7513771977689837e-03
4.9661296676021998e+00 -7.7447389871958651e-03
4.9667132866323893e+00 -7.7381064143833313e-03
4.9672969056625771e+00 -7.7314794746253827e-03
4.9678805246927649e+00 -7.7248581632197218e-03
4.9684641437229544e+00 -7.7182424754678389e-03
4.9690477627531422e+00 -7.7116324066750690e-03
4.9696313817833300e+00 -7.7050279521504736e-03
4.9702150008135195e+00 -7.6984291072068464e-03
4.9707986198437073e+00 -7.6918358671608563e-03
4.9713822388738951e+00 -7.6852482273328717e-03
4.9719658579040846e+00 -7.6786661830469888e-03
4.9725494769342724e+00 -7.6720897296311706e-03
4.9731330959644611e+00 -7.6655188624170610e-03
4.9737167149946497e+00 -7.6589535767400737e-03
4.9743003340248375e+00 -7.6523938679394152e-03
4.9748839530550262e+00 -7.6458397313579618e-03
4.9754675720852148e+00 -7.6392911623424237e-03
4.9760511911154026e+00 -7.6327481562432345e-03
4.9766348101455913e+00 -7.6262107084145115e-03
4.9772184291757799e+00 -7.6196788142141895e-03
4.9778020482059677e+00 -7.6131524690039266e-03
4.9783856672361564e+00 -7.6066316681490456e-03
4.9789692862663451e+00 -7.6001164070186944e-03
4.9795529052965328e+00 -7.5936066809857063e-03
4.9801365243267215e+00 -7.5871024854266226e-03
4.9807201433569102e+00 -7.5806038157217393e-03
4.9813037623870979e+00 -7.5741106672550787e-03
4.9818873814172866e+00 -7.5676230354143354e-03
4.9824710004474753e+00 -7.5611409155909685e-03
4.9830546194776630e+00 -7.5546643031801251e-03
4.9836382385078517e+00 -7.5481931935806584e-03
4.9842218575380404e+00 -7.5417275821951495e-03
4.9848054765682281e+00 -7.5352674644298670e-03
4.9853890955984168e+00 -7.5288128356947757e-03
4.9859727146286055e+00 -7.5223636914035618e-03
4.9865563336587932e+00 -7.5159200269735897e-03
4.9871399526889819e+00 -7.5094818378259121e-03
4.9877235717191706e+00 -7.5030491193852945e-03
4.9883071907493584e+00 -7.4966218670801726e-03
4.9888908097795470e+00 -7.4902000763426716e-03
4.9894744288097357e+00 -7.4837837426085909e-03
4.9900580478399235e+00 -7.4773728613174309e-03
4.9906416668701121e+00 -7.4709674279123525e-03
4.9912252859003008e+00 -7.4645674378401852e-03
4.9918089049304886e+00 -7.4581728865514511e-03
4.9923925239606772e+00 -7.4517837695003229e-03
4.9929761429908659e+00 -7.4454000821446396e-03
4.9935597620210537e+00 -7.4390218199459216e-03
4.9941433810512423e+00 -7.4326489783693292e-03
4.9947270000814310e+00 -7.4262815528836823e-03
4.9953106191116188e+00 -7.4199195389614775e-03
4.9958942381418074e+00 -7.4135629320788380e-03
4.9964778571719961e+00 -7.4072117277155453e-03
4.9970614762021839e+00 -7.4008659213550473e-03
4.9976450952323734e+00 -7.3945255084843769e-03
4.9982287142625612e+00 -7.3881904845943076e-03
4.9988123332927490e+00 -7.3818608451791650e-03
4.9993959523229385e+00 -7.3755365857369149e-03
4.9999795713531263e+00 -7.3692177017692286e-03
5.0005631903833141e+00 -7.3629041887813534e-03
5.0011468094135036e+00 -7.3565960422821292e-03
5.0017304284436914e+00 -7.3502932577841152e-03
5.0023140474738792e+00 -7.3439958308034389e-03
5.0028976665040688e+00 -7.3377037568598041e-03
5.0034812855342565e+00 -7.3314170314766345e-03
5.0040649045644443e+00 -7.3251356501809056e-03
5.0046485235946339e+00 -7.3188596085031650e-03
5.0052321426248216e+00 -7.3125889019776862e-03
5.0058157616550094e+00 -7.3063235261422331e-03
5.0063993806851990e+00 -7.3000634765382176e-03
5.0069829997153867e+00 -7.2938087487107034e-03
5.0075666187455754e+00 -7.2875593382082477e-03
5.0081502377757641e+00 -7.2813152405830969e-03
5.0087338568059518e+00 -7.2750764513910644e-03
5.0093174758361405e+00 -7.2688429661914994e-03
5.0099010948663292e+00 -7.2626147805474181e-03
5.0104847138965170e+00 -7.2563918900253929e-03
5.0110683329267056e+00 -7.2501742901955480e-03
5.0116519519568943e+00 -7.2439619766316264e-03
5.0122355709870821e+00 -7.2377549449109471e-03
5.0128191900172707e+00 -7.2315531906143628e-03
5.0134028090474594e+00 -7.2253567093263499e-03
5.0139864280776472e+00 -7.2191654966349212e-03
5.0145700471078358e+00 -7.2129795481316577e-03
5.0151536661380245e+00 -7.2067988594117279e-03
5.0157372851682123e+00 -7.2006234260738357e-03
5.0163209041984009e+00 -7.1944532437202479e-03
5.0169045232285896e+00 -7.1882883079568034e-03
5.0174881422587774e+00 -7.1821286143928771e-03
5.0180717612889660e+00 -7.1759741586413959e-03
5.0186553803191547e+00 -7.1698249363188488e-03
5.0192389993493425e+00 -7.1636809430452560e-03
5.0198226183795311e+00 -7.1575421744441755e-03
5.0204062374097198e+00 -7.1514086261427285e-03
5.0209898564399076e+00 -7.1452802937715552e-03
5.0215734754700962e+00 -7.1391571729648292e-03
5.0221570945002849e+00 -7.1330392593602597e-03
5.0227407135304727e+00 -7.1269265485990954e-03
5.0233243325606614e+00 -7.1208190363260997e-03
5.0239079515908500e+00 -7.1147167181895557e-03
5.0244915706210378e+00 -7.1086195898412896e-03
5.0250751896512265e+00 -7.1025276469366258e-03
5.0256588086814151e+00 -7.0964408851344040e-03
5.0262424277116029e+00 -7.0903593000970011e-03
5.0268260467417916e+00 -7.0842828874902791e-03
5.0274096657719802e+00 -7.0782116429836135e-03
5.0279932848021680e+00 -7.0721455622499091e-03
5.0285769038323567e+00 -7.0660846409655292e-03
5.0291605228625453e+00 -7.0600288748103755e-03
5.0297441418927331e+00 -7.0539782594678463e-03
5.0303277609229218e+00 -7.0479327906248024e-03
5.0309113799531104e+00 -7.0418924639716234e-03
5.0314949989832982e+00 -7.0358572752022017e-03
5.0320786180134878e+00 -7.0298272200138385e-03
5.0326622370436755e+00 -7.0238022941074181e-03
5.0332458560738633e+00 -7.0177824931872525e-03
5.0338294751040529e+00 -7.0117678129610981e-03
5.0344130941342407e+00 -7.0057582491402795e-03
5.0349967131644284e+00 -6.9997537974395398e-03
5.0355803321946180e+00 -6.9937544535770566e-03
5.0361639512248058e+00 -6.9877602132745829e-03
5.0367475702549935e+00 -6.9817710722572318e-03
5.0373311892851831e+00 -6.9757870262536197e-03
5.0379148083153709e+00 -6.9698080709958751e-03
5.0384984273455586e+00 -6.9638342022194958e-03
5.0390820463757482e+00 -6.9578654156634747e-03
5.0396656654059360e+00 -6.9519017070703093e-03
5.0402492844361246e+00 -6.9459430721858480e-03
5.0408329034663133e+00 -6.9399895067594666e-03
5.0414165224965011e+00 -6.9340410065439704e-03
5.0420001415266897e+00 -6.9280975672955710e-03
5.0425837605568784e+00 -6.9221591847739607e-03
5.0431673795870662e+00 -6.9162258547422672e-03
5.0437509986172548e+00 -6.9102975729670186e-03
5.0443346176474435e+00 -6.9043743352182139e-03
5.0449182366776313e+00 -6.8984561372692774e-03
5.0455018557078199e+00 -6.8925429748970309e-03
5.0460854747380086e+00 -6.8866348438817570e-03
5.0466690937681964e+00 -6.8807317400071417e-03
5.0472527127983851e+00 -6.8748336590602910e-03
5.0478363318285737e+00 -6.8689405968317416e-03
5.0484199508587615e+00 -6.8630525491154299e-03
5.0490035698889502e+00 -6.8571695117087073e-03
5.0495871889191388e+00 -6.8512914804123477e-03
5.0501708079493266e+00 -6.8454184510305166e-03
5.0507544269795153e+00 -6.8395504193707827e-03
5.0513380460097039e+00 -6.8336873812441376e-03
5.0519216650398917e+00 -6.8278293324649511e-03
5.0525052840700804e+00 -6.8219762688509974e-03
5.0530889031002690e+00 -6.8161281862234397e-03
5.0536725221304568e+00 -6.8102850804068471e-03
5.0542561411606455e+00 -6.8044469472291645e-03
5.0548397601908341e+00 -6.7986137825217213e-03
5.0554233792210219e+00 -6.7927855821192486e-03
5.0560069982512106e+00 -6.7869623418598413e-03
5.0565906172813992e+00 -6.7811440575849743e-03
5.0571742363115870e+00 -6.7753307251395148e-03
5.0577578553417757e+00 -6.7695223403716866e-03
5.0583414743719644e+00 -6.7637188991330859e-03
5.0589250934021521e+00 -6.7579203972787018e-03
5.0595087124323408e+00 -6.7521268306668467e-03
5.0600923314625295e+00 -6.7463381951592318e-03
5.0606759504927172e+00 -6.7405544866209303e-03
5.0612595695229059e+00 -6.7347757009203367e-03
5.0618431885530946e+00 -6.7290018339292365e-03
5.0624268075832823e+00 -6.7232328815227862e-03
5.0630104266134710e+00 -6.7174688395794276e-03
5.0635940456436597e+00 -6.7117097039809965e-03
5.0641776646738474e+00 -6.7059554706127037e-03
5.0647612837040361e+00 -6.7002061353630205e-03
5.0653449027342248e+00 -6.6944616941238197e-03
5.0659285217644126e+00 -6.6887221427903319e-03
5.0665121407946021e+00 -6.6829874772610315e-03
5.0670957598247899e+00 -6.6772576934378365e-03
5.0676793788549777e+00 -6.6715327872259381e-03
5.0682629978851672e+00 -6.6658127545338192e-03
5.0688466169153550e+00 -6.6600975912733916e-03
5.0694302359455428e+00 -6.6543872933597899e-03
5.0700138549757323e+00 -6.6486818567115013e-03
5.0705974740059201e+00 -6.6429812772503876e-03
5.0711810930361079e+00 -6.6372855509015376e-03
5.0717647120662974e+00 -6.6315946735933896e-03
5.0723483310964852e+00 -6.6259086412577359e-03
5.0729319501266730e+00 -6.6202274498296156e-03
5.0735155691568625e+00 -6.6145510952473723e-03
5.0740991881870503e+00 -6.6088795734527243e-03
5.0746828072172390e+00 -6.6032128803906074e-03
5.0752664262474276e+00 -6.5975510120093016e-03
5.0758500452776154e+00 -6.5918939642603857e-03
5.0764336643078041e+00 -6.5862417330986934e-03
5.0770172833379927e+00 -6.5805943144823910e-03
5.0776009023681805e+00 -6.5749517043729106e-03
5.0781845213983692e+00 -6.5693138987349686e-03
5.0787681404285578e+00 -6.5636808935365856e-03
5.0793517594587456e+00 -6.5580526847490396e-03
5.0799353784889343e+00 -6.5524292683468910e-03
5.0805189975191229e+00 -6.5468106403079943e-03
5.0811026165493107e+00 -6.5411967966134540e-03
5.0816862355794994e+00 -6.5355877332476543e-03
5.0822698546096881e+00 -6.5299834461982550e-03
5.0828534736398758e+00 -6.5243839314561743e-03
5.0834370926700645e+00 -6.5187891850155910e-03
5.0840207117002532e+00 -6.5131992028739476e-03
5.0846043307304409e+00 -6.5076139810319542e-03
5.0851879497606296e+00 -6.5020335154935627e-03
5.0857715687908183e+00 -6.4964578022659800e-03
5.0863551878210060e+00 -6.4908868373596794e-03
5.0869388068511947e+00 -6.4853206167883671e-03
5.0875224258813834e+00 -6.4797591365689930e-03
5.0881060449115711e+00 -6.4742023927217710e-03
5.0886896639417598e+00 -6.4686503812701355e-03
5.0892732829719485e+00 -6.4631030982407623e-03
5.0898569020021363e+00 -6.4575605396635805e-03
5.0904405210323249e+00 -6.4520227015717321e-03
5.0910241400625136e+00 -6.4464895800015942e-03
5.0916077590927014e+00 -6.4409611709927957e-03
5.0921913781228900e+00 -6.4354374705881505e-03
5.0927749971530787e+00 -6.4299184748337250e-03
5.0933586161832665e+00 -6.4244041797788297e-03
5.0939422352134551e+00 -6.4188945814759269e-03
5.0945258542436438e+00 -6.4133896759807447e-03
5.0951094732738316e+00 -6.4078894593522463e-03
5.0956930923040202e+00 -6.4023939276525348e-03
5.0962767113342089e+00 -6.3969030769469738e-03
5.0968603303643967e+00 -6.3914169033041533e-03
5.0974439493945853e+00 -6.3859354027957956e-03
5.0980275684247740e+00 -6.3804585714968814e-03
5.0986111874549618e+00 -6.3749864054856034e-03
5.0991948064851504e+00 -6.3695189008432787e-03
5.0997784255153391e+00 -6.3640560536545052e-03
5.1003620445455269e+00 -6.3585978600070115e-03
5.1009456635757164e+00 -6.3531443159917239e-03
5.1015292826059042e+00 -6.3476954177028094e-03
5.1021129016360920e+00 -6.3422511612375564e-03
5.1026965206662815e+00 -6.3368115426964368e-03
5.1032801396964693e+00 -6.3313765581831730e-03
5.1038637587266571e+00 -6.3259462038045902e-03
5.1044473777568466e+00 -6.3205204756706960e-03
5.1050309967870344e+00 -6.3150993698947340e-03
5.1056146158172231e+00 -6.3096828825930425e-03
5.1061982348474109e+00 -6.3042710098851849e-03
5.1067818538775995e+00 -6.2988637478938294e-03
5.1073654729077882e+00 -6.2934610927448693e-03
5.1079490919379760e+00 -6.2880630405673377e-03
5.1085327109681646e+00 -6.2826695874933980e-03
5.1091163299983533e+00 -6.2772807296584054e-03
5.1096999490285411e+00 -6.2718964632008630e-03
5.1102835680587297e+00 -6.2665167842623987e-03
5.1108671870889184e+00 -6.2611416889878160e-03
5.1114508061191062e+00 -6.2557711735250704e-03
5.1120344251492948e+00 -6.2504052340252216e-03
5.1126180441794835e+00 -6.2450438666425100e-03
5.1132016632096722e+00 -6.2396870675343061e-03
5.1137852822398600e+00 -6.2343348328611084e-03
5.1143689012700486e+00 -6.2289871587865508e-03
5.1149525203002373e+00 -6.2236440414773983e-03
5.1155361393304251e+00 -6.2183054771035619e-03
5.1161197583606137e+00 -6.2129714618380585e-03
5.1167033773908024e+00 -6.2076419918570339e-03
5.1172869964209902e+00 -6.2023170633397698e-03
5.1178706154511788e+00 -6.1969966724686560e-03
5.1184542344813675e+00 -6.1916808154291961e-03
5.1190378535115553e+00 -6.1863694884100248e-03
5.1196214725417439e+00 -6.1810626876028750e-03
5.1202050915719326e+00 -6.1757604092025900e-03
5.1207887106021204e+00 -6.1704626494071364e-03
5.1213723296323090e+00 -6.1651694044175713e-03
5.1219559486624977e+00 -6.1598806704380544e-03
5.1225395676926855e+00 -6.1545964436758669e-03
5.1231231867228741e+00 -6.1493167203413518e-03
5.1237068057530628e+00 -6.1440414966479773e-03
5.1242904247832506e+00 -6.1387707688123228e-03
5.1248740438134393e+00 -6.1335045330539991e-03
5.1254576628436279e+00 -6.1282427855957463e-03
5.1260412818738157e+00 -6.1229855226634204e-03
5.1266249009040044e+00 -6.1177327404858860e-03
5.1272085199341930e+00 -6.1124844352951407e-03
5.1277921389643808e+00 -6.1072406033262838e-03
5.1283757579945695e+00 -6.1020012408174165e-03
5.1289593770247581e+00 -6.0967663440097720e-03
5.1295429960549468e+00 -6.0915359091476612e-03
5.1301266150851346e+00 -6.0863099324784302e-03
5.1307102341153232e+00 -6.0810884102525204e-03
5.1312938531455119e+00 -6.0758713387234018e-03
5.1318774721756997e+00 -6.0706587141476616e-03
5.1324610912058883e+00 -6.0654505327849091e-03
5.1330447102360770e+00 -6.0602467908978160e-03
5.1336283292662648e+00 -6.0550474847521274e-03
5.1342119482964534e+00 -6.0498526106166272e-03
5.1347955673266421e+00 -6.0446621647631468e-03
5.1353791863568299e+00 -6.0394761434665869e-03
5.1359628053870185e+00 -6.0342945430048780e-03
5.1365464244172072e+00 -6.0291173596589915e-03
5.1371300434473950e+00 -6.0239445897129614e-03
5.1377136624775837e+00 -6.0187762294538413e-03
5.1382972815077723e+00 -6.0136122751717272e-03
5.1388809005379601e+00 -6.0084527231597656e-03
5.1394645195681488e+00 -6.0032975697141052e-03
5.1400481385983374e+00 -5.9981468111339493e-03
5.1406317576285252e+00 -5.9930004437215353e-03
5.1412153766587139e+00 -5.9878584637820921e-03
5.1417989956889025e+00 -5.9827208676239037e-03
5.1423826147190903e+00 -5.9775876515582747e-03
5.1429662337492790e+00 -5.9724588118994981e-03
5.1435498527794676e+00 -5.9673343449649164e-03
5.1441334718096554e+00 -5.9622142470748818e-03
5.1447170908398441e+00 -5.9570985145527286e-03
5.1453007098700327e+00 -5.9519871437248356e-03
5.1458843289002205e+00 -5.9468801309205833e-03
5.1464679479304092e+00 -5.9417774724723309e-03
5.1470515669605978e+00 -5.9366791647154716e-03
5.1476351859907865e+00 -5.9315852039883744e-03
5.1482188050209743e+00 -5.9264955866324305e-03
5.1488024240511630e+00 -5.9214103089920075e-03
5.1493860430813516e+00 -5.9163293674144675e-03
5.1499696621115394e+00 -5.9112527582501767e-03
5.1505532811417281e+00 -5.9061804778524811e-03
5.1511369001719167e+00 -5.9011125225777042e-03
5.1517205192021045e+00 -5.8960488887851766e-03
5.1523041382322932e+00 -5.8909895728371919e-03
5.1528877572624818e+00 -5.8859345710990220e-03
5.1534713762926696e+00 -5.8808838799389411e-03
5.1540549953228583e+00 -5.8758374957281565e-03
5.1546386143530469e+00 -5.8707954148408785e-03
5.1552222333832347e+00 -5.8657576336543062e-03
5.1558058524134234e+00 -5.8607241485485453e-03
5.1563894714436120e+00 -5.8556949559067156e-03
5.1569730904737998e+00 -5.8506700521149119e-03
5.1575567095039885e+00 -5.8456494335621303e-03
5.1581403285341771e+00 -5.8406330966403732e-03
5.1587239475643649e+00 -5.8356210377446156e-03
5.1593075665945536e+00 -5.8306132532727224e-03
5.1598911856247422e+00 -5.8256097396255577e-03
5.1604748046549300e+00 -5.8206104932069531e-03
5.1610584236851187e+00 -5.8156155104236188e-03
5.1616420427153074e+00 -5.8106247876852871e-03
5.1622256617454951e+00 -5.8056383214045775e-03
5.1628092807756838e+00 -5.8006561079970683e-03
5.1633928998058725e+00 -5.7956781438812935e-03
5.1639765188360611e+00 -5.7907044254786998e-03
5.1645601378662489e+00 -5.7857349492136823e-03
5.1651437568964376e+00 -5.7807697115135580e-03
5.1657273759266262e+00 -5.7758087088085712e-03
5.1663109949568140e+00 -5.7708519375319137e-03
5.1668946139870027e+00 -5.7658993941196775e-03
5.1674782330171913e+00 -5.7609510750108867e-03
5.1680618520473791e+00 -5.7560069766474939e-03
5.1686454710775678e+00 -5.7510670954743605e-03
5.1692290901077564e+00 -5.7461314279392576e-03
5.1698127091379442e+00 -5.7411999704928950e-03
5.1703963281681329e+00 -5.7362727195888561e-03
5.1709799471983215e+00 -5.7313496716836655e-03
5.1715635662285093e+00 -5.7264308232367524e-03
5.1721471852586980e+00 -5.7215161707104226e-03
5.1727308042888867e+00 -5.7166057105699107e-03
5.1733144233190744e+00 -5.7116994392833577e-03
5.1738980423492631e+00 -5.7067973533217664e-03
5.1744816613794518e+00 -5.7018994491590692e-03
5.1750652804096395e+00 -5.6970057232720878e-03
5.1756488994398282e+00 -5.6921161721405107e-03
5.1762325184700169e+00 -5.6872307922469388e-03
5.1768161375002046e+00 -5.6823495800768665e-03
5.1773997565303933e+00 -5.6774725321186359e-03
5.1779833755605820e+00 -5.6725996448635128e-03
5.1785669945907697e+00 -5.6677309148056160e-03
5.1791506136209584e+00 -5.6628663384419506e-03
5.1797342326511471e+00 -5.6580059122724033e-03
5.1803178516813349e+00 -5.6531496327997264e-03
5.1809014707115235e+00 -5.6482974965295380e-03
5.1814850897417122e+00 -5.6434494999703429e-03
5.1820687087719008e+00 -5.6386056396334925e-03
5.1826523278020886e+00 -5.6337659120332222e-03
5.1832359468322773e+00 -5.6289303136866130e-03
5.1838195658624660e+00 -5.6240988411136051e-03
5.1844031848926537e+00 -5.6192714908370302e-03
5.1849868039228424e+00 -5.6144482593825156e-03
5.1855704229530311e+00 -5.6096291432785857e-03
5.1861540419832188e+00 -5.6048141390566322e-03
5.1867376610134075e+00 -5.6000032432508302e-03
5.1873212800435962e+00 -5.5951964523982536e-03
5.1879048990737839e+00 -5.5903937630388326e-03
5.1884885181039726e+00 -5.5855951717152796e-03
5.1890721371341613e+00 -5.5808006749731923e-03
5.1896557561643490e+00 -5.5760102693610198e-03
5.1902393751945377e+00 -5.5712239514299853e-03
5.1908229942247264e+00 -5.5664417177342098e-03
5.1914066132549141e+00 -5.5616635648306273e-03
5.1919902322851028e+00 -5.5568894892789582e-03
5.1925738513152915e+00 -5.5521194876418101e-03
5.1931574703454793e+00 -5.5473535564845994e-03
5.1937410893756679e+00 -5.5425916923755219e-03
5.1943247084058566e+00 -5.5378338918856580e-03
5.1949083274360444e+00 -5.5330801515888674e-03
5.1954919464662330e+00 -5.5283304680618164e-03
5.1960755654964217e+00 -5.5235848378840258e-03
5.1966591845266095e+00 -5.5188432576377972e-03
5.1972428035567981e+00 -5.5141057239082433e-03
5.1978264225869868e+00 -5.5093722332833000e-03
5.1984100416171755e+00 -5.5046427823536859e-03
5.1989936606473632e+00 -5.4999173677129478e-03
5.1995772796775519e+00 -5.4951959859574160e-03
5.2001608987077406e+00 -5.4904786336862138e-03
5.2007445177379283e+00 -5.4857653075012901e-03
5.2013281367681170e+00 -5.4810560040073446e-03
5.2019117557983057e+00 -5.4763507198119067e-03
5.2024953748284934e+00 -5.4716494515252879e-03
5.2030789938586821e+00 -5.4669521957605646e-03
5.2036626128888708e+00 -5.4622589491336217e-03
5.2042462319190586e+00 -5.4575697082631346e-03
5.2048298509492472e+00 -5.4528844697705218e-03
5.2054134699794359e+00 -5.4482032302800203e-03
5.2059970890096237e+00 -5.4435259864186345e-03
5.2065807080398123e+00 -5.4388527348161212e-03
5.2071643270700010e+00 -5.4341834721050334e-03
5.2077479461001888e+00 -5.4295181949206989e-03
5.2083315651303774e+00 -5.4248568999011801e-03
5.2089151841605661e+00 -5.4201995836873464e-03
5.2094988031907539e+00 -5.4155462429228045e-03
5.2100824222209425e+00 -5.4108968742539272e-03
5.2106660412511312e+00 -5.4062514743298583e-03
5.2112496602813190e+00 -5.4016100398024854e-03
5.2118332793115076e+00 -5.3969725673264565e-03
5.2124168983416963e+00 -5.3923390535591791e-03
5.2130005173718841e+00 -5.3877094951608022e-03
5.2135841364020727e+00 -5.3830838887942217e-03
5.2141677554322614e+00 -5.3784622311250979e-03
5.2147513744624501e+00 -5.3738445188218067e-03
5.2153349934926378e+00 -5.3692307485555084e-03
5.2159186125228265e+00 -5.3646209170000597e-03
5.2165022315530152e+00 -5.3600150208320697e-03
5.2170858505832030e+00 -5.3554130567309167e-03
5.2176694696133916e+00 -5.3508150213786507e-03
5.2182530886435803e+00 -5.3462209114600980e-03
5.2188367076737681e+00 -5.3416307236628258e-03
5.2194203267039567e+00 -5.3370444546770764e-03
5.2200039457341454e+00 -5.3324621011958551e-03
5.2205875647643332e+00 -5.3278836599149068e-03
5.2211711837945218e+00 -5.3233091275326381e-03
5.2217548028247105e+00 -5.3187385007502329e-03
5.2223384218548983e+00 -5.3141717762715786e-03
5.2229220408850869e+00 -5.3096089508032369e-03
5.2235056599152756e+00 -5.3050500210545387e-03
5.2240892789454634e+00 -5.3004949837375066e-03
5.2246728979756520e+00 -5.2959438355668345e-03
5.2252565170058407e+00 -5.2913965732599814e-03
5.2258401360360285e+00 -5.2868531935370798e-03
5.2264237550662171e+00 -5.2823136931209463e-03
5.2270073740964058e+00 -5.2777780687371439e-03
5.2275909931265936e+00 -5.2732463171138973e-03
5.2281746121567823e+00 -5.2687184349821331e-03
5.2287582311869709e+00 -5.2641944190754877e-03
5.2293418502171587e+00 -5.2596742661302712e-03
5.2299254692473474e+00 -5.2551579728854847e-03
5.2305090882775360e+00 -5.2506455360828326e-03
5.2310927073077238e+00 -5.2461369524666865e-03
5.2316763263379125e+00 -5.2416322187841102e-03
5.2322599453681011e+00 -5.2371313317848426e-03
5.2328435643982898e+00 -5.2326342882213096e-03
5.2334271834284776e+00 -5.2281410848486172e-03
5.2340108024586662e+00 -5.2236517184245232e-03
5.2345944214888549e+00 -5.2191661857094824e-03
5.2351780405190427e+00 -5.2146844834666198e-03
5.2357616595492313e+00 -5.2102066084617066e-03
5.2363452785794200e+00 -5.2057325574631974e-03
5.2369288976096078e+00 -5.2012623272422228e-03
5.2375125166397964e+00 -5.1967959145725407e-03
5.2380961356699851e+00 -5.1923333162305994e-03
5.2386797547001729e+00 -5.1878745289955066e-03
5.2392633737303616e+00 -5.1834195496489955e-03
5.2398469927605502e+00 -5.1789683749754864e-03
5.2404306117907380e+00 -5.1745210017620337e-03
5.2410142308209267e+00 -5.1700774267983409e-03
5.2415978498511153e+00 -5.1656376468767742e-03
5.2421814688813031e+00 -5.1612016587923321e-03
5.2427650879114918e+00 -5.1567694593426536e-03
5.2433487069416804e+00 -5.1523410453280377e-03
5.2439323259718682e+00 -5.1479164135514021e-03
5.2445159450020569e+00 -5.1434955608183081e-03
5.2450995640322455e+00 -5.1390784839369678e-03
5.2456831830624333e+00 -5.1346651797182031e-03
5.2462668020926220e+00 -5.1302556449754752e-03
5.2468504211228106e+00 -5.1258498765248874e-03
5.2474340401529984e+00 -5.1214478711851556e-03
5.2480176591831871e+00 -5.1170496257776218e-03
5.2486012782133757e+00 -5.1126551371262537e-03
5.2491848972435644e+00 -5.1082644020576332e-03
5.2497685162737522e+00 -5.1038774174009980e-03
5.2503521353039408e+00 -5.0994941799881377e-03
5.2509357543341295e+00 -5.0951146866535001e-03
5.2515193733643173e+00 -5.0907389342341597e-03
5.2521029923945060e+00 -5.0863669195697443e-03
5.2526866114246946e+00 -5.0819986395025472e-03
5.2532702304548824e+00 -5.0776340908774533e-03
5.2538538494850711e+00 -5.0732732705419158e-03
5.2544374685152597e+00 -5.0689161753460412e-03
5.2550210875454475e+00 -5.0645628021425233e-03
5.2556047065756362e+00 -5.0602131477866146e-03
5.2561883256058248e+00 -5.0558672091362208e-03
5.2567719446360126e+00 -5.0515249830518126e-03
5.2573555636662013e+00 -5.0471864663964392e-03
5.2579391826963899e+00 -5.0428516560357788e-03
5.2585228017265777e+00 -5.0385205488380682e-03
5.2591064207567664e+00 -5.0341931416741335e-03
5.2596900397869550e+00 -5.0298694314173994e-03
5.2602736588171428e+00 -5.0255494149438586e-03
5.2608572778473315e+00 -5.0212330891320853e-03
5.2614408968775201e+00 -5.0169204508632428e-03
5.2620245159077079e+00 -5.0126114970210581e-03
5.2626081349378966e+00 -5.0083062244918337e-03
5.2631917539680853e+00 -5.0040046301644556e-03
5.2637753729982730e+00 -4.9997067109303671e-03
5.2643589920284617e+00 -4.9954124636835831e-03
5.2649426110586504e+00 -4.9911218853206825e-03
5.2655262300888390e+00 -4.9868349727408149e-03
5.2661098491190268e+00 -4.9825517228456974e-03
5.2666934681492155e+00 -4.9782721325395771e-03
5.2672770871794041e+00 -4.9739961987292922e-03
5.2678607062095919e+00 -4.9697239183242280e-03
5.2684443252397806e+00 -4.9654552882363060e-03
5.2690279442699692e+00 -4.9611903053800189e-03
5.2696115633001570e+00 -4.9569289666724159e-03
5.2701951823303457e+00 -4.9526712690330602e-03
5.2707788013605343e+00 -4.9484172093840944e-03
5.2713624203907221e+00 -4.9441667846501997e-03
5.2719460394209108e+00 -4.9399199917585764e-03
5.2725296584510994e+00 -4.9356768276389929e-03
5.2731132774812872e+00 -4.9314372892237390e-03
5.2736968965114759e+00 -4.9272013734476400e-03
5.2742805155416645e+00 -4.9229690772480683e-03
5.2748641345718523e+00 -4.9187403975649172e-03
5.2754477536020410e+00 -4.9145153313406046e-03
5.2760313726322297e+00 -4.9102938755200944e-03
5.2766149916624174e+00 -4.9060760270508612e-03
5.2771986106926061e+00 -4.9018617828829048e-03
5.2777822297227948e+00 -4.8976511399687582e-03
5.2783658487529825e+00 -4.8934440952634623e-03
5.2789494677831712e+00 -4.8892406457245810e-03
5.2795330868133599e+00 -4.8850407883121874e-03
5.2801167058435476e+00 -4.8808445199888841e-03
5.2807003248737363e+00 -4.8766518377197712e-03
5.2812839439039250e+00 -4.8724627384724613e-03
5.2818675629341127e+00 -4.8682772192170836e-03
5.2824511819643014e+00 -4.8640952769262646e-03
5.2830348009944901e+00 -4.8599169085751306e-03
5.2836184200246787e+00 -4.8557421111413285e-03
5.2842020390548665e+00 -4.8515708816050003e-03
5.2847856580850552e+00 -4.8474032169487551e-03
5.2853692771152438e+00 -4.8432391141577380e-03
5.2859528961454316e+00 -4.8390785702195878e-03
5.2865365151756203e+00 -4.8349215821243876e-03
5.2871201342058090e+00 -4.8307681468647730e-03
5.2877037532359967e+00 -4.8266182614358317e-03
5.2882873722661854e+00 -4.8224719228351304e-03
5.2888709912963741e+00 -4.8183291280627580e-03
5.2894546103265618e+00 -4.8141898741212519e-03
5.2900382293567505e+00 -4.8100541580156381e-03
5.2906218483869392e+00 -4.8059219767534337e-03
5.2912054674171269e+00 -4.8017933273446179e-03
5.2917890864473156e+00 -4.7976682068016467e-03
5.2923727054775043e+00 -4.7935466121394607e-03
5.2929563245076920e+00 -4.7894285403754571e-03
5.2935399435378807e+00 -4.7853139885295024e-03
5.2941235625680694e+00 -4.7812029536239455e-03
5.2947071815982572e+00 -4.7770954326835837e-03
5.2952908006284458e+00 -4.7729914227356840e-03
5.2958744196586345e+00 -4.7688909208099695e-03
5.2964580386888223e+00 -4.7647939239386346e-03
5.2970416577190109e+00 -4.7607004291563195e-03
5.2976252767491996e+00 -4.7566104335001174e-03
5.2982088957793874e+00 -4.7525239340095891e-03
5.2987925148095760e+00 -4.7484409277267336e-03
5.2993761338397647e+00 -4.7443614116960001e-03
5.2999597528699534e+00 -4.7402853829642917e-03
5.3005433719001411e+00 -4.7362128385809634e-03
5.3011269909303298e+00 -4.7321437755977868e-03
5.3017106099605185e+00 -4.7280781910690028e-03
5.3022942289907062e+00 -4.7240160820512887e-03
5.3028778480208949e+00 -4.7199574456037365e-03
5.3034614670510836e+00 -4.7159022787879043e-03
5.3040450860812713e+00 -4.7118505786677665e-03
5.3046287051114600e+00 -4.7078023423097262e-03
5.3052123241416487e+00 -4.7037575667826358e-03
5.3057959431718364e+00 -4.6997162491577574e-03
5.3063795622020251e+00 -4.6956783865087833e-03
5.3069631812322138e+00 -4.6916439759118397e-03
5.3075468002624016e+00 -4.6876130144454667e-03
5.3081304192925902e+00 -4.6835854991906199e-03
5.3087140383227789e+00 -4.6795614272306888e-03
5.3092976573529667e+00 -4.6755407956514663e-03
5.3098812763831553e+00 -4.6715236015411688e-03
5.3104648954133440e+00 -4.6675098419904117e-03
5.3110485144435318e+00 -4.6634995140922425e-03
5.3116321334737204e+00 -4.6594926149421036e-03
5.3122157525039091e+00 -4.6554891416378391e-03
5.3127993715340969e+00 -4.6514890912797173e-03
5.3133829905642855e+00 -4.6474924609703960e-03
5.3139666095944742e+00 -4.6434992478149289e-03
5.3145502286246620e+00 -4.6395094489207964e-03
5.3151338476548506e+00 -4.6355230613978450e-03
5.3157174666850393e+00 -4.6315400823583232e-03
5.3163010857152271e+00 -4.6275605089168993e-03
5.3168847047454157e+00 -4.6235843381906066e-03
5.3174683237756044e+00 -4.6196115672988624e-03
5.3180519428057931e+00 -4.6156421933635037e-03
5.3186355618359809e+00 -4.6116762135087414e-03
5.3192191808661695e+00 -4.6077136248611388e-03
5.3198027998963582e+00 -4.6037544245496921e-03
5.3203864189265460e+00 -4.5997986097057473e-03
5.3209700379567346e+00 -4.5958461774630310e-03
5.3215536569869233e+00 -4.5918971249576616e-03
5.3221372760171111e+00 -4.5879514493281153e-03
5.3227208950472997e+00 -4.5840091477152480e-03
5.3233045140774884e+00 -4.5800702172622953e-03
5.3238881331076762e+00 -4.5761346551148503e-03
5.3244717521378648e+00 -4.5722024584208733e-03
5.3250553711680535e+00 -4.5682736243307012e-03
5.3256389901982413e+00 -4.5643481499970254e-03
5.3262226092284299e+00 -4.5604260325749031e-03
5.3268062282586186e+00 -4.5565072692217434e-03
5.3273898472888064e+00 -4.5525918570973297e-03
5.3279734663189950e+00 -4.5486797933637852e-03
5.3285570853491837e+00 -4.5447710751855934e-03
5.3291407043793715e+00 -4.5408656997295979e-03
5.3297243234095601e+00 -4.5369636641649815e-03
5.3303079424397488e+00 -4.5330649656632766e-03
5.3308915614699366e+00 -4.5291696013983751e-03
5.3314751805001253e+00 -4.5252775685464992e-03
5.3320587995303139e+00 -4.5213888642862158e-03
5.3326424185605017e+00 -4.5175034857984518e-03
5.3332260375906904e+00 -4.5136214302664403e-03
5.3338096566208790e+00 -4.5097426948757799e-03
5.3343932756510677e+00 -4.5058672768143997e-03
5.3349768946812555e+00 -4.5019951732725542e-03
5.3355605137114441e+00 -4.4981263814428303e-03
5.3361441327416328e+00 -4.4942608985201566e-03
5.3367277517718206e+00 -4.4903987217017795e-03
5.3373113708020092e+00 -4.4865398481872707e-03
5.3378949898321979e+00 -4.4826842751785386e-03
5.3384786088623857e+00 -4.4788319998798022e-03
5.3390622278925743e+00 -4.4749830194976007e-03
5.3396458469227630e+00 -4.4711373312408074e-03
5.3402294659529508e+00 -4.4672949323205967e-03
5.3408130849831394e+00 -4.4634558199504572e-03
5.3413967040133281e+00 -4.4596199913462184e-03
5.3419803230435159e+00 -4.4557874437259866e-03
5.3425639420737046e+00 -4.4519581743101954e-03
5.3431475611038932e+00 -4.4481321803215793e-03
5.3437311801340810e+00 -4.4443094589851932e-03
5.3443147991642697e+00 -4.4404900075283799e-03
5.3448984181944583e+00 -4.4366738231807869e-03
5.3454820372246461e+00 -4.4328609031743854e-03
5.3460656562548348e+00 -4.4290512447434120e-03
5.3466492752850234e+00 -4.4252448451244106e-03
5.3472328943152112e+00 -4.4214417015562401e-03
5.3478165133453999e+00 -4.4176418112800370e-03
5.3484001323755885e+00 -4.4138451715392121e-03
5.3489837514057763e+00 -4.4100517795795128e-03
5.3495673704359650e+00 -4.4062616326489184e-03
5.3501509894661536e+00 -4.4024747279977289e-03
5.3507346084963423e+00 -4.3986910628785328e-03
5.3513182275265301e+00 -4.3949106345461831e-03
5.3519018465567187e+00 -4.3911334402578165e-03
5.3524854655869074e+00 -4.3873594772728579e-03
5.3530690846170952e+00 -4.3835887428530021e-03
5.3536527036472839e+00 -4.3798212342622145e-03
5.3542363226774725e+00 -4.3760569487667489e-03
5.3548199417076603e+00 -4.3722958836351165e-03
5.3554035607378490e+00 -4.3685380361381020e-03
5.3559871797680376e+00 -4.3647834035487661e-03
5.3565707987982254e+00 -4.3610319831424238e-03
5.3571544178284141e+00 -4.3572837721966625e-03
5.3577380368586027e+00 -4.3535387679913239e-03
5.3583216558887905e+00 -4.3497969678085247e-03
5.3589052749189792e+00 -4.3460583689326274e-03
5.3594888939491678e+00 -4.3423229686502529e-03
5.3600725129793556e+00 -4.3385907642502896e-03
5.3606561320095443e+00 -4.3348617530238644e-03
5.3612397510397329e+00 -4.3311359322643602e-03
5.3618233700699207e+00 -4.3274132992674186e-03
5.3624069891001094e+00 -4.3236938513309207e-03
5.3629906081302980e+00 -4.3199775857549914e-03
5.3635742271604858e+00 -4.3162644998420126e-03
5.3641578461906745e+00 -4.3125545908965978e-03
5.3647414652208631e+00 -4.3088478562256002e-03
5.3653250842510509e+00 -4.3051442931381296e-03
5.3659087032812396e+00 -4.3014438989455051e-03
5.3664923223114283e+00 -4.2977466709613055e-03
5.3670759413416160e+00 -4.2940526065013427e-03
5.3676595603718047e+00 -4.2903617028836388e-03
5.3682431794019934e+00 -4.2866739574284659e-03
5.3688267984321820e+00 -4.2829893674583251e-03
5.3694104174623698e+00 -4.2793079302979329e-03
5.3699940364925585e+00 -4.2756296432742364e-03
5.3705776555227471e+00 -4.2719545037164103e-03
5.3711612745529349e+00 -4.2682825089558436e-03
5.3717448935831236e+00 -4.2646136563261423e-03
5.3723285126133122e+00 -4.2609479431631519e-03
5.3729121316435000e+00 -4.2572853668049046e-03
5.3734957506736887e+00 -4.2536259245916658e-03
5.3740793697038773e+00 -4.2499696138659018e-03
5.3746629887340651e+00 -4.2463164319723034e-03
5.3752466077642538e+00 -4.2426663762577628e-03
5.3758302267944424e+00 -4.2390194440713701e-03
5.3764138458246302e+00 -4.2353756327644489e-03
5.3769974648548189e+00 -4.2317349396904956e-03
5.3775810838850076e+00 -4.2280973622052164e-03
5.3781647029151953e+00 -4.2244628976665375e-03
5.3787483219453840e+00 -4.2208315434345677e-03
5.3793319409755727e+00 -4.2172032968715960e-03
5.3799155600057604e+00 -4.2135781553421523e-03
5.3804991790359491e+00 -4.2099561162129064e-03
5.3810827980661378e+00 -4.2063371768527513e-03
5.3816664170963255e+00 -4.2027213346327820e-03
5.3822500361265142e+00 -4.1991085869262324e-03
5.3828336551567029e+00 -4.1954989311085746e-03
5.3834172741868906e+00 -4.1918923645574485e-03
5.3840008932170793e+00 -4.1882888846526490e-03
5.3845845122472680e+00 -4.1846884887761903e-03
5.3851681312774566e+00 -4.1810911743122535e-03
5.3857517503076444e+00 -4.1774969386471896e-03
5.3863353693378331e+00 -4.1739057791695270e-03
5.3869189883680217e+00 -4.1703176932699794e-03
5.3875026073982095e+00 -4.1667326783414197e-03
5.3880862264283982e+00 -4.1631507317788979e-03
5.3886698454585868e+00 -4.1595718509796270e-03
5.3892534644887746e+00 -4.1559960333429997e-03
5.3898370835189633e+00 -4.1524232762705626e-03
5.3904207025491520e+00 -4.1488535771660243e-03
5.3910043215793397e+00 -4.1452869334352698e-03
5.3915879406095284e+00 -4.1417233424863283e-03
5.3921715596397171e+00 -4.1381628017293937e-03
5.3927551786699048e+00 -4.1346053085768216e-03
5.3933387977000935e+00 -4.1310508604431168e-03
5.3939224167302822e+00 -4.1274994547449333e-03
5.3945060357604699e+00 -4.1239510889010903e-03
5.3950896547906586e+00 -4.1204057603325440e-03
5.3956732738208473e+00 -4.1168634664624001e-03
5.3962568928510350e+00 -4.1133242047159246e-03
5.3968405118812237e+00 -4.1097879725205035e-03
5.3974241309114124e+00 -4.1062547673056862e-03
5.3980077499416002e+00 -4.1027245865031640e-03
5.3985913689717888e+00 -4.0991974275467469e-03
5.3991749880019775e+00 -4.0956732878724041e-03
5.3997586070321653e+00 -4.0921521649182396e-03
5.4003422260623539e+00 -4.0886340561244704e-03
5.4009258450925426e+00 -4.0851189589334695e-03
5.4015094641227304e+00 -4.0816068707897396e-03
5.4020930831529190e+00 -4.0780977891398925e-03
5.4026767021831077e+00 -4.0745917114326843e-03
5.4032603212132964e+00 -4.0710886351190047e-03
5.4038439402434841e+00 -4.0675885576518462e-03
5.4044275592736728e+00 -4.0640914764863353e-03
5.4050111783038615e+00 -4.0605973890797146e-03
5.4055947973340492e+00 -4.0571062928913574e-03
5.4061784163642379e+00 -4.0536181853827414e-03
5.4067620353944266e+00 -4.0501330640174572e-03
5.4073456544246143e+00 -4.0466509262612358e-03
5.4079292734548030e+00 -4.0431717695818860e-03
5.4085128924849917e+00 -4.0396955914493403e-03
5.4090965115151795e+00 -4.0362223893356574e-03
5.4096801305453681e+00 -4.0327521607149827e-03
5.4102637495755568e+00 -4.0292849030635599e-03
5.4108473686057446e+00 -4.0258206138597680e-03
5.4114309876359332e+00 -4.0223592905840634e-03
5.4120146066661219e+00 -4.0189009307189973e-03
5.4125982256963097e+00 -4.0154455317492543e-03
5.4131818447264983e+00 -4.0119930911615672e-03
5.4137654637566870e+00 -4.0085436064448074e-03
5.4143490827868748e+00 -4.0050970750899291e-03
5.4149327018170634e+00 -4.0016534945899480e-03
5.4155163208472521e+00 -3.9982128624400128e-03
5.4160999398774399e+00 -3.9947751761373485e-03
5.4166835589076285e+00 -3.9913404331812377e-03
5.4172671779378172e+00 -3.9879086310730897e-03
5.4178507969680050e+00 -3.9844797673163857e-03
5.4184344159981936e+00 -3.9810538394166603e-03
5.4190180350283823e+00 -3.9776308448815668e-03
5.4196016540585710e+00 -3.9742107812208213e-03
5.4201852730887587e+00 -3.9707936459462143e-03
5.4207688921189474e+00 -3.9673794365716140e-03
5.4213525111491361e+00 -3.9639681506129605e-03
5.4219361301793239e+00 -3.9605597855882739e-03
5.4225197492095125e+00 -3.9571543390176343e-03
5.4231033682397012e+00 -3.9537518084231914e-03
5.4236869872698890e+00 -3.9503521913291754e-03
5.4242706063000776e+00 -3.9469554852618648e-03
5.4248542253302663e+00 -3.9435616877496072e-03
5.4254378443604541e+00 -3.9401707963228217e-03
5.4260214633906427e+00 -3.9367828085139743e-03
5.4266050824208314e+00 -3.9333977218575927e-03
5.4271887014510192e+00 -3.9300155338902760e-03
5.4277723204812078e+00 -3.9266362421506518e-03
5.4283559395113965e+00 -3.9232598441794244e-03
5.4289395585415843e+00 -3.9198863375193493e-03
5.4295231775717729e+00 -3.9165157197152117e-03
5.4301067966019616e+00 -3.9131479883138679e-03
5.4306904156321494e+00 -3.9097831408642179e-03
5.4312740346623380e+00 -3.9064211749171903e-03
5.4318576536925267e+00 -3.9030620880257760e-03
5.4324412727227145e+00 -3.8997058777450089e-03
5.4330248917529032e+00 -3.8963525416319429e-03
5.4336085107830918e+00 -3.8930020772456869e-03
5.4341921298132796e+00 -3.8896544821474034e-03
5.4347757488434683e+00 -3.8863097539002479e-03
5.4353593678736569e+00 -3.8829678900694463e-03
5.4359429869038456e+00 -3.8796288882222349e-03
5.4365266059340334e+00 -3.8762927459279066e-03
5.4371102249642220e+00 -3.8729594607577553e-03
5.4376938439944107e+00 -3.8696290302851102e-03
5.4382774630245985e+00 -3.8663014520853457e-03
5.4388610820547871e+00 -3.8629767237358345e-03
5.4394447010849758e+00 -3.8596548428159790e-03
5.4400283201151636e+00 -3.8563358069072184e-03
5.4406119391453522e+00 -3.8530196135929955e-03
5.4411955581755409e+00 -3.8497062604587635e-03
5.4417791772057287e+00 -3.8463957450920161e-03
5.4423627962359173e+00 -3.8430880650822449e-03
5.4429464152661060e+00 -3.8397832180209514e-03
5.4435300342962938e+00 -3.8364812015016709e-03
5.4441136533264824e+00 -3.8331820131199050e-03
5.4446972723566711e+00 -3.8298856504732086e-03
5.4452808913868589e+00 -3.8265921111611343e-03
5.4458645104170476e+00 -3.8233013927852018e-03
5.4464481294472362e+00 -3.8200134929489808e-03
5.4470317484774240e+00 -3.8167284092580325e-03
5.4476153675076127e+00 -3.8134461393198827e-03
5.4481989865378013e+00 -3.8101666807441011e-03
5.4487826055679891e+00 -3.8068900311422366e-03
5.4493662245981778e+00 -3.8036161881278212e-03
5.4499498436283664e+00 -3.8003451493163957e-03
5.4505334626585542e+00 -3.7970769123254963e-03
5.4511170816887429e+00 -3.7938114747746278e-03
5.4517007007189315e+00 -3.7905488342853061e-03
5.4522843197491193e+00 -3.7872889884810234e-03
5.4528679387793080e+00 -3.7840319349872558e-03
5.4534515578094966e+00 -3.7807776714314724e-03
5.4540351768396853e+00 -3.7775261954431146e-03
5.4546187958698731e+00 -3.7742775046536144e-03
5.4552024149000617e+00 -3.7710315966963748e-03
5.4557860339302504e+00 -3.7677884692067748e-03
5.4563696529604382e+00 -3.7645481198221803e-03
5.4569532719906269e+00 -3.7613105461819230e-03
5.4575368910208155e+00 -3.7580757459273043e-03
5.4581205100510033e+00 -3.7548437167016129e-03
5.4587041290811920e+00 -3.7516144561500807e-03
5.4592877481113806e+00 -3.7483879619199302e-03
5.4598713671415684e+00 -3.7451642316603494e-03
5.4604549861717571e+00 -3.7419432630224712e-03
5.4610386052019457e+00 -3.7387250536594112e-03
5.4616222242321335e+00 -3.7355096012262469e-03
5.4622058432623222e+00 -3.7322969033799962e-03
5.4627894622925108e+00 -3.7290869577796550e-03
5.4633730813226986e+00 -3.7258797620861764e-03
5.4639567003528873e+00 -3.7226753139624489e-03
5.4645403193830759e+00 -3.7194736110733309e-03
5.4651239384132637e+00 -3.7162746510856462e-03
5.4657075574434524e+00 -3.7130784316681304e-03
5.4662911764736410e+00 -3.7098849504914964e-03
5.4668747955038288e+00 -3.7066942052284163e-03
5.4674584145340175e+00 -3.7035061935534663e-03
5.4680420335642062e+00 -3.7003209131432047e-03
5.4686256525943939e+00 -3.6971383616761157e-03
5.4692092716245826e+00 -3.6939585368326242e-03
5.4697928906547713e+00 -3.6907814362951053e-03
5.4703765096849599e+00 -3.6876070577478545e-03
5.4709601287151477e+00 -3.6844353988771290e-03
5.4715437477453364e+00 -3.6812664573711022e-03
5.4721273667755250e+00 -3.6781002309198710e-03
5.4727109858057128e+00 -3.6749367172154951e-03
5.4732946048359015e+00 -3.6717759139519410e-03
5.4738782238660901e+00 -3.6686178188251061e-03
5.4744618428962779e+00 -3.6654624295328329e-03
5.4750454619264666e+00 -3.6623097437748519e-03
5.4756290809566552e+00 -3.6591597592528580e-03
5.4762126999868430e+00 -3.6560124736704580e-03
5.4767963190170317e+00 -3.6528678847331498e-03
5.4773799380472203e+00 -3.6497259901483916e-03
5.4779635570774081e+00 -3.6465867876255471e-03
5.4785471761075968e+00 -3.6434502748758694e-03
5.4791307951377854e+00 -3.6403164496125627e-03
5.4797144141679732e+00 -3.6371853095507338e-03
5.4802980331981619e+00 -3.6340568524073831e-03
5.4808816522283506e+00 -3.6309310759014418e-03
5.4814652712585383e+00 -3.6278079777537484e-03
5.4820488902887270e+00 -3.6246875556870304e-03
5.4826325093189157e+00 -3.6215698074259406e-03
5.4832161283491034e+00 -3.6184547306970256e-03
5.4837997473792921e+00 -3.6153423232287343e-03
5.4843833664094808e+00 -3.6122325827514234e-03
5.4849669854396685e+00 -3.6091255069973416e-03
5.4855506044698572e+00 -3.6060210937006345e-03
5.4861342235000459e+00 -3.6029193405973537e-03
5.4867178425302345e+00 -3.5998202454254323e-03
5.4873014615604223e+00 -3.5967238059247094e-03
5.4878850805906110e+00 -3.5936300198369069e-03
5.4884686996207996e+00 -3.5905388849056348e-03
5.4890523186509874e+00 -3.5874503988764035e-03
5.4896359376811761e+00 -3.5843645594965997e-03
5.4902195567113647e+00 -3.5812813645154954e-03
5.4908031757415525e+00 -3.5782008116842603e-03
5.4913867947717412e+00 -3.5751228987559221e-03
5.4919704138019299e+00 -3.5720476234854114e-03
5.4925540328321176e+00 -3.5689749836295354e-03
5.4931376518623063e+00 -3.5659049769469625e-03
5.4937212708924950e+00 -3.5628376011982549e-03
5.4943048899226827e+00 -3.5597728541458496e-03
5.4948885089528714e+00 -3.5567107335540389e-03
5.4954721279830601e+00 -3.5536512371890021e-03
5.4960557470132478e+00 -3.5505943628188013e-03
5.4966393660434365e+00 -3.5475401082133307e-03
5.4972229850736252e+00 -3.5444884711443776e-03
5.4978066041038129e+00 -3.5414394493856064e-03
5.4983902231340016e+00 -3.5383930407125079e-03
5.4989738421641903e+00 -3.5353492429024704e-03
5.4995574611943780e+00 -3.5323080537347264e-03
5.5001410802245667e+00 -3.5292694709903676e-03
5.5007246992547554e+00 -3.5262334924523568e-03
5.5013083182849432e+00 -3.5232001159055007e-03
5.5018919373151318e+00 -3.5201693391364594e-03
5.5024755563453205e+00 -3.5171411599337673e-03
5.5030591753755083e+00 -3.5141155760877859e-03
5.5036427944056969e+00 -3.5110925853907328e-03
5.5042264134358856e+00 -3.5080721856366936e-03
5.5048100324660743e+00 -3.5050543746215782e-03
5.5053936514962620e+00 -3.5020391501431637e-03
5.5059772705264507e+00 -3.4990265100010407e-03
5.5065608895566394e+00 -3.4960164519966769e-03
5.5071445085868271e+00 -3.4930089739333733e-03
5.5077281276170158e+00 -3.4900040736162452e-03
5.5083117466472045e+00 -3.4870017488522814e-03
5.5088953656773922e+00 -3.4840019974503003e-03
5.5094789847075809e+00 -3.4810048172209257e-03
5.5100626037377696e+00 -3.4780102059766556e-03
5.5106462227679573e+00 -3.4750181615318078e-03
5.5112298417981460e+00 -3.4720286817025141e-03
5.5118134608283347e+00 -3.4690417643067572e-03
5.5123970798585225e+00 -3.4660574071643455e-03
5.5129806988887111e+00 -3.4630756080968978e-03
5.5135643179188998e+00 -3.4600963649278793e-03
5.5141479369490876e+00 -3.4571196754825655e-03
5.5147315559792762e+00 -3.4541455375880561e-03
5.5153151750094649e+00 -3.4511739490732806e-03
5.5158987940396527e+00 -3.4482049077689762e-03
5.5164824130698413e+00 -3.4452384115077018e-03
5.5170660321000300e+00 -3.4422744581238396e-03
5.5176496511302178e+00 -3.4393130454535787e-03
5.5182332701604064e+00 -3.4363541713349197e-03
5.5188168891905951e+00 -3.4333978336076884e-03
5.5194005082207829e+00 -3.4304440301135075e-03
5.5199841272509715e+00 -3.4274927586958122e-03
5.5205677462811602e+00 -3.4245440171998529e-03
5.5211513653113489e+00 -3.4215978034726744e-03
5.5217349843415366e+00 -3.4186541153631411e-03
5.5223186033717253e+00 -3.4157129507219001e-03
5.5229022224019140e+00 -3.4127743074014172e-03
5.5234858414321018e+00 -3.4098381832559604e-03
5.5240694604622904e+00 -3.4069045761415764e-03
5.5246530794924791e+00 -3.4039734839161296e-03
5.5252366985226669e+00 -3.4010449044392780e-03
5.5258203175528555e+00 -3.3981188355724579e-03
5.5264039365830442e+00 -3.3951952751789124e-03
5.5269875556132320e+00 -3.3922742211236895e-03
5.5275711746434206e+00 -3.3893556712735894e-03
5.5281547936736093e+00 -3.3864396234972306e-03
5.5287384127037971e+00 -3.3835260756650259e-03
5.5293220317339857e+00 -3.3806150256491365e-03
5.5299056507641744e+00 -3.3777064713235447e-03
5.5304892697943622e+00 -3.3748004105639984e-03
5.5310728888245508e+00 -3.3718968412480262e-03
5.5316565078547395e+00 -3.3689957612549485e-03
5.5322401268849273e+00 -3.3660971684658513e-03
5.5328237459151159e+00 -3.3632010607635974e-03
5.5334073649453046e+00 -3.3603074360328460e-03
5.5339909839754924e+00 -3.3574162921600030e-03
5.5345746030056810e+00 -3.3545276270332556e-03
5.5351582220358697e+00 -3.3516414385425784e-03
5.5357418410660575e+00 -3.3487577245796996e-03
5.5363254600962462e+00 -3.3458764830381076e-03
5.5369090791264348e+00 -3.3429977118130858e-03
5.5374926981566226e+00 -3.3401214088016628e-03
5.5380763171868113e+00 -3.3372475719026292e-03
5.5386599362169999e+00 -3.3343761990165437e-03
5.5392435552471886e+00 -3.3315072880457340e-03
5.5398271742773764e+00 -3.3286408368942881e-03
5.5404107933075650e+00 -3.3257768434680241e-03
5.5409944123377537e+00 -3.3229153056745521e-03
5.5415780313679415e+00 -3.3200562214232275e-03
5.5421616503981301e+00 -3.3171995886251446e-03
5.5427452694283188e+00 -3.3143454051931661e-03
5.5433288884585066e+00 -3.3114936690419087e-03
5.5439125074886952e+00 -3.3086443780877199e-03
5.5444961265188839e+00 -3.3057975302487131e-03
5.5450797455490717e+00 -3.3029531234447500e-03
5.5456633645792603e+00 -3.3001111555974183e-03
5.5462469836094490e+00 -3.2972716246300708e-03
5.5468306026396368e+00 -3.2944345284677931e-03
5.5474142216698255e+00 -3.2915998650374103e-03
5.5479978407000141e+00 -3.2887676322674976e-03
5.5485814597302019e+00 -3.2859378280883571e-03
5.5491650787603906e+00 -3.2831104504320308e-03
5.5497486977905792e+00 -3.2802854972323052e-03
5.5503323168207670e+00 -3.2774629664246895e-03
5.5509159358509557e+00 -3.2746428559464287e-03
5.5514995548811443e+00 -3.2718251637365065e-03
5.5520831739113321e+00 -3.2690098877356270e-03
5.5526667929415208e+00 -3.2661970258862287e-03
5.5532504119717094e+00 -3.2633865761324704e-03
5.5538340310018972e+00 -3.2605785364202495e-03
5.5544176500320859e+00 -3.2577729046971756e-03
5.5550012690622745e+00 -3.2549696789125841e-03
5.5555848880924632e+00 -3.2521688570175322e-03
5.5561685071226510e+00 -3.2493704369648138e-03
5.5567521261528396e+00 -3.2465744167089064e-03
5.5573357451830283e+00 -3.2437807942060294e-03
5.5579193642132161e+00 -3.2409895674141292e-03
5.5585029832434047e+00 -3.2382007342928306e-03
5.5590866022735934e+00 -3.2354142928034979e-03
5.5596702213037812e+00 -3.2326302409092151e-03
5.5602538403339699e+00 -3.2298485765747441e-03
5.5608374593641585e+00 -3.2270692977665839e-03
5.5614210783943463e+00 -3.2242924024529318e-03
5.5620046974245350e+00 -3.2215178886036830e-03
5.5625883164547236e+00 -3.2187457541904608e-03
5.5631719354849114e+00 -3.2159759971865653e-03
5.5637555545151001e+00 -3.2132086155670083e-03
5.5643391735452887e+00 -3.2104436073085176e-03
5.5649227925754765e+00 -3.2076809703894958e-03
5.5655064116056652e+00 -3.2049207027900510e-03
5.5660900306358538e+00 -3.2021628024920027e-03
5.5666736496660416e+00 -3.1994072674788516e-03
5.5672572686962303e+00 -3.1966540957357827e-03
5.5678408877264189e+00 -3.1939032852496998e-03
5.5684245067566067e+00 -3.1911548340091767e-03
5.5690081257867954e+00 -3.1884087400044872e-03
5.5695917448169840e+00 -3.1856650012275761e-03
5.5701753638471718e+00 -3.1829236156721038e-03
5.5707589828773605e+00 -3.1801845813333972e-03
5.5713426019075492e+00 -3.1774478962084594e-03
5.5719262209377378e+00 -3.1747135582959980e-03
5.5725098399679256e+00 -3.1719815655963960e-03
5.5730934589981143e+00 -3.1692519161116979e-03
5.5736770780283029e+00 -3.1665246078456488e-03
5.5742606970584907e+00 -3.1637996388036668e-03
5.5748443160886794e+00 -3.1610770069928312e-03
5.5754279351188680e+00 -3.1583567104219125e-03
5.5760115541490558e+00 -3.1556387471013527e-03
5.5765951731792445e+00 -3.1529231150432516e-03
5.5771787922094331e+00 -3.1502098122613968e-03
5.5777624112396209e+00 -3.1474988367712333e-03
5.5783460302698096e+00 -3.1447901865898765e-03
5.5789296492999982e+00 -3.1420838597361143e-03
5.5795132683301860e+00 -3.1393798542303916e-03
5.5800968873603747e+00 -3.1366781680948162e-03
5.5806805063905633e+00 -3.1339787993531678e-03
5.5812641254207511e+00 -3.1312817460308786e-03
5.5818477444509398e+00 -3.1285870061550391e-03
5.5824313634811285e+00 -3.1258945777544078e-03
5.5830149825113162e+00 -3.1232044588593902e-03
5.5835986015415049e+00 -3.1205166475020509e-03
5.5841822205716936e+00 -3.1178311417161056e-03
5.5847658396018813e+00 -3.1151479395369317e-03
5.5853494586320700e+00 -3.1124670390015497e-03
5.5859330776622587e+00 -3.1097884381486277e-03
5.5865166966924464e+00 -3.1071121350184942e-03
5.5871003157226351e+00 -3.1044381276531148e-03
5.5876839347528238e+00 -3.1017664140961026e-03
5.5882675537830115e+00 -3.0990969923927205e-03
5.5888511728132002e+00 -3.0964298605898714e-03
5.5894347918433889e+00 -3.0937650167360952e-03
5.5900184108735775e+00 -3.0911024588815791e-03
5.5906020299037653e+00 -3.0884421850781610e-03
5.5911856489339540e+00 -3.0857841933792846e-03
5.5917692679641426e+00 -3.0831284818400549e-03
5.5923528869943304e+00 -3.0804750485172198e-03
5.5929365060245191e+00 -3.0778238914691272e-03
5.5935201250547077e+00 -3.0751750087557972e-03
5.5941037440848955e+00 -3.0725283984388515e-03
5.5946873631150842e+00 -3.0698840585815499e-03
5.5952709821452729e+00 -3.0672419872487971e-03
5.5958546011754606e+00 -3.0646021825071015e-03
5.5964382202056493e+00 -3.0619646424246043e-03
5.5970218392358380e+00 -3.0593293650710853e-03
5.5976054582660257e+00 -3.0566963485179348e-03
5.5981890772962144e+00 -3.0540655908381570e-03
5.5987726963264031e+00 -3.0514370901063991e-03
5.5993563153565908e+00 -3.0488108443989114e-03
5.5999399343867795e+00 -3.0461868517935677e-03
5.6005235534169682e+00 -3.0435651103698472e-03
5.6011071724471559e+00 -3.0409456182088675e-03
5.6016907914773446e+00 -3.0383283733933456e-03
5.6022744105075333e+00 -3.0357133740076011e-03
5.6028580295377211e+00 -3.0331006181375897e-03
5.6034416485679097e+00 -3.0304901038708592e-03
5.6040252675980984e+00 -3.0278818292965685e-03
5.6046088866282862e+00 -3.0252757925054918e-03
5.6051925056584748e+00 -3.0226719915900017e-03
5.6057761246886635e+00 -3.0200704246440752e-03
5.6063597437188522e+00 -3.0174710897632995e-03
5.6069433627490399e+00 -3.0148739850448638e-03
5.6075269817792286e+00 -3.0122791085875449e-03
5.6081106008094173e+00 -3.0096864584917373e-03
5.6086942198396050e+00 -3.0070960328594221e-03
5.6092778388697937e+00 -3.0045078297941783e-03
5.6098614578999824e+00 -3.0019218474011881e-03
5.6104450769301701e+00 -2.9993380837872192e-03
5.6110286959603588e+00 -2.9967565370606357e-03
5.6116123149905475e+00 -2.9941772053313971e-03
5.6121959340207352e+00 -2.9916000867110481e-03
5.6127795530509239e+00 -2.9890251793127224e-03
5.6133631720811126e+00 -2.9864524812511467e-03
5.6139467911113003e+00 -2.9838819906426307e-03
5.6145304101414890e+00 -2.9813137056050663e-03
5.6151140291716777e+00 -2.9787476242579378e-03
5.6156976482018655e+00 -2.9761837447223045e-03
5.6162812672320541e+00 -2.9736220651208098e-03
5.6168648862622428e+00 -2.9710625835776745e-03
5.6174485052924306e+00 -2.9685052982187060e-03
5.6180321243226192e+00 -2.9659502071712816e-03
5.6186157433528079e+00 -2.9633973085643533e-03
5.6191993623829957e+00 -2.9608466005284582e-03
5.6197829814131843e+00 -2.9582980811956967e-03
5.6203666004433730e+00 -2.9557517486997436e-03
5.6209502194735608e+00 -2.9532076011758519e-03
5.6215338385037494e+00 -2.9506656367608349e-03
5.6221174575339381e+00 -2.9481258535930771e-03
5.6227010765641259e+00 -2.9455882498125381e-03
5.6232846955943145e+00 -2.9430528235607272e-03
5.6238683146245032e+00 -2.9405195729807301e-03
5.6244519336546919e+00 -2.9379884962172031e-03
5.6250355526848796e+00 -2.9354595914163457e-03
5.6256191717150683e+00 -2.9329328567259234e-03
5.6262027907452570e+00 -2.9304082902952789e-03
5.6267864097754448e+00 -2.9278858902752891e-03
5.6273700288056334e+00 -2.9253656548183958e-03
5.6279536478358221e+00 -2.9228475820786072e-03
5.6285372668660099e+00 -2.9203316702114774e-03
5.6291208858961985e+00 -2.9178179173741012e-03
5.6297045049263872e+00 -2.9153063217251507e-03
5.6302881239565750e+00 -2.9127968814248312e-03
5.6308717429867636e+00 -2.9102895946349033e-03
5.6314553620169523e+00 -2.9077844595186632e-03
5.6320389810471401e+00 -2.9052814742409785e-03
5.6326226000773287e+00 -2.9027806369682444e-03
5.6332062191075174e+00 -2.9002819458683947e-03
5.6337898381377052e+00 -2.8977853991109283e-03
5.6343734571678938e+00 -2.8952909948668669e-03
5.6349570761980825e+00 -2.8927987313087772e-03
5.6355406952282703e+00 -2.8903086066107714e-03
5.6361243142584589e+00 -2.8878206189484924e-03
5.6367079332886476e+00 -2.8853347664991188e-03
5.6372915523188354e+00 -2.8828510474413743e-03
5.6378751713490241e+00 -2.8803694599555062e-03
5.6384587903792127e+00 -2.8778900022232963e-03
5.6390424094094005e+00 -2.8754126724280724e-03
5.6396260284395892e+00 -2.8729374687546600e-03
5.6402096474697778e+00 -2.8704643893894492e-03
5.6407932664999665e+00 -2.8679934325203421e-03
5.6413768855301543e+00 -2.8655245963367655e-03
5.6419605045603429e+00 -2.8630578790296720e-03
5.6425441235905316e+00 -2.8605932787915465e-03
5.6431277426207194e+00 -2.8581307938163871e-03
5.6437113616509080e+00 -2.8556704222997146e-03
5.6442949806810967e+00 -2.8532121624385777e-03
5.6448785997112845e+00 -2.8507560124315379e-03
5.6454622187414731e+00 -2.8483019704786711e-03
5.6460458377716618e+00 -2.8458500347815804e-03
5.6466294568018496e+00 -2.8434002035433769e-03
5.6472130758320382e+00 -2.8409524749686849e-03
5.6477966948622269e+00 -2.8385068472636422e-03
5.6483803138924147e+00 -2.8360633186359061e-03
5.6489639329226033e+00 -2.8336218872946337e-03
5.6495475519527920e+00 -2.8311825514504936e-03
5.6501311709829798e+00 -2.8287453093156691e-03
5.6507147900131685e+00 -2.8263101591038419e-03
5.6512984090433571e+00 -2.8238770990302005e-03
5.6518820280735449e+00 -2.8214461273114448e-03
5.6524656471037336e+00 -2.8190172421657697e-03
5.6530492661339222e+00 -2.8165904418128713e-03
5.6536328851641100e+00 -2.8141657244739561e-03
5.6542165041942987e+00 -2.8117430883717151e-03
5.6548001232244873e+00 -2.8093225317303459e-03
5.6553837422546751e+00 -2.8069040527755554e-03
5.6559673612848638e+00 -2.8044876497345141e-03
5.6565509803150524e+00 -2.8020733208359129e-03
5.6571345993452411e+00 -2.7996610643099338e-03
5.6577182183754289e+00 -2.7972508783882443e-03
5.6583018374056175e+00 -2.7948427613039913e-03
5.6588854564358062e+00 -2.7924367112918381e-03
5.6594690754659940e+00 -2.7900327265879175e-03
5.6600526944961826e+00 -2.7876308054298436e-03
5.6606363135263713e+00 -2.7852309460567391e-03
5.6612199325565591e+00 -2.7828331467091914e-03
5.6618035515867478e+00 -2.7804374056292760e-03
5.6623871706169364e+00 -2.7780437210605572e-03
5.6629707896471242e+00 -2.7756520912480724e-03
5.6635544086773129e+00 -2.7732625144383447e-03
5.6641380277075015e+00 -2.7708749888793621e-03
5.6647216467376893e+00 -2.7684895128206122e-03
5.6653052657678780e+00 -2.7661060845130410e-03
5.6658888847980666e+00 -2.7637247022090734e-03
5.6664725038282544e+00 -2.7613453641626129e-03
5.6670561228584431e+00 -2.7589680686290309e-03
5.6676397418886317e+00 -2.7565928138651666e-03
5.6682233609188195e+00 -2.7542195981293395e-03
5.6688069799490082e+00 -2.7518484196813286e-03
5.6693905989791968e+00 -2.7494792767823813e-03
5.6699742180093846e+00 -2.7471121676952226e-03
5.6705578370395733e+00 -2.7447470906840172e-03
5.6711414560697619e+00 -2.7423840440144224e-03
5.6717250750999497e+00 -2.7400230259535469e-03
5.6723086941301384e+00 -2.7376640347699520e-03
5.6728923131603270e+00 -2.7353070687336704e-03
5.6734759321905148e+00 -2.7329521261161963e-03
5.6740595512207035e+00 -2.7305992051904668e-03
5.6746431702508922e+00 -2.7282483042308883e-03
5.6752267892810808e+00 -2.7258994215133242e-03
5.6758104083112686e+00 -2.7235525553150827e-03
5.6763940273414573e+00 -2.7212077039149292e-03
5.6769776463716459e+00 -2.7188648655930856e-03
5.6775612654018337e+00 -2.7165240386312186e-03
5.6781448844320224e+00 -2.7141852213124463e-03
5.6787285034622110e+00 -2.7118484119213328e-03
5.6793121224923988e+00 -2.7095136087438962e-03
5.6798957415225875e+00 -2.7071808100675942e-03
5.6804793605527761e+00 -2.7048500141813297e-03
5.6810629795829639e+00 -2.7025212193754538e-03
5.6816465986131526e+00 -2.7001944239417553e-03
5.6822302176433412e+00 -2.6978696261734641e-03
5.6828138366735290e+00 -2.6955468243652549e-03
5.6833974557037177e+00 -2.6932260168132378e-03
5.6839810747339063e+00 -2.6909072018149569e-03
5.6845646937640941e+00 -2.6885903776694012e-03
5.6851483127942828e+00 -2.6862755426769894e-03
5.6857319318244715e+00 -2.6839626951395694e-03
5.6863155508546592e+00 -2.6816518333604433e-03
5.6868991698848479e+00 -2.6793429556443132e-03
5.6874827889150366e+00 -2.6770360602973316e-03
5.6880664079452243e+00 -2.6747311456270890e-03
5.6886500269754130e+00 -2.6724282099425769e-03
5.6892336460056017e+00 -2.6701272515542327e-03
5.6898172650357894e+00 -2.6678282687739273e-03
5.6904008840659781e+00 -2.6655312599149295e-03
5.6909845030961668e+00 -2.6632362232919507e-03
5.6915681221263554e+00 -2.6609431572211287e-03
5.6921517411565432e+00 -2.6586520600200090e-03
5.6927353601867319e+00 -2.6563629300075621e-03
5.6933189792169205e+00 -2.6540757655041810e-03
5.6939025982471083e+00 -2.6517905648316721e-03
5.6944862172772970e+00 -2.6495073263132587e-03
5.6950698363074856e+00 -2.6472260482735782e-03
5.6956534553376734e+00 -2.6449467290386892e-03
5.6962370743678621e+00 -2.6426693669360556e-03
5.6968206933980508e+00 -2.6403939602945531e-03
5.6974043124282385e+00 -2.6381205074444765e-03
5.6979879314584272e+00 -2.6358490067175202e-03
5.6985715504886159e+00 -2.6335794564467901e-03
5.6991551695188036e+00 -2.6313118549668051e-03
5.6997387885489923e+00 -2.6290462006134815e-03
5.7003224075791810e+00 -2.6267824917241430e-03
5.7009060266093687e+00 -2.6245207266375249e-03
5.7014896456395574e+00 -2.6222609036937496e-03
5.7020732646697461e+00 -2.6200030212343520e-03
5.7026568836999338e+00 -2.6177470776022715e-03
5.7032405027301225e+00 -2.6154930711418303e-03
5.7038241217603112e+00 -2.6132410001987625e-03
5.7044077407904989e+00 -2.6109908631201987e-03
5.7049913598206876e+00 -2.6087426582546524e-03
5.7055749788508763e+00 -2.6064963839520445e-03
5.7061585978810641e+00 -2.6042520385636896e-03
5.7067422169112527e+00 -2.6020096204422806e-03
5.7073258359414414e+00 -2.5997691279419145e-03
5.7079094549716300e+00 -2.5975305594180768e-03
5.7084930740018178e+00 -2.5952939132276374e-03
5.7090766930320065e+00 -2.5930591877288550e-03
5.7096603120621952e+00 -2.5908263812813720e-03
5.7102439310923829e+00 -2.5885954922462255e-03
5.7108275501225716e+00 -2.5863665189858279e-03
5.7114111691527603e+00 -2.5841394598639742e-03
5.7119947881829480e+00 -2.5819143132458497e-03
5.7125784072131367e+00 -2.5796910774980122e-03
5.7131620262433254e+00 -2.5774697509884001e-03
5.7137456452735131e+00 -2.5752503320863361e-03
5.7143292643037018e+00 -2.5730328191625141e-03
5.7149128833338905e+00 -2.5708172105890041e-03
5.7154965023640782e+00 -2.5686035047392582e-03
5.7160801213942669e+00 -2.5663916999880956e-03
5.7166637404244556e+00 -2.5641817947117044e-03
5.7172473594546434e+00 -2.5619737872876638e-03
5.7178309784848320e+00 -2.5597676760948950e-03
5.7184145975150207e+00 -2.5575634595137076e-03
5.7189982165452085e+00 -2.5553611359257862e-03
5.7195818355753971e+00 -2.5531607037141556e-03
5.7201654546055858e+00 -2.5509621612632275e-03
5.7207490736357736e+00 -2.5487655069587846e-03
5.7213326926659622e+00 -2.5465707391879458e-03
5.7219163116961509e+00 -2.5443778563392157e-03
5.7224999307263387e+00 -2.5421868568024624e-03
5.7230835497565273e+00 -2.5399977389688887e-03
5.7236671687867160e+00 -2.5378105012310850e-03
5.7242507878169038e+00 -2.5356251419829928e-03
5.7248344068470924e+00 -2.5334416596198913e-03
5.7254180258772811e+00 -2.5312600525384428e-03
5.7260016449074698e+00 -2.5290803191366455e-03
5.7265852639376575e+00 -2.5269024578138620e-03
5.7271688829678462e+00 -2.5247264669708020e-03
5.7277525019980349e+00 -2.5225523450095252e-03
5.7283361210282226e+00 -2.5203800903334478e-03
5.7289197400584113e+00 -2.5182097013473309e-03
5.7295033590886000e+00 -2.5160411764572803e-03
5.7300869781187878e+00 -2.5138745140707583e-03
5.7306705971489764e+00 -2.5117097125965642e-03
5.7312542161791651e+00 -2.5095467704448443e-03
5.7318378352093529e+00 -2.5073856860270954e-03
5.7324214542395415e+00 -2.5052264577561426e-03
5.7330050732697302e+00 -2.5030690840461638e-03
5.7335886922999180e+00 -2.5009135633126804e-03
5.7341723113301066e+00 -2.4987598939725355e-03
5.7347559303602953e+00 -2.4966080744439276e-03
5.7353395493904831e+00 -2.4944581031463896e-03
5.7359231684206717e+00 -2.4923099785007776e-03
5.7365067874508604e+00 -2.4901636989292969e-03
5.7370904064810482e+00 -2.4880192628554836e-03
5.7376740255112368e+00 -2.4858766687041963e-03
5.7382576445414255e+00 -2.4837359149016366e-03
5.7388412635716133e+00 -2.4815969998753366e-03
5.7394248826018019e+00 -2.4794599220541438e-03
5.7400085016319906e+00 -2.4773246798682489e-03
5.7405921206621784e+00 -2.4751912717491686e-03
5.7411757396923671e+00 -2.4730596961297308e-03
5.7417593587225557e+00 -2.4709299514441068e-03
5.7423429777527444e+00 -2.4688020361277783e-03
5.7429265967829322e+00 -2.4666759486175593e-03
5.7435102158131208e+00 -2.4645516873515782e-03
5.7440938348433095e+00 -2.4624292507692850e-03
5.7446774538734973e+00 -2.4603086373114541e-03
5.7452610729036859e+00 -2.4581898454201739e-03
5.7458446919338746e+00 -2.4560728735388468e-03
5.7464283109640624e+00 -2.4539577201122017e-03
5.7470119299942510e+00 -2.4518443835862725e-03
5.7475955490244397e+00 -2.4497328624084069e-03
5.7481791680546275e+00 -2.4476231550272821e-03
5.7487627870848161e+00 -2.4455152598928591e-03
5.7493464061150048e+00 -2.4434091754564286e-03
5.7499300251451926e+00 -2.4413049001705996e-03
5.7505136441753812e+00 -2.4392024324892594e-03
5.7510972632055699e+00 -2.4371017708676259e-03
5.7516808822357577e+00 -2.4350029137622281e-03
5.7522645012659464e+00 -2.4329058596308764e-03
5.7528481202961350e+00 -2.4308106069327014e-03
5.7534317393263228e+00 -2.4287171541281460e-03
5.7540153583565115e+00 -2.4266254996789262e-03
5.7545989773867001e+00 -2.4245356420480877e-03
5.7551825964168879e+00 -2.4224475796999676e-03
5.7557662154470766e+00 -2.4203613111001845e-03
5.7563498344772652e+00 -2.4182768347156820e-03
5.7569334535074530e+00 -2.4161941490146856e-03
5.7575170725376417e+00 -2.4141132524667093e-03
5.7581006915678303e+00 -2.4120341435425814e-03
5.7586843105980181e+00 -2.4099568207144105e-03
5.7592679296282068e+00 -2.4078812824555916e-03
5.7598515486583954e+00 -2.4058075272408294e-03
5.7604351676885841e+00 -2.4037355535461032e-03
5.7610187867187719e+00 -2.4016653598486902e-03
5.7616024057489605e+00 -2.3995969446271516e-03
5.7621860247791492e+00 -2.3975303063613323e-03
5.7627696438093370e+00 -2.3954654435323739e-03
5.7633532628395256e+00 -2.3934023546226934e-03
5.7639368818697143e+00 -2.3913410381159912e-03
5.7645205008999021e+00 -2.3892814924972622e-03
5.7651041199300908e+00 -2.3872237162527658e-03
5.7656877389602794e+00 -2.3851677078700539e-03
5.7662713579904672e+00 -2.3831134658379612e-03
5.7668549770206559e+00 -2.3810609886465838e-03
5.7674385960508445e+00 -2.3790102747873131e-03
5.7680222150810323e+00 -2.3769613227528127e-03
5.7686058341112210e+00 -2.3749141310370112e-03
5.7691894531414096e+00 -2.3728686981351233e-03
5.7697730721715974e+00 -2.3708250225436362e-03
5.7703566912017861e+00 -2.3687831027602991e-03
5.7709403102319747e+00 -2.3667429372841412e-03
5.7715239292621625e+00 -2.3647045246154665e-03
5.7721075482923512e+00 -2.3626678632558316e-03
5.7726911673225398e+00 -2.3606329517080766e-03
5.7732747863527276e+00 -2.3585997884763023e-03
5.7738584053829163e+00 -2.3565683720658723e-03
5.7744420244131049e+00 -2.3545387009834230e-03
5.7750256434432927e+00 -2.3525107737368488e-03
5.7756092624734814e+00 -2.3504845888353051e-03
5.7761928815036701e+00 -2.3484601447892159e-03
5.7767765005338587e+00 -2.3464374401102580e-03
5.7773601195640465e+00 -2.3444164733113799e-03
5.7779437385942352e+00 -2.3423972429067737e-03
5.7785273576244238e+00 -2.3403797474118933e-03
5.7791109766546116e+00 -2.3383639853434639e-03
5.7796945956848003e+00 -2.3363499552194397e-03
5.7802782147149889e+00 -2.3343376555590473e-03
5.7808618337451767e+00 -2.3323270848827739e-03
5.7814454527753654e+00 -2.3303182417123329e-03
5.7820290718055540e+00 -2.3283111245707088e-03
5.7826126908357418e+00 -2.3263057319821410e-03
5.7831963098659305e+00 -2.3243020624720933e-03
5.7837799288961191e+00 -2.3223001145673021e-03
5.7843635479263069e+00 -2.3202998867957476e-03
5.7849471669564956e+00 -2.3183013776866342e-03
5.7855307859866842e+00 -2.3163045857704395e-03
5.7861144050168720e+00 -2.3143095095788766e-03
5.7866980240470607e+00 -2.3123161476448833e-03
5.7872816430772493e+00 -2.3103244985026657e-03
5.7878652621074371e+00 -2.3083345606876621e-03
5.7884488811376258e+00 -2.3063463327365353e-03
5.7890325001678145e+00 -2.3043598131872113e-03
5.7896161191980022e+00 -2.3023750005788379e-03
5.7901997382281909e+00 -2.3003918934518023e-03
5.7907833572583796e+00 -2.2984104903477341e-03
5.7913669762885673e+00 -2.2964307898094903e-03
5.7919505953187560e+00 -2.2944527903811631e-03
5.7925342143489447e+00 -2.2924764906080814e-03
5.7931178333791333e+00 -2.2905018890368002e-03
5.7937014524093211e+00 -2.2885289842151124e-03
5.7942850714395098e+00 -2.2865577746920334e-03
5.7948686904696984e+00 -2.2845882590178082e-03
5.7954523094998862e+00 -2.2826204357439179e-03
5.7960359285300749e+00 -2.2806543034230554e-03
5.7966195475602635e+00 -2.2786898606091516e-03
5.7972031665904513e+00 -2.2767271058573612e-03
5.7977867856206400e+00 -2.2747660377240519e-03
5.7983704046508286e+00 -2.2728066547668246e-03
5.7989540236810164e+00 -2.2708489555445031e-03
5.7995376427112051e+00 -2.2688929386171174e-03
5.8001212617413938e+00 -2.2669386025459316e-03
5.8007048807715815e+00 -2.2649859458934271e-03
5.8012884998017702e+00 -2.2630349672232907e-03
5.8018721188319589e+00 -2.2610856651004382e-03
5.8024557378621466e+00 -2.2591380380909995e-03
5.8030393568923353e+00 -2.2571920847623095e-03
5.8036229759225240e+00 -2.2552478036829277e-03
5.8042065949527117e+00 -2.2533051934226201e-03
5.8047902139829004e+00 -2.2513642525523628e-03
5.8053738330130891e+00 -2.2494249796443495e-03
5.8059574520432768e+00 -2.2474873732719765e-03
5.8065410710734655e+00 -2.2455514320098490e-03
5.8071246901036542e+00 -2.2436171544337850e-03
5.8077083091338420e+00 -2.2416845391208030e-03
5.8082919281640306e+00 -2.2397535846491279e-03
5.8088755471942193e+00 -2.2378242895981938e-03
5.8094591662244071e+00 -2.2358966525486330e-03
5.8100427852545957e+00 -2.2339706720822801e-03
5.8106264042847844e+00 -2.2320463467821769e-03
5.8112100233149730e+00 -2.2301236752325549e-03
5.8117936423451608e+00 -2.2282026560188645e-03
5.8123772613753495e+00 -2.2262832877277278e-03
5.8129608804055382e+00 -2.2243655689469823e-03
5.8135444994357259e+00 -2.2224494982656675e-03
5.8141281184659146e+00 -2.2205350742739932e-03
5.8147117374961033e+00 -2.2186222955633893e-03
5.8152953565262910e+00 -2.2167111607264735e-03
5.8158789755564797e+00 -2.2148016683570361e-03
5.8164625945866684e+00 -2.2128938170500861e-03
5.8170462136168561e+00 -2.2109876054018139e-03
5.8176298326470448e+00 -2.2090830320095835e-03
5.8182134516772335e+00 -2.2071800954719706e-03
5.8187970707074212e+00 -2.2052787943887316e-03
5.8193806897376099e+00 -2.2033791273607935e-03
5.8199643087677986e+00 -2.2014810929902933e-03
5.8205479277979864e+00 -2.1995846898805365e-03
5.8211315468281750e+00 -2.1976899166360141e-03
5.8217151658583637e+00 -2.1957967718624076e-03
5.8222987848885515e+00 -2.1939052541665709e-03
5.8228824039187401e+00 -2.1920153621565416e-03
5.8234660229489288e+00 -2.1901270944415414e-03
5.8240496419791166e+00 -2.1882404496319655e-03
5.8246332610093052e+00 -2.1863554263393849e-03
5.8252168800394939e+00 -2.1844720231765551e-03
5.8258004990696817e+00 -2.1825902387574013e-03
5.8263841180998703e+00 -2.1807100716970244e-03
5.8269677371300590e+00 -2.1788315206116991e-03
5.8275513561602477e+00 -2.1769545841188735e-03
5.8281349751904354e+00 -2.1750792608371729e-03
5.8287185942206241e+00 -2.1732055493863789e-03
5.8293022132508128e+00 -2.1713334483874579e-03
5.8298858322810005e+00 -2.1694629564625412e-03
5.8304694513111892e+00 -2.1675940722349209e-03
5.8310530703413779e+00 -2.1657267943290641e-03
5.8316366893715657e+00 -2.1638611213706045e-03
5.8322203084017543e+00 -2.1619970519863307e-03
5.8328039274319430e+00 -2.1601345848042057e-03
5.8333875464621308e+00 -2.1582737184533568e-03
5.8339711654923194e+00 -2.1564144515640606e-03
5.8345547845225081e+00 -2.1545567827677683e-03
5.8351384035526959e+00 -2.1527007106970845e-03
5.8357220225828845e+00 -2.1508462339857736e-03
5.8363056416130732e+00 -2.1489933512687611e-03
5.8368892606432610e+00 -2.1471420611821274e-03
5.8374728796734496e+00 -2.1452923623631074e-03
5.8380564987036383e+00 -2.1434442534500977e-03
5.8386401177338261e+00 -2.1415977330826431e-03
5.8392237367640147e+00 -2.1397527999014428e-03
5.8398073557942034e+00 -2.1379094525483524e-03
5.8403909748243912e+00 -2.1360676896663758e-03
5.8409745938545798e+00 -2.1342275098996657e-03
5.8415582128847685e+00 -2.1323889118935306e-03
5.8421418319149563e+00 -2.1305518942944220e-03
5.8427254509451449e+00 -2.1287164557499409e-03
5.8433090699753336e+00 -2.1268825949088341e-03
5.8438926890055214e+00 -2.1250503104209974e-03
5.8444763080357101e+00 -2.1232196009374682e-03
5.8450599270658987e+00 -2.1213904651104262e-03
5.8456435460960874e+00 -2.1195629015932005e-03
5.8462271651262752e+00 -2.1177369090402630e-03
5.8468107841564638e+00 -2.1159124861072098e-03
5.8473944031866525e+00 -2.1140896314507979e-03
5.8479780222168403e+00 -2.1122683437289182e-03
5.8485616412470289e+00 -2.1104486216005848e-03
5.8491452602772176e+00 -2.1086304637259684e-03
5.8497288793074054e+00 -2.1068138687663734e-03
5.8503124983375940e+00 -2.1049988353842204e-03
5.8508961173677827e+00 -2.1031853622430910e-03
5.8514797363979705e+00 -2.1013734480076832e-03
5.8520633554281591e+00 -2.0995630913438301e-03
5.8526469744583478e+00 -2.0977542909185027e-03
5.8532305934885356e+00 -2.0959470453997958e-03
5.8538142125187242e+00 -2.0941413534569350e-03
5.8543978315489129e+00 -2.0923372137602800e-03
5.8549814505791007e+00 -2.0905346249813126e-03
5.8555650696092894e+00 -2.0887335857926407e-03
5.8561486886394780e+00 -2.0869340948680053e-03
5.8567323076696658e+00 -2.0851361508822655e-03
5.8573159266998545e+00 -2.0833397525114061e-03
5.8578995457300431e+00 -2.0815448984325357e-03
5.8584831647602309e+00 -2.0797515873238873e-03
5.8590667837904196e+00 -2.0779598178648118e-03
5.8596504028206082e+00 -2.0761695887357794e-03
5.8602340218507960e+00 -2.0743808986183852e-03
5.8608176408809847e+00 -2.0725937461953388e-03
5.8614012599111733e+00 -2.0708081301504659e-03
5.8619848789413620e+00 -2.0690240491687117e-03
5.8625684979715498e+00 -2.0672415019361411e-03
5.8631521170017384e+00 -2.0654604871399211e-03
5.8637357360319271e+00 -2.0636810034683440e-03
5.8643193550621149e+00 -2.0619030496108149e-03
5.8649029740923035e+00 -2.0601266242578401e-03
5.8654865931224922e+00 -2.0583517261010477e-03
5.8660702121526800e+00 -2.0565783538331753e-03
5.8666538311828687e+00 -2.0548065061480611e-03
5.8672374502130573e+00 -2.0530361817406614e-03
5.8678210692432451e+00 -2.0512673793070335e-03
5.8684046882734338e+00 -2.0495000975443421e-03
5.8689883073036224e+00 -2.0477343351508622e-03
5.8695719263338102e+00 -2.0459700908259668e-03
5.8701555453639989e+00 -2.0442073632701346e-03
5.8707391643941875e+00 -2.0424461511849507e-03
5.8713227834243753e+00 -2.0406864532730982e-03
5.8719064024545640e+00 -2.0389282682383597e-03
5.8724900214847526e+00 -2.0371715947856239e-03
5.8730736405149404e+00 -2.0354164316208727e-03
5.8736572595451291e+00 -2.0336627774511879e-03
5.8742408785753177e+00 -2.0319106309847489e-03
5.8748244976055055e+00 -2.0301599909308323e-03
5.8754081166356942e+00 -2.0284108559998093e-03
5.8759917356658828e+00 -2.0266632249031405e-03
5.8765753546960706e+00 -2.0249170963533951e-03
5.8771589737262593e+00 -2.0231724690642169e-03
5.8777425927564479e+00 -2.0214293417503484e-03
5.8783262117866366e+00 -2.0196877131276286e-03
5.8789098308168244e+00 -2.0179475819129856e-03
5.8794934498470131e+00 -2.0162089468244203e-03
5.8800770688772017e+00 -2.0144718065810432e-03
5.8806606879073895e+00 -2.0127361599030459e-03
5.8812443069375782e+00 -2.0110020055116922e-03
5.8818279259677668e+00 -2.0092693421293519e-03
5.8824115449979546e+00 -2.0075381684794662e-03
5.8829951640281433e+00 -2.0058084832865622e-03
5.8835787830583319e+00 -2.0040802852762550e-03
5.8841624020885197e+00 -2.0023535731752353e-03
5.8847460211187084e+00 -2.0006283457112742e-03
5.8853296401488970e+00 -1.9989046016132307e-03
5.8859132591790848e+00 -1.9971823396110352e-03
5.8864968782092735e+00 -1.9954615584356953e-03
