3.9967707535835051e-01 9.5815349525443183e-01
4.0129344632456787e-01 9.5798612599093280e-01
4.0290981729078529e-01 9.5781877195449416e-01
4.0452618825700265e-01 9.5765143314740186e-01
4.0614255922322001e-01 9.5748410957194052e-01
4.0775893018943743e-01 9.5731680123039420e-01
4.0937530115565479e-01 9.5714950812504640e-01
4.1099167212187215e-01 9.5698223025817919e-01
4.1260804308808952e-01 9.5681496763207385e-01
4.1422441405430693e-01 9.5664772024901124e-01
4.1584078502052430e-01 9.5648048811127062e-01
4.1745715598674166e-01 9.5631327122113075e-01
4.1907352695295907e-01 9.5614606958086967e-01
4.2068989791917644e-01 9.5597888319276414e-01
4.2230626888539380e-01 9.5581171205909043e-01
4.2392263985161122e-01 9.5564455618212329e-01
4.2553901081782858e-01 9.5547741556413746e-01
4.2715538178404594e-01 9.5531029020740599e-01
4.2877175275026336e-01 9.5514318011420118e-01
4.3038812371648072e-01 9.5497608528679523e-01
4.3200449468269808e-01 9.5480900572745830e-01
4.3362086564891544e-01 9.5464194143846060e-01
4.3523723661513286e-01 9.5447489242207073e-01
4.3685360758135022e-01 9.5430785868055679e-01
4.3846997854756764e-01 9.5414084021618595e-01
4.4008634951378500e-01 9.5397383703122463e-01
4.4170272048000236e-01 9.5380684912793778e-01
4.4331909144621973e-01 9.5363987650859028e-01
4.4493546241243714e-01 9.5347291917544541e-01
4.4655183337865451e-01 9.5330597713076604e-01
4.4816820434487187e-01 9.5313905037681379e-01
4.4978457531108929e-01 9.5297213891584942e-01
4.5140094627730665e-01 9.5280524275013312e-01
4.5301731724352401e-01 9.5263836188192408e-01
4.5463368820974143e-01 9.5247149631348049e-01
4.5625005917595879e-01 9.5230464604705956e-01
4.5786643014217615e-01 9.5213781108491757e-01
4.5948280110839357e-01 9.5197099142931019e-01
4.6109917207461093e-01 9.5180418708249226e-01
4.6271554304082829e-01 9.5163739804671710e-01
4.6433191400704565e-01 9.5147062432423801e-01
4.6594828497326307e-01 9.5130386591730665e-01
4.6756465593948043e-01 9.5113712282817386e-01
4.6918102690569785e-01 9.5097039505909042e-01
4.7079739787191521e-01 9.5080368261230508e-01
4.7241376883813258e-01 9.5063698549006659e-01
4.7403013980434994e-01 9.5047030369462204e-01
4.7564651077056735e-01 9.5030363722821820e-01
4.7726288173678472e-01 9.5013698609310082e-01
4.7887925270300208e-01 9.4997035029151466e-01
4.8049562366921950e-01 9.4980372982570371e-01
4.8211199463543686e-01 9.4963712469791084e-01
4.8372836560165422e-01 9.4947053491037814e-01
4.8534473656787158e-01 9.4930396046534704e-01
4.8696110753408900e-01 9.4913740136505753e-01
4.8857747850030636e-01 9.4897085761174926e-01
4.9019384946652378e-01 9.4880432920766089e-01
4.9181022043274114e-01 9.4863781615502951e-01
4.9342659139895850e-01 9.4847131845609267e-01
4.9504296236517586e-01 9.4830483611308547e-01
4.9665933333139328e-01 9.4813836912824323e-01
4.9827570429761064e-01 9.4797191750379983e-01
4.9989207526382806e-01 9.4780548124198860e-01
5.0150844623004542e-01 9.4763906034504175e-01
5.0312481719626279e-01 9.4747265481519050e-01
5.0474118816248015e-01 9.4730626465466550e-01
5.0635755912869751e-01 9.4713988986569619e-01
5.0797393009491487e-01 9.4697353045051136e-01
5.0959030106113234e-01 9.4680718641133854e-01
5.1120667202734971e-01 9.4664085775040496e-01
5.1282304299356707e-01 9.4647454446993629e-01
5.1443941395978443e-01 9.4630824657215773e-01
5.1605578492600179e-01 9.4614196405929341e-01
5.1767215589221915e-01 9.4597569693356687e-01
5.1928852685843663e-01 9.4580944519720012e-01
5.2090489782465399e-01 9.4564320885241482e-01
5.2252126879087135e-01 9.4547698790143175e-01
5.2413763975708871e-01 9.4531078234647026e-01
5.2575401072330608e-01 9.4514459218974944e-01
5.2737038168952344e-01 9.4497841743348687e-01
5.2898675265574080e-01 9.4481225807989977e-01
5.3060312362195827e-01 9.4464611413120436e-01
5.3221949458817563e-01 9.4447998558961554e-01
5.3383586555439300e-01 9.4431387245734777e-01
5.3545223652061036e-01 9.4414777473661460e-01
5.3706860748682772e-01 9.4398169242962837e-01
5.3868497845304519e-01 9.4381562553860066e-01
5.4030134941926256e-01 9.4364957406574201e-01
5.4191772038547992e-01 9.4348353801326279e-01
5.4353409135169728e-01 9.4331751738337144e-01
5.4515046231791464e-01 9.4315151217827597e-01
5.4676683328413200e-01 9.4298552240018374e-01
5.4838320425034937e-01 9.4281954805130086e-01
5.4999957521656673e-01 9.4265358913383246e-01
5.5161594618278420e-01 9.4248764564998333e-01
5.5323231714900156e-01 9.4232171760195660e-01
5.5484868811521892e-01 9.4215580499195517e-01
5.5646505908143629e-01 9.4198990782218062e-01
5.5808143004765365e-01 9.4182402609483351e-01
5.5969780101387112e-01 9.4165815981211420e-01
5.6131417198008848e-01 9.4149230897622149e-01
5.6293054294630585e-01 9.4132647358935340e-01
5.6454691391252321e-01 9.4116065365370738e-01
5.6616328487874057e-01 9.4099484917147946e-01
5.6777965584495793e-01 9.4082906014486534e-01
5.6939602681117529e-01 9.4066328657605924e-01
5.7101239777739266e-01 9.4049752846725510e-01
5.7262876874361013e-01 9.4033178582064525e-01
5.7424513970982749e-01 9.4016605863842151e-01
5.7586151067604485e-01 9.4000034692277512e-01
5.7747788164226221e-01 9.3983465067589589e-01
5.7909425260847958e-01 9.3966896989997295e-01
5.8071062357469705e-01 9.3950330459719444e-01
5.8232699454091441e-01 9.3933765476974751e-01
5.8394336550713177e-01 9.3917202041981884e-01
5.8555973647334914e-01 9.3900640154959381e-01
5.8717610743956650e-01 9.3884079816125687e-01
5.8879247840578386e-01 9.3867521025699197e-01
5.9040884937200122e-01 9.3850963783898167e-01
5.9202522033821858e-01 9.3834408090940791e-01
5.9364159130443606e-01 9.3817853947045171e-01
5.9525796227065342e-01 9.3801301352429300e-01
5.9687433323687078e-01 9.3784750307311104e-01
5.9849070420308814e-01 9.3768200811908420e-01
6.0010707516930561e-01 9.3751652866438995e-01
6.0172344613552298e-01 9.3735106471120422e-01
6.0333981710174034e-01 9.3718561626170294e-01
6.0495618806795770e-01 9.3702018331806092e-01
6.0657255903417506e-01 9.3685476588245176e-01
6.0818893000039242e-01 9.3668936395704816e-01
6.0980530096660979e-01 9.3652397754402217e-01
6.1142167193282715e-01 9.3635860664554493e-01
6.1303804289904451e-01 9.3619325126378627e-01
6.1465441386526198e-01 9.3602791140091568e-01
6.1627078483147935e-01 9.3586258705910164e-01
6.1788715579769671e-01 9.3569727824051119e-01
6.1950352676391407e-01 9.3553198494731116e-01
6.2111989773013154e-01 9.3536670718166692e-01
6.2273626869634890e-01 9.3520144494574342e-01
6.2435263966256627e-01 9.3503619824170425e-01
6.2596901062878363e-01 9.3487096707171224e-01
6.2758538159500099e-01 9.3470575143792989e-01
6.2920175256121835e-01 9.3454055134251779e-01
6.3081812352743571e-01 9.3437536678763600e-01
6.3243449449365308e-01 9.3421019777544456e-01
6.3405086545987055e-01 9.3404504430810087e-01
6.3566723642608791e-01 9.3387990638776319e-01
6.3728360739230527e-01 9.3371478401658781e-01
6.3889997835852264e-01 9.3354967719673032e-01
6.4051634932474000e-01 9.3338458593034535e-01
6.4213272029095747e-01 9.3321951021958693e-01
6.4374909125717483e-01 9.3305445006660803e-01
6.4536546222339219e-01 9.3288940547356070e-01
6.4698183318960956e-01 9.3272437644259598e-01
6.4859820415582692e-01 9.3255936297586417e-01
6.5021457512204428e-01 9.3239436507551432e-01
6.5183094608826164e-01 9.3222938274369516e-01
6.5344731705447900e-01 9.3206441598255430e-01
6.5506368802069637e-01 9.3189946479423791e-01
6.5668005898691384e-01 9.3173452918089184e-01
6.5829642995313120e-01 9.3156960914466092e-01
6.5991280091934856e-01 9.3140470468768899e-01
6.6152917188556604e-01 9.3123981581211912e-01
6.6314554285178340e-01 9.3107494252009326e-01
6.6476191381800076e-01 9.3091008481375248e-01
6.6637828478421812e-01 9.3074524269523740e-01
6.6799465575043548e-01 9.3058041616668685e-01
6.6961102671665285e-01 9.3041560523023970e-01
6.7122739768287021e-01 9.3025080988803333e-01
6.7284376864908757e-01 9.3008603014220426e-01
6.7446013961530493e-01 9.2992126599488811e-01
6.7607651058152229e-01 9.2975651744821985e-01
6.7769288154773977e-01 9.2959178450433355e-01
6.7930925251395713e-01 9.2942706716536183e-01
6.8092562348017449e-01 9.2926236543343688e-01
6.8254199444639196e-01 9.2909767931069009e-01
6.8415836541260933e-01 9.2893300879925134e-01
6.8577473637882669e-01 9.2876835390125023e-01
6.8739110734504405e-01 9.2860371461881508e-01
6.8900747831126141e-01 9.2843909095407373e-01
6.9062384927747877e-01 9.2827448290915238e-01
6.9224022024369614e-01 9.2810989048617687e-01
6.9385659120991350e-01 9.2794531368727207e-01
6.9547296217613086e-01 9.2778075251456182e-01
6.9708933314234833e-01 9.2761620697016922e-01
6.9870570410856569e-01 9.2745167705621645e-01
7.0032207507478306e-01 9.2728716277482426e-01
7.0193844604100042e-01 9.2712266412811339e-01
7.0355481700721789e-01 9.2695818111820272e-01
7.0517118797343525e-01 9.2679371374721120e-01
7.0678755893965262e-01 9.2662926201725582e-01
7.0840392990586998e-01 9.2646482593045354e-01
7.1002030087208734e-01 9.2630040548892001e-01
7.1163667183830470e-01 9.2613600069476987e-01
7.1325304280452206e-01 9.2597161155011742e-01
7.1486941377073943e-01 9.2580723805707510e-01
7.1648578473695679e-01 9.2564288021775532e-01
7.1810215570317426e-01 9.2547853803426916e-01
7.1971852666939162e-01 9.2531421150872695e-01
7.2133489763560898e-01 9.2514990064323788e-01
7.2295126860182635e-01 9.2498560543991049e-01
7.2456763956804382e-01 9.2482132590085209e-01
7.2618401053426118e-01 9.2465706202816933e-01
7.2780038150047854e-01 9.2449281382396808e-01
7.2941675246669591e-01 9.2432858129035333e-01
7.3103312343291327e-01 9.2416436442942840e-01
7.3264949439913063e-01 9.2400016324329659e-01
7.3426586536534799e-01 9.2383597773405968e-01
7.3588223633156535e-01 9.2367180790381909e-01
7.3749860729778272e-01 9.2350765375467514e-01
7.3911497826400019e-01 9.2334351528872660e-01
7.4073134923021755e-01 9.2317939250807246e-01
7.4234772019643491e-01 9.2301528541480982e-01
7.4396409116265239e-01 9.2285119401103555e-01
7.4558046212886975e-01 9.2268711829884487e-01
7.4719683309508711e-01 9.2252305828033287e-01
7.4881320406130447e-01 9.2235901395759368e-01
7.5042957502752183e-01 9.2219498533271949e-01
7.5204594599373920e-01 9.2203097240780274e-01
7.5366231695995656e-01 9.2186697518493455e-01
7.5527868792617392e-01 9.2170299366620512e-01
7.5689505889239128e-01 9.2153902785370334e-01
7.5851142985860864e-01 9.2137507774951821e-01
7.6012780082482612e-01 9.2121114335573673e-01
7.6174417179104348e-01 9.2104722467444533e-01
7.6336054275726084e-01 9.2088332170773002e-01
7.6497691372347831e-01 9.2071943445767535e-01
7.6659328468969568e-01 9.2055556292636520e-01
7.6820965565591304e-01 9.2039170711588225e-01
7.6982602662213040e-01 9.2022786702830850e-01
7.7144239758834776e-01 9.2006404266572506e-01
7.7305876855456512e-01 9.1990023403021226e-01
7.7467513952078249e-01 9.1973644112384900e-01
7.7629151048699985e-01 9.1957266394871384e-01
7.7790788145321721e-01 9.1940890250688379e-01
7.7952425241943457e-01 9.1924515680043595e-01
7.8114062338565204e-01 9.1908142683144534e-01
7.8275699435186941e-01 9.1891771260198707e-01
7.8437336531808677e-01 9.1875401411413427e-01
7.8598973628430424e-01 9.1859033136996027e-01
7.8760610725052160e-01 9.1842666437153697e-01
7.8922247821673897e-01 9.1826301312093517e-01
7.9083884918295633e-01 9.1809937762022520e-01
7.9245522014917369e-01 9.1793575787147585e-01
7.9407159111539105e-01 9.1777215387675548e-01
7.9568796208160841e-01 9.1760856563813187e-01
7.9730433304782578e-01 9.1744499315767081e-01
7.9892070401404314e-01 9.1728143643743820e-01
8.0053707498026061e-01 9.1711789547949829e-01
8.0215344594647797e-01 9.1695437028591509e-01
8.0376981691269533e-01 9.1679086085875150e-01
8.0538618787891270e-01 9.1662736720006877e-01
8.0700255884513017e-01 9.1646388931192824e-01
8.0861892981134753e-01 9.1630042719639004e-01
8.1023530077756489e-01 9.1613698085551287e-01
8.1185167174378225e-01 9.1597355029135530e-01
8.1346804270999962e-01 9.1581013550597412e-01
8.1508441367621698e-01 9.1564673650142625e-01
8.1670078464243434e-01 9.1548335327976671e-01
8.1831715560865170e-01 9.1531998584305030e-01
8.1993352657486906e-01 9.1515663419333027e-01
8.2154989754108654e-01 9.1499329833265930e-01
8.2316626850730390e-01 9.1482997826308965e-01
8.2478263947352126e-01 9.1466667398667190e-01
8.2639901043973862e-01 9.1450338550545573e-01
8.2801538140595610e-01 9.1434011282149041e-01
8.2963175237217346e-01 9.1417685593682418e-01
8.3124812333839082e-01 9.1401361485350374e-01
8.3286449430460818e-01 9.1385038957357578e-01
8.3448086527082554e-01 9.1368718009908556e-01
8.3609723623704291e-01 9.1352398643207744e-01
8.3771360720326027e-01 9.1336080857459490e-01
8.3932997816947763e-01 9.1319764652868052e-01
8.4094634913569499e-01 9.1303450029637612e-01
8.4256272010191247e-01 9.1287136987972228e-01
8.4417909106812983e-01 9.1270825528075916e-01
8.4579546203434719e-01 9.1254515650152535e-01
8.4741183300056466e-01 9.1238207354405865e-01
8.4902820396678202e-01 9.1221900641039677e-01
8.5064457493299939e-01 9.1205595510257531e-01
8.5226094589921675e-01 9.1189291962262997e-01
8.5387731686543411e-01 9.1172989997259490e-01
8.5549368783165147e-01 9.1156689615450348e-01
8.5711005879786883e-01 9.1140390817038808e-01
8.5872642976408620e-01 9.1124093602228040e-01
8.6034280073030356e-01 9.1107797971221116e-01
8.6195917169652092e-01 9.1091503924220996e-01
8.6357554266273839e-01 9.1075211461430583e-01
8.6519191362895576e-01 9.1058920583052649e-01
8.6680828459517312e-01 9.1042631289289888e-01
8.6842465556139059e-01 9.1026343580344915e-01
8.7004102652760795e-01 9.1010057456420257e-01
8.7165739749382531e-01 9.0993772917718319e-01
8.7327376846004268e-01 9.0977489964441416e-01
8.7489013942626004e-01 9.0961208596791798e-01
8.7650651039247740e-01 9.0944928814971659e-01
8.7812288135869476e-01 9.0928650619182971e-01
8.7973925232491212e-01 9.0912374009627761e-01
8.8135562329112949e-01 9.0896098986507867e-01
8.8297199425734685e-01 9.0879825550025073e-01
8.8458836522356432e-01 9.0863553700381094e-01
8.8620473618978168e-01 9.0847283437777471e-01
8.8782110715599905e-01 9.0831014762415752e-01
8.8943747812221652e-01 9.0814747674497309e-01
8.9105384908843388e-01 9.0798482174223494e-01
8.9267022005465124e-01 9.0782218261795522e-01
8.9428659102086860e-01 9.0765955937414511e-01
8.9590296198708597e-01 9.0749695201281522e-01
8.9751933295330333e-01 9.0733436053597527e-01
8.9913570391952069e-01 9.0717178494563322e-01
9.0075207488573805e-01 9.0700922524379735e-01
9.0236844585195553e-01 9.0684668143247404e-01
9.0398481681817289e-01 9.0668415351366904e-01
9.0560118778439025e-01 9.0652164148938752e-01
9.0721755875060761e-01 9.0635914536163342e-01
9.0883392971682497e-01 9.0619666513240960e-01
9.1045030068304234e-01 9.0603420080371821e-01
9.1206667164925981e-01 9.0587175237756068e-01
9.1368304261547717e-01 9.0570931985593717e-01
9.1529941358169453e-01 9.0554690324084697e-01
9.1691578454791189e-01 9.0538450253428859e-01
9.1853215551412926e-01 9.0522211773825945e-01
9.2014852648034662e-01 9.0505974885475649e-01
9.2176489744656398e-01 9.0489739588577500e-01
9.2338126841278145e-01 9.0473505883330985e-01
9.2499763937899881e-01 9.0457273769935509e-01
9.2661401034521618e-01 9.0441043248590336e-01
9.2823038131143354e-01 9.0424814319494673e-01
9.2984675227765090e-01 9.0408586982847639e-01
9.3146312324386826e-01 9.0392361238848218e-01
9.3307949421008574e-01 9.0376137087695352e-01
9.3469586517630310e-01 9.0359914529587904e-01
9.3631223614252046e-01 9.0343693564724548e-01
9.3792860710873782e-01 9.0327474193303969e-01
9.3954497807495518e-01 9.0311256415524688e-01
9.4116134904117255e-01 9.0295040231585233e-01
9.4277772000738991e-01 9.0278825641683902e-01
9.4439409097360738e-01 9.0262612646019003e-01
9.4601046193982474e-01 9.0246401244788688e-01
9.4762683290604210e-01 9.0230191438191110e-01
9.4924320387225947e-01 9.0213983226424210e-01
9.5085957483847683e-01 9.0197776609685920e-01
9.5247594580469419e-01 9.0181571588174059e-01
9.5409231677091166e-01 9.0165368162086357e-01
9.5570868773712903e-01 9.0149166331620401e-01
9.5732505870334639e-01 9.0132966096973777e-01
9.5894142966956375e-01 9.0116767458343905e-01
9.6055780063578111e-01 9.0100570415928127e-01
9.6217417160199847e-01 9.0084374969923731e-01
9.6379054256821595e-01 9.0068181120527868e-01
9.6540691353443331e-01 9.0051988867937605e-01
9.6702328450065067e-01 9.0035798212349949e-01
9.6863965546686803e-01 9.0019609153961766e-01
9.7025602643308539e-01 9.0003421692969865e-01
9.7187239739930276e-01 8.9987235829570966e-01
9.7348876836552012e-01 8.9971051563961668e-01
9.7510513933173759e-01 8.9954868896338480e-01
9.7672151029795495e-01 8.9938687826897834e-01
9.7833788126417232e-01 8.9922508355836084e-01
9.7995425223038968e-01 8.9906330483349473e-01
9.8157062319660704e-01 8.9890154209634121e-01
9.8318699416282440e-01 8.9873979534886117e-01
9.8480336512904187e-01 8.9857806459301426e-01
9.8641973609525924e-01 8.9841634983075891e-01
9.8803610706147660e-01 8.9825465106405311e-01
9.8965247802769396e-01 8.9809296829485363e-01
9.9126884899391132e-01 8.9793130152511691e-01
9.9288521996012868e-01 8.9776965075679727e-01
9.9450159092634616e-01 8.9760801599184936e-01
9.9611796189256352e-01 8.9744639723222608e-01
9.9773433285878088e-01 8.9728479447987974e-01
9.9935070382499824e-01 8.9712320773676169e-01
1.0009670747912156e+00 8.9696163700482245e-01
1.0025834457574330e+00 8.9680008228601116e-01
1.0041998167236503e+00 8.9663854358227668e-01
1.0058161876898679e+00 8.9647702089556625e-01
1.0074325586560851e+00 8.9631551422782718e-01
1.0090489296223026e+00 8.9615402358100471e-01
1.0106653005885198e+00 8.9599254895704383e-01
1.0122816715547374e+00 8.9583109035788844e-01
1.0138980425209545e+00 8.9566964778548164e-01
1.0155144134871721e+00 8.9550822124176532e-01
1.0171307844533894e+00 8.9534681072868094e-01
1.0187471554196068e+00 8.9518541624816839e-01
1.0203635263858242e+00 8.9502403780216699e-01
1.0219798973520415e+00 8.9486267539261521e-01
1.0235962683182589e+00 8.9470132902145016e-01
1.0252126392844763e+00 8.9453999869060885e-01
1.0268290102506938e+00 8.9437868440202661e-01
1.0284453812169110e+00 8.9421738615763802e-01
1.0300617521831286e+00 8.9405610395937696e-01
1.0316781231493457e+00 8.9389483780917589e-01
1.0332944941155633e+00 8.9373358770896705e-01
1.0349108650817804e+00 8.9357235366068111e-01
1.0365272360479980e+00 8.9341113566624808e-01
1.0381436070142154e+00 8.9324993372759731e-01
1.0397599779804327e+00 8.9308874784665704e-01
1.0413763489466501e+00 8.9292757802535372e-01
1.0429927199128675e+00 8.9276642426561448e-01
1.0446090908790848e+00 8.9260528656936433e-01
1.0462254618453022e+00 8.9244416493852774e-01
1.0478418328115198e+00 8.9228305937502828e-01
1.0494582037777369e+00 8.9212196988078840e-01
1.0510745747439545e+00 8.9196089645773002e-01
1.0526909457101716e+00 8.9179983910777361e-01
1.0543073166763892e+00 8.9163879783283895e-01
1.0559236876426064e+00 8.9147777263484518e-01
1.0575400586088239e+00 8.9131676351570988e-01
1.0591564295750413e+00 8.9115577047735017e-01
1.0607728005412587e+00 8.9099479352168254e-01
1.0623891715074760e+00 8.9083383265062166e-01
1.0640055424736934e+00 8.9067288786608190e-01
1.0656219134399108e+00 8.9051195916997661e-01
1.0672382844061281e+00 8.9035104656421804e-01
1.0688546553723457e+00 8.9019015005071778e-01
1.0704710263385628e+00 8.9002926963138618e-01
1.0720873973047804e+00 8.8986840530813305e-01
1.0737037682709976e+00 8.8970755708286686e-01
1.0753201392372151e+00 8.8954672495749532e-01
1.0769365102034323e+00 8.8938590893392522e-01
1.0785528811696499e+00 8.8922510901406260e-01
1.0801692521358672e+00 8.8906432519981216e-01
1.0817856231020846e+00 8.8890355749307803e-01
1.0834019940683020e+00 8.8874280589576338e-01
1.0850183650345193e+00 8.8858207040976989e-01
1.0866347360007367e+00 8.8842135103699948e-01
1.0882511069669540e+00 8.8826064777935188e-01
1.0898674779331716e+00 8.8809996063872676e-01
1.0914838488993888e+00 8.8793928961702218e-01
1.0931002198656063e+00 8.8777863471613594e-01
1.0947165908318235e+00 8.8761799593796453e-01
1.0963329617980411e+00 8.8745737328440366e-01
1.0979493327642584e+00 8.8729676675734792e-01
1.0995657037304758e+00 8.8713617635869113e-01
1.1011820746966932e+00 8.8697560209032589e-01
1.1027984456629105e+00 8.8681504395414457e-01
1.1044148166291279e+00 8.8665450195203788e-01
1.1060311875953452e+00 8.8649397608589575e-01
1.1076475585615626e+00 8.8633346635760735e-01
1.1092639295277800e+00 8.8617297276906115e-01
1.1108803004939976e+00 8.8601249532214421e-01
1.1124966714602147e+00 8.8585203401874280e-01
1.1141130424264323e+00 8.8569158886074217e-01
1.1157294133926494e+00 8.8553115985002728e-01
1.1173457843588670e+00 8.8537074698848106e-01
1.1189621553250844e+00 8.8521035027798656e-01
1.1205785262913017e+00 8.8504996972042527e-01
1.1221948972575191e+00 8.8488960531767802e-01
1.1238112682237364e+00 8.8472925707162431e-01
1.1254276391899538e+00 8.8456892498414330e-01
1.1270440101561712e+00 8.8440860905711294e-01
1.1286603811223885e+00 8.8424830929241027e-01
1.1302767520886059e+00 8.8408802569191092e-01
1.1318931230548235e+00 8.8392775825749059e-01
1.1335094940210406e+00 8.8376750699102324e-01
1.1351258649872582e+00 8.8360727189438215e-01
1.1367422359534753e+00 8.8344705296943982e-01
1.1383586069196929e+00 8.8328685021806741e-01
1.1399749778859103e+00 8.8312666364213555e-01
1.1415913488521277e+00 8.8296649324351362e-01
1.1432077198183450e+00 8.8280633902407080e-01
1.1448240907845624e+00 8.8264620098567392e-01
1.1464404617507797e+00 8.8248607913019061e-01
1.1480568327169971e+00 8.8232597345948605e-01
1.1496732036832145e+00 8.8216588397542528e-01
1.1512895746494318e+00 8.8200581067987249e-01
1.1529059456156494e+00 8.8184575357469031e-01
1.1545223165818665e+00 8.8168571266174123e-01
1.1561386875480841e+00 8.8152568794288622e-01
1.1577550585143013e+00 8.8136567941998545e-01
1.1593714294805189e+00 8.8120568709489844e-01
1.1609878004467362e+00 8.8104571096948314e-01
1.1626041714129536e+00 8.8088575104559730e-01
1.1642205423791709e+00 8.8072580732509753e-01
1.1658369133453883e+00 8.8056587980983891e-01
1.1674532843116057e+00 8.8040596850167652e-01
1.1690696552778230e+00 8.8024607340246375e-01
1.1706860262440406e+00 8.8008619451405345e-01
1.1723023972102578e+00 8.7992633183829760e-01
1.1739187681764753e+00 8.7976648537704694e-01
1.1755351391426925e+00 8.7960665513215130e-01
1.1771515101089101e+00 8.7944684110545990e-01
1.1787678810751272e+00 8.7928704329882090e-01
1.1803842520413448e+00 8.7912726171408140e-01
1.1820006230075621e+00 8.7896749635308735e-01
1.1836169939737795e+00 8.7880774721768407e-01
1.1852333649399969e+00 8.7864801430971640e-01
1.1868497359062142e+00 8.7848829763102743e-01
1.1884661068724316e+00 8.7832859718345946e-01
1.1900824778386490e+00 8.7816891296885424e-01
1.1916988488048665e+00 8.7800924498905253e-01
1.1933152197710837e+00 8.7784959324589373e-01
1.1949315907373013e+00 8.7768995774121672e-01
1.1965479617035184e+00 8.7753033847685924e-01
1.1981643326697360e+00 8.7737073545465838e-01
1.1997807036359531e+00 8.7721114867644989e-01
1.2013970746021707e+00 8.7705157814406864e-01
1.2030134455683881e+00 8.7689202385934883e-01
1.2046298165346054e+00 8.7673248582412389e-01
1.2062461875008228e+00 8.7657296404022556e-01
1.2078625584670402e+00 8.7641345850948560e-01
1.2094789294332575e+00 8.7625396923373400e-01
1.2110953003994749e+00 8.7609449621479984e-01
1.2127116713656925e+00 8.7593503945451234e-01
1.2143280423319096e+00 8.7577559895469848e-01
1.2159444132981272e+00 8.7561617471718500e-01
1.2175607842643443e+00 8.7545676674379769e-01
1.2191771552305619e+00 8.7529737503636107e-01
1.2207935261967791e+00 8.7513799959669902e-01
1.2224098971629966e+00 8.7497864042663431e-01
1.2240262681292140e+00 8.7481929752798893e-01
1.2256426390954314e+00 8.7465997090258396e-01
1.2272590100616487e+00 8.7450066055223918e-01
1.2288753810278661e+00 8.7434136647877370e-01
1.2304917519940834e+00 8.7418208868400615e-01
1.2321081229603008e+00 8.7402282716975321e-01
1.2337244939265184e+00 8.7386358193783154e-01
1.2353408648927355e+00 8.7370435299005611e-01
1.2369572358589531e+00 8.7354514032824182e-01
1.2385736068251703e+00 8.7338594395420199e-01
1.2401899777913878e+00 8.7322676386974873e-01
1.2418063487576050e+00 8.7306760007669448e-01
1.2434227197238226e+00 8.7290845257684935e-01
1.2450390906900399e+00 8.7274932137202310e-01
1.2466554616562573e+00 8.7259020646402474e-01
1.2482718326224747e+00 8.7243110785466205e-01
1.2498882035886920e+00 8.7227202554574201e-01
1.2515045745549094e+00 8.7211295953907064e-01
1.2531209455211267e+00 8.7195390983645260e-01
1.2547373164873443e+00 8.7179487643969267e-01
1.2563536874535615e+00 8.7163585935059340e-01
1.2579700584197790e+00 8.7147685857095769e-01
1.2595864293859962e+00 8.7131787410258621e-01
1.2612028003522138e+00 8.7115890594727985e-01
1.2628191713184309e+00 8.7099995410683761e-01
1.2644355422846485e+00 8.7084101858305851e-01
1.2660519132508659e+00 8.7068209937773955e-01
1.2676682842170832e+00 8.7052319649267762e-01
1.2692846551833006e+00 8.7036430992966851e-01
1.2709010261495179e+00 8.7020543969050690e-01
1.2725173971157353e+00 8.7004658577698657e-01
1.2741337680819527e+00 8.6988774819090009e-01
1.2757501390481703e+00 8.6972892693404003e-01
1.2773665100143874e+00 8.6957012200819683e-01
1.2789828809806050e+00 8.6941133341516108e-01
1.2805992519468221e+00 8.6925256115672134e-01
1.2822156229130397e+00 8.6909380523466606e-01
1.2838319938792568e+00 8.6893506565078271e-01
1.2854483648454744e+00 8.6877634240685719e-01
1.2870647358116918e+00 8.6861763550467508e-01
1.2886811067779091e+00 8.6845894494602094e-01
1.2902974777441265e+00 8.6830027073267790e-01
1.2919138487103439e+00 8.6814161286642899e-01
1.2935302196765612e+00 8.6798297134905522e-01
1.2951465906427786e+00 8.6782434618233795e-01
1.2967629616089962e+00 8.6766573736805663e-01
1.2983793325752133e+00 8.6750714490798986e-01
1.2999957035414309e+00 8.6734856880391564e-01
1.3016120745076480e+00 8.6719000905761123e-01
1.3032284454738656e+00 8.6703146567085188e-01
1.3048448164400830e+00 8.6687293864541359e-01
1.3064611874063004e+00 8.6671442798306964e-01
1.3080775583725177e+00 8.6655593368559369e-01
1.3096939293387351e+00 8.6639745575475768e-01
1.3113103003049524e+00 8.6623899419233319e-01
1.3129266712711698e+00 8.6608054900009035e-01
1.3145430422373872e+00 8.6592212017979875e-01
1.3161594132036045e+00 8.6576370773322664e-01
1.3177757841698221e+00 8.6560531166214183e-01
1.3193921551360392e+00 8.6544693196831068e-01
1.3210085261022568e+00 8.6528856865349890e-01
1.3226248970684740e+00 8.6513022171947118e-01
1.3242412680346916e+00 8.6497189116799167e-01
1.3258576390009089e+00 8.6481357700082284e-01
1.3274740099671263e+00 8.6465527921972640e-01
1.3290903809333436e+00 8.6449699782646394e-01
1.3307067518995610e+00 8.6433873282279505e-01
1.3323231228657784e+00 8.6418048421047877e-01
1.3339394938319957e+00 8.6402225199127358e-01
1.3355558647982131e+00 8.6386403616693630e-01
1.3371722357644305e+00 8.6370583673922352e-01
1.3387886067306480e+00 8.6354765370989028e-01
1.3404049776968652e+00 8.6338948708069096e-01
1.3420213486630828e+00 8.6323133685337949e-01
1.3436377196292999e+00 8.6307320302970769e-01
1.3452540905955175e+00 8.6291508561142771e-01
1.3468704615617348e+00 8.6275698460028993e-01
1.3484868325279522e+00 8.6259889999804396e-01
1.3501032034941696e+00 8.6244083180643860e-01
1.3517195744603869e+00 8.6228278002722181e-01
1.3533359454266043e+00 8.6212474466214006e-01
1.3549523163928217e+00 8.6196672571293975e-01
1.3565686873590390e+00 8.6180872318136559e-01
1.3581850583252564e+00 8.6165073706916151e-01
1.3598014292914740e+00 8.6149276737807090e-01
1.3614178002576911e+00 8.6133481410983581e-01
1.3630341712239087e+00 8.6117687726619752e-01
1.3646505421901258e+00 8.6101895684889618e-01
1.3662669131563434e+00 8.6086105285967096e-01
1.3678832841225608e+00 8.6070316530026070e-01
1.3694996550887781e+00 8.6054529417240277e-01
1.3711160260549955e+00 8.6038743947783336e-01
1.3727323970212129e+00 8.6022960121828840e-01
1.3743487679874302e+00 8.6007177939550217e-01
1.3759651389536476e+00 8.5991397401120873e-01
1.3775815099198652e+00 8.5975618506714047e-01
1.3791978808860823e+00 8.5959841256502956e-01
1.3808142518522999e+00 8.5944065650660662e-01
1.3824306228185170e+00 8.5928291689360170e-01
1.3840469937847346e+00 8.5912519372774365e-01
1.3856633647509518e+00 8.5896748701076076e-01
1.3872797357171693e+00 8.5880979674437996e-01
1.3888961066833867e+00 8.5865212293032744e-01
1.3905124776496041e+00 8.5849446557032827e-01
1.3921288486158214e+00 8.5833682466610706e-01
1.3937452195820388e+00 8.5817920021938687e-01
1.3953615905482561e+00 8.5802159223189012e-01
1.3969779615144735e+00 8.5786400070533864e-01
1.3985943324806911e+00 8.5770642564145227e-01
1.4002107034469082e+00 8.5754886704195121e-01
1.4018270744131256e+00 8.5739132490855363e-01
1.4034434453793432e+00 8.5723379924297760e-01
1.4050598163455605e+00 8.5707629004693964e-01
1.4066761873117779e+00 8.5691879732215570e-01
1.4082925582779953e+00 8.5676132107034042e-01
1.4099089292442126e+00 8.5660386129320787e-01
1.4115253002104300e+00 8.5644641799247101e-01
1.4131416711766474e+00 8.5628899116984170e-01
1.4147580421428647e+00 8.5613158082703134e-01
1.4163744131090821e+00 8.5597418696574989e-01
1.4179907840752994e+00 8.5581680958770656e-01
1.4196071550415168e+00 8.5565944869460986e-01
1.4212235260077342e+00 8.5550210428816653e-01
1.4228398969739515e+00 8.5534477637008366e-01
1.4244562679401691e+00 8.5518746494206610e-01
1.4260726389063865e+00 8.5503017000581882e-01
1.4276890098726038e+00 8.5487289156304502e-01
1.4293053808388212e+00 8.5471562961544756e-01
1.4309217518050386e+00 8.5455838416472796e-01
1.4325381227712559e+00 8.5440115521258675e-01
1.4341544937374733e+00 8.5424394276072402e-01
1.4357708647036906e+00 8.5408674681083874e-01
1.4373872356699080e+00 8.5392956736462844e-01
1.4390036066361254e+00 8.5377240442379010e-01
1.4406199776023427e+00 8.5361525799001992e-01
1.4422363485685601e+00 8.5345812806501298e-01
1.4438527195347775e+00 8.5330101465046326e-01
1.4454690905009950e+00 8.5314391774806397e-01
1.4470854614672124e+00 8.5298683735950731e-01
1.4487018324334298e+00 8.5282977348648459e-01
1.4503182033996471e+00 8.5267272613068645e-01
1.4519345743658645e+00 8.5251569529380178e-01
1.4535509453320818e+00 8.5235868097751943e-01
1.4551673162982992e+00 8.5220168318352674e-01
1.4567836872645166e+00 8.5204470191351034e-01
1.4584000582307339e+00 8.5188773716915611e-01
1.4600164291969513e+00 8.5173078895214827e-01
1.4616328001631687e+00 8.5157385726417079e-01
1.4632491711293860e+00 8.5141694210690655e-01
1.4648655420956034e+00 8.5126004348203732e-01
1.4664819130618210e+00 8.5110316139124387e-01
1.4680982840280383e+00 8.5094629583620640e-01
1.4697146549942557e+00 8.5078944681860402e-01
1.4713310259604730e+00 8.5063261434011428e-01
1.4729473969266904e+00 8.5047579840241505e-01
1.4745637678929078e+00 8.5031899900718200e-01
1.4761801388591251e+00 8.5016221615609056e-01
1.4777965098253425e+00 8.5000544985081483e-01
1.4794128807915599e+00 8.4984870009302871e-01
1.4810292517577772e+00 8.4969196688440407e-01
1.4826456227239946e+00 8.4953525022661258e-01
1.4842619936902119e+00 8.4937855012132468e-01
1.4858783646564293e+00 8.4922186657021026e-01
1.4874947356226469e+00 8.4906519957493753e-01
1.4891111065888643e+00 8.4890854913717451e-01
1.4907274775550816e+00 8.4875191525858773e-01
1.4923438485212990e+00 8.4859529794084332e-01
1.4939602194875163e+00 8.4843869718560561e-01
1.4955765904537337e+00 8.4828211299453904e-01
1.4971929614199511e+00 8.4812554536930651e-01
1.4988093323861684e+00 8.4796899431156969e-01
1.5004257033523858e+00 8.4781245982298992e-01
1.5020420743186031e+00 8.4765594190522719e-01
1.5036584452848205e+00 8.4749944055994109e-01
1.5052748162510379e+00 8.4734295578878949e-01
1.5068911872172555e+00 8.4718648759342974e-01
1.5085075581834728e+00 8.4703003597551807e-01
1.5101239291496902e+00 8.4687360093671027e-01
1.5117403001159075e+00 8.4671718247866057e-01
1.5133566710821249e+00 8.4656078060302253e-01
1.5149730420483423e+00 8.4640439531144884e-01
1.5165894130145596e+00 8.4624802660559095e-01
1.5182057839807770e+00 8.4609167448709965e-01
1.5198221549469944e+00 8.4593533895762463e-01
1.5214385259132117e+00 8.4577902001881478e-01
1.5230548968794291e+00 8.4562271767231778e-01
1.5246712678456464e+00 8.4546643191978066e-01
1.5262876388118638e+00 8.4531016276284965e-01
1.5279040097780814e+00 8.4515391020316921e-01
1.5295203807442987e+00 8.4499767424238370e-01
1.5311367517105161e+00 8.4484145488213624e-01
1.5327531226767335e+00 8.4468525212406897e-01
1.5343694936429508e+00 8.4452906596982313e-01
1.5359858646091682e+00 8.4437289642103930e-01
1.5376022355753856e+00 8.4421674347935638e-01
1.5392186065416029e+00 8.4406060714641284e-01
1.5408349775078203e+00 8.4390448742384627e-01
1.5424513484740376e+00 8.4374838431329335e-01
1.5440677194402550e+00 8.4359229781638922e-01
1.5456840904064724e+00 8.4343622793476880e-01
1.5473004613726897e+00 8.4328017467006577e-01
1.5489168323389073e+00 8.4312413802391240e-01
1.5505332033051247e+00 8.4296811799794114e-01
1.5521495742713420e+00 8.4281211459378247e-01
1.5537659452375594e+00 8.4265612781306620e-01
1.5553823162037768e+00 8.4250015765742137e-01
1.5569986871699941e+00 8.4234420412847599e-01
1.5586150581362115e+00 8.4218826722785700e-01
1.5602314291024288e+00 8.4203234695719065e-01
1.5618478000686462e+00 8.4187644331810196e-01
1.5634641710348636e+00 8.4172055631221532e-01
1.5650805420010809e+00 8.4156468594115363e-01
1.5666969129672983e+00 8.4140883220653961e-01
1.5683132839335157e+00 8.4125299510999441e-01
1.5699296548997332e+00 8.4109717465313860e-01
1.5715460258659506e+00 8.4094137083759146e-01
1.5731623968321680e+00 8.4078558366497158e-01
1.5747787677983853e+00 8.4062981313689666e-01
1.5763951387646027e+00 8.4047405925498320e-01
1.5780115097308201e+00 8.4031832202084689e-01
1.5796278806970374e+00 8.4016260143610244e-01
1.5812442516632548e+00 8.4000689750236390e-01
1.5828606226294721e+00 8.3985121022124376e-01
1.5844769935956895e+00 8.3969553959435428e-01
1.5860933645619069e+00 8.3953988562330606e-01
1.5877097355281242e+00 8.3938424830970937e-01
1.5893261064943418e+00 8.3922862765517314e-01
1.5909424774605592e+00 8.3907302366130554e-01
1.5925588484267765e+00 8.3891743632971372e-01
1.5941752193929939e+00 8.3876186566200395e-01
1.5957915903592113e+00 8.3860631165978106e-01
1.5974079613254286e+00 8.3845077432465021e-01
1.5990243322916460e+00 8.3829525365821422e-01
1.6006407032578633e+00 8.3813974966207538e-01
1.6022570742240807e+00 8.3798426233783574e-01
1.6038734451902981e+00 8.3782879168709534e-01
1.6054898161565154e+00 8.3767333771145414e-01
1.6071061871227328e+00 8.3751790041251040e-01
1.6087225580889501e+00 8.3736247979186185e-01
1.6103389290551677e+00 8.3720707585110576e-01
1.6119553000213851e+00 8.3705168859183732e-01
1.6135716709876025e+00 8.3689631801565167e-01
1.6151880419538198e+00 8.3674096412414256e-01
1.6168044129200372e+00 8.3658562691890315e-01
1.6184207838862545e+00 8.3643030640152538e-01
1.6200371548524719e+00 8.3627500257360021e-01
1.6216535258186893e+00 8.3611971543671759e-01
1.6232698967849066e+00 8.3596444499246736e-01
1.6248862677511240e+00 8.3580919124243702e-01
1.6265026387173414e+00 8.3565395418821409e-01
1.6281190096835587e+00 8.3549873383138507e-01
1.6297353806497761e+00 8.3534353017353502e-01
1.6313517516159937e+00 8.3518834321624869e-01
1.6329681225822110e+00 8.3503317296110913e-01
1.6345844935484284e+00 8.3487801940969941e-01
1.6362008645146457e+00 8.3472288256360061e-01
1.6378172354808631e+00 8.3456776242439379e-01
1.6394336064470805e+00 8.3441265899365835e-01
1.6410499774132978e+00 8.3425757227297326e-01
1.6426663483795152e+00 8.3410250226391591e-01
1.6442827193457326e+00 8.3394744896806361e-01
1.6458990903119499e+00 8.3379241238699198e-01
1.6475154612781673e+00 8.3363739252227620e-01
1.6491318322443846e+00 8.3348238937548980e-01
1.6507482032106020e+00 8.3332740294820629e-01
1.6523645741768196e+00 8.3317243324199752e-01
1.6539809451430370e+00 8.3301748025843503e-01
1.6555973161092543e+00 8.3286254399908843e-01
1.6572136870754717e+00 8.3270762446552749e-01
1.6588300580416890e+00 8.3255272165932004e-01
1.6604464290079064e+00 8.3239783558203395e-01
1.6620627999741238e+00 8.3224296623523542e-01
1.6636791709403411e+00 8.3208811362048962e-01
1.6652955419065585e+00 8.3193327773936154e-01
1.6669119128727758e+00 8.3177845859341437e-01
1.6685282838389932e+00 8.3162365618421119e-01
1.6701446548052106e+00 8.3146887051331309e-01
1.6717610257714279e+00 8.3131410158228114e-01
1.6733773967376455e+00 8.3115934939267500e-01
1.6749937677038629e+00 8.3100461394605363e-01
1.6766101386700802e+00 8.3084989524397468e-01
1.6782265096362976e+00 8.3069519328799546e-01
1.6798428806025150e+00 8.3054050807967150e-01
1.6814592515687323e+00 8.3038583962055801e-01
1.6830756225349497e+00 8.3023118791220907e-01
1.6846919935011671e+00 8.3007655295617777e-01
1.6863083644673844e+00 8.2992193475401643e-01
1.6879247354336018e+00 8.2976733330727614e-01
1.6895411063998191e+00 8.2961274861750722e-01
1.6911574773660365e+00 8.2945818068625921e-01
1.6927738483322539e+00 8.2930362951508008e-01
1.6943902192984714e+00 8.2914909510551738e-01
1.6960065902646888e+00 8.2899457745911775e-01
1.6976229612309062e+00 8.2884007657742687e-01
1.6992393321971235e+00 8.2868559246198903e-01
1.7008557031633409e+00 8.2853112511434790e-01
1.7024720741295583e+00 8.2837667453604635e-01
1.7040884450957756e+00 8.2822224072862594e-01
1.7057048160619930e+00 8.2806782369362752e-01
1.7073211870282103e+00 8.2791342343259089e-01
1.7089375579944277e+00 8.2775903994705513e-01
1.7105539289606451e+00 8.2760467323855802e-01
1.7121702999268624e+00 8.2745032330863655e-01
1.7137866708930800e+00 8.2729599015882660e-01
1.7154030418592974e+00 8.2714167379066361e-01
1.7170194128255147e+00 8.2698737420568180e-01
1.7186357837917321e+00 8.2683309140541372e-01
1.7202521547579495e+00 8.2667882539139226e-01
1.7218685257241668e+00 8.2652457616514863e-01
1.7234848966903842e+00 8.2637034372821294e-01
1.7251012676566015e+00 8.2621612808211453e-01
1.7267176386228189e+00 8.2606192922838195e-01
1.7283340095890363e+00 8.2590774716854298e-01
1.7299503805552536e+00 8.2575358190412373e-01
1.7315667515214710e+00 8.2559943343665032e-01
1.7331831224876884e+00 8.2544530176764686e-01
1.7347994934539059e+00 8.2529118689863734e-01
1.7364158644201233e+00 8.2513708883114423e-01
1.7380322353863407e+00 8.2498300756668974e-01
1.7396486063525580e+00 8.2482894310679455e-01
1.7412649773187754e+00 8.2467489545297845e-01
1.7428813482849927e+00 8.2452086460676055e-01
1.7444977192512101e+00 8.2436685056965864e-01
1.7461140902174275e+00 8.2421285334319005e-01
1.7477304611836448e+00 8.2405887292887048e-01
1.7493468321498622e+00 8.2390490932821558e-01
1.7509632031160796e+00 8.2375096254273916e-01
1.7525795740822969e+00 8.2359703257395456e-01
1.7541959450485143e+00 8.2344311942337423e-01
1.7558123160147319e+00 8.2328922309250929e-01
1.7574286869809492e+00 8.2313534358287044e-01
1.7590450579471666e+00 8.2298148089596690e-01
1.7606614289133840e+00 8.2282763503330691e-01
1.7622777998796013e+00 8.2267380599639883e-01
1.7638941708458187e+00 8.2251999378674823e-01
1.7655105418120360e+00 8.2236619840586167e-01
1.7671269127782534e+00 8.2221241985524329e-01
1.7687432837444708e+00 8.2205865813639700e-01
1.7703596547106881e+00 8.2190491325082571e-01
1.7719760256769055e+00 8.2175118520003121e-01
1.7735923966431228e+00 8.2159747398551430e-01
1.7752087676093402e+00 8.2144377960877479e-01
1.7768251385755578e+00 8.2129010207131192e-01
1.7784415095417752e+00 8.2113644137462383e-01
1.7800578805079925e+00 8.2098279752020731e-01
1.7816742514742099e+00 8.2082917050955861e-01
1.7832906224404272e+00 8.2067556034417288e-01
1.7849069934066446e+00 8.2052196702554481e-01
1.7865233643728620e+00 8.2036839055516697e-01
1.7881397353390793e+00 8.2021483093453207e-01
1.7897561063052967e+00 8.2006128816513180e-01
1.7913724772715141e+00 8.1990776224845596e-01
1.7929888482377314e+00 8.1975425318599449e-01
1.7946052192039488e+00 8.1960076097923562e-01
1.7962215901701664e+00 8.1944728562966729e-01
1.7978379611363837e+00 8.1929382713877608e-01
1.7994543321026011e+00 8.1914038550804735e-01
1.8010707030688184e+00 8.1898696073896604e-01
1.8026870740350358e+00 8.1883355283301618e-01
1.8043034450012532e+00 8.1868016179168024e-01
1.8059198159674705e+00 8.1852678761644015e-01
1.8075361869336879e+00 8.1837343030877696e-01
1.8091525578999053e+00 8.1822008987017070e-01
1.8107689288661226e+00 8.1806676630210029e-01
1.8123852998323400e+00 8.1791345960604356e-01
1.8140016707985573e+00 8.1776016978347821e-01
1.8156180417647747e+00 8.1760689683588006e-01
1.8172344127309923e+00 8.1745364076472438e-01
1.8188507836972096e+00 8.1730040157148531e-01
1.8204671546634270e+00 8.1714717925763658e-01
1.8220835256296444e+00 8.1699397382465011e-01
1.8236998965958617e+00 8.1684078527399773e-01
1.8253162675620791e+00 8.1668761360714937e-01
1.8269326385282965e+00 8.1653445882557507e-01
1.8285490094945138e+00 8.1638132093074312e-01
1.8301653804607312e+00 8.1622819992412143e-01
1.8317817514269485e+00 8.1607509580717630e-01
1.8333981223931659e+00 8.1592200858137365e-01
1.8350144933593833e+00 8.1576893824817820e-01
1.8366308643256006e+00 8.1561588480905356e-01
1.8382472352918182e+00 8.1546284826546311e-01
1.8398636062580356e+00 8.1530982861886825e-01
1.8414799772242529e+00 8.1515682587073013e-01
1.8430963481904703e+00 8.1500384002250892e-01
1.8447127191566877e+00 8.1485087107566323e-01
1.8463290901229050e+00 8.1469791903165156e-01
1.8479454610891224e+00 8.1454498389193108e-01
1.8495618320553397e+00 8.1439206565795774e-01
1.8511782030215571e+00 8.1423916433118693e-01
1.8527945739877745e+00 8.1408627991307303e-01
1.8544109449539918e+00 8.1393341240506922e-01
1.8560273159202092e+00 8.1378056180862790e-01
1.8576436868864266e+00 8.1362772812520057e-01
1.8592600578526441e+00 8.1347491135623773e-01
1.8608764288188615e+00 8.1332211150318889e-01
1.8624927997850789e+00 8.1316932856750290e-01
1.8641091707512962e+00 8.1301656255062704e-01
1.8657255417175136e+00 8.1286381345400804e-01
1.8673419126837310e+00 8.1271108127909164e-01
1.8689582836499483e+00 8.1255836602732290e-01
1.8705746546161657e+00 8.1240566770014544e-01
1.8721910255823830e+00 8.1225298629900222e-01
1.8738073965486004e+00 8.1210032182533498e-01
1.8754237675148178e+00 8.1194767428058490e-01
1.8770401384810351e+00 8.1179504366619171e-01
1.8786565094472525e+00 8.1164242998359493e-01
1.8802728804134701e+00 8.1148983323423240e-01
1.8818892513796874e+00 8.1133725341954133e-01
1.8835056223459048e+00 8.1118469054095799e-01
1.8851219933121222e+00 8.1103214459991757e-01
1.8867383642783395e+00 8.1087961559785426e-01
1.8883547352445569e+00 8.1072710353620181e-01
1.8899711062107742e+00 8.1057460841639239e-01
1.8915874771769916e+00 8.1042213023985743e-01
1.8932038481432090e+00 8.1026966900802722e-01
1.8948202191094263e+00 8.1011722472233183e-01
1.8964365900756437e+00 8.0996479738419958e-01
1.8980529610418611e+00 8.0981238699505809e-01
1.8996693320080784e+00 8.0965999355633422e-01
1.9012857029742960e+00 8.0950761706945362e-01
1.9029020739405134e+00 8.0935525753584103e-01
1.9045184449067307e+00 8.0920291495692032e-01
1.9061348158729481e+00 8.0905058933411444e-01
1.9077511868391654e+00 8.0889828066884506e-01
1.9093675578053828e+00 8.0874598896253380e-01
1.9109839287716002e+00 8.0859371421659998e-01
1.9126002997378175e+00 8.0844145643246335e-01
1.9142166707040349e+00 8.0828921561154132e-01
1.9158330416702523e+00 8.0813699175525167e-01
1.9174494126364696e+00 8.0798478486501013e-01
1.9190657836026870e+00 8.0783259494223247e-01
1.9206821545689046e+00 8.0768042198833279e-01
1.9222985255351219e+00 8.0752826600472438e-01
1.9239148965013393e+00 8.0737612699281980e-01
1.9255312674675567e+00 8.0722400495403035e-01
1.9271476384337740e+00 8.0707189988976658e-01
1.9287640093999914e+00 8.0691981180143824e-01
1.9303803803662087e+00 8.0676774069045376e-01
1.9319967513324261e+00 8.0661568655822091e-01
1.9336131222986435e+00 8.0646364940614623e-01
1.9352294932648608e+00 8.0631162923563582e-01
1.9368458642310782e+00 8.0615962604809399e-01
1.9384622351972955e+00 8.0600763984492485e-01
1.9400786061635129e+00 8.0585567062753150e-01
1.9416949771297305e+00 8.0570371839731547e-01
1.9433113480959479e+00 8.0555178315567788e-01
1.9449277190621652e+00 8.0539986490401905e-01
1.9465440900283826e+00 8.0524796364373785e-01
1.9481604609945999e+00 8.0509607937623218e-01
1.9497768319608173e+00 8.0494421210289979e-01
1.9513932029270347e+00 8.0479236182513625e-01
1.9530095738932520e+00 8.0464052854433754e-01
1.9546259448594694e+00 8.0448871226189733e-01
1.9562423158256868e+00 8.0433691297920917e-01
1.9578586867919041e+00 8.0418513069766595e-01
1.9594750577581215e+00 8.0403336541865855e-01
1.9610914287243388e+00 8.0388161714357775e-01
1.9627077996905564e+00 8.0372988587381300e-01
1.9643241706567738e+00 8.0357817161075318e-01
1.9659405416229911e+00 8.0342647435578562e-01
1.9675569125892085e+00 8.0327479411029723e-01
1.9691732835554259e+00 8.0312313087567355e-01
1.9707896545216432e+00 8.0297148465329971e-01
1.9724060254878606e+00 8.0281985544455914e-01
1.9740223964540780e+00 8.0266824325083530e-01
1.9756387674202953e+00 8.0251664807350953e-01
1.9772551383865127e+00 8.0236506991396306e-01
1.9788715093527300e+00 8.0221350877357611e-01
1.9804878803189474e+00 8.0206196465372748e-01
1.9821042512851648e+00 8.0191043755579561e-01
1.9837206222513823e+00 8.0175892748115729e-01
1.9853369932175997e+00 8.0160743443118920e-01
1.9869533641838171e+00 8.0145595840726602e-01
1.9885697351500344e+00 8.0130449941076276e-01
1.9901861061162518e+00 8.0115305744305221e-01
1.9918024770824692e+00 8.0100163250550727e-01
1.9934188480486865e+00 8.0085022459949895e-01
1.9950352190149039e+00 8.0069883372639827e-01
1.9966515899811212e+00 8.0054745988757436e-01
1.9982679609473386e+00 8.0039610308439579e-01
1.9998843319135560e+00 8.0024476331823058e-01
2.0015007028797731e+00 8.0009344059044518e-01
2.0031170738459911e+00 7.9994213490240540e-01
2.0047334448122083e+00 7.9979084625547614e-01
2.0063498157784254e+00 7.9963957465102120e-01
2.0079661867446430e+00 7.9948832009040327e-01
2.0095825577108606e+00 7.9933708257498437e-01
2.0111989286770777e+00 7.9918586210612552e-01
2.0128152996432949e+00 7.9903465868518686e-01
2.0144316706095124e+00 7.9888347231352730e-01
2.0160480415757300e+00 7.9873230299250519e-01
2.0176644125419472e+00 7.9858115072347757e-01
2.0192807835081643e+00 7.9843001550780057e-01
2.0208971544743819e+00 7.9827889734682944e-01
2.0225135254405995e+00 7.9812779624191887e-01
2.0241298964068166e+00 7.9797671219442179e-01
2.0257462673730342e+00 7.9782564520569077e-01
2.0273626383392518e+00 7.9767459527707718e-01
2.0289790093054689e+00 7.9752356240993183e-01
2.0305953802716861e+00 7.9737254660560397e-01
2.0322117512379037e+00 7.9722154786544208e-01
2.0338281222041212e+00 7.9707056619079419e-01
2.0354444931703384e+00 7.9691960158300690e-01
2.0370608641365555e+00 7.9676865404342578e-01
2.0386772351027731e+00 7.9661772357339566e-01
2.0402936060689907e+00 7.9646681017426046e-01
2.0419099770352078e+00 7.9631591384736289e-01
2.0435263480014250e+00 7.9616503459404520e-01
2.0451427189676430e+00 7.9601417241564798e-01
2.0467590899338601e+00 7.9586332731351161e-01
2.0483754609000773e+00 7.9571249928897503e-01
2.0499918318662949e+00 7.9556168834337615e-01
2.0516082028325124e+00 7.9541089447805235e-01
2.0532245737987296e+00 7.9526011769434002e-01
2.0548409447649467e+00 7.9510935799357407e-01
2.0564573157311643e+00 7.9495861537708878e-01
2.0580736866973819e+00 7.9480788984621775e-01
2.0596900576635990e+00 7.9465718140229336e-01
2.0613064286298162e+00 7.9450649004664686e-01
2.0629227995960338e+00 7.9435581578060888e-01
2.0645391705622513e+00 7.9420515860550889e-01
2.0661555415284685e+00 7.9405451852267583e-01
2.0677719124946861e+00 7.9390389553343688e-01
2.0693882834609036e+00 7.9375328963911884e-01
2.0710046544271208e+00 7.9360270084104756e-01
2.0726210253933379e+00 7.9345212914054775e-01
2.0742373963595555e+00 7.9330157453894301e-01
2.0758537673257731e+00 7.9315103703755663e-01
2.0774701382919902e+00 7.9300051663771032e-01
2.0790865092582074e+00 7.9285001334072502e-01
2.0807028802244250e+00 7.9269952714792069e-01
2.0823192511906425e+00 7.9254905806061671e-01
2.0839356221568597e+00 7.9239860608013069e-01
2.0855519931230768e+00 7.9224817120778013e-01
2.0871683640892948e+00 7.9209775344488120e-01
2.0887847350555120e+00 7.9194735279274897e-01
2.0904011060217291e+00 7.9179696925269782e-01
2.0920174769879467e+00 7.9164660282604138e-01
2.0936338479541643e+00 7.9149625351409159e-01
2.0952502189203814e+00 7.9134592131815995e-01
2.0968665898865986e+00 7.9119560623955743e-01
2.0984829608528162e+00 7.9104530827959307e-01
2.1000993318190337e+00 7.9089502743957529e-01
2.1017157027852509e+00 7.9074476372081226e-01
2.1033320737514680e+00 7.9059451712461049e-01
2.1049484447176856e+00 7.9044428765227537e-01
2.1065648156839032e+00 7.9029407530511198e-01
2.1081811866501203e+00 7.9014388008442393e-01
2.1097975576163379e+00 7.8999370199151431e-01
2.1114139285825555e+00 7.8984354102768495e-01
2.1130302995487726e+00 7.8969339719423670e-01
2.1146466705149898e+00 7.8954327049246953e-01
2.1162630414812074e+00 7.8939316092368261e-01
2.1178794124474249e+00 7.8924306848917414e-01
2.1194957834136421e+00 7.8909299319024107e-01
2.1211121543798592e+00 7.8894293502817969e-01
2.1227285253460768e+00 7.8879289400428487e-01
2.1243448963122944e+00 7.8864287011985157e-01
2.1259612672785115e+00 7.8849286337617253e-01
2.1275776382447291e+00 7.8834287377454038e-01
2.1291940092109467e+00 7.8819290131624664e-01
2.1308103801771638e+00 7.8804294600258140e-01
2.1324267511433810e+00 7.8789300783483462e-01
2.1340431221095986e+00 7.8774308681429472e-01
2.1356594930758162e+00 7.8759318294224911e-01
2.1372758640420333e+00 7.8744329621998466e-01
2.1388922350082504e+00 7.8729342664878710e-01
2.1405086059744680e+00 7.8714357422994108e-01
2.1421249769406856e+00 7.8699373896473024e-01
2.1437413479069027e+00 7.8684392085443766e-01
2.1453577188731199e+00 7.8669411990034543e-01
2.1469740898393375e+00 7.8654433610373387e-01
2.1485904608055550e+00 7.8639456946588349e-01
2.1502068317717722e+00 7.8624481998807305e-01
2.1518232027379898e+00 7.8609508767158098e-01
2.1534395737042074e+00 7.8594537251768404e-01
2.1550559446704245e+00 7.8579567452765853e-01
2.1566723156366416e+00 7.8564599370277977e-01
2.1582886866028592e+00 7.8549633004432184e-01
2.1599050575690768e+00 7.8534668355355808e-01
2.1615214285352939e+00 7.8519705423176100e-01
2.1631377995015111e+00 7.8504744208020216e-01
2.1647541704677287e+00 7.8489784710015154e-01
2.1663705414339463e+00 7.8474826929287889e-01
2.1679869124001634e+00 7.8459870865965287e-01
2.1696032833663810e+00 7.8444916520174102e-01
2.1712196543325986e+00 7.8429963892040977e-01
2.1728360252988157e+00 7.8415012981692511e-01
2.1744523962650328e+00 7.8400063789255181e-01
2.1760687672312504e+00 7.8385116314855341e-01
2.1776851381974680e+00 7.8370170558619257e-01
2.1793015091636851e+00 7.8355226520673171e-01
2.1809178801299023e+00 7.8340284201143140e-01
2.1825342510961199e+00 7.8325343600155173e-01
2.1841506220623375e+00 7.8310404717835169e-01
2.1857669930285546e+00 7.8295467554308940e-01
2.1873833639947717e+00 7.8280532109702206e-01
2.1889997349609893e+00 7.8265598384140533e-01
2.1906161059272069e+00 7.8250666377749512e-01
2.1922324768934240e+00 7.8235736090654528e-01
2.1938488478596416e+00 7.8220807522980906e-01
2.1954652188258592e+00 7.8205880674853911e-01
2.1970815897920764e+00 7.8190955546398655e-01
2.1986979607582935e+00 7.8176032137740215e-01
2.2003143317245111e+00 7.8161110449003501e-01
2.2019307026907287e+00 7.8146190480313382e-01
2.2035470736569458e+00 7.8131272231794635e-01
2.2051634446231629e+00 7.8116355703571905e-01
2.2067798155893805e+00 7.8101440895769758e-01
2.2083961865555981e+00 7.8086527808512673e-01
2.2100125575218152e+00 7.8071616441925040e-01
2.2116289284880328e+00 7.8056706796131137e-01
2.2132452994542504e+00 7.8041798871255130e-01
2.2148616704204676e+00 7.8026892667421111e-01
2.2164780413866847e+00 7.8011988184753123e-01
2.2180944123529023e+00 7.7997085423375001e-01
2.2197107833191199e+00 7.7982184383410602e-01
2.2213271542853370e+00 7.7967285064983616e-01
2.2229435252515541e+00 7.7952387468217654e-01
2.2245598962177717e+00 7.7937491593236241e-01
2.2261762671839893e+00 7.7922597440162822e-01
2.2277926381502065e+00 7.7907705009120698e-01
2.2294090091164236e+00 7.7892814300233126e-01
2.2310253800826416e+00 7.7877925313623209e-01
2.2326417510488588e+00 7.7863038049414035e-01
2.2342581220150759e+00 7.7848152507728519e-01
2.2358744929812935e+00 7.7833268688689539e-01
2.2374908639475111e+00 7.7818386592419830e-01
2.2391072349137282e+00 7.7803506219042073e-01
2.2407236058799453e+00 7.7788627568678836e-01
2.2423399768461629e+00 7.7773750641452555e-01
2.2439563478123805e+00 7.7758875437485675e-01
2.2455727187785977e+00 7.7744001956900410e-01
2.2471890897448148e+00 7.7729130199818997e-01
2.2488054607110324e+00 7.7714260166363491e-01
2.2504218316772500e+00 7.7699391856655886e-01
2.2520382026434671e+00 7.7684525270818117e-01
2.2536545736096847e+00 7.7669660408971974e-01
2.2552709445759023e+00 7.7654797271239151e-01
2.2568873155421194e+00 7.7639935857741271e-01
2.2585036865083365e+00 7.7625076168599871e-01
2.2601200574745541e+00 7.7610218203936354e-01
2.2617364284407717e+00 7.7595361963872078e-01
2.2633527994069889e+00 7.7580507448528224e-01
2.2649691703732060e+00 7.7565654658025973e-01
2.2665855413394236e+00 7.7550803592486361e-01
2.2682019123056412e+00 7.7535954252030326e-01
2.2698182832718583e+00 7.7521106636778725e-01
2.2714346542380754e+00 7.7506260746852329e-01
2.2730510252042935e+00 7.7491416582371786e-01
2.2746673961705106e+00 7.7476574143457655e-01
2.2762837671367278e+00 7.7461733430230439e-01
2.2779001381029453e+00 7.7446894442810466e-01
2.2795165090691629e+00 7.7432057181318059e-01
2.2811328800353801e+00 7.7417221645873413e-01
2.2827492510015972e+00 7.7402387836596565e-01
2.2843656219678148e+00 7.7387555753607551e-01
2.2859819929340324e+00 7.7372725397026243e-01
2.2875983639002495e+00 7.7357896766972489e-01
2.2892147348664666e+00 7.7343069863565972e-01
2.2908311058326842e+00 7.7328244686926306e-01
2.2924474767989018e+00 7.7313421237172997e-01
2.2940638477651190e+00 7.7298599514425514e-01
2.2956802187313365e+00 7.7283779518803131e-01
2.2972965896975541e+00 7.7268961250425106e-01
2.2989129606637713e+00 7.7254144709410599e-01
2.3005293316299884e+00 7.7239329895878628e-01
2.3021457025962060e+00 7.7224516809948140e-01
2.3037620735624236e+00 7.7209705451737987e-01
2.3053784445286407e+00 7.7194895821366949e-01
2.3069948154948579e+00 7.7180087918953655e-01
2.3086111864610754e+00 7.7165281744616698e-01
2.3102275574272930e+00 7.7150477298474540e-01
2.3118439283935102e+00 7.7135674580645575e-01
2.3134602993597273e+00 7.7120873591248051e-01
2.3150766703259453e+00 7.7106074330400165e-01
2.3166930412921625e+00 7.7091276798220021e-01
2.3183094122583796e+00 7.7076480994825602e-01
2.3199257832245972e+00 7.7061686920334815e-01
2.3215421541908148e+00 7.7046894574865477e-01
2.3231585251570319e+00 7.7032103958535270e-01
2.3247748961232491e+00 7.7017315071461823e-01
2.3263912670894666e+00 7.7002527913762653e-01
2.3280076380556842e+00 7.6987742485555211e-01
2.3296240090219014e+00 7.6972958786956780e-01
2.3312403799881185e+00 7.6958176818084634e-01
2.3328567509543361e+00 7.6943396579055889e-01
2.3344731219205537e+00 7.6928618069987575e-01
2.3360894928867708e+00 7.6913841290996687e-01
2.3377058638529884e+00 7.6899066242200020e-01
2.3393222348192060e+00 7.6884292923714381e-01
2.3409386057854231e+00 7.6869521335656432e-01
2.3425549767516403e+00 7.6854751478142702e-01
2.3441713477178578e+00 7.6839983351289687e-01
2.3457877186840754e+00 7.6825216955213760e-01
2.3474040896502926e+00 7.6810452290031206e-01
2.3490204606165097e+00 7.6795689355858221e-01
2.3506368315827273e+00 7.6780928152810868e-01
2.3522532025489449e+00 7.6766168681005165e-01
2.3538695735151620e+00 7.6751410940557030e-01
2.3554859444813796e+00 7.6736654931582216e-01
2.3571023154475972e+00 7.6721900654196495e-01
2.3587186864138143e+00 7.6707148108515444e-01
2.3603350573800315e+00 7.6692397294654591e-01
2.3619514283462490e+00 7.6677648212729355e-01
2.3635677993124666e+00 7.6662900862855088e-01
2.3651841702786838e+00 7.6648155245147020e-01
2.3668005412449009e+00 7.6633411359720272e-01
2.3684169122111185e+00 7.6618669206689882e-01
2.3700332831773361e+00 7.6603928786170850e-01
2.3716496541435532e+00 7.6589190098277971e-01
2.3732660251097704e+00 7.6574453143126053e-01
2.3748823960759879e+00 7.6559717920829706e-01
2.3764987670422055e+00 7.6544984431503560e-01
2.3781151380084227e+00 7.6530252675262034e-01
2.3797315089746403e+00 7.6515522652219548e-01
2.3813478799408578e+00 7.6500794362490376e-01
2.3829642509070750e+00 7.6486067806188696e-01
2.3845806218732921e+00 7.6471342983428581e-01
2.3861969928395097e+00 7.6456619894324074e-01
2.3878133638057273e+00 7.6441898538989028e-01
2.3894297347719444e+00 7.6427178917537308e-01
2.3910461057381616e+00 7.6412461030082590e-01
2.3926624767043791e+00 7.6397744876738494e-01
2.3942788476705967e+00 7.6383030457618539e-01
2.3958952186368139e+00 7.6368317772836181e-01
2.3975115896030315e+00 7.6353606822504694e-01
2.3991279605692490e+00 7.6338897606737377e-01
2.4007443315354662e+00 7.6324190125647329e-01
2.4023607025016833e+00 7.6309484379347625e-01
2.4039770734679005e+00 7.6294780367951187e-01
2.4055934444341185e+00 7.6280078091570902e-01
2.4072098154003356e+00 7.6265377550319513e-01
2.4088261863665528e+00 7.6250678744309686e-01
2.4104425573327708e+00 7.6235981673653996e-01
2.4120589282989879e+00 7.6221286338464933e-01
2.4136752992652051e+00 7.6206592738854839e-01
2.4152916702314222e+00 7.6191900874936047e-01
2.4169080411976402e+00 7.6177210746820712e-01
2.4185244121638574e+00 7.6162522354620932e-01
2.4201407831300745e+00 7.6147835698448729e-01
2.4217571540962917e+00 7.6133150778415992e-01
2.4233735250625097e+00 7.6118467594634520e-01
2.4249898960287268e+00 7.6103786147216057e-01
2.4266062669949440e+00 7.6089106436272191e-01
2.4282226379611620e+00 7.6074428461914478e-01
2.4298390089273791e+00 7.6059752224254329e-01
2.4314553798935963e+00 7.6045077723403087e-01
2.4330717508598134e+00 7.6030404959471976e-01
2.4346881218260314e+00 7.6015733932572149e-01
2.4363044927922486e+00 7.6001064642814653e-01
2.4379208637584657e+00 7.5986397090310465e-01
2.4395372347246829e+00 7.5971731275170407e-01
2.4411536056909009e+00 7.5957067197505257e-01
2.4427699766571180e+00 7.5942404857425694e-01
2.4443863476233352e+00 7.5927744255042284e-01
2.4460027185895523e+00 7.5913085390465507e-01
2.4476190895557703e+00 7.5898428263805728e-01
2.4492354605219875e+00 7.5883772875173272e-01
2.4508518314882046e+00 7.5869119224678305e-01
2.4524682024544227e+00 7.5854467312430929e-01
2.4540845734206398e+00 7.5839817138541155e-01
2.4557009443868569e+00 7.5825168703118884e-01
2.4573173153530741e+00 7.5810522006273950e-01
2.4589336863192921e+00 7.5795877048116034e-01
2.4605500572855092e+00 7.5781233828754802e-01
2.4621664282517264e+00 7.5766592348299744e-01
2.4637827992179435e+00 7.5751952606860284e-01
2.4653991701841615e+00 7.5737314604545813e-01
2.4670155411503787e+00 7.5722678341465544e-01
2.4686319121165958e+00 7.5708043817728621e-01
2.4702482830828139e+00 7.5693411033444080e-01
2.4718646540490310e+00 7.5678779988720934e-01
2.4734810250152481e+00 7.5664150683667986e-01
2.4750973959814653e+00 7.5649523118394035e-01
2.4767137669476833e+00 7.5634897293007730e-01
2.4783301379139004e+00 7.5620273207617683e-01
2.4799465088801176e+00 7.5605650862332352e-01
2.4815628798463347e+00 7.5591030257260150e-01
2.4831792508125528e+00 7.5576411392509335e-01
2.4847956217787699e+00 7.5561794268188109e-01
2.4864119927449870e+00 7.5547178884404609e-01
2.4880283637112042e+00 7.5532565241266802e-01
2.4896447346774222e+00 7.5517953338882626e-01
2.4912611056436393e+00 7.5503343177359872e-01
2.4928774766098565e+00 7.5488734756806297e-01
2.4944938475760745e+00 7.5474128077329494e-01
2.4961102185422916e+00 7.5459523139037021e-01
2.4977265895085088e+00 7.5444919942036315e-01
2.4993429604747259e+00 7.5430318486434689e-01
2.5009593314409440e+00 7.5415718772339435e-01
2.5025757024071611e+00 7.5401120799857679e-01
2.5041920733733782e+00 7.5386524569096469e-01
2.5058084443395954e+00 7.5371930080162797e-01
2.5074248153058134e+00 7.5357337333163477e-01
2.5090411862720305e+00 7.5342746328205334e-01
2.5106575572382477e+00 7.5328157065395018e-01
2.5122739282044657e+00 7.5313569544839143e-01
2.5138902991706829e+00 7.5298983766644167e-01
2.5155066701369000e+00 7.5284399730916485e-01
2.5171230411031171e+00 7.5269817437762387e-01
2.5187394120693352e+00 7.5255236887288102e-01
2.5203557830355523e+00 7.5240658079599732e-01
2.5219721540017694e+00 7.5226081014803270e-01
2.5235885249679866e+00 7.5211505693004643e-01
2.5252048959342046e+00 7.5196932114309667e-01
2.5268212669004217e+00 7.5182360278824090e-01
2.5284376378666389e+00 7.5167790186653538e-01
2.5300540088328560e+00 7.5153221837903539e-01
2.5316703797990741e+00 7.5138655232679519e-01
2.5332867507652912e+00 7.5124090371086860e-01
2.5349031217315083e+00 7.5109527253230812e-01
2.5365194926977264e+00 7.5094965879216502e-01
2.5381358636639435e+00 7.5080406249149034e-01
2.5397522346301606e+00 7.5065848363133358e-01
2.5413686055963778e+00 7.5051292221274346e-01
2.5429849765625958e+00 7.5036737823676736e-01
2.5446013475288130e+00 7.5022185170445288e-01
2.5462177184950301e+00 7.5007634261684564e-01
2.5478340894612472e+00 7.4993085097499013e-01
2.5494504604274653e+00 7.4978537677993073e-01
2.5510668313936824e+00 7.4963992003271052e-01
2.5526832023598995e+00 7.4949448073437142e-01
2.5542995733261176e+00 7.4934905888595460e-01
2.5559159442923347e+00 7.4920365448850024e-01
2.5575323152585518e+00 7.4905826754304794e-01
2.5591486862247690e+00 7.4891289805063532e-01
2.5607650571909870e+00 7.4876754601230033e-01
2.5623814281572042e+00 7.4862221142907903e-01
2.5639977991234213e+00 7.4847689430200681e-01
2.5656141700896384e+00 7.4833159463211840e-01
2.5672305410558565e+00 7.4818631242044731e-01
2.5688469120220736e+00 7.4804104766802593e-01
2.5704632829882907e+00 7.4789580037588610e-01
2.5720796539545079e+00 7.4775057054505867e-01
2.5736960249207259e+00 7.4760535817657281e-01
2.5753123958869431e+00 7.4746016327145803e-01
2.5769287668531602e+00 7.4731498583074174e-01
2.5785451378193782e+00 7.4716982585545089e-01
2.5801615087855954e+00 7.4702468334661165e-01
2.5817778797518125e+00 7.4687955830524888e-01
2.5833942507180296e+00 7.4673445073238676e-01
2.5850106216842477e+00 7.4658936062904802e-01
2.5866269926504648e+00 7.4644428799625517e-01
2.5882433636166819e+00 7.4629923283502952e-01
2.5898597345828991e+00 7.4615419514639103e-01
2.5914761055491171e+00 7.4600917493135921e-01
2.5930924765153343e+00 7.4586417219095236e-01
2.5947088474815514e+00 7.4571918692618788e-01
2.5963252184477694e+00 7.4557421913808231e-01
2.5979415894139866e+00 7.4542926882765104e-01
2.5995579603802037e+00 7.4528433599590893e-01
2.6011743313464208e+00 7.4513942064386929e-01
2.6027907023126389e+00 7.4499452277254496e-01
2.6044070732788560e+00 7.4484964238294771e-01
2.6060234442450732e+00 7.4470477947608837e-01
2.6076398152112903e+00 7.4455993405297649e-01
2.6092561861775083e+00 7.4441510611462103e-01
2.6108725571437255e+00 7.4427029566203029e-01
2.6124889281099426e+00 7.4412550269621092e-01
2.6141052990761606e+00 7.4398072721816899e-01
2.6157216700423778e+00 7.4383596922890971e-01
2.6173380410085949e+00 7.4369122872943727e-01
2.6189544119748120e+00 7.4354650572075454e-01
2.6205707829410301e+00 7.4340180020386426e-01
2.6221871539072472e+00 7.4325711217976731e-01
2.6238035248734644e+00 7.4311244164946422e-01
2.6254198958396815e+00 7.4296778861395452e-01
2.6270362668058995e+00 7.4282315307423641e-01
2.6286526377721167e+00 7.4267853503130765e-01
2.6302690087383338e+00 7.4253393448616467e-01
2.6318853797045509e+00 7.4238935143980311e-01
2.6335017506707690e+00 7.4224478589321752e-01
2.6351181216369861e+00 7.4210023784740187e-01
2.6367344926032033e+00 7.4195570730334881e-01
2.6383508635694213e+00 7.4181119426205022e-01
2.6399672345356384e+00 7.4166669872449686e-01
2.6415836055018556e+00 7.4152222069167872e-01
2.6431999764680727e+00 7.4137776016458501e-01
2.6448163474342907e+00 7.4123331714420337e-01
2.6464327184005079e+00 7.4108889163152103e-01
2.6480490893667250e+00 7.4094448362752441e-01
2.6496654603329421e+00 7.4080009313319828e-01
2.6512818312991602e+00 7.4065572014952730e-01
2.6528982022653773e+00 7.4051136467749434e-01
2.6545145732315945e+00 7.4036702671808208e-01
2.6561309441978125e+00 7.4022270627227194e-01
2.6577473151640296e+00 7.4007840334104413e-01
2.6593636861302468e+00 7.3993411792537833e-01
2.6609800570964639e+00 7.3978985002625341e-01
2.6625964280626819e+00 7.3964559964464627e-01
2.6642127990288991e+00 7.3950136678153411e-01
2.6658291699951162e+00 7.3935715143789271e-01
2.6674455409613334e+00 7.3921295361469663e-01
2.6690619119275514e+00 7.3906877331291954e-01
2.6706782828937685e+00 7.3892461053353475e-01
2.6722946538599857e+00 7.3878046527751384e-01
2.6739110248262028e+00 7.3863633754582814e-01
2.6755273957924208e+00 7.3849222733944730e-01
2.6771437667586380e+00 7.3834813465934079e-01
2.6787601377248551e+00 7.3820405950647650e-01
2.6803765086910731e+00 7.3806000188182175e-01
2.6819928796572903e+00 7.3791596178634311e-01
2.6836092506235074e+00 7.3777193922100515e-01
2.6852256215897246e+00 7.3762793418677297e-01
2.6868419925559426e+00 7.3748394668460959e-01
2.6884583635221597e+00 7.3733997671547746e-01
2.6900747344883769e+00 7.3719602428033837e-01
2.6916911054545940e+00 7.3705208938015299e-01
2.6933074764208120e+00 7.3690817201588033e-01
2.6949238473870292e+00 7.3676427218847962e-01
2.6965402183532463e+00 7.3662038989890866e-01
2.6981565893194643e+00 7.3647652514812390e-01
2.6997729602856815e+00 7.3633267793708135e-01
2.7013893312518986e+00 7.3618884826673603e-01
2.7030057022181158e+00 7.3604503613804162e-01
2.7046220731843338e+00 7.3590124155195147e-01
2.7062384441505509e+00 7.3575746450941737e-01
2.7078548151167681e+00 7.3561370501139056e-01
2.7094711860829852e+00 7.3546996305882140e-01
2.7110875570492032e+00 7.3532623865265867e-01
2.7127039280154204e+00 7.3518253179385118e-01
2.7143202989816375e+00 7.3503884248334606e-01
2.7159366699478547e+00 7.3489517072208943e-01
2.7175530409140727e+00 7.3475151651102699e-01
2.7191694118802898e+00 7.3460787985110332e-01
2.7207857828465070e+00 7.3446426074326188e-01
2.7224021538127250e+00 7.3432065918844514e-01
2.7240185247789421e+00 7.3417707518759512e-01
2.7256348957451593e+00 7.3403350874165230e-01
2.7272512667113764e+00 7.3388995985155636e-01
2.7288676376775944e+00 7.3374642851824645e-01
2.7304840086438116e+00 7.3360291474266015e-01
2.7321003796100287e+00 7.3345941852573460e-01
2.7337167505762459e+00 7.3331593986840560e-01
2.7353331215424639e+00 7.3317247877160829e-01
2.7369494925086810e+00 7.3302903523627683e-01
2.7385658634748982e+00 7.3288560926334445e-01
2.7401822344411162e+00 7.3274220085374309e-01
2.7417986054073333e+00 7.3259881000840432e-01
2.7434149763735505e+00 7.3245543672825819e-01
2.7450313473397676e+00 7.3231208101423428e-01
2.7466477183059856e+00 7.3216874286726097e-01
2.7482640892722028e+00 7.3202542228826584e-01
2.7498804602384199e+00 7.3188211927817526e-01
2.7514968312046371e+00 7.3173883383791505e-01
2.7531132021708551e+00 7.3159556596840969e-01
2.7547295731370722e+00 7.3145231567058266e-01
2.7563459441032894e+00 7.3130908294535735e-01
2.7579623150695065e+00 7.3116586779365500e-01
2.7595786860357245e+00 7.3102267021639666e-01
2.7611950570019417e+00 7.3087949021450260e-01
2.7628114279681588e+00 7.3073632778889130e-01
2.7644277989343768e+00 7.3059318294048103e-01
2.7660441699005940e+00 7.3045005567018895e-01
2.7676605408668111e+00 7.3030694597893120e-01
2.7692769118330283e+00 7.3016385386762295e-01
2.7708932827992463e+00 7.3002077933717835e-01
2.7725096537654634e+00 7.2987772238851090e-01
2.7741260247316806e+00 7.2973468302253286e-01
2.7757423956978977e+00 7.2959166124015595e-01
2.7773587666641157e+00 7.2944865704229012e-01
2.7789751376303329e+00 7.2930567042984540e-01
2.7805915085965500e+00 7.2916270140373007e-01
2.7822078795627680e+00 7.2901974996485208e-01
2.7838242505289852e+00 7.2887681611411792e-01
2.7854406214952023e+00 7.2873389985243353e-01
2.7870569924614195e+00 7.2859100118070363e-01
2.7886733634276375e+00 7.2844812009983184e-01
2.7902897343938546e+00 7.2830525661072154e-01
2.7919061053600718e+00 7.2816241071427490e-01
2.7935224763262889e+00 7.2801958241139231e-01
2.7951388472925069e+00 7.2787677170297427e-01
2.7967552182587241e+00 7.2773397858991984e-01
2.7983715892249412e+00 7.2759120307312730e-01
2.7999879601911593e+00 7.2744844515349383e-01
2.8016043311573764e+00 7.2730570483191592e-01
2.8032207021235935e+00 7.2716298210928887e-01
2.8048370730898107e+00 7.2702027698650706e-01
2.8064534440560287e+00 7.2687758946446412e-01
2.8080698150222458e+00 7.2673491954405256e-01
2.8096861859884630e+00 7.2659226722616399e-01
2.8113025569546801e+00 7.2644963251168926e-01
2.8129189279208981e+00 7.2630701540151776e-01
2.8145352988871153e+00 7.2616441589653857e-01
2.8161516698533324e+00 7.2602183399763931e-01
2.8177680408195496e+00 7.2587926970570715e-01
2.8193844117857676e+00 7.2573672302162762e-01
2.8210007827519847e+00 7.2559419394628621e-01
2.8226171537182019e+00 7.2545168248056680e-01
2.8242335246844199e+00 7.2530918862535243e-01
2.8258498956506370e+00 7.2516671238152541e-01
2.8274662666168542e+00 7.2502425374996704e-01
2.8290826375830713e+00 7.2488181273155750e-01
2.8306990085492894e+00 7.2473938932717585e-01
2.8323153795155065e+00 7.2459698353770130e-01
2.8339317504817236e+00 7.2445459536401058e-01
2.8355481214479408e+00 7.2431222480698065e-01
2.8371644924141588e+00 7.2416987186748705e-01
2.8387808633803759e+00 7.2402753654640417e-01
2.8403972343465931e+00 7.2388521884460577e-01
2.8420136053128111e+00 7.2374291876296493e-01
2.8436299762790282e+00 7.2360063630235338e-01
2.8452463472452454e+00 7.2345837146364156e-01
2.8468627182114625e+00 7.2331612424770009e-01
2.8484790891776806e+00 7.2317389465539739e-01
2.8500954601438977e+00 7.2303168268760187e-01
2.8517118311101148e+00 7.2288948834518041e-01
2.8533282020763320e+00 7.2274731162899919e-01
2.8549445730425500e+00 7.2260515253992352e-01
2.8565609440087671e+00 7.2246301107881794e-01
2.8581773149749843e+00 7.2232088724654542e-01
2.8597936859412014e+00 7.2217878104396849e-01
2.8614100569074195e+00 7.2203669247194857e-01
2.8630264278736366e+00 7.2189462153134631e-01
2.8646427988398537e+00 7.2175256822302114e-01
2.8662591698060718e+00 7.2161053254783181e-01
2.8678755407722889e+00 7.2146851450663585e-01
2.8694919117385060e+00 7.2132651410029025e-01
2.8711082827047232e+00 7.2118453132965055e-01
2.8727246536709412e+00 7.2104256619557172e-01
2.8743410246371583e+00 7.2090061869890787e-01
2.8759573956033755e+00 7.2075868884051186e-01
2.8775737665695926e+00 7.2061677662123558e-01
2.8791901375358107e+00 7.2047488204193044e-01
2.8808065085020278e+00 7.2033300510344622e-01
2.8824228794682449e+00 7.2019114580663268e-01
2.8840392504344630e+00 7.2004930415233770e-01
2.8856556214006801e+00 7.1990748014140860e-01
2.8872719923668972e+00 7.1976567377469181e-01
2.8888883633331144e+00 7.1962388505303310e-01
2.8905047342993324e+00 7.1948211397727657e-01
2.8921211052655496e+00 7.1934036054826600e-01
2.8937374762317667e+00 7.1919862476684426e-01
2.8953538471979838e+00 7.1905690663385258e-01
2.8969702181642019e+00 7.1891520615013205e-01
2.8985865891304190e+00 7.1877352331652233e-01
2.9002029600966361e+00 7.1863185813386221e-01
2.9018193310628533e+00 7.1849021060299012e-01
2.9034357020290713e+00 7.1834858072474228e-01
2.9050520729952884e+00 7.1820696849995536e-01
2.9066684439615056e+00 7.1806537392946435e-01
2.9082848149277236e+00 7.1792379701410314e-01
2.9099011858939408e+00 7.1778223775470529e-01
2.9115175568601579e+00 7.1764069615210302e-01
2.9131339278263750e+00 7.1749917220712756e-01
2.9147502987925931e+00 7.1735766592060934e-01
2.9163666697588102e+00 7.1721617729337794e-01
2.9179830407250273e+00 7.1707470632626191e-01
2.9195994116912445e+00 7.1693325302008870e-01
2.9212157826574625e+00 7.1679181737568509e-01
2.9228321536236797e+00 7.1665039939387676e-01
2.9244485245898968e+00 7.1650899907548837e-01
2.9260648955561148e+00 7.1636761642134383e-01
2.9276812665223320e+00 7.1622625143226637e-01
2.9292976374885491e+00 7.1608490410907744e-01
2.9309140084547662e+00 7.1594357445259826e-01
2.9325303794209843e+00 7.1580226246364886e-01
2.9341467503872014e+00 7.1566096814304847e-01
2.9357631213534185e+00 7.1551969149161510e-01
2.9373794923196357e+00 7.1537843251016642e-01
2.9389958632858537e+00 7.1523719119951823e-01
2.9406122342520709e+00 7.1509596756048621e-01
2.9422286052182880e+00 7.1495476159388482e-01
2.9438449761845051e+00 7.1481357330052742e-01
2.9454613471507232e+00 7.1467240268122667e-01
2.9470777181169403e+00 7.1453124973679427e-01
2.9486940890831574e+00 7.1439011446804068e-01
2.9503104600493755e+00 7.1424899687577581e-01
2.9519268310155926e+00 7.1410789696080867e-01
2.9535432019818098e+00 7.1396681472394652e-01
2.9551595729480269e+00 7.1382575016599681e-01
2.9567759439142449e+00 7.1368470328776534e-01
2.9583923148804621e+00 7.1354367409005748e-01
2.9600086858466792e+00 7.1340266257367679e-01
2.9616250568128963e+00 7.1326166873942676e-01
2.9632414277791144e+00 7.1312069258810962e-01
2.9648577987453315e+00 7.1297973412052662e-01
2.9664741697115486e+00 7.1283879333747813e-01
2.9680905406777667e+00 7.1269787023976361e-01
2.9697069116439838e+00 7.1255696482818165e-01
2.9713232826102010e+00 7.1241607710352961e-01
2.9729396535764181e+00 7.1227520706660408e-01
2.9745560245426361e+00 7.1213435471820086e-01
2.9761723955088533e+00 7.1199352005911465e-01
2.9777887664750704e+00 7.1185270309013926e-01
2.9794051374412875e+00 7.1171190381206739e-01
2.9810215084075056e+00 7.1157112222569119e-01
2.9826378793737227e+00 7.1143035833180168e-01
2.9842542503399399e+00 7.1128961213118880e-01
2.9858706213061570e+00 7.1114888362464146e-01
2.9874869922723750e+00 7.1100817281294781e-01
2.9891033632385922e+00 7.1086747969689557e-01
2.9907197342048093e+00 7.1072680427727042e-01
2.9923361051710273e+00 7.1058614655485830e-01
2.9939524761372445e+00 7.1044550653044325e-01
2.9955688471034616e+00 7.1030488420480897e-01
2.9971852180696787e+00 7.1016427957873773e-01
2.9988015890358968e+00 7.1002369265301135e-01
3.0004179600021139e+00 7.0988312342841042e-01
3.0020343309683311e+00 7.0974257190571488e-01
3.0036507019345482e+00 7.0960203808570310e-01
3.0052670729007662e+00 7.0946152196915335e-01
3.0068834438669834e+00 7.0932102355684234e-01
3.0084998148332005e+00 7.0918054284954624e-01
3.0101161857994185e+00 7.0904007984803974e-01
3.0117325567656357e+00 7.0889963455309735e-01
3.0133489277318528e+00 7.0875920696549211e-01
3.0149652986980700e+00 7.0861879708599596e-01
3.0165816696642880e+00 7.0847840491538061e-01
3.0181980406305051e+00 7.0833803045441646e-01
3.0198144115967223e+00 7.0819767370387265e-01
3.0214307825629394e+00 7.0805733466451781e-01
3.0230471535291574e+00 7.0791701333711943e-01
3.0246635244953746e+00 7.0777670972244422e-01
3.0262798954615917e+00 7.0763642382125791e-01
3.0278962664278097e+00 7.0749615563432489e-01
3.0295126373940269e+00 7.0735590516240943e-01
3.0311290083602440e+00 7.0721567240627436e-01
3.0327453793264612e+00 7.0707545736668143e-01
3.0343617502926792e+00 7.0693526004439156e-01
3.0359781212588963e+00 7.0679508044016504e-01
3.0375944922251135e+00 7.0665491855476081e-01
3.0392108631913306e+00 7.0651477438893739e-01
3.0408272341575486e+00 7.0637464794345173e-01
3.0424436051237658e+00 7.0623453921906032e-01
3.0440599760899829e+00 7.0609444821651834e-01
3.0456763470562001e+00 7.0595437493658053e-01
3.0472927180224181e+00 7.0581431938000028e-01
3.0489090889886352e+00 7.0567428154753009e-01
3.0505254599548524e+00 7.0553426143992193e-01
3.0521418309210704e+00 7.0539425905792585e-01
3.0537582018872875e+00 7.0525427440229249e-01
3.0553745728535047e+00 7.0511430747377002e-01
3.0569909438197218e+00 7.0497435827310673e-01
3.0586073147859398e+00 7.0483442680104946e-01
3.0602236857521570e+00 7.0469451305834407e-01
3.0618400567183741e+00 7.0455461704573608e-01
3.0634564276845913e+00 7.0441473876396943e-01
3.0650727986508093e+00 7.0427487821378720e-01
3.0666891696170264e+00 7.0413503539593181e-01
3.0683055405832436e+00 7.0399521031114487e-01
3.0699219115494616e+00 7.0385540296016624e-01
3.0715382825156787e+00 7.0371561334373622e-01
3.0731546534818959e+00 7.0357584146259267e-01
3.0747710244481130e+00 7.0343608731747342e-01
3.0763873954143310e+00 7.0329635090911535e-01
3.0780037663805482e+00 7.0315663223825409e-01
3.0796201373467653e+00 7.0301693130562448e-01
3.0812365083129825e+00 7.0287724811196051e-01
3.0828528792792005e+00 7.0273758265799480e-01
3.0844692502454176e+00 7.0259793494445966e-01
3.0860856212116348e+00 7.0245830497208639e-01
3.0877019921778519e+00 7.0231869274160452e-01
3.0893183631440699e+00 7.0217909825374369e-01
3.0909347341102871e+00 7.0203952150923221e-01
3.0925511050765042e+00 7.0189996250879749e-01
3.0941674760427222e+00 7.0176042125316551e-01
3.0957838470089394e+00 7.0162089774306236e-01
3.0974002179751565e+00 7.0148139197921211e-01
3.0990165889413737e+00 7.0134190396233875e-01
3.1006329599075917e+00 7.0120243369316471e-01
3.1022493308738088e+00 7.0106298117241161e-01
3.1038657018400260e+00 7.0092354640080090e-01
3.1054820728062431e+00 7.0078412937905188e-01
3.1070984437724611e+00 7.0064473010788353e-01
3.1087148147386783e+00 7.0050534858801417e-01
3.1103311857048954e+00 7.0036598482016055e-01
3.1119475566711134e+00 7.0022663880503921e-01
3.1135639276373306e+00 7.0008731054336515e-01
3.1151802986035477e+00 6.9994800003585278e-01
3.1167966695697649e+00 6.9980870728321520e-01
3.1184130405359829e+00 6.9966943228616496e-01
3.1200294115022000e+00 6.9953017504541370e-01
3.1216457824684172e+00 6.9939093556167198e-01
3.1232621534346343e+00 6.9925171383564910e-01
3.1248785244008523e+00 6.9911250986805418e-01
3.1264948953670695e+00 6.9897332365959475e-01
3.1281112663332866e+00 6.9883415521097758e-01
3.1297276372995038e+00 6.9869500452290878e-01
3.1313440082657218e+00 6.9855587159609311e-01
3.1329603792319389e+00 6.9841675643123480e-01
3.1345767501981561e+00 6.9827765902903671e-01
3.1361931211643741e+00 6.9813857939020119e-01
3.1378094921305912e+00 6.9799951751542944e-01
3.1394258630968084e+00 6.9786047340542190e-01
3.1410422340630255e+00 6.9772144706087780e-01
3.1426586050292435e+00 6.9758243848249546e-01
3.1442749759954607e+00 6.9744344767097255e-01
3.1458913469616778e+00 6.9730447462700573e-01
3.1475077179278950e+00 6.9716551935129045e-01
3.1491240888941130e+00 6.9702658184452138e-01
3.1507404598603301e+00 6.9688766210739261e-01
3.1523568308265473e+00 6.9674876014059695e-01
3.1539732017927653e+00 6.9660987594482604e-01
3.1555895727589824e+00 6.9647100952077123e-01
3.1572059437251996e+00 6.9633216086912231e-01
3.1588223146914167e+00 6.9619332999056849e-01
3.1604386856576347e+00 6.9605451688579800e-01
3.1620550566238519e+00 6.9591572155549819e-01
3.1636714275900690e+00 6.9577694400035528e-01
3.1652877985562862e+00 6.9563818422105450e-01
3.1669041695225042e+00 6.9549944221828064e-01
3.1685205404887213e+00 6.9536071799271726e-01
3.1701369114549385e+00 6.9522201154504659e-01
3.1717532824211556e+00 6.9508332287595087e-01
3.1733696533873736e+00 6.9494465198611033e-01
3.1749860243535908e+00 6.9480599887620520e-01
3.1766023953198079e+00 6.9466736354691427e-01
3.1782187662860260e+00 6.9452874599891523e-01
3.1798351372522431e+00 6.9439014623288531e-01
3.1814515082184602e+00 6.9425156424950085e-01
3.1830678791846774e+00 6.9411300004943666e-01
3.1846842501508954e+00 6.9397445363336696e-01
3.1863006211171125e+00 6.9383592500196545e-01
3.1879169920833297e+00 6.9369741415590436e-01
3.1895333630495468e+00 6.9355892109585493e-01
3.1911497340157648e+00 6.9342044582248796e-01
3.1927661049819820e+00 6.9328198833647292e-01
3.1943824759481991e+00 6.9314354863847849e-01
3.1959988469144172e+00 6.9300512672917236e-01
3.1976152178806343e+00 6.9286672260922122e-01
3.1992315888468514e+00 6.9272833627929153e-01
3.2008479598130686e+00 6.9258996774004744e-01
3.2024643307792866e+00 6.9245161699215363e-01
3.2040807017455037e+00 6.9231328403627268e-01
3.2056970727117209e+00 6.9217496887306706e-01
3.2073134436779380e+00 6.9203667150319814e-01
3.2089298146441561e+00 6.9189839192732583e-01
3.2105461856103732e+00 6.9176013014610960e-01
3.2121625565765903e+00 6.9162188616020837e-01
3.2137789275428084e+00 6.9148365997027883e-01
3.2153952985090255e+00 6.9134545157697846e-01
3.2170116694752426e+00 6.9120726098096219e-01
3.2186280404414598e+00 6.9106908818288515e-01
3.2202444114076778e+00 6.9093093318340104e-01
3.2218607823738949e+00 6.9079279598316279e-01
3.2234771533401121e+00 6.9065467658282231e-01
3.2250935243063292e+00 6.9051657498303065e-01
3.2267098952725473e+00 6.9037849118443773e-01
3.2283262662387644e+00 6.9024042518769291e-01
3.2299426372049815e+00 6.9010237699344434e-01
3.2315590081711987e+00 6.8996434660233952e-01
3.2331753791374167e+00 6.8982633401502458e-01
3.2347917501036338e+00 6.8968833923214512e-01
3.2364081210698510e+00 6.8955036225434552e-01
3.2380244920360690e+00 6.8941240308226948e-01
3.2396408630022862e+00 6.8927446171655959e-01
3.2412572339685033e+00 6.8913653815785791e-01
3.2428736049347204e+00 6.8899863240680492e-01
3.2444899759009385e+00 6.8886074446404044e-01
3.2461063468671556e+00 6.8872287433020374e-01
3.2477227178333727e+00 6.8858502200593275e-01
3.2493390887995899e+00 6.8844718749186462e-01
3.2509554597658079e+00 6.8830937078863519e-01
3.2525718307320250e+00 6.8817157189688016e-01
3.2541882016982422e+00 6.8803379081723370e-01
3.2558045726644602e+00 6.8789602755032908e-01
3.2574209436306774e+00 6.8775828209679890e-01
3.2590373145968945e+00 6.8762055445727477e-01
3.2606536855631116e+00 6.8748284463238707e-01
3.2622700565293297e+00 6.8734515262276574e-01
3.2638864274955468e+00 6.8720747842903962e-01
3.2655027984617639e+00 6.8706982205183609e-01
3.2671191694279811e+00 6.8693218349178242e-01
3.2687355403941991e+00 6.8679456274950468e-01
3.2703519113604163e+00 6.8665695982562769e-01
3.2719682823266334e+00 6.8651937472077573e-01
3.2735846532928505e+00 6.8638180743557198e-01
3.2752010242590686e+00 6.8624425797063893e-01
3.2768173952252857e+00 6.8610672632659753e-01
3.2784337661915028e+00 6.8596921250406839e-01
3.2800501371577209e+00 6.8583171650367114e-01
3.2816665081239380e+00 6.8569423832602416e-01
3.2832828790901551e+00 6.8555677797174530e-01
3.2848992500563723e+00 6.8541933544145117e-01
3.2865156210225903e+00 6.8528191073575762e-01
3.2881319919888075e+00 6.8514450385527947e-01
3.2897483629550246e+00 6.8500711480063092e-01
3.2913647339212417e+00 6.8486974357242458e-01
3.2929811048874598e+00 6.8473239017127274e-01
3.2945974758536769e+00 6.8459505459778691e-01
3.2962138468198940e+00 6.8445773685257694e-01
3.2978302177861121e+00 6.8432043693625222e-01
3.2994465887523292e+00 6.8418315484942127e-01
3.3010629597185464e+00 6.8404589059269161e-01
3.3026793306847635e+00 6.8390864416666974e-01
3.3042957016509815e+00 6.8377141557196097e-01
3.3059120726171987e+00 6.8363420480917059e-01
3.3075284435834158e+00 6.8349701187890211e-01
3.3091448145496329e+00 6.8335983678175816e-01
3.3107611855158510e+00 6.8322267951834115e-01
3.3123775564820681e+00 6.8308554008925160e-01
3.3139939274482852e+00 6.8294841849509003e-01
3.3156102984145024e+00 6.8281131473645518e-01
3.3172266693807204e+00 6.8267422881394568e-01
3.3188430403469376e+00 6.8253716072815873e-01
3.3204594113131547e+00 6.8240011047969040e-01
3.3220757822793727e+00 6.8226307806913677e-01
3.3236921532455899e+00 6.8212606349709182e-01
3.3253085242118070e+00 6.8198906676414939e-01
3.3269248951780241e+00 6.8185208787090246e-01
3.3285412661442422e+00 6.8171512681794233e-01
3.3301576371104593e+00 6.8157818360586009e-01
3.3317740080766765e+00 6.8144125823524548e-01
3.3333903790428936e+00 6.8130435070668793e-01
3.3350067500091116e+00 6.8116746102077486e-01
3.3366231209753288e+00 6.8103058917809411e-01
3.3382394919415459e+00 6.8089373517923168e-01
3.3398558629077639e+00 6.8075689902477265e-01
3.3414722338739811e+00 6.8062008071530167e-01
3.3430886048401982e+00 6.8048328025140203e-01
3.3447049758064153e+00 6.8034649763365651e-01
3.3463213467726334e+00 6.8020973286264641e-01
3.3479377177388505e+00 6.8007298593895271e-01
3.3495540887050677e+00 6.7993625686315529e-01
3.3511704596712848e+00 6.7979954563583256e-01
3.3527868306375028e+00 6.7966285225756273e-01
3.3544032016037200e+00 6.7952617672892290e-01
3.3560195725699371e+00 6.7938951905048894e-01
3.3576359435361542e+00 6.7925287922283628e-01
3.3592523145023723e+00 6.7911625724653879e-01
3.3608686854685894e+00 6.7897965312216990e-01
3.3624850564348066e+00 6.7884306685030249e-01
3.3641014274010246e+00 6.7870649843150743e-01
3.3657177983672417e+00 6.7856994786635561e-01
3.3673341693334589e+00 6.7843341515541655e-01
3.3689505402996760e+00 6.7829690029925904e-01
3.3705669112658940e+00 6.7816040329845073e-01
3.3721832822321112e+00 6.7802392415355872e-01
3.3737996531983283e+00 6.7788746286514878e-01
3.3754160241645454e+00 6.7775101943378602e-01
3.3770323951307635e+00 6.7761459386003442e-01
3.3786487660969806e+00 6.7747818614445721e-01
3.3802651370631978e+00 6.7734179628761704e-01
3.3818815080294158e+00 6.7720542429007480e-01
3.3834978789956329e+00 6.7706907015239115e-01
3.3851142499618501e+00 6.7693273387512531e-01
3.3867306209280672e+00 6.7679641545883606e-01
3.3883469918942852e+00 6.7666011490408118e-01
3.3899633628605024e+00 6.7652383221141732e-01
3.3915797338267195e+00 6.7638756738140038e-01
3.3931961047929367e+00 6.7625132041458502e-01
3.3948124757591547e+00 6.7611509131152547e-01
3.3964288467253718e+00 6.7597888007277485e-01
3.3980452176915890e+00 6.7584268669888492e-01
3.3996615886578061e+00 6.7570651119040726e-01
3.4012779596240241e+00 6.7557035354789208e-01
3.4028943305902413e+00 6.7543421377188861e-01
3.4045107015564584e+00 6.7529809186294565e-01
3.4061270725226764e+00 6.7516198782161052e-01
3.4077434434888936e+00 6.7502590164842979e-01
3.4093598144551107e+00 6.7488983334394925e-01
3.4109761854213279e+00 6.7475378290871391e-01
3.4125925563875459e+00 6.7461775034326710e-01
3.4142089273537630e+00 6.7448173564815239e-01
3.4158252983199802e+00 6.7434573882391147e-01
3.4174416692861973e+00 6.7420975987108545e-01
3.4190580402524153e+00 6.7407379879021445e-01
3.4206744112186325e+00 6.7393785558183805e-01
3.4222907821848496e+00 6.7380193024649448e-01
3.4239071531510676e+00 6.7366602278472087e-01
3.4255235241172848e+00 6.7353013319705424e-01
3.4271398950835019e+00 6.7339426148402992e-01
3.4287562660497191e+00 6.7325840764618261e-01
3.4303726370159371e+00 6.7312257168404599e-01
3.4319890079821542e+00 6.7298675359815308e-01
3.4336053789483714e+00 6.7285095338903578e-01
3.4352217499145885e+00 6.7271517105722489e-01
3.4368381208808065e+00 6.7257940660325077e-01
3.4384544918470237e+00 6.7244366002764244e-01
3.4400708628132408e+00 6.7230793133092837e-01
3.4416872337794588e+00 6.7217222051363545e-01
3.4433036047456760e+00 6.7203652757629062e-01
3.4449199757118931e+00 6.7190085251941889e-01
3.4465363466781103e+00 6.7176519534354528e-01
3.4481527176443283e+00 6.7162955604919317e-01
3.4497690886105454e+00 6.7149393463688567e-01
3.4513854595767626e+00 6.7135833110714405e-01
3.4530018305429797e+00 6.7122274546048977e-01
3.4546182015091977e+00 6.7108717769744253e-01
3.4562345724754149e+00 6.7095162781852136e-01
3.4578509434416320e+00 6.7081609582424473e-01
3.4594673144078492e+00 6.7068058171512968e-01
3.4610836853740672e+00 6.7054508549169245e-01
3.4627000563402843e+00 6.7040960715444864e-01
3.4643164273065015e+00 6.7027414670391283e-01
3.4659327982727195e+00 6.7013870414059817e-01
3.4675491692389366e+00 6.7000327946501792e-01
3.4691655402051538e+00 6.6986787267768333e-01
3.4707819111713709e+00 6.6973248377910555e-01
3.4723982821375889e+00 6.6959711276979439e-01
3.4740146531038061e+00 6.6946175965025878e-01
3.4756310240700232e+00 6.6932642442100687e-01
3.4772473950362404e+00 6.6919110708254592e-01
3.4788637660024584e+00 6.6905580763538208e-01
3.4804801369686755e+00 6.6892052608002062e-01
3.4820965079348927e+00 6.6878526241696623e-01
3.4837128789011107e+00 6.6865001664672197e-01
3.4853292498673278e+00 6.6851478876979087e-01
3.4869456208335450e+00 6.6837957878667442e-01
3.4885619917997621e+00 6.6824438669787356e-01
3.4901783627659801e+00 6.6810921250388766e-01
3.4917947337321973e+00 6.6797405620521622e-01
3.4934111046984144e+00 6.6783891780235705e-01
3.4950274756646316e+00 6.6770379729580720e-01
3.4966438466308496e+00 6.6756869468606261e-01
3.4982602175970667e+00 6.6743360997361911e-01
3.4998765885632839e+00 6.6729854315897086e-01
3.5014929595295010e+00 6.6716349424261101e-01
3.5031093304957190e+00 6.6702846322503218e-01
3.5047257014619362e+00 6.6689345010672629e-01
3.5063420724281533e+00 6.6675845488818386e-01
3.5079584433943714e+00 6.6662347756989448e-01
3.5095748143605885e+00 6.6648851815234744e-01
3.5111911853268056e+00 6.6635357663603012e-01
3.5128075562930228e+00 6.6621865302143035e-01
3.5144239272592408e+00 6.6608374730903364e-01
3.5160402982254579e+00 6.6594885949932525e-01
3.5176566691916751e+00 6.6581398959278981e-01
3.5192730401578922e+00 6.6567913758991049e-01
3.5208894111241102e+00 6.6554430349116978e-01
3.5225057820903274e+00 6.6540948729704941e-01
3.5241221530565445e+00 6.6527468900802955e-01
3.5257385240227626e+00 6.6513990862459049e-01
3.5273548949889797e+00 6.6500514614721085e-01
3.5289712659551968e+00 6.6487040157636867e-01
3.5305876369214140e+00 6.6473567491254071e-01
3.5322040078876320e+00 6.6460096615620312e-01
3.5338203788538491e+00 6.6446627530783109e-01
3.5354367498200663e+00 6.6433160236789879e-01
3.5370531207862834e+00 6.6419694733687995e-01
3.5386694917525015e+00 6.6406231021524653e-01
3.5402858627187186e+00 6.6392769100347027e-01
3.5419022336849357e+00 6.6379308970202178e-01
3.5435186046511529e+00 6.6365850631137091e-01
3.5451349756173709e+00 6.6352394083198607e-01
3.5467513465835880e+00 6.6338939326433544e-01
3.5483677175498052e+00 6.6325486360888586e-01
3.5499840885160232e+00 6.6312035186610341e-01
3.5516004594822403e+00 6.6298585803645316e-01
3.5532168304484575e+00 6.6285138212039940e-01
3.5548332014146746e+00 6.6271692411840566e-01
3.5564495723808927e+00 6.6258248403093400e-01
3.5580659433471098e+00 6.6244806185844607e-01
3.5596823143133269e+00 6.6231365760140248e-01
3.5612986852795441e+00 6.6217927126026277e-01
3.5629150562457621e+00 6.6204490283548567e-01
3.5645314272119792e+00 6.6191055232752927e-01
3.5661477981781964e+00 6.6177621973685030e-01
3.5677641691444144e+00 6.6164190506390497e-01
3.5693805401106316e+00 6.6150760830914812e-01
3.5709969110768487e+00 6.6137332947303429e-01
3.5726132820430658e+00 6.6123906855601644e-01
3.5742296530092839e+00 6.6110482555854722e-01
3.5758460239755010e+00 6.6097060048107792e-01
3.5774623949417181e+00 6.6083639332405930e-01
3.5790787659079353e+00 6.6070220408794078e-01
3.5806951368741533e+00 6.6056803277317122e-01
3.5823115078403704e+00 6.6043387938019860e-01
3.5839278788065876e+00 6.6029974390946955e-01
3.5855442497728047e+00 6.6016562636143028e-01
3.5871606207390228e+00 6.6003152673652599e-01
3.5887769917052399e+00 6.5989744503520043e-01
3.5903933626714570e+00 6.5976338125789735e-01
3.5920097336376751e+00 6.5962933540505897e-01
3.5936261046038922e+00 6.5949530747712681e-01
3.5952424755701093e+00 6.5936129747454120e-01
3.5968588465363265e+00 6.5922730539774199e-01
3.5984752175025445e+00 6.5909333124716785e-01
3.6000915884687616e+00 6.5895937502325685e-01
3.6017079594349788e+00 6.5882543672644545e-01
3.6033243304011959e+00 6.5869151635716994e-01
3.6049407013674140e+00 6.5855761391586531e-01
3.6065570723336311e+00 6.5842372940296590e-01
3.6081734432998482e+00 6.5828986281890511e-01
3.6097898142660663e+00 6.5815601416411484e-01
3.6114061852322834e+00 6.5802218343902696e-01
3.6130225561985005e+00 6.5788837064407202e-01
3.6146389271647177e+00 6.5775457577967955e-01
3.6162552981309357e+00 6.5762079884627822e-01
3.6178716690971529e+00 6.5748703984429602e-01
3.6194880400633700e+00 6.5735329877415993e-01
3.6211044110295871e+00 6.5721957563629574e-01
3.6227207819958052e+00 6.5708587043112876e-01
3.6243371529620223e+00 6.5695218315908310e-01
3.6259535239282394e+00 6.5681851382058198e-01
3.6275698948944575e+00 6.5668486241604795e-01
3.6291862658606746e+00 6.5655122894590234e-01
3.6308026368268917e+00 6.5641761341056615e-01
3.6324190077931089e+00 6.5628401581045848e-01
3.6340353787593269e+00 6.5615043614599822e-01
3.6356517497255441e+00 6.5601687441760359e-01
3.6372681206917612e+00 6.5588333062569115e-01
3.6388844916579783e+00 6.5574980477067712e-01
3.6405008626241964e+00 6.5561629685297651e-01
3.6421172335904135e+00 6.5548280687300386e-01
3.6437336045566306e+00 6.5534933483117208e-01
3.6453499755228478e+00 6.5521588072789372e-01
3.6469663464890658e+00 6.5508244456358045e-01
3.6485827174552830e+00 6.5494902633864260e-01
3.6501990884215001e+00 6.5481562605349031e-01
3.6518154593877181e+00 6.5468224370853190e-01
3.6534318303539353e+00 6.5454887930417560e-01
3.6550482013201524e+00 6.5441553284082798e-01
3.6566645722863695e+00 6.5428220431889561e-01
3.6582809432525876e+00 6.5414889373878327e-01
3.6598973142188047e+00 6.5401560110089541e-01
3.6615136851850218e+00 6.5388232640563559e-01
3.6631300561512390e+00 6.5374906965340573e-01
3.6647464271174570e+00 6.5361583084460773e-01
3.6663627980836742e+00 6.5348260997964225e-01
3.6679791690498913e+00 6.5334940705890887e-01
3.6695955400161093e+00 6.5321622208280650e-01
3.6712119109823265e+00 6.5308305505173314e-01
3.6728282819485436e+00 6.5294990596608571e-01
3.6744446529147607e+00 6.5281677482626044e-01
3.6760610238809788e+00 6.5268366163265223e-01
3.6776773948471959e+00 6.5255056638565589e-01
3.6792937658134131e+00 6.5241748908566433e-01
3.6809101367796302e+00 6.5228442973307055e-01
3.6825265077458482e+00 6.5215138832826569e-01
3.6841428787120654e+00 6.5201836487164067e-01
3.6857592496782825e+00 6.5188535936358516e-01
3.6873756206444996e+00 6.5175237180448831e-01
3.6889919916107177e+00 6.5161940219473780e-01
3.6906083625769348e+00 6.5148645053472087e-01
3.6922247335431519e+00 6.5135351682482368e-01
3.6938411045093700e+00 6.5122060106543134e-01
3.6954574754755871e+00 6.5108770325692844e-01
3.6970738464418043e+00 6.5095482339969835e-01
3.6986902174080214e+00 6.5082196149412364e-01
3.7003065883742394e+00 6.5068911754058578e-01
3.7019229593404566e+00 6.5055629153946604e-01
3.7035393303066737e+00 6.5042348349114365e-01
3.7051557012728908e+00 6.5029069339599799e-01
3.7067720722391089e+00 6.5015792125440686e-01
3.7083884432053260e+00 6.5002516706674762e-01
3.7100048141715432e+00 6.4989243083339632e-01
3.7116211851377612e+00 6.4975971255472842e-01
3.7132375561039783e+00 6.4962701223111829e-01
3.7148539270701955e+00 6.4949432986293953e-01
3.7164702980364126e+00 6.4936166545056484e-01
3.7180866690026306e+00 6.4922901899436558e-01
3.7197030399688478e+00 6.4909639049471313e-01
3.7213194109350649e+00 6.4896377995197707e-01
3.7229357819012820e+00 6.4883118736652634e-01
3.7245521528675001e+00 6.4869861273872931e-01
3.7261685238337172e+00 6.4856605606895312e-01
3.7277848947999344e+00 6.4843351735756405e-01
3.7294012657661515e+00 6.4830099660492757e-01
3.7310176367323695e+00 6.4816849381140829e-01
3.7326340076985867e+00 6.4803600897736935e-01
3.7342503786648038e+00 6.4790354210317436e-01
3.7358667496310218e+00 6.4777109318918424e-01
3.7374831205972390e+00 6.4763866223576039e-01
3.7390994915634561e+00 6.4750624924326272e-01
3.7407158625296733e+00 6.4737385421205029e-01
3.7423322334958913e+00 6.4724147714248148e-01
3.7439486044621084e+00 6.4710911803491356e-01
3.7455649754283256e+00 6.4697677688970268e-01
3.7471813463945427e+00 6.4684445370720467e-01
3.7487977173607607e+00 6.4671214848777392e-01
3.7504140883269779e+00 6.4657986123176436e-01
3.7520304592931950e+00 6.4644759193952872e-01
3.7536468302594130e+00 6.4631534061141860e-01
3.7552632012256302e+00 6.4618310724778549e-01
3.7568795721918473e+00 6.4605089184897946e-01
3.7584959431580645e+00 6.4591869441534933e-01
3.7601123141242825e+00 6.4578651494724382e-01
3.7617286850904996e+00 6.4565435344501021e-01
3.7633450560567168e+00 6.4552220990899511e-01
3.7649614270229339e+00 6.4539008433954370e-01
3.7665777979891519e+00 6.4525797673700114e-01
3.7681941689553691e+00 6.4512588710171137e-01
3.7698105399215862e+00 6.4499381543401679e-01
3.7714269108878034e+00 6.4486176173425991e-01
3.7730432818540214e+00 6.4472972600278156e-01
3.7746596528202385e+00 6.4459770823992224e-01
3.7762760237864557e+00 6.4446570844602091e-01
3.7778923947526737e+00 6.4433372662141630e-01
3.7795087657188908e+00 6.4420176276644614e-01
3.7811251366851080e+00 6.4406981688144638e-01
3.7827415076513251e+00 6.4393788896675319e-01
3.7843578786175431e+00 6.4380597902270165e-01
3.7859742495837603e+00 6.4367408704962503e-01
3.7875906205499774e+00 6.4354221304785686e-01
3.7892069915161946e+00 6.4341035701772942e-01
3.7908233624824126e+00 6.4327851895957355e-01
3.7924397334486297e+00 6.4314669887371989e-01
3.7940561044148469e+00 6.4301489676049772e-01
3.7956724753810649e+00 6.4288311262023579e-01
3.7972888463472820e+00 6.4275134645326137e-01
3.7989052173134992e+00 6.4261959825990178e-01
3.8005215882797163e+00 6.4248786804048241e-01
3.8021379592459343e+00 6.4235615579532857e-01
3.8037543302121515e+00 6.4222446152476409e-01
3.8053707011783686e+00 6.4209278522911217e-01
3.8069870721445858e+00 6.4196112690869533e-01
3.8086034431108038e+00 6.4182948656383465e-01
3.8102198140770209e+00 6.4169786419485086e-01
3.8118361850432381e+00 6.4156625980206350e-01
3.8134525560094552e+00 6.4143467338579119e-01
3.8150689269756732e+00 6.4130310494635145e-01
3.8166852979418904e+00 6.4117155448406193e-01
3.8183016689081075e+00 6.4104002199923804e-01
3.8199180398743255e+00 6.4090850749219508e-01
3.8215344108405427e+00 6.4077701096324724e-01
3.8231507818067598e+00 6.4064553241270794e-01
3.8247671527729770e+00 6.4051407184088949e-01
3.8263835237391950e+00 6.4038262924810330e-01
3.8279998947054121e+00 6.4025120463466023e-01
3.8296162656716293e+00 6.4011979800087004e-01
3.8312326366378464e+00 6.3998840934704149e-01
3.8328490076040644e+00 6.3985703867348265e-01
3.8344653785702816e+00 6.3972568598050039e-01
3.8360817495364987e+00 6.3959435126840103e-01
3.8376981205027167e+00 6.3946303453748954e-01
3.8393144914689339e+00 6.3933173578807079e-01
3.8409308624351510e+00 6.3920045502044809e-01
3.8425472334013682e+00 6.3906919223492376e-01
3.8441636043675862e+00 6.3893794743179977e-01
3.8457799753338033e+00 6.3880672061137667e-01
3.8473963463000205e+00 6.3867551177395465e-01
3.8490127172662376e+00 6.3854432091983282e-01
3.8506290882324556e+00 6.3841314804930882e-01
3.8522454591986728e+00 6.3828199316268019e-01
3.8538618301648899e+00 6.3815085626024326e-01
3.8554782011311080e+00 6.3801973734229345e-01
3.8570945720973251e+00 6.3788863640912541e-01
3.8587109430635422e+00 6.3775755346103247e-01
3.8603273140297594e+00 6.3762648849830783e-01
3.8619436849959774e+00 6.3749544152124293e-01
3.8635600559621945e+00 6.3736441253012910e-01
3.8651764269284117e+00 6.3723340152525632e-01
3.8667927978946288e+00 6.3710240850691358e-01
3.8684091688608468e+00 6.3697143347538943e-01
3.8700255398270640e+00 6.3684047643097119e-01
3.8716419107932811e+00 6.3670953737394531e-01
3.8732582817594983e+00 6.3657861630459756e-01
3.8748746527257163e+00 6.3644771322321270e-01
3.8764910236919334e+00 6.3631682813007440e-01
3.8781073946581506e+00 6.3618596102546554e-01
3.8797237656243686e+00 6.3605511190966824e-01
3.8813401365905857e+00 6.3592428078296392e-01
3.8829565075568029e+00 6.3579346764563271e-01
3.8845728785230200e+00 6.3566267249795405e-01
3.8861892494892381e+00 6.3553189534020604e-01
3.8878056204554552e+00 6.3540113617266680e-01
3.8894219914216723e+00 6.3527039499561266e-01
3.8910383623878895e+00 6.3513967180931996e-01
3.8926547333541075e+00 6.3500896661406281e-01
3.8942711043203246e+00 6.3487827941011599e-01
3.8958874752865418e+00 6.3474761019775239e-01
3.8975038462527598e+00 6.3461695897724424e-01
3.8991202172189769e+00 6.3448632574886288e-01
3.9007365881851941e+00 6.3435571051287876e-01
3.9023529591514112e+00 6.3422511326956166e-01
3.9039693301176293e+00 6.3409453401918003e-01
3.9055857010838464e+00 6.3396397276200178e-01
3.9072020720500635e+00 6.3383342949829402e-01
3.9088184430162807e+00 6.3370290422832265e-01
3.9104348139824987e+00 6.3357239695235257e-01
3.9120511849487158e+00 6.3344190767064856e-01
3.9136675559149330e+00 6.3331143638347331e-01
3.9152839268811501e+00 6.3318098309108983e-01
3.9169002978473682e+00 6.3305054779375936e-01
3.9185166688135853e+00 6.3292013049174267e-01
3.9201330397798024e+00 6.3278973118529991e-01
3.9217494107460205e+00 6.3265934987468975e-01
3.9233657817122376e+00 6.3252898656016998e-01
3.9249821526784547e+00 6.3239864124199807e-01
3.9265985236446719e+00 6.3226831392043026e-01
3.9282148946108899e+00 6.3213800459572156e-01
3.9298312655771070e+00 6.3200771326812699e-01
3.9314476365433242e+00 6.3187743993789969e-01
3.9330640075095413e+00 6.3174718460529244e-01
3.9346803784757594e+00 6.3161694727055728e-01
3.9362967494419765e+00 6.3148672793394500e-01
3.9379131204081936e+00 6.3135652659570562e-01
3.9395294913744117e+00 6.3122634325608817e-01
3.9411458623406288e+00 6.3109617791534112e-01
3.9427622333068459e+00 6.3096603057371170e-01
3.9443786042730631e+00 6.3083590123144662e-01
3.9459949752392811e+00 6.3070578988879122e-01
3.9476113462054983e+00 6.3057569654599033e-01
3.9492277171717154e+00 6.3044562120328762e-01
3.9508440881379325e+00 6.3031556386092635e-01
3.9524604591041506e+00 6.3018552451914822e-01
3.9540768300703677e+00 6.3005550317819470e-01
3.9556932010365848e+00 6.2992549983830604e-01
3.9573095720028020e+00 6.2979551449972149e-01
3.9589259429690200e+00 6.2966554716267942e-01
3.9605423139352371e+00 6.2953559782741786e-01
3.9621586849014543e+00 6.2940566649417318e-01
3.9637750558676723e+00 6.2927575316318141e-01
3.9653914268338895e+00 6.2914585783467758e-01
3.9670077978001066e+00 6.2901598050889562e-01
3.9686241687663237e+00 6.2888612118606879e-01
3.9702405397325418e+00 6.2875627986642935e-01
3.9718569106987589e+00 6.2862645655020888e-01
3.9734732816649760e+00 6.2849665123763787e-01
3.9750896526311932e+00 6.2836686392894570e-01
3.9767060235974112e+00 6.2823709462436128e-01
3.9783223945636284e+00 6.2810734332411278e-01
3.9799387655298455e+00 6.2797761002842700e-01
3.9815551364960635e+00 6.2784789473753000e-01
3.9831715074622807e+00 6.2771819745164692e-01
3.9847878784284978e+00 6.2758851817100236e-01
3.9864042493947149e+00 6.2745885689581959e-01
3.9880206203609330e+00 6.2732921362632144e-01
3.9896369913271501e+00 6.2719958836272927e-01
3.9912533622933672e+00 6.2706998110526413e-01
3.9928697332595844e+00 6.2694039185414596e-01
3.9944861042258024e+00 6.2681082060959348e-01
3.9961024751920196e+00 6.2668126737182528e-01
3.9977188461582367e+00 6.2655173214105842e-01
3.9993352171244538e+00 6.2642221491750927e-01
4.0009515880906719e+00 6.2629271570139344e-01
4.0025679590568890e+00 6.2616323449292555e-01
4.0041843300231061e+00 6.2603377129231907e-01
4.0058007009893242e+00 6.2590432609978730e-01
4.0074170719555413e+00 6.2577489891554205e-01
4.0090334429217584e+00 6.2564548973979428e-01
4.0106498138879756e+00 6.2551609857275436e-01
4.0122661848541936e+00 6.2538672541463158e-01
4.0138825558204108e+00 6.2525737026563422e-01
4.0154989267866279e+00 6.2512803312597010e-01
4.0171152977528450e+00 6.2499871399584594e-01
4.0187316687190631e+00 6.2486941287546727e-01
4.0203480396852802e+00 6.2474012976503923e-01
4.0219644106514973e+00 6.2461086466476579e-01
4.0235807816177154e+00 6.2448161757485010e-01
4.0251971525839325e+00 6.2435238849549435e-01
4.0268135235501497e+00 6.2422317742690014e-01
4.0284298945163668e+00 6.2409398436926811e-01
4.0300462654825848e+00 6.2396480932279730e-01
4.0316626364488020e+00 6.2383565228768711e-01
4.0332790074150191e+00 6.2370651326413484e-01
4.0348953783812362e+00 6.2357739225233821e-01
4.0365117493474543e+00 6.2344828925249263e-01
4.0381281203136714e+00 6.2331920426479348e-01
4.0397444912798885e+00 6.2319013728943540e-01
4.0413608622461066e+00 6.2306108832661178e-01
4.0429772332123237e+00 6.2293205737651480e-01
4.0445936041785409e+00 6.2280304443933687e-01
4.0462099751447580e+00 6.2267404951526828e-01
4.0478263461109760e+00 6.2254507260449921e-01
4.0494427170771932e+00 6.2241611370721872e-01
4.0510590880434103e+00 6.2228717282361479e-01
4.0526754590096274e+00 6.2215824995387492e-01
4.0542918299758455e+00 6.2202934509818553e-01
4.0559082009420626e+00 6.2190045825673235e-01
4.0575245719082798e+00 6.2177158942969968e-01
4.0591409428744969e+00 6.2164273861727148e-01
4.0607573138407149e+00 6.2151390581963095e-01
4.0623736848069321e+00 6.2138509103695949e-01
4.0639900557731492e+00 6.2125629426943907e-01
4.0656064267393672e+00 6.2112751551724921e-01
4.0672227977055844e+00 6.2099875478056987e-01
4.0688391686718015e+00 6.2087001205957926e-01
4.0704555396380186e+00 6.2074128735445511e-01
4.0720719106042367e+00 6.2061258066537428e-01
4.0736882815704538e+00 6.2048389199251242e-01
4.0753046525366710e+00 6.2035522133604482e-01
4.0769210235028881e+00 6.2022656869614545e-01
4.0785373944691061e+00 6.2009793407298763e-01
4.0801537654353233e+00 6.1996931746674389e-01
4.0817701364015404e+00 6.1984071887758541e-01
4.0833865073677584e+00 6.1971213830568295e-01
4.0850028783339756e+00 6.1958357575120637e-01
4.0866192493001927e+00 6.1945503121432455e-01
4.0882356202664099e+00 6.1932650469520534e-01
4.0898519912326279e+00 6.1919799619401594e-01
4.0914683621988450e+00 6.1906950571092234e-01
4.0930847331650622e+00 6.1894103324609051e-01
4.0947011041312793e+00 6.1881257879968432e-01
4.0963174750974973e+00 6.1868414237186764e-01
4.0979338460637145e+00 6.1855572396280345e-01
4.0995502170299316e+00 6.1842732357265329e-01
4.1011665879961487e+00 6.1829894120157813e-01
4.1027829589623668e+00 6.1817057684973808e-01
4.1043993299285839e+00 6.1804223051729268e-01
4.1060157008948011e+00 6.1791390220440001e-01
4.1076320718610191e+00 6.1778559191121740e-01
4.1092484428272362e+00 6.1765729963790195e-01
4.1108648137934534e+00 6.1752902538460908e-01
4.1124811847596705e+00 6.1740076915149356e-01
4.1140975557258885e+00 6.1727253093870948e-01
4.1157139266921057e+00 6.1714431074641019e-01
4.1173302976583228e+00 6.1701610857474776e-01
4.1189466686245400e+00 6.1688792442387341e-01
4.1205630395907580e+00 6.1675975829393748e-01
4.1221794105569751e+00 6.1663161018509005e-01
4.1237957815231923e+00 6.1650348009747968e-01
4.1254121524894103e+00 6.1637536803125403e-01
4.1270285234556274e+00 6.1624727398656032e-01
4.1286448944218446e+00 6.1611919796354464e-01
4.1302612653880617e+00 6.1599113996235211e-01
4.1318776363542797e+00 6.1586309998312716e-01
4.1334940073204969e+00 6.1573507802601313e-01
4.1351103782867140e+00 6.1560707409115301e-01
4.1367267492529312e+00 6.1547908817868846e-01
4.1383431202191492e+00 6.1535112028875993e-01
4.1399594911853663e+00 6.1522317042150809e-01
4.1415758621515835e+00 6.1509523857707149e-01
4.1431922331178006e+00 6.1496732475558857e-01
4.1448086040840186e+00 6.1483942895719679e-01
4.1464249750502358e+00 6.1471155118203280e-01
4.1480413460164529e+00 6.1458369143023184e-01
4.1496577169826709e+00 6.1445584970192890e-01
4.1512740879488881e+00 6.1432802599725800e-01
4.1528904589151052e+00 6.1420022031635202e-01
4.1545068298813224e+00 6.1407243265934297e-01
4.1561232008475404e+00 6.1394466302636252e-01
4.1577395718137575e+00 6.1381691141754069e-01
4.1593559427799747e+00 6.1368917783300747e-01
4.1609723137461918e+00 6.1356146227289099e-01
4.1625886847124098e+00 6.1343376473731936e-01
4.1642050556786270e+00 6.1330608522641950e-01
4.1658214266448441e+00 6.1317842374031728e-01
4.1674377976110621e+00 6.1305078027913784e-01
4.1690541685772793e+00 6.1292315484300597e-01
4.1706705395434964e+00 6.1279554743204467e-01
4.1722869105097136e+00 6.1266795804637664e-01
4.1739032814759316e+00 6.1254038668612365e-01
4.1755196524421487e+00 6.1241283335140650e-01
4.1771360234083659e+00 6.1228529804234488e-01
4.1787523943745830e+00 6.1215778075905836e-01
4.1803687653408010e+00 6.1203028150166450e-01
4.1819851363070182e+00 6.1190280027028154e-01
4.1836015072732353e+00 6.1177533706502518e-01
4.1852178782394525e+00 6.1164789188601143e-01
4.1868342492056705e+00 6.1152046473335475e-01
4.1884506201718876e+00 6.1139305560716939e-01
4.1900669911381048e+00 6.1126566450756814e-01
4.1916833621043228e+00 6.1113829143466303e-01
4.1932997330705399e+00 6.1101093638856563e-01
4.1949161040367571e+00 6.1088359936938585e-01
4.1965324750029742e+00 6.1075628037723384e-01
4.1981488459691922e+00 6.1062897941221772e-01
4.1997652169354094e+00 6.1050169647444563e-01
4.2013815879016265e+00 6.1037443156402438e-01
4.2029979588678437e+00 6.1024718468105987e-01
4.2046143298340617e+00 6.1011995582565759e-01
4.2062307008002788e+00 6.0999274499792155e-01
4.2078470717664960e+00 6.0986555219795535e-01
4.2094634427327140e+00 6.0973837742586157e-01
4.2110798136989311e+00 6.0961122068174212e-01
4.2126961846651483e+00 6.0948408196569737e-01
4.2143125556313654e+00 6.0935696127782779e-01
4.2159289265975834e+00 6.0922985861823231e-01
4.2175452975638006e+00 6.0910277398700896e-01
4.2191616685300177e+00 6.0897570738425544e-01
4.2207780394962349e+00 6.0884865881006822e-01
4.2223944104624529e+00 6.0872162826454290e-01
4.2240107814286700e+00 6.0859461574777407e-01
4.2256271523948872e+00 6.0846762125985587e-01
4.2272435233611043e+00 6.0834064480088146e-01
4.2288598943273223e+00 6.0821368637094264e-01
4.2304762652935395e+00 6.0808674597013090e-01
4.2320926362597566e+00 6.0795982359853684e-01
4.2337090072259747e+00 6.0783291925625005e-01
4.2353253781921918e+00 6.0770603294335890e-01
4.2369417491584089e+00 6.0757916465995165e-01
4.2385581201246261e+00 6.0745231440611513e-01
4.2401744910908441e+00 6.0732548218193516e-01
4.2417908620570612e+00 6.0719866798749778e-01
4.2434072330232784e+00 6.0707187182288658e-01
4.2450236039894955e+00 6.0694509368818550e-01
4.2466399749557135e+00 6.0681833358347703e-01
4.2482563459219307e+00 6.0669159150884311e-01
4.2498727168881478e+00 6.0656486746436467e-01
4.2514890878543659e+00 6.0643816145012153e-01
4.2531054588205830e+00 6.0631147346619330e-01
4.2547218297868001e+00 6.0618480351265813e-01
4.2563382007530173e+00 6.0605815158959331e-01
4.2579545717192353e+00 6.0593151769707565e-01
4.2595709426854524e+00 6.0580490183518099e-01
4.2611873136516696e+00 6.0567830400398404e-01
4.2628036846178867e+00 6.0555172420355896e-01
4.2644200555841048e+00 6.0542516243397881e-01
4.2660364265503219e+00 6.0529861869531598e-01
4.2676527975165390e+00 6.0517209298764174e-01
4.2692691684827571e+00 6.0504558531102681e-01
4.2708855394489742e+00 6.0491909566554081e-01
4.2725019104151913e+00 6.0479262405125256e-01
4.2741182813814085e+00 6.0466617046823057e-01
4.2757346523476265e+00 6.0453973491654101e-01
4.2773510233138436e+00 6.0441331739625082e-01
4.2789673942800608e+00 6.0428691790742528e-01
4.2805837652462779e+00 6.0416053645012890e-01
4.2822001362124960e+00 6.0403417302442519e-01
4.2838165071787131e+00 6.0390782763037720e-01
4.2854328781449302e+00 6.0378150026804667e-01
4.2870492491111474e+00 6.0365519093749487e-01
4.2886656200773654e+00 6.0352889963878176e-01
4.2902819910435825e+00 6.0340262637196718e-01
4.2918983620097997e+00 6.0327637113710919e-01
4.2935147329760177e+00 6.0315013393426564e-01
4.2951311039422349e+00 6.0302391476349315e-01
4.2967474749084520e+00 6.0289771362484790e-01
4.2983638458746691e+00 6.0277153051838483e-01
4.2999802168408872e+00 6.0264536544415803e-01
4.3015965878071043e+00 6.0251921840222089e-01
4.3032129587733214e+00 6.0239308939262615e-01
4.3048293297395386e+00 6.0226697841542509e-01
4.3064457007057566e+00 6.0214088547066846e-01
4.3080620716719737e+00 6.0201481055840655e-01
4.3096784426381909e+00 6.0188875367868810e-01
4.3112948136044089e+00 6.0176271483156107e-01
4.3129111845706261e+00 6.0163669401707343e-01
4.3145275555368432e+00 6.0151069123527112e-01
4.3161439265030603e+00 6.0138470648619979e-01
4.3177602974692784e+00 6.0125873976990429e-01
4.3193766684354955e+00 6.0113279108642870e-01
4.3209930394017126e+00 6.0100686043581575e-01
4.3226094103679298e+00 6.0088094781810775e-01
4.3242257813341478e+00 6.0075505323334610e-01
4.3258421523003650e+00 6.0062917668157101e-01
4.3274585232665821e+00 6.0050331816282221e-01
4.3290748942327992e+00 6.0037747767713834e-01
4.3306912651990173e+00 6.0025165522455737e-01
4.3323076361652344e+00 6.0012585080511638e-01
4.3339240071314515e+00 6.0000006441885145e-01
4.3355403780976696e+00 5.9987429606579779e-01
4.3371567490638867e+00 5.9974854574599012e-01
4.3387731200301038e+00 5.9962281345946189e-01
4.3403894909963210e+00 5.9949709920624561e-01
4.3420058619625390e+00 5.9937140298637348e-01
4.3436222329287562e+00 5.9924572479987637e-01
4.3452386038949733e+00 5.9912006464678447e-01
4.3468549748611904e+00 5.9899442252712709e-01
4.3484713458274085e+00 5.9886879844093266e-01
4.3500877167936256e+00 5.9874319238822882e-01
4.3517040877598427e+00 5.9861760436904232e-01
4.3533204587260608e+00 5.9849203438339882e-01
4.3549368296922779e+00 5.9836648243132362e-01
4.3565532006584951e+00 5.9824094851284071e-01
4.3581695716247122e+00 5.9811543262797362e-01
4.3597859425909302e+00 5.9798993477674456e-01
4.3614023135571474e+00 5.9786445495917540e-01
4.3630186845233645e+00 5.9773899317528656e-01
4.3646350554895816e+00 5.9761354942509815e-01
4.3662514264557997e+00 5.9748812370862914e-01
4.3678677974220168e+00 5.9736271602589774e-01
4.3694841683882339e+00 5.9723732637692128e-01
4.3711005393544511e+00 5.9711195476171630e-01
4.3727169103206691e+00 5.9698660118029812e-01
4.3743332812868863e+00 5.9686126563268183e-01
4.3759496522531034e+00 5.9673594811888120e-01
4.3775660232193214e+00 5.9661064863890922e-01
4.3791823941855386e+00 5.9648536719277845e-01
4.3807987651517557e+00 5.9636010378049986e-01
4.3824151361179728e+00 5.9623485840208401e-01
4.3840315070841909e+00 5.9610963105754056e-01
4.3856478780504080e+00 5.9598442174687838e-01
4.3872642490166252e+00 5.9585923047010525e-01
4.3888806199828423e+00 5.9573405722722861e-01
4.3904969909490603e+00 5.9560890201825412e-01
4.3921133619152775e+00 5.9548376484318755e-01
4.3937297328814946e+00 5.9535864570203345e-01
4.3953461038477126e+00 5.9523354459479516e-01
4.3969624748139298e+00 5.9510846152147578e-01
4.3985788457801469e+00 5.9498339648207721e-01
4.4001952167463640e+00 5.9485834947660077e-01
4.4018115877125812e+00 5.9473332050504613e-01
4.4034279586787992e+00 5.9460830956741328e-01
4.4050443296450164e+00 5.9448331666370058e-01
4.4066607006112335e+00 5.9435834179390545e-01
4.4082770715774506e+00 5.9423338495802536e-01
4.4098934425436687e+00 5.9410844615605563e-01
4.4115098135098858e+00 5.9398352538799182e-01
4.4131261844761029e+00 5.9385862265382827e-01
4.4147425554423210e+00 5.9373373795355844e-01
4.4163589264085381e+00 5.9360887128717443e-01
4.4179752973747553e+00 5.9348402265466849e-01
4.4195916683409724e+00 5.9335919205603149e-01
4.4212080393071904e+00 5.9323437949125313e-01
4.4228244102734076e+00 5.9310958496032307e-01
4.4244407812396247e+00 5.9298480846322932e-01
4.4260571522058418e+00 5.9286004999995956e-01
4.4276735231720599e+00 5.9273530957050025e-01
4.4292898941382770e+00 5.9261058717483717e-01
4.4309062651044941e+00 5.9248588281295556e-01
4.4325226360707113e+00 5.9236119648483931e-01
4.4341390070369293e+00 5.9223652819047157e-01
4.4357553780031465e+00 5.9211187792983488e-01
4.4373717489693636e+00 5.9198724570291072e-01
4.4389881199355816e+00 5.9186263150967999e-01
4.4406044909017988e+00 5.9173803535012226e-01
4.4422208618680159e+00 5.9161345722421665e-01
4.4438372328342330e+00 5.9148889713194142e-01
4.4454536038004511e+00 5.9136435507327356e-01
4.4470699747666682e+00 5.9123983104818989e-01
4.4486863457328853e+00 5.9111532505666597e-01
4.4503027166991025e+00 5.9099083709867639e-01
4.4519190876653205e+00 5.9086636717419472e-01
4.4535354586315377e+00 5.9074191528319486e-01
4.4551518295977548e+00 5.9061748142564863e-01
4.4567682005639728e+00 5.9049306560152715e-01
4.4583845715301900e+00 5.9036866781080111e-01
4.4600009424964071e+00 5.9024428805344042e-01
4.4616173134626242e+00 5.9011992632941346e-01
4.4632336844288423e+00 5.8999558263868868e-01
4.4648500553950594e+00 5.8987125698123299e-01
4.4664664263612766e+00 5.8974694935701266e-01
4.4680827973274937e+00 5.8962265976599315e-01
4.4696991682937117e+00 5.8949838820813882e-01
4.4713155392599289e+00 5.8937413468341404e-01
4.4729319102261460e+00 5.8924989919178106e-01
4.4745482811923631e+00 5.8912568173320246e-01
4.4761646521585812e+00 5.8900148230763905e-01
4.4777810231247983e+00 5.8887730091505130e-01
4.4793973940910154e+00 5.8875313755539882e-01
4.4810137650572335e+00 5.8862899222864007e-01
4.4826301360234506e+00 5.8850486493473331e-01
4.4842465069896678e+00 5.8838075567363501e-01
4.4858628779558849e+00 5.8825666444530178e-01
4.4874792489221029e+00 5.8813259124968853e-01
4.4890956198883201e+00 5.8800853608674986e-01
4.4907119908545372e+00 5.8788449895643957e-01
4.4923283618207543e+00 5.8776047985870983e-01
4.4939447327869724e+00 5.8763647879351322e-01
4.4955611037531895e+00 5.8751249576080056e-01
4.4971774747194067e+00 5.8738853076052211e-01
4.4987938456856247e+00 5.8726458379262692e-01
4.5004102166518418e+00 5.8714065485706401e-01
4.5020265876180590e+00 5.8701674395378078e-01
4.5036429585842761e+00 5.8689285108272438e-01
4.5052593295504941e+00 5.8676897624384050e-01
4.5068757005167113e+00 5.8664511943707442e-01
4.5084920714829284e+00 5.8652128066237041e-01
4.5101084424491455e+00 5.8639745991967207e-01
4.5117248134153636e+00 5.8627365720892188e-01
4.5133411843815807e+00 5.8614987253006190e-01
4.5149575553477979e+00 5.8602610588303272e-01
4.5165739263140150e+00 5.8590235726777484e-01
4.5181902972802330e+00 5.8577862668422720e-01
4.5198066682464502e+00 5.8565491413232829e-01
4.5214230392126673e+00 5.8553121961201593e-01
4.5230394101788853e+00 5.8540754312322651e-01
4.5246557811451025e+00 5.8528388466589620e-01
4.5262721521113196e+00 5.8516024423996005e-01
4.5278885230775368e+00 5.8503662184535199e-01
4.5295048940437548e+00 5.8491301748200564e-01
4.5311212650099719e+00 5.8478943114985371e-01
4.5327376359761891e+00 5.8466586284882749e-01
4.5343540069424062e+00 5.8454231257885803e-01
4.5359703779086242e+00 5.8441878033987527e-01
4.5375867488748414e+00 5.8429526613180860e-01
4.5392031198410585e+00 5.8417176995458620e-01
4.5408194908072765e+00 5.8404829180813533e-01
4.5424358617734937e+00 5.8392483169238296e-01
4.5440522327397108e+00 5.8380138960725503e-01
4.5456686037059280e+00 5.8367796555267615e-01
4.5472849746721460e+00 5.8355455952857060e-01
4.5489013456383631e+00 5.8343117153486157e-01
4.5505177166045803e+00 5.8330780157147166e-01
4.5521340875707974e+00 5.8318444963832250e-01
4.5537504585370154e+00 5.8306111573533459e-01
4.5553668295032326e+00 5.8293779986242822e-01
4.5569832004694497e+00 5.8281450201952245e-01
4.5585995714356677e+00 5.8269122220653524e-01
4.5602159424018849e+00 5.8256796042338432e-01
4.5618323133681020e+00 5.8244471666998610e-01
4.5634486843343192e+00 5.8232149094625629e-01
4.5650650553005372e+00 5.8219828325211009e-01
4.5666814262667543e+00 5.8207509358746123e-01
4.5682977972329715e+00 5.8195192195222301e-01
4.5699141681991886e+00 5.8182876834630803e-01
4.5715305391654066e+00 5.8170563276962750e-01
4.5731469101316238e+00 5.8158251522209237e-01
4.5747632810978409e+00 5.8145941570361259e-01
4.5763796520640581e+00 5.8133633421409692e-01
4.5779960230302761e+00 5.8121327075345386e-01
4.5796123939964932e+00 5.8109022532159060e-01
4.5812287649627104e+00 5.8096719791841367e-01
4.5828451359289284e+00 5.8084418854382880e-01
4.5844615068951455e+00 5.8072119719774096e-01
4.5860778778613627e+00 5.8059822388005422e-01
4.5876942488275798e+00 5.8047526859067133e-01
4.5893106197937978e+00 5.8035233132949504e-01
4.5909269907600150e+00 5.8022941209642676e-01
4.5925433617262321e+00 5.8010651089136711e-01
4.5941597326924493e+00 5.7998362771421619e-01
4.5957761036586673e+00 5.7986076256487251e-01
4.5973924746248844e+00 5.7973791544323461e-01
4.5990088455911016e+00 5.7961508634920000e-01
4.6006252165573196e+00 5.7949227528266478e-01
4.6022415875235367e+00 5.7936948224352469e-01
4.6038579584897539e+00 5.7924670723167471e-01
4.6054743294559710e+00 5.7912395024700880e-01
4.6070907004221890e+00 5.7900121128942017e-01
4.6087070713884062e+00 5.7887849035880112e-01
4.6103234423546233e+00 5.7875578745504308e-01
4.6119398133208405e+00 5.7863310257803657e-01
4.6135561842870585e+00 5.7851043572767169e-01
4.6151725552532756e+00 5.7838778690383741e-01
4.6167889262194928e+00 5.7826515610642160e-01
4.6184052971857099e+00 5.7814254333531201e-01
4.6200216681519279e+00 5.7801994859039496e-01
4.6216380391181451e+00 5.7789737187155588e-01
4.6232544100843622e+00 5.7777481317867996e-01
4.6248707810505802e+00 5.7765227251165097e-01
4.6264871520167974e+00 5.7752974987035210e-01
4.6281035229830145e+00 5.7740724525466569e-01
4.6297198939492317e+00 5.7728475866447326e-01
4.6313362649154497e+00 5.7716229009965547e-01
4.6329526358816668e+00 5.7703983956009230e-01
4.6345690068478840e+00 5.7691740704566252e-01
4.6361853778141011e+00 5.7679499255624456e-01
4.6378017487803191e+00 5.7667259609171528e-01
4.6394181197465363e+00 5.7655021765195169e-01
4.6410344907127534e+00 5.7642785723682921e-01
4.6426508616789715e+00 5.7630551484622283e-01
4.6442672326451886e+00 5.7618319048000644e-01
4.6458836036114057e+00 5.7606088413805323e-01
4.6474999745776229e+00 5.7593859582023565e-01
4.6491163455438409e+00 5.7581632552642514e-01
4.6507327165100580e+00 5.7569407325649236e-01
4.6523490874762752e+00 5.7557183901030717e-01
4.6539654584424923e+00 5.7544962278773881e-01
4.6555818294087103e+00 5.7532742458865516e-01
4.6571982003749275e+00 5.7520524441292376e-01
4.6588145713411446e+00 5.7508308226041127e-01
4.6604309423073618e+00 5.7496093813098315e-01
4.6620473132735798e+00 5.7483881202450438e-01
4.6636636842397969e+00 5.7471670394083918e-01
4.6652800552060141e+00 5.7459461387985045e-01
4.6668964261722321e+00 5.7447254184140084e-01
4.6685127971384492e+00 5.7435048782535170e-01
4.6701291681046664e+00 5.7422845183156412e-01
4.6717455390708835e+00 5.7410643385989779e-01
4.6733619100371016e+00 5.7398443391021159e-01
4.6749782810033187e+00 5.7386245198236396e-01
4.6765946519695358e+00 5.7374048807621258e-01
4.6782110229357530e+00 5.7361854219161346e-01
4.6798273939019710e+00 5.7349661432842292e-01
4.6814437648681881e+00 5.7337470448649575e-01
4.6830601358344053e+00 5.7325281266568573e-01
4.6846765068006233e+00 5.7313093886584665e-01
4.6862928777668404e+00 5.7300908308683063e-01
4.6879092487330576e+00 5.7288724532848934e-01
4.6895256196992747e+00 5.7276542559067367e-01
4.6911419906654928e+00 5.7264362387323364e-01
4.6927583616317099e+00 5.7252184017601815e-01
4.6943747325979270e+00 5.7240007449887598e-01
4.6959911035641442e+00 5.7227832684165414e-01
4.6976074745303622e+00 5.7215659720419954e-01
4.6992238454965793e+00 5.7203488558635796e-01
4.7008402164627965e+00 5.7191319198797452e-01
4.7024565874290136e+00 5.7179151640889325e-01
4.7040729583952317e+00 5.7166985884895760e-01
4.7056893293614488e+00 5.7154821930801025e-01
4.7073057003276659e+00 5.7142659778589255e-01
4.7089220712938840e+00 5.7130499428244585e-01
4.7105384422601011e+00 5.7118340879750995e-01
4.7121548132263182e+00 5.7106184133092397e-01
4.7137711841925354e+00 5.7094029188252671e-01
4.7153875551587534e+00 5.7081876045215540e-01
4.7170039261249705e+00 5.7069724703964697e-01
4.7186202970911877e+00 5.7057575164483754e-01
4.7202366680574048e+00 5.7045427426756179e-01
4.7218530390236229e+00 5.7033281490765431e-01
4.7234694099898400e+00 5.7021137356494855e-01
4.7250857809560571e+00 5.7008995023927722e-01
4.7267021519222752e+00 5.6996854493047178e-01
4.7283185228884923e+00 5.6984715763836380e-01
4.7299348938547094e+00 5.6972578836278298e-01
4.7315512648209266e+00 5.6960443710355890e-01
4.7331676357871446e+00 5.6948310386052003e-01
4.7347840067533618e+00 5.6936178863349407e-01
4.7364003777195789e+00 5.6924049142230804e-01
4.7380167486857960e+00 5.6911921222678785e-01
4.7396331196520141e+00 5.6899795104675877e-01
4.7412494906182312e+00 5.6887670788204514e-01
4.7428658615844483e+00 5.6875548273247079e-01
4.7444822325506655e+00 5.6863427559785840e-01
4.7460986035168835e+00 5.6851308647802967e-01
4.7477149744831006e+00 5.6839191537280620e-01
4.7493313454493178e+00 5.6827076228200801e-01
4.7509477164155358e+00 5.6814962720545426e-01
4.7525640873817530e+00 5.6802851014296440e-01
4.7541804583479701e+00 5.6790741109435572e-01
4.7557968293141872e+00 5.6778633005944534e-01
4.7574132002804053e+00 5.6766526703804943e-01
4.7590295712466224e+00 5.6754422202998367e-01
4.7606459422128395e+00 5.6742319503506233e-01
4.7622623131790567e+00 5.6730218605309923e-01
4.7638786841452747e+00 5.6718119508390719e-01
4.7654950551114919e+00 5.6706022212729845e-01
4.7671114260777090e+00 5.6693926718308441e-01
4.7687277970439270e+00 5.6681833025107520e-01
4.7703441680101442e+00 5.6669741133108076e-01
4.7719605389763613e+00 5.6657651042290991e-01
4.7735769099425784e+00 5.6645562752637035e-01
4.7751932809087965e+00 5.6633476264126958e-01
4.7768096518750136e+00 5.6621391576741387e-01
4.7784260228412307e+00 5.6609308690460880e-01
4.7800423938074479e+00 5.6597227605265910e-01
4.7816587647736659e+00 5.6585148321136847e-01
4.7832751357398831e+00 5.6573070838054040e-01
4.7848915067061002e+00 5.6560995155997695e-01
4.7865078776723182e+00 5.6548921274947939e-01
4.7881242486385354e+00 5.6536849194884864e-01
4.7897406196047525e+00 5.6524778915788443e-01
4.7913569905709696e+00 5.6512710437638602e-01
4.7929733615371877e+00 5.6500643760415092e-01
4.7945897325034048e+00 5.6488578884097718e-01
4.7962061034696220e+00 5.6476515808666117e-01
4.7978224744358391e+00 5.6464454534099850e-01
4.7994388454020571e+00 5.6452395060378402e-01
4.8010552163682743e+00 5.6440337387481221e-01
4.8026715873344914e+00 5.6428281515387579e-01
4.8042879583007085e+00 5.6416227444076794e-01
4.8059043292669266e+00 5.6404175173527971e-01
4.8075207002331437e+00 5.6392124703720226e-01
4.8091370711993608e+00 5.6380076034632542e-01
4.8107534421655789e+00 5.6368029166243860e-01
4.8123698131317960e+00 5.6355984098532996e-01
4.8139861840980132e+00 5.6343940831478723e-01
4.8156025550642303e+00 5.6331899365059723e-01
4.8172189260304483e+00 5.6319859699254582e-01
4.8188352969966655e+00 5.6307821834041805e-01
4.8204516679628826e+00 5.6295785769399853e-01
4.8220680389290997e+00 5.6283751505307034e-01
4.8236844098953178e+00 5.6271719041741652e-01
4.8253007808615349e+00 5.6259688378681871e-01
4.8269171518277521e+00 5.6247659516105808e-01
4.8285335227939701e+00 5.6235632453991480e-01
4.8301498937601872e+00 5.6223607192316838e-01
4.8317662647264044e+00 5.6211583731059744e-01
4.8333826356926215e+00 5.6199562070197995e-01
4.8349990066588395e+00 5.6187542209709229e-01
4.8366153776250567e+00 5.6175524149571154e-01
4.8382317485912738e+00 5.6163507889761233e-01
4.8398481195574909e+00 5.6151493430256960e-01
4.8414644905237090e+00 5.6139480771035677e-01
4.8430808614899261e+00 5.6127469912074701e-01
4.8446972324561433e+00 5.6115460853351251e-01
4.8463136034223604e+00 5.6103453594842434e-01
4.8479299743885784e+00 5.6091448136525313e-01
4.8495463453547956e+00 5.6079444478376839e-01
4.8511627163210127e+00 5.6067442620373931e-01
4.8527790872872307e+00 5.6055442562493363e-01
4.8543954582534479e+00 5.6043444304711865e-01
4.8560118292196650e+00 5.6031447847006099e-01
4.8576282001858822e+00 5.6019453189352608e-01
4.8592445711521002e+00 5.6007460331727876e-01
4.8608609421183173e+00 5.5995469274108312e-01
4.8624773130845345e+00 5.5983480016470222e-01
4.8640936840507516e+00 5.5971492558789859e-01
4.8657100550169696e+00 5.5959506901043354e-01
4.8673264259831868e+00 5.5947523043206815e-01
4.8689427969494039e+00 5.5935540985256205e-01
4.8705591679156219e+00 5.5923560727167454e-01
4.8721755388818391e+00 5.5911582268916415e-01
4.8737919098480562e+00 5.5899605610478809e-01
4.8754082808142734e+00 5.5887630751830297e-01
4.8770246517804914e+00 5.5875657692946501e-01
4.8786410227467085e+00 5.5863686433802917e-01
4.8802573937129257e+00 5.5851716974374976e-01
4.8818737646791428e+00 5.5839749314638043e-01
4.8834901356453608e+00 5.5827783454567315e-01
4.8851065066115780e+00 5.5815819394138055e-01
4.8867228775777951e+00 5.5803857133325330e-01
4.8883392485440122e+00 5.5791896672104158e-01
4.8899556195102303e+00 5.5779938010449515e-01
4.8915719904764474e+00 5.5767981148336232e-01
4.8931883614426646e+00 5.5756026085739097e-01
4.8948047324088826e+00 5.5744072822632806e-01
4.8964211033750997e+00 5.5732121358992015e-01
4.8980374743413169e+00 5.5720171694791232e-01
4.8996538453075340e+00 5.5708223830004888e-01
4.9012702162737520e+00 5.5696277764607416e-01
4.9028865872399692e+00 5.5684333498573069e-01
4.9045029582061863e+00 5.5672391031876101e-01
4.9061193291724035e+00 5.5660450364490621e-01
4.9077357001386215e+00 5.5648511496390674e-01
4.9093520711048386e+00 5.5636574427550278e-01
4.9109684420710558e+00 5.5624639157943268e-01
4.9125848130372738e+00 5.5612705687543507e-01
4.9142011840034909e+00 5.5600774016324717e-01
4.9158175549697081e+00 5.5588844144260541e-01
4.9174339259359252e+00 5.5576916071324545e-01
4.9190502969021432e+00 5.5564989797490227e-01
4.9206666678683604e+00 5.5553065322730999e-01
4.9222830388345775e+00 5.5541142647020203e-01
4.9238994098007947e+00 5.5529221770331050e-01
4.9255157807670127e+00 5.5517302692636727e-01
4.9271321517332298e+00 5.5505385413910346e-01
4.9287485226994470e+00 5.5493469934124895e-01
4.9303648936656641e+00 5.5481556253253306e-01
4.9319812646318821e+00 5.5469644371268401e-01
4.9335976355980993e+00 5.5457734288143001e-01
4.9352140065643164e+00 5.5445826003849741e-01
4.9368303775305344e+00 5.5433919518361252e-01
4.9384467484967516e+00 5.5422014831650068e-01
4.9400631194629687e+00 5.5410111943688600e-01
4.9416794904291859e+00 5.5398210854449259e-01
4.9432958613954039e+00 5.5386311563904289e-01
4.9449122323616210e+00 5.5374414072025901e-01
4.9465286033278382e+00 5.5362518378786241e-01
4.9481449742940553e+00 5.5350624484157329e-01
4.9497613452602733e+00 5.5338732388111167e-01
4.9513777162264905e+00 5.5326842090619599e-01
4.9529940871927076e+00 5.5314953591654425e-01
4.9546104581589256e+00 5.5303066891187402e-01
4.9562268291251428e+00 5.5291181989190141e-01
4.9578432000913599e+00 5.5279298885634232e-01
4.9594595710575771e+00 5.5267417580491163e-01
4.9610759420237951e+00 5.5255538073732280e-01
4.9626923129900122e+00 5.5243660365328962e-01
4.9643086839562294e+00 5.5231784455252453e-01
4.9659250549224465e+00 5.5219910343473855e-01
4.9675414258886645e+00 5.5208038029964324e-01
4.9691577968548817e+00 5.5196167514694816e-01
4.9707741678210988e+00 5.5184298797636278e-01
4.9723905387873168e+00 5.5172431878759520e-01
4.9740069097535340e+00 5.5160566758035334e-01
4.9756232807197511e+00 5.5148703435434399e-01
4.9772396516859683e+00 5.5136841910927303e-01
4.9788560226521863e+00 5.5124982184484572e-01
4.9804723936184034e+00 5.5113124256076662e-01
4.9820887645846206e+00 5.5101268125673952e-01
4.9837051355508377e+00 5.5089413793246667e-01
4.9853215065170557e+00 5.5077561258765051e-01
4.9869378774832729e+00 5.5065710522199229e-01
4.9885542484494900e+00 5.5053861583519204e-01
4.9901706194157072e+00 5.5042014442694975e-01
4.9917869903819252e+00 5.5030169099696447e-01
4.9934033613481423e+00 5.5018325554493375e-01
4.9950197323143595e+00 5.5006483807055495e-01
4.9966361032805775e+00 5.4994643857352477e-01
4.9982524742467946e+00 5.4982805705353854e-01
4.9998688452130118e+00 5.4970969351029120e-01
5.0014852161792289e+00 5.4959134794347697e-01
5.0031015871454469e+00 5.4947302035278878e-01
5.0047179581116641e+00 5.4935471073791942e-01
5.0063343290778812e+00 5.4923641909856025e-01
5.0079507000440984e+00 5.4911814543440252e-01
5.0095670710103164e+00 5.4899988974513592e-01
5.0111834419765335e+00 5.4888165203044958e-01
5.0127998129427507e+00 5.4876343229003266e-01
5.0144161839089687e+00 5.4864523052357195e-01
5.0160325548751858e+00 5.4852704673075525e-01
5.0176489258414030e+00 5.4840888091126805e-01
5.0192652968076201e+00 5.4829073306479570e-01
5.0208816677738382e+00 5.4817260319102268e-01
5.0224980387400553e+00 5.4805449128963291e-01
5.0241144097062724e+00 5.4793639736030930e-01
5.0257307806724896e+00 5.4781832140273368e-01
5.0273471516387076e+00 5.4770026341658740e-01
5.0289635226049247e+00 5.4758222340155116e-01
5.0305798935711419e+00 5.4746420135730467e-01
5.0321962645373590e+00 5.4734619728352696e-01
5.0338126355035770e+00 5.4722821117989562e-01
5.0354290064697942e+00 5.4711024304608868e-01
5.0370453774360113e+00 5.4699229288178230e-01
5.0386617484022294e+00 5.4687436068665218e-01
5.0402781193684465e+00 5.4675644646037369e-01
5.0418944903346636e+00 5.4663855020262064e-01
5.0435108613008808e+00 5.4652067191306652e-01
5.0451272322670988e+00 5.4640281159138382e-01
5.0467436032333159e+00 5.4628496923724468e-01
5.0483599741995331e+00 5.4616714485031947e-01
5.0499763451657502e+00 5.4604933843027892e-01
5.0515927161319683e+00 5.4593154997679216e-01
5.0532090870981854e+00 5.4581377948952825e-01
5.0548254580644025e+00 5.4569602696815445e-01
5.0564418290306206e+00 5.4557829241233813e-01
5.0580581999968377e+00 5.4546057582174556e-01
5.0596745709630548e+00 5.4534287719604202e-01
5.0612909419292720e+00 5.4522519653489221e-01
5.0629073128954900e+00 5.4510753383796007e-01
5.0645236838617071e+00 5.4498988910490853e-01
5.0661400548279243e+00 5.4487226233540009e-01
5.0677564257941414e+00 5.4475465352909636e-01
5.0693727967603595e+00 5.4463706268565770e-01
5.0709891677265766e+00 5.4451948980474407e-01
5.0726055386927937e+00 5.4440193488601496e-01
5.0742219096590109e+00 5.4428439792912853e-01
5.0758382806252289e+00 5.4416687893374194e-01
5.0774546515914460e+00 5.4404937789951247e-01
5.0790710225576632e+00 5.4393189482609583e-01
5.0806873935238812e+00 5.4381442971314731e-01
5.0823037644900984e+00 5.4369698256032140e-01
5.0839201354563155e+00 5.4357955336727137e-01
5.0855365064225326e+00 5.4346214213365041e-01
5.0871528773887507e+00 5.4334474885911022e-01
5.0887692483549678e+00 5.4322737354330242e-01
5.0903856193211849e+00 5.4311001618587706e-01
5.0920019902874021e+00 5.4299267678648400e-01
5.0936183612536201e+00 5.4287535534477216e-01
5.0952347322198372e+00 5.4275805186038950e-01
5.0968511031860544e+00 5.4264076633298342e-01
5.0984674741522724e+00 5.4252349876220030e-01
5.1000838451184896e+00 5.4240624914768598e-01
5.1017002160847067e+00 5.4228901748908542e-01
5.1033165870509238e+00 5.4217180378604279e-01
5.1049329580171419e+00 5.4205460803820116e-01
5.1065493289833590e+00 5.4193743024520347e-01
5.1081656999495761e+00 5.4182027040669134e-01
5.1097820709157933e+00 5.4170312852230584e-01
5.1113984418820113e+00 5.4158600459168704e-01
5.1130148128482285e+00 5.4146889861447456e-01
5.1146311838144456e+00 5.4135181059030713e-01
5.1162475547806627e+00 5.4123474051882214e-01
5.1178639257468808e+00 5.4111768839965690e-01
5.1194802967130979e+00 5.4100065423244814e-01
5.1210966676793150e+00 5.4088363801683070e-01
5.1227130386455331e+00 5.4076663975243966e-01
5.1243294096117502e+00 5.4064965943890897e-01
5.1259457805779673e+00 5.4053269707587170e-01
5.1275621515441845e+00 5.4041575266296005e-01
5.1291785225104025e+00 5.4029882619980585e-01
5.1307948934766197e+00 5.4018191768603974e-01
5.1324112644428368e+00 5.4006502712129201e-01
5.1340276354090539e+00 5.3994815450519151e-01
5.1356440063752720e+00 5.3983129983736677e-01
5.1372603773414891e+00 5.3971446311744564e-01
5.1388767483077062e+00 5.3959764434505486e-01
5.1404931192739243e+00 5.3948084351982051e-01
5.1421094902401414e+00 5.3936406064136799e-01
5.1437258612063586e+00 5.3924729570932173e-01
5.1453422321725757e+00 5.3913054872330546e-01
5.1469586031387937e+00 5.3901381968294237e-01
5.1485749741050109e+00 5.3889710858785433e-01
5.1501913450712280e+00 5.3878041543766308e-01
5.1518077160374451e+00 5.3866374023198893e-01
5.1534240870036632e+00 5.3854708297045162e-01
5.1550404579698803e+00 5.3843044365267079e-01
5.1566568289360974e+00 5.3831382227826419e-01
5.1582731999023155e+00 5.3819721884684935e-01
5.1598895708685326e+00 5.3808063335804313e-01
5.1615059418347498e+00 5.3796406581146150e-01
5.1631223128009669e+00 5.3784751620671956e-01
5.1647386837671849e+00 5.3773098454343127e-01
5.1663550547334021e+00 5.3761447082121094e-01
5.1679714256996192e+00 5.3749797503967089e-01
5.1695877966658363e+00 5.3738149719842321e-01
5.1712041676320544e+00 5.3726503729707931e-01
5.1728205385982715e+00 5.3714859533524972e-01
5.1744369095644887e+00 5.3703217131254355e-01
5.1760532805307058e+00 5.3691576522857032e-01
5.1776696514969238e+00 5.3679937708293812e-01
5.1792860224631410e+00 5.3668300687525383e-01
5.1809023934293581e+00 5.3656665460512443e-01
5.1825187643955761e+00 5.3645032027215556e-01
5.1841351353617933e+00 5.3633400387595254e-01
5.1857515063280104e+00 5.3621770541611891e-01
5.1873678772942275e+00 5.3610142489225876e-01
5.1889842482604456e+00 5.3598516230397453e-01
5.1906006192266627e+00 5.3586891765086797e-01
5.1922169901928799e+00 5.3575269093254063e-01
5.1938333611590970e+00 5.3563648214859261e-01
5.1954497321253150e+00 5.3552029129862322e-01
5.1970661030915322e+00 5.3540411838223156e-01
5.1986824740577493e+00 5.3528796339901585e-01
5.2002988450239673e+00 5.3517182634857263e-01
5.2019152159901845e+00 5.3505570723049889e-01
5.2035315869564016e+00 5.3493960604439028e-01
5.2051479579226188e+00 5.3482352278984158e-01
5.2067643288888368e+00 5.3470745746644666e-01
5.2083806998550539e+00 5.3459141007379940e-01
5.2099970708212711e+00 5.3447538061149213e-01
5.2116134417874882e+00 5.3435936907911663e-01
5.2132298127537062e+00 5.3424337547626399e-01
5.2148461837199234e+00 5.3412739980252422e-01
5.2164625546861405e+00 5.3401144205748718e-01
5.2180789256523576e+00 5.3389550224074123e-01
5.2196952966185757e+00 5.3377958035187445e-01
5.2213116675847928e+00 5.3366367639047407e-01
5.2229280385510100e+00 5.3354779035612632e-01
5.2245444095172280e+00 5.3343192224841673e-01
5.2261607804834451e+00 5.3331607206693021e-01
5.2277771514496623e+00 5.3320023981125086e-01
5.2293935224158794e+00 5.3308442548096191e-01
5.2310098933820974e+00 5.3296862907564591e-01
5.2326262643483146e+00 5.3285285059488463e-01
5.2342426353145317e+00 5.3273709003825886e-01
5.2358590062807489e+00 5.3262134740534894e-01
5.2374753772469669e+00 5.3250562269573398e-01
5.2390917482131840e+00 5.3238991590899298e-01
5.2407081191794012e+00 5.3227422704470384e-01
5.2423244901456192e+00 5.3215855610244323e-01
5.2439408611118363e+00 5.3204290308178759e-01
5.2455572320780535e+00 5.3192726798231305e-01
5.2471736030442706e+00 5.3181165080359338e-01
5.2487899740104886e+00 5.3169605154520350e-01
5.2504063449767058e+00 5.3158047020671595e-01
5.2520227159429229e+00 5.3146490678770375e-01
5.2536390869091401e+00 5.3134936128773846e-01
5.2552554578753581e+00 5.3123383370639055e-01
5.2568718288415752e+00 5.3111832404323045e-01
5.2584881998077924e+00 5.3100283229782774e-01
5.2601045707740095e+00 5.3088735846975066e-01
5.2617209417402275e+00 5.3077190255856732e-01
5.2633373127064447e+00 5.3065646456384474e-01
5.2649536836726618e+00 5.3054104448514916e-01
5.2665700546388798e+00 5.3042564232204581e-01
5.2681864256050970e+00 5.3031025807410004e-01
5.2698027965713141e+00 5.3019489174087553e-01
5.2714191675375313e+00 5.3007954332193519e-01
5.2730355385037493e+00 5.2996421281684203e-01
5.2746519094699664e+00 5.2984890022515718e-01
5.2762682804361836e+00 5.2973360554644178e-01
5.2778846514024007e+00 5.2961832878025616e-01
5.2795010223686187e+00 5.2950306992615959e-01
5.2811173933348359e+00 5.2938782898371040e-01
5.2827337643010530e+00 5.2927260595246672e-01
5.2843501352672710e+00 5.2915740083198537e-01
5.2859665062334882e+00 5.2904221362182269e-01
5.2875828771997053e+00 5.2892704432153437e-01
5.2891992481659225e+00 5.2881189293067532e-01
5.2908156191321405e+00 5.2869675944879890e-01
5.2924319900983576e+00 5.2858164387545903e-01
5.2940483610645748e+00 5.2846654621020772e-01
5.2956647320307919e+00 5.2835146645259667e-01
5.2972811029970099e+00 5.2823640460217691e-01
5.2988974739632271e+00 5.2812136065849891e-01
5.3005138449294442e+00 5.2800633462111157e-01
5.3021302158956614e+00 5.2789132648956349e-01
5.3037465868618794e+00 5.2777633626340292e-01
5.3053629578280965e+00 5.2766136394217666e-01
5.3069793287943137e+00 5.2754640952543141e-01
5.3085956997605317e+00 5.2743147301271209e-01
5.3102120707267488e+00 5.2731655440356395e-01
5.3118284416929660e+00 5.2720165369753103e-01
5.3134448126591831e+00 5.2708677089415645e-01
5.3150611836254011e+00 5.2697190599298249e-01
5.3166775545916183e+00 5.2685705899355140e-01
5.3182939255578354e+00 5.2674222989540376e-01
5.3199102965240526e+00 5.2662741869807994e-01
5.3215266674902706e+00 5.2651262540111921e-01
5.3231430384564877e+00 5.2639785000406036e-01
5.3247594094227049e+00 5.2628309250644134e-01
5.3263757803889229e+00 5.2616835290779918e-01
5.3279921513551400e+00 5.2605363120767024e-01
5.3296085223213572e+00 5.2593892740559056e-01
5.3312248932875743e+00 5.2582424150109441e-01
5.3328412642537923e+00 5.2570957349371628e-01
5.3344576352200095e+00 5.2559492338298919e-01
5.3360740061862266e+00 5.2548029116844597e-01
5.3376903771524438e+00 5.2536567684961821e-01
5.3393067481186618e+00 5.2525108042603719e-01
5.3409231190848789e+00 5.2513650189723327e-01
5.3425394900510961e+00 5.2502194126273549e-01
5.3441558610173132e+00 5.2490739852207291e-01
5.3457722319835312e+00 5.2479287367477356e-01
5.3473886029497484e+00 5.2467836672036439e-01
5.3490049739159655e+00 5.2456387765837253e-01
5.3506213448821835e+00 5.2444940648832294e-01
5.3522377158484007e+00 5.2433495320974088e-01
5.3538540868146178e+00 5.2422051782215084e-01
5.3554704577808350e+00 5.2410610032507554e-01
5.3570868287470530e+00 5.2399170071803824e-01
5.3587031997132701e+00 5.2387731900056067e-01
5.3603195706794873e+00 5.2376295517216398e-01
5.3619359416457044e+00 5.2364860923236878e-01
5.3635523126119224e+00 5.2353428118069412e-01
5.3651686835781396e+00 5.2341997101665927e-01
5.3667850545443567e+00 5.2330567873978229e-01
5.3684014255105748e+00 5.2319140434958067e-01
5.3700177964767919e+00 5.2307714784557069e-01
5.3716341674430090e+00 5.2296290922726829e-01
5.3732505384092262e+00 5.2284868849418875e-01
5.3748669093754442e+00 5.2273448564584613e-01
5.3764832803416613e+00 5.2262030068175425e-01
5.3780996513078785e+00 5.2250613360142550e-01
5.3797160222740956e+00 5.2239198440437218e-01
5.3813323932403136e+00 5.2227785309010544e-01
5.3829487642065308e+00 5.2216373965813634e-01
5.3845651351727479e+00 5.2204964410797394e-01
5.3861815061389660e+00 5.2193556643912731e-01
5.3877978771051831e+00 5.2182150665110505e-01
5.3894142480714002e+00 5.2170746474341478e-01
5.3910306190376174e+00 5.2159344071556279e-01
5.3926469900038354e+00 5.2147943456705514e-01
5.3942633609700525e+00 5.2136544629739723e-01
5.3958797319362697e+00 5.2125147590609344e-01
5.3974961029024868e+00 5.2113752339264752e-01
5.3991124738687049e+00 5.2102358875656252e-01
5.4007288448349220e+00 5.2090967199734028e-01
5.4023452158011391e+00 5.2079577311448266e-01
5.4039615867673563e+00 5.2068189210749005e-01
5.4055779577335743e+00 5.2056802897586252e-01
5.4071943286997914e+00 5.2045418371909924e-01
5.4088106996660086e+00 5.2034035633669873e-01
5.4104270706322266e+00 5.2022654682815839e-01
5.4120434415984437e+00 5.2011275519297540e-01
5.4136598125646609e+00 5.1999898143064593e-01
5.4152761835308780e+00 5.1988522554066519e-01
5.4168925544970961e+00 5.1977148752252778e-01
5.4185089254633132e+00 5.1965776737572789e-01
5.4201252964295303e+00 5.1954406509975837e-01
5.4217416673957475e+00 5.1943038069411163e-01
5.4233580383619655e+00 5.1931671415827962e-01
5.4249744093281826e+00 5.1920306549175299e-01
5.4265907802943998e+00 5.1908943469402180e-01
5.4282071512606178e+00 5.1897582176457580e-01
5.4298235222268350e+00 5.1886222670290316e-01
5.4314398931930521e+00 5.1874864950849198e-01
5.4330562641592692e+00 5.1863509018082932e-01
5.4346726351254873e+00 5.1852154871940148e-01
5.4362890060917044e+00 5.1840802512369422e-01
5.4379053770579215e+00 5.1829451939319227e-01
5.4395217480241387e+00 5.1818103152738004e-01
5.4411381189903567e+00 5.1806756152574052e-01
5.4427544899565738e+00 5.1795410938775643e-01
5.4443708609227910e+00 5.1784067511290977e-01
5.4459872318890081e+00 5.1772725870068148e-01
5.4476036028552262e+00 5.1761386015055189e-01
5.4492199738214433e+00 5.1750047946200084e-01
5.4508363447876604e+00 5.1738711663450709e-01
5.4524527157538785e+00 5.1727377166754862e-01
5.4540690867200956e+00 5.1716044456060295e-01
5.4556854576863127e+00 5.1704713531314650e-01
5.4573018286525299e+00 5.1693384392465525e-01
5.4589181996187479e+00 5.1682057039460449e-01
5.4605345705849651e+00 5.1670731472246811e-01
5.4621509415511822e+00 5.1659407690772008e-01
5.4637673125173993e+00 5.1648085694983303e-01
5.4653836834836174e+00 5.1636765484827940e-01
5.4670000544498345e+00 5.1625447060253027e-01
5.4686164254160516e+00 5.1614130421205640e-01
5.4702327963822697e+00 5.1602815567632765e-01
5.4718491673484868e+00 5.1591502499481290e-01
5.4734655383147039e+00 5.1580191216698090e-01
5.4750819092809211e+00 5.1568881719229909e-01
5.4766982802471391e+00 5.1557574007023399e-01
5.4783146512133563e+00 5.1546268080025237e-01
5.4799310221795734e+00 5.1534963938181944e-01
5.4815473931457905e+00 5.1523661581439939e-01
5.4831637641120086e+00 5.1512361009745644e-01
5.4847801350782257e+00 5.1501062223045413e-01
5.4863965060444428e+00 5.1489765221285400e-01
5.4880128770106600e+00 5.1478470004411836e-01
5.4896292479768780e+00 5.1467176572370765e-01
5.4912456189430952e+00 5.1455884925108242e-01
5.4928619899093123e+00 5.1444595062570186e-01
5.4944783608755303e+00 5.1433306984702487e-01
5.4960947318417475e+00 5.1422020691450876e-01
5.4977111028079646e+00 5.1410736182761141e-01
5.4993274737741817e+00 5.1399453458578892e-01
5.5009438447403998e+00 5.1388172518849706e-01
5.5025602157066169e+00 5.1376893363519061e-01
5.5041765866728340e+00 5.1365615992532410e-01
5.5057929576390512e+00 5.1354340405835064e-01
5.5074093286052692e+00 5.1343066603372300e-01
5.5090256995714864e+00 5.1331794585089319e-01
5.5106420705377035e+00 5.1320524350931251e-01
5.5122584415039215e+00 5.1309255900843131e-01
5.5138748124701387e+00 5.1297989234769936e-01
5.5154911834363558e+00 5.1286724352656554e-01
5.5171075544025729e+00 5.1275461254447852e-01
5.5187239253687910e+00 5.1264199940088517e-01
5.5203402963350081e+00 5.1252940409523273e-01
5.5219566673012253e+00 5.1241682662696686e-01
5.5235730382674424e+00 5.1230426699553311e-01
5.5251894092336604e+00 5.1219172520037604e-01
5.5268057801998776e+00 5.1207920124093931e-01
5.5284221511660947e+00 5.1196669511666593e-01
5.5300385221323118e+00 5.1185420682699823e-01
5.5316548930985299e+00 5.1174173637137765e-01
5.5332712640647470e+00 5.1162928374924543e-01
5.5348876350309641e+00 5.1151684896004135e-01
5.5365040059971822e+00 5.1140443200320462e-01
5.5381203769633993e+00 5.1129203287817404e-01
5.5397367479296165e+00 5.1117965158438761e-01
5.5413531188958336e+00 5.1106728812128210e-01
5.5429694898620516e+00 5.1095494248829387e-01
5.5445858608282688e+00 5.1084261468485914e-01
5.5462022317944859e+00 5.1073030471041214e-01
5.5478186027607030e+00 5.1061801256438732e-01
5.5494349737269211e+00 5.1050573824621825e-01
5.5510513446931382e+00 5.1039348175533739e-01
5.5526677156593554e+00 5.1028124309117651e-01
5.5542840866255734e+00 5.1016902225316718e-01
5.5559004575917905e+00 5.1005681924073987e-01
5.5575168285580077e+00 5.0994463405332391e-01
5.5591331995242248e+00 5.0983246669034865e-01
5.5607495704904428e+00 5.0972031715124222e-01
5.5623659414566600e+00 5.0960818543543207e-01
5.5639823124228771e+00 5.0949607154234500e-01
5.5655986833890942e+00 5.0938397547140735e-01
5.5672150543553123e+00 5.0927189722204380e-01
5.5688314253215294e+00 5.0915983679367915e-01
5.5704477962877466e+00 5.0904779418573787e-01
5.5720641672539637e+00 5.0893576939764196e-01
5.5736805382201817e+00 5.0882376242881422e-01
5.5752969091863989e+00 5.0871177327867678e-01
5.5769132801526160e+00 5.0859980194664978e-01
5.5785296511188340e+00 5.0848784843215367e-01
5.5801460220850512e+00 5.0837591273460792e-01
5.5817623930512683e+00 5.0826399485343110e-01
5.5833787640174855e+00 5.0815209478804113e-01
5.5849951349837035e+00 5.0804021253785547e-01
5.5866115059499206e+00 5.0792834810228993e-01
5.5882278769161378e+00 5.0781650148076074e-01
5.5898442478823549e+00 5.0770467267268304e-01
5.5914606188485729e+00 5.0759286167747053e-01
5.5930769898147901e+00 5.0748106849453722e-01
5.5946933607810072e+00 5.0736929312329559e-01
5.5963097317472252e+00 5.0725753556315778e-01
5.5979261027134424e+00 5.0714579581353525e-01
5.5995424736796595e+00 5.0703407387383848e-01
5.6011588446458767e+00 5.0692236974347715e-01
5.6027752156120947e+00 5.0681068342186064e-01
5.6043915865783118e+00 5.0669901490839719e-01
5.6060079575445290e+00 5.0658736420249462e-01
5.6076243285107461e+00 5.0647573130355961e-01
5.6092406994769641e+00 5.0636411621099831e-01
5.6108570704431813e+00 5.0625251892421641e-01
5.6124734414093984e+00 5.0614093944261851e-01
5.6140898123756164e+00 5.0602937776560875e-01
5.6157061833418336e+00 5.0591783389259015e-01
5.6173225543080507e+00 5.0580630782296532e-01
5.6189389252742679e+00 5.0569479955613594e-01
5.6205552962404859e+00 5.0558330909150340e-01
5.6221716672067030e+00 5.0547183642846760e-01
5.6237880381729202e+00 5.0536038156642860e-01
5.6254044091391373e+00 5.0524894450478464e-01
5.6270207801053553e+00 5.0513752524293432e-01
5.6286371510715725e+00 5.0502612378027512e-01
5.6302535220377896e+00 5.0491474011620352e-01
5.6318698930040068e+00 5.0480337425011534e-01
5.6334862639702248e+00 5.0469202618140596e-01
5.6351026349364419e+00 5.0458069590946986e-01
5.6367190059026591e+00 5.0446938343370085e-01
5.6383353768688771e+00 5.0435808875349164e-01
5.6399517478350942e+00 5.0424681186823495e-01
5.6415681188013114e+00 5.0413555277732214e-01
5.6431844897675285e+00 5.0402431148014404e-01
5.6448008607337465e+00 5.0391308797609080e-01
5.6464172316999637e+00 5.0380188226455158e-01
5.6480336026661808e+00 5.0369069434491520e-01
5.6496499736323980e+00 5.0357952421656982e-01
5.6512663445986160e+00 5.0346837187890225e-01
5.6528827155648331e+00 5.0335723733129911e-01
5.6544990865310503e+00 5.0324612057314633e-01
5.6561154574972683e+00 5.0313502160382839e-01
5.6577318284634854e+00 5.0302394042273013e-01
5.6593481994297026e+00 5.0291287702923482e-01
5.6609645703959197e+00 5.0280183142272550e-01
5.6625809413621377e+00 5.0269080360258378e-01
5.6641973123283549e+00 5.0257979356819182e-01
5.6658136832945720e+00 5.0246880131892957e-01
5.6674300542607892e+00 5.0235782685417707e-01
5.6690464252270072e+00 5.0224687017331371e-01
5.6706627961932243e+00 5.0213593127571809e-01
5.6722791671594415e+00 5.0202501016076773e-01
5.6738955381256586e+00 5.0191410682783943e-01
5.6755119090918766e+00 5.0180322127630994e-01
5.6771282800580938e+00 5.0169235350555463e-01
5.6787446510243109e+00 5.0158150351494812e-01
5.6803610219905289e+00 5.0147067130386491e-01
5.6819773929567461e+00 5.0135985687167817e-01
5.6835937639229632e+00 5.0124906021776061e-01
5.6852101348891804e+00 5.0113828134148419e-01
5.6868265058553984e+00 5.0102752024221997e-01
5.6884428768216155e+00 5.0091677691933889e-01
5.6900592477878327e+00 5.0080605137221035e-01
5.6916756187540498e+00 5.0069534360020329e-01
5.6932919897202678e+00 5.0058465360268622e-01
5.6949083606864850e+00 5.0047398137902688e-01
5.6965247316527021e+00 5.0036332692859209e-01
5.6981411026189202e+00 5.0025269025074759e-01
5.6997574735851373e+00 5.0014207134485944e-01
5.7013738445513544e+00 5.0003147021029204e-01
5.7029902155175716e+00 4.9992088684640934e-01
5.7046065864837896e+00 4.9981032125257463e-01
5.7062229574500067e+00 4.9969977342815064e-01
5.7078393284162239e+00 4.9958924337249888e-01
5.7094556993824410e+00 4.9947873108498064e-01
5.7110720703486590e+00 4.9936823656495616e-01
5.7126884413148762e+00 4.9925775981178555e-01
5.7143048122810933e+00 4.9914730082482706e-01
5.7159211832473105e+00 4.9903685960343952e-01
5.7175375542135285e+00 4.9892643614697996e-01
5.7191539251797456e+00 4.9881603045480555e-01
5.7207702961459628e+00 4.9870564252627192e-01
5.7223866671121808e+00 4.9859527236073470e-01
5.7240030380783979e+00 4.9848491995754862e-01
5.7256194090446151e+00 4.9837458531606738e-01
5.7272357800108322e+00 4.9826426843564403e-01
5.7288521509770503e+00 4.9815396931563111e-01
5.7304685219432674e+00 4.9804368795538073e-01
5.7320848929094845e+00 4.9793342435424348e-01
5.7337012638757017e+00 4.9782317851156976e-01
5.7353176348419197e+00 4.9771295042670904e-01
5.7369340058081368e+00 4.9760274009901045e-01
5.7385503767743540e+00 4.9749254752782185e-01
5.7401667477405720e+00 4.9738237271249097e-01
5.7417831187067891e+00 4.9727221565236451e-01
5.7433994896730063e+00 4.9716207634678800e-01
5.7450158606392234e+00 4.9705195479510711e-01
5.7466322316054415e+00 4.9694185099666660e-01
5.7482486025716586e+00 4.9683176495080961e-01
5.7498649735378757e+00 4.9672169665688010e-01
5.7514813445040929e+00 4.9661164611421976e-01
5.7530977154703109e+00 4.9650161332217063e-01
5.7547140864365280e+00 4.9639159828007379e-01
5.7563304574027452e+00 4.9628160098726926e-01
5.7579468283689623e+00 4.9617162144309662e-01
5.7595631993351804e+00 4.9606165964689469e-01
5.7611795703013975e+00 4.9595171559800166e-01
5.7627959412676146e+00 4.9584178929575479e-01
5.7644123122338327e+00 4.9573188073949104e-01
5.7660286832000498e+00 4.9562198992854617e-01
5.7676450541662669e+00 4.9551211686225527e-01
5.7692614251324841e+00 4.9540226153995320e-01
5.7708777960987021e+00 4.9529242396097362e-01
5.7724941670649192e+00 4.9518260412464948e-01
5.7741105380311364e+00 4.9507280203031351e-01
5.7757269089973535e+00 4.9496301767729722e-01
5.7773432799635716e+00 4.9485325106493144e-01
5.7789596509297887e+00 4.9474350219254665e-01
5.7805760218960058e+00 4.9463377105947237e-01
5.7821923928622239e+00 4.9452405766503693e-01
5.7838087638284410e+00 4.9441436200856931e-01
5.7854251347946581e+00 4.9430468408939626e-01
5.7870415057608753e+00 4.9419502390684472e-01
5.7886578767270933e+00 4.9408538146024028e-01
5.7902742476933104e+00 4.9397575674890876e-01
5.7918906186595276e+00 4.9386614977217441e-01
5.7935069896257447e+00 4.9375656052936129e-01
5.7951233605919628e+00 4.9364698901979220e-01
5.7967397315581799e+00 4.9353743524278965e-01
5.7983561025243970e+00 4.9342789919767549e-01
5.7999724734906151e+00 4.9331838088377045e-01
5.8015888444568322e+00 4.9320888030039511e-01
5.8032052154230493e+00 4.9309939744686876e-01
5.8048215863892665e+00 4.9298993232251048e-01
5.8064379573554845e+00 4.9288048492663827e-01
5.8080543283217017e+00 4.9277105525856957e-01
5.8096706992879188e+00 4.9266164331762125e-01
5.8112870702541359e+00 4.9255224910310935e-01
5.8129034412203540e+00 4.9244287261434888e-01
5.8145198121865711e+00 4.9233351385065466e-01
5.8161361831527882e+00 4.9222417281134079e-01
5.8177525541190054e+00 4.9211484949571987e-01
5.8193689250852234e+00 4.9200554390310486e-01
5.8209852960514405e+00 4.9189625603280729e-01
5.8226016670176577e+00 4.9178698588413827e-01
5.8242180379838757e+00 4.9167773345640814e-01
5.8258344089500929e+00 4.9156849874892666e-01
5.8274507799163100e+00 4.9145928176100273e-01
5.8290671508825271e+00 4.9135008249194440e-01
5.8306835218487452e+00 4.9124090094105916e-01
5.8322998928149623e+00 4.9113173710765412e-01
5.8339162637811794e+00 4.9102259099103490e-01
5.8355326347473966e+00 4.9091346259050744e-01
5.8371490057136146e+00 4.9080435190537602e-01
5.8387653766798318e+00 4.9069525893494492e-01
5.8403817476460489e+00 4.9058618367851703e-01
5.8419981186122669e+00 4.9047712613539546e-01
5.8436144895784841e+00 4.9036808630488155e-01
5.8452308605447012e+00 4.9025906418627674e-01
5.8468472315109183e+00 4.9015005977888126e-01
5.8484636024771364e+00 4.9004107308199507e-01
5.8500799734433535e+00 4.8993210409491716e-01
5.8516963444095706e+00 4.8982315281694572e-01
5.8533127153757878e+00 4.8971421924737840e-01
5.8549290863420058e+00 4.8960530338551228e-01
5.8565454573082230e+00 4.8949640523064369e-01
5.8581618282744401e+00 4.8938752478206771e-01
5.8597781992406572e+00 4.8927866203907949e-01
5.8613945702068753e+00 4.8916981700097290e-01
5.8630109411730924e+00 4.8906098966704153e-01
5.8646273121393095e+00 4.8895218003657798e-01
5.8662436831055276e+00 4.8884338810887440e-01
5.8678600540717447e+00 4.8873461388322181e-01
5.8694764250379619e+00 4.8862585735891090e-01
5.8710927960041790e+00 4.8851711853523183e-01
5.8727091669703970e+00 4.8840839741147341e-01
5.8743255379366142e+00 4.8829969398692424e-01
5.8759419089028313e+00 4.8819100826087203e-01
5.8775582798690484e+00 4.8808234023260405e-01
5.8791746508352665e+00 4.8797368990140649e-01
5.8807910218014836e+00 4.8786505726656509e-01
5.8824073927677007e+00 4.8775644232736470e-01
5.8840237637339188e+00 4.8764784508308989e-01
5.8856401347001359e+00 4.8753926553302407e-01
5.8872565056663531e+00 4.8743070367644992e-01
5.8888728766325702e+00 4.8732215951264990e-01
5.8904892475987882e+00 4.8721363304090504e-01
5.8921056185650054e+00 4.8710512426049657e-01
5.8937219895312225e+00 4.8699663317070441e-01
5.8953383604974396e+00 4.8688815977080785e-01
5.8969547314636577e+00 4.8677970406008547e-01
5.8985711024298748e+00 4.8667126603781546e-01
5.9001874733960920e+00 4.8656284570327502e-01
5.9018038443623091e+00 4.8645444305574059e-01
5.9034202153285271e+00 4.8634605809448811e-01
5.9050365862947443e+00 4.8623769081879270e-01
5.9066529572609614e+00 4.8612934122792884e-01
5.9082693282271794e+00 4.8602100932117043e-01
5.9098856991933966e+00 4.8591269509779034e-01
5.9115020701596137e+00 4.8580439855706120e-01
5.9131184411258308e+00 4.8569611969825438e-01
5.9147348120920489e+00 4.8558785852064101e-01
5.9163511830582660e+00 4.8547961502349135e-01
5.9179675540244832e+00 4.8537138920607509e-01
5.9195839249907003e+00 4.8526318106766092e-01
5.9212002959569183e+00 4.8515499060751693e-01
5.9228166669231355e+00 4.8504681782491099e-01
5.9244330378893526e+00 4.8493866271910979e-01
5.9260494088555706e+00 4.8483052528937937e-01
5.9276657798217878e+00 4.8472240553498497e-01
5.9292821507880049e+00 4.8461430345519135e-01
5.9308985217542221e+00 4.8450621904926250e-01
5.9325148927204401e+00 4.8439815231646211e-01
5.9341312636866572e+00 4.8429010325605232e-01
5.9357476346528744e+00 4.8418207186729512e-01
5.9373640056190915e+00 4.8407405814945220e-01
5.9389803765853095e+00 4.8396606210178339e-01
5.9405967475515267e+00 4.8385808372354910e-01
5.9422131185177438e+00 4.8375012301400816e-01
5.9438294894839609e+00 4.8364217997241921e-01
5.9454458604501790e+00 4.8353425459803978e-01
5.9470622314163961e+00 4.8342634689012703e-01
5.9486786023826133e+00 4.8331845684793745e-01
5.9502949733488313e+00 4.8321058447072657e-01
5.9519113443150484e+00 4.8310272975774937e-01
5.9535277152812656e+00 4.8299489270826024e-01
5.9551440862474827e+00 4.8288707332151271e-01
5.9567604572137007e+00 4.8277927159675971e-01
5.9583768281799179e+00 4.8267148753325317e-01
5.9599931991461350e+00 4.8256372113024504e-01
5.9616095701123522e+00 4.8245597238698579e-01
5.9632259410785702e+00 4.8234824130272574e-01
5.9648423120447873e+00 4.8224052787671434e-01
5.9664586830110045e+00 4.8213283210820046e-01
5.9680750539772225e+00 4.8202515399643164e-01
5.9696914249434396e+00 4.8191749354065583e-01
5.9713077959096568e+00 4.8180985074011939e-01
5.9729241668758739e+00 4.8170222559406828e-01
5.9745405378420919e+00 4.8159461810174781e-01
5.9761569088083091e+00 4.8148702826240281e-01
5.9777732797745262e+00 4.8137945607527710e-01
5.9793896507407434e+00 4.8127190153961363e-01
5.9810060217069614e+00 4.8116436465465512e-01
5.9826223926731785e+00 4.8105684541964350e-01
5.9842387636393957e+00 4.8094934383381971e-01
5.9858551346056137e+00 4.8084185989642442e-01
5.9874715055718308e+00 4.8073439360669717e-01
5.9890878765380480e+00 4.8062694496387731e-01
5.9907042475042651e+00 4.8051951396720299e-01
5.9923206184704831e+00 4.8041210061591211e-01
5.9939369894367003e+00 4.8030470490924154e-01
5.9955533604029174e+00 4.8019732684642774e-01
5.9971697313691346e+00 4.8008996642670626e-01
5.9987861023353526e+00 4.7998262364931188e-01
6.0004024733015697e+00 4.7987529851347932e-01
6.0020188442677869e+00 4.7976799101844175e-01
6.0036352152340040e+00 4.7966070116343218e-01
6.0052515862002220e+00 4.7955342894768288e-01
6.0068679571664392e+00 4.7944617437042514e-01
6.0084843281326563e+00 4.7933893743089007e-01
6.0101006990988743e+00 4.7923171812830762e-01
6.0117170700650915e+00 4.7912451646190740e-01
6.0133334410313086e+00 4.7901733243091799e-01
6.0149498119975258e+00 4.7891016603456771e-01
6.0165661829637438e+00 4.7880301727208369e-01
6.0181825539299609e+00 4.7869588614269287e-01
6.0197989248961781e+00 4.7858877264562111e-01
6.0214152958623952e+00 4.7848167678009379e-01
6.0230316668286132e+00 4.7837459854533565e-01
6.0246480377948304e+00 4.7826753794057059e-01
6.0262644087610475e+00 4.7816049496502189e-01
6.0278807797272655e+00 4.7805346961791229e-01
6.0294971506934827e+00 4.7794646189846351e-01
6.0311135216596998e+00 4.7783947180589670e-01
6.0327298926259170e+00 4.7773249933943274e-01
6.0343462635921350e+00 4.7762554449829131e-01
6.0359626345583521e+00 4.7751860728169149e-01
6.0375790055245693e+00 4.7741168768885200e-01
6.0391953764907864e+00 4.7730478571899060e-01
6.0408117474570044e+00 4.7719790137132412e-01
6.0424281184232216e+00 4.7709103464506952e-01
6.0440444893894387e+00 4.7698418553944238e-01
6.0456608603556559e+00 4.7687735405365733e-01
6.0472772313218739e+00 4.7677054018692949e-01
6.0488936022880910e+00 4.7666374393847200e-01
6.0505099732543082e+00 4.7655696530749830e-01
6.0521263442205262e+00 4.7645020429322049e-01
6.0537427151867433e+00 4.7634346089485036e-01
6.0553590861529605e+00 4.7623673511159897e-01
6.0569754571191776e+00 4.7613002694267642e-01
6.0585918280853956e+00 4.7602333638729249e-01
6.0602081990516128e+00 4.7591666344465616e-01
6.0618245700178299e+00 4.7581000811397567e-01
6.0634409409840471e+00 4.7570337039445870e-01
6.0650573119502651e+00 4.7559675028531195e-01
6.0666736829164822e+00 4.7549014778574183e-01
6.0682900538826994e+00 4.7538356289495370e-01
6.0699064248489174e+00 4.7527699561215259e-01
6.0715227958151345e+00 4.7517044593654256e-01
6.0731391667813517e+00 4.7506391386732749e-01
6.0747555377475688e+00 4.7495739940370973e-01
6.0763719087137869e+00 4.7485090254489165e-01
6.0779882796800040e+00 4.7474442329007482e-01
6.0796046506462211e+00 4.7463796163845989e-01
6.0812210216124383e+00 4.7453151758924716e-01
6.0828373925786563e+00 4.7442509114163600e-01
6.0844537635448734e+00 4.7431868229482488e-01
6.0860701345110906e+00 4.7421229104801227e-01
6.0876865054773077e+00 4.7410591740039548e-01
6.0893028764435257e+00 4.7399956135117122e-01
6.0909192474097429e+00 4.7389322289953545e-01
6.0925356183759600e+00 4.7378690204468377e-01
6.0941519893421781e+00 4.7368059878581059e-01
6.0957683603083952e+00 4.7357431312211029e-01
6.0973847312746123e+00 4.7346804505277584e-01
6.0990011022408295e+00 4.7336179457700028e-01
6.1006174732070475e+00 4.7325556169397531e-01
6.1022338441732646e+00 4.7314934640289252e-01
6.1038502151394818e+00 4.7304314870294245e-01
6.1054665861056989e+00 4.7293696859331491e-01
6.1070829570719170e+00 4.7283080607319927e-01
6.1086993280381341e+00 4.7272466114178430e-01
6.1103156990043512e+00 4.7261853379825797e-01
6.1119320699705693e+00 4.7251242404180743e-01
6.1135484409367864e+00 4.7240633187161918e-01
6.1151648119030035e+00 4.7230025728687930e-01
6.1167811828692207e+00 4.7219420028677295e-01
6.1183975538354387e+00 4.7208816087048489e-01
6.1200139248016558e+00 4.7198213903719888e-01
6.1216302957678730e+00 4.7187613478609813e-01
6.1232466667340901e+00 4.7177014811636547e-01
6.1248630377003082e+00 4.7166417902718216e-01
6.1264794086665253e+00 4.7155822751773002e-01
6.1280957796327424e+00 4.7145229358718943e-01
6.1297121505989596e+00 4.7134637723474015e-01
6.1313285215651776e+00 4.7124047845956135e-01
6.1329448925313947e+00 4.7113459726083184e-01
6.1345612634976119e+00 4.7102873363772918e-01
6.1361776344638299e+00 4.7092288758943041e-01
6.1377940054300471e+00 4.7081705911511262e-01
6.1394103763962642e+00 4.7071124821395127e-01
6.1410267473624813e+00 4.7060545488512140e-01
6.1426431183286994e+00 4.7049967912779789e-01
6.1442594892949165e+00 4.7039392094115418e-01
6.1458758602611336e+00 4.7028818032436354e-01
6.1474922312273508e+00 4.7018245727659858e-01
6.1491086021935688e+00 4.7007675179703112e-01
6.1507249731597859e+00 4.6997106388483217e-01
6.1523413441260031e+00 4.6986539353917234e-01
6.1539577150922211e+00 4.6975974075922128e-01
6.1555740860584383e+00 4.6965410554414816e-01
6.1571904570246554e+00 4.6954848789312159e-01
6.1588068279908725e+00 4.6944288780530941e-01
6.1604231989570906e+00 4.6933730527987833e-01
6.1620395699233077e+00 4.6923174031599540e-01
6.1636559408895248e+00 4.6912619291282603e-01
6.1652723118557420e+00 4.6902066306953538e-01
6.1668886828219600e+00 4.6891515078528812e-01
6.1685050537881772e+00 4.6880965605924768e-01
6.1701214247543943e+00 4.6870417889057758e-01
6.1717377957206114e+00 4.6859871927844016e-01
6.1733541666868295e+00 4.6849327722199702e-01
6.1749705376530466e+00 4.6838785272040923e-01
6.1765869086192637e+00 4.6828244577283784e-01
6.1782032795854818e+00 4.6817705637844187e-01
6.1798196505516989e+00 4.6807168453638104e-01
6.1814360215179160e+00 4.6796633024581341e-01
6.1830523924841332e+00 4.6786099350589716e-01
6.1846687634503512e+00 4.6775567431578902e-01
6.1862851344165684e+00 4.6765037267464565e-01
6.1879015053827855e+00 4.6754508858162280e-01
6.1895178763490026e+00 4.6743982203587570e-01
6.1911342473152207e+00 4.6733457303655873e-01
6.1927506182814378e+00 4.6722934158282559e-01
6.1943669892476549e+00 4.6712412767382960e-01
6.1959833602138730e+00 4.6701893130872313e-01
6.1975997311800901e+00 4.6691375248665812e-01
6.1992161021463073e+00 4.6680859120678558e-01
6.2008324731125244e+00 4.6670344746825593e-01
6.2024488440787424e+00 4.6659832127021922e-01
6.2040652150449596e+00 4.6649321261182430e-01
6.2056815860111767e+00 4.6638812149221998e-01
6.2072979569773938e+00 4.6628304791055392e-01
6.2089143279436119e+00 4.6617799186597320e-01
6.2105306989098290e+00 4.6607295335762450e-01
6.2121470698760461e+00 4.6596793238465350e-01
6.2137634408422642e+00 4.6586292894620557e-01
6.2153798118084813e+00 4.6575794304142526e-01
6.2169961827746985e+00 4.6565297466945604e-01
6.2186125537409156e+00 4.6554802382944144e-01
6.2202289247071336e+00 4.6544309052052391e-01
6.2218452956733508e+00 4.6533817474184519e-01
6.2234616666395679e+00 4.6523327649254670e-01
6.2250780376057850e+00 4.6512839577176918e-01
6.2266944085720031e+00 4.6502353257865181e-01
6.2283107795382202e+00 4.6491868691233446e-01
6.2299271505044373e+00 4.6481385877195536e-01
6.2315435214706545e+00 4.6470904815665265e-01
6.2331598924368725e+00 4.6460425506556341e-01
6.2347762634030897e+00 4.6449947949782450e-01
6.2363926343693068e+00 4.6439472145257144e-01
6.2380090053355248e+00 4.6428998092893969e-01
6.2396253763017420e+00 4.6418525792606397e-01
6.2412417472679591e+00 4.6408055244307811e-01
6.2428581182341762e+00 4.6397586447911537e-01
6.2444744892003943e+00 4.6387119403330851e-01
6.2460908601666114e+00 4.6376654110478938e-01
6.2477072311328286e+00 4.6366190569268950e-01
6.2493236020990457e+00 4.6355728779613936e-01
6.2509399730652637e+00 4.6345268741426887e-01
6.2525563440314809e+00 4.6334810454620762e-01
6.2541727149976980e+00 4.6324353919108424e-01
6.2557890859639160e+00 4.6313899134802650e-01
6.2574054569301332e+00 4.6303446101616202e-01
6.2590218278963503e+00 4.6292994819461769e-01
6.2606381988625674e+00 4.6282545288251925e-01
6.2622545698287855e+00 4.6272097507899218e-01
6.2638709407950026e+00 4.6261651478316129e-01
6.2654873117612198e+00 4.6251207199415056e-01
6.2671036827274369e+00 4.6240764671108386e-01
6.2687200536936549e+00 4.6230323893308328e-01
6.2703364246598721e+00 4.6219884865927147e-01
6.2719527956260892e+00 4.6209447588876978e-01
6.2735691665923063e+00 4.6199012062069900e-01
6.2751855375585244e+00 4.6188578285417914e-01
6.2768019085247415e+00 4.6178146258832997e-01
6.2784182794909587e+00 4.6167715982227014e-01
6.2800346504571767e+00 4.6157287455511808e-01
6.2816510214233938e+00 4.6146860678599105e-01
6.2832673923896110e+00 4.6136435651400620e-01
6.2848837633558281e+00 4.6126012373827951e-01
6.2865001343220461e+00 4.6115590845792687e-01
6.2881165052882633e+00 4.6105171067206302e-01
6.2897328762544804e+00 4.6094753037980229e-01
6.2913492472206975e+00 4.6084336758025823e-01
6.2929656181869156e+00 4.6073922227254394e-01
6.2945819891531327e+00 4.6063509445577178e-01
6.2961983601193499e+00 4.6053098412905336e-01
6.2978147310855679e+00 4.6042689129149927e-01
6.2994311020517850e+00 4.6032281594222080e-01
6.3010474730180022e+00 4.6021875808032681e-01
6.3026638439842193e+00 4.6011471770492673e-01
6.3042802149504373e+00 4.6001069481512896e-01
6.3058965859166545e+00 4.5990668941004154e-01
6.3075129568828716e+00 4.5980270148877089e-01
6.3091293278490888e+00 4.5969873105042419e-01
6.3107456988153068e+00 4.5959477809410676e-01
6.3123620697815239e+00 4.5949084261892387e-01
6.3139784407477411e+00 4.5938692462398029e-01
6.3155948117139582e+00 4.5928302410837968e-01
6.3172111826801762e+00 4.5917914107122498e-01
6.3188275536463934e+00 4.5907527551161931e-01
6.3204439246126105e+00 4.5897142742866426e-01
6.3220602955788285e+00 4.5886759682146105e-01
6.3236766665450457e+00 4.5876378368911053e-01
6.3252930375112628e+00 4.5865998803071251e-01
6.3269094084774800e+00 4.5855620984536621e-01
6.3285257794436980e+00 4.5845244913217054e-01
6.3301421504099151e+00 4.5834870589022342e-01
6.3317585213761323e+00 4.5824498011862214e-01
6.3333748923423494e+00 4.5814127181646341e-01
6.3349912633085674e+00 4.5803758098284364e-01
6.3366076342747846e+00 4.5793390761685776e-01
6.3382240052410017e+00 4.5783025171760100e-01
6.3398403762072197e+00 4.5772661328416742e-01
6.3414567471734369e+00 4.5762299231565018e-01
6.3430731181396540e+00 4.5751938881114257e-01
6.3446894891058712e+00 4.5741580276973665e-01
6.3463058600720892e+00 4.5731223419052364e-01
6.3479222310383063e+00 4.5720868307259499e-01
6.3495386020045235e+00 4.5710514941504060e-01
6.3511549729707406e+00 4.5700163321695003e-01
6.3527713439369586e+00 4.5689813447741262e-01
6.3543877149031758e+00 4.5679465319551643e-01
6.3560040858693929e+00 4.5669118937034919e-01
6.3576204568356101e+00 4.5658774300099808e-01
6.3592368278018281e+00 4.5648431408654927e-01
6.3608531987680452e+00 4.5638090262608855e-01
6.3624695697342624e+00 4.5627750861870114e-01
6.3640859407004804e+00 4.5617413206347140e-01
6.3657023116666975e+00 4.5607077295948345e-01
6.3673186826329147e+00 4.5596743130582007e-01
6.3689350535991318e+00 4.5586410710156383e-01
6.3705514245653498e+00 4.5576080034579697e-01
6.3721677955315670e+00 4.5565751103760038e-01
6.3737841664977841e+00 4.5555423917605475e-01
6.3754005374640013e+00 4.5545098476024015e-01
6.3770169084302193e+00 4.5534774778923576e-01
6.3786332793964364e+00 4.5524452826212058e-01
6.3802496503626536e+00 4.5514132617797221e-01
6.3818660213288716e+00 4.5503814153586825e-01
6.3834823922950887e+00 4.5493497433488556e-01
6.3850987632613059e+00 4.5483182457409999e-01
6.3867151342275230e+00 4.5472869225258727e-01
6.3883315051937410e+00 4.5462557736942200e-01
6.3899478761599582e+00 4.5452247992367867e-01
6.3915642471261753e+00 4.5441939991443053e-01
6.3931806180923925e+00 4.5431633734075078e-01
6.3947969890586105e+00 4.5421329220171136e-01
6.3964133600248276e+00 4.5411026449638414e-01
6.3980297309910448e+00 4.5400725422383986e-01
6.3996461019572619e+00 4.5390426138314949e-01
6.4012624729234799e+00 4.5380128597338193e-01
6.4028788438896971e+00 4.5369832799360676e-01
6.4044952148559142e+00 4.5359538744289235e-01
6.4061115858221322e+00 4.5349246432030632e-01
6.4077279567883494e+00 4.5338955862491587e-01
6.4093443277545665e+00 4.5328667035578796e-01
6.4109606987207837e+00 4.5318379951198795e-01
6.4125770696870017e+00 4.5308094609258093e-01
6.4141934406532188e+00 4.5297811009663225e-01
6.4158098116194360e+00 4.5287529152320544e-01
6.4174261825856531e+00 4.5277249037136358e-01
6.4190425535518711e+00 4.5266970664016959e-01
6.4206589245180883e+00 4.5256694032868588e-01
6.4222752954843054e+00 4.5246419143597338e-01
6.4238916664505235e+00 4.5236145996109312e-01
6.4255080374167406e+00 4.5225874590310505e-01
6.4271244083829577e+00 4.5215604926106900e-01
6.4287407793491749e+00 4.5205337003404367e-01
6.4303571503153929e+00 4.5195070822108729e-01
6.4319735212816100e+00 4.5184806382125742e-01
6.4335898922478272e+00 4.5174543683361112e-01
6.4352062632140443e+00 4.5164282725720489e-01
6.4368226341802623e+00 4.5154023509109398e-01
6.4384390051464795e+00 4.5143766033433380e-01
6.4400553761126966e+00 4.5133510298597884e-01
6.4416717470789147e+00 4.5123256304508269e-01
6.4432881180451318e+00 4.5113004051069866e-01
6.4449044890113489e+00 4.5102753538187912e-01
6.4465208599775661e+00 4.5092504765767610e-01
6.4481372309437841e+00 4.5082257733714082e-01
6.4497536019100012e+00 4.5072012441932419e-01
6.4513699728762184e+00 4.5061768890327575e-01
6.4529863438424355e+00 4.5051527078804499e-01
6.4546027148086536e+00 4.5041287007268083e-01
6.4562190857748707e+00 4.5031048675623125e-01
6.4578354567410878e+00 4.5020812083774364e-01
6.4594518277073050e+00 4.5010577231626514e-01
6.4610681986735230e+00 4.5000344119084151e-01
6.4626845696397401e+00 4.4990112746051880e-01
6.4643009406059573e+00 4.4979883112434144e-01
6.4659173115721753e+00 4.4969655218135413e-01
6.4675336825383924e+00 4.4959429063060069e-01
6.4691500535046096e+00 4.4949204647112362e-01
6.4707664244708267e+00 4.4938981970196590e-01
6.4723827954370448e+00 4.4928761032216880e-01
6.4739991664032619e+00 4.4918541833077397e-01
6.4756155373694790e+00 4.4908324372682162e-01
6.4772319083356962e+00 4.4898108650935181e-01
6.4788482793019142e+00 4.4887894667740358e-01
6.4804646502681313e+00 4.4877682423001586e-01
6.4820810212343485e+00 4.4867471916622659e-01
6.4836973922005665e+00 4.4857263148507304e-01
6.4853137631667837e+00 4.4847056118559186e-01
6.4869301341330008e+00 4.4836850826681962e-01
6.4885465050992179e+00 4.4826647272779152e-01
6.4901628760654360e+00 4.4816445456754223e-01
6.4917792470316531e+00 4.4806245378510645e-01
6.4933956179978702e+00 4.4796047037951742e-01
6.4950119889640874e+00 4.4785850434980845e-01
6.4966283599303054e+00 4.4775655569501160e-01
6.4982447308965225e+00 4.4765462441415865e-01
6.4998611018627397e+00 4.4755271050628082e-01
6.5014774728289568e+00 4.4745081397040865e-01
6.5030938437951749e+00 4.4734893480557175e-01
6.5047102147613920e+00 4.4724707301079969e-01
6.5063265857276091e+00 4.4714522858512062e-01
6.5079429566938272e+00 4.4704340152756272e-01
6.5095593276600443e+00 4.4694159183715365e-01
6.5111756986262614e+00 4.4683979951291974e-01
6.5127920695924786e+00 4.4673802455388728e-01
6.5144084405586966e+00 4.4663626695908148e-01
6.5160248115249138e+00 4.4653452672752753e-01
6.5176411824911309e+00 4.4643280385824941e-01
6.5192575534573480e+00 4.4633109835027107e-01
6.5208739244235661e+00 4.4622941020261503e-01
6.5224902953897832e+00 4.4612773941430378e-01
6.5241066663560003e+00 4.4602608598435928e-01
6.5257230373222184e+00 4.4592444991180225e-01
6.5273394082884355e+00 4.4582283119565352e-01
6.5289557792546526e+00 4.4572122983493279e-01
6.5305721502208698e+00 4.4561964582865932e-01
6.5321885211870878e+00 4.4551807917585168e-01
6.5338048921533050e+00 4.4541652987552782e-01
6.5354212631195221e+00 4.4531499792670542e-01
6.5370376340857392e+00 4.4521348332840072e-01
6.5386540050519573e+00 4.4511198607963010e-01
6.5402703760181744e+00 4.4501050617940935e-01
6.5418867469843915e+00 4.4490904362675276e-01
6.5435031179506087e+00 4.4480759842067513e-01
6.5451194889168267e+00 4.4470617056018957e-01
6.5467358598830439e+00 4.4460476004430949e-01
6.5483522308492610e+00 4.4450336687204711e-01
6.5499686018154790e+00 4.4440199104241446e-01
6.5515849727816962e+00 4.4430063255442226e-01
6.5532013437479133e+00 4.4419929140708136e-01
6.5548177147141304e+00 4.4409796759940184e-01
6.5564340856803485e+00 4.4399666113039243e-01
6.5580504566465656e+00 4.4389537199906204e-01
6.5596668276127827e+00 4.4379410020441912e-01
6.5612831985789999e+00 4.4369284574547058e-01
6.5628995695452179e+00 4.4359160862122338e-01
6.5645159405114351e+00 4.4349038883068392e-01
6.5661323114776522e+00 4.4338918637285746e-01
6.5677486824438702e+00 4.4328800124674927e-01
6.5693650534100874e+00 4.4318683345136362e-01
6.5709814243763045e+00 4.4308568298570389e-01
6.5725977953425216e+00 4.4298454984877378e-01
6.5742141663087397e+00 4.4288343403957525e-01
6.5758305372749568e+00 4.4278233555711050e-01
6.5774469082411740e+00 4.4268125440038048e-01
6.5790632792073911e+00 4.4258019056838627e-01
6.5806796501736091e+00 4.4247914406012739e-01
6.5822960211398263e+00 4.4237811487460360e-01
6.5839123921060434e+00 4.4227710301081358e-01
6.5855287630722605e+00 4.4217610846775546e-01
6.5871451340384786e+00 4.4207513124442666e-01
6.5887615050046957e+00 4.4197417133982453e-01
6.5903778759709128e+00 4.4187322875294510e-01
6.5919942469371309e+00 4.4177230348278401e-01
6.5936106179033480e+00 4.4167139552833651e-01
6.5952269888695652e+00 4.4157050488859717e-01
6.5968433598357823e+00 4.4146963156255958e-01
6.5984597308020003e+00 4.4136877554921705e-01
6.6000761017682175e+00 4.4126793684756249e-01
6.6016924727344346e+00 4.4116711545658754e-01
6.6033088437006517e+00 4.4106631137528385e-01
6.6049252146668698e+00 4.4096552460264227e-01
6.6065415856330869e+00 4.4086475513765283e-01
6.6081579565993041e+00 4.4076400297930501e-01
6.6097743275655221e+00 4.4066326812658790e-01
6.6113906985317392e+00 4.4056255057848992e-01
6.6130070694979564e+00 4.4046185033399854e-01
6.6146234404641735e+00 4.4036116739210107e-01
6.6162398114303915e+00 4.4026050175178411e-01
6.6178561823966087e+00 4.4015985341203329e-01
6.6194725533628258e+00 4.4005922237183409e-01
6.6210889243290429e+00 4.3995860863017111e-01
6.6227052952952610e+00 4.3985801218602832e-01
6.6243216662614781e+00 4.3975743303838921e-01
6.6259380372276953e+00 4.3965687118623675e-01
6.6275544081939133e+00 4.3955632662855287e-01
6.6291707791601304e+00 4.3945579936431972e-01
6.6307871501263476e+00 4.3935528939251761e-01
6.6324035210925647e+00 4.3925479671212747e-01
6.6340198920587827e+00 4.3915432132212878e-01
6.6356362630249999e+00 4.3905386322150092e-01
6.6372526339912170e+00 4.3895342240922219e-01
6.6388690049574342e+00 4.3885299888427076e-01
6.6404853759236522e+00 4.3875259264562388e-01
6.6421017468898693e+00 4.3865220369225832e-01
6.6437181178560865e+00 4.3855183202315012e-01
6.6453344888223036e+00 4.3845147763727499e-01
6.6469508597885216e+00 4.3835114053360769e-01
6.6485672307547388e+00 4.3825082071112265e-01
6.6501836017209559e+00 4.3815051816879330e-01
6.6517999726871739e+00 4.3805023290559292e-01
6.6534163436533911e+00 4.3794996492049404e-01
6.6550327146196082e+00 4.3784971421246838e-01
6.6566490855858254e+00 4.3774948078048725e-01
6.6582654565520434e+00 4.3764926462352138e-01
6.6598818275182605e+00 4.3754906574054053e-01
6.6614981984844777e+00 4.3744888413051458e-01
6.6631145694506948e+00 4.3734871979241219e-01
6.6647309404169128e+00 4.3724857272520135e-01
6.6663473113831300e+00 4.3714844292784993e-01
6.6679636823493471e+00 4.3704833039932500e-01
6.6695800533155651e+00 4.3694823513859293e-01
6.6711964242817823e+00 4.3684815714461928e-01
6.6728127952479994e+00 4.3674809641636947e-01
6.6744291662142166e+00 4.3664805295280817e-01
6.6760455371804346e+00 4.3654802675289905e-01
6.6776619081466517e+00 4.3644801781560599e-01
6.6792782791128689e+00 4.3634802613989132e-01
6.6808946500790860e+00 4.3624805172471742e-01
6.6825110210453040e+00 4.3614809456904585e-01
6.6841273920115212e+00 4.3604815467183766e-01
6.6857437629777383e+00 4.3594823203205296e-01
6.6873601339439555e+00 4.3584832664865170e-01
6.6889765049101735e+00 4.3574843852059292e-01
6.6905928758763906e+00 4.3564856764683563e-01
6.6922092468426078e+00 4.3554871402633710e-01
6.6938256178088258e+00 4.3544887765805507e-01
6.6954419887750429e+00 4.3534905854094641e-01
6.6970583597412601e+00 4.3524925667396702e-01
6.6986747307074772e+00 4.3514947205607252e-01
6.7002911016736952e+00 4.3504970468621768e-01
6.7019074726399124e+00 4.3494995456335711e-01
6.7035238436061295e+00 4.3485022168644449e-01
6.7051402145723467e+00 4.3475050605443305e-01
6.7067565855385647e+00 4.3465080766627501e-01
6.7083729565047818e+00 4.3455112652092254e-01
6.7099893274709990e+00 4.3445146261732709e-01
6.7116056984372170e+00 4.3435181595443917e-01
6.7132220694034341e+00 4.3425218653120895e-01
6.7148384403696513e+00 4.3415257434658600e-01
6.7164548113358684e+00 4.3405297939951953e-01
6.7180711823020864e+00 4.3395340168895735e-01
6.7196875532683036e+00 4.3385384121384768e-01
6.7213039242345207e+00 4.3375429797313741e-01
6.7229202952007379e+00 4.3365477196577296e-01
6.7245366661669559e+00 4.3355526319070076e-01
6.7261530371331730e+00 4.3345577164686561e-01
6.7277694080993902e+00 4.3335629733321263e-01
6.7293857790656073e+00 4.3325684024868577e-01
6.7310021500318253e+00 4.3315740039222872e-01
6.7326185209980425e+00 4.3305797776278421e-01
6.7342348919642596e+00 4.3295857235929497e-01
6.7358512629304776e+00 4.3285918418070246e-01
6.7374676338966948e+00 4.3275981322594781e-01
6.7390840048629119e+00 4.3266045949397175e-01
6.7407003758291291e+00 4.3256112298371430e-01
6.7423167467953471e+00 4.3246180369411458e-01
6.7439331177615642e+00 4.3236250162411172e-01
6.7455494887277814e+00 4.3226321677264362e-01
6.7471658596939985e+00 4.3216394913864792e-01
6.7487822306602165e+00 4.3206469872106151e-01
6.7503986016264337e+00 4.3196546551882115e-01
6.7520149725926508e+00 4.3186624953086239e-01
6.7536313435588688e+00 4.3176705075612026e-01
6.7552477145250860e+00 4.3166786919352973e-01
6.7568640854913031e+00 4.3156870484202448e-01
6.7584804564575203e+00 4.3146955770053824e-01
6.7600968274237383e+00 4.3137042776800344e-01
6.7617131983899554e+00 4.3127131504335292e-01
6.7633295693561726e+00 4.3117221952551776e-01
6.7649459403223897e+00 4.3107314121342938e-01
6.7665623112886077e+00 4.3097408010601779e-01
6.7681786822548249e+00 4.3087503620221329e-01
6.7697950532210420e+00 4.3077600950094497e-01
6.7714114241872592e+00 4.3067700000114151e-01
6.7730277951534772e+00 4.3057800770173094e-01
6.7746441661196943e+00 4.3047903260164094e-01
6.7762605370859115e+00 4.3038007469979811e-01
6.7778769080521295e+00 4.3028113399512885e-01
6.7794932790183466e+00 4.3018221048655930e-01
6.7811096499845638e+00 4.3008330417301399e-01
6.7827260209507809e+00 4.2998441505341767e-01
6.7843423919169989e+00 4.2988554312669430e-01
6.7859587628832161e+00 4.2978668839176731e-01
6.7875751338494332e+00 4.2968785084755934e-01
6.7891915048156504e+00 4.2958903049299257e-01
6.7908078757818684e+00 4.2949022732698872e-01
6.7924242467480855e+00 4.2939144134846857e-01
6.7940406177143027e+00 4.2929267255635262e-01
6.7956569886805207e+00 4.2919392094956066e-01
6.7972733596467378e+00 4.2909518652701206e-01
6.7988897306129550e+00 4.2899646928762514e-01
6.8005061015791721e+00 4.2889776923031830e-01
6.8021224725453902e+00 4.2879908635400865e-01
6.8037388435116073e+00 4.2870042065761316e-01
6.8053552144778244e+00 4.2860177214004830e-01
6.8069715854440416e+00 4.2850314080022978e-01
6.8085879564102596e+00 4.2840452663707212e-01
6.8102043273764767e+00 4.2830592964949055e-01
6.8118206983426939e+00 4.2820734983639880e-01
6.8134370693089119e+00 4.2810878719670986e-01
6.8150534402751290e+00 4.2801024172933683e-01
6.8166698112413462e+00 4.2791171343319184e-01
6.8182861822075633e+00 4.2781320230718628e-01
6.8199025531737814e+00 4.2771470835023123e-01
6.8215189241399985e+00 4.2761623156123746e-01
6.8231352951062156e+00 4.2751777193911411e-01
6.8247516660724328e+00 4.2741932948277089e-01
6.8263680370386508e+00 4.2732090419111646e-01
6.8279844080048679e+00 4.2722249606305857e-01
6.8296007789710851e+00 4.2712410509750487e-01
6.8312171499373022e+00 4.2702573129336219e-01
6.8328335209035203e+00 4.2692737464953689e-01
6.8344498918697374e+00 4.2682903516493487e-01
6.8360662628359545e+00 4.2673071283846115e-01
6.8376826338021726e+00 4.2663240766902000e-01
6.8392990047683897e+00 4.2653411965551558e-01
6.8409153757346068e+00 4.2643584879685148e-01
6.8425317467008240e+00 4.2633759509193031e-01
6.8441481176670420e+00 4.2623935853965439e-01
6.8457644886332591e+00 4.2614113913892504e-01
6.8473808595994763e+00 4.2604293688864386e-01
6.8489972305656934e+00 4.2594475178771080e-01
6.8506136015319115e+00 4.2584658383502605e-01
6.8522299724981286e+00 4.2574843302948889e-01
6.8538463434643457e+00 4.2565029936999788e-01
6.8554627144305638e+00 4.2555218285545132e-01
6.8570790853967809e+00 4.2545408348474656e-01
6.8586954563629980e+00 4.2535600125678097e-01
6.8603118273292152e+00 4.2525793617045077e-01
6.8619281982954332e+00 4.2515988822465145e-01
6.8635445692616504e+00 4.2506185741827857e-01
6.8651609402278675e+00 4.2496384375022683e-01
6.8667773111940846e+00 4.2486584721939019e-01
6.8683936821603027e+00 4.2476786782466192e-01
6.8700100531265198e+00 4.2466990556493539e-01
6.8716264240927369e+00 4.2457196043910261e-01
6.8732427950589541e+00 4.2447403244605564e-01
6.8748591660251721e+00 4.2437612158468535e-01
6.8764755369913892e+00 4.2427822785388236e-01
6.8780919079576064e+00 4.2418035125253672e-01
6.8797082789238244e+00 4.2408249177953800e-01
6.8813246498900416e+00 4.2398464943377490e-01
6.8829410208562587e+00 4.2388682421413582e-01
6.8845573918224758e+00 4.2378901611950831e-01
6.8861737627886939e+00 4.2369122514877972e-01
6.8877901337549110e+00 4.2359345130083648e-01
6.8894065047211281e+00 4.2349569457456449e-01
6.8910228756873453e+00 4.2339795496884908e-01
6.8926392466535633e+00 4.2330023248257531e-01
6.8942556176197805e+00 4.2320252711462741e-01
6.8958719885859976e+00 4.2310483886388867e-01
6.8974883595522156e+00 4.2300716772924257e-01
6.8991047305184328e+00 4.2290951370957153e-01
6.9007211014846499e+00 4.2281187680375737e-01
6.9023374724508670e+00 4.2271425701068155e-01
6.9039538434170851e+00 4.2261665432922457e-01
6.9055702143833022e+00 4.2251906875826728e-01
6.9071865853495193e+00 4.2242150029668873e-01
6.9088029563157365e+00 4.2232394894336800e-01
6.9104193272819545e+00 4.2222641469718369e-01
6.9120356982481717e+00 4.2212889755701405e-01
6.9136520692143888e+00 4.2203139752173568e-01
6.9152684401806059e+00 4.2193391459022611e-01
6.9168848111468240e+00 4.2183644876136106e-01
6.9185011821130411e+00 4.2173900003401604e-01
6.9201175530792582e+00 4.2164156840706657e-01
6.9217339240454763e+00 4.2154415387938665e-01
6.9233502950116934e+00 4.2144675644985025e-01
6.9249666659779106e+00 4.2134937611733081e-01
6.9265830369441277e+00 4.2125201288070135e-01
6.9281994079103457e+00 4.2115466673883339e-01
6.9298157788765629e+00 4.2105733769059905e-01
6.9314321498427800e+00 4.2096002573486901e-01
6.9330485208089971e+00 4.2086273087051401e-01
6.9346648917752152e+00 4.2076545309640367e-01
6.9362812627414323e+00 4.2066819241140752e-01
6.9378976337076494e+00 4.2057094881439439e-01
6.9395140046738675e+00 4.2047372230423197e-01
6.9411303756400846e+00 4.2037651287978828e-01
6.9427467466063018e+00 4.2027932053993033e-01
6.9443631175725189e+00 4.2018214528352432e-01
6.9459794885387369e+00 4.2008498710943631e-01
6.9475958595049541e+00 4.1998784601653161e-01
6.9492122304711712e+00 4.1989072200367494e-01
6.9508286014373883e+00 4.1979361506973051e-01
6.9524449724036064e+00 4.1969652521356177e-01
6.9540613433698235e+00 4.1959945243403207e-01
6.9556777143360407e+00 4.1950239673000361e-01
6.9572940853022578e+00 4.1940535810033841e-01
6.9589104562684758e+00 4.1930833654389765e-01
6.9605268272346930e+00 4.1921133205954236e-01
6.9621431982009101e+00 4.1911434464613229e-01
6.9637595691671281e+00 4.1901737430252767e-01
6.9653759401333453e+00 4.1892042102758703e-01
6.9669923110995624e+00 4.1882348482016918e-01
6.9686086820657795e+00 4.1872656567913186e-01
6.9702250530319976e+00 4.1862966360333242e-01
6.9718414239982147e+00 4.1853277859162791e-01
6.9734577949644319e+00 4.1843591064287428e-01
6.9750741659306490e+00 4.1833905975592722e-01
6.9766905368968670e+00 4.1824222592964189e-01
6.9783069078630842e+00 4.1814540916287279e-01
6.9799232788293013e+00 4.1804860945447397e-01
6.9815396497955193e+00 4.1795182680329862e-01
6.9831560207617365e+00 4.1785506120819971e-01
6.9847723917279536e+00 4.1775831266802954e-01
6.9863887626941708e+00 4.1766158118163960e-01
6.9880051336603888e+00 4.1756486674788118e-01
6.9896215046266059e+00 4.1746816936560477e-01
6.9912378755928231e+00 4.1737148903366061e-01
6.9928542465590402e+00 4.1727482575089786e-01
6.9944706175252582e+00 4.1717817951616548e-01
6.9960869884914754e+00 4.1708155032831157e-01
6.9977033594576925e+00 4.1698493818618421e-01
6.9993197304239096e+00 4.1688834308863049e-01
7.0009361013901277e+00 4.1679176503449689e-01
7.0025524723563448e+00 4.1669520402262983e-01
7.0041688433225620e+00 4.1659866005187440e-01
7.0057852142887800e+00 4.1650213312107548e-01
7.0074015852549971e+00 4.1640562322907781e-01
7.0090179562212143e+00 4.1630913037472494e-01
7.0106343271874314e+00 4.1621265455686035e-01
7.0122506981536494e+00 4.1611619577432640e-01
7.0138670691198666e+00 4.1601975402596530e-01
7.0154834400860837e+00 4.1592332931061887e-01
7.0170998110523009e+00 4.1582692162712770e-01
7.0187161820185189e+00 4.1573053097433266e-01
7.0203325529847360e+00 4.1563415735107317e-01
7.0219489239509532e+00 4.1553780075618885e-01
7.0235652949171712e+00 4.1544146118851860e-01
7.0251816658833883e+00 4.1534513864690026e-01
7.0267980368496055e+00 4.1524883313017158e-01
7.0284144078158226e+00 4.1515254463716955e-01
7.0300307787820406e+00 4.1505627316673094e-01
7.0316471497482578e+00 4.1496001871769150e-01
7.0332635207144749e+00 4.1486378128888690e-01
7.0348798916806921e+00 4.1476756087915168e-01
7.0364962626469101e+00 4.1467135748731992e-01
7.0381126336131272e+00 4.1457517111222603e-01
7.0397290045793444e+00 4.1447900175270247e-01
7.0413453755455624e+00 4.1438284940758224e-01
7.0429617465117795e+00 4.1428671407569739e-01
7.0445781174779967e+00 4.1419059575587935e-01
7.0461944884442138e+00 4.1409449444695900e-01
7.0478108594104318e+00 4.1399841014776656e-01
7.0494272303766490e+00 4.1390234285713212e-01
7.0510436013428661e+00 4.1380629257388502e-01
7.0526599723090833e+00 4.1371025929685368e-01
7.0542763432753013e+00 4.1361424302486621e-01
7.0558927142415184e+00 4.1351824375675056e-01
7.0575090852077356e+00 4.1342226149133360e-01
7.0591254561739527e+00 4.1332629622744166e-01
7.0607418271401707e+00 4.1323034796390068e-01
7.0623581981063879e+00 4.1313441669953621e-01
7.0639745690726050e+00 4.1303850243317314e-01
7.0655909400388230e+00 4.1294260516363535e-01
7.0672073110050402e+00 4.1284672488974689e-01
7.0688236819712573e+00 4.1275086161033070e-01
7.0704400529374745e+00 4.1265501532420967e-01
7.0720564239036925e+00 4.1255918603020553e-01
7.0736727948699096e+00 4.1246337372713976e-01
7.0752891658361268e+00 4.1236757841383359e-01
7.0769055368023439e+00 4.1227180008910713e-01
7.0785219077685619e+00 4.1217603875178033e-01
7.0801382787347791e+00 4.1208029440067245e-01
7.0817546497009962e+00 4.1198456703460218e-01
7.0833710206672142e+00 4.1188885665238778e-01
7.0849873916334314e+00 4.1179316325284682e-01
7.0866037625996485e+00 4.1169748683479634e-01
7.0882201335658657e+00 4.1160182739705292e-01
7.0898365045320837e+00 4.1150618493843233e-01
7.0914528754983008e+00 4.1141055945775012e-01
7.0930692464645180e+00 4.1131495095382137e-01
7.0946856174307351e+00 4.1121935942546006e-01
7.0963019883969531e+00 4.1112378487147977e-01
7.0979183593631703e+00 4.1102822729069438e-01
7.0995347303293874e+00 4.1093268668191596e-01
7.1011511012956046e+00 4.1083716304395684e-01
7.1027674722618226e+00 4.1074165637562854e-01
7.1043838432280397e+00 4.1064616667574211e-01
7.1060002141942569e+00 4.1055069394310800e-01
7.1076165851604749e+00 4.1045523817653590e-01
7.1092329561266920e+00 4.1035979937483558e-01
7.1108493270929092e+00 4.1026437753681549e-01
7.1124656980591263e+00 4.1016897266128410e-01
7.1140820690253443e+00 4.1007358474704914e-01
7.1156984399915615e+00 4.0997821379291743e-01
7.1173148109577786e+00 4.0988285979769595e-01
7.1189311819239958e+00 4.0978752276019081e-01
7.1205475528902138e+00 4.0969220267920708e-01
7.1221639238564309e+00 4.0959689955355022e-01
7.1237802948226481e+00 4.0950161338202445e-01
7.1253966657888661e+00 4.0940634416343347e-01
7.1270130367550832e+00 4.0931109189658094e-01
7.1286294077213004e+00 4.0921585658026954e-01
7.1302457786875175e+00 4.0912063821330141e-01
7.1318621496537355e+00 4.0902543679447817e-01
7.1334785206199527e+00 4.0893025232260116e-01
7.1350948915861698e+00 4.0883508479647096e-01
7.1367112625523870e+00 4.0873993421488747e-01
7.1383276335186050e+00 4.0864480057665026e-01
7.1399440044848221e+00 4.0854968388055851e-01
7.1415603754510393e+00 4.0845458412541030e-01
7.1431767464172564e+00 4.0835950131000365e-01
7.1447931173834744e+00 4.0826443543313601e-01
7.1464094883496916e+00 4.0816938649360390e-01
7.1480258593159087e+00 4.0807435449020391e-01
7.1496422302821268e+00 4.0797933942173137e-01
7.1512586012483439e+00 4.0788434128698159e-01
7.1528749722145610e+00 4.0778936008474909e-01
7.1544913431807782e+00 4.0769439581382827e-01
7.1561077141469962e+00 4.0759944847301216e-01
7.1577240851132133e+00 4.0750451806109406e-01
7.1593404560794305e+00 4.0740960457686637e-01
7.1609568270456476e+00 4.0731470801912095e-01
7.1625731980118656e+00 4.0721982838664900e-01
7.1641895689780828e+00 4.0712496567824152e-01
7.1658059399442999e+00 4.0703011989268884e-01
7.1674223109105180e+00 4.0693529102878045e-01
7.1690386818767351e+00 4.0684047908530568e-01
7.1706550528429522e+00 4.0674568406105305e-01
7.1722714238091694e+00 4.0665090595481079e-01
7.1738877947753874e+00 4.0655614476536645e-01
7.1755041657416045e+00 4.0646140049150703e-01
7.1771205367078217e+00 4.0636667313201891e-01
7.1787369076740388e+00 4.0627196268568833e-01
7.1803532786402569e+00 4.0617726915130042e-01
7.1819696496064740e+00 4.0608259252763990e-01
7.1835860205726911e+00 4.0598793281349155e-01
7.1852023915389083e+00 4.0589329000763863e-01
7.1868187625051263e+00 4.0579866410886462e-01
7.1884351334713434e+00 4.0570405511595253e-01
7.1900515044375606e+00 4.0560946302768414e-01
7.1916678754037786e+00 4.0551488784284095e-01
7.1932842463699957e+00 4.0542032956020435e-01
7.1949006173362129e+00 4.0532578817855486e-01
7.1965169883024300e+00 4.0523126369667239e-01
7.1981333592686481e+00 4.0513675611333655e-01
7.1997497302348652e+00 4.0504226542732608e-01
7.2013661012010823e+00 4.0494779163741945e-01
7.2029824721672995e+00 4.0485333474239460e-01
7.2045988431335175e+00 4.0475889474102883e-01
7.2062152140997346e+00 4.0466447163209868e-01
7.2078315850659518e+00 4.0457006541438095e-01
7.2094479560321698e+00 4.0447567608665075e-01
7.2110643269983870e+00 4.0438130364768354e-01
7.2126806979646041e+00 4.0428694809625410e-01
7.2142970689308212e+00 4.0419260943113638e-01
7.2159134398970393e+00 4.0409828765110378e-01
7.2175298108632564e+00 4.0400398275492966e-01
7.2191461818294735e+00 4.0390969474138655e-01
7.2207625527956907e+00 4.0381542360924577e-01
7.2223789237619087e+00 4.0372116935727953e-01
7.2239952947281258e+00 4.0362693198425831e-01
7.2256116656943430e+00 4.0353271148895281e-01
7.2272280366605601e+00 4.0343850787013252e-01
7.2288444076267782e+00 4.0334432112656665e-01
7.2304607785929953e+00 4.0325015125702435e-01
7.2320771495592124e+00 4.0315599826027360e-01
7.2336935205254305e+00 4.0306186213508222e-01
7.2353098914916476e+00 4.0296774288021731e-01
7.2369262624578647e+00 4.0287364049444546e-01
7.2385426334240819e+00 4.0277955497653289e-01
7.2401590043902999e+00 4.0268548632524492e-01
7.2417753753565171e+00 4.0259143453934682e-01
7.2433917463227342e+00 4.0249739961760311e-01
7.2450081172889513e+00 4.0240338155877747e-01
7.2466244882551694e+00 4.0230938036163383e-01
7.2482408592213865e+00 4.0221539602493456e-01
7.2498572301876036e+00 4.0212142854744237e-01
7.2514736011538217e+00 4.0202747792791899e-01
7.2530899721200388e+00 4.0193354416512583e-01
7.2547063430862559e+00 4.0183962725782352e-01
7.2563227140524731e+00 4.0174572720477247e-01
7.2579390850186911e+00 4.0165184400473236e-01
7.2595554559849083e+00 4.0155797765646239e-01
7.2611718269511254e+00 4.0146412815872107e-01
7.2627881979173425e+00 4.0137029551026671e-01
7.2644045688835606e+00 4.0127647970985703e-01
7.2660209398497777e+00 4.0118268075624886e-01
7.2676373108159948e+00 4.0108889864819863e-01
7.2692536817822129e+00 4.0099513338446280e-01
7.2708700527484300e+00 4.0090138496379663e-01
7.2724864237146472e+00 4.0080765338495500e-01
7.2741027946808643e+00 4.0071393864669264e-01
7.2757191656470823e+00 4.0062024074776309e-01
7.2773355366132995e+00 4.0052655968691986e-01
7.2789519075795166e+00 4.0043289546291594e-01
7.2805682785457337e+00 4.0033924807450350e-01
7.2821846495119518e+00 4.0024561752043447e-01
7.2838010204781689e+00 4.0015200379946003e-01
7.2854173914443860e+00 4.0005840691033101e-01
7.2870337624106032e+00 3.9996482685179757e-01
7.2886501333768212e+00 3.9987126362260944e-01
7.2902665043430384e+00 3.9977771722151573e-01
7.2918828753092555e+00 3.9968418764726504e-01
7.2934992462754735e+00 3.9959067489860572e-01
7.2951156172416907e+00 3.9949717897428505e-01
7.2967319882079078e+00 3.9940369987305030e-01
7.2983483591741249e+00 3.9931023759364820e-01
7.2999647301403430e+00 3.9921679213482425e-01
7.3015811011065601e+00 3.9912336349532446e-01
7.3031974720727773e+00 3.9902995167389355e-01
7.3048138430389944e+00 3.9893655666927613e-01
7.3064302140052124e+00 3.9884317848021583e-01
7.3080465849714296e+00 3.9874981710545626e-01
7.3096629559376467e+00 3.9865647254374037e-01
7.3112793269038647e+00 3.9856314479381022e-01
7.3128956978700819e+00 3.9846983385440793e-01
7.3145120688362990e+00 3.9837653972427478e-01
7.3161284398025161e+00 3.9828326240215139e-01
7.3177448107687342e+00 3.9819000188677817e-01
7.3193611817349513e+00 3.9809675817689488e-01
7.3209775527011685e+00 3.9800353127124061e-01
7.3225939236673856e+00 3.9791032116855407e-01
7.3242102946336036e+00 3.9781712786757367e-01
7.3258266655998208e+00 3.9772395136703687e-01
7.3274430365660379e+00 3.9763079166568077e-01
7.3290594075322550e+00 3.9753764876224201e-01
7.3306757784984731e+00 3.9744452265545677e-01
7.3322921494646902e+00 3.9735141334406077e-01
7.3339085204309074e+00 3.9725832082678875e-01
7.3355248913971254e+00 3.9716524510237539e-01
7.3371412623633425e+00 3.9707218616955459e-01
7.3387576333295597e+00 3.9697914402706003e-01
7.3403740042957768e+00 3.9688611867362467e-01
7.3419903752619948e+00 3.9679311010798091e-01
7.3436067462282120e+00 3.9670011832886065e-01
7.3452231171944291e+00 3.9660714333499530e-01
7.3468394881606462e+00 3.9651418512511599e-01
7.3484558591268643e+00 3.9642124369795267e-01
7.3500722300930814e+00 3.9632831905223570e-01
7.3516886010592986e+00 3.9623541118669398e-01
7.3533049720255166e+00 3.9614252010005663e-01
7.3549213429917337e+00 3.9604964579105201e-01
7.3565377139579509e+00 3.9595678825840774e-01
7.3581540849241680e+00 3.9586394750085102e-01
7.3597704558903860e+00 3.9577112351710902e-01
7.3613868268566032e+00 3.9567831630590755e-01
7.3630031978228203e+00 3.9558552586597262e-01
7.3646195687890375e+00 3.9549275219602925e-01
7.3662359397552555e+00 3.9539999529480224e-01
7.3678523107214726e+00 3.9530725516101589e-01
7.3694686816876898e+00 3.9521453179339366e-01
7.3710850526539069e+00 3.9512182519065864e-01
7.3727014236201249e+00 3.9502913535153372e-01
7.3743177945863421e+00 3.9493646227474094e-01
7.3759341655525592e+00 3.9484380595900193e-01
7.3775505365187772e+00 3.9475116640303759e-01
7.3791669074849944e+00 3.9465854360556890e-01
7.3807832784512115e+00 3.9456593756531549e-01
7.3823996494174287e+00 3.9447334828099723e-01
7.3840160203836467e+00 3.9438077575133285e-01
7.3856323913498638e+00 3.9428821997504127e-01
7.3872487623160810e+00 3.9419568095084007e-01
7.3888651332822981e+00 3.9410315867744716e-01
7.3904815042485161e+00 3.9401065315357930e-01
7.3920978752147333e+00 3.9391816437795296e-01
7.3937142461809504e+00 3.9382569234928416e-01
7.3953306171471684e+00 3.9373323706628821e-01
7.3969469881133856e+00 3.9364079852768030e-01
7.3985633590796027e+00 3.9354837673217480e-01
7.4001797300458199e+00 3.9345597167848573e-01
7.4017961010120379e+00 3.9336358336532584e-01
7.4034124719782550e+00 3.9327121179140889e-01
7.4050288429444722e+00 3.9317885695544685e-01
7.4066452139106893e+00 3.9308651885615142e-01
7.4082615848769073e+00 3.9299419749223435e-01
7.4098779558431245e+00 3.9290189286240629e-01
7.4114943268093416e+00 3.9280960496537759e-01
7.4131106977755588e+00 3.9271733379985801e-01
7.4147270687417768e+00 3.9262507936455715e-01
7.4163434397079939e+00 3.9253284165818342e-01
7.4179598106742111e+00 3.9244062067944557e-01
7.4195761816404291e+00 3.9234841642705109e-01
7.4211925526066462e+00 3.9225622889970724e-01
7.4228089235728634e+00 3.9216405809612104e-01
7.4244252945390805e+00 3.9207190401499853e-01
7.4260416655052985e+00 3.9197976665504558e-01
7.4276580364715157e+00 3.9188764601496745e-01
7.4292744074377328e+00 3.9179554209346890e-01
7.4308907784039500e+00 3.9170345488925423e-01
7.4325071493701680e+00 3.9161138440102683e-01
7.4341235203363851e+00 3.9151933062749045e-01
7.4357398913026023e+00 3.9142729356734729e-01
7.4373562622688203e+00 3.9133527321930006e-01
7.4389726332350374e+00 3.9124326958205008e-01
7.4405890042012546e+00 3.9115128265429877e-01
7.4422053751674717e+00 3.9105931243474656e-01
7.4438217461336897e+00 3.9096735892209383e-01
7.4454381170999069e+00 3.9087542211504045e-01
7.4470544880661240e+00 3.9078350201228534e-01
7.4486708590323412e+00 3.9069159861252734e-01
7.4502872299985592e+00 3.9059971191446441e-01
7.4519036009647763e+00 3.9050784191679422e-01
7.4535199719309935e+00 3.9041598861821414e-01
7.4551363428972115e+00 3.9032415201742071e-01
7.4567527138634286e+00 3.9023233211311004e-01
7.4583690848296458e+00 3.9014052890397788e-01
7.4599854557958629e+00 3.9004874238871928e-01
7.4616018267620809e+00 3.8995697256602896e-01
7.4632181977282981e+00 3.8986521943460090e-01
7.4648345686945152e+00 3.8977348299312897e-01
7.4664509396607324e+00 3.8968176324030623e-01
7.4680673106269504e+00 3.8959006017482517e-01
7.4696836815931675e+00 3.8949837379537799e-01
7.4713000525593847e+00 3.8940670410065642e-01
7.4729164235256018e+00 3.8931505108935138e-01
7.4745327944918198e+00 3.8922341476015371e-01
7.4761491654580370e+00 3.8913179511175339e-01
7.4777655364242541e+00 3.8904019214283991e-01
7.4793819073904722e+00 3.8894860585210289e-01
7.4809982783566893e+00 3.8885703623823031e-01
7.4826146493229064e+00 3.8876548329991079e-01
7.4842310202891236e+00 3.8867394703583147e-01
7.4858473912553416e+00 3.8858242744468008e-01
7.4874637622215587e+00 3.8849092452514272e-01
7.4890801331877759e+00 3.8839943827590567e-01
7.4906965041539930e+00 3.8830796869565465e-01
7.4923128751202110e+00 3.8821651578307448e-01
7.4939292460864282e+00 3.8812507953685005e-01
7.4955456170526453e+00 3.8803365995566558e-01
7.4971619880188634e+00 3.8794225703820417e-01
7.4987783589850805e+00 3.8785087078314967e-01
7.5003947299512976e+00 3.8775950118918417e-01
7.5020111009175148e+00 3.8766814825499002e-01
7.5036274718837328e+00 3.8757681197924854e-01
7.5052438428499499e+00 3.8748549236064134e-01
7.5068602138161671e+00 3.8739418939784870e-01
7.5084765847823842e+00 3.8730290308955095e-01
7.5100929557486023e+00 3.8721163343442760e-01
7.5117093267148194e+00 3.8712038043115776e-01
7.5133256976810365e+00 3.8702914407842026e-01
7.5149420686472537e+00 3.8693792437489316e-01
7.5165584396134717e+00 3.8684672131925396e-01
7.5181748105796888e+00 3.8675553491018000e-01
7.5197911815459060e+00 3.8666436514634783e-01
7.5214075525121240e+00 3.8657321202643369e-01
7.5230239234783411e+00 3.8648207554911329e-01
7.5246402944445583e+00 3.8639095571306176e-01
7.5262566654107754e+00 3.8629985251695365e-01
7.5278730363769935e+00 3.8620876595946341e-01
7.5294894073432106e+00 3.8611769603926455e-01
7.5311057783094277e+00 3.8602664275503012e-01
7.5327221492756449e+00 3.8593560610543326e-01
7.5343385202418629e+00 3.8584458608914574e-01
7.5359548912080800e+00 3.8575358270483950e-01
7.5375712621742972e+00 3.8566259595118579e-01
7.5391876331405152e+00 3.8557162582685522e-01
7.5408040041067324e+00 3.8548067233051803e-01
7.5424203750729495e+00 3.8538973546084410e-01
7.5440367460391666e+00 3.8529881521650239e-01
7.5456531170053847e+00 3.8520791159616208e-01
7.5472694879716018e+00 3.8511702459849095e-01
7.5488858589378189e+00 3.8502615422215714e-01
7.5505022299040361e+00 3.8493530046582802e-01
7.5521186008702541e+00 3.8484446332816996e-01
7.5537349718364712e+00 3.8475364280784952e-01
7.5553513428026884e+00 3.8466283890353248e-01
7.5569677137689055e+00 3.8457205161388419e-01
7.5585840847351236e+00 3.8448128093756928e-01
7.5602004557013407e+00 3.8439052687325242e-01
7.5618168266675578e+00 3.8429978941959714e-01
7.5634331976337759e+00 3.8420906857526699e-01
7.5650495685999930e+00 3.8411836433892488e-01
7.5666659395662101e+00 3.8402767670923288e-01
7.5682823105324273e+00 3.8393700568485317e-01
7.5698986814986453e+00 3.8384635126444699e-01
7.5715150524648624e+00 3.8375571344667542e-01
7.5731314234310796e+00 3.8366509223019879e-01
7.5747477943972967e+00 3.8357448761367707e-01
7.5763641653635148e+00 3.8348389959576940e-01
7.5779805363297319e+00 3.8339332817513505e-01
7.5795969072959490e+00 3.8330277335043261e-01
7.5812132782621671e+00 3.8321223512031982e-01
7.5828296492283842e+00 3.8312171348345408e-01
7.5844460201946013e+00 3.8303120843849275e-01
7.5860623911608185e+00 3.8294071998409202e-01
7.5876787621270365e+00 3.8285024811890794e-01
7.5892951330932537e+00 3.8275979284159617e-01
7.5909115040594708e+00 3.8266935415081194e-01
7.5925278750256879e+00 3.8257893204520960e-01
7.5941442459919060e+00 3.8248852652344306e-01
7.5957606169581231e+00 3.8239813758416624e-01
7.5973769879243402e+00 3.8230776522603216e-01
7.5989933588905574e+00 3.8221740944769345e-01
7.6006097298567754e+00 3.8212707024780207e-01
7.6022261008229925e+00 3.8203674762501011e-01
7.6038424717892097e+00 3.8194644157796820e-01
7.6054588427554277e+00 3.8185615210532758e-01
7.6070752137216449e+00 3.8176587920573801e-01
7.6086915846878620e+00 3.8167562287784934e-01
7.6103079556540791e+00 3.8158538312031098e-01
7.6119243266202972e+00 3.8149515993177147e-01
7.6135406975865143e+00 3.8140495331087904e-01
7.6151570685527314e+00 3.8131476325628183e-01
7.6167734395189486e+00 3.8122458976662682e-01
7.6183898104851666e+00 3.8113443284056087e-01
7.6200061814513838e+00 3.8104429247673061e-01
7.6216225524176009e+00 3.8095416867378140e-01
7.6232389233838189e+00 3.8086406143035884e-01
7.6248552943500361e+00 3.8077397074510805e-01
7.6264716653162532e+00 3.8068389661667312e-01
7.6280880362824703e+00 3.8059383904369815e-01
7.6297044072486884e+00 3.8050379802482659e-01
7.6313207782149055e+00 3.8041377355870126e-01
7.6329371491811226e+00 3.8032376564396475e-01
7.6345535201473398e+00 3.8023377427925908e-01
7.6361698911135578e+00 3.8014379946322568e-01
7.6377862620797750e+00 3.8005384119450580e-01
7.6394026330459921e+00 3.7996389947173981e-01
7.6410190040122101e+00 3.7987397429356778e-01
7.6426353749784273e+00 3.7978406565862932e-01
7.6442517459446444e+00 3.7969417356556384e-01
7.6458681169108615e+00 3.7960429801300960e-01
7.6474844878770796e+00 3.7951443899960502e-01
7.6491008588432967e+00 3.7942459652398769e-01
7.6507172298095139e+00 3.7933477058479487e-01
7.6523336007757310e+00 3.7924496118066309e-01
7.6539499717419490e+00 3.7915516831022888e-01
7.6555663427081662e+00 3.7906539197212774e-01
7.6571827136743833e+00 3.7897563216499541e-01
7.6587990846406004e+00 3.7888588888746616e-01
7.6604154556068185e+00 3.7879616213817463e-01
7.6620318265730356e+00 3.7870645191575475e-01
7.6636481975392527e+00 3.7861675821883983e-01
7.6652645685054708e+00 3.7852708104606259e-01
7.6668809394716879e+00 3.7843742039605571e-01
7.6684973104379051e+00 3.7834777626745109e-01
7.6701136814041222e+00 3.7825814865888024e-01
7.6717300523703402e+00 3.7816853756897395e-01
7.6733464233365574e+00 3.7807894299636297e-01
7.6749627943027745e+00 3.7798936493967755e-01
7.6765791652689916e+00 3.7789980339754670e-01
7.6781955362352097e+00 3.7781025836860010e-01
7.6798119072014268e+00 3.7772072985146604e-01
7.6814282781676440e+00 3.7763121784477277e-01
7.6830446491338620e+00 3.7754172234714778e-01
7.6846610201000791e+00 3.7745224335721872e-01
7.6862773910662963e+00 3.7736278087361202e-01
7.6878937620325134e+00 3.7727333489495402e-01
7.6895101329987314e+00 3.7718390541987024e-01
7.6911265039649486e+00 3.7709449244698645e-01
7.6927428749311657e+00 3.7700509597492721e-01
7.6943592458973828e+00 3.7691571600231710e-01
7.6959756168636009e+00 3.7682635252777957e-01
7.6975919878298180e+00 3.7673700554993850e-01
7.6992083587960352e+00 3.7664767506741681e-01
7.7008247297622523e+00 3.7655836107883650e-01
7.7024411007284703e+00 3.7646906358282012e-01
7.7040574716946875e+00 3.7637978257798893e-01
7.7056738426609046e+00 3.7629051806296415e-01
7.7072902136271226e+00 3.7620127003636633e-01
7.7089065845933398e+00 3.7611203849681540e-01
7.7105229555595569e+00 3.7602282344293125e-01
7.7121393265257741e+00 3.7593362487333304e-01
7.7137556974919921e+00 3.7584444278663909e-01
7.7153720684582092e+00 3.7575527718146834e-01
7.7169884394244264e+00 3.7566612805643801e-01
7.7186048103906435e+00 3.7557699541016565e-01
7.7202211813568615e+00 3.7548787924126792e-01
7.7218375523230787e+00 3.7539877954836126e-01
7.7234539232892958e+00 3.7530969633006162e-01
7.7250702942555138e+00 3.7522062958498420e-01
7.7266866652217310e+00 3.7513157931174440e-01
7.7283030361879481e+00 3.7504254550895638e-01
7.7299194071541653e+00 3.7495352817523409e-01
7.7315357781203833e+00 3.7486452730919112e-01
7.7331521490866004e+00 3.7477554290944076e-01
7.7347685200528176e+00 3.7468657497459557e-01
7.7363848910190347e+00 3.7459762350326753e-01
7.7380012619852527e+00 3.7450868849406832e-01
7.7396176329514699e+00 3.7441976994560938e-01
7.7412340039176870e+00 3.7433086785650144e-01
7.7428503748839042e+00 3.7424198222535432e-01
7.7444667458501222e+00 3.7415311305077842e-01
7.7460831168163393e+00 3.7406426033138296e-01
7.7476994877825565e+00 3.7397542406577639e-01
7.7493158587487745e+00 3.7388660425256759e-01
7.7509322297149916e+00 3.7379780089036435e-01
7.7525486006812088e+00 3.7370901397777417e-01
7.7541649716474259e+00 3.7362024351340412e-01
7.7557813426136439e+00 3.7353148949586057e-01
7.7573977135798611e+00 3.7344275192374982e-01
7.7590140845460782e+00 3.7335403079567736e-01
7.7606304555122954e+00 3.7326532611024854e-01
7.7622468264785134e+00 3.7317663786606792e-01
7.7638631974447305e+00 3.7308796606173961e-01
7.7654795684109477e+00 3.7299931069586761e-01
7.7670959393771657e+00 3.7291067176705511e-01
7.7687123103433828e+00 3.7282204927390489e-01
7.7703286813096000e+00 3.7273344321501950e-01
7.7719450522758171e+00 3.7264485358900085e-01
7.7735614232420351e+00 3.7255628039445016e-01
7.7751777942082523e+00 3.7246772362996872e-01
7.7767941651744694e+00 3.7237918329415687e-01
7.7784105361406866e+00 3.7229065938561490e-01
7.7800269071069046e+00 3.7220215190294192e-01
7.7816432780731217e+00 3.7211366084473757e-01
7.7832596490393389e+00 3.7202518620960051e-01
7.7848760200055560e+00 3.7193672799612859e-01
7.7864923909717740e+00 3.7184828620292010e-01
7.7881087619379912e+00 3.7175986082857182e-01
7.7897251329042083e+00 3.7167145187168105e-01
7.7913415038704263e+00 3.7158305933084385e-01
7.7929578748366435e+00 3.7149468320465612e-01
7.7945742458028606e+00 3.7140632349171360e-01
7.7961906167690778e+00 3.7131798019061119e-01
7.7978069877352958e+00 3.7122965329994334e-01
7.7994233587015129e+00 3.7114134281830419e-01
7.8010397296677301e+00 3.7105304874428729e-01
7.8026561006339472e+00 3.7096477107648590e-01
7.8042724716001652e+00 3.7087650981349257e-01
7.8058888425663824e+00 3.7078826495390010e-01
7.8075052135325995e+00 3.7070003649629951e-01
7.8091215844988175e+00 3.7061182443928253e-01
7.8107379554650347e+00 3.7052362878144018e-01
7.8123543264312518e+00 3.7043544952136281e-01
7.8139706973974690e+00 3.7034728665764005e-01
7.8155870683636870e+00 3.7025914018886164e-01
7.8172034393299041e+00 3.7017101011361669e-01
7.8188198102961213e+00 3.7008289643049375e-01
7.8204361812623384e+00 3.6999479913808092e-01
7.8220525522285564e+00 3.6990671823496590e-01
7.8236689231947736e+00 3.6981865371973588e-01
7.8252852941609907e+00 3.6973060559097776e-01
7.8269016651272079e+00 3.6964257384727772e-01
7.8285180360934259e+00 3.6955455848722163e-01
7.8301344070596430e+00 3.6946655950939478e-01
7.8317507780258602e+00 3.6937857691238246e-01
7.8333671489920782e+00 3.6929061069476882e-01
7.8349835199582953e+00 3.6920266085513814e-01
7.8365998909245125e+00 3.6911472739207374e-01
7.8382162618907296e+00 3.6902681030415901e-01
7.8398326328569476e+00 3.6893890958997655e-01
7.8414490038231648e+00 3.6885102524810864e-01
7.8430653747893819e+00 3.6876315727713682e-01
7.8446817457555991e+00 3.6867530567564250e-01
7.8462981167218171e+00 3.6858747044220663e-01
7.8479144876880342e+00 3.6849965157540976e-01
7.8495308586542514e+00 3.6841184907383151e-01
7.8511472296204694e+00 3.6832406293605180e-01
7.8527636005866865e+00 3.6823629316064915e-01
7.8543799715529037e+00 3.6814853974620254e-01
7.8559963425191208e+00 3.6806080269129016e-01
7.8576127134853389e+00 3.6797308199448941e-01
7.8592290844515560e+00 3.6788537765437784e-01
7.8608454554177731e+00 3.6779768966953202e-01
7.8624618263839903e+00 3.6771001803852854e-01
7.8640781973502083e+00 3.6762236275994292e-01
7.8656945683164254e+00 3.6753472383235097e-01
7.8673109392826426e+00 3.6744710125432767e-01
7.8689273102488606e+00 3.6735949502444720e-01
7.8705436812150777e+00 3.6727190514128399e-01
7.8721600521812949e+00 3.6718433160341168e-01
7.8737764231475120e+00 3.6709677440940336e-01
7.8753927941137301e+00 3.6700923355783166e-01
7.8770091650799472e+00 3.6692170904726917e-01
7.8786255360461643e+00 3.6683420087628760e-01
7.8802419070123815e+00 3.6674670904345807e-01
7.8818582779785995e+00 3.6665923354735203e-01
7.8834746489448166e+00 3.6657177438653976e-01
7.8850910199110338e+00 3.6648433155959120e-01
7.8867073908772509e+00 3.6639690506507600e-01
7.8883237618434690e+00 3.6630949490156361e-01
7.8899401328096861e+00 3.6622210106762243e-01
7.8915565037759032e+00 3.6613472356182070e-01
7.8931728747421213e+00 3.6604736238272645e-01
7.8947892457083384e+00 3.6596001752890700e-01
7.8964056166745555e+00 3.6587268899892916e-01
7.8980219876407727e+00 3.6578537679135964e-01
7.8996383586069907e+00 3.6569808090476424e-01
7.9012547295732078e+00 3.6561080133770862e-01
7.9028711005394250e+00 3.6552353808875804e-01
7.9044874715056421e+00 3.6543629115647702e-01
7.9061038424718602e+00 3.6534906053942973e-01
7.9077202134380773e+00 3.6526184623618035e-01
7.9093365844042944e+00 3.6517464824529194e-01
7.9109529553705125e+00 3.6508746656532759e-01
7.9125693263367296e+00 3.6500030119484977e-01
7.9141856973029467e+00 3.6491315213242026e-01
7.9158020682691639e+00 3.6482601937660086e-01
7.9174184392353819e+00 3.6473890292595273e-01
7.9190348102015991e+00 3.6465180277903664e-01
7.9206511811678162e+00 3.6456471893441261e-01
7.9222675521340333e+00 3.6447765139064059e-01
7.9238839231002514e+00 3.6439060014627989e-01
7.9255002940664685e+00 3.6430356519988955e-01
7.9271166650326856e+00 3.6421654655002805e-01
7.9287330359989028e+00 3.6412954419525317e-01
7.9303494069651208e+00 3.6404255813412290e-01
7.9319657779313379e+00 3.6395558836519415e-01
7.9335821488975551e+00 3.6386863488702359e-01
7.9351985198637731e+00 3.6378169769816787e-01
7.9368148908299903e+00 3.6369477679718237e-01
7.9384312617962074e+00 3.6360787218262275e-01
7.9400476327624245e+00 3.6352098385304388e-01
7.9416640037286426e+00 3.6343411180700030e-01
7.9432803746948597e+00 3.6334725604304613e-01
7.9448967456610768e+00 3.6326041655973490e-01
7.9465131166272940e+00 3.6317359335562005e-01
7.9481294875935120e+00 3.6308678642925379e-01
7.9497458585597292e+00 3.6299999577918912e-01
7.9513622295259463e+00 3.6291322140397747e-01
7.9529786004921643e+00 3.6282646330217033e-01
7.9545949714583815e+00 3.6273972147231887e-01
7.9562113424245986e+00 3.6265299591297345e-01
7.9578277133908157e+00 3.6256628662268436e-01
7.9594440843570338e+00 3.6247959360000104e-01
7.9610604553232509e+00 3.6239291684347302e-01
7.9626768262894680e+00 3.6230625635164915e-01
7.9642931972556852e+00 3.6221961212307752e-01
7.9659095682219032e+00 3.6213298415630601e-01
7.9675259391881204e+00 3.6204637244988247e-01
7.9691423101543375e+00 3.6195977700235371e-01
7.9707586811205546e+00 3.6187319781226657e-01
7.9723750520867727e+00 3.6178663487816692e-01
7.9739914230529898e+00 3.6170008819860083e-01
7.9756077940192069e+00 3.6161355777211335e-01
7.9772241649854250e+00 3.6152704359724935e-01
7.9788405359516421e+00 3.6144054567255363e-01
7.9804569069178592e+00 3.6135406399656983e-01
7.9820732778840764e+00 3.6126759856784174e-01
7.9836896488502944e+00 3.6118114938491230e-01
7.9853060198165116e+00 3.6109471644632440e-01
7.9869223907827287e+00 3.6100829975062038e-01
7.9885387617489458e+00 3.6092189929634161e-01
7.9901551327151639e+00 3.6083551508202999e-01
7.9917715036813810e+00 3.6074914710622624e-01
7.9933878746475981e+00 3.6066279536747103e-01
7.9950042456138162e+00 3.6057645986430431e-01
7.9966206165800333e+00 3.6049014059526580e-01
7.9982369875462505e+00 3.6040383755889482e-01
7.9998533585124676e+00 3.6031755075373006e-01
8.0014697294786856e+00 3.6023128017830974e-01
8.0030861004449036e+00 3.6014502583117214e-01
8.0047024714111199e+00 3.6005878771085470e-01
8.0063188423773379e+00 3.5997256581589421e-01
8.0079352133435560e+00 3.5988636014482756e-01
8.0095515843097722e+00 3.5980017069619086e-01
8.0111679552759902e+00 3.5971399746851995e-01
8.0127843262422065e+00 3.5962784046035018e-01
8.0144006972084245e+00 3.5954169967021632e-01
8.0160170681746425e+00 3.5945557509665282e-01
8.0176334391408588e+00 3.5936946673819414e-01
8.0192498101070768e+00 3.5928337459337351e-01
8.0208661810732949e+00 3.5919729866072414e-01
8.0224825520395111e+00 3.5911123893877911e-01
8.0240989230057291e+00 3.5902519542607020e-01
8.0257152939719472e+00 3.5893916812112980e-01
8.0273316649381634e+00 3.5885315702248932e-01
8.0289480359043814e+00 3.5876716212867943e-01
8.0305644068705977e+00 3.5868118343823124e-01
8.0321807778368157e+00 3.5859522094967472e-01
8.0337971488030337e+00 3.5850927466153953e-01
8.0354135197692500e+00 3.5842334457235520e-01
8.0370298907354680e+00 3.5833743068065055e-01
8.0386462617016861e+00 3.5825153298495382e-01
8.0402626326679023e+00 3.5816565148379348e-01
8.0418790036341203e+00 3.5807978617569680e-01
8.0434953746003384e+00 3.5799393705919114e-01
8.0451117455665546e+00 3.5790810413280316e-01
8.0467281165327726e+00 3.5782228739505956e-01
8.0483444874989889e+00 3.5773648684448578e-01
8.0499608584652069e+00 3.5765070247960751e-01
8.0515772294314250e+00 3.5756493429894975e-01
8.0531936003976412e+00 3.5747918230103726e-01
8.0548099713638592e+00 3.5739344648439392e-01
8.0564263423300773e+00 3.5730772684754397e-01
8.0580427132962935e+00 3.5722202338901066e-01
8.0596590842625115e+00 3.5713633610731654e-01
8.0612754552287296e+00 3.5705066500098454e-01
8.0628918261949458e+00 3.5696501006853681e-01
8.0645081971611638e+00 3.5687937130849440e-01
8.0661245681273801e+00 3.5679374871937930e-01
8.0677409390935981e+00 3.5670814229971176e-01
8.0693573100598162e+00 3.5662255204801235e-01
8.0709736810260324e+00 3.5653697796280126e-01
8.0725900519922504e+00 3.5645142004259761e-01
8.0742064229584685e+00 3.5636587828592081e-01
8.0758227939246847e+00 3.5628035269128960e-01
8.0774391648909027e+00 3.5619484325722195e-01
8.0790555358571208e+00 3.5610934998223581e-01
8.0806719068233370e+00 3.5602387286484899e-01
8.0822882777895551e+00 3.5593841190357794e-01
8.0839046487557713e+00 3.5585296709693964e-01
8.0855210197219893e+00 3.5576753844344999e-01
8.0871373906882074e+00 3.5568212594162479e-01
8.0887537616544236e+00 3.5559672958997957e-01
8.0903701326206416e+00 3.5551134938702905e-01
8.0919865035868597e+00 3.5542598533128761e-01
8.0936028745530759e+00 3.5534063742126948e-01
8.0952192455192939e+00 3.5525530565548824e-01
8.0968356164855120e+00 3.5516999003245714e-01
8.0984519874517282e+00 3.5508469055068898e-01
8.1000683584179463e+00 3.5499940720869599e-01
8.1016847293841625e+00 3.5491414000499022e-01
8.1033011003503805e+00 3.5482888893808329e-01
8.1049174713165986e+00 3.5474365400648605e-01
8.1065338422828148e+00 3.5465843520870960e-01
8.1081502132490328e+00 3.5457323254326412e-01
8.1097665842152509e+00 3.5448804600865902e-01
8.1113829551814671e+00 3.5440287560340450e-01
8.1129993261476852e+00 3.5431772132600897e-01
8.1146156971139014e+00 3.5423258317498135e-01
8.1162320680801194e+00 3.5414746114882939e-01
8.1178484390463375e+00 3.5406235524606144e-01
8.1194648100125537e+00 3.5397726546518476e-01
8.1210811809787717e+00 3.5389219180470588e-01
8.1226975519449898e+00 3.5380713426313165e-01
8.1243139229112060e+00 3.5372209283896833e-01
8.1259302938774240e+00 3.5363706753072111e-01
8.1275466648436421e+00 3.5355205833689551e-01
8.1291630358098583e+00 3.5346706525599658e-01
8.1307794067760764e+00 3.5338208828652856e-01
8.1323957777422926e+00 3.5329712742699548e-01
8.1340121487085106e+00 3.5321218267590093e-01
8.1356285196747287e+00 3.5312725403174833e-01
8.1372448906409449e+00 3.5304234149304026e-01
8.1388612616071629e+00 3.5295744505827908e-01
8.1404776325733810e+00 3.5287256472596679e-01
8.1420940035395972e+00 3.5278770049460478e-01
8.1437103745058153e+00 3.5270285236269444e-01
8.1453267454720333e+00 3.5261802032873618e-01
8.1469431164382495e+00 3.5253320439123076e-01
8.1485594874044676e+00 3.5244840454867743e-01
8.1501758583706838e+00 3.5236362079957634e-01
8.1517922293369018e+00 3.5227885314242591e-01
8.1534086003031199e+00 3.5219410157572512e-01
8.1550249712693361e+00 3.5210936609797233e-01
8.1566413422355541e+00 3.5202464670766503e-01
8.1582577132017722e+00 3.5193994340330070e-01
8.1598740841679884e+00 3.5185525618337660e-01
8.1614904551342065e+00 3.5177058504638897e-01
8.1631068261004245e+00 3.5168592999083415e-01
8.1647231970666407e+00 3.5160129101520793e-01
8.1663395680328588e+00 3.5151666811800564e-01
8.1679559389990750e+00 3.5143206129772209e-01
8.1695723099652930e+00 3.5134747055285204e-01
8.1711886809315111e+00 3.5126289588188925e-01
8.1728050518977273e+00 3.5117833728332787e-01
8.1744214228639454e+00 3.5109379475566083e-01
8.1760377938301634e+00 3.5100926829738133e-01
8.1776541647963796e+00 3.5092475790698152e-01
8.1792705357625977e+00 3.5084026358295367e-01
8.1808869067288157e+00 3.5075578532378943e-01
8.1825032776950319e+00 3.5067132312797994e-01
8.1841196486612500e+00 3.5058687699401614e-01
8.1857360196274662e+00 3.5050244692038846e-01
8.1873523905936842e+00 3.5041803290558682e-01
8.1889687615599023e+00 3.5033363494810099e-01
8.1905851325261185e+00 3.5024925304642013e-01
8.1922015034923366e+00 3.5016488719903294e-01
8.1938178744585546e+00 3.5008053740442785e-01
8.1954342454247708e+00 3.4999620366109291e-01
8.1970506163909889e+00 3.4991188596751571e-01
8.1986669873572051e+00 3.4982758432218336e-01
8.2002833583234231e+00 3.4974329872358267e-01
8.2018997292896412e+00 3.4965902917019975e-01
8.2035161002558574e+00 3.4957477566052109e-01
8.2051324712220755e+00 3.4949053819303183e-01
8.2067488421882935e+00 3.4940631676621692e-01
8.2083652131545097e+00 3.4932211137856178e-01
8.2099815841207278e+00 3.4923792202855014e-01
8.2115979550869458e+00 3.4915374871466598e-01
8.2132143260531620e+00 3.4906959143539318e-01
8.2148306970193801e+00 3.4898545018921445e-01
8.2164470679855963e+00 3.4890132497461274e-01
8.2180634389518143e+00 3.4881721579007036e-01
8.2196798099180324e+00 3.4873312263406897e-01
8.2212961808842486e+00 3.4864904550509040e-01
8.2229125518504667e+00 3.4856498440161554e-01
8.2245289228166847e+00 3.4848093932212509e-01
8.2261452937829009e+00 3.4839691026509934e-01
8.2277616647491190e+00 3.4831289722901826e-01
8.2293780357153370e+00 3.4822890021236125e-01
8.2309944066815532e+00 3.4814491921360730e-01
8.2326107776477713e+00 3.4806095423123529e-01
8.2342271486139875e+00 3.4797700526372360e-01
8.2358435195802056e+00 3.4789307230954941e-01
8.2374598905464236e+00 3.4780915536719098e-01
8.2390762615126398e+00 3.4772525443512520e-01
8.2406926324788579e+00 3.4764136951182834e-01
8.2423090034450759e+00 3.4755750059577706e-01
8.2439253744112921e+00 3.4747364768544731e-01
8.2455417453775102e+00 3.4738981077931402e-01
8.2471581163437282e+00 3.4730598987585265e-01
8.2487744873099444e+00 3.4722218497353791e-01
8.2503908582761625e+00 3.4713839607084374e-01
8.2520072292423787e+00 3.4705462316624452e-01
8.2536236002085968e+00 3.4697086625821305e-01
8.2552399711748148e+00 3.4688712534522287e-01
8.2568563421410310e+00 3.4680340042574659e-01
8.2584727131072491e+00 3.4671969149825632e-01
8.2600890840734671e+00 3.4663599856122401e-01
8.2617054550396833e+00 3.4655232161312122e-01
8.2633218260059014e+00 3.4646866065241883e-01
8.2649381969721194e+00 3.4638501567758739e-01
8.2665545679383357e+00 3.4630138668709776e-01
8.2681709389045537e+00 3.4621777367941925e-01
8.2697873098707699e+00 3.4613417665302160e-01
8.2714036808369880e+00 3.4605059560637375e-01
8.2730200518032060e+00 3.4596703053794436e-01
8.2746364227694222e+00 3.4588348144620201e-01
8.2762527937356403e+00 3.4579994832961419e-01
8.2778691647018583e+00 3.4571643118664874e-01
8.2794855356680745e+00 3.4563293001577250e-01
8.2811019066342926e+00 3.4554944481545241e-01
8.2827182776005106e+00 3.4546597558415443e-01
8.2843346485667269e+00 3.4538252232034466e-01
8.2859510195329449e+00 3.4529908502248879e-01
8.2875673904991611e+00 3.4521566368905182e-01
8.2891837614653792e+00 3.4513225831849820e-01
8.2908001324315972e+00 3.4504886890929259e-01
8.2924165033978134e+00 3.4496549545989891e-01
8.2940328743640315e+00 3.4488213796878048e-01
8.2956492453302495e+00 3.4479879643440059e-01
8.2972656162964658e+00 3.4471547085522197e-01
8.2988819872626838e+00 3.4463216122970697e-01
8.3004983582289000e+00 3.4454886755631753e-01
8.3021147291951181e+00 3.4446558983351522e-01
8.3037311001613361e+00 3.4438232805976138e-01
8.3053474711275523e+00 3.4429908223351652e-01
8.3069638420937704e+00 3.4421585235324126e-01
8.3085802130599884e+00 3.4413263841739533e-01
8.3101965840262046e+00 3.4404944042443875e-01
8.3118129549924227e+00 3.4396625837283018e-01
8.3134293259586407e+00 3.4388309226102887e-01
8.3150456969248570e+00 3.4379994208749343e-01
8.3166620678910750e+00 3.4371680785068132e-01
8.3182784388572912e+00 3.4363368954905038e-01
8.3198948098235093e+00 3.4355058718105813e-01
8.3215111807897273e+00 3.4346750074516119e-01
8.3231275517559435e+00 3.4338443023981607e-01
8.3247439227221616e+00 3.4330137566347890e-01
8.3263602936883796e+00 3.4321833701460530e-01
8.3279766646545959e+00 3.4313531429165073e-01
8.3295930356208139e+00 3.4305230749306992e-01
8.3312094065870319e+00 3.4296931661731755e-01
8.3328257775532482e+00 3.4288634166284754e-01
8.3344421485194662e+00 3.4280338262811388e-01
8.3360585194856824e+00 3.4272043951156994e-01
8.3376748904519005e+00 3.4263751231166828e-01
8.3392912614181185e+00 3.4255460102686197e-01
8.3409076323843347e+00 3.4247170565560292e-01
8.3425240033505528e+00 3.4238882619634309e-01
8.3441403743167708e+00 3.4230596264753366e-01
8.3457567452829871e+00 3.4222311500762603e-01
8.3473731162492051e+00 3.4214028327507046e-01
8.3489894872154231e+00 3.4205746744831733e-01
8.3506058581816394e+00 3.4197466752581668e-01
8.3522222291478574e+00 3.4189188350601757e-01
8.3538386001140736e+00 3.4180911538736969e-01
8.3554549710802917e+00 3.4172636316832133e-01
8.3570713420465097e+00 3.4164362684732069e-01
8.3586877130127260e+00 3.4156090642281606e-01
8.3603040839789440e+00 3.4147820189325490e-01
8.3619204549451620e+00 3.4139551325708400e-01
8.3635368259113783e+00 3.4131284051275085e-01
8.3651531968775963e+00 3.4123018365870128e-01
8.3667695678438143e+00 3.4114754269338121e-01
8.3683859388100306e+00 3.4106491761523688e-01
8.3700023097762486e+00 3.4098230842271288e-01
8.3716186807424648e+00 3.4089971511425454e-01
8.3732350517086829e+00 3.4081713768830585e-01
8.3748514226749009e+00 3.4073457614331121e-01
8.3764677936411172e+00 3.4065203047771436e-01
8.3780841646073352e+00 3.4056950068995839e-01
8.3797005355735532e+00 3.4048698677848660e-01
8.3813169065397695e+00 3.4040448874174095e-01
8.3829332775059875e+00 3.4032200657816419e-01
8.3845496484722037e+00 3.4023954028619791e-01
8.3861660194384218e+00 3.4015708986428334e-01
8.3877823904046398e+00 3.4007465531086162e-01
8.3893987613708561e+00 3.3999223662437339e-01
8.3910151323370741e+00 3.3990983380325906e-01
8.3926315033032921e+00 3.3982744684595806e-01
8.3942478742695084e+00 3.3974507575091056e-01
8.3958642452357264e+00 3.3966272051655488e-01
8.3974806162019444e+00 3.3958038114133027e-01
8.3990969871681607e+00 3.3949805762367530e-01
8.4007133581343787e+00 3.3941574996202722e-01
8.4023297291005967e+00 3.3933345815482413e-01
8.4039461000668130e+00 3.3925118220050310e-01
8.4055624710330310e+00 3.3916892209750099e-01
8.4071788419992490e+00 3.3908667784425417e-01
8.4087952129654653e+00 3.3900444943919872e-01
8.4104115839316833e+00 3.3892223688077044e-01
8.4120279548979013e+00 3.3884004016740460e-01
8.4136443258641176e+00 3.3875785929753610e-01
8.4152606968303356e+00 3.3867569426959943e-01
8.4168770677965519e+00 3.3859354508202882e-01
8.4184934387627699e+00 3.3851141173325811e-01
8.4201098097289879e+00 3.3842929422172069e-01
8.4217261806952042e+00 3.3834719254584961e-01
8.4233425516614222e+00 3.3826510670407745e-01
8.4249589226276402e+00 3.3818303669483640e-01
8.4265752935938565e+00 3.3810098251655868e-01
8.4281916645600745e+00 3.3801894416767564e-01
8.4298080355262925e+00 3.3793692164661837e-01
8.4314244064925088e+00 3.3785491495181791e-01
8.4330407774587268e+00 3.3777292408170440e-01
8.4346571484249431e+00 3.3769094903470798e-01
8.4362735193911611e+00 3.3760898980925802e-01
8.4378898903573791e+00 3.3752704640378434e-01
8.4395062613235954e+00 3.3744511881671546e-01
8.4411226322898134e+00 3.3736320704647976e-01
8.4427390032560314e+00 3.3728131109150572e-01
8.4443553742222477e+00 3.3719943095022104e-01
8.4459717451884657e+00 3.3711756662105291e-01
8.4475881161546820e+00 3.3703571810242872e-01
8.4492044871209000e+00 3.3695388539277482e-01
8.4508208580871180e+00 3.3687206849051732e-01
8.4524372290533343e+00 3.3679026739408269e-01
8.4540536000195523e+00 3.3670848210189597e-01
8.4556699709857703e+00 3.3662671261238231e-01
8.4572863419519866e+00 3.3654495892396691e-01
8.4589027129182046e+00 3.3646322103507376e-01
8.4605190838844226e+00 3.3638149894412700e-01
8.4621354548506389e+00 3.3629979264955057e-01
8.4637518258168569e+00 3.3621810214976727e-01
8.4653681967830732e+00 3.3613642744320044e-01
8.4669845677492912e+00 3.3605476852827237e-01
8.4686009387155092e+00 3.3597312540340524e-01
8.4702173096817255e+00 3.3589149806702101e-01
8.4718336806479435e+00 3.3580988651754096e-01
8.4734500516141615e+00 3.3572829075338617e-01
8.4750664225803778e+00 3.3564671077297747e-01
8.4766827935465958e+00 3.3556514657473502e-01
8.4782991645128138e+00 3.3548359815707873e-01
8.4799155354790301e+00 3.3540206551842833e-01
8.4815319064452481e+00 3.3532054865720295e-01
8.4831482774114644e+00 3.3523904757182144e-01
8.4847646483776824e+00 3.3515756226070220e-01
8.4863810193439004e+00 3.3507609272226330e-01
8.4879973903101167e+00 3.3499463895492265e-01
8.4896137612763347e+00 3.3491320095709753e-01
8.4912301322425527e+00 3.3483177872720477e-01
8.4928465032087690e+00 3.3475037226366122e-01
8.4944628741749870e+00 3.3466898156488284e-01
8.4960792451412050e+00 3.3458760662928577e-01
8.4976956161074213e+00 3.3450624745528551e-01
8.4993119870736393e+00 3.3442490404129716e-01
8.5009283580398556e+00 3.3434357638573542e-01
8.5025447290060736e+00 3.3426226448701468e-01
8.5041610999722916e+00 3.3418096834354921e-01
8.5057774709385079e+00 3.3409968795375250e-01
8.5073938419047259e+00 3.3401842331603782e-01
8.5090102128709439e+00 3.3393717442881821e-01
8.5106265838371602e+00 3.3385594129050644e-01
8.5122429548033782e+00 3.3377472389951429e-01
8.5138593257695963e+00 3.3369352225425380e-01
8.5154756967358125e+00 3.3361233635313664e-01
8.5170920677020305e+00 3.3353116619457346e-01
8.5187084386682468e+00 3.3345001177697564e-01
8.5203248096344648e+00 3.3336887309875318e-01
8.5219411806006828e+00 3.3328775015831602e-01
8.5235575515668991e+00 3.3320664295407393e-01
8.5251739225331171e+00 3.3312555148443646e-01
8.5267902934993351e+00 3.3304447574781199e-01
8.5284066644655514e+00 3.3296341574260946e-01
8.5300230354317694e+00 3.3288237146723687e-01
8.5316394063979875e+00 3.3280134292010227e-01
8.5332557773642037e+00 3.3272033009961310e-01
8.5348721483304217e+00 3.3263933300417636e-01
8.5364885192966380e+00 3.3255835163219882e-01
8.5381048902628560e+00 3.3247738598208670e-01
8.5397212612290740e+00 3.3239643605224628e-01
8.5413376321952903e+00 3.3231550184108333e-01
8.5429540031615083e+00 3.3223458334700257e-01
8.5445703741277264e+00 3.3215368056840927e-01
8.5461867450939426e+00 3.3207279350370844e-01
8.5478031160601606e+00 3.3199192215130341e-01
8.5494194870263769e+00 3.3191106650959884e-01
8.5510358579925949e+00 3.3183022657699762e-01
8.5526522289588129e+00 3.3174940235190298e-01
8.5542685999250292e+00 3.3166859383271818e-01
8.5558849708912472e+00 3.3158780101784507e-01
8.5575013418574652e+00 3.3150702390568576e-01
8.5591177128236815e+00 3.3142626249464213e-01
8.5607340837898995e+00 3.3134551678311547e-01
8.5623504547561176e+00 3.3126478676950649e-01
8.5639668257223338e+00 3.3118407245221620e-01
8.5655831966885518e+00 3.3110337382964461e-01
8.5671995676547681e+00 3.3102269090019143e-01
8.5688159386209861e+00 3.3094202366225661e-01
8.5704323095872041e+00 3.3086137211423894e-01
8.5720486805534204e+00 3.3078073625453747e-01
8.5736650515196384e+00 3.3070011608155031e-01
8.5752814224858565e+00 3.3061951159367603e-01
8.5768977934520727e+00 3.3053892278931218e-01
8.5785141644182907e+00 3.3045834966685589e-01
8.5801305353845088e+00 3.3037779222470448e-01
8.5817469063507250e+00 3.3029725046125447e-01
8.5833632773169430e+00 3.3021672437490224e-01
8.5849796482831593e+00 3.3013621396404375e-01
8.5865960192493773e+00 3.3005571922707438e-01
8.5882123902155953e+00 3.2997524016238955e-01
8.5898287611818116e+00 3.2989477676838425e-01
8.5914451321480296e+00 3.2981432904345270e-01
8.5930615031142477e+00 3.2973389698598926e-01
8.5946778740804639e+00 3.2965348059438776e-01
8.5962942450466819e+00 3.2957307986704160e-01
8.5979106160129000e+00 3.2949269480234378e-01
8.5995269869791162e+00 3.2941232539868720e-01
8.6011433579453342e+00 3.2933197165446426e-01
8.6027597289115505e+00 3.2925163356806680e-01
8.6043760998777685e+00 3.2917131113788689e-01
8.6059924708439866e+00 3.2909100436231542e-01
8.6076088418102028e+00 3.2901071323974340e-01
8.6092252127764208e+00 3.2893043776856190e-01
8.6108415837426389e+00 3.2885017794716065e-01
8.6124579547088551e+00 3.2876993377392993e-01
8.6140743256750731e+00 3.2868970524725910e-01
8.6156906966412912e+00 3.2860949236553738e-01
8.6173070676075074e+00 3.2852929512715379e-01
8.6189234385737254e+00 3.2844911353049677e-01
8.6205398095399417e+00 3.2836894757395435e-01
8.6221561805061597e+00 3.2828879725591426e-01
8.6237725514723778e+00 3.2820866257476417e-01
8.6253889224385940e+00 3.2812854352889109e-01
8.6270052934048120e+00 3.2804844011668172e-01
8.6286216643710301e+00 3.2796835233652250e-01
8.6302380353372463e+00 3.2788828018679961e-01
8.6318544063034643e+00 3.2780822366589835e-01
8.6334707772696806e+00 3.2772818277220461e-01
8.6350871482358986e+00 3.2764815750410275e-01
8.6367035192021167e+00 3.2756814785997779e-01
8.6383198901683329e+00 3.2748815383821417e-01
8.6399362611345509e+00 3.2740817543719525e-01
8.6415526321007690e+00 3.2732821265530521e-01
8.6431690030669852e+00 3.2724826549092706e-01
8.6447853740332032e+00 3.2716833394244355e-01
8.6464017449994213e+00 3.2708841800823746e-01
8.6480181159656375e+00 3.2700851768669109e-01
8.6496344869318555e+00 3.2692863297618574e-01
8.6512508578980718e+00 3.2684876387510342e-01
8.6528672288642898e+00 3.2676891038182504e-01
8.6544835998305079e+00 3.2668907249473145e-01
8.6560999707967241e+00 3.2660925021220322e-01
8.6577163417629421e+00 3.2652944353262026e-01
8.6593327127291602e+00 3.2644965245436230e-01
8.6609490836953764e+00 3.2636987697580910e-01
8.6625654546615944e+00 3.2629011709533934e-01
8.6641818256278125e+00 3.2621037281133186e-01
8.6657981965940287e+00 3.2613064412216525e-01
8.6674145675602468e+00 3.2605093102621724e-01
8.6690309385264630e+00 3.2597123352186547e-01
8.6706473094926810e+00 3.2589155160748756e-01
8.6722636804588991e+00 3.2581188528146032e-01
8.6738800514251153e+00 3.2573223454216033e-01
8.6754964223913333e+00 3.2565259938796409e-01
8.6771127933575514e+00 3.2557297981724737e-01
8.6787291643237676e+00 3.2549337582838600e-01
8.6803455352899856e+00 3.2541378741975485e-01
8.6819619062562037e+00 3.2533421458972922e-01
8.6835782772224199e+00 3.2525465733668352e-01
8.6851946481886380e+00 3.2517511565899193e-01
8.6868110191548542e+00 3.2509558955502854e-01
8.6884273901210722e+00 3.2501607902316648e-01
8.6900437610872903e+00 3.2493658406177944e-01
8.6916601320535065e+00 3.2485710466924017e-01
8.6932765030197245e+00 3.2477764084392063e-01
8.6948928739859426e+00 3.2469819258419369e-01
8.6965092449521588e+00 3.2461875988843109e-01
8.6981256159183769e+00 3.2453934275500379e-01
8.6997419868845949e+00 3.2445994118228333e-01
8.7013583578508111e+00 3.2438055516864078e-01
8.7029747288170292e+00 3.2430118471244590e-01
8.7045910997832454e+00 3.2422182981206932e-01
8.7062074707494634e+00 3.2414249046588084e-01
8.7078238417156815e+00 3.2406316667224944e-01
8.7094402126818977e+00 3.2398385842954464e-01
8.7110565836481157e+00 3.2390456573613530e-01
8.7126729546143338e+00 3.2382528859038923e-01
8.7142893255805500e+00 3.2374602699067501e-01
8.7159056965467681e+00 3.2366678093536033e-01
8.7175220675129861e+00 3.2358755042281229e-01
8.7191384384792023e+00 3.2350833545139829e-01
8.7207548094454204e+00 3.2342913601948492e-01
8.7223711804116366e+00 3.2334995212543843e-01
8.7239875513778546e+00 3.2327078376762486e-01
8.7256039223440727e+00 3.2319163094441022e-01
8.7272202933102889e+00 3.2311249365415939e-01
8.7288366642765070e+00 3.2303337189523773e-01
8.7304530352427250e+00 3.2295426566600993e-01
8.7320694062089412e+00 3.2287517496484031e-01
8.7336857771751593e+00 3.2279609979009261e-01
8.7353021481413755e+00 3.2271704014013092e-01
8.7369185191075935e+00 3.2263799601331805e-01
8.7385348900738116e+00 3.2255896740801737e-01
8.7401512610400278e+00 3.2247995432259158e-01
8.7417676320062458e+00 3.2240095675540292e-01
8.7433840029724639e+00 3.2232197470481311e-01
8.7450003739386801e+00 3.2224300816918428e-01
8.7466167449048982e+00 3.2216405714687724e-01
8.7482331158711162e+00 3.2208512163625308e-01
8.7498494868373324e+00 3.2200620163567295e-01
8.7514658578035505e+00 3.2192729714349649e-01
8.7530822287697667e+00 3.2184840815808402e-01
8.7546985997359847e+00 3.2176953467779507e-01
8.7563149707022028e+00 3.2169067670098900e-01
8.7579313416684190e+00 3.2161183422602468e-01
8.7595477126346371e+00 3.2153300725126083e-01
8.7611640836008551e+00 3.2145419577505574e-01
8.7627804545670713e+00 3.2137539979576724e-01
8.7643968255332894e+00 3.2129661931175313e-01
8.7660131964995074e+00 3.2121785432137062e-01
8.7676295674657236e+00 3.2113910482297675e-01
8.7692459384319417e+00 3.2106037081492805e-01
8.7708623093981579e+00 3.2098165229558073e-01
8.7724786803643759e+00 3.2090294926329099e-01
8.7740950513305940e+00 3.2082426171641426e-01
8.7757114222968102e+00 3.2074558965330602e-01
8.7773277932630283e+00 3.2066693307232103e-01
8.7789441642292463e+00 3.2058829197181393e-01
8.7805605351954625e+00 3.2050966635013917e-01
8.7821769061616806e+00 3.2043105620565054e-01
8.7837932771278986e+00 3.2035246153670194e-01
8.7854096480941148e+00 3.2027388234164644e-01
8.7870260190603329e+00 3.2019531861883721e-01
8.7886423900265491e+00 3.2011677036662672e-01
8.7902587609927672e+00 3.2003823758336736e-01
8.7918751319589852e+00 3.1995972026741093e-01
8.7934915029252014e+00 3.1988121841710937e-01
8.7951078738914195e+00 3.1980273203081389e-01
8.7967242448576375e+00 3.1972426110687541e-01
8.7983406158238537e+00 3.1964580564364475e-01
8.7999569867900718e+00 3.1956736563947208e-01
8.8015733577562898e+00 3.1948894109270753e-01
8.8031897287225060e+00 3.1941053200170072e-01
8.8048060996887241e+00 3.1933213836480084e-01
8.8064224706549403e+00 3.1925376018035728e-01
8.8080388416211584e+00 3.1917539744671830e-01
8.8096552125873764e+00 3.1909705016223266e-01
8.8112715835535926e+00 3.1901871832524820e-01
8.8128879545198107e+00 3.1894040193411249e-01
8.8145043254860287e+00 3.1886210098717321e-01
8.8161206964522449e+00 3.1878381548277729e-01
8.8177370674184630e+00 3.1870554541927121e-01
8.8193534383846792e+00 3.1862729079500168e-01
8.8209698093508973e+00 3.1854905160831481e-01
8.8225861803171153e+00 3.1847082785755587e-01
8.8242025512833315e+00 3.1839261954107106e-01
8.8258189222495496e+00 3.1831442665720483e-01
8.8274352932157676e+00 3.1823624920430194e-01
8.8290516641819838e+00 3.1815808718070743e-01
8.8306680351482019e+00 3.1807994058476469e-01
8.8322844061144199e+00 3.1800180941481793e-01
8.8339007770806361e+00 3.1792369366921064e-01
8.8355171480468542e+00 3.1784559334628576e-01
8.8371335190130704e+00 3.1776750844438623e-01
8.8387498899792885e+00 3.1768943896185459e-01
8.8403662609455065e+00 3.1761138489703261e-01
8.8419826319117227e+00 3.1753334624826274e-01
8.8435990028779408e+00 3.1745532301388613e-01
8.8452153738441588e+00 3.1737731519224399e-01
8.8468317448103750e+00 3.1729932278167727e-01
8.8484481157765931e+00 3.1722134578052658e-01
8.8500644867428111e+00 3.1714338418713189e-01
8.8516808577090274e+00 3.1706543799983344e-01
8.8532972286752454e+00 3.1698750721697072e-01
8.8549135996414616e+00 3.1690959183688266e-01
8.8565299706076797e+00 3.1683169185790871e-01
8.8581463415738977e+00 3.1675380727838715e-01
8.8597627125401139e+00 3.1667593809665634e-01
8.8613790835063320e+00 3.1659808431105418e-01
8.8629954544725500e+00 3.1652024591991845e-01
8.8646118254387662e+00 3.1644242292158664e-01
8.8662281964049843e+00 3.1636461531439530e-01
8.8678445673712023e+00 3.1628682309668144e-01
8.8694609383374186e+00 3.1620904626678131e-01
8.8710773093036366e+00 3.1613128482303104e-01
8.8726936802698528e+00 3.1605353876376646e-01
8.8743100512360709e+00 3.1597580808732262e-01
8.8759264222022889e+00 3.1589809279203496e-01
8.8775427931685051e+00 3.1582039287623814e-01
8.8791591641347232e+00 3.1574270833826629e-01
8.8807755351009412e+00 3.1566503917645400e-01
8.8823919060671574e+00 3.1558738538913506e-01
8.8840082770333755e+00 3.1550974697464262e-01
8.8856246479995935e+00 3.1543212393131004e-01
8.8872410189658098e+00 3.1535451625747030e-01
8.8888573899320278e+00 3.1527692395145557e-01
8.8904737608982440e+00 3.1519934701159857e-01
8.8920901318644621e+00 3.1512178543623087e-01
8.8937065028306801e+00 3.1504423922368391e-01
8.8953228737968963e+00 3.1496670837228941e-01
8.8969392447631144e+00 3.1488919288037809e-01
8.8985556157293324e+00 3.1481169274628024e-01
8.9001719866955487e+00 3.1473420796832668e-01
8.9017883576617667e+00 3.1465673854484738e-01
8.9034047286279847e+00 3.1457928447417177e-01
8.9050210995942010e+00 3.1450184575462925e-01
8.9066374705604190e+00 3.1442442238454904e-01
8.9082538415266352e+00 3.1434701436225976e-01
8.9098702124928533e+00 3.1426962168608985e-01
8.9114865834590713e+00 3.1419224435436727e-01
8.9131029544252875e+00 3.1411488236542012e-01
8.9147193253915056e+00 3.1403753571757553e-01
8.9163356963577236e+00 3.1396020440916100e-01
8.9179520673239399e+00 3.1388288843850315e-01
8.9195684382901579e+00 3.1380558780392859e-01
8.9211848092563741e+00 3.1372830250376349e-01
8.9228011802225922e+00 3.1365103253633386e-01
8.9244175511888102e+00 3.1357377789996499e-01
8.9260339221550264e+00 3.1349653859298271e-01
8.9276502931212445e+00 3.1341931461371136e-01
8.9292666640874625e+00 3.1334210596047596e-01
8.9308830350536788e+00 3.1326491263160100e-01
8.9324994060198968e+00 3.1318773462541000e-01
8.9341157769861148e+00 3.1311057194022701e-01
8.9357321479523311e+00 3.1303342457437555e-01
8.9373485189185491e+00 3.1295629252617829e-01
8.9389648898847653e+00 3.1287917579395852e-01
8.9405812608509834e+00 3.1280207437603835e-01
8.9421976318172014e+00 3.1272498827073975e-01
8.9438140027834176e+00 3.1264791747638510e-01
8.9454303737496357e+00 3.1257086199129569e-01
8.9470467447158537e+00 3.1249382181379254e-01
8.9486631156820700e+00 3.1241679694219687e-01
8.9502794866482880e+00 3.1233978737482909e-01
8.9518958576145060e+00 3.1226279311000948e-01
8.9535122285807223e+00 3.1218581414605823e-01
8.9551285995469403e+00 3.1210885048129489e-01
8.9567449705131565e+00 3.1203190211403881e-01
8.9583613414793746e+00 3.1195496904260889e-01
8.9599777124455926e+00 3.1187805126532409e-01
8.9615940834118089e+00 3.1180114878050286e-01
8.9632104543780269e+00 3.1172426158646310e-01
8.9648268253442449e+00 3.1164738968152278e-01
8.9664431963104612e+00 3.1157053306399951e-01
8.9680595672766792e+00 3.1149369173221042e-01
8.9696759382428972e+00 3.1141686568447213e-01
8.9712923092091135e+00 3.1134005491910177e-01
8.9729086801753315e+00 3.1126325943441507e-01
8.9745250511415477e+00 3.1118647922872833e-01
8.9761414221077658e+00 3.1110971430035711e-01
8.9777577930739838e+00 3.1103296464761659e-01
8.9793741640402001e+00 3.1095623026882219e-01
8.9809905350064181e+00 3.1087951116228857e-01
8.9826069059726361e+00 3.1080280732632992e-01
8.9842232769388524e+00 3.1072611875926054e-01
8.9858396479050704e+00 3.1064944545939427e-01
8.9874560188712884e+00 3.1057278742504457e-01
8.9890723898375047e+00 3.1049614465452474e-01
8.9906887608037227e+00 3.1041951714614741e-01
8.9923051317699390e+00 3.1034290489822575e-01
8.9939215027361570e+00 3.1026630790907134e-01
8.9955378737023750e+00 3.1018972617699681e-01
8.9971542446685913e+00 3.1011315970031361e-01
8.9987706156348093e+00 3.1003660847733283e-01
9.0003869866010273e+00 3.0996007250636604e-01
9.0020033575672436e+00 3.0988355178572374e-01
9.0036197285334616e+00 3.0980704631371653e-01
9.0052360994996778e+00 3.0973055608865457e-01
9.0068524704658959e+00 3.0965408110884757e-01
9.0084688414321139e+00 3.0957762137260519e-01
9.0100852123983302e+00 3.0950117687823681e-01
9.0117015833645482e+00 3.0942474762405120e-01
9.0133179543307662e+00 3.0934833360835701e-01
9.0149343252969825e+00 3.0927193482946297e-01
9.0165506962632005e+00 3.0919555128567655e-01
9.0181670672294185e+00 3.0911918297530594e-01
9.0197834381956348e+00 3.0904282989665849e-01
9.0213998091618528e+00 3.0896649204804133e-01
9.0230161801280691e+00 3.0889016942776121e-01
9.0246325510942871e+00 3.0881386203412481e-01
9.0262489220605051e+00 3.0873756986543816e-01
9.0278652930267214e+00 3.0866129292000744e-01
9.0294816639929394e+00 3.0858503119613834e-01
9.0310980349591574e+00 3.0850878469213605e-01
9.0327144059253737e+00 3.0843255340630560e-01
9.0343307768915917e+00 3.0835633733695189e-01
9.0359471478578097e+00 3.0828013648237906e-01
9.0375635188240260e+00 3.0820395084089169e-01
9.0391798897902440e+00 3.0812778041079325e-01
9.0407962607564603e+00 3.0805162519038742e-01
9.0424126317226783e+00 3.0797548517797751e-01
9.0440290026888963e+00 3.0789936037186649e-01
9.0456453736551126e+00 3.0782325077035683e-01
9.0472617446213306e+00 3.0774715637175099e-01
9.0488781155875486e+00 3.0767107717435099e-01
9.0504944865537649e+00 3.0759501317645871e-01
9.0521108575199829e+00 3.0751896437637566e-01
9.0537272284862009e+00 3.0744293077240270e-01
9.0553435994524172e+00 3.0736691236284092e-01
9.0569599704186352e+00 3.0729090914599094e-01
9.0585763413848515e+00 3.0721492112015286e-01
9.0601927123510695e+00 3.0713894828362676e-01
9.0618090833172875e+00 3.0706299063471210e-01
9.0634254542835038e+00 3.0698704817170874e-01
9.0650418252497218e+00 3.0691112089291528e-01
9.0666581962159398e+00 3.0683520879663079e-01
9.0682745671821561e+00 3.0675931188115374e-01
9.0698909381483741e+00 3.0668343014478222e-01
9.0715073091145921e+00 3.0660756358581426e-01
9.0731236800808084e+00 3.0653171220254749e-01
9.0747400510470264e+00 3.0645587599327889e-01
9.0763564220132427e+00 3.0638005495630588e-01
9.0779727929794607e+00 3.0630424908992515e-01
9.0795891639456787e+00 3.0622845839243296e-01
9.0812055349118950e+00 3.0615268286212544e-01
9.0828219058781130e+00 3.0607692249729873e-01
9.0844382768443310e+00 3.0600117729624787e-01
9.0860546478105473e+00 3.0592544725726856e-01
9.0876710187767653e+00 3.0584973237865581e-01
9.0892873897429816e+00 3.0577403265870390e-01
9.0909037607091996e+00 3.0569834809570751e-01
9.0925201316754176e+00 3.0562267868796067e-01
9.0941365026416339e+00 3.0554702443375725e-01
9.0957528736078519e+00 3.0547138533139029e-01
9.0973692445740699e+00 3.0539576137915370e-01
9.0989856155402862e+00 3.0532015257534001e-01
9.1006019865065042e+00 3.0524455891824170e-01
9.1022183574727222e+00 3.0516898040615159e-01
9.1038347284389385e+00 3.0509341703736131e-01
9.1054510994051565e+00 3.0501786881016263e-01
9.1070674703713728e+00 3.0494233572284751e-01
9.1086838413375908e+00 3.0486681777370644e-01
9.1103002123038088e+00 3.0479131496103079e-01
9.1119165832700251e+00 3.0471582728311103e-01
9.1135329542362431e+00 3.0464035473823725e-01
9.1151493252024611e+00 3.0456489732469960e-01
9.1167656961686774e+00 3.0448945504078806e-01
9.1183820671348954e+00 3.0441402788479172e-01
9.1199984381011134e+00 3.0433861585499988e-01
9.1216148090673297e+00 3.0426321894970149e-01
9.1232311800335477e+00 3.0418783716718473e-01
9.1248475509997640e+00 3.0411247050573831e-01
9.1264639219659820e+00 3.0403711896365015e-01
9.1280802929322000e+00 3.0396178253920775e-01
9.1296966638984163e+00 3.0388646123069873e-01
9.1313130348646343e+00 3.0381115503641015e-01
9.1329294058308523e+00 3.0373586395462882e-01
9.1345457767970686e+00 3.0366058798364121e-01
9.1361621477632866e+00 3.0358532712173386e-01
9.1377785187295046e+00 3.0351008136719254e-01
9.1393948896957209e+00 3.0343485071830301e-01
9.1410112606619389e+00 3.0335963517335063e-01
9.1426276316281552e+00 3.0328443473062056e-01
9.1442440025943732e+00 3.0320924938839755e-01
9.1458603735605912e+00 3.0313407914496632e-01
9.1474767445268075e+00 3.0305892399861106e-01
9.1490931154930255e+00 3.0298378394761571e-01
9.1507094864592435e+00 3.0290865899026398e-01
9.1523258574254598e+00 3.0283354912483923e-01
9.1539422283916778e+00 3.0275845434962462e-01
9.1555585993578958e+00 3.0268337466290313e-01
9.1571749703241121e+00 3.0260831006295724e-01
9.1587913412903301e+00 3.0253326054806901e-01
9.1604077122565464e+00 3.0245822611652079e-01
9.1620240832227644e+00 3.0238320676659375e-01
9.1636404541889824e+00 3.0230820249656992e-01
9.1652568251551987e+00 3.0223321330473013e-01
9.1668731961214167e+00 3.0215823918935514e-01
9.1684895670876347e+00 3.0208328014872565e-01
9.1701059380538510e+00 3.0200833618112205e-01
9.1717223090200690e+00 3.0193340728482410e-01
9.1733386799862870e+00 3.0185849345811178e-01
9.1749550509525033e+00 3.0178359469926419e-01
9.1765714219187213e+00 3.0170871100656105e-01
9.1781877928849376e+00 3.0163384237828073e-01
9.1798041638511556e+00 3.0155898881270171e-01
9.1814205348173736e+00 3.0148415030810283e-01
9.1830369057835899e+00 3.0140932686276195e-01
9.1846532767498079e+00 3.0133451847495646e-01
9.1862696477160259e+00 3.0125972514296429e-01
9.1878860186822422e+00 3.0118494686506248e-01
9.1895023896484602e+00 3.0111018363952763e-01
9.1911187606146765e+00 3.0103543546463696e-01
9.1927351315808945e+00 3.0096070233866634e-01
9.1943515025471125e+00 3.0088598425989183e-01
9.1959678735133288e+00 3.0081128122658968e-01
9.1975842444795468e+00 3.0073659323703500e-01
9.1992006154457648e+00 3.0066192028950300e-01
9.2008169864119811e+00 3.0058726238226896e-01
9.2024333573781991e+00 3.0051261951360714e-01
9.2040497283444171e+00 3.0043799168179214e-01
9.2056660993106334e+00 3.0036337888509840e-01
9.2072824702768514e+00 3.0028878112179919e-01
9.2088988412430677e+00 3.0021419839016833e-01
9.2105152122092857e+00 3.0013963068847899e-01
9.2121315831755037e+00 3.0006507801500443e-01
9.2137479541417200e+00 2.9999054036801709e-01
9.2153643251079380e+00 2.9991601774578952e-01
9.2169806960741560e+00 2.9984151014659399e-01
9.2185970670403723e+00 2.9976701756870239e-01
9.2202134380065903e+00 2.9969254001038625e-01
9.2218298089728084e+00 2.9961807746991675e-01
9.2234461799390246e+00 2.9954362994556533e-01
9.2250625509052426e+00 2.9946919743560246e-01
9.2266789218714589e+00 2.9939477993829877e-01
9.2282952928376769e+00 2.9932037745192458e-01
9.2299116638038949e+00 2.9924598997474983e-01
9.2315280347701112e+00 2.9917161750504406e-01
9.2331444057363292e+00 2.9909726004107667e-01
9.2347607767025472e+00 2.9902291758111715e-01
9.2363771476687635e+00 2.9894859012343400e-01
9.2379935186349815e+00 2.9887427766629593e-01
9.2396098896011996e+00 2.9879998020797133e-01
9.2412262605674158e+00 2.9872569774672819e-01
9.2428426315336338e+00 2.9865143028083402e-01
9.2444590024998501e+00 2.9857717780855697e-01
9.2460753734660681e+00 2.9850294032816344e-01
9.2476917444322861e+00 2.9842871783792085e-01
9.2493081153985024e+00 2.9835451033609600e-01
9.2509244863647204e+00 2.9828031782095493e-01
9.2525408573309385e+00 2.9820614029076392e-01
9.2541572282971547e+00 2.9813197774378902e-01
9.2557735992633727e+00 2.9805783017829540e-01
9.2573899702295908e+00 2.9798369759254856e-01
9.2590063411958070e+00 2.9790957998481382e-01
9.2606227121620250e+00 2.9783547735335542e-01
9.2622390831282413e+00 2.9776138969643845e-01
9.2638554540944593e+00 2.9768731701232681e-01
9.2654718250606773e+00 2.9761325929928412e-01
9.2670881960268936e+00 2.9753921655557480e-01
9.2687045669931116e+00 2.9746518877946182e-01
9.2703209379593297e+00 2.9739117596920817e-01
9.2719373089255459e+00 2.9731717812307712e-01
9.2735536798917639e+00 2.9724319523933107e-01
9.2751700508579802e+00 2.9716922731623235e-01
9.2767864218241982e+00 2.9709527435204292e-01
9.2784027927904162e+00 2.9702133634502487e-01
9.2800191637566325e+00 2.9694741329343954e-01
9.2816355347228505e+00 2.9687350519554806e-01
9.2832519056890686e+00 2.9679961204961175e-01
9.2848682766552848e+00 2.9672573385389095e-01
9.2864846476215028e+00 2.9665187060664644e-01
9.2881010185877209e+00 2.9657802230613811e-01
9.2897173895539371e+00 2.9650418895062619e-01
9.2913337605201551e+00 2.9643037053836990e-01
9.2929501314863714e+00 2.9635656706762908e-01
9.2945665024525894e+00 2.9628277853666263e-01
9.2961828734188074e+00 2.9620900494372926e-01
9.2977992443850237e+00 2.9613524628708787e-01
9.2994156153512417e+00 2.9606150256499636e-01
9.3010319863174598e+00 2.9598777377571295e-01
9.3026483572836760e+00 2.9591405991749575e-01
9.3042647282498940e+00 2.9584036098860167e-01
9.3058810992161121e+00 2.9576667698728837e-01
9.3074974701823283e+00 2.9569300791181286e-01
9.3091138411485463e+00 2.9561935376043158e-01
9.3107302121147626e+00 2.9554571453140110e-01
9.3123465830809806e+00 2.9547209022297755e-01
9.3139629540471987e+00 2.9539848083341685e-01
9.3155793250134149e+00 2.9532488636097493e-01
9.3171956959796329e+00 2.9525130680390677e-01
9.3188120669458510e+00 2.9517774216046766e-01
9.3204284379120672e+00 2.9510419242891256e-01
9.3220448088782852e+00 2.9503065760749592e-01
9.3236611798445033e+00 2.9495713769447218e-01
9.3252775508107195e+00 2.9488363268809525e-01
9.3268939217769375e+00 2.9481014258661919e-01
9.3285102927431538e+00 2.9473666738829735e-01
9.3301266637093718e+00 2.9466320709138294e-01
9.3317430346755899e+00 2.9458976169412898e-01
9.3333594056418061e+00 2.9451633119478848e-01
9.3349757766080241e+00 2.9444291559161373e-01
9.3365921475742422e+00 2.9436951488285684e-01
9.3382085185404584e+00 2.9429612906677011e-01
9.3398248895066764e+00 2.9422275814160498e-01
9.3414412604728945e+00 2.9414940210561291e-01
9.3430576314391107e+00 2.9407606095704530e-01
9.3446740024053287e+00 2.9400273469415267e-01
9.3462903733715450e+00 2.9392942331518612e-01
9.3479067443377630e+00 2.9385612681839568e-01
9.3495231153039811e+00 2.9378284520203174e-01
9.3511394862701973e+00 2.9370957846434403e-01
9.3527558572364153e+00 2.9363632660358208e-01
9.3543722282026334e+00 2.9356308961799554e-01
9.3559885991688496e+00 2.9348986750583334e-01
9.3576049701350676e+00 2.9341666026534413e-01
9.3592213411012857e+00 2.9334346789477667e-01
9.3608377120675019e+00 2.9327029039237951e-01
9.3624540830337200e+00 2.9319712775640033e-01
9.3640704539999362e+00 2.9312397998508705e-01
9.3656868249661542e+00 2.9305084707668716e-01
9.3673031959323723e+00 2.9297772902944813e-01
9.3689195668985885e+00 2.9290462584161681e-01
9.3705359378648065e+00 2.9283153751143987e-01
9.3721523088310246e+00 2.9275846403716405e-01
9.3737686797972408e+00 2.9268540541703558e-01
9.3753850507634588e+00 2.9261236164930021e-01
9.3770014217296751e+00 2.9253933273220395e-01
9.3786177926958931e+00 2.9246631866399209e-01
9.3802341636621112e+00 2.9239331944290992e-01
9.3818505346283274e+00 2.9232033506720245e-01
9.3834669055945454e+00 2.9224736553511432e-01
9.3850832765607635e+00 2.9217441084488982e-01
9.3866996475269797e+00 2.9210147099477363e-01
9.3883160184931977e+00 2.9202854598300926e-01
9.3899323894594158e+00 2.9195563580784034e-01
9.3915487604256320e+00 2.9188274046751078e-01
9.3931651313918501e+00 2.9180985996026310e-01
9.3947815023580663e+00 2.9173699428434074e-01
9.3963978733242843e+00 2.9166414343798602e-01
9.3980142442905024e+00 2.9159130741944150e-01
9.3996306152567186e+00 2.9151848622694948e-01
9.4012469862229366e+00 2.9144567985875175e-01
9.4028633571891547e+00 2.9137288831308966e-01
9.4044797281553709e+00 2.9130011158820496e-01
9.4060960991215889e+00 2.9122734968233865e-01
9.4077124700878070e+00 2.9115460259373172e-01
9.4093288410540232e+00 2.9108187032062455e-01
9.4109452120202413e+00 2.9100915286125772e-01
9.4125615829864575e+00 2.9093645021387138e-01
9.4141779539526755e+00 2.9086376237670525e-01
9.4157943249188936e+00 2.9079108934799897e-01
9.4174106958851098e+00 2.9071843112599205e-01
9.4190270668513278e+00 2.9064578770892341e-01
9.4206434378175459e+00 2.9057315909503195e-01
9.4222598087837621e+00 2.9050054528255642e-01
9.4238761797499802e+00 2.9042794626973506e-01
9.4254925507161982e+00 2.9035536205480600e-01
9.4271089216824144e+00 2.9028279263600704e-01
9.4287252926486325e+00 2.9021023801157586e-01
9.4303416636148487e+00 2.9013769817974994e-01
9.4319580345810667e+00 2.9006517313876590e-01
9.4335744055472848e+00 2.8999266288686115e-01
9.4351907765135010e+00 2.8992016742227206e-01
9.4368071474797190e+00 2.8984768674323474e-01
9.4384235184459371e+00 2.8977522084798557e-01
9.4400398894121533e+00 2.8970276973476067e-01
9.4416562603783714e+00 2.8963033340179489e-01
9.4432726313445894e+00 2.8955791184732427e-01
9.4448890023108056e+00 2.8948550506958370e-01
9.4465053732770237e+00 2.8941311306680761e-01
9.4481217442432399e+00 2.8934073583723130e-01
9.4497381152094579e+00 2.8926837337908884e-01
9.4513544861756760e+00 2.8919602569061420e-01
9.4529708571418922e+00 2.8912369277004130e-01
9.4545872281081103e+00 2.8905137461560387e-01
9.4562035990743283e+00 2.8897907122553523e-01
9.4578199700405445e+00 2.8890678259806835e-01
9.4594363410067626e+00 2.8883450873143623e-01
9.4610527119729788e+00 2.8876224962387154e-01
9.4626690829391968e+00 2.8869000527360655e-01
9.4642854539054149e+00 2.8861777567887353e-01
9.4659018248716311e+00 2.8854556083790417e-01
9.4675181958378491e+00 2.8847336074893015e-01
9.4691345668040672e+00 2.8840117541018301e-01
9.4707509377702834e+00 2.8832900481989371e-01
9.4723673087365015e+00 2.8825684897629317e-01
9.4739836797027195e+00 2.8818470787761230e-01
9.4756000506689357e+00 2.8811258152208108e-01
9.4772164216351538e+00 2.8804046990792997e-01
9.4788327926013700e+00 2.8796837303338901e-01
9.4804491635675880e+00 2.8789629089668745e-01
9.4820655345338061e+00 2.8782422349605502e-01
9.4836819055000223e+00 2.8775217082972088e-01
9.4852982764662404e+00 2.8768013289591382e-01
9.4869146474324584e+00 2.8760810969286260e-01
9.4885310183986746e+00 2.8753610121879597e-01
9.4901473893648927e+00 2.8746410747194151e-01
9.4917637603311107e+00 2.8739212845052770e-01
9.4933801312973269e+00 2.8732016415278222e-01
9.4949965022635450e+00 2.8724821457693211e-01
9.4966128732297612e+00 2.8717627972120524e-01
9.4982292441959792e+00 2.8710435958382824e-01
9.4998456151621973e+00 2.8703245416302764e-01
9.5014619861284135e+00 2.8696056345703053e-01
9.5030783570946316e+00 2.8688868746406271e-01
9.5046947280608496e+00 2.8681682618235033e-01
9.5063110990270658e+00 2.8674497961011930e-01
9.5079274699932839e+00 2.8667314774559505e-01
9.5095438409595019e+00 2.8660133058700277e-01
9.5111602119257181e+00 2.8652952813256760e-01
9.5127765828919362e+00 2.8645774038051453e-01
9.5143929538581524e+00 2.8638596732906790e-01
9.5160093248243705e+00 2.8631420897645221e-01
9.5176256957905885e+00 2.8624246532089148e-01
9.5192420667568047e+00 2.8617073636060952e-01
9.5208584377230228e+00 2.8609902209383004e-01
9.5224748086892408e+00 2.8602732251877638e-01
9.5240911796554570e+00 2.8595563763367166e-01
9.5257075506216751e+00 2.8588396743673877e-01
9.5273239215878931e+00 2.8581231192620044e-01
9.5289402925541093e+00 2.8574067110027890e-01
9.5305566635203274e+00 2.8566904495719653e-01
9.5321730344865436e+00 2.8559743349517530e-01
9.5337894054527617e+00 2.8552583671243670e-01
9.5354057764189797e+00 2.8545425460720236e-01
9.5370221473851959e+00 2.8538268717769349e-01
9.5386385183514140e+00 2.8531113442213102e-01
9.5402548893176320e+00 2.8523959633873580e-01
9.5418712602838482e+00 2.8516807292572827e-01
9.5434876312500663e+00 2.8509656418132856e-01
9.5451040022162843e+00 2.8502507010375688e-01
9.5467203731825006e+00 2.8495359069123322e-01
9.5483367441487186e+00 2.8488212594197682e-01
9.5499531151149348e+00 2.8481067585420722e-01
9.5515694860811529e+00 2.8473924042614340e-01
9.5531858570473709e+00 2.8466781965600418e-01
9.5548022280135871e+00 2.8459641354200843e-01
9.5564185989798052e+00 2.8452502208237423e-01
9.5580349699460232e+00 2.8445364527531986e-01
9.5596513409122394e+00 2.8438228311906322e-01
9.5612677118784575e+00 2.8431093561182202e-01
9.5628840828446737e+00 2.8423960275181381e-01
9.5645004538108918e+00 2.8416828453725557e-01
9.5661168247771098e+00 2.8409698096636438e-01
9.5677331957433260e+00 2.8402569203735717e-01
9.5693495667095441e+00 2.8395441774845015e-01
9.5709659376757621e+00 2.8388315809785969e-01
9.5725823086419783e+00 2.8381191308380194e-01
9.5741986796081964e+00 2.8374068270449265e-01
9.5758150505744144e+00 2.8366946695814726e-01
9.5774314215406307e+00 2.8359826584298137e-01
9.5790477925068487e+00 2.8352707935720983e-01
9.5806641634730649e+00 2.8345590749904787e-01
9.5822805344392830e+00 2.8338475026670973e-01
9.5838969054055010e+00 2.8331360765840991e-01
9.5855132763717172e+00 2.8324247967236282e-01
9.5871296473379353e+00 2.8317136630678208e-01
9.5887460183041533e+00 2.8310026755988171e-01
9.5903623892703695e+00 2.8302918342987504e-01
9.5919787602365876e+00 2.8295811391497533e-01
9.5935951312028056e+00 2.8288705901339567e-01
9.5952115021690219e+00 2.8281601872334888e-01
9.5968278731352399e+00 2.8274499304304723e-01
9.5984442441014561e+00 2.8267398197070337e-01
9.6000606150676742e+00 2.8260298550452922e-01
9.6016769860338922e+00 2.8253200364273684e-01
9.6032933570001084e+00 2.8246103638353776e-01
9.6049097279663265e+00 2.8239008372514318e-01
9.6065260989325445e+00 2.8231914566576466e-01
9.6081424698987608e+00 2.8224822220361284e-01
9.6097588408649788e+00 2.8217731333689849e-01
9.6113752118311968e+00 2.8210641906383244e-01
9.6129915827974131e+00 2.8203553938262454e-01
9.6146079537636311e+00 2.8196467429148486e-01
9.6162243247298473e+00 2.8189382378862349e-01
9.6178406956960654e+00 2.8182298787224980e-01
9.6194570666622834e+00 2.8175216654057300e-01
9.6210734376284996e+00 2.8168135979180270e-01
9.6226898085947177e+00 2.8161056762414721e-01
9.6243061795609357e+00 2.8153979003581542e-01
9.6259225505271520e+00 2.8146902702501608e-01
9.6275389214933700e+00 2.8139827858995697e-01
9.6291552924595880e+00 2.8132754472884614e-01
9.6307716634258043e+00 2.8125682543989161e-01
9.6323880343920223e+00 2.8118612072130073e-01
9.6340044053582385e+00 2.8111543057128074e-01
9.6356207763244566e+00 2.8104475498803888e-01
9.6372371472906746e+00 2.8097409396978185e-01
9.6388535182568909e+00 2.8090344751471630e-01
9.6404698892231089e+00 2.8083281562104878e-01
9.6420862601893269e+00 2.8076219828698534e-01
9.6437026311555432e+00 2.8069159551073197e-01
9.6453190021217612e+00 2.8062100729049444e-01
9.6469353730879774e+00 2.8055043362447796e-01
9.6485517440541955e+00 2.8047987451088824e-01
9.6501681150204135e+00 2.8040932994793011e-01
9.6517844859866297e+00 2.8033879993380834e-01
9.6534008569528478e+00 2.8026828446672769e-01
9.6550172279190658e+00 2.8019778354489250e-01
9.6566335988852821e+00 2.8012729716650681e-01
9.6582499698515001e+00 2.8005682532977461e-01
9.6598663408177181e+00 2.7998636803289983e-01
9.6614827117839344e+00 2.7991592527408549e-01
9.6630990827501524e+00 2.7984549705153527e-01
9.6647154537163686e+00 2.7977508336345219e-01
9.6663318246825867e+00 2.7970468420803862e-01
9.6679481956488047e+00 2.7963429958349778e-01
9.6695645666150210e+00 2.7956392948803171e-01
9.6711809375812390e+00 2.7949357391984231e-01
9.6727973085474570e+00 2.7942323287713211e-01
9.6744136795136733e+00 2.7935290635810245e-01
9.6760300504798913e+00 2.7928259436095482e-01
9.6776464214461093e+00 2.7921229688389049e-01
9.6792627924123256e+00 2.7914201392511073e-01
9.6808791633785436e+00 2.7907174548281594e-01
9.6824955343447598e+00 2.7900149155520720e-01
9.6841119053109779e+00 2.7893125214048459e-01
9.6857282762771959e+00 2.7886102723684819e-01
9.6873446472434122e+00 2.7879081684249835e-01
9.6889610182096302e+00 2.7872062095563455e-01
9.6905773891758482e+00 2.7865043957445607e-01
9.6921937601420645e+00 2.7858027269716262e-01
9.6938101311082825e+00 2.7851012032195316e-01
9.6954265020745005e+00 2.7843998244702606e-01
9.6970428730407168e+00 2.7836985907058065e-01
9.6986592440069348e+00 2.7829975019081504e-01
9.7002756149731511e+00 2.7822965580592735e-01
9.7018919859393691e+00 2.7815957591411533e-01
9.7035083569055871e+00 2.7808951051357739e-01
9.7051247278718034e+00 2.7801945960251040e-01
9.7067410988380214e+00 2.7794942317911209e-01
9.7083574698042394e+00 2.7787940124157956e-01
9.7099738407704557e+00 2.7780939378810943e-01
9.7115902117366737e+00 2.7773940081689835e-01
9.7132065827028917e+00 2.7766942232614322e-01
9.7148229536691080e+00 2.7759945831403987e-01
9.7164393246353260e+00 2.7752950877878424e-01
9.7180556956015423e+00 2.7745957371857261e-01
9.7196720665677603e+00 2.7738965313160008e-01
9.7212884375339783e+00 2.7731974701606221e-01
9.7229048085001946e+00 2.7724985537015434e-01
9.7245211794664126e+00 2.7717997819207096e-01
9.7261375504326306e+00 2.7711011548000714e-01
9.7277539213988469e+00 2.7704026723215736e-01
9.7293702923650649e+00 2.7697043344671579e-01
9.7309866633312829e+00 2.7690061412187655e-01
9.7326030342974992e+00 2.7683080925583359e-01
9.7342194052637172e+00 2.7676101884678045e-01
9.7358357762299335e+00 2.7669124289291064e-01
9.7374521471961515e+00 2.7662148139241716e-01
9.7390685181623695e+00 2.7655173434349328e-01
9.7406848891285858e+00 2.7648200174433174e-01
9.7423012600948038e+00 2.7641228359312497e-01
9.7439176310610218e+00 2.7634257988806543e-01
9.7455340020272381e+00 2.7627289062734545e-01
9.7471503729934561e+00 2.7620321580915680e-01
9.7487667439596724e+00 2.7613355543169110e-01
9.7503831149258904e+00 2.7606390949313991e-01
9.7519994858921084e+00 2.7599427799169468e-01
9.7536158568583247e+00 2.7592466092554641e-01
9.7552322278245427e+00 2.7585505829288598e-01
9.7568485987907607e+00 2.7578547009190413e-01
9.7584649697569770e+00 2.7571589632079108e-01
9.7600813407231950e+00 2.7564633697773727e-01
9.7616977116894130e+00 2.7557679206093277e-01
9.7633140826556293e+00 2.7550726156856720e-01
9.7649304536218473e+00 2.7543774549883032e-01
9.7665468245880636e+00 2.7536824384991149e-01
9.7681631955542816e+00 2.7529875661999992e-01
9.7697795665204996e+00 2.7522928380728451e-01
9.7713959374867159e+00 2.7515982540995426e-01
9.7730123084529339e+00 2.7509038142619741e-01
9.7746286794191519e+00 2.7502095185420239e-01
9.7762450503853682e+00 2.7495153669215749e-01
9.7778614213515862e+00 2.7488213593825062e-01
9.7794777923178042e+00 2.7481274959066931e-01
9.7810941632840205e+00 2.7474337764760126e-01
9.7827105342502385e+00 2.7467402010723369e-01
9.7843269052164548e+00 2.7460467696775370e-01
9.7859432761826728e+00 2.7453534822734821e-01
9.7875596471488908e+00 2.7446603388420371e-01
9.7891760181151071e+00 2.7439673393650704e-01
9.7907923890813251e+00 2.7432744838244422e-01
9.7924087600475431e+00 2.7425817722020118e-01
9.7940251310137594e+00 2.7418892044796411e-01
9.7956415019799774e+00 2.7411967806391840e-01
9.7972578729461954e+00 2.7405045006624940e-01
9.7988742439124117e+00 2.7398123645314260e-01
9.8004906148786297e+00 2.7391203722278279e-01
9.8021069858448460e+00 2.7384285237335521e-01
9.8037233568110640e+00 2.7377368190304385e-01
9.8053397277772820e+00 2.7370452581003335e-01
9.8069560987434983e+00 2.7363538409250820e-01
9.8085724697097163e+00 2.7356625674865198e-01
9.8101888406759343e+00 2.7349714377664863e-01
9.8118052116421506e+00 2.7342804517468189e-01
9.8134215826083686e+00 2.7335896094093498e-01
9.8150379535745866e+00 2.7328989107359086e-01
9.8166543245408029e+00 2.7322083557083293e-01
9.8182706955070209e+00 2.7315179443084359e-01
9.8198870664732372e+00 2.7308276765180556e-01
9.8215034374394552e+00 2.7301375523190113e-01
9.8231198084056732e+00 2.7294475716931238e-01
9.8247361793718895e+00 2.7287577346222147e-01
9.8263525503381075e+00 2.7280680410880986e-01
9.8279689213043255e+00 2.7273784910725929e-01
9.8295852922705418e+00 2.7266890845575109e-01
9.8312016632367598e+00 2.7259998215246639e-01
9.8328180342029761e+00 2.7253107019558592e-01
9.8344344051691941e+00 2.7246217258329064e-01
9.8360507761354121e+00 2.7239328931376094e-01
9.8376671471016284e+00 2.7232442038517718e-01
9.8392835180678464e+00 2.7225556579571936e-01
9.8408998890340644e+00 2.7218672554356765e-01
9.8425162600002807e+00 2.7211789962690147e-01
9.8441326309664987e+00 2.7204908804390054e-01
9.8457490019327167e+00 2.7198029079274416e-01
9.8473653728989330e+00 2.7191150787161122e-01
9.8489817438651510e+00 2.7184273927868091e-01
9.8505981148313673e+00 2.7177398501213185e-01
9.8522144857975853e+00 2.7170524507014249e-01
9.8538308567638033e+00 2.7163651945089096e-01
9.8554472277300196e+00 2.7156780815255582e-01
9.8570635986962376e+00 2.7149911117331443e-01
9.8586799696624556e+00 2.7143042851134497e-01
9.8602963406286719e+00 2.7136176016482488e-01
9.8619127115948899e+00 2.7129310613193108e-01
9.8635290825611079e+00 2.7122446641084097e-01
9.8651454535273242e+00 2.7115584099973172e-01
9.8667618244935422e+00 2.7108722989677936e-01
9.8683781954597585e+00 2.7101863310016105e-01
9.8699945664259765e+00 2.7095005060805277e-01
9.8716109373921945e+00 2.7088148241863047e-01
9.8732273083584108e+00 2.7081292853007072e-01
9.8748436793246288e+00 2.7074438894054853e-01
9.8764600502908468e+00 2.7067586364823965e-01
9.8780764212570631e+00 2.7060735265131952e-01
9.8796927922232811e+00 2.7053885594796345e-01
9.8813091631894991e+00 2.7047037353634568e-01
9.8829255341557154e+00 2.7040190541464165e-01
9.8845419051219334e+00 2.7033345158102567e-01
9.8861582760881497e+00 2.7026501203367181e-01
9.8877746470543677e+00 2.7019658677075453e-01
9.8893910180205857e+00 2.7012817579044768e-01
9.8910073889868020e+00 2.7005977909092493e-01
9.8926237599530200e+00 2.6999139667035993e-01
9.8942401309192380e+00 2.6992302852692618e-01
9.8958565018854543e+00 2.6985467465879642e-01
9.8974728728516723e+00 2.6978633506414385e-01
9.8990892438178903e+00 2.6971800974114141e-01
9.9007056147841066e+00 2.6964969868796135e-01
9.9023219857503246e+00 2.6958140190277630e-01
9.9039383567165409e+00 2.6951311938375855e-01
9.9055547276827589e+00 2.6944485112907968e-01
9.9071710986489769e+00 2.6937659713691159e-01
9.9087874696151932e+00 2.6930835740542630e-01
9.9104038405814112e+00 2.6924013193279484e-01
9.9120202115476292e+00 2.6917192071718837e-01
9.9136365825138455e+00 2.6910372375677821e-01
9.9152529534800635e+00 2.6903554104973487e-01
9.9168693244462816e+00 2.6896737259422926e-01
9.9184856954124978e+00 2.6889921838843167e-01
9.9201020663787158e+00 2.6883107843051246e-01
9.9217184373449321e+00 2.6876295271864159e-01
9.9233348083111501e+00 2.6869484125098897e-01
9.9249511792773681e+00 2.6862674402572417e-01
9.9265675502435844e+00 2.6855866104101683e-01
9.9281839212098024e+00 2.6849059229503602e-01
9.9298002921760204e+00 2.6842253778595110e-01
9.9314166631422367e+00 2.6835449751193097e-01
9.9330330341084547e+00 2.6828647147114409e-01
9.9346494050746710e+00 2.6821845966175917e-01
9.9362657760408890e+00 2.6815046208194454e-01
9.9378821470071070e+00 2.6808247872986823e-01
9.9394985179733233e+00 2.6801450960369838e-01
9.9411148889395413e+00 2.6794655470160250e-01
9.9427312599057593e+00 2.6787861402174828e-01
9.9443476308719756e+00 2.6781068756230325e-01
9.9459640018381936e+00 2.6774277532143442e-01
9.9475803728044117e+00 2.6767487729730888e-01
9.9491967437706279e+00 2.6760699348809341e-01
9.9508131147368459e+00 2.6753912389195467e-01
9.9524294857030622e+00 2.6747126850705899e-01
9.9540458566692802e+00 2.6740342733157274e-01
9.9556622276354982e+00 2.6733560036366188e-01
9.9572785986017145e+00 2.6726778760149233e-01
9.9588949695679325e+00 2.6719998904322978e-01
9.9605113405341505e+00 2.6713220468703963e-01
9.9621277115003668e+00 2.6706443453108747e-01
9.9637440824665848e+00 2.6699667857353798e-01
9.9653604534328029e+00 2.6692893681255653e-01
9.9669768243990191e+00 2.6686120924630757e-01
9.9685931953652371e+00 2.6679349587295575e-01
9.9702095663314534e+00 2.6672579669066537e-01
9.9718259372976714e+00 2.6665811169760062e-01
9.9734423082638894e+00 2.6659044089192568e-01
9.9750586792301057e+00 2.6652278427180415e-01
9.9766750501963237e+00 2.6645514183539976e-01
9.9782914211625418e+00 2.6638751358087592e-01
9.9799077921287580e+00 2.6631989950639601e-01
9.9815241630949760e+00 2.6625229961012270e-01
9.9831405340611941e+00 2.6618471389021925e-01
9.9847569050274103e+00 2.6611714234484818e-01
9.9863732759936283e+00 2.6604958497217218e-01
9.9879896469598446e+00 2.6598204177035345e-01
9.9896060179260626e+00 2.6591451273755407e-01
9.9912223888922806e+00 2.6584699787193594e-01
9.9928387598584969e+00 2.6577949717166105e-01
9.9944551308247149e+00 2.6571201063489092e-01
9.9960715017909330e+00 2.6564453825978679e-01
9.9976878727571492e+00 2.6557708004451031e-01
9.9993042437233672e+00 2.6550963598722183e-01
1.0000920614689585e+01 2.6544220608608271e-01
1.0002536985655802e+01 2.6537479033925371e-01
1.0004153356622020e+01 2.6530738874489479e-01
1.0005769727588236e+01 2.6524000130116687e-01
1.0007386098554454e+01 2.6517262800622959e-01
1.0009002469520672e+01 2.6510526885824298e-01
1.0010618840486888e+01 2.6503792385536695e-01
1.0012235211453106e+01 2.6497059299576103e-01
1.0013851582419324e+01 2.6490327627758459e-01
1.0015467953385540e+01 2.6483597369899686e-01
1.0017084324351758e+01 2.6476868525815672e-01
1.0018700695317975e+01 2.6470141095322314e-01
1.0020317066284193e+01 2.6463415078235497e-01
1.0021933437250411e+01 2.6456690474371031e-01
1.0023549808216627e+01 2.6449967283544762e-01
1.0025166179182845e+01 2.6443245505572521e-01
1.0026782550149063e+01 2.6436525140270101e-01
1.0028398921115279e+01 2.6429806187453236e-01
1.0030015292081497e+01 2.6423088646937726e-01
1.0031631663047715e+01 2.6416372518539305e-01
1.0033248034013932e+01 2.6409657802073677e-01
1.0034864404980150e+01 2.6402944497356562e-01
1.0036480775946366e+01 2.6396232604203662e-01
1.0038097146912584e+01 2.6389522122430603e-01
1.0039713517878802e+01 2.6382813051853060e-01
1.0041329888845018e+01 2.6376105392286686e-01
1.0042946259811236e+01 2.6369399143547034e-01
1.0044562630777454e+01 2.6362694305449774e-01
1.0046179001743671e+01 2.6355990877810465e-01
1.0047795372709889e+01 2.6349288860444614e-01
1.0049411743676107e+01 2.6342588253167820e-01
1.0051028114642323e+01 2.6335889055795619e-01
1.0052644485608541e+01 2.6329191268143476e-01
1.0054260856574757e+01 2.6322494890026904e-01
1.0055877227540975e+01 2.6315799921261379e-01
1.0057493598507193e+01 2.6309106361662338e-01
1.0059109969473409e+01 2.6302414211045250e-01
1.0060726340439627e+01 2.6295723469225502e-01
1.0062342711405845e+01 2.6289034136018496e-01
1.0063959082372062e+01 2.6282346211239643e-01
1.0065575453338280e+01 2.6275659694704306e-01
1.0067191824304498e+01 2.6268974586227795e-01
1.0068808195270714e+01 2.6262290885625506e-01
1.0070424566236932e+01 2.6255608592712693e-01
1.0072040937203148e+01 2.6248927707304687e-01
1.0073657308169366e+01 2.6242248229216741e-01
1.0075273679135584e+01 2.6235570158264154e-01
1.0076890050101801e+01 2.6228893494262140e-01
1.0078506421068019e+01 2.6222218237025929e-01
1.0080122792034237e+01 2.6215544386370743e-01
1.0081739163000453e+01 2.6208871942111767e-01
1.0083355533966671e+01 2.6202200904064160e-01
1.0084971904932889e+01 2.6195531272043115e-01
1.0086588275899105e+01 2.6188863045863747e-01
1.0088204646865323e+01 2.6182196225341176e-01
1.0089821017831540e+01 2.6175530810290520e-01
1.0091437388797758e+01 2.6168866800526835e-01
1.0093053759763976e+01 2.6162204195865235e-01
1.0094670130730192e+01 2.6155542996120751e-01
1.0096286501696410e+01 2.6148883201108425e-01
1.0097902872662628e+01 2.6142224810643272e-01
1.0099519243628844e+01 2.6135567824540284e-01
1.0101135614595062e+01 2.6128912242614455e-01
1.0102751985561278e+01 2.6122258064680781e-01
1.0104368356527496e+01 2.6115605290554156e-01
1.0105984727493714e+01 2.6108953920049538e-01
1.0107601098459931e+01 2.6102303952981859e-01
1.0109217469426149e+01 2.6095655389165989e-01
1.0110833840392367e+01 2.6089008228416816e-01
1.0112450211358583e+01 2.6082362470549225e-01
1.0114066582324801e+01 2.6075718115378038e-01
1.0115682953291019e+01 2.6069075162718103e-01
1.0117299324257235e+01 2.6062433612384234e-01
1.0118915695223453e+01 2.6055793464191213e-01
1.0120532066189670e+01 2.6049154717953826e-01
1.0122148437155888e+01 2.6042517373486840e-01
1.0123764808122106e+01 2.6035881430604990e-01
1.0125381179088322e+01 2.6029246889123009e-01
1.0126997550054540e+01 2.6022613748855622e-01
1.0128613921020758e+01 2.6015982009617500e-01
1.0130230291986974e+01 2.6009351671223346e-01
1.0131846662953192e+01 2.6002722733487776e-01
1.0133463033919410e+01 2.5996095196225488e-01
1.0135079404885627e+01 2.5989469059251091e-01
1.0136695775851845e+01 2.5982844322379178e-01
1.0138312146818061e+01 2.5976220985424359e-01
1.0139928517784279e+01 2.5969599048201208e-01
1.0141544888750497e+01 2.5962978510524293e-01
1.0143161259716713e+01 2.5956359372208149e-01
1.0144777630682931e+01 2.5949741633067291e-01
1.0146394001649149e+01 2.5943125292916236e-01
1.0148010372615365e+01 2.5936510351569508e-01
1.0149626743581583e+01 2.5929896808841524e-01
1.0151243114547801e+01 2.5923284664546808e-01
1.0152859485514018e+01 2.5916673918499766e-01
1.0154475856480236e+01 2.5910064570514818e-01
1.0156092227446452e+01 2.5903456620406401e-01
1.0157708598412670e+01 2.5896850067988897e-01
1.0159324969378888e+01 2.5890244913076682e-01
1.0160941340345104e+01 2.5883641155484127e-01
1.0162557711311322e+01 2.5877038795025548e-01
1.0164174082277540e+01 2.5870437831515303e-01
1.0165790453243757e+01 2.5863838264767691e-01
1.0167406824209975e+01 2.5857240094597012e-01
1.0169023195176193e+01 2.5850643320817529e-01
1.0170639566142409e+01 2.5844047943243526e-01
1.0172255937108627e+01 2.5837453961689233e-01
1.0173872308074843e+01 2.5830861375968889e-01
1.0175488679041061e+01 2.5824270185896697e-01
1.0177105050007279e+01 2.5817680391286851e-01
1.0178721420973496e+01 2.5811091991953555e-01
1.0180337791939714e+01 2.5804504987710947e-01
1.0181954162905932e+01 2.5797919378373180e-01
1.0183570533872148e+01 2.5791335163754392e-01
1.0185186904838366e+01 2.5784752343668693e-01
1.0186803275804584e+01 2.5778170917930188e-01
1.0188419646770800e+01 2.5771590886352969e-01
1.0190036017737018e+01 2.5765012248751068e-01
1.0191652388703234e+01 2.5758435004938574e-01
1.0193268759669452e+01 2.5751859154729484e-01
1.0194885130635670e+01 2.5745284697937842e-01
1.0196501501601887e+01 2.5738711634377653e-01
1.0198117872568105e+01 2.5732139963862893e-01
1.0199734243534323e+01 2.5725569686207506e-01
1.0201350614500539e+01 2.5719000801225506e-01
1.0202966985466757e+01 2.5712433308730781e-01
1.0204583356432973e+01 2.5705867208537259e-01
1.0206199727399191e+01 2.5699302500458870e-01
1.0207816098365409e+01 2.5692739184309471e-01
1.0209432469331626e+01 2.5686177259902959e-01
1.0211048840297844e+01 2.5679616727053195e-01
1.0212665211264062e+01 2.5673057585574000e-01
1.0214281582230278e+01 2.5666499835279194e-01
1.0215897953196496e+01 2.5659943475982627e-01
1.0217514324162714e+01 2.5653388507498071e-01
1.0219130695128930e+01 2.5646834929639278e-01
1.0220747066095148e+01 2.5640282742220044e-01
1.0222363437061365e+01 2.5633731945054117e-01
1.0223979808027583e+01 2.5627182537955190e-01
1.0225596178993801e+01 2.5620634520737012e-01
1.0227212549960017e+01 2.5614087893213294e-01
1.0228828920926235e+01 2.5607542655197674e-01
1.0230445291892453e+01 2.5600998806503844e-01
1.0232061662858669e+01 2.5594456346945471e-01
1.0233678033824887e+01 2.5587915276336159e-01
1.0235294404791105e+01 2.5581375594489553e-01
1.0236910775757321e+01 2.5574837301219266e-01
1.0238527146723539e+01 2.5568300396338833e-01
1.0240143517689756e+01 2.5561764879661902e-01
1.0241759888655974e+01 2.5555230751001962e-01
1.0243376259622192e+01 2.5548698010172588e-01
1.0244992630588408e+01 2.5542166656987331e-01
1.0246609001554626e+01 2.5535636691259661e-01
1.0248225372520844e+01 2.5529108112803073e-01
1.0249841743487060e+01 2.5522580921431093e-01
1.0251458114453278e+01 2.5516055116957131e-01
1.0253074485419496e+01 2.5509530699194666e-01
1.0254690856385713e+01 2.5503007667957128e-01
1.0256307227351931e+01 2.5496486023057935e-01
1.0257923598318147e+01 2.5489965764310474e-01
1.0259539969284365e+01 2.5483446891528161e-01
1.0261156340250583e+01 2.5476929404524346e-01
1.0262772711216799e+01 2.5470413303112388e-01
1.0264389082183017e+01 2.5463898587105621e-01
1.0266005453149235e+01 2.5457385256317394e-01
1.0267621824115452e+01 2.5450873310561006e-01
1.0269238195081670e+01 2.5444362749649740e-01
1.0270854566047888e+01 2.5437853573396885e-01
1.0272470937014104e+01 2.5431345781615711e-01
1.0274087307980322e+01 2.5424839374119446e-01
1.0275703678946538e+01 2.5418334350721372e-01
1.0277320049912756e+01 2.5411830711234656e-01
1.0278936420878974e+01 2.5405328455472515e-01
1.0280552791845190e+01 2.5398827583248162e-01
1.0282169162811408e+01 2.5392328094374728e-01
1.0283785533777626e+01 2.5385829988665404e-01
1.0285401904743843e+01 2.5379333265933340e-01
1.0287018275710061e+01 2.5372837925991631e-01
1.0288634646676277e+01 2.5366343968653415e-01
1.0290251017642495e+01 2.5359851393731769e-01
1.0291867388608713e+01 2.5353360201039782e-01
1.0293483759574929e+01 2.5346870390390547e-01
1.0295100130541147e+01 2.5340381961597086e-01
1.0296716501507365e+01 2.5333894914472438e-01
1.0298332872473582e+01 2.5327409248829641e-01
1.0299949243439800e+01 2.5320924964481695e-01
1.0301565614406018e+01 2.5314442061241588e-01
1.0303181985372234e+01 2.5307960538922319e-01
1.0304798356338452e+01 2.5301480397336823e-01
1.0306414727304668e+01 2.5295001636298059e-01
1.0308031098270886e+01 2.5288524255618960e-01
1.0309647469237104e+01 2.5282048255112444e-01
1.0311263840203321e+01 2.5275573634591414e-01
1.0312880211169539e+01 2.5269100393868743e-01
1.0314496582135757e+01 2.5262628532757342e-01
1.0316112953101973e+01 2.5256158051070043e-01
1.0317729324068191e+01 2.5249688948619681e-01
1.0319345695034409e+01 2.5243221225219103e-01
1.0320962066000625e+01 2.5236754880681128e-01
1.0322578436966843e+01 2.5230289914818549e-01
1.0324194807933059e+01 2.5223826327444154e-01
1.0325811178899277e+01 2.5217364118370694e-01
1.0327427549865495e+01 2.5210903287410935e-01
1.0329043920831712e+01 2.5204443834377638e-01
1.0330660291797930e+01 2.5197985759083502e-01
1.0332276662764148e+01 2.5191529061341256e-01
1.0333893033730364e+01 2.5185073740963593e-01
1.0335509404696582e+01 2.5178619797763185e-01
1.0337125775662800e+01 2.5172167231552706e-01
1.0338742146629016e+01 2.5165716042144837e-01
1.0340358517595234e+01 2.5159266229352173e-01
1.0341974888561451e+01 2.5152817792987381e-01
1.0343591259527669e+01 2.5146370732863021e-01
1.0345207630493887e+01 2.5139925048791728e-01
1.0346824001460103e+01 2.5133480740586073e-01
1.0348440372426321e+01 2.5127037808058611e-01
1.0350056743392539e+01 2.5120596251021909e-01
1.0351673114358755e+01 2.5114156069288501e-01
1.0353289485324973e+01 2.5107717262670903e-01
1.0354905856291191e+01 2.5101279830981638e-01
1.0356522227257408e+01 2.5094843774033199e-01
1.0358138598223626e+01 2.5088409091638042e-01
1.0359754969189842e+01 2.5081975783608668e-01
1.0361371340156060e+01 2.5075543849757509e-01
1.0362987711122278e+01 2.5069113289896999e-01
1.0364604082088494e+01 2.5062684103839583e-01
1.0366220453054712e+01 2.5056256291397627e-01
1.0367836824020930e+01 2.5049829852383576e-01
1.0369453194987146e+01 2.5043404786609785e-01
1.0371069565953364e+01 2.5036981093888633e-01
1.0372685936919583e+01 2.5030558774032435e-01
1.0374302307885799e+01 2.5024137826853587e-01
1.0375918678852017e+01 2.5017718252164362e-01
1.0377535049818233e+01 2.5011300049777102e-01
1.0379151420784451e+01 2.5004883219504087e-01
1.0380767791750669e+01 2.4998467761157608e-01
1.0382384162716885e+01 2.4992053674549933e-01
1.0384000533683103e+01 2.4985640959493302e-01
1.0385616904649321e+01 2.4979229615799953e-01
1.0387233275615538e+01 2.4972819643282135e-01
1.0388849646581756e+01 2.4966411041752046e-01
1.0390466017547972e+01 2.4960003811021875e-01
1.0392082388514190e+01 2.4953597950903822e-01
1.0393698759480408e+01 2.4947193461210040e-01
1.0395315130446624e+01 2.4940790341752700e-01
1.0396931501412842e+01 2.4934388592343940e-01
1.0398547872379060e+01 2.4927988212795879e-01
1.0400164243345277e+01 2.4921589202920638e-01
1.0401780614311495e+01 2.4915191562530326e-01
1.0403396985277713e+01 2.4908795291437003e-01
1.0405013356243929e+01 2.4902400389452758e-01
1.0406629727210147e+01 2.4896006856389663e-01
1.0408246098176363e+01 2.4889614692059756e-01
1.0409862469142581e+01 2.4883223896275036e-01
1.0411478840108799e+01 2.4876834468847567e-01
1.0413095211075015e+01 2.4870446409589336e-01
1.0414711582041233e+01 2.4864059718312304e-01
1.0416327953007452e+01 2.4857674394828494e-01
1.0417944323973668e+01 2.4851290438949844e-01
1.0419560694939886e+01 2.4844907850488299e-01
1.0421177065906104e+01 2.4838526629255800e-01
1.0422793436872320e+01 2.4832146775064287e-01
1.0424409807838538e+01 2.4825768287725625e-01
1.0426026178804754e+01 2.4819391167051763e-01
1.0427642549770972e+01 2.4813015412854542e-01
1.0429258920737190e+01 2.4806641024945827e-01
1.0430875291703407e+01 2.4800268003137510e-01
1.0432491662669625e+01 2.4793896347241390e-01
1.0434108033635843e+01 2.4787526057069303e-01
1.0435724404602059e+01 2.4781157132433101e-01
1.0437340775568277e+01 2.4774789573144529e-01
1.0438957146534495e+01 2.4768423379015395e-01
1.0440573517500711e+01 2.4762058549857502e-01
1.0442189888466929e+01 2.4755695085482560e-01
1.0443806259433146e+01 2.4749332985702344e-01
1.0445422630399364e+01 2.4742972250328585e-01
1.0447039001365582e+01 2.4736612879172984e-01
1.0448655372331798e+01 2.4730254872047275e-01
1.0450271743298016e+01 2.4723898228763125e-01
1.0451888114264234e+01 2.4717542949132240e-01
1.0453504485230450e+01 2.4711189032966255e-01
1.0455120856196668e+01 2.4704836480076853e-01
1.0456737227162886e+01 2.4698485290275662e-01
1.0458353598129102e+01 2.4692135463374293e-01
1.0459969969095321e+01 2.4685786999184373e-01
1.0461586340061537e+01 2.4679439897517516e-01
1.0463202711027755e+01 2.4673094158185285e-01
1.0464819081993973e+01 2.4666749780999264e-01
1.0466435452960189e+01 2.4660406765771017e-01
1.0468051823926407e+01 2.4654065112312087e-01
1.0469668194892625e+01 2.4647724820434008e-01
1.0471284565858841e+01 2.4641385889948300e-01
1.0472900936825059e+01 2.4635048320666469e-01
1.0474517307791276e+01 2.4628712112400031e-01
1.0476133678757494e+01 2.4622377264960429e-01
1.0477750049723712e+01 2.4616043778159163e-01
1.0479366420689928e+01 2.4609711651807686e-01
1.0480982791656146e+01 2.4603380885717430e-01
1.0482599162622364e+01 2.4597051479699825e-01
1.0484215533588580e+01 2.4590723433566306e-01
1.0485831904554798e+01 2.4584396747128254e-01
1.0487448275521016e+01 2.4578071420197059e-01
1.0489064646487233e+01 2.4571747452584133e-01
1.0490681017453451e+01 2.4565424844100811e-01
1.0492297388419667e+01 2.4559103594558448e-01
1.0493913759385885e+01 2.4552783703768397e-01
1.0495530130352103e+01 2.4546465171541970e-01
1.0497146501318319e+01 2.4540147997690490e-01
1.0498762872284537e+01 2.4533832182025253e-01
1.0500379243250755e+01 2.4527517724357548e-01
1.0501995614216971e+01 2.4521204624498663e-01
1.0503611985183190e+01 2.4514892882259839e-01
1.0505228356149408e+01 2.4508582497452341e-01
1.0506844727115624e+01 2.4502273469887415e-01
1.0508461098081842e+01 2.4495965799376260e-01
1.0510077469048058e+01 2.4489659485730117e-01
1.0511693840014276e+01 2.4483354528760157e-01
1.0513310210980494e+01 2.4477050928277586e-01
1.0514926581946710e+01 2.4470748684093580e-01
1.0516542952912928e+01 2.4464447796019284e-01
1.0518159323879146e+01 2.4458148263865853e-01
1.0519775694845363e+01 2.4451850087444435e-01
1.0521392065811581e+01 2.4445553266566139e-01
1.0523008436777799e+01 2.4439257801042089e-01
1.0524624807744015e+01 2.4432963690683371e-01
1.0526241178710233e+01 2.4426670935301087e-01
1.0527857549676449e+01 2.4420379534706291e-01
1.0529473920642667e+01 2.4414089488710056e-01
1.0531090291608885e+01 2.4407800797123427e-01
1.0532706662575102e+01 2.4401513459757457e-01
1.0534323033541320e+01 2.4395227476423145e-01
1.0535939404507538e+01 2.4388942846931511e-01
1.0537555775473754e+01 2.4382659571093568e-01
1.0539172146439972e+01 2.4376377648720285e-01
1.0540788517406190e+01 2.4370097079622643e-01
1.0542404888372406e+01 2.4363817863611609e-01
1.0544021259338624e+01 2.4357540000498112e-01
1.0545637630304840e+01 2.4351263490093131e-01
1.0547254001271058e+01 2.4344988332207546e-01
1.0548870372237277e+01 2.4338714526652289e-01
1.0550486743203493e+01 2.4332442073238275e-01
1.0552103114169711e+01 2.4326170971776370e-01
1.0553719485135929e+01 2.4319901222077461e-01
1.0555335856102145e+01 2.4313632823952416e-01
1.0556952227068363e+01 2.4307365777212070e-01
1.0558568598034581e+01 2.4301100081667279e-01
1.0560184969000797e+01 2.4294835737128873e-01
1.0561801339967015e+01 2.4288572743407652e-01
1.0563417710933232e+01 2.4282311100314438e-01
1.0565034081899450e+01 2.4276050807660002e-01
1.0566650452865668e+01 2.4269791865255128e-01
1.0568266823831884e+01 2.4263534272910608e-01
1.0569883194798102e+01 2.4257278030437157e-01
1.0571499565764320e+01 2.4251023137645550e-01
1.0573115936730536e+01 2.4244769594346516e-01
1.0574732307696754e+01 2.4238517400350743e-01
1.0576348678662971e+01 2.4232266555468979e-01
1.0577965049629189e+01 2.4226017059511892e-01
1.0579581420595407e+01 2.4219768912290171e-01
1.0581197791561623e+01 2.4213522113614491e-01
1.0582814162527841e+01 2.4207276663295516e-01
1.0584430533494059e+01 2.4201032561143884e-01
1.0586046904460275e+01 2.4194789806970235e-01
1.0587663275426493e+01 2.4188548400585205e-01
1.0589279646392711e+01 2.4182308341799374e-01
1.0590896017358927e+01 2.4176069630423377e-01
1.0592512388325146e+01 2.4169832266267782e-01
1.0594128759291362e+01 2.4163596249143174e-01
1.0595745130257580e+01 2.4157361578860104e-01
1.0597361501223798e+01 2.4151128255229154e-01
1.0598977872190014e+01 2.4144896278060834e-01
1.0600594243156232e+01 2.4138665647165683e-01
1.0602210614122450e+01 2.4132436362354243e-01
1.0603826985088666e+01 2.4126208423436987e-01
1.0605443356054884e+01 2.4119981830224410e-01
1.0607059727021102e+01 2.4113756582527035e-01
1.0608676097987319e+01 2.4107532680155302e-01
1.0610292468953537e+01 2.4101310122919659e-01
1.0611908839919753e+01 2.4095088910630585e-01
1.0613525210885971e+01 2.4088869043098504e-01
1.0615141581852189e+01 2.4082650520133816e-01
1.0616757952818405e+01 2.4076433341546988e-01
1.0618374323784623e+01 2.4070217507148375e-01
1.0619990694750841e+01 2.4064003016748381e-01
1.0621607065717058e+01 2.4057789870157409e-01
1.0623223436683276e+01 2.4051578067185780e-01
1.0624839807649494e+01 2.4045367607643880e-01
1.0626456178615710e+01 2.4039158491342075e-01
1.0628072549581928e+01 2.4032950718090651e-01
1.0629688920548144e+01 2.4026744287699953e-01
1.0631305291514362e+01 2.4020539199980293e-01
1.0632921662480580e+01 2.4014335454741970e-01
1.0634538033446796e+01 2.4008133051795258e-01
1.0636154404413015e+01 2.4001931990950456e-01
1.0637770775379233e+01 2.3995732272017817e-01
1.0639387146345449e+01 2.3989533894807580e-01
1.0641003517311667e+01 2.3983336859130025e-01
1.0642619888277885e+01 2.3977141164795343e-01
1.0644236259244101e+01 2.3970946811613772e-01
1.0645852630210319e+01 2.3964753799395536e-01
1.0647469001176535e+01 2.3958562127950808e-01
1.0649085372142753e+01 2.3952371797089775e-01
1.0650701743108971e+01 2.3946182806622632e-01
1.0652318114075188e+01 2.3939995156359528e-01
1.0653934485041406e+01 2.3933808846110616e-01
1.0655550856007624e+01 2.3927623875686038e-01
1.0657167226973840e+01 2.3921440244895942e-01
1.0658783597940058e+01 2.3915257953550420e-01
1.0660399968906274e+01 2.3909077001459617e-01
1.0662016339872492e+01 2.3902897388433572e-01
1.0663632710838710e+01 2.3896719114282416e-01
1.0665249081804927e+01 2.3890542178816243e-01
1.0666865452771145e+01 2.3884366581845048e-01
1.0668481823737363e+01 2.3878192323178937e-01
1.0670098194703579e+01 2.3872019402627964e-01
1.0671714565669797e+01 2.3865847820002101e-01
1.0673330936636015e+01 2.3859677575111418e-01
1.0674947307602231e+01 2.3853508667765921e-01
1.0676563678568449e+01 2.3847341097775593e-01
1.0678180049534665e+01 2.3841174864950423e-01
1.0679796420500884e+01 2.3835009969100387e-01
1.0681412791467102e+01 2.3828846410035462e-01
1.0683029162433318e+01 2.3822684187565593e-01
1.0684645533399536e+01 2.3816523301500733e-01
1.0686261904365754e+01 2.3810363751650801e-01
1.0687878275331970e+01 2.3804205537825740e-01
1.0689494646298188e+01 2.3798048659835436e-01
1.0691111017264406e+01 2.3791893117489804e-01
1.0692727388230622e+01 2.3785738910598750e-01
1.0694343759196840e+01 2.3779586038972128e-01
1.0695960130163057e+01 2.3773434502419824e-01
1.0697576501129275e+01 2.3767284300751693e-01
1.0699192872095493e+01 2.3761135433777572e-01
1.0700809243061709e+01 2.3754987901307306e-01
1.0702425614027927e+01 2.3748841703150725e-01
1.0704041984994145e+01 2.3742696839117633e-01
1.0705658355960361e+01 2.3736553309017852e-01
1.0707274726926579e+01 2.3730411112661154e-01
1.0708891097892797e+01 2.3724270249857340e-01
1.0710507468859014e+01 2.3718130720416195e-01
1.0712123839825232e+01 2.3711992524147446e-01
1.0713740210791448e+01 2.3705855660860886e-01
1.0715356581757666e+01 2.3699720130366228e-01
1.0716972952723884e+01 2.3693585932473199e-01
1.0718589323690100e+01 2.3687453066991551e-01
1.0720205694656318e+01 2.3681321533730956e-01
1.0721822065622536e+01 2.3675191332501153e-01
1.0723438436588753e+01 2.3669062463111801e-01
1.0725054807554971e+01 2.3662934925372595e-01
1.0726671178521189e+01 2.3656808719093197e-01
1.0728287549487405e+01 2.3650683844083278e-01
1.0729903920453623e+01 2.3644560300152456e-01
1.0731520291419839e+01 2.3638438087110408e-01
1.0733136662386057e+01 2.3632317204766734e-01
1.0734753033352275e+01 2.3626197652931050e-01
1.0736369404318491e+01 2.3620079431412991e-01
1.0737985775284709e+01 2.3613962540022118e-01
1.0739602146250927e+01 2.3607846978568042e-01
1.0741218517217144e+01 2.3601732746860329e-01
1.0742834888183362e+01 2.3595619844708543e-01
1.0744451259149578e+01 2.3589508271922252e-01
1.0746067630115796e+01 2.3583398028310990e-01
1.0747684001082014e+01 2.3577289113684280e-01
1.0749300372048230e+01 2.3571181527851687e-01
1.0750916743014448e+01 2.3565075270622682e-01
1.0752533113980666e+01 2.3558970341806793e-01
1.0754149484946883e+01 2.3552866741213518e-01
1.0755765855913101e+01 2.3546764468652329e-01
1.0757382226879319e+01 2.3540663523932703e-01
1.0758998597845535e+01 2.3534563906864120e-01
1.0760614968811753e+01 2.3528465617256014e-01
1.0762231339777969e+01 2.3522368654917836e-01
1.0763847710744187e+01 2.3516273019659026e-01
1.0765464081710405e+01 2.3510178711289004e-01
1.0767080452676622e+01 2.3504085729617183e-01
1.0768696823642840e+01 2.3497994074452980e-01
1.0770313194609058e+01 2.3491903745605777e-01
1.0771929565575274e+01 2.3485814742884950e-01
1.0773545936541492e+01 2.3479727066099904e-01
1.0775162307507710e+01 2.3473640715059976e-01
1.0776778678473926e+01 2.3467555689574532e-01
1.0778395049440144e+01 2.3461471989452920e-01
1.0780011420406360e+01 2.3455389614504474e-01
1.0781627791372578e+01 2.3449308564538501e-01
1.0783244162338796e+01 2.3443228839364352e-01
1.0784860533305013e+01 2.3437150438791315e-01
1.0786476904271231e+01 2.3431073362628668e-01
1.0788093275237449e+01 2.3424997610685730e-01
1.0789709646203665e+01 2.3418923182771767e-01
1.0791326017169883e+01 2.3412850078696026e-01
1.0792942388136101e+01 2.3406778298267794e-01
1.0794558759102317e+01 2.3400707841296317e-01
1.0796175130068535e+01 2.3394638707590795e-01
1.0797791501034752e+01 2.3388570896960512e-01
1.0799407872000970e+01 2.3382504409214633e-01
1.0801024242967188e+01 2.3376439244162400e-01
1.0802640613933404e+01 2.3370375401613022e-01
1.0804256984899622e+01 2.3364312881375651e-01
1.0805873355865840e+01 2.3358251683259482e-01
1.0807489726832056e+01 2.3352191807073719e-01
1.0809106097798274e+01 2.3346133252627480e-01
1.0810722468764492e+01 2.3340076019729930e-01
1.0812338839730709e+01 2.3334020108190240e-01
1.0813955210696927e+01 2.3327965517817498e-01
1.0815571581663143e+01 2.3321912248420851e-01
1.0817187952629361e+01 2.3315860299809416e-01
1.0818804323595579e+01 2.3309809671792278e-01
1.0820420694561795e+01 2.3303760364178555e-01
1.0822037065528013e+01 2.3297712376777324e-01
1.0823653436494231e+01 2.3291665709397655e-01
1.0825269807460447e+01 2.3285620361848627e-01
1.0826886178426665e+01 2.3279576333939289e-01
1.0828502549392883e+01 2.3273533625478687e-01
1.0830118920359100e+01 2.3267492236275869e-01
1.0831735291325318e+01 2.3261452166139862e-01
1.0833351662291534e+01 2.3255413414879672e-01
1.0834968033257752e+01 2.3249375982304338e-01
1.0836584404223970e+01 2.3243339868222845e-01
1.0838200775190186e+01 2.3237305072444181e-01
1.0839817146156404e+01 2.3231271594777336e-01
1.0841433517122622e+01 2.3225239435031286e-01
1.0843049888088839e+01 2.3219208593015003e-01
1.0844666259055057e+01 2.3213179068537423e-01
1.0846282630021273e+01 2.3207150861407516e-01
1.0847899000987491e+01 2.3201123971434193e-01
1.0849515371953709e+01 2.3195098398426400e-01
1.0851131742919925e+01 2.3189074142193070e-01
1.0852748113886143e+01 2.3183051202543084e-01
1.0854364484852361e+01 2.3177029579285349e-01
1.0855980855818578e+01 2.3171009272228785e-01
1.0857597226784796e+01 2.3164990281182235e-01
1.0859213597751014e+01 2.3158972605954606e-01
1.0860829968717230e+01 2.3152956246354747e-01
1.0862446339683448e+01 2.3146941202191515e-01
1.0864062710649664e+01 2.3140927473273762e-01
1.0865679081615882e+01 2.3134915059410335e-01
1.0867295452582100e+01 2.3128903960410022e-01
1.0868911823548316e+01 2.3122894176081701e-01
1.0870528194514534e+01 2.3116885706234150e-01
1.0872144565480752e+01 2.3110878550676167e-01
1.0873760936446969e+01 2.3104872709216573e-01
1.0875377307413187e+01 2.3098868181664126e-01
1.0876993678379405e+01 2.3092864967827606e-01
1.0878610049345621e+01 2.3086863067515812e-01
1.0880226420311839e+01 2.3080862480537453e-01
1.0881842791278055e+01 2.3074863206701321e-01
1.0883459162244273e+01 2.3068865245816128e-01
1.0885075533210491e+01 2.3062868597690625e-01
1.0886691904176708e+01 2.3056873262133523e-01
1.0888308275142926e+01 2.3050879238953537e-01
1.0889924646109144e+01 2.3044886527959380e-01
1.0891541017075360e+01 2.3038895128959763e-01
1.0893157388041578e+01 2.3032905041763332e-01
1.0894773759007796e+01 2.3026916266178810e-01
1.0896390129974012e+01 2.3020928802014853e-01
1.0898006500940230e+01 2.3014942649080122e-01
1.0899622871906447e+01 2.3008957807183270e-01
1.0901239242872665e+01 2.3002974276132940e-01
1.0902855613838883e+01 2.2996992055737772e-01
1.0904471984805099e+01 2.2991011145806406e-01
1.0906088355771317e+01 2.2985031546147441e-01
1.0907704726737535e+01 2.2979053256569504e-01
1.0909321097703751e+01 2.2973076276881196e-01
1.0910937468669969e+01 2.2967100606891097e-01
1.0912553839636187e+01 2.2961126246407812e-01
1.0914170210602403e+01 2.2955153195239916e-01
1.0915786581568621e+01 2.2949181453195960e-01
1.0917402952534838e+01 2.2943211020084531e-01
1.0919019323501056e+01 2.2937241895714164e-01
1.0920635694467274e+01 2.2931274079893391e-01
1.0922252065433490e+01 2.2925307572430781e-01
1.0923868436399708e+01 2.2919342373134835e-01
1.0925484807365926e+01 2.2913378481814076e-01
1.0927101178332142e+01 2.2907415898277025e-01
1.0928717549298360e+01 2.2901454622332168e-01
1.0930333920264577e+01 2.2895494653788021e-01
1.0931950291230795e+01 2.2889535992453047e-01
1.0933566662197013e+01 2.2883578638135726e-01
1.0935183033163229e+01 2.2877622590644545e-01
1.0936799404129447e+01 2.2871667849787944e-01
1.0938415775095665e+01 2.2865714415374383e-01
1.0940032146061881e+01 2.2859762287212315e-01
1.0941648517028099e+01 2.2853811465110163e-01
1.0943264887994317e+01 2.2847861948876358e-01
1.0944881258960534e+01 2.2841913738319342e-01
1.0946497629926752e+01 2.2835966833247481e-01
1.0948114000892968e+01 2.2830021233469222e-01
1.0949730371859186e+01 2.2824076938792942e-01
1.0951346742825404e+01 2.2818133949027025e-01
1.0952963113791620e+01 2.2812192263979850e-01
1.0954579484757838e+01 2.2806251883459808e-01
1.0956195855724056e+01 2.2800312807275236e-01
1.0957812226690272e+01 2.2794375035234510e-01
1.0959428597656490e+01 2.2788438567145966e-01
1.0961044968622708e+01 2.2782503402817941e-01
1.0962661339588925e+01 2.2776569542058778e-01
1.0964277710555143e+01 2.2770636984676790e-01
1.0965894081521359e+01 2.2764705730480295e-01
1.0967510452487577e+01 2.2758775779277601e-01
1.0969126823453795e+01 2.2752847130877013e-01
1.0970743194420011e+01 2.2746919785086811e-01
1.0972359565386229e+01 2.2740993741715279e-01
1.0973975936352447e+01 2.2735069000570712e-01
1.0975592307318664e+01 2.2729145561461370e-01
1.0977208678284882e+01 2.2723223424195488e-01
1.0978825049251100e+01 2.2717302588581367e-01
1.0980441420217316e+01 2.2711383054427209e-01
1.0982057791183534e+01 2.2705464821541255e-01
1.0983674162149750e+01 2.2699547889731778e-01
1.0985290533115968e+01 2.2693632258806942e-01
1.0986906904082186e+01 2.2687717928574974e-01
1.0988523275048403e+01 2.2681804898844121e-01
1.0990139646014621e+01 2.2675893169422540e-01
1.0991756016980839e+01 2.2669982740118419e-01
1.0993372387947055e+01 2.2664073610739990e-01
1.0994988758913273e+01 2.2658165781095363e-01
1.0996605129879491e+01 2.2652259250992735e-01
1.0998221500845707e+01 2.2646354020240295e-01
1.0999837871811925e+01 2.2640450088646155e-01
1.1001454242778141e+01 2.2634547456018467e-01
1.1003070613744359e+01 2.2628646122165380e-01
1.1004686984710577e+01 2.2622746086895018e-01
1.1006303355676794e+01 2.2616847350015507e-01
1.1007919726643012e+01 2.2610949911334960e-01
1.1009536097609230e+01 2.2605053770661473e-01
1.1011152468575446e+01 2.2599158927803159e-01
1.1012768839541664e+01 2.2593265382568117e-01
1.1014385210507882e+01 2.2587373134764416e-01
1.1016001581474098e+01 2.2581482184200133e-01
1.1017617952440316e+01 2.2575592530683358e-01
1.1019234323406533e+01 2.2569704174022126e-01
1.1020850694372751e+01 2.2563817114024523e-01
1.1022467065338969e+01 2.2557931350498567e-01
1.1024083436305185e+01 2.2552046883252314e-01
1.1025699807271403e+01 2.2546163712093797e-01
1.1027316178237621e+01 2.2540281836831050e-01
1.1028932549203837e+01 2.2534401257272060e-01
1.1030548920170055e+01 2.2528521973224874e-01
1.1032165291136272e+01 2.2522643984497495e-01
1.1033781662102490e+01 2.2516767290897879e-01
1.1035398033068708e+01 2.2510891892234058e-01
1.1037014404034924e+01 2.2505017788314008e-01
1.1038630775001142e+01 2.2499144978945670e-01
1.1040247145967360e+01 2.2493273463937050e-01
1.1041863516933576e+01 2.2487403243096118e-01
1.1043479887899794e+01 2.2481534316230775e-01
1.1045096258866012e+01 2.2475666683149009e-01
1.1046712629832228e+01 2.2469800343658755e-01
1.1048329000798446e+01 2.2463935297567922e-01
1.1049945371764663e+01 2.2458071544684466e-01
1.1051561742730881e+01 2.2452209084816296e-01
1.1053178113697099e+01 2.2446347917771298e-01
1.1054794484663315e+01 2.2440488043357412e-01
1.1056410855629533e+01 2.2434629461382513e-01
1.1058027226595751e+01 2.2428772171654490e-01
1.1059643597561967e+01 2.2422916173981244e-01
1.1061259968528185e+01 2.2417061468170640e-01
1.1062876339494403e+01 2.2411208054030526e-01
1.1064492710460620e+01 2.2405355931368803e-01
1.1066109081426838e+01 2.2399505099993300e-01
1.1067725452393054e+01 2.2393655559711872e-01
1.1069341823359272e+01 2.2387807310332355e-01
1.1070958194325490e+01 2.2381960351662605e-01
1.1072574565291706e+01 2.2376114683510409e-01
1.1074190936257924e+01 2.2370270305683623e-01
1.1075807307224142e+01 2.2364427217990043e-01
1.1077423678190359e+01 2.2358585420237492e-01
1.1079040049156577e+01 2.2352744912233752e-01
1.1080656420122795e+01 2.2346905693786631e-01
1.1082272791089011e+01 2.2341067764703904e-01
1.1083889162055229e+01 2.2335231124793350e-01
1.1085505533021445e+01 2.2329395773862765e-01
1.1087121903987663e+01 2.2323561711719880e-01
1.1088738274953881e+01 2.2317728938172479e-01
1.1090354645920097e+01 2.2311897453028304e-01
1.1091971016886315e+01 2.2306067256095111e-01
1.1093587387852534e+01 2.2300238347180631e-01
1.1095203758818750e+01 2.2294410726092606e-01
1.1096820129784968e+01 2.2288584392638744e-01
1.1098436500751186e+01 2.2282759346626776e-01
1.1100052871717402e+01 2.2276935587864427e-01
1.1101669242683620e+01 2.2271113116159383e-01
1.1103285613649836e+01 2.2265291931319361e-01
1.1104901984616054e+01 2.2259472033152042e-01
1.1106518355582272e+01 2.2253653421465111e-01
1.1108134726548489e+01 2.2247836096066259e-01
1.1109751097514707e+01 2.2242020056763154e-01
1.1111367468480925e+01 2.2236205303363460e-01
1.1112983839447141e+01 2.2230391835674856e-01
1.1114600210413359e+01 2.2224579653504972e-01
1.1116216581379575e+01 2.2218768756661469e-01
1.1117832952345793e+01 2.2212959144951974e-01
1.1119449323312011e+01 2.2207150818184140e-01
1.1121065694278228e+01 2.2201343776165600e-01
1.1122682065244446e+01 2.2195538018703956e-01
1.1124298436210664e+01 2.2189733545606824e-01
1.1125914807176880e+01 2.2183930356681844e-01
1.1127531178143098e+01 2.2178128451736581e-01
1.1129147549109316e+01 2.2172327830578650e-01
1.1130763920075532e+01 2.2166528493015655e-01
1.1132380291041750e+01 2.2160730438855150e-01
1.1133996662007966e+01 2.2154933667904739e-01
1.1135613032974184e+01 2.2149138179971978e-01
1.1137229403940403e+01 2.2143343974864443e-01
1.1138845774906619e+01 2.2137551052389684e-01
1.1140462145872837e+01 2.2131759412355262e-01
1.1142078516839055e+01 2.2125969054568717e-01
1.1143694887805271e+01 2.2120179978837587e-01
1.1145311258771489e+01 2.2114392184969422e-01
1.1146927629737707e+01 2.2108605672771739e-01
1.1148544000703923e+01 2.2102820442052065e-01
1.1150160371670141e+01 2.2097036492617916e-01
1.1151776742636358e+01 2.2091253824276805e-01
1.1153393113602576e+01 2.2085472436836218e-01
1.1155009484568794e+01 2.2079692330103667e-01
1.1156625855535010e+01 2.2073913503886658e-01
1.1158242226501228e+01 2.2068135957992641e-01
1.1159858597467446e+01 2.2062359692229130e-01
1.1161474968433662e+01 2.2056584706403592e-01
1.1163091339399880e+01 2.2050811000323461e-01
1.1164707710366098e+01 2.2045038573796258e-01
1.1166324081332315e+01 2.2039267426629397e-01
1.1167940452298533e+01 2.2033497558630330e-01
1.1169556823264749e+01 2.2027728969606525e-01
1.1171173194230967e+01 2.2021961659365394e-01
1.1172789565197185e+01 2.2016195627714372e-01
1.1174405936163401e+01 2.2010430874460918e-01
1.1176022307129619e+01 2.2004667399412411e-01
1.1177638678095837e+01 2.1998905202376276e-01
1.1179255049062053e+01 2.1993144283159960e-01
1.1180871420028272e+01 2.1987384641570809e-01
1.1182487790994490e+01 2.1981626277416244e-01
1.1184104161960706e+01 2.1975869190503677e-01
1.1185720532926924e+01 2.1970113380640457e-01
1.1187336903893140e+01 2.1964358847633991e-01
1.1188953274859358e+01 2.1958605591291661e-01
1.1190569645825576e+01 2.1952853611420797e-01
1.1192186016791792e+01 2.1947102907828783e-01
1.1193802387758010e+01 2.1941353480322998e-01
1.1195418758724228e+01 2.1935605328710756e-01
1.1197035129690445e+01 2.1929858452799417e-01
1.1198651500656663e+01 2.1924112852396338e-01
1.1200267871622881e+01 2.1918368527308837e-01
1.1201884242589097e+01 2.1912625477344233e-01
1.1203500613555315e+01 2.1906883702309879e-01
1.1205116984521531e+01 2.1901143202013065e-01
1.1206733355487749e+01 2.1895403976261116e-01
1.1208349726453967e+01 2.1889666024861343e-01
1.1209966097420184e+01 2.1883929347621028e-01
1.1211582468386402e+01 2.1878193944347496e-01
1.1213198839352620e+01 2.1872459814848005e-01
1.1214815210318836e+01 2.1866726958929869e-01
1.1216431581285054e+01 2.1860995376400338e-01
1.1218047952251270e+01 2.1855265067066723e-01
1.1219664323217488e+01 2.1849536030736255e-01
1.1221280694183706e+01 2.1843808267216205e-01
1.1222897065149922e+01 2.1838081776313867e-01
1.1224513436116140e+01 2.1832356557836430e-01
1.1226129807082359e+01 2.1826632611591187e-01
1.1227746178048575e+01 2.1820909937385383e-01
1.1229362549014793e+01 2.1815188535026217e-01
1.1230978919981011e+01 2.1809468404320950e-01
1.1232595290947227e+01 2.1803749545076803e-01
1.1234211661913445e+01 2.1798031957100983e-01
1.1235828032879661e+01 2.1792315640200713e-01
1.1237444403845879e+01 2.1786600594183209e-01
1.1239060774812097e+01 2.1780886818855652e-01
1.1240677145778314e+01 2.1775174314025283e-01
1.1242293516744532e+01 2.1769463079499263e-01
1.1243909887710750e+01 2.1763753115084764e-01
1.1245526258676966e+01 2.1758044420589023e-01
1.1247142629643184e+01 2.1752336995819180e-01
1.1248759000609402e+01 2.1746630840582409e-01
1.1250375371575618e+01 2.1740925954685894e-01
1.1251991742541836e+01 2.1735222337936796e-01
1.1253608113508053e+01 2.1729519990142257e-01
1.1255224484474271e+01 2.1723818911109435e-01
1.1256840855440489e+01 2.1718119100645492e-01
1.1258457226406705e+01 2.1712420558557546e-01
1.1260073597372923e+01 2.1706723284652760e-01
1.1261689968339141e+01 2.1701027278738261e-01
1.1263306339305357e+01 2.1695332540621154e-01
1.1264922710271575e+01 2.1689639070108588e-01
1.1266539081237793e+01 2.1683946867007670e-01
1.1268155452204009e+01 2.1678255931125509e-01
1.1269771823170228e+01 2.1672566262269211e-01
1.1271388194136444e+01 2.1666877860245895e-01
1.1273004565102662e+01 2.1661190724862631e-01
1.1274620936068880e+01 2.1655504855926538e-01
1.1276237307035096e+01 2.1649820253244703e-01
1.1277853678001314e+01 2.1644136916624176e-01
1.1279470048967532e+01 2.1638454845872068e-01
1.1281086419933748e+01 2.1632774040795461e-01
1.1282702790899966e+01 2.1627094501201377e-01
1.1284319161866184e+01 2.1621416226896917e-01
1.1285935532832401e+01 2.1615739217689142e-01
1.1287551903798619e+01 2.1610063473385085e-01
1.1289168274764835e+01 2.1604388993791807e-01
1.1290784645731053e+01 2.1598715778716343e-01
1.1292401016697271e+01 2.1593043827965738e-01
1.1294017387663487e+01 2.1587373141347035e-01
1.1295633758629705e+01 2.1581703718667253e-01
1.1297250129595923e+01 2.1576035559733422e-01
1.1298866500562140e+01 2.1570368664352568e-01
1.1300482871528358e+01 2.1564703032331695e-01
1.1302099242494574e+01 2.1559038663477834e-01
1.1303715613460792e+01 2.1553375557597965e-01
1.1305331984427010e+01 2.1547713714499112e-01
1.1306948355393226e+01 2.1542053133988270e-01
1.1308564726359444e+01 2.1536393815872423e-01
1.1310181097325662e+01 2.1530735759958561e-01
1.1311797468291878e+01 2.1525078966053671e-01
1.1313413839258097e+01 2.1519423433964732e-01
1.1315030210224315e+01 2.1513769163498725e-01
1.1316646581190531e+01 2.1508116154462611e-01
1.1318262952156749e+01 2.1502464406663366e-01
1.1319879323122965e+01 2.1496813919907934e-01
1.1321495694089183e+01 2.1491164694003295e-01
1.1323112065055401e+01 2.1485516728756385e-01
1.1324728436021617e+01 2.1479870023974151e-01
1.1326344806987835e+01 2.1474224579463555e-01
1.1327961177954053e+01 2.1468580395031511e-01
1.1329577548920270e+01 2.1462937470484975e-01
1.1331193919886488e+01 2.1457295805630866e-01
1.1332810290852706e+01 2.1451655400276112e-01
1.1334426661818922e+01 2.1446016254227632e-01
1.1336043032785140e+01 2.1440378367292362e-01
1.1337659403751356e+01 2.1434741739277199e-01
1.1339275774717574e+01 2.1429106369989034e-01
1.1340892145683792e+01 2.1423472259234813e-01
1.1342508516650009e+01 2.1417839406821407e-01
1.1344124887616227e+01 2.1412207812555703e-01
1.1345741258582445e+01 2.1406577476244629e-01
1.1347357629548661e+01 2.1400948397695058e-01
1.1348974000514879e+01 2.1395320576713850e-01
1.1350590371481097e+01 2.1389694013107910e-01
1.1352206742447313e+01 2.1384068706684115e-01
1.1353823113413531e+01 2.1378444657249307e-01
1.1355439484379747e+01 2.1372821864610392e-01
1.1357055855345966e+01 2.1367200328574201e-01
1.1358672226312184e+01 2.1361580048947598e-01
1.1360288597278400e+01 2.1355961025537465e-01
1.1361904968244618e+01 2.1350343258150617e-01
1.1363521339210836e+01 2.1344726746593912e-01
1.1365137710177052e+01 2.1339111490674204e-01
1.1366754081143270e+01 2.1333497490198311e-01
1.1368370452109488e+01 2.1327884744973077e-01
1.1369986823075704e+01 2.1322273254805355e-01
1.1371603194041922e+01 2.1316663019501927e-01
1.1373219565008139e+01 2.1311054038869640e-01
1.1374835935974357e+01 2.1305446312715320e-01
1.1376452306940575e+01 2.1299839840845755e-01
1.1378068677906791e+01 2.1294234623067781e-01
1.1379685048873009e+01 2.1288630659188190e-01
1.1381301419839227e+01 2.1283027949013794e-01
1.1382917790805443e+01 2.1277426492351378e-01
1.1384534161771661e+01 2.1271826289007750e-01
1.1386150532737879e+01 2.1266227338789695e-01
1.1387766903704096e+01 2.1260629641504003e-01
1.1389383274670314e+01 2.1255033196957454e-01
1.1390999645636530e+01 2.1249438004956828e-01
1.1392616016602748e+01 2.1243844065308903e-01
1.1394232387568966e+01 2.1238251377820450e-01
1.1395848758535182e+01 2.1232659942298235e-01
1.1397465129501400e+01 2.1227069758549019e-01
1.1399081500467618e+01 2.1221480826379577e-01
1.1400697871433835e+01 2.1215893145596645e-01
1.1402314242400053e+01 2.1210306716006985e-01
1.1403930613366269e+01 2.1204721537417362e-01
1.1405546984332487e+01 2.1199137609634497e-01
1.1407163355298705e+01 2.1193554932465139e-01
1.1408779726264921e+01 2.1187973505716054e-01
1.1410396097231139e+01 2.1182393329193924e-01
1.1412012468197357e+01 2.1176814402705529e-01
1.1413628839163573e+01 2.1171236726057577e-01
1.1415245210129791e+01 2.1165660299056785e-01
1.1416861581096009e+01 2.1160085121509875e-01
1.1418477952062226e+01 2.1154511193223594e-01
1.1420094323028444e+01 2.1148938514004600e-01
1.1421710693994660e+01 2.1143367083659662e-01
1.1423327064960878e+01 2.1137796901995445e-01
1.1424943435927096e+01 2.1132227968818657e-01
1.1426559806893312e+01 2.1126660283936027e-01
1.1428176177859530e+01 2.1121093847154221e-01
1.1429792548825748e+01 2.1115528658279922e-01
1.1431408919791965e+01 2.1109964717119864e-01
1.1433025290758183e+01 2.1104402023480701e-01
1.1434641661724401e+01 2.1098840577169101e-01
1.1436258032690617e+01 2.1093280377991772e-01
1.1437874403656835e+01 2.1087721425755390e-01
1.1439490774623051e+01 2.1082163720266608e-01
1.1441107145589269e+01 2.1076607261332098e-01
1.1442723516555487e+01 2.1071052048758537e-01
1.1444339887521704e+01 2.1065498082352579e-01
1.1445956258487922e+01 2.1059945361920882e-01
1.1447572629454140e+01 2.1054393887270109e-01
1.1449189000420356e+01 2.1048843658206895e-01
1.1450805371386574e+01 2.1043294674537916e-01
1.1452421742352792e+01 2.1037746936069798e-01
1.1454038113319008e+01 2.1032200442609184e-01
1.1455654484285226e+01 2.1026655193962715e-01
1.1457270855251442e+01 2.1021111189937039e-01
1.1458887226217660e+01 2.1015568430338777e-01
1.1460503597183878e+01 2.1010026914974558e-01
1.1462119968150095e+01 2.1004486643651016e-01
1.1463736339116313e+01 2.0998947616174765e-01
1.1465352710082531e+01 2.0993409832352433e-01
1.1466969081048747e+01 2.0987873291990639e-01
1.1468585452014965e+01 2.0982337994895986e-01
1.1470201822981183e+01 2.0976803940875097e-01
1.1471818193947399e+01 2.0971271129734584e-01
1.1473434564913617e+01 2.0965739561281027e-01
1.1475050935879834e+01 2.0960209235321056e-01
1.1476667306846052e+01 2.0954680151661256e-01
1.1478283677812270e+01 2.0949152310108218e-01
1.1479900048778486e+01 2.0943625710468558e-01
1.1481516419744704e+01 2.0938100352548836e-01
1.1483132790710922e+01 2.0932576236155662e-01
1.1484749161677138e+01 2.0927053361095610e-01
1.1486365532643356e+01 2.0921531727175255e-01
1.1487981903609572e+01 2.0916011334201193e-01
1.1489598274575791e+01 2.0910492181979976e-01
1.1491214645542009e+01 2.0904974270318191e-01
1.1492831016508225e+01 2.0899457599022425e-01
1.1494447387474443e+01 2.0893942167899202e-01
1.1496063758440661e+01 2.0888427976755122e-01
1.1497680129406877e+01 2.0882915025396734e-01
1.1499296500373095e+01 2.0877403313630591e-01
1.1500912871339313e+01 2.0871892841263262e-01
1.1502529242305529e+01 2.0866383608101285e-01
1.1504145613271747e+01 2.0860875613951213e-01
1.1505761984237964e+01 2.0855368858619611e-01
1.1507378355204182e+01 2.0849863341912991e-01
1.1508994726170400e+01 2.0844359063637916e-01
1.1510611097136616e+01 2.0838856023600932e-01
1.1512227468102834e+01 2.0833354221608555e-01
1.1513843839069052e+01 2.0827853657467338e-01
1.1515460210035268e+01 2.0822354330983794e-01
1.1517076581001486e+01 2.0816856241964468e-01
1.1518692951967704e+01 2.0811359390215867e-01
1.1520309322933921e+01 2.0805863775544531e-01
1.1521925693900139e+01 2.0800369397756979e-01
1.1523542064866355e+01 2.0794876256659720e-01
1.1525158435832573e+01 2.0789384352059267e-01
1.1526774806798791e+01 2.0783893683762147e-01
1.1528391177765007e+01 2.0778404251574864e-01
1.1530007548731225e+01 2.0772916055303911e-01
1.1531623919697443e+01 2.0767429094755827e-01
1.1533240290663660e+01 2.0761943369737085e-01
1.1534856661629878e+01 2.0756458880054185e-01
1.1536473032596096e+01 2.0750975625513651e-01
1.1538089403562312e+01 2.0745493605921958e-01
1.1539705774528530e+01 2.0740012821085588e-01
1.1541322145494746e+01 2.0734533270811065e-01
1.1542938516460964e+01 2.0729054954904855e-01
1.1544554887427182e+01 2.0723577873173432e-01
1.1546171258393398e+01 2.0718102025423307e-01
1.1547787629359616e+01 2.0712627411460943e-01
1.1549404000325834e+01 2.0707154031092820e-01
1.1551020371292051e+01 2.0701681884125436e-01
1.1552636742258269e+01 2.0696210970365223e-01
1.1554253113224487e+01 2.0690741289618675e-01
1.1555869484190703e+01 2.0685272841692290e-01
1.1557485855156921e+01 2.0679805626392483e-01
1.1559102226123137e+01 2.0674339643525752e-01
1.1560718597089355e+01 2.0668874892898551e-01
1.1562334968055573e+01 2.0663411374317339e-01
1.1563951339021790e+01 2.0657949087588570e-01
1.1565567709988008e+01 2.0652488032518718e-01
1.1567184080954226e+01 2.0647028208914214e-01
1.1568800451920442e+01 2.0641569616581512e-01
1.1570416822886660e+01 2.0636112255327080e-01
1.1572033193852878e+01 2.0630656124957350e-01
1.1573649564819094e+01 2.0625201225278761e-01
1.1575265935785312e+01 2.0619747556097778e-01
1.1576882306751529e+01 2.0614295117220821e-01
1.1578498677717747e+01 2.0608843908454344e-01
1.1580115048683965e+01 2.0603393929604780e-01
1.1581731419650181e+01 2.0597945180478544e-01
1.1583347790616399e+01 2.0592497660882098e-01
1.1584964161582617e+01 2.0587051370621856e-01
1.1586580532548833e+01 2.0581606309504250e-01
1.1588196903515051e+01 2.0576162477335699e-01
1.1589813274481267e+01 2.0570719873922658e-01
1.1591429645447485e+01 2.0565278499071499e-01
1.1593046016413703e+01 2.0559838352588680e-01
1.1594662387379920e+01 2.0554399434280621e-01
1.1596278758346138e+01 2.0548961743953709e-01
1.1597895129312356e+01 2.0543525281414382e-01
1.1599511500278572e+01 2.0538090046469065e-01
1.1601127871244790e+01 2.0532656038924130e-01
1.1602744242211008e+01 2.0527223258586011e-01
1.1604360613177224e+01 2.0521791705261128e-01
1.1605976984143442e+01 2.0516361378755851e-01
1.1607593355109659e+01 2.0510932278876617e-01
1.1609209726075877e+01 2.0505504405429817e-01
1.1610826097042095e+01 2.0500077758221835e-01
1.1612442468008311e+01 2.0494652337059097e-01
1.1614058838974529e+01 2.0489228141747989e-01
1.1615675209940747e+01 2.0483805172094877e-01
1.1617291580906963e+01 2.0478383427906210e-01
1.1618907951873181e+01 2.0472962908988329e-01
1.1620524322839399e+01 2.0467543615147643e-01
1.1622140693805616e+01 2.0462125546190546e-01
1.1623757064771834e+01 2.0456708701923423e-01
1.1625373435738050e+01 2.0451293082152647e-01
1.1626989806704268e+01 2.0445878686684610e-01
1.1628606177670486e+01 2.0440465515325687e-01
1.1630222548636702e+01 2.0435053567882264e-01
1.1631838919602920e+01 2.0429642844160717e-01
1.1633455290569138e+01 2.0424233343967424e-01
1.1635071661535354e+01 2.0418825067108751e-01
1.1636688032501572e+01 2.0413418013391077e-01
1.1638304403467790e+01 2.0408012182620777e-01
1.1639920774434007e+01 2.0402607574604226e-01
1.1641537145400225e+01 2.0397204189147772e-01
1.1643153516366441e+01 2.0391802026057806e-01
1.1644769887332659e+01 2.0386401085140679e-01
1.1646386258298877e+01 2.0381001366202761e-01
1.1648002629265093e+01 2.0375602869050422e-01
1.1649619000231311e+01 2.0370205593489998e-01
1.1651235371197529e+01 2.0364809539327874e-01
1.1652851742163746e+01 2.0359414706370405e-01
1.1654468113129964e+01 2.0354021094423930e-01
1.1656084484096182e+01 2.0348628703294819e-01
1.1657700855062398e+01 2.0343237532789432e-01
1.1659317226028616e+01 2.0337847582714114e-01
1.1660933596994832e+01 2.0332458852875215e-01
1.1662549967961050e+01 2.0327071343079084e-01
1.1664166338927268e+01 2.0321685053132074e-01
1.1665782709893485e+01 2.0316299982840541e-01
1.1667399080859703e+01 2.0310916132010809e-01
1.1669015451825921e+01 2.0305533500449235e-01
1.1670631822792137e+01 2.0300152087962176e-01
1.1672248193758355e+01 2.0294771894355954e-01
1.1673864564724571e+01 2.0289392919436930e-01
1.1675480935690789e+01 2.0284015163011418e-01
1.1677097306657007e+01 2.0278638624885770e-01
1.1678713677623223e+01 2.0273263304866337e-01
1.1680330048589441e+01 2.0267889202759437e-01
1.1681946419555659e+01 2.0262516318371404e-01
1.1683562790521876e+01 2.0257144651508591e-01
1.1685179161488094e+01 2.0251774201977321e-01
1.1686795532454312e+01 2.0246404969583912e-01
1.1688411903420528e+01 2.0241036954134722e-01
1.1690028274386746e+01 2.0235670155436050e-01
1.1691644645352962e+01 2.0230304573294255e-01
1.1693261016319180e+01 2.0224940207515643e-01
1.1694877387285398e+01 2.0219577057906554e-01
1.1696493758251615e+01 2.0214215124273302e-01
1.1698110129217833e+01 2.0208854406422219e-01
1.1699726500184051e+01 2.0203494904159625e-01
1.1701342871150267e+01 2.0198136617291854e-01
1.1702959242116485e+01 2.0192779545625195e-01
1.1704575613082703e+01 2.0187423688966002e-01
1.1706191984048919e+01 2.0182069047120590e-01
1.1707808355015137e+01 2.0176715619895269e-01
1.1709424725981354e+01 2.0171363407096360e-01
1.1711041096947572e+01 2.0166012408530171e-01
1.1712657467913790e+01 2.0160662624003023e-01
1.1714273838880006e+01 2.0155314053321244e-01
1.1715890209846224e+01 2.0149966696291130e-01
1.1717506580812442e+01 2.0144620552718998e-01
1.1719122951778658e+01 2.0139275622411176e-01
1.1720739322744876e+01 2.0133931905173952e-01
1.1722355693711094e+01 2.0128589400813662e-01
1.1723972064677310e+01 2.0123248109136604e-01
1.1725588435643528e+01 2.0117908029949064e-01
1.1727204806609745e+01 2.0112569163057401e-01
1.1728821177575963e+01 2.0107231508267878e-01
1.1730437548542181e+01 2.0101895065386821e-01
1.1732053919508397e+01 2.0096559834220545e-01
1.1733670290474615e+01 2.0091225814575336e-01
1.1735286661440833e+01 2.0085893006257499e-01
1.1736903032407049e+01 2.0080561409073361e-01
1.1738519403373267e+01 2.0075231022829204e-01
1.1740135774339485e+01 2.0069901847331337e-01
1.1741752145305702e+01 2.0064573882386083e-01
1.1743368516271920e+01 2.0059247127799701e-01
1.1744984887238136e+01 2.0053921583378526e-01
1.1746601258204354e+01 2.0048597248928848e-01
1.1748217629170572e+01 2.0043274124256971e-01
1.1749834000136788e+01 2.0037952209169180e-01
1.1751450371103006e+01 2.0032631503471787e-01
1.1753066742069224e+01 2.0027312006971090e-01
1.1754683113035441e+01 2.0021993719473380e-01
1.1756299484001659e+01 2.0016676640784975e-01
1.1757915854967875e+01 2.0011360770712142e-01
1.1759532225934093e+01 2.0006046109061185e-01
1.1761148596900311e+01 2.0000732655638412e-01
1.1762764967866527e+01 1.9995420410250114e-01
1.1764381338832745e+01 1.9990109372702577e-01
1.1765997709798963e+01 1.9984799542802109e-01
1.1767614080765179e+01 1.9979490920354995e-01
1.1769230451731397e+01 1.9974183505167520e-01
1.1770846822697616e+01 1.9968877297046006e-01
1.1772463193663832e+01 1.9963572295796717e-01
1.1774079564630050e+01 1.9958268501225956e-01
1.1775695935596266e+01 1.9952965913140022e-01
1.1777312306562484e+01 1.9947664531345191e-01
1.1778928677528702e+01 1.9942364355647760e-01
1.1780545048494918e+01 1.9937065385854050e-01
1.1782161419461136e+01 1.9931767621770299e-01
1.1783777790427354e+01 1.9926471063202836e-01
1.1785394161393571e+01 1.9921175709957953e-01
1.1787010532359789e+01 1.9915881561841903e-01
1.1788626903326007e+01 1.9910588618661013e-01
1.1790243274292223e+01 1.9905296880221562e-01
1.1791859645258441e+01 1.9900006346329832e-01
1.1793476016224657e+01 1.9894717016792124e-01
1.1795092387190875e+01 1.9889428891414729e-01
1.1796708758157093e+01 1.9884141970003913e-01
1.1798325129123310e+01 1.9878856252365995e-01
1.1799941500089528e+01 1.9873571738307244e-01
1.1801557871055746e+01 1.9868288427633943e-01
1.1803174242021962e+01 1.9863006320152410e-01
1.1804790612988180e+01 1.9857725415668911e-01
1.1806406983954398e+01 1.9852445713989728e-01
1.1808023354920614e+01 1.9847167214921163e-01
1.1809639725886832e+01 1.9841889918269512e-01
1.1811256096853048e+01 1.9836613823841043e-01
1.1812872467819266e+01 1.9831338931442058e-01
1.1814488838785485e+01 1.9826065240878840e-01
1.1816105209751701e+01 1.9820792751957686e-01
1.1817721580717919e+01 1.9815521464484867e-01
1.1819337951684137e+01 1.9810251378266688e-01
1.1820954322650353e+01 1.9804982493109421e-01
1.1822570693616571e+01 1.9799714808819369e-01
1.1824187064582789e+01 1.9794448325202821e-01
1.1825803435549005e+01 1.9789183042066058e-01
1.1827419806515223e+01 1.9783918959215360e-01
1.1829036177481440e+01 1.9778656076457043e-01
1.1830652548447658e+01 1.9773394393597374e-01
1.1832268919413876e+01 1.9768133910442640e-01
1.1833885290380092e+01 1.9762874626799146e-01
1.1835501661346310e+01 1.9757616542473166e-01
1.1837118032312528e+01 1.9752359657271013e-01
1.1838734403278744e+01 1.9747103970998950e-01
1.1840350774244962e+01 1.9741849483463275e-01
1.1841967145211180e+01 1.9736596194470288e-01
1.1843583516177397e+01 1.9731344103826279e-01
1.1845199887143615e+01 1.9726093211337520e-01
1.1846816258109831e+01 1.9720843516810332e-01
1.1848432629076049e+01 1.9715595020050969e-01
1.1850049000042267e+01 1.9710347720865751e-01
1.1851665371008483e+01 1.9705101619060972e-01
1.1853281741974701e+01 1.9699856714442901e-01
1.1854898112940919e+01 1.9694613006817854e-01
1.1856514483907135e+01 1.9689370495992106e-01
1.1858130854873353e+01 1.9684129181771964e-01
1.1859747225839570e+01 1.9678889063963717e-01
1.1861363596805788e+01 1.9673650142373655e-01
1.1862979967772006e+01 1.9668412416808084e-01
1.1864596338738222e+01 1.9663175887073289e-01
1.1866212709704440e+01 1.9657940552975564e-01
1.1867829080670658e+01 1.9652706414321203e-01
1.1869445451636874e+01 1.9647473470916524e-01
1.1871061822603092e+01 1.9642241722567796e-01
1.1872678193569310e+01 1.9637011169081334e-01
1.1874294564535527e+01 1.9631781810263424e-01
1.1875910935501745e+01 1.9626553645920375e-01
1.1877527306467961e+01 1.9621326675858486e-01
1.1879143677434179e+01 1.9616100899884045e-01
1.1880760048400397e+01 1.9610876317803363e-01
1.1882376419366613e+01 1.9605652929422734e-01
1.1883992790332831e+01 1.9600430734548463e-01
1.1885609161299049e+01 1.9595209732986851e-01
1.1887225532265266e+01 1.9589989924544202e-01
1.1888841903231484e+01 1.9584771309026811e-01
1.1890458274197702e+01 1.9579553886241000e-01
1.1892074645163918e+01 1.9574337655993054e-01
1.1893691016130136e+01 1.9569122618089288e-01
1.1895307387096352e+01 1.9563908772336006e-01
1.1896923758062570e+01 1.9558696118539506e-01
1.1898540129028788e+01 1.9553484656506109e-01
1.1900156499995004e+01 1.9548274386042114e-01
1.1901772870961222e+01 1.9543065306953838e-01
1.1903389241927441e+01 1.9537857419047577e-01
1.1905005612893657e+01 1.9532650722129652e-01
1.1906621983859875e+01 1.9527445216006373e-01
1.1908238354826093e+01 1.9522240900484050e-01
1.1909854725792309e+01 1.9517037775368998e-01
1.1911471096758527e+01 1.9511835840467512e-01
1.1913087467724743e+01 1.9506635095585936e-01
1.1914703838690961e+01 1.9501435540530565e-01
1.1916320209657179e+01 1.9496237175107722e-01
1.1917936580623396e+01 1.9491039999123735e-01
1.1919552951589614e+01 1.9485844012384895e-01
1.1921169322555832e+01 1.9480649214697535e-01
1.1922785693522048e+01 1.9475455605867975e-01
1.1924402064488266e+01 1.9470263185702541e-01
1.1926018435454484e+01 1.9465071954007535e-01
1.1927634806420700e+01 1.9459881910589308e-01
1.1929251177386918e+01 1.9454693055254163e-01
1.1930867548353135e+01 1.9449505387808430e-01
1.1932483919319353e+01 1.9444318908058428e-01
1.1934100290285571e+01 1.9439133615810494e-01
1.1935716661251787e+01 1.9433949510870954e-01
1.1937333032218005e+01 1.9428766593046121e-01
1.1938949403184223e+01 1.9423584862142340e-01
1.1940565774150439e+01 1.9418404317965948e-01
1.1942182145116657e+01 1.9413224960323253e-01
1.1943798516082873e+01 1.9408046789020605e-01
1.1945414887049091e+01 1.9402869803864331e-01
1.1947031258015310e+01 1.9397694004660782e-01
1.1948647628981526e+01 1.9392519391216267e-01
1.1950263999947744e+01 1.9387345963337146e-01
1.1951880370913962e+01 1.9382173720829748e-01
1.1953496741880178e+01 1.9377002663500406e-01
1.1955113112846396e+01 1.9371832791155477e-01
1.1956729483812614e+01 1.9366664103601292e-01
1.1958345854778830e+01 1.9361496600644196e-01
1.1959962225745048e+01 1.9356330282090525e-01
1.1961578596711265e+01 1.9351165147746652e-01
1.1963194967677483e+01 1.9346001197418880e-01
1.1964811338643701e+01 1.9340838430913590e-01
1.1966427709609917e+01 1.9335676848037145e-01
1.1968044080576135e+01 1.9330516448595847e-01
1.1969660451542353e+01 1.9325357232396093e-01
1.1971276822508569e+01 1.9320199199244217e-01
1.1972893193474787e+01 1.9315042348946565e-01
1.1974509564441005e+01 1.9309886681309513e-01
1.1976125935407222e+01 1.9304732196139424e-01
1.1977742306373440e+01 1.9299578893242619e-01
1.1979358677339656e+01 1.9294426772425491e-01
1.1980975048305874e+01 1.9289275833494396e-01
1.1982591419272092e+01 1.9284126076255687e-01
1.1984207790238308e+01 1.9278977500515734e-01
1.1985824161204526e+01 1.9273830106080914e-01
1.1987440532170744e+01 1.9268683892757574e-01
1.1989056903136960e+01 1.9263538860352100e-01
1.1990673274103179e+01 1.9258395008670862e-01
1.1992289645069397e+01 1.9253252337520207e-01
1.1993906016035613e+01 1.9248110846706551e-01
1.1995522387001831e+01 1.9242970536036233e-01
1.1997138757968047e+01 1.9237831405315645e-01
1.1998755128934265e+01 1.9232693454351149e-01
1.2000371499900483e+01 1.9227556682949160e-01
1.2001987870866699e+01 1.9222421090916020e-01
1.2003604241832917e+01 1.9217286678058135e-01
1.2005220612799135e+01 1.9212153444181879e-01
1.2006836983765352e+01 1.9207021389093645e-01
1.2008453354731570e+01 1.9201890512599815e-01
1.2010069725697788e+01 1.9196760814506789e-01
1.2011686096664004e+01 1.9191632294620939e-01
1.2013302467630222e+01 1.9186504952748670e-01
1.2014918838596438e+01 1.9181378788696382e-01
1.2016535209562656e+01 1.9176253802270463e-01
1.2018151580528874e+01 1.9171129993277305e-01
1.2019767951495091e+01 1.9166007361523324e-01
1.2021384322461309e+01 1.9160885906814906e-01
1.2023000693427527e+01 1.9155765628958460e-01
1.2024617064393743e+01 1.9150646527760393e-01
1.2026233435359961e+01 1.9145528603027098e-01
1.2027849806326179e+01 1.9140411854565001e-01
1.2029466177292395e+01 1.9135296282180519e-01
1.2031082548258613e+01 1.9130181885680031e-01
1.2032698919224829e+01 1.9125068664869987e-01
1.2034315290191048e+01 1.9119956619556777e-01
1.2035931661157266e+01 1.9114845749546822e-01
1.2037548032123482e+01 1.9109736054646556e-01
1.2039164403089700e+01 1.9104627534662388e-01
1.2040780774055918e+01 1.9099520189400740e-01
1.2042397145022134e+01 1.9094414018668054e-01
1.2044013515988352e+01 1.9089309022270728e-01
1.2045629886954568e+01 1.9084205200015222e-01
1.2047246257920786e+01 1.9079102551707949e-01
1.2048862628887004e+01 1.9074001077155339e-01
1.2050478999853221e+01 1.9068900776163838e-01
1.2052095370819439e+01 1.9063801648539883e-01
1.2053711741785657e+01 1.9058703694089904e-01
1.2055328112751873e+01 1.9053606912620347e-01
1.2056944483718091e+01 1.9048511303937646e-01
1.2058560854684309e+01 1.9043416867848259e-01
1.2060177225650525e+01 1.9038323604158644e-01
1.2061793596616743e+01 1.9033231512675217e-01
1.2063409967582960e+01 1.9028140593204454e-01
1.2065026338549178e+01 1.9023050845552794e-01
1.2066642709515396e+01 1.9017962269526700e-01
1.2068259080481612e+01 1.9012874864932638e-01
1.2069875451447830e+01 1.9007788631577049e-01
1.2071491822414048e+01 1.9002703569266410e-01
1.2073108193380264e+01 1.8997619677807182e-01
1.2074724564346482e+01 1.8992536957005826e-01
1.2076340935312700e+01 1.8987455406668813e-01
1.2077957306278917e+01 1.8982375026602616e-01
1.2079573677245135e+01 1.8977295816613701e-01
1.2081190048211351e+01 1.8972217776508551e-01
1.2082806419177569e+01 1.8967140906093644e-01
1.2084422790143787e+01 1.8962065205175446e-01
1.2086039161110003e+01 1.8956990673560467e-01
1.2087655532076221e+01 1.8951917311055158e-01
1.2089271903042439e+01 1.8946845117466027e-01
1.2090888274008655e+01 1.8941774092599553e-01
1.2092504644974873e+01 1.8936704236262225e-01
1.2094121015941091e+01 1.8931635548260556e-01
1.2095737386907308e+01 1.8926568028401020e-01
1.2097353757873526e+01 1.8921501676490121e-01
1.2098970128839742e+01 1.8916436492334371e-01
1.2100586499805960e+01 1.8911372475740257e-01
1.2102202870772178e+01 1.8906309626514287e-01
1.2103819241738394e+01 1.8901247944462976e-01
1.2105435612704612e+01 1.8896187429392833e-01
1.2107051983670830e+01 1.8891128081110364e-01
1.2108668354637047e+01 1.8886069899422095e-01
1.2110284725603265e+01 1.8881012884134529e-01
1.2111901096569483e+01 1.8875957035054194e-01
1.2113517467535699e+01 1.8870902351987620e-01
1.2115133838501917e+01 1.8865848834741317e-01
1.2116750209468133e+01 1.8860796483121836e-01
1.2118366580434351e+01 1.8855745296935680e-01
1.2119982951400569e+01 1.8850695275989390e-01
1.2121599322366786e+01 1.8845646420089515e-01
1.2123215693333004e+01 1.8840598729042571e-01
1.2124832064299222e+01 1.8835552202655112e-01
1.2126448435265438e+01 1.8830506840733680e-01
1.2128064806231656e+01 1.8825462643084820e-01
1.2129681177197872e+01 1.8820419609515077e-01
1.2131297548164090e+01 1.8815377739831005e-01
1.2132913919130308e+01 1.8810337033839156e-01
1.2134530290096524e+01 1.8805297491346096e-01
1.2136146661062742e+01 1.8800259112158368e-01
1.2137763032028960e+01 1.8795221896082534e-01
1.2139379402995177e+01 1.8790185842925178e-01
1.2140995773961395e+01 1.8785150952492846e-01
1.2142612144927613e+01 1.8780117224592122e-01
1.2144228515893829e+01 1.8775084659029564e-01
1.2145844886860047e+01 1.8770053255611757e-01
1.2147461257826263e+01 1.8765023014145285e-01
1.2149077628792481e+01 1.8759993934436706e-01
1.2150693999758699e+01 1.8754966016292632e-01
1.2152310370724916e+01 1.8749939259519646e-01
1.2153926741691134e+01 1.8744913663924301e-01
1.2155543112657352e+01 1.8739889229313231e-01
1.2157159483623568e+01 1.8734865955493016e-01
1.2158775854589786e+01 1.8729843842270252e-01
1.2160392225556004e+01 1.8724822889451528e-01
1.2162008596522220e+01 1.8719803096843490e-01
1.2163624967488438e+01 1.8714784464252687e-01
1.2165241338454654e+01 1.8709766991485777e-01
1.2166857709420873e+01 1.8704750678349333e-01
1.2168474080387091e+01 1.8699735524649994e-01
1.2170090451353307e+01 1.8694721530194380e-01
1.2171706822319525e+01 1.8689708694789106e-01
1.2173323193285743e+01 1.8684697018240778e-01
1.2174939564251959e+01 1.8679686500356055e-01
1.2176555935218177e+01 1.8674677140941551e-01
1.2178172306184395e+01 1.8669668939803893e-01
1.2179788677150611e+01 1.8664661896749737e-01
1.2181405048116829e+01 1.8659656011585710e-01
1.2183021419083046e+01 1.8654651284118440e-01
1.2184637790049264e+01 1.8649647714154591e-01
1.2186254161015482e+01 1.8644645301500812e-01
1.2187870531981698e+01 1.8639644045963744e-01
1.2189486902947916e+01 1.8634643947350060e-01
1.2191103273914134e+01 1.8629645005466397e-01
1.2192719644880350e+01 1.8624647220119420e-01
1.2194336015846568e+01 1.8619650591115794e-01
1.2195952386812786e+01 1.8614655118262197e-01
1.2197568757779003e+01 1.8609660801365288e-01
1.2199185128745221e+01 1.8604667640231745e-01
1.2200801499711437e+01 1.8599675634668245e-01
1.2202417870677655e+01 1.8594684784481466e-01
1.2204034241643873e+01 1.8589695089478089e-01
1.2205650612610089e+01 1.8584706549464802e-01
1.2207266983576307e+01 1.8579719164248301e-01
1.2208883354542525e+01 1.8574732933635263e-01
1.2210499725508742e+01 1.8569747857432406e-01
1.2212116096474960e+01 1.8564763935446418e-01
1.2213732467441178e+01 1.8559781167483996e-01
1.2215348838407394e+01 1.8554799553351864e-01
1.2216965209373612e+01 1.8549819092856704e-01
1.2218581580339828e+01 1.8544839785805256e-01
1.2220197951306046e+01 1.8539861632004223e-01
1.2221814322272264e+01 1.8534884631260320e-01
1.2223430693238480e+01 1.8529908783380278e-01
1.2225047064204698e+01 1.8524934088170819e-01
1.2226663435170916e+01 1.8519960545438682e-01
1.2228279806137133e+01 1.8514988154990597e-01
1.2229896177103351e+01 1.8510016916633279e-01
1.2231512548069567e+01 1.8505046830173502e-01
1.2233128919035785e+01 1.8500077895417985e-01
1.2234745290002003e+01 1.8495110112173477e-01
1.2236361660968219e+01 1.8490143480246748e-01
1.2237978031934437e+01 1.8485177999444524e-01
1.2239594402900655e+01 1.8480213669573578e-01
1.2241210773866872e+01 1.8475250490440681e-01
1.2242827144833090e+01 1.8470288461852571e-01
1.2244443515799308e+01 1.8465327583616031e-01
1.2246059886765524e+01 1.8460367855537846e-01
1.2247676257731742e+01 1.8455409277424767e-01
1.2249292628697958e+01 1.8450451849083588e-01
1.2250908999664176e+01 1.8445495570321077e-01
1.2252525370630394e+01 1.8440540440944025e-01
1.2254141741596611e+01 1.8435586460759240e-01
1.2255758112562829e+01 1.8430633629573490e-01
1.2257374483529047e+01 1.8425681947193576e-01
1.2258990854495263e+01 1.8420731413426317e-01
1.2260607225461481e+01 1.8415782028078492e-01
1.2262223596427699e+01 1.8410833790956929e-01
1.2263839967393915e+01 1.8405886701868432e-01
1.2265456338360133e+01 1.8400940760619808e-01
1.2267072709326349e+01 1.8395995967017892e-01
1.2268689080292567e+01 1.8391052320869491e-01
1.2270305451258785e+01 1.8386109821981447e-01
1.2271921822225002e+01 1.8381168470160578e-01
1.2273538193191220e+01 1.8376228265213712e-01
1.2275154564157438e+01 1.8371289206947705e-01
1.2276770935123654e+01 1.8366351295169386e-01
1.2278387306089872e+01 1.8361414529685605e-01
1.2280003677056090e+01 1.8356478910303206e-01
1.2281620048022306e+01 1.8351544436829056e-01
1.2283236418988524e+01 1.8346611109069985e-01
1.2284852789954741e+01 1.8341678926832891e-01
1.2286469160920959e+01 1.8336747889924607e-01
1.2288085531887177e+01 1.8331817998152000e-01
1.2289701902853393e+01 1.8326889251321973e-01
1.2291318273819611e+01 1.8321961649241369e-01
1.2292934644785829e+01 1.8317035191717085e-01
1.2294551015752045e+01 1.8312109878556010e-01
1.2296167386718263e+01 1.8307185709565021e-01
1.2297783757684481e+01 1.8302262684551013e-01
1.2299400128650698e+01 1.8297340803320888e-01
1.2301016499616916e+01 1.8292420065681531e-01
1.2302632870583132e+01 1.8287500471439866e-01
1.2304249241549350e+01 1.8282582020402777e-01
1.2305865612515568e+01 1.8277664712377192e-01
1.2307481983481784e+01 1.8272748547170034e-01
1.2309098354448002e+01 1.8267833524588206e-01
1.2310714725414220e+01 1.8262919644438630e-01
1.2312331096380436e+01 1.8258006906528260e-01
1.2313947467346654e+01 1.8253095310664005e-01
1.2315563838312871e+01 1.8248184856652805e-01
1.2317180209279089e+01 1.8243275544301610e-01
1.2318796580245307e+01 1.8238367373417358e-01
1.2320412951211523e+01 1.8233460343806987e-01
1.2322029322177741e+01 1.8228554455277474e-01
1.2323645693143959e+01 1.8223649707635756e-01
1.2325262064110175e+01 1.8218746100688796e-01
1.2326878435076393e+01 1.8213843634243576e-01
1.2328494806042611e+01 1.8208942308107048e-01
1.2330111177008828e+01 1.8204042122086189e-01
1.2331727547975046e+01 1.8199143075987984e-01
1.2333343918941262e+01 1.8194245169619422e-01
1.2334960289907480e+01 1.8189348402787456e-01
1.2336576660873698e+01 1.8184452775299115e-01
1.2338193031839914e+01 1.8179558286961373e-01
1.2339809402806132e+01 1.8174664937581231e-01
1.2341425773772350e+01 1.8169772726965702e-01
1.2343042144738567e+01 1.8164881654921797e-01
1.2344658515704785e+01 1.8159991721256497e-01
1.2346274886671003e+01 1.8155102925776848e-01
1.2347891257637219e+01 1.8150215268289879e-01
1.2349507628603437e+01 1.8145328748602585e-01
1.2351123999569653e+01 1.8140443366522030e-01
1.2352740370535871e+01 1.8135559121855216e-01
1.2354356741502089e+01 1.8130676014409189e-01
1.2355973112468305e+01 1.8125794043991009e-01
1.2357589483434523e+01 1.8120913210407710e-01
1.2359205854400741e+01 1.8116033513466334e-01
1.2360822225366958e+01 1.8111154952973968e-01
1.2362438596333176e+01 1.8106277528737638e-01
1.2364054967299394e+01 1.8101401240564421e-01
1.2365671338265610e+01 1.8096526088261417e-01
1.2367287709231828e+01 1.8091652071635653e-01
1.2368904080198044e+01 1.8086779190494229e-01
1.2370520451164262e+01 1.8081907444644224e-01
1.2372136822130480e+01 1.8077036833892732e-01
1.2373753193096697e+01 1.8072167358046842e-01
1.2375369564062915e+01 1.8067299016913654e-01
1.2376985935029133e+01 1.8062431810300267e-01
1.2378602305995349e+01 1.8057565738013784e-01
1.2380218676961567e+01 1.8052700799861313e-01
1.2381835047927785e+01 1.8047836995649982e-01
1.2383451418894001e+01 1.8042974325186895e-01
1.2385067789860219e+01 1.8038112788279187e-01
1.2386684160826436e+01 1.8033252384733989e-01
1.2388300531792654e+01 1.8028393114358418e-01
1.2389916902758872e+01 1.8023534976959632e-01
1.2391533273725088e+01 1.8018677972344765e-01
1.2393149644691306e+01 1.8013822100320961e-01
1.2394766015657524e+01 1.8008967360695380e-01
1.2396382386623740e+01 1.8004113753275183e-01
1.2397998757589958e+01 1.7999261277867520e-01
1.2399615128556174e+01 1.7994409934279565e-01
1.2401231499522392e+01 1.7989559722318485e-01
1.2402847870488610e+01 1.7984710641791449e-01
1.2404464241454827e+01 1.7979862692505669e-01
1.2406080612421045e+01 1.7975015874268285e-01
1.2407696983387263e+01 1.7970170186886525e-01
1.2409313354353479e+01 1.7965325630167578e-01
1.2410929725319697e+01 1.7960482203918623e-01
1.2412546096285915e+01 1.7955639907946885e-01
1.2414162467252131e+01 1.7950798742059568e-01
1.2415778838218349e+01 1.7945958706063886e-01
1.2417395209184566e+01 1.7941119799767066e-01
1.2419011580150784e+01 1.7936282022976319e-01
1.2420627951117002e+01 1.7931445375498878e-01
1.2422244322083218e+01 1.7926609857141992e-01
1.2423860693049436e+01 1.7921775467712878e-01
1.2425477064015654e+01 1.7916942207018793e-01
1.2427093434981870e+01 1.7912110074866991e-01
1.2428709805948088e+01 1.7907279071064711e-01
1.2430326176914306e+01 1.7902449195419221e-01
1.2431942547880523e+01 1.7897620447737789e-01
1.2433558918846741e+01 1.7892792827827680e-01
1.2435175289812957e+01 1.7887966335496175e-01
1.2436791660779175e+01 1.7883140970550532e-01
1.2438408031745393e+01 1.7878316732798052e-01
1.2440024402711609e+01 1.7873493622046027e-01
1.2441640773677827e+01 1.7868671638101749e-01
1.2443257144644045e+01 1.7863850780772503e-01
1.2444873515610261e+01 1.7859031049865612e-01
1.2446489886576479e+01 1.7854212445188378e-01
1.2448106257542698e+01 1.7849394966548110e-01
1.2449722628508914e+01 1.7844578613752135e-01
1.2451338999475132e+01 1.7839763386607779e-01
1.2452955370441348e+01 1.7834949284922375e-01
1.2454571741407566e+01 1.7830136308503242e-01
1.2456188112373784e+01 1.7825324457157729e-01
1.2457804483340000e+01 1.7820513730693197e-01
1.2459420854306218e+01 1.7815704128916968e-01
1.2461037225272436e+01 1.7810895651636427e-01
1.2462653596238653e+01 1.7806088298658918e-01
1.2464269967204871e+01 1.7801282069791802e-01
1.2465886338171089e+01 1.7796476964842459e-01
1.2467502709137305e+01 1.7791672983618281e-01
1.2469119080103523e+01 1.7786870125926624e-01
1.2470735451069739e+01 1.7782068391574893e-01
1.2472351822035957e+01 1.7777267780370470e-01
1.2473968193002175e+01 1.7772468292120758e-01
1.2475584563968392e+01 1.7767669926633164e-01
1.2477200934934610e+01 1.7762872683715084e-01
1.2478817305900828e+01 1.7758076563173952e-01
1.2480433676867044e+01 1.7753281564817175e-01
1.2482050047833262e+01 1.7748487688452169e-01
1.2483666418799480e+01 1.7743694933886384e-01
1.2485282789765696e+01 1.7738903300927239e-01
1.2486899160731914e+01 1.7734112789382181e-01
1.2488515531698130e+01 1.7729323399058666e-01
1.2490131902664348e+01 1.7724535129764130e-01
1.2491748273630567e+01 1.7719747981306036e-01
1.2493364644596783e+01 1.7714961953491851e-01
1.2494981015563001e+01 1.7710177046129036e-01
1.2496597386529219e+01 1.7705393259025076e-01
1.2498213757495435e+01 1.7700610591987440e-01
1.2499830128461653e+01 1.7695829044823608e-01
1.2501446499427869e+01 1.7691048617341079e-01
1.2503062870394087e+01 1.7686269309347349e-01
1.2504679241360305e+01 1.7681491120649909e-01
1.2506295612326522e+01 1.7676714051056280e-01
1.2507911983292740e+01 1.7671938100373968e-01
1.2509528354258958e+01 1.7667163268410488e-01
1.2511144725225174e+01 1.7662389554973365e-01
1.2512761096191392e+01 1.7657616959870134e-01
1.2514377467157610e+01 1.7652845482908328e-01
1.2515993838123826e+01 1.7648075123895471e-01
1.2517610209090044e+01 1.7643305882639129e-01
1.2519226580056261e+01 1.7638537758946848e-01
1.2520842951022479e+01 1.7633770752626166e-01
1.2522459321988697e+01 1.7629004863484674e-01
1.2524075692954913e+01 1.7624240091329937e-01
1.2525692063921131e+01 1.7619476435969503e-01
1.2527308434887349e+01 1.7614713897210982e-01
1.2528924805853565e+01 1.7609952474861945e-01
1.2530541176819783e+01 1.7605192168729986e-01
1.2532157547786001e+01 1.7600432978622702e-01
1.2533773918752217e+01 1.7595674904347702e-01
1.2535390289718435e+01 1.7590917945712564e-01
1.2537006660684652e+01 1.7586162102524958e-01
1.2538623031650870e+01 1.7581407374592450e-01
1.2540239402617088e+01 1.7576653761722694e-01
1.2541855773583304e+01 1.7571901263723322e-01
1.2543472144549522e+01 1.7567149880401953e-01
1.2545088515515740e+01 1.7562399611566248e-01
1.2546704886481956e+01 1.7557650457023860e-01
1.2548321257448174e+01 1.7552902416582419e-01
1.2549937628414392e+01 1.7548155490049605e-01
1.2551553999380609e+01 1.7543409677233099e-01
1.2553170370346827e+01 1.7538664977940541e-01
1.2554786741313043e+01 1.7533921391979618e-01
1.2556403112279261e+01 1.7529178919158037e-01
1.2558019483245479e+01 1.7524437559283462e-01
1.2559635854211695e+01 1.7519697312163601e-01
1.2561252225177913e+01 1.7514958177606157e-01
1.2562868596144131e+01 1.7510220155418835e-01
1.2564484967110348e+01 1.7505483245409348e-01
1.2566101338076566e+01 1.7500747447385426e-01
1.2567717709042784e+01 1.7496012761154783e-01
1.2569334080009000e+01 1.7491279186525147e-01
1.2570950450975218e+01 1.7486546723304278e-01
1.2572566821941434e+01 1.7481815371299902e-01
1.2574183192907652e+01 1.7477085130319783e-01
1.2575799563873870e+01 1.7472356000171657e-01
1.2577415934840086e+01 1.7467627980663306e-01
1.2579032305806304e+01 1.7462901071602491e-01
1.2580648676772523e+01 1.7458175272796986e-01
1.2582265047738739e+01 1.7453450584054572e-01
1.2583881418704957e+01 1.7448727005183032e-01
1.2585497789671173e+01 1.7444004535990174e-01
1.2587114160637391e+01 1.7439283176283771e-01
1.2588730531603609e+01 1.7434562925871647e-01
1.2590346902569825e+01 1.7429843784561619e-01
1.2591963273536043e+01 1.7425125752161486e-01
1.2593579644502261e+01 1.7420408828479086e-01
1.2595196015468478e+01 1.7415693013322248e-01
1.2596812386434696e+01 1.7410978306498789e-01
1.2598428757400914e+01 1.7406264707816574e-01
1.2600045128367130e+01 1.7401552217083446e-01
1.2601661499333348e+01 1.7396840834107258e-01
1.2603277870299564e+01 1.7392130558695873e-01
1.2604894241265782e+01 1.7387421390657151e-01
1.2606510612232000e+01 1.7382713329798974e-01
1.2608126983198217e+01 1.7378006375929225e-01
1.2609743354164435e+01 1.7373300528855776e-01
1.2611359725130653e+01 1.7368595788386518e-01
1.2612976096096869e+01 1.7363892154329372e-01
1.2614592467063087e+01 1.7359189626492227e-01
1.2616208838029305e+01 1.7354488204683002e-01
1.2617825208995521e+01 1.7349787888709609e-01
1.2619441579961739e+01 1.7345088678379975e-01
1.2621057950927955e+01 1.7340390573502035e-01
1.2622674321894173e+01 1.7335693573883712e-01
1.2624290692860392e+01 1.7330997679332955e-01
1.2625907063826608e+01 1.7326302889657730e-01
1.2627523434792826e+01 1.7321609204665969e-01
1.2629139805759044e+01 1.7316916624165657e-01
1.2630756176725260e+01 1.7312225147964744e-01
1.2632372547691478e+01 1.7307534775871219e-01
1.2633988918657696e+01 1.7302845507693057e-01
1.2635605289623912e+01 1.7298157343238255e-01
1.2637221660590130e+01 1.7293470282314793e-01
1.2638838031556347e+01 1.7288784324730691e-01
1.2640454402522565e+01 1.7284099470293948e-01
1.2642070773488783e+01 1.7279415718812574e-01
1.2643687144454999e+01 1.7274733070094600e-01
1.2645303515421217e+01 1.7270051523948038e-01
1.2646919886387435e+01 1.7265371080180938e-01
1.2648536257353651e+01 1.7260691738601341e-01
1.2650152628319869e+01 1.7256013499017286e-01
1.2651768999286087e+01 1.7251336361236833e-01
1.2653385370252304e+01 1.7246660325068044e-01
1.2655001741218522e+01 1.7241985390318976e-01
1.2656618112184738e+01 1.7237311556797719e-01
1.2658234483150956e+01 1.7232638824312332e-01
1.2659850854117174e+01 1.7227967192670923e-01
1.2661467225083390e+01 1.7223296661681584e-01
1.2663083596049608e+01 1.7218627231152400e-01
1.2664699967015826e+01 1.7213958900891488e-01
1.2666316337982042e+01 1.7209291670706972e-01
1.2667932708948261e+01 1.7204625540406959e-01
1.2669549079914479e+01 1.7199960509799581e-01
1.2671165450880695e+01 1.7195296578692973e-01
1.2672781821846913e+01 1.7190633746895270e-01
1.2674398192813129e+01 1.7185972014214632e-01
1.2676014563779347e+01 1.7181311380459205e-01
1.2677630934745565e+01 1.7176651845437141e-01
1.2679247305711781e+01 1.7171993408956635e-01
1.2680863676677999e+01 1.7167336070825839e-01
1.2682480047644217e+01 1.7162679830852937e-01
1.2684096418610434e+01 1.7158024688846138e-01
1.2685712789576652e+01 1.7153370644613605e-01
1.2687329160542868e+01 1.7148717697963561e-01
1.2688945531509086e+01 1.7144065848704226e-01
1.2690561902475304e+01 1.7139415096643790e-01
1.2692178273441520e+01 1.7134765441590491e-01
1.2693794644407738e+01 1.7130116883352556e-01
1.2695411015373956e+01 1.7125469421738224e-01
1.2697027386340173e+01 1.7120823056555731e-01
1.2698643757306391e+01 1.7116177787613343e-01
1.2700260128272609e+01 1.7111533614719299e-01
1.2701876499238825e+01 1.7106890537681865e-01
1.2703492870205043e+01 1.7102248556309335e-01
1.2705109241171259e+01 1.7097607670409978e-01
1.2706725612137477e+01 1.7092967879792056e-01
1.2708341983103695e+01 1.7088329184263887e-01
1.2709958354069911e+01 1.7083691583633773e-01
1.2711574725036130e+01 1.7079055077709993e-01
1.2713191096002348e+01 1.7074419666300883e-01
1.2714807466968564e+01 1.7069785349214775e-01
1.2716423837934782e+01 1.7065152126259961e-01
1.2718040208901000e+01 1.7060519997244802e-01
1.2719656579867216e+01 1.7055888961977642e-01
1.2721272950833434e+01 1.7051259020266807e-01
1.2722889321799650e+01 1.7046630171920685e-01
1.2724505692765868e+01 1.7042002416747612e-01
1.2726122063732086e+01 1.7037375754555970e-01
1.2727738434698303e+01 1.7032750185154139e-01
1.2729354805664521e+01 1.7028125708350492e-01
1.2730971176630739e+01 1.7023502323953424e-01
1.2732587547596955e+01 1.7018880031771358e-01
1.2734203918563173e+01 1.7014258831612666e-01
1.2735820289529391e+01 1.7009638723285778e-01
1.2737436660495607e+01 1.7005019706599125e-01
1.2739053031461825e+01 1.7000401781361110e-01
1.2740669402428042e+01 1.6995784947380180e-01
1.2742285773394260e+01 1.6991169204464779e-01
1.2743902144360478e+01 1.6986554552423358e-01
1.2745518515326694e+01 1.6981940991064373e-01
1.2747134886292912e+01 1.6977328520196283e-01
1.2748751257259130e+01 1.6972717139627561e-01
1.2750367628225346e+01 1.6968106849166698e-01
1.2751983999191564e+01 1.6963497648622158e-01
1.2753600370157782e+01 1.6958889537802452e-01
1.2755216741123999e+01 1.6954282516516070e-01
1.2756833112090217e+01 1.6949676584571535e-01
1.2758449483056433e+01 1.6945071741777343e-01
1.2760065854022651e+01 1.6940467987942026e-01
1.2761682224988869e+01 1.6935865322874116e-01
1.2763298595955085e+01 1.6931263746382147e-01
1.2764914966921303e+01 1.6926663258274666e-01
1.2766531337887521e+01 1.6922063858360231e-01
1.2768147708853737e+01 1.6917465546447386e-01
1.2769764079819955e+01 1.6912868322344712e-01
1.2771380450786172e+01 1.6908272185860790e-01
1.2772996821752390e+01 1.6903677136804171e-01
1.2774613192718608e+01 1.6899083174983470e-01
1.2776229563684824e+01 1.6894490300207299e-01
1.2777845934651042e+01 1.6889898512284215e-01
1.2779462305617260e+01 1.6885307811022865e-01
1.2781078676583476e+01 1.6880718196231878e-01
1.2782695047549694e+01 1.6876129667719847e-01
1.2784311418515912e+01 1.6871542225295424e-01
1.2785927789482129e+01 1.6866955868767264e-01
1.2787544160448347e+01 1.6862370597943985e-01
1.2789160531414563e+01 1.6857786412634282e-01
1.2790776902380781e+01 1.6853203312646800e-01
1.2792393273346999e+01 1.6848621297790198e-01
1.2794009644313215e+01 1.6844040367873181e-01
1.2795626015279433e+01 1.6839460522704425e-01
1.2797242386245651e+01 1.6834881762092616e-01
1.2798858757211867e+01 1.6830304085846481e-01
1.2800475128178086e+01 1.6825727493774717e-01
1.2802091499144304e+01 1.6821151985686034e-01
1.2803707870110520e+01 1.6816577561389176e-01
1.2805324241076738e+01 1.6812004220692861e-01
1.2806940612042954e+01 1.6807431963405839e-01
1.2808556983009172e+01 1.6802860789336857e-01
1.2810173353975390e+01 1.6798290698294660e-01
1.2811789724941606e+01 1.6793721690088040e-01
1.2813406095907824e+01 1.6789153764525747e-01
1.2815022466874042e+01 1.6784586921416564e-01
1.2816638837840259e+01 1.6780021160569286e-01
1.2818255208806477e+01 1.6775456481792694e-01
1.2819871579772695e+01 1.6770892884895611e-01
1.2821487950738911e+01 1.6766330369686838e-01
1.2823104321705129e+01 1.6761768935975191e-01
1.2824720692671345e+01 1.6757208583569505e-01
1.2826337063637563e+01 1.6752649312278606e-01
1.2827953434603781e+01 1.6748091121911329e-01
1.2829569805569998e+01 1.6743534012276551e-01
1.2831186176536216e+01 1.6738977983183109e-01
1.2832802547502434e+01 1.6734423034439863e-01
1.2834418918468650e+01 1.6729869165855715e-01
1.2836035289434868e+01 1.6725316377239519e-01
1.2837651660401086e+01 1.6720764668400179e-01
1.2839268031367302e+01 1.6716214039146593e-01
1.2840884402333520e+01 1.6711664489287653e-01
1.2842500773299736e+01 1.6707116018632290e-01
1.2844117144265955e+01 1.6702568626989406e-01
1.2845733515232173e+01 1.6698022314167940e-01
1.2847349886198389e+01 1.6693477079976840e-01
1.2848966257164607e+01 1.6688932924225042e-01
1.2850582628130825e+01 1.6684389846721484e-01
1.2852198999097041e+01 1.6679847847275164e-01
1.2853815370063259e+01 1.6675306925695008e-01
1.2855431741029477e+01 1.6670767081790025e-01
1.2857048111995693e+01 1.6666228315369191e-01
1.2858664482961911e+01 1.6661690626241496e-01
1.2860280853928128e+01 1.6657154014215950e-01
1.2861897224894346e+01 1.6652618479101541e-01
1.2863513595860564e+01 1.6648084020707310e-01
1.2865129966826780e+01 1.6643550638842278e-01
1.2866746337792998e+01 1.6639018333315475e-01
1.2868362708759216e+01 1.6634487103935933e-01
1.2869979079725432e+01 1.6629956950512725e-01
1.2871595450691650e+01 1.6625427872854884e-01
1.2873211821657867e+01 1.6620899870771491e-01
1.2874828192624085e+01 1.6616372944071622e-01
1.2876444563590303e+01 1.6611847092564352e-01
1.2878060934556519e+01 1.6607322316058776e-01
1.2879677305522737e+01 1.6602798614363995e-01
1.2881293676488955e+01 1.6598275987289102e-01
1.2882910047455171e+01 1.6593754434643235e-01
1.2884526418421389e+01 1.6589233956235500e-01
1.2886142789387607e+01 1.6584714551875038e-01
1.2887759160353824e+01 1.6580196221370982e-01
1.2889375531320042e+01 1.6575678964532489e-01
1.2890991902286258e+01 1.6571162781168719e-01
1.2892608273252476e+01 1.6566647671088811e-01
1.2894224644218694e+01 1.6562133634101969e-01
1.2895841015184910e+01 1.6557620670017353e-01
1.2897457386151128e+01 1.6553108778644166e-01
1.2899073757117346e+01 1.6548597959791597e-01
1.2900690128083562e+01 1.6544088213268868e-01
1.2902306499049780e+01 1.6539579538885163e-01
1.2903922870015998e+01 1.6535071936449744e-01
1.2905539240982215e+01 1.6530565405771816e-01
1.2907155611948433e+01 1.6526059946660621e-01
1.2908771982914649e+01 1.6521555558925419e-01
1.2910388353880867e+01 1.6517052242375460e-01
1.2912004724847085e+01 1.6512549996819989e-01
1.2913621095813301e+01 1.6508048822068327e-01
1.2915237466779519e+01 1.6503548717929714e-01
1.2916853837745737e+01 1.6499049684213449e-01
1.2918470208711954e+01 1.6494551720728853e-01
1.2920086579678172e+01 1.6490054827285214e-01
1.2921702950644390e+01 1.6485559003691830e-01
1.2923319321610606e+01 1.6481064249758073e-01
1.2924935692576824e+01 1.6476570565293233e-01
1.2926552063543040e+01 1.6472077950106662e-01
1.2928168434509258e+01 1.6467586404007725e-01
1.2929784805475476e+01 1.6463095926805763e-01
1.2931401176441693e+01 1.6458606518310140e-01
1.2933017547407911e+01 1.6454118178330257e-01
1.2934633918374129e+01 1.6449630906675475e-01
1.2936250289340345e+01 1.6445144703155182e-01
1.2937866660306563e+01 1.6440659567578805e-01
1.2939483031272781e+01 1.6436175499755734e-01
1.2941099402238997e+01 1.6431692499495384e-01
1.2942715773205215e+01 1.6427210566607198e-01
1.2944332144171431e+01 1.6422729700900593e-01
1.2945948515137649e+01 1.6418249902185025e-01
1.2947564886103867e+01 1.6413771170269956e-01
1.2949181257070084e+01 1.6409293504964820e-01
1.2950797628036302e+01 1.6404816906079112e-01
1.2952413999002520e+01 1.6400341373422303e-01
1.2954030369968736e+01 1.6395866906803869e-01
1.2955646740934954e+01 1.6391393506033322e-01
1.2957263111901170e+01 1.6386921170920168e-01
1.2958879482867388e+01 1.6382449901273896e-01
1.2960495853833606e+01 1.6377979696904058e-01
1.2962112224799823e+01 1.6373510557620177e-01
1.2963728595766041e+01 1.6369042483231777e-01
1.2965344966732259e+01 1.6364575473548412e-01
1.2966961337698475e+01 1.6360109528379671e-01
1.2968577708664693e+01 1.6355644647535070e-01
1.2970194079630911e+01 1.6351180830824216e-01
1.2971810450597127e+01 1.6346718078056688e-01
1.2973426821563345e+01 1.6342256389042067e-01
1.2975043192529562e+01 1.6337795763589966e-01
1.2976659563495780e+01 1.6333336201510004e-01
1.2978275934461998e+01 1.6328877702611766e-01
1.2979892305428214e+01 1.6324420266704914e-01
1.2981508676394432e+01 1.6319963893599077e-01
1.2983125047360650e+01 1.6315508583103877e-01
1.2984741418326866e+01 1.6311054335029004e-01
1.2986357789293084e+01 1.6306601149184100e-01
1.2987974160259302e+01 1.6302149025378829e-01
1.2989590531225518e+01 1.6297697963422902e-01
1.2991206902191736e+01 1.6293247963125995e-01
1.2992823273157953e+01 1.6288799024297787e-01
1.2994439644124171e+01 1.6284351146748013e-01
1.2996056015090389e+01 1.6279904330286379e-01
1.2997672386056605e+01 1.6275458574722609e-01
1.2999288757022823e+01 1.6271013879866447e-01
1.3000905127989041e+01 1.6266570245527623e-01
1.3002521498955257e+01 1.6262127671515911e-01
1.3004137869921475e+01 1.6257686157641052e-01
1.3005754240887693e+01 1.6253245703712818e-01
1.3007370611853910e+01 1.6248806309541008e-01
1.3008986982820128e+01 1.6244367974935395e-01
1.3010603353786344e+01 1.6239930699705787e-01
1.3012219724752562e+01 1.6235494483661975e-01
1.3013836095718780e+01 1.6231059326613795e-01
1.3015452466684996e+01 1.6226625228371058e-01
1.3017068837651214e+01 1.6222192188743600e-01
1.3018685208617432e+01 1.6217760207541279e-01
1.3020301579583649e+01 1.6213329284573935e-01
1.3021917950549867e+01 1.6208899419651421e-01
1.3023534321516085e+01 1.6204470612583621e-01
1.3025150692482301e+01 1.6200042863180428e-01
1.3026767063448519e+01 1.6195616171251700e-01
1.3028383434414735e+01 1.6191190536607358e-01
1.3029999805380953e+01 1.6186765959057306e-01
1.3031616176347171e+01 1.6182342438411454e-01
1.3033232547313387e+01 1.6177919974479738e-01
1.3034848918279605e+01 1.6173498567072084e-01
1.3036465289245823e+01 1.6169078215998431e-01
1.3038081660212040e+01 1.6164658921068764e-01
1.3039698031178258e+01 1.6160240682093008e-01
1.3041314402144476e+01 1.6155823498881150e-01
1.3042930773110692e+01 1.6151407371243173e-01
1.3044547144076910e+01 1.6146992298989074e-01
1.3046163515043126e+01 1.6142578281928849e-01
1.3047779886009344e+01 1.6138165319872497e-01
1.3049396256975562e+01 1.6133753412630045e-01
1.3051012627941779e+01 1.6129342560011528e-01
1.3052628998907997e+01 1.6124932761826977e-01
1.3054245369874215e+01 1.6120524017886426e-01
1.3055861740840431e+01 1.6116116327999960e-01
1.3057478111806649e+01 1.6111709691977608e-01
1.3059094482772865e+01 1.6107304109629472e-01
1.3060710853739083e+01 1.6102899580765637e-01
1.3062327224705301e+01 1.6098496105196183e-01
1.3063943595671518e+01 1.6094093682731211e-01
1.3065559966637736e+01 1.6089692313180848e-01
1.3067176337603954e+01 1.6085291996355205e-01
1.3068792708570170e+01 1.6080892732064411e-01
1.3070409079536388e+01 1.6076494520118625e-01
1.3072025450502606e+01 1.6072097360327975e-01
1.3073641821468822e+01 1.6067701252502625e-01
1.3075258192435040e+01 1.6063306196452762e-01
1.3076874563401256e+01 1.6058912191988547e-01
1.3078490934367474e+01 1.6054519238920162e-01
1.3080107305333692e+01 1.6050127337057832e-01
1.3081723676299909e+01 1.6045736486211742e-01
1.3083340047266127e+01 1.6041346686192107e-01
1.3084956418232345e+01 1.6036957936809160e-01
1.3086572789198561e+01 1.6032570237873145e-01
1.3088189160164779e+01 1.6028183589194286e-01
1.3089805531130997e+01 1.6023797990582869e-01
1.3091421902097213e+01 1.6019413441849134e-01
1.3093038273063431e+01 1.6015029942803349e-01
1.3094654644029648e+01 1.6010647493255833e-01
1.3096271014995866e+01 1.6006266093016835e-01
1.3097887385962084e+01 1.6001885741896685e-01
1.3099503756928300e+01 1.5997506439705705e-01
1.3101120127894518e+01 1.5993128186254180e-01
1.3102736498860736e+01 1.5988750981352465e-01
1.3104352869826952e+01 1.5984374824810918e-01
1.3105969240793170e+01 1.5979999716439861e-01
1.3107585611759388e+01 1.5975625656049655e-01
1.3109201982725605e+01 1.5971252643450704e-01
1.3110818353691823e+01 1.5966880678453355e-01
1.3112434724658039e+01 1.5962509760868004e-01
1.3114051095624257e+01 1.5958139890505060e-01
1.3115667466590475e+01 1.5953771067174924e-01
1.3117283837556691e+01 1.5949403290688019e-01
1.3118900208522909e+01 1.5945036560854786e-01
1.3120516579489127e+01 1.5940670877485633e-01
1.3122132950455343e+01 1.5936306240391035e-01
1.3123749321421561e+01 1.5931942649381445e-01
1.3125365692387780e+01 1.5927580104267319e-01
1.3126982063353996e+01 1.5923218604859155e-01
1.3128598434320214e+01 1.5918858150967422e-01
1.3130214805286430e+01 1.5914498742402627e-01
1.3131831176252648e+01 1.5910140378975268e-01
1.3133447547218866e+01 1.5905783060495876e-01
1.3135063918185082e+01 1.5901426786774969e-01
1.3136680289151300e+01 1.5897071557623094e-01
1.3138296660117518e+01 1.5892717372850781e-01
1.3139913031083735e+01 1.5888364232268601e-01
1.3141529402049953e+01 1.5884012135687106e-01
1.3143145773016169e+01 1.5879661082916893e-01
1.3144762143982387e+01 1.5875311073768528e-01
1.3146378514948605e+01 1.5870962108052611e-01
1.3147994885914821e+01 1.5866614185579772e-01
1.3149611256881039e+01 1.5862267306160588e-01
1.3151227627847257e+01 1.5857921469605721e-01
1.3152843998813474e+01 1.5853576675725792e-01
1.3154460369779692e+01 1.5849232924331430e-01
1.3156076740745910e+01 1.5844890215233312e-01
1.3157693111712126e+01 1.5840548548242123e-01
1.3159309482678344e+01 1.5836207923168485e-01
1.3160925853644560e+01 1.5831868339823135e-01
1.3162542224610778e+01 1.5827529798016746e-01
1.3164158595576996e+01 1.5823192297560013e-01
1.3165774966543212e+01 1.5818855838263687e-01
1.3167391337509430e+01 1.5814520419938460e-01
1.3169007708475648e+01 1.5810186042395080e-01
1.3170624079441865e+01 1.5805852705444309e-01
1.3172240450408083e+01 1.5801520408896882e-01
1.3173856821374301e+01 1.5797189152563570e-01
1.3175473192340517e+01 1.5792858936255166e-01
1.3177089563306735e+01 1.5788529759782435e-01
1.3178705934272951e+01 1.5784201622956187e-01
1.3180322305239169e+01 1.5779874525587220e-01
1.3181938676205387e+01 1.5775548467486358e-01
1.3183555047171604e+01 1.5771223448464430e-01
1.3185171418137822e+01 1.5766899468332266e-01
1.3186787789104040e+01 1.5762576526900732e-01
1.3188404160070256e+01 1.5758254623980658e-01
1.3190020531036474e+01 1.5753933759382927e-01
1.3191636902002692e+01 1.5749613932918427e-01
1.3193253272968908e+01 1.5745295144398030e-01
1.3194869643935126e+01 1.5740977393632641e-01
1.3196486014901343e+01 1.5736660680433170e-01
1.3198102385867561e+01 1.5732345004610540e-01
1.3199718756833779e+01 1.5728030365975670e-01
1.3201335127799995e+01 1.5723716764339510e-01
1.3202951498766213e+01 1.5719404199513010e-01
1.3204567869732431e+01 1.5715092671307121e-01
1.3206184240698647e+01 1.5710782179532823e-01
1.3207800611664865e+01 1.5706472724001089e-01
1.3209416982631083e+01 1.5702164304522920e-01
1.3211033353597299e+01 1.5697856920909320e-01
1.3212649724563517e+01 1.5693550572971288e-01
1.3214266095529734e+01 1.5689245260519852e-01
1.3215882466495952e+01 1.5684940983366039e-01
1.3217498837462170e+01 1.5680637741320910e-01
1.3219115208428386e+01 1.5676335534195504e-01
1.3220731579394604e+01 1.5672034361800882e-01
1.3222347950360822e+01 1.5667734223948124e-01
1.3223964321327038e+01 1.5663435120448319e-01
1.3225580692293256e+01 1.5659137051112559e-01
1.3227197063259474e+01 1.5654840015751945e-01
1.3228813434225691e+01 1.5650544014177603e-01
1.3230429805191909e+01 1.5646249046200644e-01
1.3232046176158125e+01 1.5641955111632219e-01
1.3233662547124343e+01 1.5637662210283476e-01
1.3235278918090561e+01 1.5633370341965555e-01
1.3236895289056777e+01 1.5629079506489651e-01
1.3238511660022995e+01 1.5624789703666916e-01
1.3240128030989213e+01 1.5620500933308559e-01
1.3241744401955430e+01 1.5616213195225767e-01
1.3243360772921648e+01 1.5611926489229763e-01
1.3244977143887864e+01 1.5607640815131757e-01
1.3246593514854082e+01 1.5603356172742991e-01
1.3248209885820300e+01 1.5599072561874697e-01
1.3249826256786516e+01 1.5594789982338128e-01
1.3251442627752734e+01 1.5590508433944555e-01
1.3253058998718952e+01 1.5586227916505244e-01
1.3254675369685168e+01 1.5581948429831491e-01
1.3256291740651386e+01 1.5577669973734576e-01
1.3257908111617605e+01 1.5573392548025819e-01
1.3259524482583821e+01 1.5569116152516516e-01
1.3261140853550039e+01 1.5564840787018022e-01
1.3262757224516255e+01 1.5560566451341654e-01
1.3264373595482473e+01 1.5556293145298755e-01
1.3265989966448691e+01 1.5552020868700717e-01
1.3267606337414907e+01 1.5547749621358875e-01
1.3269222708381125e+01 1.5543479403084617e-01
1.3270839079347343e+01 1.5539210213689345e-01
1.3272455450313560e+01 1.5534942052984457e-01
1.3274071821279778e+01 1.5530674920781351e-01
1.3275688192245996e+01 1.5526408816891474e-01
1.3277304563212212e+01 1.5522143741126251e-01
1.3278920934178430e+01 1.5517879693297110e-01
1.3280537305144646e+01 1.5513616673215533e-01
1.3282153676110864e+01 1.5509354680692963e-01
1.3283770047077082e+01 1.5505093715540885e-01
1.3285386418043299e+01 1.5500833777570808e-01
1.3287002789009517e+01 1.5496574866594190e-01
1.3288619159975735e+01 1.5492316982422558e-01
1.3290235530941951e+01 1.5488060124867459e-01
1.3291851901908169e+01 1.5483804293740383e-01
1.3293468272874387e+01 1.5479549488852878e-01
1.3295084643840603e+01 1.5475295710016534e-01
1.3296701014806821e+01 1.5471042957042874e-01
1.3298317385773037e+01 1.5466791229743493e-01
1.3299933756739255e+01 1.5462540527929963e-01
1.3301550127705474e+01 1.5458290851413892e-01
1.3303166498671690e+01 1.5454042200006882e-01
1.3304782869637908e+01 1.5449794573520548e-01
1.3306399240604126e+01 1.5445547971766521e-01
1.3308015611570342e+01 1.5441302394556439e-01
1.3309631982536560e+01 1.5437057841701968e-01
1.3311248353502778e+01 1.5432814313014739e-01
1.3312864724468994e+01 1.5428571808306446e-01
1.3314481095435212e+01 1.5424330327388786e-01
1.3316097466401429e+01 1.5420089870073420e-01
1.3317713837367647e+01 1.5415850436172068e-01
1.3319330208333865e+01 1.5411612025496457e-01
1.3320946579300081e+01 1.5407374637858304e-01
1.3322562950266299e+01 1.5403138273069336e-01
1.3324179321232517e+01 1.5398902930941338e-01
1.3325795692198733e+01 1.5394668611286028e-01
1.3327412063164951e+01 1.5390435313915207e-01
1.3329028434131168e+01 1.5386203038640658e-01
1.3330644805097386e+01 1.5381971785274140e-01
1.3332261176063604e+01 1.5377741553627497e-01
1.3333877547029820e+01 1.5373512343512544e-01
1.3335493917996038e+01 1.5369284154741072e-01
1.3337110288962256e+01 1.5365056987124948e-01
1.3338726659928472e+01 1.5360830840476025e-01
1.3340343030894690e+01 1.5356605714606136e-01
1.3341959401860908e+01 1.5352381609327176e-01
1.3343575772827124e+01 1.5348158524451025e-01
1.3345192143793343e+01 1.5343936459789564e-01
1.3346808514759559e+01 1.5339715415154714e-01
1.3348424885725777e+01 1.5335495390358383e-01
1.3350041256691995e+01 1.5331276385212486e-01
1.3351657627658211e+01 1.5327058399528987e-01
1.3353273998624429e+01 1.5322841433119821e-01
1.3354890369590647e+01 1.5318625485796933e-01
1.3356506740556863e+01 1.5314410557372332e-01
1.3358123111523081e+01 1.5310196647657970e-01
1.3359739482489299e+01 1.5305983756465849e-01
1.3361355853455516e+01 1.5301771883607981e-01
1.3362972224421734e+01 1.5297561028896386e-01
1.3364588595387950e+01 1.5293351192143081e-01
1.3366204966354168e+01 1.5289142373160108e-01
1.3367821337320386e+01 1.5284934571759520e-01
1.3369437708286602e+01 1.5280727787753381e-01
1.3371054079252820e+01 1.5276522020953756e-01
1.3372670450219038e+01 1.5272317271172742e-01
1.3374286821185255e+01 1.5268113538222419e-01
1.3375903192151473e+01 1.5263910821914908e-01
1.3377519563117691e+01 1.5259709122062332e-01
1.3379135934083907e+01 1.5255508438476797e-01
1.3380752305050125e+01 1.5251308770970468e-01
1.3382368676016341e+01 1.5247110119355489e-01
1.3383985046982559e+01 1.5242912483444018e-01
1.3385601417948777e+01 1.5238715863048244e-01
1.3387217788914993e+01 1.5234520257980336e-01
1.3388834159881212e+01 1.5230325668052508e-01
1.3390450530847430e+01 1.5226132093076966e-01
1.3392066901813646e+01 1.5221939532865927e-01
1.3393683272779864e+01 1.5217747987231617e-01
1.3395299643746082e+01 1.5213557455986296e-01
1.3396916014712298e+01 1.5209367938942206e-01
1.3398532385678516e+01 1.5205179435911620e-01
1.3400148756644732e+01 1.5200991946706818e-01
1.3401765127610950e+01 1.5196805471140085e-01
1.3403381498577168e+01 1.5192620009023725e-01
1.3404997869543385e+01 1.5188435560170047e-01
1.3406614240509603e+01 1.5184252124391381e-01
1.3408230611475821e+01 1.5180069701500054e-01
1.3409846982442037e+01 1.5175888291308429e-01
1.3411463353408255e+01 1.5171707893628847e-01
1.3413079724374471e+01 1.5167528508273687e-01
1.3414696095340689e+01 1.5163350135055334e-01
1.3416312466306907e+01 1.5159172773786167e-01
1.3417928837273124e+01 1.5154996424278619e-01
1.3419545208239342e+01 1.5150821086345073e-01
1.3421161579205560e+01 1.5146646759797980e-01
1.3422777950171776e+01 1.5142473444449772e-01
1.3424394321137994e+01 1.5138301140112903e-01
1.3426010692104212e+01 1.5134129846599831e-01
1.3427627063070428e+01 1.5129959563723042e-01
1.3429243434036646e+01 1.5125790291294999e-01
1.3430859805002862e+01 1.5121622029128237e-01
1.3432476175969081e+01 1.5117454777035230e-01
1.3434092546935299e+01 1.5113288534828512e-01
1.3435708917901515e+01 1.5109123302320621e-01
1.3437325288867733e+01 1.5104959079324093e-01
1.3438941659833951e+01 1.5100795865651498e-01
1.3440558030800167e+01 1.5096633661115388e-01
1.3442174401766385e+01 1.5092472465528356e-01
1.3443790772732603e+01 1.5088312278702981e-01
1.3445407143698819e+01 1.5084153100451872e-01
1.3447023514665037e+01 1.5079994930587654e-01
1.3448639885631254e+01 1.5075837768922942e-01
1.3450256256597472e+01 1.5071681615270371e-01
1.3451872627563690e+01 1.5067526469442608e-01
1.3453488998529906e+01 1.5063372331252292e-01
1.3455105369496124e+01 1.5059219200512111e-01
1.3456721740462342e+01 1.5055067077034748e-01
1.3458338111428558e+01 1.5050915960632913e-01
1.3459954482394776e+01 1.5046765851119284e-01
1.3461570853360994e+01 1.5042616748306611e-01
1.3463187224327211e+01 1.5038468652007619e-01
1.3464803595293429e+01 1.5034321562035041e-01
1.3466419966259645e+01 1.5030175478201657e-01
1.3468036337225863e+01 1.5026030400320220e-01
1.3469652708192081e+01 1.5021886328203490e-01
1.3471269079158297e+01 1.5017743261664313e-01
1.3472885450124515e+01 1.5013601200515445e-01
1.3474501821090733e+01 1.5009460144569706e-01
1.3476118192056949e+01 1.5005320093639965e-01
1.3477734563023168e+01 1.5001181047539014e-01
1.3479350933989386e+01 1.4997043006079716e-01
1.3480967304955602e+01 1.4992905969074966e-01
1.3482583675921820e+01 1.4988769936337595e-01
1.3484200046888036e+01 1.4984634907680519e-01
1.3485816417854254e+01 1.4980500882916634e-01
1.3487432788820472e+01 1.4976367861858844e-01
1.3489049159786688e+01 1.4972235844320073e-01
1.3490665530752906e+01 1.4968104830113269e-01
1.3492281901719124e+01 1.4963974819051362e-01
1.3493898272685341e+01 1.4959845810947311e-01
1.3495514643651559e+01 1.4955717805614116e-01
1.3497131014617777e+01 1.4951590802864728e-01
1.3498747385583993e+01 1.4947464802512153e-01
1.3500363756550211e+01 1.4943339804369413e-01
1.3501980127516427e+01 1.4939215808249504e-01
1.3503596498482645e+01 1.4935092813965467e-01
1.3505212869448863e+01 1.4930970821330361e-01
1.3506829240415080e+01 1.4926849830157216e-01
1.3508445611381298e+01 1.4922729840259116e-01
1.3510061982347516e+01 1.4918610851449143e-01
1.3511678353313732e+01 1.4914492863540377e-01
1.3513294724279950e+01 1.4910375876345933e-01
1.3514911095246166e+01 1.4906259889678930e-01
1.3516527466212384e+01 1.4902144903352482e-01
1.3518143837178602e+01 1.4898030917179741e-01
1.3519760208144818e+01 1.4893917930973868e-01
1.3521376579111037e+01 1.4889805944547993e-01
1.3522992950077255e+01 1.4885694957715331e-01
1.3524609321043471e+01 1.4881584970289072e-01
1.3526225692009689e+01 1.4877475982082378e-01
1.3527842062975907e+01 1.4873367992908501e-01
1.3529458433942123e+01 1.4869261002580664e-01
1.3531074804908341e+01 1.4865155010912076e-01
1.3532691175874557e+01 1.4861050017716021e-01
1.3534307546840775e+01 1.4856946022805739e-01
1.3535923917806993e+01 1.4852843025994514e-01
1.3537540288773210e+01 1.4848741027095638e-01
1.3539156659739428e+01 1.4844640025922412e-01
1.3540773030705646e+01 1.4840540022288126e-01
1.3542389401671862e+01 1.4836441016006130e-01
1.3544005772638080e+01 1.4832343006889756e-01
1.3545622143604298e+01 1.4828245994752323e-01
1.3547238514570514e+01 1.4824149979407239e-01
1.3548854885536732e+01 1.4820054960667844e-01
1.3550471256502949e+01 1.4815960938347539e-01
1.3552087627469167e+01 1.4811867912259707e-01
1.3553703998435385e+01 1.4807775882217766e-01
1.3555320369401601e+01 1.4803684848035151e-01
1.3556936740367819e+01 1.4799594809525274e-01
1.3558553111334037e+01 1.4795505766501607e-01
1.3560169482300253e+01 1.4791417718777591e-01
1.3561785853266471e+01 1.4787330666166698e-01
1.3563402224232689e+01 1.4783244608482432e-01
1.3565018595198906e+01 1.4779159545538270e-01
1.3566634966165124e+01 1.4775075477147731e-01
1.3568251337131340e+01 1.4770992403124333e-01
1.3569867708097558e+01 1.4766910323281607e-01
1.3571484079063776e+01 1.4762829237433109e-01
1.3573100450029992e+01 1.4758749145392394e-01
1.3574716820996210e+01 1.4754670046973034e-01
1.3576333191962428e+01 1.4750591941988606e-01
1.3577949562928644e+01 1.4746514830252724e-01
1.3579565933894862e+01 1.4742438711578978e-01
1.3581182304861080e+01 1.4738363585780995e-01
1.3582798675827297e+01 1.4734289452672417e-01
1.3584415046793515e+01 1.4730216312066879e-01
1.3586031417759731e+01 1.4726144163778054e-01
1.3587647788725949e+01 1.4722073007619602e-01
1.3589264159692167e+01 1.4718002843405209e-01
1.3590880530658383e+01 1.4713933670948576e-01
1.3592496901624601e+01 1.4709865490063409e-01
1.3594113272590819e+01 1.4705798300563430e-01
1.3595729643557036e+01 1.4701732102262385e-01
1.3597346014523254e+01 1.4697666894973999e-01
1.3598962385489470e+01 1.4693602678512052e-01
1.3600578756455688e+01 1.4689539452690306e-01
1.3602195127421906e+01 1.4685477217322543e-01
1.3603811498388122e+01 1.4681415972222567e-01
1.3605427869354340e+01 1.4677355717204185e-01
1.3607044240320558e+01 1.4673296452081225e-01
1.3608660611286775e+01 1.4669238176667521e-01
1.3610276982252993e+01 1.4665180890776913e-01
1.3611893353219211e+01 1.4661124594223263e-01
1.3613509724185427e+01 1.4657069286820454e-01
1.3615126095151645e+01 1.4653014968382369e-01
1.3616742466117861e+01 1.4648961638722910e-01
1.3618358837084079e+01 1.4644909297655972e-01
1.3619975208050297e+01 1.4640857944995497e-01
1.3621591579016513e+01 1.4636807580555419e-01
1.3623207949982731e+01 1.4632758204149676e-01
1.3624824320948949e+01 1.4628709815592239e-01
1.3626440691915166e+01 1.4624662414697095e-01
1.3628057062881384e+01 1.4620616001278208e-01
1.3629673433847602e+01 1.4616570575149598e-01
1.3631289804813818e+01 1.4612526136125267e-01
1.3632906175780036e+01 1.4608482684019250e-01
1.3634522546746252e+01 1.4604440218645581e-01
1.3636138917712470e+01 1.4600398739818313e-01
1.3637755288678688e+01 1.4596358247351504e-01
1.3639371659644905e+01 1.4592318741059251e-01
1.3640988030611123e+01 1.4588280220755609e-01
