3.9967707535835051e-01 1.4077224767365022e-02
4.0129344632456787e-01 1.4052494996831260e-02
4.0290981729078529e-01 1.4027808567045908e-02
4.0452618825700265e-01 1.4003165402232112e-02
4.0614255922322001e-01 1.3978565426745186e-02
4.0775893018943743e-01 1.3954008565072402e-02
4.0937530115565479e-01 1.3929494741832733e-02
4.1099167212187215e-01 1.3905023881776633e-02
4.1260804308808952e-01 1.3880595909785806e-02
4.1422441405430693e-01 1.3856210750872996e-02
4.1584078502052430e-01 1.3831868330181728e-02
4.1745715598674166e-01 1.3807568572986101e-02
4.1907352695295907e-01 1.3783311404690557e-02
4.2068989791917644e-01 1.3759096750829659e-02
4.2230626888539380e-01 1.3734924537067853e-02
4.2392263985161122e-01 1.3710794689199245e-02
4.2553901081782858e-01 1.3686707133147385e-02
4.2715538178404594e-01 1.3662661794965031e-02
4.2877175275026336e-01 1.3638658600833924e-02
4.3038812371648072e-01 1.3614697477064583e-02
4.3200449468269808e-01 1.3590778350096051e-02
4.3362086564891544e-01 1.3566901146495693e-02
4.3523723661513286e-01 1.3543065792958957e-02
4.3685360758135022e-01 1.3519272216309173e-02
4.3846997854756764e-01 1.3495520343497304e-02
4.4008634951378500e-01 1.3471810101601752e-02
4.4170272048000236e-01 1.3448141417828109e-02
4.4331909144621973e-01 1.3424514219508949e-02
4.4493546241243714e-01 1.3400928434103612e-02
4.4655183337865451e-01 1.3377383989197978e-02
4.4816820434487187e-01 1.3353880812504240e-02
4.4978457531108929e-01 1.3330418831860690e-02
4.5140094627730665e-01 1.3306997975231509e-02
4.5301731724352401e-01 1.3283618170706531e-02
4.5463368820974143e-01 1.3260279346501041e-02
4.5625005917595879e-01 1.3236981430955537e-02
4.5786643014217615e-01 1.3213724352535525e-02
4.5948280110839357e-01 1.3190508039831303e-02
4.6109917207461093e-01 1.3167332421557747e-02
4.6271554304082829e-01 1.3144197426554077e-02
4.6433191400704565e-01 1.3121102983783653e-02
4.6594828497326307e-01 1.3098049022333755e-02
4.6756465593948043e-01 1.3075035471415378e-02
4.6918102690569785e-01 1.3052062260363009e-02
4.7079739787191521e-01 1.3029129318634395e-02
4.7241376883813258e-01 1.3006236575810362e-02
4.7403013980434994e-01 1.2983383961594576e-02
4.7564651077056735e-01 1.2960571405813333e-02
4.7726288173678472e-01 1.2937798838415358e-02
4.7887925270300208e-01 1.2915066189471584e-02
4.8049562366921950e-01 1.2892373389174922e-02
4.8211199463543686e-01 1.2869720367840084e-02
4.8372836560165422e-01 1.2847107055903351e-02
4.8534473656787158e-01 1.2824533383922348e-02
4.8696110753408900e-01 1.2801999282575860e-02
4.8857747850030636e-01 1.2779504682663607e-02
4.9019384946652378e-01 1.2757049515106030e-02
4.9181022043274114e-01 1.2734633710944094e-02
4.9342659139895850e-01 1.2712257201339068e-02
4.9504296236517586e-01 1.2689919917572309e-02
4.9665933333139328e-01 1.2667621791045067e-02
4.9827570429761064e-01 1.2645362753278284e-02
4.9989207526382806e-01 1.2623142735912356e-02
5.0150844623004542e-01 1.2600961670706953e-02
5.0312481719626279e-01 1.2578819489540784e-02
5.0474118816248015e-01 1.2556716124411428e-02
5.0635755912869751e-01 1.2534651507435096e-02
5.0797393009491487e-01 1.2512625570846430e-02
5.0959030106113234e-01 1.2490638246998304e-02
5.1120667202734971e-01 1.2468689468361617e-02
5.1282304299356707e-01 1.2446779167525080e-02
5.1443941395978443e-01 1.2424907277195028e-02
5.1605578492600179e-01 1.2403073730195190e-02
5.1767215589221915e-01 1.2381278459466507e-02
5.1928852685843663e-01 1.2359521398066909e-02
5.2090489782465399e-01 1.2337802479171144e-02
5.2252126879087135e-01 1.2316121636070532e-02
5.2413763975708871e-01 1.2294478802172786e-02
5.2575401072330608e-01 1.2272873911001809e-02
5.2737038168952344e-01 1.2251306896197496e-02
5.2898675265574080e-01 1.2229777691515507e-02
5.3060312362195827e-01 1.2208286230827106e-02
5.3221949458817563e-01 1.2186832448118915e-02
5.3383586555439300e-01 1.2165416277492753e-02
5.3545223652061036e-01 1.2144037653165409e-02
5.3706860748682772e-01 1.2122696509468451e-02
5.3868497845304519e-01 1.2101392780848028e-02
5.4030134941926256e-01 1.2080126401864661e-02
5.4191772038547992e-01 1.2058897307193072e-02
5.4353409135169728e-01 1.2037705431621941e-02
5.4515046231791464e-01 1.2016550710053744e-02
5.4676683328413200e-01 1.1995433077504541e-02
5.4838320425034937e-01 1.1974352469103774e-02
5.4999957521656673e-01 1.1953308820094080e-02
5.5161594618278420e-01 1.1932302065831091e-02
5.5323231714900156e-01 1.1911332141783231e-02
5.5484868811521892e-01 1.1890398983531525e-02
5.5646505908143629e-01 1.1869502526769405e-02
5.5808143004765365e-01 1.1848642707302504e-02
5.5969780101387112e-01 1.1827819461048482e-02
5.6131417198008848e-01 1.1807032724036800e-02
5.6293054294630585e-01 1.1786282432408555e-02
5.6454691391252321e-01 1.1765568522416267e-02
5.6616328487874057e-01 1.1744890930423694e-02
5.6777965584495793e-01 1.1724249592905640e-02
5.6939602681117529e-01 1.1703644446447746e-02
5.7101239777739266e-01 1.1683075427746312e-02
5.7262876874361013e-01 1.1662542473608106e-02
5.7424513970982749e-01 1.1642045520950163e-02
5.7586151067604485e-01 1.1621584506799598e-02
5.7747788164226221e-01 1.1601159368293415e-02
5.7909425260847958e-01 1.1580770042678303e-02
5.8071062357469705e-01 1.1560416467310463e-02
5.8232699454091441e-01 1.1540098579655414e-02
5.8394336550713177e-01 1.1519816317287795e-02
5.8555973647334914e-01 1.1499569617891170e-02
5.8717610743956650e-01 1.1479358419257863e-02
5.8879247840578386e-01 1.1459182659288740e-02
5.9040884937200122e-01 1.1439042275993039e-02
5.9202522033821858e-01 1.1418937207488175e-02
5.9364159130443606e-01 1.1398867391999542e-02
5.9525796227065342e-01 1.1378832767860350e-02
5.9687433323687078e-01 1.1358833273511417e-02
5.9849070420308814e-01 1.1338868847500979e-02
6.0010707516930561e-01 1.1318939428484519e-02
6.0172344613552298e-01 1.1299044955224569e-02
6.0333981710174034e-01 1.1279185366590528e-02
6.0495618806795770e-01 1.1259360601558473e-02
6.0657255903417506e-01 1.1239570599210977e-02
6.0818893000039242e-01 1.1219815298736916e-02
6.0980530096660979e-01 1.1200094639431297e-02
6.1142167193282715e-01 1.1180408560695063e-02
6.1303804289904451e-01 1.1160757002034911e-02
6.1465441386526198e-01 1.1141139903063103e-02
6.1627078483147935e-01 1.1121557203497296e-02
6.1788715579769671e-01 1.1102008843160347e-02
6.1950352676391407e-01 1.1082494761980128e-02
6.2111989773013154e-01 1.1063014899989352e-02
6.2273626869634890e-01 1.1043569197325388e-02
6.2435263966256627e-01 1.1024157594230073e-02
6.2596901062878363e-01 1.1004780031049540e-02
6.2758538159500099e-01 1.0985436448234022e-02
6.2920175256121835e-01 1.0966126786337687e-02
6.3081812352743571e-01 1.0946850986018445e-02
6.3243449449365308e-01 1.0927608988037778e-02
6.3405086545987055e-01 1.0908400733260539e-02
6.3566723642608791e-01 1.0889226162654810e-02
6.3728360739230527e-01 1.0870085217291674e-02
6.3889997835852264e-01 1.0850977838345082e-02
6.4051634932474000e-01 1.0831903967091635e-02
6.4213272029095747e-01 1.0812863544910432e-02
6.4374909125717483e-01 1.0793856513282884e-02
6.4536546222339219e-01 1.0774882813792524e-02
6.4698183318960956e-01 1.0755942388124851e-02
6.4859820415582692e-01 1.0737035178067135e-02
6.5021457512204428e-01 1.0718161125508243e-02
6.5183094608826164e-01 1.0699320172438470e-02
6.5344731705447900e-01 1.0680512260949356e-02
6.5506368802069637e-01 1.0661737333233506e-02
6.5668005898691384e-01 1.0642995331584422e-02
6.5829642995313120e-01 1.0624286198396329e-02
6.5991280091934856e-01 1.0605609876163987e-02
6.6152917188556604e-01 1.0586966307482524e-02
6.6314554285178340e-01 1.0568355435047272e-02
6.6476191381800076e-01 1.0549777201653567e-02
6.6637828478421812e-01 1.0531231550196595e-02
6.6799465575043548e-01 1.0512718423671213e-02
6.6961102671665285e-01 1.0494237765171778e-02
6.7122739768287021e-01 1.0475789517891973e-02
6.7284376864908757e-01 1.0457373625124618e-02
6.7446013961530493e-01 1.0438990030261521e-02
6.7607651058152229e-01 1.0420638676793291e-02
6.7769288154773977e-01 1.0402319508309181e-02
6.7930925251395713e-01 1.0384032468496895e-02
6.8092562348017449e-01 1.0365777501142436e-02
6.8254199444639196e-01 1.0347554550129914e-02
6.8415836541260933e-01 1.0329363559441397e-02
6.8577473637882669e-01 1.0311204473156740e-02
6.8739110734504405e-01 1.0293077235453380e-02
6.8900747831126141e-01 1.0274981790606220e-02
6.9062384927747877e-01 1.0256918082987405e-02
6.9224022024369614e-01 1.0238886057066200e-02
6.9385659120991350e-01 1.0220885657408788e-02
6.9547296217613086e-01 1.0202916828678117e-02
6.9708933314234833e-01 1.0184979515633725e-02
6.9870570410856569e-01 1.0167073663131581e-02
7.0032207507478306e-01 1.0149199216123894e-02
7.0193844604100042e-01 1.0131356119658983e-02
7.0355481700721789e-01 1.0113544318881068e-02
7.0517118797343525e-01 1.0095763759030140e-02
7.0678755893965262e-01 1.0078014385441765e-02
7.0840392990586998e-01 1.0060296143546942e-02
7.1002030087208734e-01 1.0042608978871910e-02
7.1163667183830470e-01 1.0024952837038009e-02
7.1325304280452206e-01 1.0007327663761499e-02
7.1486941377073943e-01 9.9897334048533962e-03
7.1648578473695679e-01 9.9721700062193105e-03
7.1810215570317426e-01 9.9546374138592877e-03
7.1971852666939162e-01 9.9371355738676233e-03
7.2133489763560898e-01 9.9196644324327232e-03
7.2295126860182635e-01 9.9022239358369235e-03
7.2456763956804382e-01 9.8848140304563428e-03
7.2618401053426118e-01 9.8674346627606931e-03
7.2780038150047854e-01 9.8500857793131398e-03
7.2941675246669591e-01 9.8327673267701379e-03
7.3103312343291327e-01 9.8154792518812574e-03
7.3264949439913063e-01 9.7982215014890250e-03
7.3426586536534799e-01 9.7809940225287648e-03
7.3588223633156535e-01 9.7637967620284385e-03
7.3749860729778272e-01 9.7466296671084845e-03
7.3911497826400019e-01 9.7294926849816436e-03
7.4073134923021755e-01 9.7123857629528194e-03
7.4234772019643491e-01 9.6953088484189025e-03
7.4396409116265239e-01 9.6782618888686146e-03
7.4558046212886975e-01 9.6612448318823489e-03
7.4719683309508711e-01 9.6442576251320137e-03
7.4881320406130447e-01 9.6273002163808647e-03
7.5042957502752183e-01 9.6103725534833501e-03
7.5204594599373920e-01 9.5934745843849565e-03
7.5366231695995656e-01 9.5766062571220473e-03
7.5527868792617392e-01 9.5597675198217050e-03
7.5689505889239128e-01 9.5429583207015597e-03
7.5851142985860864e-01 9.5261786080696569e-03
7.6012780082482612e-01 9.5094283303242804e-03
7.6174417179104348e-01 9.4927074359538073e-03
7.6336054275726084e-01 9.4760158735365339e-03
7.6497691372347831e-01 9.4593535917405387e-03
7.6659328468969568e-01 9.4427205393235198e-03
7.6820965565591304e-01 9.4261166651326278e-03
7.6982602662213040e-01 9.4095419181043256e-03
7.7144239758834776e-01 9.3929962472642254e-03
7.7305876855456512e-01 9.3764796017269270e-03
7.7467513952078249e-01 9.3599919306958795e-03
7.7629151048699985e-01 9.3435331834632179e-03
7.7790788145321721e-01 9.3271033094095967e-03
7.7952425241943457e-01 9.3107022580040562e-03
7.8114062338565204e-01 9.2943299788038492e-03
7.8275699435186941e-01 9.2779864214543161e-03
7.8437336531808677e-01 9.2616715356886939e-03
7.8598973628430424e-01 9.2453852713279844e-03
7.8760610725052160e-01 9.2291275782808140e-03
7.8922247821673897e-01 9.2128984065432441e-03
7.9083884918295633e-01 9.1966977061986588e-03
7.9245522014917369e-01 9.1805254274175841e-03
7.9407159111539105e-01 9.1643815204575495e-03
7.9568796208160841e-01 9.1482659356629335e-03
7.9730433304782578e-01 9.1321786234648088e-03
7.9892070401404314e-01 9.1161195343808059e-03
8.0053707498026061e-01 9.1000886190149427e-03
8.0215344594647797e-01 9.0840858280574789e-03
8.0376981691269533e-01 9.0681111122847772e-03
8.0538618787891270e-01 9.0521644225591436e-03
8.0700255884513017e-01 9.0362457098286803e-03
8.0861892981134753e-01 9.0203549251271359e-03
8.1023530077756489e-01 9.0044920195737500e-03
8.1185167174378225e-01 8.9886569443731173e-03
8.1346804270999962e-01 8.9728496508150301e-03
8.1508441367621698e-01 8.9570700902743342e-03
8.1670078464243434e-01 8.9413182142107708e-03
8.1831715560865170e-01 8.9255939741688401e-03
8.1993352657486906e-01 8.9098973217776548e-03
8.2154989754108654e-01 8.8942282087507776e-03
8.2316626850730390e-01 8.8785865868860978e-03
8.2478263947352126e-01 8.8629724080656527e-03
8.2639901043973862e-01 8.8473856242555163e-03
8.2801538140595610e-01 8.8318261875056248e-03
8.2963175237217346e-01 8.8162940499496457e-03
8.3124812333839082e-01 8.8007891638048272e-03
8.3286449430460818e-01 8.7853114813718509e-03
8.3448086527082554e-01 8.7698609550346876e-03
8.3609723623704291e-01 8.7544375372604621e-03
8.3771360720326027e-01 8.7390411805992867e-03
8.3932997816947763e-01 8.7236718376841396e-03
8.4094634913569499e-01 8.7083294612307020e-03
8.4256272010191247e-01 8.6930140040372295e-03
8.4417909106812983e-01 8.6777254189844000e-03
8.4579546203434719e-01 8.6624636590351672e-03
8.4741183300056466e-01 8.6472286772346207e-03
8.4902820396678202e-01 8.6320204267098504e-03
8.5064457493299939e-01 8.6168388606697923e-03
8.5226094589921675e-01 8.6016839324050895e-03
8.5387731686543411e-01 8.5865555952879553e-03
8.5549368783165147e-01 8.5714538027720170e-03
8.5711005879786883e-01 8.5563785083921928e-03
8.5872642976408620e-01 8.5413296657645410e-03
8.6034280073030356e-01 8.5263072285861122e-03
8.6195917169652092e-01 8.5113111506348229e-03
8.6357554266273839e-01 8.4963413857692908e-03
8.6519191362895576e-01 8.4813978879287339e-03
8.6680828459517312e-01 8.4664806111327852e-03
8.6842465556139059e-01 8.4515895094813814e-03
8.7004102652760795e-01 8.4367245371546190e-03
8.7165739749382531e-01 8.4218856484125984e-03
8.7327376846004268e-01 8.4070727975953125e-03
8.7489013942626004e-01 8.3922859391224805e-03
8.7650651039247740e-01 8.3775250274934262e-03
8.7812288135869476e-01 8.3627900172869220e-03
8.7973925232491212e-01 8.3480808631610798e-03
8.8135562329112949e-01 8.3333975198531841e-03
8.8297199425734685e-01 8.3187399421795656e-03
8.8458836522356432e-01 8.3041080850354641e-03
8.8620473618978168e-01 8.2895019033948896e-03
8.8782110715599905e-01 8.2749213523104805e-03
8.8943747812221652e-01 8.2603663869133832e-03
8.9105384908843388e-01 8.2458369624130896e-03
8.9267022005465124e-01 8.2313330340973243e-03
8.9428659102086860e-01 8.2168545573318898e-03
8.9590296198708597e-01 8.2024014875605473e-03
8.9751933295330333e-01 8.1879737803048722e-03
8.9913570391952069e-01 8.1735713911641091e-03
9.0075207488573805e-01 8.1591942758150564e-03
9.0236844585195553e-01 8.1448423900119180e-03
9.0398481681817289e-01 8.1305156895861708e-03
9.0560118778439025e-01 8.1162141304464315e-03
9.0721755875060761e-01 8.1019376685783195e-03
9.0883392971682497e-01 8.0876862600443317e-03
9.1045030068304234e-01 8.0734598609836904e-03
9.1206667164925981e-01 8.0592584276122318e-03
9.1368304261547717e-01 8.0450819162222516e-03
9.1529941358169453e-01 8.0309302831823911e-03
9.1691578454791189e-01 8.0168034849374889e-03
9.1853215551412926e-01 8.0027014780084550e-03
9.2014852648034662e-01 7.9886242189921436e-03
9.2176489744656398e-01 7.9745716645612010e-03
9.2338126841278145e-01 7.9605437714639540e-03
9.2499763937899881e-01 7.9465404965242820e-03
9.2661401034521618e-01 7.9325617966414571e-03
9.2823038131143354e-01 7.9186076287900385e-03
9.2984675227765090e-01 7.9046779500197336e-03
9.3146312324386826e-01 7.8907727174552626e-03
9.3307949421008574e-01 7.8768918882962304e-03
9.3469586517630310e-01 7.8630354198170084e-03
9.3631223614252046e-01 7.8492032693665802e-03
9.3792860710873782e-01 7.8353953943684270e-03
9.3954497807495518e-01 7.8216117523203996e-03
9.4116134904117255e-01 7.8078523007945860e-03
9.4277772000738991e-01 7.7941169974371739e-03
9.4439409097360738e-01 7.7804057999683318e-03
9.4601046193982474e-01 7.7667186661820780e-03
9.4762683290604210e-01 7.7530555539461433e-03
9.4924320387225947e-01 7.7394164212018605e-03
9.5085957483847683e-01 7.7258012259640201e-03
9.5247594580469419e-01 7.7122099263207417e-03
9.5409231677091166e-01 7.6986424804333610e-03
9.5570868773712903e-01 7.6850988465362903e-03
9.5732505870334639e-01 7.6715789829368969e-03
9.5894142966956375e-01 7.6580828480153629e-03
9.6055780063578111e-01 7.6446104002245822e-03
9.6217417160199847e-01 7.6311615980900116e-03
9.6379054256821595e-01 7.6177364002095538e-03
9.6540691353443331e-01 7.6043347652534326e-03
9.6702328450065067e-01 7.5909566519640689e-03
9.6863965546686803e-01 7.5776020191559408e-03
9.7025602643308539e-01 7.5642708257154705e-03
9.7187239739930276e-01 7.5509630306009063e-03
9.7348876836552012e-01 7.5376785928421754e-03
9.7510513933173759e-01 7.5244174715407720e-03
9.7672151029795495e-01 7.5111796258696397e-03
9.7833788126417232e-01 7.4979650150730354e-03
9.7995425223038968e-01 7.4847735984664059e-03
9.8157062319660704e-01 7.4716053354362648e-03
9.8318699416282440e-01 7.4584601854400774e-03
9.8480336512904187e-01 7.4453381080061259e-03
9.8641973609525924e-01 7.4322390627333881e-03
9.8803610706147660e-01 7.4191630092914186e-03
9.8965247802769396e-01 7.4061099074202259e-03
9.9126884899391132e-01 7.3930797169301458e-03
9.9288521996012868e-01 7.3800723977017132e-03
9.9450159092634616e-01 7.3670879096855582e-03
9.9611796189256352e-01 7.3541262129022626e-03
9.9773433285878088e-01 7.3411872674422540e-03
9.9935070382499824e-01 7.3282710334656772e-03
1.0009670747912156e+00 7.3153774712022687e-03
1.0025834457574330e+00 7.3025065409512476e-03
1.0041998167236503e+00 7.2896582030811796e-03
1.0058161876898679e+00 7.2768324180298690e-03
1.0074325586560851e+00 7.2640291463042361e-03
1.0090489296223026e+00 7.2512483484801771e-03
1.0106653005885198e+00 7.2384899852024828e-03
1.0122816715547374e+00 7.2257540171846756e-03
1.0138980425209545e+00 7.2130404052089250e-03
1.0155144134871721e+00 7.2003491101259014e-03
1.0171307844533894e+00 7.1876800928546789e-03
1.0187471554196068e+00 7.1750333143825954e-03
1.0203635263858242e+00 7.1624087357651514e-03
1.0219798973520415e+00 7.1498063181258805e-03
1.0235962683182589e+00 7.1372260226562293e-03
1.0252126392844763e+00 7.1246678106154553e-03
1.0268290102506938e+00 7.1121316433304807e-03
1.0284453812169110e+00 7.0996174821958110e-03
1.0300617521831286e+00 7.0871252886733765e-03
1.0316781231493457e+00 7.0746550242924474e-03
1.0332944941155633e+00 7.0622066506495027e-03
1.0349108650817804e+00 7.0497801294081138e-03
1.0365272360479980e+00 7.0373754222988220e-03
1.0381436070142154e+00 7.0249924911190420e-03
1.0397599779804327e+00 7.0126312977329226e-03
1.0413763489466501e+00 7.0002918040712337e-03
1.0429927199128675e+00 6.9879739721312702e-03
1.0446090908790848e+00 6.9756777639767105e-03
1.0462254618453022e+00 6.9634031417375149e-03
1.0478418328115198e+00 6.9511500676098081e-03
1.0494582037777369e+00 6.9389185038557667e-03
1.0510745747439545e+00 6.9267084128034886e-03
1.0526909457101716e+00 6.9145197568469072e-03
1.0543073166763892e+00 6.9023524984456394e-03
1.0559236876426064e+00 6.8902066001249093e-03
1.0575400586088239e+00 6.8780820244754015e-03
1.0591564295750413e+00 6.8659787341531688e-03
1.0607728005412587e+00 6.8538966918795137e-03
1.0623891715074760e+00 6.8418358604408593e-03
1.0640055424736934e+00 6.8297962026886557e-03
1.0656219134399108e+00 6.8177776815392631e-03
1.0672382844061281e+00 6.8057802599738263e-03
1.0688546553723457e+00 6.7938039010381713e-03
1.0704710263385628e+00 6.7818485678427000e-03
1.0720873973047804e+00 6.7699142235622557e-03
1.0737037682709976e+00 6.7580008314360339e-03
1.0753201392372151e+00 6.7461083547674548e-03
1.0769365102034323e+00 6.7342367569240592e-03
1.0785528811696499e+00 6.7223860013373932e-03
1.0801692521358672e+00 6.7105560515029004e-03
1.0817856231020846e+00 6.6987468709798041e-03
1.0834019940683020e+00 6.6869584233910026e-03
1.0850183650345193e+00 6.6751906724229525e-03
1.0866347360007367e+00 6.6634435818255624e-03
1.0882511069669540e+00 6.6517171154120832e-03
1.0898674779331716e+00 6.6400112370589917e-03
1.0914838488993888e+00 6.6283259107058849e-03
1.0931002198656063e+00 6.6166611003553701e-03
1.0947165908318235e+00 6.6050167700729551e-03
1.0963329617980411e+00 6.5933928839869305e-03
1.0979493327642584e+00 6.5817894062882793e-03
1.0995657037304758e+00 6.5702063012305460e-03
1.1011820746966932e+00 6.5586435331297351e-03
1.1027984456629105e+00 6.5471010663642167e-03
1.1044148166291279e+00 6.5355788653745925e-03
1.1060311875953452e+00 6.5240768946636047e-03
1.1076475585615626e+00 6.5125951187960255e-03
1.1092639295277800e+00 6.5011335023985430e-03
1.1108803004939976e+00 6.4896920101596587e-03
1.1124966714602147e+00 6.4782706068295809e-03
1.1141130424264323e+00 6.4668692572201021e-03
1.1157294133926494e+00 6.4554879262045221e-03
1.1173457843588670e+00 6.4441265787175033e-03
1.1189621553250844e+00 6.4327851797549981e-03
1.1205785262913017e+00 6.4214636943741195e-03
1.1221948972575191e+00 6.4101620876930400e-03
1.1238112682237364e+00 6.3988803248908903e-03
1.1254276391899538e+00 6.3876183712076534e-03
1.1270440101561712e+00 6.3763761919440427e-03
1.1286603811223885e+00 6.3651537524614206e-03
1.1302767520886059e+00 6.3539510181816732e-03
1.1318931230548235e+00 6.3427679545871116e-03
1.1335094940210406e+00 6.3316045272203761e-03
1.1351258649872582e+00 6.3204607016843078e-03
1.1367422359534753e+00 6.3093364436418694e-03
1.1383586069196929e+00 6.2982317188160185e-03
1.1399749778859103e+00 6.2871464929896235e-03
1.1415913488521277e+00 6.2760807320053407e-03
1.1432077198183450e+00 6.2650344017655237e-03
1.1448240907845624e+00 6.2540074682321100e-03
1.1464404617507797e+00 6.2429998974265202e-03
1.1480568327169971e+00 6.2320116554295613e-03
1.1496732036832145e+00 6.2210427083813098e-03
1.1512895746494318e+00 6.2100930224810169e-03
1.1529059456156494e+00 6.1991625639870058e-03
1.1545223165818665e+00 6.1882512992165713e-03
1.1561386875480841e+00 6.1773591945458589e-03
1.1577550585143013e+00 6.1664862164097925e-03
1.1593714294805189e+00 6.1556323313019393e-03
1.1609878004467362e+00 6.1447975057744367e-03
1.1626041714129536e+00 6.1339817064378684e-03
1.1642205423791709e+00 6.1231848999611762e-03
1.1658369133453883e+00 6.1124070530715474e-03
1.1674532843116057e+00 6.1016481325543255e-03
1.1690696552778230e+00 6.0909081052528975e-03
1.1706860262440406e+00 6.0801869380686007e-03
1.1723023972102578e+00 6.0694845979606176e-03
1.1739187681764753e+00 6.0588010519458703e-03
1.1755351391426925e+00 6.0481362670989384e-03
1.1771515101089101e+00 6.0374902105519287e-03
1.1787678810751272e+00 6.0268628494944063e-03
1.1803842520413448e+00 6.0162541511732696e-03
1.1820006230075621e+00 6.0056640828926710e-03
1.1836169939737795e+00 5.9950926120138914e-03
1.1852333649399969e+00 5.9845397059552739e-03
1.1868497359062142e+00 5.9740053321920925e-03
1.1884661068724316e+00 5.9634894582564716e-03
1.1900824778386490e+00 5.9529920517372827e-03
1.1916988488048665e+00 5.9425130802800395e-03
1.1933152197710837e+00 5.9320525115868173e-03
1.1949315907373013e+00 5.9216103134161219e-03
1.1965479617035184e+00 5.9111864535828264e-03
1.1981643326697360e+00 5.9007808999580495e-03
1.1997807036359531e+00 5.8903936204690709e-03
1.2013970746021707e+00 5.8800245830992167e-03
1.2030134455683881e+00 5.8696737558877870e-03
1.2046298165346054e+00 5.8593411069299333e-03
1.2062461875008228e+00 5.8490266043765742e-03
1.2078625584670402e+00 5.8387302164342996e-03
1.2094789294332575e+00 5.8284519113652629e-03
1.2110953003994749e+00 5.8181916574870946e-03
1.2127116713656925e+00 5.8079494231728030e-03
1.2143280423319096e+00 5.7977251768506748e-03
1.2159444132981272e+00 5.7875188870041786e-03
1.2175607842643443e+00 5.7773305221718776e-03
1.2191771552305619e+00 5.7671600509473153e-03
1.2207935261967791e+00 5.7570074419789410e-03
1.2224098971629966e+00 5.7468726639699954e-03
1.2240262681292140e+00 5.7367556856784303e-03
1.2256426390954314e+00 5.7266564759168043e-03
1.2272590100616487e+00 5.7165750035521878e-03
1.2288753810278661e+00 5.7065112375060678e-03
1.2304917519940834e+00 5.6964651467542636e-03
1.2321081229603008e+00 5.6864367003268143e-03
1.2337244939265184e+00 5.6764258673078945e-03
1.2353408648927355e+00 5.6664326168357282e-03
1.2369572358589531e+00 5.6564569181024715e-03
1.2385736068251703e+00 5.6464987403541441e-03
1.2401899777913878e+00 5.6365580528905130e-03
1.2418063487576050e+00 5.6266348250650208e-03
1.2434227197238226e+00 5.6167290262846671e-03
1.2450390906900399e+00 5.6068406260099419e-03
1.2466554616562573e+00 5.5969695937547080e-03
1.2482718326224747e+00 5.5871158990861277e-03
1.2498882035886920e+00 5.5772795116245553e-03
1.2515045745549094e+00 5.5674604010434508e-03
1.2531209455211267e+00 5.5576585370692893e-03
1.2547373164873443e+00 5.5478738894814625e-03
1.2563536874535615e+00 5.5381064281121934e-03
1.2579700584197790e+00 5.5283561228464378e-03
1.2595864293859962e+00 5.5186229436217952e-03
1.2612028003522138e+00 5.5089068604284161e-03
1.2628191713184309e+00 5.4992078433089182e-03
1.2644355422846485e+00 5.4895258623582771e-03
1.2660519132508659e+00 5.4798608877237500e-03
1.2676682842170832e+00 5.4702128896047860e-03
1.2692846551833006e+00 5.4605818382529201e-03
1.2709010261495179e+00 5.4509677039716979e-03
1.2725173971157353e+00 5.4413704571165782e-03
1.2741337680819527e+00 5.4317900680948368e-03
1.2757501390481703e+00 5.4222265073654886e-03
1.2773665100143874e+00 5.4126797454391922e-03
1.2789828809806050e+00 5.4031497528781499e-03
1.2805992519468221e+00 5.3936365002960375e-03
1.2822156229130397e+00 5.3841399583578935e-03
1.2838319938792568e+00 5.3746600977800469e-03
1.2854483648454744e+00 5.3651968893300168e-03
1.2870647358116918e+00 5.3557503038264278e-03
1.2886811067779091e+00 5.3463203121389179e-03
1.2902974777441265e+00 5.3369068851880563e-03
1.2919138487103439e+00 5.3275099939452458e-03
1.2935302196765612e+00 5.3181296094326367e-03
1.2951465906427786e+00 5.3087657027230421e-03
1.2967629616089962e+00 5.2994182449398481e-03
1.2983793325752133e+00 5.2900872072569266e-03
1.2999957035414309e+00 5.2807725608985346e-03
1.3016120745076480e+00 5.2714742771392499e-03
1.3032284454738656e+00 5.2621923273038617e-03
1.3048448164400830e+00 5.2529266827672982e-03
1.3064611874063004e+00 5.2436773149545255e-03
1.3080775583725177e+00 5.2344441953404743e-03
1.3096939293387351e+00 5.2252272954499430e-03
1.3113103003049524e+00 5.2160265868575126e-03
1.3129266712711698e+00 5.2068420411874638e-03
1.3145430422373872e+00 5.1976736301136833e-03
1.3161594132036045e+00 5.1885213253595845e-03
1.3177757841698221e+00 5.1793850986980193e-03
1.3193921551360392e+00 5.1702649219511898e-03
1.3210085261022568e+00 5.1611607669905584e-03
1.3226248970684740e+00 5.1520726057367747e-03
1.3242412680346916e+00 5.1430004101595738e-03
1.3258576390009089e+00 5.1339441522777066e-03
1.3274740099671263e+00 5.1249038041588368e-03
1.3290903809333436e+00 5.1158793379194730e-03
1.3307067518995610e+00 5.1068707257248703e-03
1.3323231228657784e+00 5.0978779397889548e-03
1.3339394938319957e+00 5.0889009523742293e-03
1.3355558647982131e+00 5.0799397357916970e-03
1.3371722357644305e+00 5.0709942624007744e-03
1.3387886067306480e+00 5.0620645046092006e-03
1.3404049776968652e+00 5.0531504348729694e-03
1.3420213486630828e+00 5.0442520256962194e-03
1.3436377196292999e+00 5.0353692496311764e-03
1.3452540905955175e+00 5.0265020792780533e-03
1.3468704615617348e+00 5.0176504872849696e-03
1.3484868325279522e+00 5.0088144463478739e-03
1.3501032034941696e+00 4.9999939292104511e-03
1.3517195744603869e+00 4.9911889086640474e-03
1.3533359454266043e+00 4.9823993575475794e-03
1.3549523163928217e+00 4.9736252487474607e-03
1.3565686873590390e+00 4.9648665551975087e-03
1.3581850583252564e+00 4.9561232498788708e-03
1.3598014292914740e+00 4.9473953058199330e-03
1.3614178002576911e+00 4.9386826960962490e-03
1.3630341712239087e+00 4.9299853938304444e-03
1.3646505421901258e+00 4.9213033721921496e-03
1.3662669131563434e+00 4.9126366043978995e-03
1.3678832841225608e+00 4.9039850637110716e-03
1.3694996550887781e+00 4.8953487234417907e-03
1.3711160260549955e+00 4.8867275569468476e-03
1.3727323970212129e+00 4.8781215376296292e-03
1.3743487679874302e+00 4.8695306389400202e-03
1.3759651389536476e+00 4.8609548343743402e-03
1.3775815099198652e+00 4.8523940974752469e-03
1.3791978808860823e+00 4.8438484018316673e-03
1.3808142518522999e+00 4.8353177210787050e-03
1.3824306228185170e+00 4.8268020288975743e-03
1.3840469937847346e+00 4.8183012990155039e-03
1.3856633647509518e+00 4.8098155052056762e-03
1.3872797357171693e+00 4.8013446212871163e-03
1.3888961066833867e+00 4.7928886211246529e-03
1.3905124776496041e+00 4.7844474786288022e-03
1.3921288486158214e+00 4.7760211677557087e-03
1.3937452195820388e+00 4.7676096625070561e-03
1.3953615905482561e+00 4.7592129369299933e-03
1.3969779615144735e+00 4.7508309651170576e-03
1.3985943324806911e+00 4.7424637212060798e-03
1.4002107034469082e+00 4.7341111793801297e-03
1.4018270744131256e+00 4.7257733138674147e-03
1.4034434453793432e+00 4.7174500989412109e-03
1.4050598163455605e+00 4.7091415089197926e-03
1.4066761873117779e+00 4.7008475181663347e-03
1.4082925582779953e+00 4.6925681010888468e-03
1.4099089292442126e+00 4.6843032321401013e-03
1.4115253002104300e+00 4.6760528858175330e-03
1.4131416711766474e+00 4.6678170366631884e-03
1.4147580421428647e+00 4.6595956592636271e-03
1.4163744131090821e+00 4.6513887282498504e-03
1.4179907840752994e+00 4.6431962182972367e-03
1.4196071550415168e+00 4.6350181041254325e-03
1.4212235260077342e+00 4.6268543604983123e-03
1.4228398969739515e+00 4.6187049622238800e-03
1.4244562679401691e+00 4.6105698841541892e-03
1.4260726389063865e+00 4.6024491011852839e-03
1.4276890098726038e+00 4.5943425882571023e-03
1.4293053808388212e+00 4.5862503203534114e-03
1.4309217518050386e+00 4.5781722725017349e-03
1.4325381227712559e+00 4.5701084197732559e-03
1.4341544937374733e+00 4.5620587372827703e-03
1.4357708647036906e+00 4.5540232001885853e-03
1.4373872356699080e+00 4.5460017836924582e-03
1.4390036066361254e+00 4.5379944630395139e-03
1.4406199776023427e+00 4.5300012135181681e-03
1.4422363485685601e+00 4.5220220104600674e-03
1.4438527195347775e+00 4.5140568292399838e-03
1.4454690905009950e+00 4.5061056452757693e-03
1.4470854614672124e+00 4.4981684340282694e-03
1.4487018324334298e+00 4.4902451710012378e-03
1.4503182033996471e+00 4.4823358317412779e-03
1.4519345743658645e+00 4.4744403918377607e-03
1.4535509453320818e+00 4.4665588269227454e-03
1.4551673162982992e+00 4.4586911126709211e-03
1.4567836872645166e+00 4.4508372247995063e-03
1.4584000582307339e+00 4.4429971390682046e-03
1.4600164291969513e+00 4.4351708312791050e-03
1.4616328001631687e+00 4.4273582772766220e-03
1.4632491711293860e+00 4.4195594529474217e-03
1.4648655420956034e+00 4.4117743342203418e-03
1.4664819130618210e+00 4.4040028970663185e-03
1.4680982840280383e+00 4.3962451174983271e-03
1.4697146549942557e+00 4.3885009715712809e-03
1.4713310259604730e+00 4.3807704353819848e-03
1.4729473969266904e+00 4.3730534850690509e-03
1.4745637678929078e+00 4.3653500968128213e-03
1.4761801388591251e+00 4.3576602468353050e-03
1.4777965098253425e+00 4.3499839114000969e-03
1.4794128807915599e+00 4.3423210668123192e-03
1.4810292517577772e+00 4.3346716894185188e-03
1.4826456227239946e+00 4.3270357556066362e-03
1.4842619936902119e+00 4.3194132418058985e-03
1.4858783646564293e+00 4.3118041244867636e-03
1.4874947356226469e+00 4.3042083801608485e-03
1.4891111065888643e+00 4.2966259853808517e-03
1.4907274775550816e+00 4.2890569167404833e-03
1.4923438485212990e+00 4.2815011508743998e-03
1.4939602194875163e+00 4.2739586644581174e-03
1.4955765904537337e+00 4.2664294342079617e-03
1.4971929614199511e+00 4.2589134368809780e-03
1.4988093323861684e+00 4.2514106492748680e-03
1.5004257033523858e+00 4.2439210482279246e-03
1.5020420743186031e+00 4.2364446106189432e-03
1.5036584452848205e+00 4.2289813133671757e-03
1.5052748162510379e+00 4.2215311334322398e-03
1.5068911872172555e+00 4.2140940478140529e-03
1.5085075581834728e+00 4.2066700335527734e-03
1.5101239291496902e+00 4.1992590677287145e-03
1.5117403001159075e+00 4.1918611274622819e-03
1.5133566710821249e+00 4.1844761899139105e-03
1.5149730420483423e+00 4.1771042322839725e-03
1.5165894130145596e+00 4.1697452318127390e-03
1.5182057839807770e+00 4.1623991657802843e-03
1.5198221549469944e+00 4.1550660115064241e-03
1.5214385259132117e+00 4.1477457463506570e-03
1.5230548968794291e+00 4.1404383477120750e-03
1.5246712678456464e+00 4.1331437930293190e-03
1.5262876388118638e+00 4.1258620597804836e-03
1.5279040097780814e+00 4.1185931254830660e-03
1.5295203807442987e+00 4.1113369676939000e-03
1.5311367517105161e+00 4.1040935640090639e-03
1.5327531226767335e+00 4.0968628920638427e-03
1.5343694936429508e+00 4.0896449295326348e-03
1.5359858646091682e+00 4.0824396541288997e-03
1.5376022355753856e+00 4.0752470436050845e-03
1.5392186065416029e+00 4.0680670757525447e-03
1.5408349775078203e+00 4.0608997284015012e-03
1.5424513484740376e+00 4.0537449794209503e-03
1.5440677194402550e+00 4.0466028067186006e-03
1.5456840904064724e+00 4.0394731882408205e-03
1.5473004613726897e+00 4.0323561019725450e-03
1.5489168323389073e+00 4.0252515259372292e-03
1.5505332033051247e+00 4.0181594381967813e-03
1.5521495742713420e+00 4.0110798168514700e-03
1.5537659452375594e+00 4.0040126400398938e-03
1.5553823162037768e+00 3.9969578859388863e-03
1.5569986871699941e+00 3.9899155327634637e-03
1.5586150581362115e+00 3.9828855587667519e-03
1.5602314291024288e+00 3.9758679422399190e-03
1.5618478000686462e+00 3.9688626615121212e-03
1.5634641710348636e+00 3.9618696949504182e-03
1.5650805420010809e+00 3.9548890209597188e-03
1.5666969129672983e+00 3.9479206179827125e-03
1.5683132839335157e+00 3.9409644644997997e-03
1.5699296548997332e+00 3.9340205390290374e-03
1.5715460258659506e+00 3.9270888201260595e-03
1.5731623968321680e+00 3.9201692863840131e-03
1.5747787677983853e+00 3.9132619164335102e-03
1.5763951387646027e+00 3.9063666889425329e-03
1.5780115097308201e+00 3.8994835826163966e-03
1.5796278806970374e+00 3.8926125761976661e-03
1.5812442516632548e+00 3.8857536484661003e-03
1.5828606226294721e+00 3.8789067782385848e-03
1.5844769935956895e+00 3.8720719443690616e-03
1.5860933645619069e+00 3.8652491257484753e-03
1.5877097355281242e+00 3.8584383013046974e-03
1.5893261064943418e+00 3.8516394500024685e-03
1.5909424774605592e+00 3.8448525508433360e-03
1.5925588484267765e+00 3.8380775828655823e-03
1.5941752193929939e+00 3.8313145251441623e-03
1.5957915903592113e+00 3.8245633567906500e-03
1.5974079613254286e+00 3.8178240569531558e-03
1.5990243322916460e+00 3.8110966048162821e-03
1.6006407032578633e+00 3.8043809796010457e-03
1.6022570742240807e+00 3.7976771605648216e-03
1.6038734451902981e+00 3.7909851270012747e-03
1.6054898161565154e+00 3.7843048582403005e-03
1.6071061871227328e+00 3.7776363336479634e-03
1.6087225580889501e+00 3.7709795326264211e-03
1.6103389290551677e+00 3.7643344346138825e-03
1.6119553000213851e+00 3.7577010190845274e-03
1.6135716709876025e+00 3.7510792655484505e-03
1.6151880419538198e+00 3.7444691535515940e-03
1.6168044129200372e+00 3.7378706626756959e-03
1.6184207838862545e+00 3.7312837725382141e-03
1.6200371548524719e+00 3.7247084627922765e-03
1.6216535258186893e+00 3.7181447131266043e-03
1.6232698967849066e+00 3.7115925032654676e-03
1.6248862677511240e+00 3.7050518129686056e-03
1.6265026387173414e+00 3.6985226220311780e-03
1.6281190096835587e+00 3.6920049102837004e-03
1.6297353806497761e+00 3.6854986575919706e-03
1.6313517516159937e+00 3.6790038438570265e-03
1.6329681225822110e+00 3.6725204490150741e-03
1.6345844935484284e+00 3.6660484530374187e-03
1.6362008645146457e+00 3.6595878359304210e-03
1.6378172354808631e+00 3.6531385777354227e-03
1.6394336064470805e+00 3.6467006585286870e-03
1.6410499774132978e+00 3.6402740584213496e-03
1.6426663483795152e+00 3.6338587575593332e-03
1.6442827193457326e+00 3.6274547361233168e-03
1.6458990903119499e+00 3.6210619743286491e-03
1.6475154612781673e+00 3.6146804524253085e-03
1.6491318322443846e+00 3.6083101506978244e-03
1.6507482032106020e+00 3.6019510494652300e-03
1.6523645741768196e+00 3.5956031290809991e-03
1.6539809451430370e+00 3.5892663699329829e-03
1.6555973161092543e+00 3.5829407524433474e-03
1.6572136870754717e+00 3.5766262570685278e-03
1.6588300580416890e+00 3.5703228642991465e-03
1.6604464290079064e+00 3.5640305546599765e-03
1.6620627999741238e+00 3.5577493087098656e-03
1.6636791709403411e+00 3.5514791070416787e-03
1.6652955419065585e+00 3.5452199302822528e-03
1.6669119128727758e+00 3.5389717590923121e-03
1.6685282838389932e+00 3.5327345741664375e-03
1.6701446548052106e+00 3.5265083562329848e-03
1.6717610257714279e+00 3.5202930860540353e-03
1.6733773967376455e+00 3.5140887444253420e-03
1.6749937677038629e+00 3.5078953121762571e-03
1.6766101386700802e+00 3.5017127701696860e-03
1.6782265096362976e+00 3.4955410993020245e-03
1.6798428806025150e+00 3.4893802805030937e-03
1.6814592515687323e+00 3.4832302947360948e-03
1.6830756225349497e+00 3.4770911229975400e-03
1.6846919935011671e+00 3.4709627463171979e-03
1.6863083644673844e+00 3.4648451457580370e-03
1.6879247354336018e+00 3.4587383024161640e-03
1.6895411063998191e+00 3.4526421974207734e-03
1.6911574773660365e+00 3.4465568119340763e-03
1.6927738483322539e+00 3.4404821271512595e-03
1.6943902192984714e+00 3.4344181243004118e-03
1.6960065902646888e+00 3.4283647846424835e-03
1.6976229612309062e+00 3.4223220894712106e-03
1.6992393321971235e+00 3.4162900201130720e-03
1.7008557031633409e+00 3.4102685579272228e-03
1.7024720741295583e+00 3.4042576843054491e-03
1.7040884450957756e+00 3.3982573806720928e-03
1.7057048160619930e+00 3.3922676284840157e-03
1.7073211870282103e+00 3.3862884092305261e-03
1.7089375579944277e+00 3.3803197044333286e-03
1.7105539289606451e+00 3.3743614956464737e-03
1.7121702999268624e+00 3.3684137644562850e-03
1.7137866708930800e+00 3.3624764924813197e-03
1.7154030418592974e+00 3.3565496613723075e-03
1.7170194128255147e+00 3.3506332528120851e-03
1.7186357837917321e+00 3.3447272485155524e-03
1.7202521547579495e+00 3.3388316302296111e-03
1.7218685257241668e+00 3.3329463797331076e-03
1.7234848966903842e+00 3.3270714788367832e-03
1.7251012676566015e+00 3.3212069093832052e-03
1.7267176386228189e+00 3.3153526532467312e-03
1.7283340095890363e+00 3.3095086923334367e-03
1.7299503805552536e+00 3.3036750085810654e-03
1.7315667515214710e+00 3.2978515839589763e-03
1.7331831224876884e+00 3.2920384004680838e-03
1.7347994934539059e+00 3.2862354401408094e-03
1.7364158644201233e+00 3.2804426850410171e-03
1.7380322353863407e+00 3.2746601172639689e-03
1.7396486063525580e+00 3.2688877189362658e-03
1.7412649773187754e+00 3.2631254722157838e-03
1.7428813482849927e+00 3.2573733592916368e-03
1.7444977192512101e+00 3.2516313623841089e-03
1.7461140902174275e+00 3.2458994637446031e-03
1.7477304611836448e+00 3.2401776456555927e-03
1.7493468321498622e+00 3.2344658904305554e-03
1.7509632031160796e+00 3.2287641804139328e-03
1.7525795740822969e+00 3.2230724979810648e-03
1.7541959450485143e+00 3.2173908255381418e-03
1.7558123160147319e+00 3.2117191455221530e-03
1.7574286869809492e+00 3.2060574404008235e-03
1.7590450579471666e+00 3.2004056926725677e-03
1.7606614289133840e+00 3.1947638848664394e-03
1.7622777998796013e+00 3.1891319995420637e-03
1.7638941708458187e+00 3.1835100192896025e-03
1.7655105418120360e+00 3.1778979267296850e-03
1.7671269127782534e+00 3.1722957045133655e-03
1.7687432837444708e+00 3.1667033353220625e-03
1.7703596547106881e+00 3.1611208018675107e-03
1.7719760256769055e+00 3.1555480868917110e-03
1.7735923966431228e+00 3.1499851731668629e-03
1.7752087676093402e+00 3.1444320434953314e-03
1.7768251385755578e+00 3.1388886807095810e-03
1.7784415095417752e+00 3.1333550676721287e-03
1.7800578805079925e+00 3.1278311872754887e-03
1.7816742514742099e+00 3.1223170224421214e-03
1.7832906224404272e+00 3.1168125561243792e-03
1.7849069934066446e+00 3.1113177713044627e-03
1.7865233643728620e+00 3.1058326509943511e-03
1.7881397353390793e+00 3.1003571782357723e-03
1.7897561063052967e+00 3.0948913361001328e-03
1.7913724772715141e+00 3.0894351076884720e-03
1.7929888482377314e+00 3.0839884761314201e-03
1.7946052192039488e+00 3.0785514245891227e-03
1.7962215901701664e+00 3.0731239362512181e-03
1.7978379611363837e+00 3.0677059943367683e-03
1.7994543321026011e+00 3.0622975820942021e-03
1.8010707030688184e+00 3.0568986828012853e-03
1.8026870740350358e+00 3.0515092797650501e-03
1.8043034450012532e+00 3.0461293563217506e-03
1.8059198159674705e+00 3.0407588958368168e-03
1.8075361869336879e+00 3.0353978817047925e-03
1.8091525578999053e+00 3.0300462973492960e-03
1.8107689288661226e+00 3.0247041262229627e-03
1.8123852998323400e+00 3.0193713518073947e-03
1.8140016707985573e+00 3.0140479576131127e-03
1.8156180417647747e+00 3.0087339271795016e-03
1.8172344127309923e+00 3.0034292440747684e-03
1.8188507836972096e+00 2.9981338918958814e-03
1.8204671546634270e+00 2.9928478542685243e-03
1.8220835256296444e+00 2.9875711148470516e-03
1.8236998965958617e+00 2.9823036573144259e-03
1.8253162675620791e+00 2.9770454653821822e-03
1.8269326385282965e+00 2.9717965227903671e-03
1.8285490094945138e+00 2.9665568133074951e-03
1.8301653804607312e+00 2.9613263207305006e-03
1.8317817514269485e+00 2.9561050288846734e-03
1.8333981223931659e+00 2.9508929216236330e-03
1.8350144933593833e+00 2.9456899828292590e-03
1.8366308643256006e+00 2.9404961964116494e-03
1.8382472352918182e+00 2.9353115463090773e-03
1.8398636062580356e+00 2.9301360164879285e-03
1.8414799772242529e+00 2.9249695909426619e-03
1.8430963481904703e+00 2.9198122536957618e-03
1.8447127191566877e+00 2.9146639887976766e-03
1.8463290901229050e+00 2.9095247803267877e-03
1.8479454610891224e+00 2.9043946123893465e-03
1.8495618320553397e+00 2.8992734691194325e-03
1.8511782030215571e+00 2.8941613346789010e-03
1.8527945739877745e+00 2.8890581932573380e-03
1.8544109449539918e+00 2.8839640290720119e-03
1.8560273159202092e+00 2.8788788263678206e-03
1.8576436868864266e+00 2.8738025694172485e-03
1.8592600578526441e+00 2.8687352425203127e-03
1.8608764288188615e+00 2.8636768300045246e-03
1.8624927997850789e+00 2.8586273162248292e-03
1.8641091707512962e+00 2.8535866855635664e-03
1.8657255417175136e+00 2.8485549224304186e-03
1.8673419126837310e+00 2.8435320112623688e-03
1.8689582836499483e+00 2.8385179365236417e-03
1.8705746546161657e+00 2.8335126827056709e-03
1.8721910255823830e+00 2.8285162343270383e-03
1.8738073965486004e+00 2.8235285759334325e-03
1.8754237675148178e+00 2.8185496920976050e-03
1.8770401384810351e+00 2.8135795674193121e-03
1.8786565094472525e+00 2.8086181865252819e-03
1.8802728804134701e+00 2.8036655340691547e-03
1.8818892513796874e+00 2.7987215947314413e-03
1.8835056223459048e+00 2.7937863532194801e-03
1.8851219933121222e+00 2.7888597942673813e-03
1.8867383642783395e+00 2.7839419026359866e-03
1.8883547352445569e+00 2.7790326631128228e-03
1.8899711062107742e+00 2.7741320605120480e-03
1.8915874771769916e+00 2.7692400796744169e-03
1.8932038481432090e+00 2.7643567054672193e-03
1.8948202191094263e+00 2.7594819227842507e-03
1.8964365900756437e+00 2.7546157165457548e-03
1.8980529610418611e+00 2.7497580716983744e-03
1.8996693320080784e+00 2.7449089732151199e-03
1.9012857029742960e+00 2.7400684060953041e-03
1.9029020739405134e+00 2.7352363553645150e-03
1.9045184449067307e+00 2.7304128060745593e-03
1.9061348158729481e+00 2.7255977433034121e-03
1.9077511868391654e+00 2.7207911521551849e-03
1.9093675578053828e+00 2.7159930177600737e-03
1.9109839287716002e+00 2.7112033252743024e-03
1.9126002997378175e+00 2.7064220598801000e-03
1.9142166707040349e+00 2.7016492067856303e-03
1.9158330416702523e+00 2.6968847512249686e-03
1.9174494126364696e+00 2.6921286784580400e-03
1.9190657836026870e+00 2.6873809737705859e-03
1.9206821545689046e+00 2.6826416224741104e-03
1.9222985255351219e+00 2.6779106099058419e-03
1.9239148965013393e+00 2.6731879214286791e-03
1.9255312674675567e+00 2.6684735424311597e-03
1.9271476384337740e+00 2.6637674583274004e-03
1.9287640093999914e+00 2.6590696545570674e-03
1.9303803803662087e+00 2.6543801165853156e-03
1.9319967513324261e+00 2.6496988299027605e-03
1.9336131222986435e+00 2.6450257800254241e-03
1.9352294932648608e+00 2.6403609524946873e-03
1.9368458642310782e+00 2.6357043328772574e-03
1.9384622351972955e+00 2.6310559067651098e-03
1.9400786061635129e+00 2.6264156597754574e-03
1.9416949771297305e+00 2.6217835775506999e-03
1.9433113480959479e+00 2.6171596457583725e-03
1.9449277190621652e+00 2.6125438500911192e-03
1.9465440900283826e+00 2.6079361762666362e-03
1.9481604609945999e+00 2.6033366100276256e-03
1.9497768319608173e+00 2.5987451371417675e-03
1.9513932029270347e+00 2.5941617434016547e-03
1.9530095738932520e+00 2.5895864146247708e-03
1.9546259448594694e+00 2.5850191366534334e-03
1.9562423158256868e+00 2.5804598953547485e-03
1.9578586867919041e+00 2.5759086766205825e-03
1.9594750577581215e+00 2.5713654663674988e-03
1.9610914287243388e+00 2.5668302505367337e-03
1.9627077996905564e+00 2.5623030150941375e-03
1.9643241706567738e+00 2.5577837460301431e-03
1.9659405416229911e+00 2.5532724293597197e-03
1.9675569125892085e+00 2.5487690511223210e-03
1.9691732835554259e+00 2.5442735973818576e-03
1.9707896545216432e+00 2.5397860542266467e-03
1.9724060254878606e+00 2.5353064077693627e-03
1.9740223964540780e+00 2.5308346441470105e-03
1.9756387674202953e+00 2.5263707495208651e-03
1.9772551383865127e+00 2.5219147100764444e-03
1.9788715093527300e+00 2.5174665120234604e-03
1.9804878803189474e+00 2.5130261415957718e-03
1.9821042512851648e+00 2.5085935850513550e-03
1.9837206222513823e+00 2.5041688286722434e-03
1.9853369932175997e+00 2.4997518587645058e-03
1.9869533641838171e+00 2.4953426616581933e-03
1.9885697351500344e+00 2.4909412237072910e-03
1.9901861061162518e+00 2.4865475312896919e-03
1.9918024770824692e+00 2.4821615708071464e-03
1.9934188480486865e+00 2.4777833286852152e-03
1.9950352190149039e+00 2.4734127913732425e-03
1.9966515899811212e+00 2.4690499453442964e-03
1.9982679609473386e+00 2.4646947770951464e-03
1.9998843319135560e+00 2.4603472731462035e-03
2.0015007028797731e+00 2.4560074200414956e-03
2.0031170738459911e+00 2.4516752043486087e-03
2.0047334448122083e+00 2.4473506126586708e-03
2.0063498157784254e+00 2.4430336315862805e-03
2.0079661867446430e+00 2.4387242477694874e-03
2.0095825577108606e+00 2.4344224478697429e-03
2.0111989286770777e+00 2.4301282185718643e-03
2.0128152996432949e+00 2.4258415465839866e-03
2.0144316706095124e+00 2.4215624186375287e-03
2.0160480415757300e+00 2.4172908214871512e-03
2.0176644125419472e+00 2.4130267419107078e-03
2.0192807835081643e+00 2.4087701667092208e-03
2.0208971544743819e+00 2.4045210827068220e-03
2.0225135254405995e+00 2.4002794767507283e-03
2.0241298964068166e+00 2.3960453357111944e-03
2.0257462673730342e+00 2.3918186464814664e-03
2.0273626383392518e+00 2.3875993959777547e-03
2.0289790093054689e+00 2.3833875711391883e-03
2.0305953802716861e+00 2.3791831589277650e-03
2.0322117512379037e+00 2.3749861463283296e-03
2.0338281222041212e+00 2.3707965203485170e-03
2.0354444931703384e+00 2.3666142680187248e-03
2.0370608641365555e+00 2.3624393763920695e-03
2.0386772351027731e+00 2.3582718325443398e-03
2.0402936060689907e+00 2.3541116235739671e-03
2.0419099770352078e+00 2.3499587366019852e-03
2.0435263480014250e+00 2.3458131587719804e-03
2.0451427189676430e+00 2.3416748772500597e-03
2.0467590899338601e+00 2.3375438792248219e-03
2.0483754609000773e+00 2.3334201519072941e-03
2.0499918318662949e+00 2.3293036825309107e-03
2.0516082028325124e+00 2.3251944583514701e-03
2.0532245737987296e+00 2.3210924666470967e-03
2.0548409447649467e+00 2.3169976947181930e-03
2.0564573157311643e+00 2.3129101298874173e-03
2.0580736866973819e+00 2.3088297594996247e-03
2.0596900576635990e+00 2.3047565709218474e-03
2.0613064286298162e+00 2.3006905515432449e-03
2.0629227995960338e+00 2.2966316887750643e-03
2.0645391705622513e+00 2.2925799700506087e-03
2.0661555415284685e+00 2.2885353828251973e-03
2.0677719124946861e+00 2.2844979145761161e-03
2.0693882834609036e+00 2.2804675528025962e-03
2.0710046544271208e+00 2.2764442850257676e-03
2.0726210253933379e+00 2.2724280987886161e-03
2.0742373963595555e+00 2.2684189816559483e-03
2.0758537673257731e+00 2.2644169212143622e-03
2.0774701382919902e+00 2.2604219050721980e-03
2.0790865092582074e+00 2.2564339208595010e-03
2.0807028802244250e+00 2.2524529562279912e-03
2.0823192511906425e+00 2.2484789988510209e-03
2.0839356221568597e+00 2.2445120364235306e-03
2.0855519931230768e+00 2.2405520566620269e-03
2.0871683640892948e+00 2.2365990473045250e-03
2.0887847350555120e+00 2.2326529961105299e-03
2.0904011060217291e+00 2.2287138908609885e-03
2.0920174769879467e+00 2.2247817193582499e-03
2.0936338479541643e+00 2.2208564694260365e-03
2.0952502189203814e+00 2.2169381289094030e-03
2.0968665898865986e+00 2.2130266856746944e-03
2.0984829608528162e+00 2.2091221276095137e-03
2.1000993318190337e+00 2.2052244426226855e-03
2.1017157027852509e+00 2.2013336186442189e-03
2.1033320737514680e+00 2.1974496436252653e-03
2.1049484447176856e+00 2.1935725055380862e-03
2.1065648156839032e+00 2.1897021923760187e-03
2.1081811866501203e+00 2.1858386921534264e-03
2.1097975576163379e+00 2.1819819929056795e-03
2.1114139285825555e+00 2.1781320826891088e-03
2.1130302995487726e+00 2.1742889495809654e-03
2.1146466705149898e+00 2.1704525816793950e-03
2.1162630414812074e+00 2.1666229671033882e-03
2.1178794124474249e+00 2.1628000939927583e-03
2.1194957834136421e+00 2.1589839505080956e-03
2.1211121543798592e+00 2.1551745248307315e-03
2.1227285253460768e+00 2.1513718051627017e-03
2.1243448963122944e+00 2.1475757797267195e-03
2.1259612672785115e+00 2.1437864367661284e-03
2.1275776382447291e+00 2.1400037645448668e-03
2.1291940092109467e+00 2.1362277513474414e-03
2.1308103801771638e+00 2.1324583854788817e-03
2.1324267511433810e+00 2.1286956552647113e-03
2.1340431221095986e+00 2.1249395490509013e-03
2.1356594930758162e+00 2.1211900552038469e-03
2.1372758640420333e+00 2.1174471621103284e-03
2.1388922350082504e+00 2.1137108581774687e-03
2.1405086059744680e+00 2.1099811318327018e-03
2.1421249769406856e+00 2.1062579715237437e-03
2.1437413479069027e+00 2.1025413657185504e-03
2.1453577188731199e+00 2.0988313029052775e-03
2.1469740898393375e+00 2.0951277715922584e-03
2.1485904608055550e+00 2.0914307603079568e-03
2.1502068317717722e+00 2.0877402576009374e-03
2.1518232027379898e+00 2.0840562520398329e-03
2.1534395737042074e+00 2.0803787322132990e-03
2.1550559446704245e+00 2.0767076867299916e-03
2.1566723156366416e+00 2.0730431042185263e-03
2.1582886866028592e+00 2.0693849733274382e-03
2.1599050575690768e+00 2.0657332827251581e-03
2.1615214285352939e+00 2.0620880210999700e-03
2.1631377995015111e+00 2.0584491771599789e-03
2.1647541704677287e+00 2.0548167396330715e-03
2.1663705414339463e+00 2.0511906972668910e-03
2.1679869124001634e+00 2.0475710388287984e-03
2.1696032833663810e+00 2.0439577531058298e-03
2.1712196543325986e+00 2.0403508289046756e-03
2.1728360252988157e+00 2.0367502550516403e-03
2.1744523962650328e+00 2.0331560203926003e-03
2.1760687672312504e+00 2.0295681137929853e-03
2.1776851381974680e+00 2.0259865241377293e-03
2.1793015091636851e+00 2.0224112403312480e-03
2.1809178801299023e+00 2.0188422512973994e-03
2.1825342510961199e+00 2.0152795459794453e-03
2.1841506220623375e+00 2.0117231133400275e-03
2.1857669930285546e+00 2.0081729423611283e-03
2.1873833639947717e+00 2.0046290220440341e-03
2.1889997349609893e+00 2.0010913414093049e-03
2.1906161059272069e+00 1.9975598894967431e-03
2.1922324768934240e+00 1.9940346553653566e-03
2.1938488478596416e+00 1.9905156280933234e-03
2.1954652188258592e+00 1.9870027967779634e-03
2.1970815897920764e+00 1.9834961505357010e-03
2.1986979607582935e+00 1.9799956785020302e-03
2.2003143317245111e+00 1.9765013698314860e-03
2.2019307026907287e+00 1.9730132136976117e-03
2.2035470736569458e+00 1.9695311992929160e-03
2.2051634446231629e+00 1.9660553158288535e-03
2.2067798155893805e+00 1.9625855525357782e-03
2.2083961865555981e+00 1.9591218986629235e-03
2.2100125575218152e+00 1.9556643434783601e-03
2.2116289284880328e+00 1.9522128762689626e-03
2.2132452994542504e+00 1.9487674863403839e-03
2.2148616704204676e+00 1.9453281630170186e-03
2.2164780413866847e+00 1.9418948956419662e-03
2.2180944123529023e+00 1.9384676735770016e-03
2.2197107833191199e+00 1.9350464862025471e-03
2.2213271542853370e+00 1.9316313229176354e-03
2.2229435252515541e+00 1.9282221731398718e-03
2.2245598962177717e+00 1.9248190263054115e-03
2.2261762671839893e+00 1.9214218718689251e-03
2.2277926381502065e+00 1.9180306993035565e-03
2.2294090091164236e+00 1.9146454981009062e-03
2.2310253800826416e+00 1.9112662577709816e-03
2.2326417510488588e+00 1.9078929678421868e-03
2.2342581220150759e+00 1.9045256178612667e-03
2.2358744929812935e+00 1.9011641973932889e-03
2.2374908639475111e+00 1.8978086960216110e-03
2.2391072349137282e+00 1.8944591033478464e-03
2.2407236058799453e+00 1.8911154089918292e-03
2.2423399768461629e+00 1.8877776025915866e-03
2.2439563478123805e+00 1.8844456738033074e-03
2.2455727187785977e+00 1.8811196123013089e-03
2.2471890897448148e+00 1.8777994077780055e-03
2.2488054607110324e+00 1.8744850499438728e-03
2.2504218316772500e+00 1.8711765285274239e-03
2.2520382026434671e+00 1.8678738332751738e-03
2.2536545736096847e+00 1.8645769539516049e-03
2.2552709445759023e+00 1.8612858803391421e-03
2.2568873155421194e+00 1.8580006022381173e-03
2.2585036865083365e+00 1.8547211094667373e-03
2.2601200574745541e+00 1.8514473918610529e-03
2.2617364284407717e+00 1.8481794392749330e-03
2.2633527994069889e+00 1.8449172415800281e-03
2.2649691703732060e+00 1.8416607886657373e-03
2.2665855413394236e+00 1.8384100704391848e-03
2.2682019123056412e+00 1.8351650768251794e-03
2.2698182832718583e+00 1.8319257977661935e-03
2.2714346542380754e+00 1.8286922232223272e-03
2.2730510252042935e+00 1.8254643431712724e-03
2.2746673961705106e+00 1.8222421476082917e-03
2.2762837671367278e+00 1.8190256265461851e-03
2.2779001381029453e+00 1.8158147700152514e-03
2.2795165090691629e+00 1.8126095680632687e-03
2.2811328800353801e+00 1.8094100107554595e-03
2.2827492510015972e+00 1.8062160881744539e-03
2.2843656219678148e+00 1.8030277904202687e-03
2.2859819929340324e+00 1.7998451076102742e-03
2.2875983639002495e+00 1.7966680298791625e-03
2.2892147348664666e+00 1.7934965473789129e-03
2.2908311058326842e+00 1.7903306502787732e-03
2.2924474767989018e+00 1.7871703287652158e-03
2.2940638477651190e+00 1.7840155730419194e-03
2.2956802187313365e+00 1.7808663733297314e-03
2.2972965896975541e+00 1.7777227198666431e-03
2.2989129606637713e+00 1.7745846029077518e-03
2.3005293316299884e+00 1.7714520127252423e-03
2.3021457025962060e+00 1.7683249396083440e-03
2.3037620735624236e+00 1.7652033738633133e-03
2.3053784445286407e+00 1.7620873058133981e-03
2.3069948154948579e+00 1.7589767257988052e-03
2.3086111864610754e+00 1.7558716241766743e-03
2.3102275574272930e+00 1.7527719913210495e-03
2.3118439283935102e+00 1.7496778176228510e-03
2.3134602993597273e+00 1.7465890934898348e-03
2.3150766703259453e+00 1.7435058093465780e-03
2.3166930412921625e+00 1.7404279556344426e-03
2.3183094122583796e+00 1.7373555228115398e-03
2.3199257832245972e+00 1.7342885013527131e-03
2.3215421541908148e+00 1.7312268817495037e-03
2.3231585251570319e+00 1.7281706545101139e-03
2.3247748961232491e+00 1.7251198101593914e-03
2.3263912670894666e+00 1.7220743392387888e-03
2.3280076380556842e+00 1.7190342323063429e-03
2.3296240090219014e+00 1.7159994799366412e-03
2.3312403799881185e+00 1.7129700727207911e-03
2.3328567509543361e+00 1.7099460012663945e-03
2.3344731219205537e+00 1.7069272561975202e-03
2.3360894928867708e+00 1.7039138281546742e-03
2.3377058638529884e+00 1.7009057077947635e-03
2.3393222348192060e+00 1.6979028857910801e-03
2.3409386057854231e+00 1.6949053528332644e-03
2.3425549767516403e+00 1.6919130996272745e-03
2.3441713477178578e+00 1.6889261168953657e-03
2.3457877186840754e+00 1.6859443953760559e-03
2.3474040896502926e+00 1.6829679258241008e-03
2.3490204606165097e+00 1.6799966990104604e-03
2.3506368315827273e+00 1.6770307057222731e-03
2.3522532025489449e+00 1.6740699367628327e-03
2.3538695735151620e+00 1.6711143829515542e-03
2.3554859444813796e+00 1.6681640351239428e-03
2.3571023154475972e+00 1.6652188841315752e-03
2.3587186864138143e+00 1.6622789208420655e-03
2.3603350573800315e+00 1.6593441361390335e-03
2.3619514283462490e+00 1.6564145209220873e-03
2.3635677993124666e+00 1.6534900661067835e-03
2.3651841702786838e+00 1.6505707626246089e-03
2.3668005412449009e+00 1.6476566014229487e-03
2.3684169122111185e+00 1.6447475734650541e-03
2.3700332831773361e+00 1.6418436697300247e-03
2.3716496541435532e+00 1.6389448812127738e-03
2.3732660251097704e+00 1.6360511989239996e-03
2.3748823960759879e+00 1.6331626138901614e-03
2.3764987670422055e+00 1.6302791171534524e-03
2.3781151380084227e+00 1.6274006997717705e-03
2.3797315089746403e+00 1.6245273528186874e-03
2.3813478799408578e+00 1.6216590673834286e-03
2.3829642509070750e+00 1.6187958345708418e-03
2.3845806218732921e+00 1.6159376455013666e-03
2.3861969928395097e+00 1.6130844913110147e-03
2.3878133638057273e+00 1.6102363631513342e-03
2.3894297347719444e+00 1.6073932521893906e-03
2.3910461057381616e+00 1.6045551496077358e-03
2.3926624767043791e+00 1.6017220466043758e-03
2.3942788476705967e+00 1.5988939343927547e-03
2.3958952186368139e+00 1.5960708042017208e-03
2.3975115896030315e+00 1.5932526472754963e-03
2.3991279605692490e+00 1.5904394548736601e-03
2.4007443315354662e+00 1.5876312182711149e-03
2.4023607025016833e+00 1.5848279287580588e-03
2.4039770734679005e+00 1.5820295776399597e-03
2.4055934444341185e+00 1.5792361562375345e-03
2.4072098154003356e+00 1.5764476558867162e-03
2.4088261863665528e+00 1.5736640679386261e-03
2.4104425573327708e+00 1.5708853837595521e-03
2.4120589282989879e+00 1.5681115947309219e-03
2.4136752992652051e+00 1.5653426922492691e-03
2.4152916702314222e+00 1.5625786677262198e-03
2.4169080411976402e+00 1.5598195125884503e-03
2.4185244121638574e+00 1.5570652182776755e-03
2.4201407831300745e+00 1.5543157762506164e-03
2.4217571540962917e+00 1.5515711779789693e-03
2.4233735250625097e+00 1.5488314149493844e-03
2.4249898960287268e+00 1.5460964786634462e-03
2.4266062669949440e+00 1.5433663606376335e-03
2.4282226379611620e+00 1.5406410524032993e-03
2.4298390089273791e+00 1.5379205455066543e-03
2.4314553798935963e+00 1.5352048315087248e-03
2.4330717508598134e+00 1.5324939019853341e-03
2.4346881218260314e+00 1.5297877485270818e-03
2.4363044927922486e+00 1.5270863627393114e-03
2.4379208637584657e+00 1.5243897362420837e-03
2.4395372347246829e+00 1.5216978606701565e-03
2.4411536056909009e+00 1.5190107276729533e-03
2.4427699766571180e+00 1.5163283289145420e-03
2.4443863476233352e+00 1.5136506560736091e-03
2.4460027185895523e+00 1.5109777008434292e-03
2.4476190895557703e+00 1.5083094549318413e-03
2.4492354605219875e+00 1.5056459100612340e-03
2.4508518314882046e+00 1.5029870579685014e-03
2.4524682024544227e+00 1.5003328904050282e-03
2.4540845734206398e+00 1.4976833991366711e-03
2.4557009443868569e+00 1.4950385759437165e-03
2.4573173153530741e+00 1.4923984126208722e-03
2.4589336863192921e+00 1.4897629009772266e-03
2.4605500572855092e+00 1.4871320328362387e-03
2.4621664282517264e+00 1.4845058000357029e-03
2.4637827992179435e+00 1.4818841944277249e-03
2.4653991701841615e+00 1.4792672078787002e-03
2.4670155411503787e+00 1.4766548322692897e-03
2.4686319121165958e+00 1.4740470594943895e-03
2.4702482830828139e+00 1.4714438814631061e-03
2.4718646540490310e+00 1.4688452900987435e-03
2.4734810250152481e+00 1.4662512773387607e-03
2.4750973959814653e+00 1.4636618351347578e-03
2.4767137669476833e+00 1.4610769554524502e-03
2.4783301379139004e+00 1.4584966302716438e-03
2.4799465088801176e+00 1.4559208515862051e-03
2.4815628798463347e+00 1.4533496114040448e-03
2.4831792508125528e+00 1.4507829017470859e-03
2.4847956217787699e+00 1.4482207146512445e-03
2.4864119927449870e+00 1.4456630421664043e-03
2.4880283637112042e+00 1.4431098763563880e-03
2.4896447346774222e+00 1.4405612092989355e-03
2.4912611056436393e+00 1.4380170330856863e-03
2.4928774766098565e+00 1.4354773398221430e-03
2.4944938475760745e+00 1.4329421216276515e-03
2.4961102185422916e+00 1.4304113706353878e-03
2.4977265895085088e+00 1.4278850789923140e-03
2.4993429604747259e+00 1.4253632388591681e-03
2.5009593314409440e+00 1.4228458424104381e-03
2.5025757024071611e+00 1.4203328818343352e-03
2.5041920733733782e+00 1.4178243493327683e-03
2.5058084443395954e+00 1.4153202371213263e-03
2.5074248153058134e+00 1.4128205374292462e-03
2.5090411862720305e+00 1.4103252424993965e-03
2.5106575572382477e+00 1.4078343445882502e-03
2.5122739282044657e+00 1.4053478359658579e-03
2.5138902991706829e+00 1.4028657089158302e-03
2.5155066701369000e+00 1.4003879557353107e-03
2.5171230411031171e+00 1.3979145687349501e-03
2.5187394120693352e+00 1.3954455402388848e-03
2.5203557830355523e+00 1.3929808625847198e-03
2.5219721540017694e+00 1.3905205281234917e-03
2.5235885249679866e+00 1.3880645292196534e-03
2.5252048959342046e+00 1.3856128582510525e-03
2.5268212669004217e+00 1.3831655076089043e-03
2.5284376378666389e+00 1.3807224696977660e-03
2.5300540088328560e+00 1.3782837369355207e-03
2.5316703797990741e+00 1.3758493017533454e-03
2.5332867507652912e+00 1.3734191565956953e-03
2.5349031217315083e+00 1.3709932939202770e-03
2.5365194926977264e+00 1.3685717061980235e-03
2.5381358636639435e+00 1.3661543859130752e-03
2.5397522346301606e+00 1.3637413255627566e-03
2.5413686055963778e+00 1.3613325176575466e-03
2.5429849765625958e+00 1.3589279547210618e-03
2.5446013475288130e+00 1.3565276292900376e-03
2.5462177184950301e+00 1.3541315339142932e-03
2.5478340894612472e+00 1.3517396611567158e-03
2.5494504604274653e+00 1.3493520035932397e-03
2.5510668313936824e+00 1.3469685538128220e-03
2.5526832023598995e+00 1.3445893044174138e-03
2.5542995733261176e+00 1.3422142480219463e-03
2.5559159442923347e+00 1.3398433772543034e-03
2.5575323152585518e+00 1.3374766847553006e-03
2.5591486862247690e+00 1.3351141631786597e-03
2.5607650571909870e+00 1.3327558051909863e-03
2.5623814281572042e+00 1.3304016034717567e-03
2.5639977991234213e+00 1.3280515507132801e-03
2.5656141700896384e+00 1.3257056396206853e-03
2.5672305410558565e+00 1.3233638629118996e-03
2.5688469120220736e+00 1.3210262133176223e-03
2.5704632829882907e+00 1.3186926835813014e-03
2.5720796539545079e+00 1.3163632664591174e-03
2.5736960249207259e+00 1.3140379547199521e-03
2.5753123958869431e+00 1.3117167411453767e-03
2.5769287668531602e+00 1.3093996185296218e-03
2.5785451378193782e+00 1.3070865796795559e-03
2.5801615087855954e+00 1.3047776174146689e-03
2.5817778797518125e+00 1.3024727245670446e-03
2.5833942507180296e+00 1.3001718939813390e-03
2.5850106216842477e+00 1.2978751185147588e-03
2.5866269926504648e+00 1.2955823910370460e-03
2.5882433636166819e+00 1.2932937044304450e-03
2.5898597345828991e+00 1.2910090515896855e-03
2.5914761055491171e+00 1.2887284254219636e-03
2.5930924765153343e+00 1.2864518188469183e-03
2.5947088474815514e+00 1.2841792247966048e-03
2.5963252184477694e+00 1.2819106362154803e-03
2.5979415894139866e+00 1.2796460460603788e-03
2.5995579603802037e+00 1.2773854473004866e-03
2.6011743313464208e+00 1.2751288329173275e-03
2.6027907023126389e+00 1.2728761959047332e-03
2.6044070732788560e+00 1.2706275292688287e-03
2.6060234442450732e+00 1.2683828260280088e-03
2.6076398152112903e+00 1.2661420792129123e-03
2.6092561861775083e+00 1.2639052818664042e-03
2.6108725571437255e+00 1.2616724270435599e-03
2.6124889281099426e+00 1.2594435078116318e-03
2.6141052990761606e+00 1.2572185172500339e-03
2.6157216700423778e+00 1.2549974484503280e-03
2.6173380410085949e+00 1.2527802945161888e-03
2.6189544119748120e+00 1.2505670485633892e-03
2.6205707829410301e+00 1.2483577037197826e-03
2.6221871539072472e+00 1.2461522531252778e-03
2.6238035248734644e+00 1.2439506899318150e-03
2.6254198958396815e+00 1.2417530073033528e-03
2.6270362668058995e+00 1.2395591984158375e-03
2.6286526377721167e+00 1.2373692564571915e-03
2.6302690087383338e+00 1.2351831746272874e-03
2.6318853797045509e+00 1.2330009461379247e-03
2.6335017506707690e+00 1.2308225642128122e-03
2.6351181216369861e+00 1.2286480220875524e-03
2.6367344926032033e+00 1.2264773130096090e-03
2.6383508635694213e+00 1.2243104302382922e-03
2.6399672345356384e+00 1.2221473670447445e-03
2.6415836055018556e+00 1.2199881167119073e-03
2.6431999764680727e+00 1.2178326725345067e-03
2.6448163474342907e+00 1.2156810278190352e-03
2.6464327184005079e+00 1.2135331758837292e-03
2.6480490893667250e+00 1.2113891100585445e-03
2.6496654603329421e+00 1.2092488236851425e-03
2.6512818312991602e+00 1.2071123101168627e-03
2.6528982022653773e+00 1.2049795627187090e-03
2.6545145732315945e+00 1.2028505748673255e-03
2.6561309441978125e+00 1.2007253399509735e-03
2.6577473151640296e+00 1.1986038513695210e-03
2.6593636861302468e+00 1.1964861025344107e-03
2.6609800570964639e+00 1.1943720868686455e-03
2.6625964280626819e+00 1.1922617978067658e-03
2.6642127990288991e+00 1.1901552287948386e-03
2.6658291699951162e+00 1.1880523732904213e-03
2.6674455409613334e+00 1.1859532247625564e-03
2.6690619119275514e+00 1.1838577766917398e-03
2.6706782828937685e+00 1.1817660225699100e-03
2.6722946538599857e+00 1.1796779559004238e-03
2.6739110248262028e+00 1.1775935701980353e-03
2.6755273957924208e+00 1.1755128589888753e-03
2.6771437667586380e+00 1.1734358158104405e-03
2.6787601377248551e+00 1.1713624342115599e-03
2.6803765086910731e+00 1.1692927077523816e-03
2.6819928796572903e+00 1.1672266300043596e-03
2.6836092506235074e+00 1.1651641945502206e-03
2.6852256215897246e+00 1.1631053949839524e-03
2.6868419925559426e+00 1.1610502249107847e-03
2.6884583635221597e+00 1.1589986779471674e-03
2.6900747344883769e+00 1.1569507477207494e-03
2.6916911054545940e+00 1.1549064278703633e-03
2.6933074764208120e+00 1.1528657120459993e-03
2.6949238473870292e+00 1.1508285939087935e-03
2.6965402183532463e+00 1.1487950671310041e-03
2.6981565893194643e+00 1.1467651253959891e-03
2.6997729602856815e+00 1.1447387623981932e-03
2.7013893312518986e+00 1.1427159718431258e-03
2.7030057022181158e+00 1.1406967474473387e-03
2.7046220731843338e+00 1.1386810829384082e-03
2.7062384441505509e+00 1.1366689720549228e-03
2.7078548151167681e+00 1.1346604085464521e-03
2.7094711860829852e+00 1.1326553861735343e-03
2.7110875570492032e+00 1.1306538987076583e-03
2.7127039280154204e+00 1.1286559399312423e-03
2.7143202989816375e+00 1.1266615036376112e-03
2.7159366699478547e+00 1.1246705836309857e-03
2.7175530409140727e+00 1.1226831737264544e-03
2.7191694118802898e+00 1.1206992677499615e-03
2.7207857828465070e+00 1.1187188595382857e-03
2.7224021538127250e+00 1.1167419429390173e-03
2.7240185247789421e+00 1.1147685118105468e-03
2.7256348957451593e+00 1.1127985600220399e-03
2.7272512667113764e+00 1.1108320814534212e-03
2.7288676376775944e+00 1.1088690699953515e-03
2.7304840086438116e+00 1.1069095195492197e-03
2.7321003796100287e+00 1.1049534240271102e-03
2.7337167505762459e+00 1.1030007773517917e-03
2.7353331215424639e+00 1.1010515734566995e-03
2.7369494925086810e+00 1.0991058062859139e-03
2.7385658634748982e+00 1.0971634697941417e-03
2.7401822344411162e+00 1.0952245579466987e-03
2.7417986054073333e+00 1.0932890647194922e-03
2.7434149763735505e+00 1.0913569840989973e-03
2.7450313473397676e+00 1.0894283100822465e-03
2.7466477183059856e+00 1.0875030366768030e-03
2.7482640892722028e+00 1.0855811579007486e-03
2.7498804602384199e+00 1.0836626677826625e-03
2.7514968312046371e+00 1.0817475603616023e-03
2.7531132021708551e+00 1.0798358296870846e-03
2.7547295731370722e+00 1.0779274698190749e-03
2.7563459441032894e+00 1.0760224748279567e-03
2.7579623150695065e+00 1.0741208387945215e-03
2.7595786860357245e+00 1.0722225558099496e-03
2.7611950570019417e+00 1.0703276199757917e-03
2.7628114279681588e+00 1.0684360254039468e-03
2.7644277989343768e+00 1.0665477662166502e-03
2.7660441699005940e+00 1.0646628365464528e-03
2.7676605408668111e+00 1.0627812305361998e-03
2.7692769118330283e+00 1.0609029423390187e-03
2.7708932827992463e+00 1.0590279661182949e-03
2.7725096537654634e+00 1.0571562960476621e-03
2.7741260247316806e+00 1.0552879263109752e-03
2.7757423956978977e+00 1.0534228511022974e-03
2.7773587666641157e+00 1.0515610646258796e-03
2.7789751376303329e+00 1.0497025610961509e-03
2.7805915085965500e+00 1.0478473347376865e-03
2.7822078795627680e+00 1.0459953797852027e-03
2.7838242505289852e+00 1.0441466904835333e-03
2.7854406214952023e+00 1.0423012610876108e-03
2.7870569924614195e+00 1.0404590858624533e-03
2.7886733634276375e+00 1.0386201590831413e-03
2.7902897343938546e+00 1.0367844750348060e-03
2.7919061053600718e+00 1.0349520280126081e-03
2.7935224763262889e+00 1.0331228123217195e-03
2.7951388472925069e+00 1.0312968222773052e-03
2.7967552182587241e+00 1.0294740522045149e-03
2.7983715892249412e+00 1.0276544964384516e-03
2.7999879601911593e+00 1.0258381493241609e-03
2.8016043311573764e+00 1.0240250052166206e-03
2.8032207021235935e+00 1.0222150584807083e-03
2.8048370730898107e+00 1.0204083034911953e-03
2.8064534440560287e+00 1.0186047346327268e-03
2.8080698150222458e+00 1.0168043462998040e-03
2.8096861859884630e+00 1.0150071328967642e-03
2.8113025569546801e+00 1.0132130888377696e-03
2.8129189279208981e+00 1.0114222085467826e-03
2.8145352988871153e+00 1.0096344864575565e-03
2.8161516698533324e+00 1.0078499170136125e-03
2.8177680408195496e+00 1.0060684946682254e-03
2.8193844117857676e+00 1.0042902138844021e-03
2.8210007827519847e+00 1.0025150691348756e-03
2.8226171537182019e+00 1.0007430549020743e-03
2.8242335246844199e+00 9.9897416567811090e-04
2.8258498956506370e+00 9.9720839596477233e-04
2.8274662666168542e+00 9.9544574027348939e-04
2.8290826375830713e+00 9.9368619312532923e-04
2.8306990085492894e+00 9.9192974905097674e-04
2.8323153795155065e+00 9.9017640259071744e-04
2.8339317504817236e+00 9.8842614829441683e-04
2.8355481214479408e+00 9.8667898072151133e-04
2.8371644924141588e+00 9.8493489444098376e-04
2.8387808633803759e+00 9.8319388403135164e-04
2.8403972343465931e+00 9.8145594408064959e-04
2.8420136053128111e+00 9.7972106918640988e-04
2.8436299762790282e+00 9.7798925395564933e-04
2.8452463472452454e+00 9.7626049300485174e-04
2.8468627182114625e+00 9.7453478095994969e-04
2.8484790891776806e+00 9.7281211245630738e-04
2.8500954601438977e+00 9.7109248213871134e-04
2.8517118311101148e+00 9.6937588466134361e-04
2.8533282020763320e+00 9.6766231468777052e-04
2.8549445730425500e+00 9.6595176689092809e-04
2.8565609440087671e+00 9.6424423595310271e-04
2.8581773149749843e+00 9.6253971656591380e-04
2.8597936859412014e+00 9.6083820343030189e-04
2.8614100569074195e+00 9.5913969125650583e-04
2.8630264278736366e+00 9.5744417476405371e-04
2.8646427988398537e+00 9.5575164868174235e-04
2.8662591698060718e+00 9.5406210774761952e-04
2.8678755407722889e+00 9.5237554670897257e-04
2.8694919117385060e+00 9.5069196032230988e-04
2.8711082827047232e+00 9.4901134335334200e-04
2.8727246536709412e+00 9.4733369057696862e-04
2.8743410246371583e+00 9.4565899677726602e-04
2.8759573956033755e+00 9.4398725674746181e-04
2.8775737665695926e+00 9.4231846528992544e-04
2.8791901375358107e+00 9.4065261721615193e-04
2.8808065085020278e+00 9.3898970734674399e-04
2.8824228794682449e+00 9.3732973051139821e-04
2.8840392504344630e+00 9.3567268154888408e-04
2.8856556214006801e+00 9.3401855530703516e-04
2.8872719923668972e+00 9.3236734664272930e-04
2.8888883633331144e+00 9.3071905042187218e-04
2.8905047342993324e+00 9.2907366151938093e-04
2.8921211052655496e+00 9.2743117481917567e-04
2.8937374762317667e+00 9.2579158521415321e-04
2.8953538471979838e+00 9.2415488760617622e-04
2.8969702181642019e+00 9.2252107690606001e-04
2.8985865891304190e+00 9.2089014803355400e-04
2.9002029600966361e+00 9.1926209591732401e-04
2.9018193310628533e+00 9.1763691549494233e-04
2.9034357020290713e+00 9.1601460171286567e-04
2.9050520729952884e+00 9.1439514952642513e-04
2.9066684439615056e+00 9.1277855389980856e-04
2.9082848149277236e+00 9.1116480980604167e-04
2.9099011858939408e+00 9.0955391222697930e-04
2.9115175568601579e+00 9.0794585615328516e-04
2.9131339278263750e+00 9.0634063658441664e-04
2.9147502987925931e+00 9.0473824852860924e-04
2.9163666697588102e+00 9.0313868700286784e-04
2.9179830407250273e+00 9.0154194703293933e-04
2.9195994116912445e+00 8.9994802365330688e-04
2.9212157826574625e+00 8.9835691190717131e-04
2.9228321536236797e+00 8.9676860684643686e-04
2.9244485245898968e+00 8.9518310353169268e-04
2.9260648955561148e+00 8.9360039703220197e-04
2.9276812665223320e+00 8.9202048242588590e-04
2.9292976374885491e+00 8.9044335479930342e-04
2.9309140084547662e+00 8.8886900924764521e-04
2.9325303794209843e+00 8.8729744087470913e-04
2.9341467503872014e+00 8.8572864479289205e-04
2.9357631213534185e+00 8.8416261612317231e-04
2.9373794923196357e+00 8.8259934999509375e-04
2.9389958632858537e+00 8.8103884154674939e-04
2.9406122342520709e+00 8.7948108592477477e-04
2.9422286052182880e+00 8.7792607828432142e-04
2.9438449761845051e+00 8.7637381378904804e-04
2.9454613471507232e+00 8.7482428761110698e-04
2.9470777181169403e+00 8.7327749493112722e-04
2.9486940890831574e+00 8.7173343093819699e-04
2.9503104600493755e+00 8.7019209082985470e-04
2.9519268310155926e+00 8.6865346981207005e-04
2.9535432019818098e+00 8.6711756309922842e-04
2.9551595729480269e+00 8.6558436591412113e-04
2.9567759439142449e+00 8.6405387348792407e-04
2.9583923148804621e+00 8.6252608106018966e-04
2.9600086858466792e+00 8.6100098387882802e-04
2.9616250568128963e+00 8.5947857720009208e-04
2.9632414277791144e+00 8.5795885628856374e-04
2.9648577987453315e+00 8.5644181641714428e-04
2.9664741697115486e+00 8.5492745286703034e-04
2.9680905406777667e+00 8.5341576092770447e-04
2.9697069116439838e+00 8.5190673589692514e-04
2.9713232826102010e+00 8.5040037308070290e-04
2.9729396535764181e+00 8.4889666779329107e-04
2.9745560245426361e+00 8.4739561535717291e-04
2.9761723955088533e+00 8.4589721110304430e-04
2.9777887664750704e+00 8.4440145036979901e-04
2.9794051374412875e+00 8.4290832850451717e-04
2.9810215084075056e+00 8.4141784086244620e-04
2.9826378793737227e+00 8.3992998280699529e-04
2.9842542503399399e+00 8.3844474970970972e-04
2.9858706213061570e+00 8.3696213695026451e-04
2.9874869922723750e+00 8.3548213991644618e-04
2.9891033632385922e+00 8.3400475400414499e-04
2.9907197342048093e+00 8.3252997461733045e-04
2.9923361051710273e+00 8.3105779716804594e-04
2.9939524761372445e+00 8.2958821707639139e-04
2.9955688471034616e+00 8.2812122977050646e-04
2.9971852180696787e+00 8.2665683068656299e-04
2.9988015890358968e+00 8.2519501526874355e-04
3.0004179600021139e+00 8.2373577896923289e-04
3.0020343309683311e+00 8.2227911724820277e-04
3.0036507019345482e+00 8.2082502557379489e-04
3.0052670729007662e+00 8.1937349942210900e-04
3.0068834438669834e+00 8.1792453427719338e-04
3.0084998148332005e+00 8.1647812563102179e-04
3.0101161857994185e+00 8.1503426898348616e-04
3.0117325567656357e+00 8.1359295984238290e-04
3.0133489277318528e+00 8.1215419372339533e-04
3.0149652986980700e+00 8.1071796615008092e-04
3.0165816696642880e+00 8.0928427265386017e-04
3.0181980406305051e+00 8.0785310877400107e-04
3.0198144115967223e+00 8.0642447005760311e-04
3.0214307825629394e+00 8.0499835205958842e-04
3.0230471535291574e+00 8.0357475034268245e-04
3.0246635244953746e+00 8.0215366047740552e-04
3.0262798954615917e+00 8.0073507804205709e-04
3.0278962664278097e+00 7.9931899862269911e-04
3.0295126373940269e+00 7.9790541781314791e-04
3.0311290083602440e+00 7.9649433121495761e-04
3.0327453793264612e+00 7.9508573443740549e-04
3.0343617502926792e+00 7.9367962309747904e-04
3.0359781212588963e+00 7.9227599281986782e-04
3.0375944922251135e+00 7.9087483923694069e-04
3.0392108631913306e+00 7.8947615798873809e-04
3.0408272341575486e+00 7.8807994472295895e-04
3.0424436051237658e+00 7.8668619509494571e-04
3.0440599760899829e+00 7.8529490476766863e-04
3.0456763470562001e+00 7.8390606941171890e-04
3.0472927180224181e+00 7.8251968470528723e-04
3.0489090889886352e+00 7.8113574633415720e-04
3.0505254599548524e+00 7.7975424999168958e-04
3.0521418309210704e+00 7.7837519137880624e-04
3.0537582018872875e+00 7.7699856620398180e-04
3.0553745728535047e+00 7.7562437018322829e-04
3.0569909438197218e+00 7.7425259904007982e-04
3.0586073147859398e+00 7.7288324850558127e-04
3.0602236857521570e+00 7.7151631431827885e-04
3.0618400567183741e+00 7.7015179222419928e-04
3.0634564276845913e+00 7.6878967797684142e-04
3.0650727986508093e+00 7.6742996733716352e-04
3.0666891696170264e+00 7.6607265607356962e-04
3.0683055405832436e+00 7.6471773996189356e-04
3.0699219115494616e+00 7.6336521478539022e-04
3.0715382825156787e+00 7.6201507633472142e-04
3.0731546534818959e+00 7.6066732040793881e-04
3.0747710244481130e+00 7.5932194281047843e-04
3.0763873954143310e+00 7.5797893935514019e-04
3.0780037663805482e+00 7.5663830586208025e-04
3.0796201373467653e+00 7.5530003815879696e-04
3.0812365083129825e+00 7.5396413208011527e-04
3.0828528792792005e+00 7.5263058346817569e-04
3.0844692502454176e+00 7.5129938817242560e-04
3.0860856212116348e+00 7.4997054204959898e-04
3.0877019921778519e+00 7.4864404096370684e-04
3.0893183631440699e+00 7.4731988078602742e-04
3.0909347341102871e+00 7.4599805739508965e-04
3.0925511050765042e+00 7.4467856667666211e-04
3.0941674760427222e+00 7.4336140452373851e-04
3.0957838470089394e+00 7.4204656683652824e-04
3.0974002179751565e+00 7.4073404952244154e-04
3.0990165889413737e+00 7.3942384849607636e-04
3.1006329599075917e+00 7.3811595967920645e-04
3.1022493308738088e+00 7.3681037900077148e-04
3.1038657018400260e+00 7.3550710239686013e-04
3.1054820728062431e+00 7.3420612581069850e-04
3.1070984437724611e+00 7.3290744519264011e-04
3.1087148147386783e+00 7.3161105650015282e-04
3.1103311857048954e+00 7.3031695569780231e-04
3.1119475566711134e+00 7.2902513875724528e-04
3.1135639276373306e+00 7.2773560165721436e-04
3.1151802986035477e+00 7.2644834038350392e-04
3.1167966695697649e+00 7.2516335092896213e-04
3.1184130405359829e+00 7.2388062929347333e-04
3.1200294115022000e+00 7.2260017148395063e-04
3.1216457824684172e+00 7.2132197351432148e-04
3.1232621534346343e+00 7.2004603140551373e-04
3.1248785244008523e+00 7.1877234118544449e-04
3.1264948953670695e+00 7.1750089888901177e-04
3.1281112663332866e+00 7.1623170055807586e-04
3.1297276372995038e+00 7.1496474224144973e-04
3.1313440082657218e+00 7.1370001999488905e-04
3.1329603792319389e+00 7.1243752988107783e-04
3.1345767501981561e+00 7.1117726796961515e-04
3.1361931211643741e+00 7.0991923033700592e-04
3.1378094921305912e+00 7.0866341306664762e-04
3.1394258630968084e+00 7.0740981224881605e-04
3.1410422340630255e+00 7.0615842398065757e-04
3.1426586050292435e+00 7.0490924436617225e-04
3.1442749759954607e+00 7.0366226951620642e-04
3.1458913469616778e+00 7.0241749554843789e-04
3.1475077179278950e+00 7.0117491858736410e-04
3.1491240888941130e+00 6.9993453476428953e-04
3.1507404598603301e+00 6.9869634021731922e-04
3.1523568308265473e+00 6.9746033109133816e-04
3.1539732017927653e+00 6.9622650353800435e-04
3.1555895727589824e+00 6.9499485371573991e-04
3.1572059437251996e+00 6.9376537778971178e-04
3.1588223146914167e+00 6.9253807193182500e-04
3.1604386856576347e+00 6.9131293232071046e-04
3.1620550566238519e+00 6.9008995514171253e-04
3.1636714275900690e+00 6.8886913658687554e-04
3.1652877985562862e+00 6.8765047285493548e-04
3.1669041695225042e+00 6.8643396015130489e-04
3.1685205404887213e+00 6.8521959468806381e-04
3.1701369114549385e+00 6.8400737268394689e-04
3.1717532824211556e+00 6.8279729036433172e-04
3.1733696533873736e+00 6.8158934396122519e-04
3.1749860243535908e+00 6.8038352971325862e-04
3.1766023953198079e+00 6.7917984386566769e-04
3.1782187662860260e+00 6.7797828267028429e-04
3.1798351372522431e+00 6.7677884238552945e-04
3.1814515082184602e+00 6.7558151927639399e-04
3.1830678791846774e+00 6.7438630961443079e-04
3.1846842501508954e+00 6.7319320967774521e-04
3.1863006211171125e+00 6.7200221575098088e-04
3.1879169920833297e+00 6.7081332412530779e-04
3.1895333630495468e+00 6.6962653109841404e-04
3.1911497340157648e+00 6.6844183297448938e-04
3.1927661049819820e+00 6.6725922606422107e-04
3.1943824759481991e+00 6.6607870668477457e-04
3.1959988469144172e+00 6.6490027115978674e-04
3.1976152178806343e+00 6.6372391581935542e-04
3.1992315888468514e+00 6.6254963700002458e-04
3.2008479598130686e+00 6.6137743104477485e-04
3.2024643307792866e+00 6.6020729430301154e-04
3.2040807017455037e+00 6.5903922313055672e-04
3.2056970727117209e+00 6.5787321388963214e-04
3.2073134436779380e+00 6.5670926294885334e-04
3.2089298146441561e+00 6.5554736668321410e-04
3.2105461856103732e+00 6.5438752147407885e-04
3.2121625565765903e+00 6.5322972370917057e-04
3.2137789275428084e+00 6.5207396978255697e-04
3.2153952985090255e+00 6.5092025609464325e-04
3.2170116694752426e+00 6.4976857905215931e-04
3.2186280404414598e+00 6.4861893506814748e-04
3.2202444114076778e+00 6.4747132056195182e-04
3.2218607823738949e+00 6.4632573195921145e-04
3.2234771533401121e+00 6.4518216569184252e-04
3.2250935243063292e+00 6.4404061819803087e-04
3.2267098952725473e+00 6.4290108592222179e-04
3.2283262662387644e+00 6.4176356531510869e-04
3.2299426372049815e+00 6.4062805283361896e-04
3.2315590081711987e+00 6.3949454494090848e-04
3.2331753791374167e+00 6.3836303810634477e-04
3.2347917501036338e+00 6.3723352880550141e-04
3.2364081210698510e+00 6.3610601352014453e-04
3.2380244920360690e+00 6.3498048873822084e-04
3.2396408630022862e+00 6.3385695095384965e-04
3.2412572339685033e+00 6.3273539666731081e-04
3.2428736049347204e+00 6.3161582238503234e-04
3.2444899759009385e+00 6.3049822461958081e-04
3.2461063468671556e+00 6.2938259988965417e-04
3.2477227178333727e+00 6.2826894472006387e-04
3.2493390887995899e+00 6.2715725564172907e-04
3.2509554597658079e+00 6.2604752919166501e-04
3.2525718307320250e+00 6.2493976191297339e-04
3.2541882016982422e+00 6.2383395035482756e-04
3.2558045726644602e+00 6.2273009107246678e-04
3.2574209436306774e+00 6.2162818062718383e-04
3.2590373145968945e+00 6.2052821558631201e-04
3.2606536855631116e+00 6.1943019252321907e-04
3.2622700565293297e+00 6.1833410801729195e-04
3.2638864274955468e+00 6.1723995865393001e-04
3.2655027984617639e+00 6.1614774102453323e-04
3.2671191694279811e+00 6.1505745172648989e-04
3.2687355403941991e+00 6.1396908736316750e-04
3.2703519113604163e+00 6.1288264454390548e-04
3.2719682823266334e+00 6.1179811988399822e-04
3.2735846532928505e+00 6.1071551000468883e-04
3.2752010242590686e+00 6.0963481153315921e-04
3.2768173952252857e+00 6.0855602110251753e-04
3.2784337661915028e+00 6.0747913535178779e-04
3.2800501371577209e+00 6.0640415092590193e-04
3.2816665081239380e+00 6.0533106447568745e-04
3.2832828790901551e+00 6.0425987265785614e-04
3.2848992500563723e+00 6.0319057213499702e-04
3.2865156210225903e+00 6.0212315957556271e-04
3.2881319919888075e+00 6.0105763165386149e-04
3.2897483629550246e+00 5.9999398505004603e-04
3.2913647339212417e+00 5.9893221645010257e-04
3.2929811048874598e+00 5.9787232254584067e-04
3.2945974758536769e+00 5.9681430003488700e-04
3.2962138468198940e+00 5.9575814562066835e-04
3.2978302177861121e+00 5.9470385601240519e-04
3.2994465887523292e+00 5.9365142792510426e-04
3.3010629597185464e+00 5.9260085807954273e-04
3.3026793306847635e+00 5.9155214320226045e-04
3.3042957016509815e+00 5.9050528002555164e-04
3.3059120726171987e+00 5.8946026528745334e-04
3.3075284435834158e+00 5.8841709573173508e-04
3.3091448145496329e+00 5.8737576810788839e-04
3.3107611855158510e+00 5.8633627917111701e-04
3.3123775564820681e+00 5.8529862568233021e-04
3.3139939274482852e+00 5.8426280440812713e-04
3.3156102984145024e+00 5.8322881212078976e-04
3.3172266693807204e+00 5.8219664559827394e-04
3.3188430403469376e+00 5.8116630162419831e-04
3.3204594113131547e+00 5.8013777698783290e-04
3.3220757822793727e+00 5.7911106848409198e-04
3.3236921532455899e+00 5.7808617291352292e-04
3.3253085242118070e+00 5.7706308708229477e-04
3.3269248951780241e+00 5.7604180780219223e-04
3.3285412661442422e+00 5.7502233189060041e-04
3.3301576371104593e+00 5.7400465617050067e-04
3.3317740080766765e+00 5.7298877747045777e-04
3.3333903790428936e+00 5.7197469262460908e-04
3.3350067500091116e+00 5.7096239847265640e-04
3.3366231209753288e+00 5.6995189185985861e-04
3.3382394919415459e+00 5.6894316963701681e-04
3.3398558629077639e+00 5.6793622866046611e-04
3.3414722338739811e+00 5.6693106579207113e-04
3.3430886048401982e+00 5.6592767789920848e-04
3.3447049758064153e+00 5.6492606185476143e-04
3.3463213467726334e+00 5.6392621453711048e-04
3.3479377177388505e+00 5.6292813283012296e-04
3.3495540887050677e+00 5.6193181362314151e-04
3.3511704596712848e+00 5.6093725381097827e-04
3.3527868306375028e+00 5.5994445029390171e-04
3.3544032016037200e+00 5.5895339997762952e-04
3.3560195725699371e+00 5.5796409977331817e-04
3.3576359435361542e+00 5.5697654659755296e-04
3.3592523145023723e+00 5.5599073737233747e-04
3.3608686854685894e+00 5.5500666902508905e-04
3.3624850564348066e+00 5.5402433848862251e-04
3.3641014274010246e+00 5.5304374270114464e-04
3.3657177983672417e+00 5.5206487860624538e-04
3.3673341693334589e+00 5.5108774315288604e-04
3.3689505402996760e+00 5.5011233329538929e-04
3.3705669112658940e+00 5.4913864599343421e-04
3.3721832822321112e+00 5.4816667821204208e-04
3.3737996531983283e+00 5.4719642692156983e-04
3.3754160241645454e+00 5.4622788909769883e-04
3.3770323951307635e+00 5.4526106172142767e-04
3.3786487660969806e+00 5.4429594177906021e-04
3.3802651370631978e+00 5.4333252626220048e-04
3.3818815080294158e+00 5.4237081216773641e-04
3.3834978789956329e+00 5.4141079649783902e-04
3.3851142499618501e+00 5.4045247625994649e-04
3.3867306209280672e+00 5.3949584846675863e-04
3.3883469918942852e+00 5.3854091013622355e-04
3.3899633628605024e+00 5.3758765829153669e-04
3.3915797338267195e+00 5.3663608996112118e-04
3.3931961047929367e+00 5.3568620217862590e-04
3.3948124757591547e+00 5.3473799198291343e-04
3.3964288467253718e+00 5.3379145641805346e-04
3.3980452176915890e+00 5.3284659253330846e-04
3.3996615886578061e+00 5.3190339738313174e-04
3.4012779596240241e+00 5.3096186802715096e-04
3.4028943305902413e+00 5.3002200153016554e-04
3.4045107015564584e+00 5.2908379496213287e-04
3.4061270725226764e+00 5.2814724539816151e-04
3.4077434434888936e+00 5.2721234991850259e-04
3.4093598144551107e+00 5.2627910560853932e-04
3.4109761854213279e+00 5.2534750955877756e-04
3.4125925563875459e+00 5.2441755886483853e-04
3.4142089273537630e+00 5.2348925062745079e-04
3.4158252983199802e+00 5.2256258195243759e-04
3.4174416692861973e+00 5.2163754995071087e-04
3.4190580402524153e+00 5.2071415173826120e-04
3.4206744112186325e+00 5.1979238443614897e-04
3.4222907821848496e+00 5.1887224517049694e-04
3.4239071531510676e+00 5.1795373107247874e-04
3.4255235241172848e+00 5.1703683927831147e-04
3.4271398950835019e+00 5.1612156692924847e-04
3.4287562660497191e+00 5.1520791117156588e-04
3.4303726370159371e+00 5.1429586915655837e-04
3.4319890079821542e+00 5.1338543804052973e-04
3.4336053789483714e+00 5.1247661498478162e-04
3.4352217499145885e+00 5.1156939715560552e-04
3.4368381208808065e+00 5.1066378172427685e-04
3.4384544918470237e+00 5.0975976586704267e-04
3.4400708628132408e+00 5.0885734676511460e-04
3.4416872337794588e+00 5.0795652160465937e-04
3.4433036047456760e+00 5.0705728757679278e-04
3.4449199757118931e+00 5.0615964187756537e-04
3.4465363466781103e+00 5.0526358170796125e-04
3.4481527176443283e+00 5.0436910427388115e-04
3.4497690886105454e+00 5.0347620678614223e-04
3.4513854595767626e+00 5.0258488646046280e-04
3.4530018305429797e+00 5.0169514051745761e-04
3.4546182015091977e+00 5.0080696618262546e-04
3.4562345724754149e+00 4.9992036068634749e-04
3.4578509434416320e+00 4.9903532126386999e-04
3.4594673144078492e+00 4.9815184515530203e-04
3.4610836853740672e+00 4.9726992960560468e-04
3.4627000563402843e+00 4.9638957186458387e-04
3.4643164273065015e+00 4.9551076918687826e-04
3.4659327982727195e+00 4.9463351883195620e-04
3.4675491692389366e+00 4.9375781806410273e-04
3.4691655402051538e+00 4.9288366415241314e-04
3.4707819111713709e+00 4.9201105437078434e-04
3.4723982821375889e+00 4.9113998599790618e-04
3.4740146531038061e+00 4.9027045631725298e-04
3.4756310240700232e+00 4.8940246261707648e-04
3.4772473950362404e+00 4.8853600219039438e-04
3.4788637660024584e+00 4.8767107233498459e-04
3.4804801369686755e+00 4.8680767035337770e-04
3.4820965079348927e+00 4.8594579355284556e-04
3.4837128789011107e+00 4.8508543924539343e-04
3.4853292498673278e+00 4.8422660474775668e-04
3.4869456208335450e+00 4.8336928738138441e-04
3.4885619917997621e+00 4.8251348447243771e-04
3.4901783627659801e+00 4.8165919335177763e-04
3.4917947337321973e+00 4.8080641135496096e-04
3.4934111046984144e+00 4.7995513582222565e-04
3.4950274756646316e+00 4.7910536409849014e-04
3.4966438466308496e+00 4.7825709353333749e-04
3.4982602175970667e+00 4.7741032148101466e-04
3.4998765885632839e+00 4.7656504530041872e-04
3.5014929595295010e+00 4.7572126235509139e-04
3.5031093304957190e+00 4.7487897001320824e-04
3.5047257014619362e+00 4.7403816564757701e-04
3.5063420724281533e+00 4.7319884663562015e-04
3.5079584433943714e+00 4.7236101035937387e-04
3.5095748143605885e+00 4.7152465420547844e-04
3.5111911853268056e+00 4.7068977556516785e-04
3.5128075562930228e+00 4.6985637183426411e-04
3.5144239272592408e+00 4.6902444041316765e-04
3.5160402982254579e+00 4.6819397870685161e-04
3.5176566691916751e+00 4.6736498412485122e-04
3.5192730401578922e+00 4.6653745408125707e-04
3.5208894111241102e+00 4.6571138599470517e-04
3.5225057820903274e+00 4.6488677728837480e-04
3.5241221530565445e+00 4.6406362538997225e-04
3.5257385240227626e+00 4.6324192773172871e-04
3.5273548949889797e+00 4.6242168175039179e-04
3.5289712659551968e+00 4.6160288488721529e-04
3.5305876369214140e+00 4.6078553458795139e-04
3.5322040078876320e+00 4.5996962830284629e-04
3.5338203788538491e+00 4.5915516348662841e-04
3.5354367498200663e+00 4.5834213759850229e-04
3.5370531207862834e+00 4.5753054810214071e-04
3.5386694917525015e+00 4.5672039246567620e-04
3.5402858627187186e+00 4.5591166816169354e-04
3.5419022336849357e+00 4.5510437266722348e-04
3.5435186046511529e+00 4.5429850346373127e-04
3.5451349756173709e+00 4.5349405803711215e-04
3.5467513465835880e+00 4.5269103387768339e-04
3.5483677175498052e+00 4.5188942848017476e-04
3.5499840885160232e+00 4.5108923934372030e-04
3.5516004594822403e+00 4.5029046397185584e-04
3.5532168304484575e+00 4.4949309987250358e-04
3.5548332014146746e+00 4.4869714455797027e-04
3.5564495723808927e+00 4.4790259554493636e-04
3.5580659433471098e+00 4.4710945035445154e-04
3.5596823143133269e+00 4.4631770651192172e-04
3.5612986852795441e+00 4.4552736154710836e-04
3.5629150562457621e+00 4.4473841299411354e-04
3.5645314272119792e+00 4.4395085839137895e-04
3.5661477981781964e+00 4.4316469528167356e-04
3.5677641691444144e+00 4.4237992121208818e-04
3.5693805401106316e+00 4.4159653373402707e-04
3.5709969110768487e+00 4.4081453040320225e-04
3.5726132820430658e+00 4.4003390877962219e-04
3.5742296530092839e+00 4.3925466642758741e-04
3.5758460239755010e+00 4.3847680091568326e-04
3.5774623949417181e+00 4.3770030981677002e-04
3.5790787659079353e+00 4.3692519070797546e-04
3.5806951368741533e+00 4.3615144117069114e-04
3.5823115078403704e+00 4.3537905879056015e-04
3.5839278788065876e+00 4.3460804115747268e-04
3.5855442497728047e+00 4.3383838586555715e-04
3.5871606207390228e+00 4.3307009051317381e-04
3.5887769917052399e+00 4.3230315270290575e-04
3.5903933626714570e+00 4.3153757004155461e-04
3.5920097336376751e+00 4.3077334014012816e-04
3.5936261046038922e+00 4.3001046061383834e-04
3.5952424755701093e+00 4.2924892908209036e-04
3.5968588465363265e+00 4.2848874316847645e-04
3.5984752175025445e+00 4.2772990050076717e-04
3.6000915884687616e+00 4.2697239871090871e-04
3.6017079594349788e+00 4.2621623543500855e-04
3.6033243304011959e+00 4.2546140831333342e-04
3.6049407013674140e+00 4.2470791499030078e-04
3.6065570723336311e+00 4.2395575311447047e-04
3.6081734432998482e+00 4.2320492033853823e-04
3.6097898142660663e+00 4.2245541431932789e-04
3.6114061852322834e+00 4.2170723271778629e-04
3.6130225561985005e+00 4.2096037319897152e-04
3.6146389271647177e+00 4.2021483343205159e-04
3.6162552981309357e+00 4.1947061109029053e-04
3.6178716690971529e+00 4.1872770385104925e-04
3.6194880400633700e+00 4.1798610939576991e-04
3.6211044110295871e+00 4.1724582540997529e-04
3.6227207819958052e+00 4.1650684958325653e-04
3.6243371529620223e+00 4.1576917960927241e-04
3.6259535239282394e+00 4.1503281318573421e-04
3.6275698948944575e+00 4.1429774801440594e-04
3.6291862658606746e+00 4.1356398180109234e-04
3.6308026368268917e+00 4.1283151225563391e-04
3.6324190077931089e+00 4.1210033709189920e-04
3.6340353787593269e+00 4.1137045402777847e-04
3.6356517497255441e+00 4.1064186078517518e-04
3.6372681206917612e+00 4.0991455509000163e-04
3.6388844916579783e+00 4.0918853467216798e-04
3.6405008626241964e+00 4.0846379726557839e-04
3.6421172335904135e+00 4.0774034060812387e-04
3.6437336045566306e+00 4.0701816244167360e-04
3.6453499755228478e+00 4.0629726051206799e-04
3.6469663464890658e+00 4.0557763256911450e-04
3.6485827174552830e+00 4.0485927636657723e-04
3.6501990884215001e+00 4.0414218966217195e-04
3.6518154593877181e+00 4.0342637021755829e-04
3.6534318303539353e+00 4.0271181579833447e-04
3.6550482013201524e+00 4.0199852417402692e-04
3.6566645722863695e+00 4.0128649311808813e-04
3.6582809432525876e+00 4.0057572040788446e-04
3.6598973142188047e+00 3.9986620382469472e-04
3.6615136851850218e+00 3.9915794115369895e-04
3.6631300561512390e+00 3.9845093018397407e-04
3.6647464271174570e+00 3.9774516870848427e-04
3.6663627980836742e+00 3.9704065452407988e-04
3.6679791690498913e+00 3.9633738543148309e-04
3.6695955400161093e+00 3.9563535923528657e-04
3.6712119109823265e+00 3.9493457374394515e-04
3.6728282819485436e+00 3.9423502676976863e-04
3.6744446529147607e+00 3.9353671612891398e-04
3.6760610238809788e+00 3.9283963964138193e-04
3.6776773948471959e+00 3.9214379513100706e-04
3.6792937658134131e+00 3.9144918042545196e-04
3.6809101367796302e+00 3.9075579335620122e-04
3.6825265077458482e+00 3.9006363175855390e-04
3.6841428787120654e+00 3.8937269347161702e-04
3.6857592496782825e+00 3.8868297633830020e-04
3.6873756206444996e+00 3.8799447820530588e-04
3.6889919916107177e+00 3.8730719692312541e-04
3.6906083625769348e+00 3.8662113034603260e-04
3.6922247335431519e+00 3.8593627633207460e-04
3.6938411045093700e+00 3.8525263274306708e-04
3.6954574754755871e+00 3.8457019744458806e-04
3.6970738464418043e+00 3.8388896830596995e-04
3.6986902174080214e+00 3.8320894320029240e-04
3.7003065883742394e+00 3.8253012000437906e-04
3.7019229593404566e+00 3.8185249659878723e-04
3.7035393303066737e+00 3.8117607086780327e-04
3.7051557012728908e+00 3.8050084069943583e-04
3.7067720722391089e+00 3.7982680398540878e-04
3.7083884432053260e+00 3.7915395862115519e-04
3.7100048141715432e+00 3.7848230250581155e-04
3.7116211851377612e+00 3.7781183354220843e-04
3.7132375561039783e+00 3.7714254963686815e-04
3.7148539270701955e+00 3.7647444869999471e-04
3.7164702980364126e+00 3.7580752864546955e-04
3.7180866690026306e+00 3.7514178739084253e-04
3.7197030399688478e+00 3.7447722285733058e-04
3.7213194109350649e+00 3.7381383296980470e-04
3.7229357819012820e+00 3.7315161565678825e-04
3.7245521528675001e+00 3.7249056885044863e-04
3.7261685238337172e+00 3.7183069048659246e-04
3.7277848947999344e+00 3.7117197850465583e-04
3.7294012657661515e+00 3.7051443084770263e-04
3.7310176367323695e+00 3.6985804546241317e-04
3.7326340076985867e+00 3.6920282029908333e-04
3.7342503786648038e+00 3.6854875331161264e-04
3.7358667496310218e+00 3.6789584245750130e-04
3.7374831205972390e+00 3.6724408569784424e-04
3.7390994915634561e+00 3.6659348099732272e-04
3.7407158625296733e+00 3.6594402632419818e-04
3.7423322334958913e+00 3.6529571965030871e-04
3.7439486044621084e+00 3.6464855895105961e-04
3.7455649754283256e+00 3.6400254220541852e-04
3.7471813463945427e+00 3.6335766739590918e-04
3.7487977173607607e+00 3.6271393250860497e-04
3.7504140883269779e+00 3.6207133553312244e-04
3.7520304592931950e+00 3.6142987446261666e-04
3.7536468302594130e+00 3.6078954729377115e-04
3.7552632012256302e+00 3.6015035202679725e-04
3.7568795721918473e+00 3.5951228666542304e-04
3.7584959431580645e+00 3.5887534921688993e-04
3.7601123141242825e+00 3.5823953769194397e-04
3.7617286850904996e+00 3.5760485010483464e-04
3.7633450560567168e+00 3.5697128447330226e-04
3.7649614270229339e+00 3.5633883881857638e-04
3.7665777979891519e+00 3.5570751116536798e-04
3.7681941689553691e+00 3.5507729954186476e-04
3.7698105399215862e+00 3.5444820197972184e-04
3.7714269108878034e+00 3.5382021651406018e-04
3.7730432818540214e+00 3.5319334118345575e-04
3.7746596528202385e+00 3.5256757402993792e-04
3.7762760237864557e+00 3.5194291309897994e-04
3.7778923947526737e+00 3.5131935643949489e-04
3.7795087657188908e+00 3.5069690210382882e-04
3.7811251366851080e+00 3.5007554814775471e-04
3.7827415076513251e+00 3.4945529263046688e-04
3.7843578786175431e+00 3.4883613361457458e-04
3.7859742495837603e+00 3.4821806916609681e-04
3.7875906205499774e+00 3.4760109735445486e-04
3.7892069915161946e+00 3.4698521625246793e-04
3.7908233624824126e+00 3.4637042393634472e-04
3.7924397334486297e+00 3.4575671848568226e-04
3.7940561044148469e+00 3.4514409798345390e-04
3.7956724753810649e+00 3.4453256051600746e-04
3.7972888463472820e+00 3.4392210417305877e-04
3.7989052173134992e+00 3.4331272704768494e-04
3.8005215882797163e+00 3.4270442723631722e-04
3.8021379592459343e+00 3.4209720283873894e-04
3.8037543302121515e+00 3.4149105195807578e-04
3.8053707011783686e+00 3.4088597270079168e-04
3.8069870721445858e+00 3.4028196317668311e-04
3.8086034431108038e+00 3.3967902149887192e-04
3.8102198140770209e+00 3.3907714578380177e-04
3.8118361850432381e+00 3.3847633415123006e-04
3.8134525560094552e+00 3.3787658472422252e-04
3.8150689269756732e+00 3.3727789562914840e-04
3.8166852979418904e+00 3.3668026499567472e-04
3.8183016689081075e+00 3.3608369095675908e-04
3.8199180398743255e+00 3.3548817164864462e-04
3.8215344108405427e+00 3.3489370521085543e-04
3.8231507818067598e+00 3.3430028978618793e-04
3.8247671527729770e+00 3.3370792352070878e-04
3.8263835237391950e+00 3.3311660456374515e-04
3.8279998947054121e+00 3.3252633106788332e-04
3.8296162656716293e+00 3.3193710118895921e-04
3.8312326366378464e+00 3.3134891308605487e-04
3.8328490076040644e+00 3.3076176492149089e-04
3.8344653785702816e+00 3.3017565486082441e-04
3.8360817495364987e+00 3.2959058107283833e-04
3.8376981205027167e+00 3.2900654172953939e-04
3.8393144914689339e+00 3.2842353500615201e-04
3.8409308624351510e+00 3.2784155908111132e-04
3.8425472334013682e+00 3.2726061213605729e-04
3.8441636043675862e+00 3.2668069235583205e-04
3.8457799753338033e+00 3.2610179792847083e-04
3.8473963463000205e+00 3.2552392704519818e-04
3.8490127172662376e+00 3.2494707790042213e-04
3.8506290882324556e+00 3.2437124869172797e-04
3.8522454591986728e+00 3.2379643761987334e-04
3.8538618301648899e+00 3.2322264288878330e-04
3.8554782011311080e+00 3.2264986270554220e-04
3.8570945720973251e+00 3.2207809528039160e-04
3.8587109430635422e+00 3.2150733882672184e-04
3.8603273140297594e+00 3.2093759156106845e-04
3.8619436849959774e+00 3.2036885170310428e-04
3.8635600559621945e+00 3.1980111747563841e-04
3.8651764269284117e+00 3.1923438710460494e-04
3.8667927978946288e+00 3.1866865881906173e-04
3.8684091688608468e+00 3.1810393085118300e-04
3.8700255398270640e+00 3.1754020143625553e-04
3.8716419107932811e+00 3.1697746881267008e-04
3.8732582817594983e+00 3.1641573122191983e-04
3.8748746527257163e+00 3.1585498690859192e-04
3.8764910236919334e+00 3.1529523412036312e-04
3.8781073946581506e+00 3.1473647110799553e-04
3.8797237656243686e+00 3.1417869612532804e-04
3.8813401365905857e+00 3.1362190742927488e-04
3.8829565075568029e+00 3.1306610327981724e-04
3.8845728785230200e+00 3.1251128193999936e-04
3.8861892494892381e+00 3.1195744167592112e-04
3.8878056204554552e+00 3.1140458075673750e-04
3.8894219914216723e+00 3.1085269745464669e-04
3.8910383623878895e+00 3.1030179004488983e-04
3.8926547333541075e+00 3.0975185680574293e-04
3.8942711043203246e+00 3.0920289601851385e-04
3.8958874752865418e+00 3.0865490596753342e-04
3.8975038462527598e+00 3.0810788494015459e-04
3.8991202172189769e+00 3.0756183122674345e-04
3.9007365881851941e+00 3.0701674312067553e-04
3.9023529591514112e+00 3.0647261891833056e-04
3.9039693301176293e+00 3.0592945691908691e-04
3.9055857010838464e+00 3.0538725542531594e-04
3.9072020720500635e+00 3.0484601274237839e-04
3.9088184430162807e+00 3.0430572717861631e-04
3.9104348139824987e+00 3.0376639704534996e-04
3.9120511849487158e+00 3.0322802065687297e-04
3.9136675559149330e+00 3.0269059633044530e-04
3.9152839268811501e+00 3.0215412238628845e-04
3.9169002978473682e+00 3.0161859714758206e-04
3.9185166688135853e+00 3.0108401894045616e-04
3.9201330397798024e+00 3.0055038609398861e-04
3.9217494107460205e+00 3.0001769694019666e-04
3.9233657817122376e+00 2.9948594981403525e-04
3.9249821526784547e+00 2.9895514305338966e-04
3.9265985236446719e+00 2.9842527499907110e-04
3.9282148946108899e+00 2.9789634399481031e-04
3.9298312655771070e+00 2.9736834838725617e-04
3.9314476365433242e+00 2.9684128652596523e-04
3.9330640075095413e+00 2.9631515676340072e-04
3.9346803784757594e+00 2.9578995745492570e-04
3.9362967494419765e+00 2.9526568695879905e-04
3.9379131204081936e+00 2.9474234363616810e-04
3.9395294913744117e+00 2.9421992585106679e-04
3.9411458623406288e+00 2.9369843197040791e-04
3.9427622333068459e+00 2.9317786036397959e-04
3.9443786042730631e+00 2.9265820940443937e-04
3.9459949752392811e+00 2.9213947746730958e-04
3.9476113462054983e+00 2.9162166293097215e-04
3.9492277171717154e+00 2.9110476417666469e-04
3.9508440881379325e+00 2.9058877958847276e-04
3.9524604591041506e+00 2.9007370755332746e-04
3.9540768300703677e+00 2.8955954646100015e-04
3.9556932010365848e+00 2.8904629470409625e-04
3.9573095720028020e+00 2.8853395067805006e-04
3.9589259429690200e+00 2.8802251278112217e-04
3.9605423139352371e+00 2.8751197941439210e-04
3.9621586849014543e+00 2.8700234898175410e-04
3.9637750558676723e+00 2.8649361988991232e-04
3.9653914268338895e+00 2.8598579054837643e-04
3.9670077978001066e+00 2.8547885936945546e-04
3.9686241687663237e+00 2.8497282476825378e-04
3.9702405397325418e+00 2.8446768516266581e-04
3.9718569106987589e+00 2.8396343897337109e-04
3.9734732816649760e+00 2.8346008462383070e-04
3.9750896526311932e+00 2.8295762054027945e-04
3.9767060235974112e+00 2.8245604515172361e-04
3.9783223945636284e+00 2.8195535688993586e-04
3.9799387655298455e+00 2.8145555418944917e-04
3.9815551364960635e+00 2.8095663548755164e-04
3.9831715074622807e+00 2.8045859922428491e-04
3.9847878784284978e+00 2.7996144384243477e-04
3.9864042493947149e+00 2.7946516778752954e-04
3.9880206203609330e+00 2.7896976950783409e-04
3.9896369913271501e+00 2.7847524745434589e-04
3.9912533622933672e+00 2.7798160008078813e-04
3.9928697332595844e+00 2.7748882584360818e-04
3.9944861042258024e+00 2.7699692320196892e-04
3.9961024751920196e+00 2.7650589061774787e-04
3.9977188461582367e+00 2.7601572655552972e-04
3.9993352171244538e+00 2.7552642948260254e-04
4.0009515880906719e+00 2.7503799786895218e-04
4.0025679590568890e+00 2.7455043018726036e-04
4.0041843300231061e+00 2.7406372491289551e-04
4.0058007009893242e+00 2.7357788052391149e-04
4.0074170719555413e+00 2.7309289550104214e-04
4.0090334429217584e+00 2.7260876832769577e-04
4.0106498138879756e+00 2.7212549748995013e-04
4.0122661848541936e+00 2.7164308147655002e-04
4.0138825558204108e+00 2.7116151877890001e-04
4.0154989267866279e+00 2.7068080789106121e-04
4.0171152977528450e+00 2.7020094730974617e-04
4.0187316687190631e+00 2.6972193553431397e-04
4.0203480396852802e+00 2.6924377106676671e-04
4.0219644106514973e+00 2.6876645241174352e-04
4.0235807816177154e+00 2.6828997807651551e-04
4.0251971525839325e+00 2.6781434657098443e-04
4.0268135235501497e+00 2.6733955640767353e-04
4.0284298945163668e+00 2.6686560610172591e-04
4.0300462654825848e+00 2.6639249417089898e-04
4.0316626364488020e+00 2.6592021913556088e-04
4.0332790074150191e+00 2.6544877951868343e-04
4.0348953783812362e+00 2.6497817384584117e-04
4.0365117493474543e+00 2.6450840064520250e-04
4.0381281203136714e+00 2.6403945844752943e-04
4.0397444912798885e+00 2.6357134578617003e-04
4.0413608622461066e+00 2.6310406119705503e-04
4.0429772332123237e+00 2.6263760321869269e-04
4.0445936041785409e+00 2.6217197039216594e-04
4.0462099751447580e+00 2.6170716126112497e-04
4.0478263461109760e+00 2.6124317437178538e-04
4.0494427170771932e+00 2.6078000827292272e-04
4.0510590880434103e+00 2.6031766151586773e-04
4.0526754590096274e+00 2.5985613265450141e-04
4.0542918299758455e+00 2.5939542024525222e-04
4.0559082009420626e+00 2.5893552284709002e-04
4.0575245719082798e+00 2.5847643902152199e-04
4.0591409428744969e+00 2.5801816733258919e-04
4.0607573138407149e+00 2.5756070634685985e-04
4.0623736848069321e+00 2.5710405463342763e-04
4.0639900557731492e+00 2.5664821076390541e-04
4.0656064267393672e+00 2.5619317331242116e-04
4.0672227977055844e+00 2.5573894085561362e-04
4.0688391686718015e+00 2.5528551197262885e-04
4.0704555396380186e+00 2.5483288524511373e-04
4.0720719106042367e+00 2.5438105925721342e-04
4.0736882815704538e+00 2.5393003259556658e-04
4.0753046525366710e+00 2.5347980384930047e-04
4.0769210235028881e+00 2.5303037161002623e-04
4.0785373944691061e+00 2.5258173447183636e-04
4.0801537654353233e+00 2.5213389103129831e-04
4.0817701364015404e+00 2.5168683988745119e-04
4.0833865073677584e+00 2.5124057964180088e-04
4.0850028783339756e+00 2.5079510889831712e-04
4.0866192493001927e+00 2.5035042626342624e-04
4.0882356202664099e+00 2.4990653034601064e-04
4.0898519912326279e+00 2.4946341975740077e-04
4.0914683621988450e+00 2.4902109311137396e-04
4.0930847331650622e+00 2.4857954902414816e-04
4.0947011041312793e+00 2.4813878611437820e-04
4.0963174750974973e+00 2.4769880300315087e-04
4.0979338460637145e+00 2.4725959831398337e-04
4.0995502170299316e+00 2.4682117067281463e-04
4.1011665879961487e+00 2.4638351870800480e-04
4.1027829589623668e+00 2.4594664105032885e-04
4.1043993299285839e+00 2.4551053633297418e-04
4.1060157008948011e+00 2.4507520319153384e-04
4.1076320718610191e+00 2.4464064026400492e-04
4.1092484428272362e+00 2.4420684619078266e-04
4.1108648137934534e+00 2.4377381961465674e-04
4.1124811847596705e+00 2.4334155918080707e-04
4.1140975557258885e+00 2.4291006353679967e-04
4.1157139266921057e+00 2.4247933133258223e-04
4.1173302976583228e+00 2.4204936122048070e-04
4.1189466686245400e+00 2.4162015185519347e-04
4.1205630395907580e+00 2.4119170189378867e-04
4.1221794105569751e+00 2.4076400999570026e-04
4.1237957815231923e+00 2.4033707482272253e-04
4.1254121524894103e+00 2.3991089503900580e-04
4.1270285234556274e+00 2.3948546931105519e-04
4.1286448944218446e+00 2.3906079630772211e-04
4.1302612653880617e+00 2.3863687470020444e-04
4.1318776363542797e+00 2.3821370316203828e-04
4.1334940073204969e+00 2.3779128036909776e-04
4.1351103782867140e+00 2.3736960499958816e-04
4.1367267492529312e+00 2.3694867573404322e-04
4.1383431202191492e+00 2.3652849125531950e-04
4.1399594911853663e+00 2.3610905024859543e-04
4.1415758621515835e+00 2.3569035140136316e-04
4.1431922331178006e+00 2.3527239340342756e-04
4.1448086040840186e+00 2.3485517494690065e-04
4.1464249750502358e+00 2.3443869472619878e-04
4.1480413460164529e+00 2.3402295143803704e-04
4.1496577169826709e+00 2.3360794378142599e-04
4.1512740879488881e+00 2.3319367045766871e-04
4.1528904589151052e+00 2.3278013017035386e-04
4.1545068298813224e+00 2.3236732162535542e-04
4.1561232008475404e+00 2.3195524353082511e-04
4.1577395718137575e+00 2.3154389459719132e-04
4.1593559427799747e+00 2.3113327353715309e-04
4.1609723137461918e+00 2.3072337906567724e-04
4.1625886847124098e+00 2.3031420989999297e-04
4.1642050556786270e+00 2.2990576475959100e-04
4.1658214266448441e+00 2.2949804236621532e-04
4.1674377976110621e+00 2.2909104144386245e-04
4.1690541685772793e+00 2.2868476071877676e-04
4.1706705395434964e+00 2.2827919891944568e-04
4.1722869105097136e+00 2.2787435477659583e-04
4.1739032814759316e+00 2.2747022702319076e-04
4.1755196524421487e+00 2.2706681439442481e-04
4.1771360234083659e+00 2.2666411562772062e-04
4.1787523943745830e+00 2.2626212946272466e-04
4.1803687653408010e+00 2.2586085464130340e-04
4.1819851363070182e+00 2.2546028990753941e-04
4.1836015072732353e+00 2.2506043400772805e-04
4.1852178782394525e+00 2.2466128569037207e-04
4.1868342492056705e+00 2.2426284370617909e-04
4.1884506201718876e+00 2.2386510680805788e-04
4.1900669911381048e+00 2.2346807375111356e-04
4.1916833621043228e+00 2.2307174329264318e-04
4.1932997330705399e+00 2.2267611419213494e-04
4.1949161040367571e+00 2.2228118521126013e-04
4.1965324750029742e+00 2.2188695511387246e-04
4.1981488459691922e+00 2.2149342266600255e-04
4.1997652169354094e+00 2.2110058663585573e-04
4.2013815879016265e+00 2.2070844579380567e-04
4.2029979588678437e+00 2.2031699891239358e-04
4.2046143298340617e+00 2.1992624476632159e-04
4.2062307008002788e+00 2.1953618213245129e-04
4.2078470717664960e+00 2.1914680978979843e-04
4.2094634427327140e+00 2.1875812651952958e-04
4.2110798136989311e+00 2.1837013110495839e-04
4.2126961846651483e+00 2.1798282233154233e-04
4.2143125556313654e+00 2.1759619898687759e-04
4.2159289265975834e+00 2.1721025986069637e-04
4.2175452975638006e+00 2.1682500374486344e-04
4.2191616685300177e+00 2.1644042943337155e-04
4.2207780394962349e+00 2.1605653572233718e-04
4.2223944104624529e+00 2.1567332140999890e-04
4.2240107814286700e+00 2.1529078529671154e-04
4.2256271523948872e+00 2.1490892618494353e-04
4.2272435233611043e+00 2.1452774287927288e-04
4.2288598943273223e+00 2.1414723418638354e-04
4.2304762652935395e+00 2.1376739891506143e-04
4.2320926362597566e+00 2.1338823587619196e-04
4.2337090072259747e+00 2.1300974388275374e-04
4.2353253781921918e+00 2.1263192174981850e-04
4.2369417491584089e+00 2.1225476829454381e-04
4.2385581201246261e+00 2.1187828233617184e-04
4.2401744910908441e+00 2.1150246269602456e-04
4.2417908620570612e+00 2.1112730819750113e-04
4.2434072330232784e+00 2.1075281766607277e-04
4.2450236039894955e+00 2.1037898992928026e-04
4.2466399749557135e+00 2.1000582381672990e-04
4.2482563459219307e+00 2.0963331816008988e-04
4.2498727168881478e+00 2.0926147179308718e-04
4.2514890878543659e+00 2.0889028355150233e-04
4.2531054588205830e+00 2.0851975227316840e-04
4.2547218297868001e+00 2.0814987679796488e-04
4.2563382007530173e+00 2.0778065596781576e-04
4.2579545717192353e+00 2.0741208862668422e-04
4.2595709426854524e+00 2.0704417362057222e-04
4.2611873136516696e+00 2.0667690979751281e-04
4.2628036846178867e+00 2.0631029600756952e-04
4.2644200555841048e+00 2.0594433110283165e-04
4.2660364265503219e+00 2.0557901393741142e-04
4.2676527975165390e+00 2.0521434336743890e-04
4.2692691684827571e+00 2.0485031825106056e-04
4.2708855394489742e+00 2.0448693744843402e-04
4.2725019104151913e+00 2.0412419982172525e-04
4.2741182813814085e+00 2.0376210423510510e-04
4.2757346523476265e+00 2.0340064955474532e-04
4.2773510233138436e+00 2.0303983464881541e-04
4.2789673942800608e+00 2.0267965838747964e-04
4.2805837652462779e+00 2.0232011964289192e-04
4.2822001362124960e+00 2.0196121728919376e-04
4.2838165071787131e+00 2.0160295020251075e-04
4.2854328781449302e+00 2.0124531726094821e-04
4.2870492491111474e+00 2.0088831734458781e-04
4.2886656200773654e+00 2.0053194933548533e-04
4.2902819910435825e+00 2.0017621211766568e-04
4.2918983620097997e+00 1.9982110457712019e-04
4.2935147329760177e+00 1.9946662560180292e-04
4.2951311039422349e+00 1.9911277408162799e-04
4.2967474749084520e+00 1.9875954890846405e-04
4.2983638458746691e+00 1.9840694897613399e-04
4.2999802168408872e+00 1.9805497318040808e-04
4.3015965878071043e+00 1.9770362041900361e-04
4.3032129587733214e+00 1.9735288959157941e-04
4.3048293297395386e+00 1.9700277959973332e-04
4.3064457007057566e+00 1.9665328934699773e-04
4.3080620716719737e+00 1.9630441773883903e-04
4.3096784426381909e+00 1.9595616368265015e-04
4.3112948136044089e+00 1.9560852608775005e-04
4.3129111845706261e+00 1.9526150386537993e-04
4.3145275555368432e+00 1.9491509592869903e-04
4.3161439265030603e+00 1.9456930119278107e-04
4.3177602974692784e+00 1.9422411857461270e-04
4.3193766684354955e+00 1.9387954699308808e-04
4.3209930394017126e+00 1.9353558536900657e-04
4.3226094103679298e+00 1.9319223262506921e-04
4.3242257813341478e+00 1.9284948768587534e-04
4.3258421523003650e+00 1.9250734947791909e-04
4.3274585232665821e+00 1.9216581692958664e-04
4.3290748942327992e+00 1.9182488897115233e-04
4.3306912651990173e+00 1.9148456453477484e-04
4.3323076361652344e+00 1.9114484255449552e-04
4.3339240071314515e+00 1.9080572196623354e-04
4.3355403780976696e+00 1.9046720170778306e-04
4.3371567490638867e+00 1.9012928071881051e-04
4.3387731200301038e+00 1.8979195794085053e-04
4.3403894909963210e+00 1.8945523231730227e-04
4.3420058619625390e+00 1.8911910279342803e-04
4.3436222329287562e+00 1.8878356831634777e-04
4.3452386038949733e+00 1.8844862783503775e-04
4.3468549748611904e+00 1.8811428030032524e-04
4.3484713458274085e+00 1.8778052466488694e-04
4.3500877167936256e+00 1.8744735988324547e-04
4.3517040877598427e+00 1.8711478491176552e-04
4.3533204587260608e+00 1.8678279870865011e-04
4.3549368296922779e+00 1.8645140023394001e-04
4.3565532006584951e+00 1.8612058844950680e-04
4.3581695716247122e+00 1.8579036231905241e-04
4.3597859425909302e+00 1.8546072080810472e-04
4.3614023135571474e+00 1.8513166288401520e-04
4.3630186845233645e+00 1.8480318751595400e-04
4.3646350554895816e+00 1.8447529367490920e-04
4.3662514264557997e+00 1.8414798033368092e-04
4.3678677974220168e+00 1.8382124646688076e-04
4.3694841683882339e+00 1.8349509105092672e-04
4.3711005393544511e+00 1.8316951306404080e-04
4.3727169103206691e+00 1.8284451148624511e-04
4.3743332812868863e+00 1.8252008529936076e-04
4.3759496522531034e+00 1.8219623348700176e-04
4.3775660232193214e+00 1.8187295503457377e-04
4.3791823941855386e+00 1.8155024892927107e-04
4.3807987651517557e+00 1.8122811416007231e-04
4.3824151361179728e+00 1.8090654971773763e-04
4.3840315070841909e+00 1.8058555459480669e-04
4.3856478780504080e+00 1.8026512778559405e-04
4.3872642490166252e+00 1.7994526828618684e-04
4.3888806199828423e+00 1.7962597509444146e-04
4.3904969909490603e+00 1.7930724720998051e-04
4.3921133619152775e+00 1.7898908363418945e-04
4.3937297328814946e+00 1.7867148337021436e-04
4.3953461038477126e+00 1.7835444542295718e-04
4.3969624748139298e+00 1.7803796879907458e-04
4.3985788457801469e+00 1.7772205250697344e-04
4.4001952167463640e+00 1.7740669555680851e-04
4.4018115877125812e+00 1.7709189696047843e-04
4.4034279586787992e+00 1.7677765573162439e-04
4.4050443296450164e+00 1.7646397088562523e-04
4.4066607006112335e+00 1.7615084143959538e-04
4.4082770715774506e+00 1.7583826641238165e-04
4.4098934425436687e+00 1.7552624482455997e-04
4.4115098135098858e+00 1.7521477569843241e-04
4.4131261844761029e+00 1.7490385805802496e-04
4.4147425554423210e+00 1.7459349092908250e-04
4.4163589264085381e+00 1.7428367333906822e-04
4.4179752973747553e+00 1.7397440431715885e-04
4.4195916683409724e+00 1.7366568289424233e-04
4.4212080393071904e+00 1.7335750810291449e-04
4.4228244102734076e+00 1.7304987897747689e-04
4.4244407812396247e+00 1.7274279455393261e-04
4.4260571522058418e+00 1.7243625386998364e-04
4.4276735231720599e+00 1.7213025596502882e-04
4.4292898941382770e+00 1.7182479988015953e-04
4.4309062651044941e+00 1.7151988465815752e-04
4.4325226360707113e+00 1.7121550934349173e-04
4.4341390070369293e+00 1.7091167298231524e-04
4.4357553780031465e+00 1.7060837462246230e-04
4.4373717489693636e+00 1.7030561331344597e-04
4.4389881199355816e+00 1.7000338810645372e-04
4.4406044909017988e+00 1.6970169805434636e-04
4.4422208618680159e+00 1.6940054221165367e-04
4.4438372328342330e+00 1.6909991963457211e-04
4.4454536038004511e+00 1.6879982938096109e-04
4.4470699747666682e+00 1.6850027051034221e-04
4.4486863457328853e+00 1.6820124208389320e-04
4.4503027166991025e+00 1.6790274316444748e-04
4.4519190876653205e+00 1.6760477281648999e-04
4.4535354586315377e+00 1.6730733010615525e-04
4.4551518295977548e+00 1.6701041410122335e-04
4.4567682005639728e+00 1.6671402387111780e-04
4.4583845715301900e+00 1.6641815848690230e-04
4.4600009424964071e+00 1.6612281702127856e-04
4.4616173134626242e+00 1.6582799854858194e-04
4.4632336844288423e+00 1.6553370214478005e-04
4.4648500553950594e+00 1.6523992688746952e-04
4.4664664263612766e+00 1.6494667185587271e-04
4.4680827973274937e+00 1.6465393613083454e-04
4.4696991682937117e+00 1.6436171879482110e-04
4.4713155392599289e+00 1.6407001893191541e-04
4.4729319102261460e+00 1.6377883562781497e-04
4.4745482811923631e+00 1.6348816796982923e-04
4.4761646521585812e+00 1.6319801504687629e-04
4.4777810231247983e+00 1.6290837594948028e-04
4.4793973940910154e+00 1.6261924976976918e-04
4.4810137650572335e+00 1.6233063560147022e-04
4.4826301360234506e+00 1.6204253253990935e-04
4.4842465069896678e+00 1.6175493968200664e-04
4.4858628779558849e+00 1.6146785612627455e-04
4.4874792489221029e+00 1.6118128097281380e-04
4.4890956198883201e+00 1.6089521332331313e-04
4.4907119908545372e+00 1.6060965228104326e-04
4.4923283618207543e+00 1.6032459695085660e-04
4.4939447327869724e+00 1.6004004643918317e-04
4.4955611037531895e+00 1.5975599985402892e-04
4.4971774747194067e+00 1.5947245630497112e-04
4.4987938456856247e+00 1.5918941490315793e-04
4.5004102166518418e+00 1.5890687476130381e-04
4.5020265876180590e+00 1.5862483499368756e-04
4.5036429585842761e+00 1.5834329471614943e-04
4.5052593295504941e+00 1.5806225304608839e-04
4.5068757005167113e+00 1.5778170910245919e-04
4.5084920714829284e+00 1.5750166200577043e-04
4.5101084424491455e+00 1.5722211087808031e-04
4.5117248134153636e+00 1.5694305484299518e-04
4.5133411843815807e+00 1.5666449302566683e-04
4.5149575553477979e+00 1.5638642455278884e-04
4.5165739263140150e+00 1.5610884855259461e-04
4.5181902972802330e+00 1.5583176415485424e-04
4.5198066682464502e+00 1.5555517049087262e-04
4.5214230392126673e+00 1.5527906669348524e-04
4.5230394101788853e+00 1.5500345189705723e-04
4.5246557811451025e+00 1.5472832523747944e-04
4.5262721521113196e+00 1.5445368585216619e-04
4.5278885230775368e+00 1.5417953288005253e-04
4.5295048940437548e+00 1.5390586546159171e-04
4.5311212650099719e+00 1.5363268273875218e-04
4.5327376359761891e+00 1.5335998385501563e-04
4.5343540069424062e+00 1.5308776795537317e-04
4.5359703779086242e+00 1.5281603418632357e-04
4.5375867488748414e+00 1.5254478169587080e-04
4.5392031198410585e+00 1.5227400963352056e-04
4.5408194908072765e+00 1.5200371715027761e-04
4.5424358617734937e+00 1.5173390339864482e-04
4.5440522327397108e+00 1.5146456753261809e-04
4.5456686037059280e+00 1.5119570870768530e-04
4.5472849746721460e+00 1.5092732608082331e-04
4.5489013456383631e+00 1.5065941881049573e-04
4.5505177166045803e+00 1.5039198605664895e-04
4.5521340875707974e+00 1.5012502698071159e-04
4.5537504585370154e+00 1.4985854074558958e-04
4.5553668295032326e+00 1.4959252651566626e-04
4.5569832004694497e+00 1.4932698345679701e-04
4.5585995714356677e+00 1.4906191073630820e-04
4.5602159424018849e+00 1.4879730752299499e-04
4.5618323133681020e+00 1.4853317298711761e-04
4.5634486843343192e+00 1.4826950630039888e-04
4.5650650553005372e+00 1.4800630663602287e-04
4.5666814262667543e+00 1.4774357316863095e-04
4.5682977972329715e+00 1.4748130507431987e-04
4.5699141681991886e+00 1.4721950153063918e-04
4.5715305391654066e+00 1.4695816171658851e-04
4.5731469101316238e+00 1.4669728481261495e-04
4.5747632810978409e+00 1.4643687000061127e-04
4.5763796520640581e+00 1.4617691646391187e-04
4.5779960230302761e+00 1.4591742338729169e-04
4.5796123939964932e+00 1.4565838995696310e-04
4.5812287649627104e+00 1.4539981536057346e-04
4.5828451359289284e+00 1.4514169878720169e-04
4.5844615068951455e+00 1.4488403942735821e-04
4.5860778778613627e+00 1.4462683647297923e-04
4.5876942488275798e+00 1.4437008911742657e-04
4.5893106197937978e+00 1.4411379655548419e-04
4.5909269907600150e+00 1.4385795798335630e-04
4.5925433617262321e+00 1.4360257259866360e-04
4.5941597326924493e+00 1.4334763960044275e-04
4.5957761036586673e+00 1.4309315818914159e-04
4.5973924746248844e+00 1.4283912756661883e-04
4.5990088455911016e+00 1.4258554693614010e-04
4.6006252165573196e+00 1.4233241550237600e-04
4.6022415875235367e+00 1.4207973247139949e-04
4.6038579584897539e+00 1.4182749705068384e-04
4.6054743294559710e+00 1.4157570844909969e-04
4.6070907004221890e+00 1.4132436587691220e-04
4.6087070713884062e+00 1.4107346854578032e-04
4.6103234423546233e+00 1.4082301566875201e-04
4.6119398133208405e+00 1.4057300646026351e-04
4.6135561842870585e+00 1.4032344013613604e-04
4.6151725552532756e+00 1.4007431591357426e-04
4.6167889262194928e+00 1.3982563301116228e-04
4.6184052971857099e+00 1.3957739064886322e-04
4.6200216681519279e+00 1.3932958804801471e-04
4.6216380391181451e+00 1.3908222443132837e-04
4.6232544100843622e+00 1.3883529902288615e-04
4.6248707810505802e+00 1.3858881104813824e-04
4.6264871520167974e+00 1.3834275973390075e-04
4.6281035229830145e+00 1.3809714430835376e-04
4.6297198939492317e+00 1.3785196400103761e-04
4.6313362649154497e+00 1.3760721804285177e-04
4.6329526358816668e+00 1.3736290566605230e-04
4.6345690068478840e+00 1.3711902610424883e-04
4.6361853778141011e+00 1.3687557859240224e-04
4.6378017487803191e+00 1.3663256236682333e-04
4.6394181197465363e+00 1.3638997666516912e-04
4.6410344907127534e+00 1.3614782072644116e-04
4.6426508616789715e+00 1.3590609379098302e-04
4.6442672326451886e+00 1.3566479510047842e-04
4.6458836036114057e+00 1.3542392389794753e-04
4.6474999745776229e+00 1.3518347942774645e-04
4.6491163455438409e+00 1.3494346093556302e-04
4.6507327165100580e+00 1.3470386766841616e-04
4.6523490874762752e+00 1.3446469887465226e-04
4.6539654584424923e+00 1.3422595380394359e-04
4.6555818294087103e+00 1.3398763170728500e-04
4.6571982003749275e+00 1.3374973183699366e-04
4.6588145713411446e+00 1.3351225344670402e-04
4.6604309423073618e+00 1.3327519579136752e-04
4.6620473132735798e+00 1.3303855812724929e-04
4.6636636842397969e+00 1.3280233971192662e-04
4.6652800552060141e+00 1.3256653980428540e-04
4.6668964261722321e+00 1.3233115766451934e-04
4.6685127971384492e+00 1.3209619255412637e-04
4.6701291681046664e+00 1.3186164373590753e-04
4.6717455390708835e+00 1.3162751047396322e-04
4.6733619100371016e+00 1.3139379203369210e-04
4.6749782810033187e+00 1.3116048768178874e-04
4.6765946519695358e+00 1.3092759668624078e-04
4.6782110229357530e+00 1.3069511831632653e-04
4.6798273939019710e+00 1.3046305184261385e-04
4.6814437648681881e+00 1.3023139653695656e-04
4.6830601358344053e+00 1.3000015167249283e-04
4.6846765068006233e+00 1.2976931652364286e-04
4.6862928777668404e+00 1.2953889036610691e-04
4.6879092487330576e+00 1.2930887247686193e-04
4.6895256196992747e+00 1.2907926213416102e-04
4.6911419906654928e+00 1.2885005861752944e-04
4.6927583616317099e+00 1.2862126120776385e-04
4.6943747325979270e+00 1.2839286918692910e-04
4.6959911035641442e+00 1.2816488183835641e-04
4.6976074745303622e+00 1.2793729844664086e-04
4.6992238454965793e+00 1.2771011829763981e-04
4.7008402164627965e+00 1.2748334067846990e-04
4.7024565874290136e+00 1.2725696487750490e-04
4.7040729583952317e+00 1.2703099018437442e-04
4.7056893293614488e+00 1.2680541588996053e-04
4.7073057003276659e+00 1.2658024128639624e-04
4.7089220712938840e+00 1.2635546566706302e-04
4.7105384422601011e+00 1.2613108832658915e-04
4.7121548132263182e+00 1.2590710856084624e-04
4.7137711841925354e+00 1.2568352566694888e-04
4.7153875551587534e+00 1.2546033894325051e-04
4.7170039261249705e+00 1.2523754768934290e-04
4.7186202970911877e+00 1.2501515120605296e-04
4.7202366680574048e+00 1.2479314879544100e-04
4.7218530390236229e+00 1.2457153976079788e-04
4.7234694099898400e+00 1.2435032340664450e-04
4.7250857809560571e+00 1.2412949903872745e-04
4.7267021519222752e+00 1.2390906596401830e-04
4.7283185228884923e+00 1.2368902349071140e-04
4.7299348938547094e+00 1.2346937092822107e-04
4.7315512648209266e+00 1.2325010758717952e-04
4.7331676357871446e+00 1.2303123277943566e-04
4.7347840067533618e+00 1.2281274581805172e-04
4.7364003777195789e+00 1.2259464601730184e-04
4.7380167486857960e+00 1.2237693269266984e-04
4.7396331196520141e+00 1.2215960516084686e-04
4.7412494906182312e+00 1.2194266273972937e-04
4.7428658615844483e+00 1.2172610474841752e-04
4.7444822325506655e+00 1.2150993050721190e-04
4.7460986035168835e+00 1.2129413933761231e-04
4.7477149744831006e+00 1.2107873056231587e-04
4.7493313454493178e+00 1.2086370350521406e-04
4.7509477164155358e+00 1.2064905749139071e-04
4.7525640873817530e+00 1.2043479184712131e-04
4.7541804583479701e+00 1.2022090589986872e-04
4.7557968293141872e+00 1.2000739897828271e-04
4.7574132002804053e+00 1.1979427041219718e-04
4.7590295712466224e+00 1.1958151953262870e-04
4.7606459422128395e+00 1.1936914567177312e-04
4.7622623131790567e+00 1.1915714816300537e-04
4.7638786841452747e+00 1.1894552634087532e-04
4.7654950551114919e+00 1.1873427954110769e-04
4.7671114260777090e+00 1.1852340710059853e-04
4.7687277970439270e+00 1.1831290835741365e-04
4.7703441680101442e+00 1.1810278265078700e-04
4.7719605389763613e+00 1.1789302932111793e-04
4.7735769099425784e+00 1.1768364770996920e-04
4.7751932809087965e+00 1.1747463716006543e-04
4.7768096518750136e+00 1.1726599701529085e-04
4.7784260228412307e+00 1.1705772662068699e-04
4.7800423938074479e+00 1.1684982532245090e-04
4.7816587647736659e+00 1.1664229246793298e-04
4.7832751357398831e+00 1.1643512740563508e-04
4.7848915067061002e+00 1.1622832948520857e-04
4.7865078776723182e+00 1.1602189805745188e-04
4.7881242486385354e+00 1.1581583247430885e-04
4.7897406196047525e+00 1.1561013208886689e-04
4.7913569905709696e+00 1.1540479625535424e-04
4.7929733615371877e+00 1.1519982432913862e-04
4.7945897325034048e+00 1.1499521566672526e-04
4.7962061034696220e+00 1.1479096962575454e-04
4.7978224744358391e+00 1.1458708556499974e-04
4.7994388454020571e+00 1.1438356284436596e-04
4.8010552163682743e+00 1.1418040082488738e-04
4.8026715873344914e+00 1.1397759886872539e-04
4.8042879583007085e+00 1.1377515633916689e-04
4.8059043292669266e+00 1.1357307260062192e-04
4.8075207002331437e+00 1.1337134701862198e-04
4.8091370711993608e+00 1.1316997895981818e-04
4.8107534421655789e+00 1.1296896779197852e-04
4.8123698131317960e+00 1.1276831288398698e-04
4.8139861840980132e+00 1.1256801360584079e-04
4.8156025550642303e+00 1.1236806932864880e-04
4.8172189260304483e+00 1.1216847942462897e-04
4.8188352969966655e+00 1.1196924326710790e-04
4.8204516679628826e+00 1.1177036023051684e-04
4.8220680389290997e+00 1.1157182969039120e-04
4.8236844098953178e+00 1.1137365102336810e-04
4.8253007808615349e+00 1.1117582360718484e-04
4.8269171518277521e+00 1.1097834682067586e-04
4.8285335227939701e+00 1.1078122004377237e-04
4.8301498937601872e+00 1.1058444265749919e-04
4.8317662647264044e+00 1.1038801404397338e-04
4.8333826356926215e+00 1.1019193358640213e-04
4.8349990066588395e+00 1.0999620066908094e-04
4.8366153776250567e+00 1.0980081467739164e-04
4.8382317485912738e+00 1.0960577499780082e-04
4.8398481195574909e+00 1.0941108101785701e-04
4.8414644905237090e+00 1.0921673212618970e-04
4.8430808614899261e+00 1.0902272771250736e-04
4.8446972324561433e+00 1.0882906716759504e-04
4.8463136034223604e+00 1.0863574988331238e-04
4.8479299743885784e+00 1.0844277525259278e-04
4.8495463453547956e+00 1.0825014266944031e-04
4.8511627163210127e+00 1.0805785152892845e-04
4.8527790872872307e+00 1.0786590122719793e-04
4.8543954582534479e+00 1.0767429116145543e-04
4.8560118292196650e+00 1.0748302072997056e-04
4.8576282001858822e+00 1.0729208933207544e-04
4.8592445711521002e+00 1.0710149636816138e-04
4.8608609421183173e+00 1.0691124123967832e-04
4.8624773130845345e+00 1.0672132334913201e-04
4.8640936840507516e+00 1.0653174210008271e-04
4.8657100550169696e+00 1.0634249689714259e-04
4.8673264259831868e+00 1.0615358714597543e-04
4.8689427969494039e+00 1.0596501225329283e-04
4.8705591679156219e+00 1.0577677162685356e-04
4.8721755388818391e+00 1.0558886467546176e-04
4.8737919098480562e+00 1.0540129080896442e-04
4.8754082808142734e+00 1.0521404943825003e-04
4.8770246517804914e+00 1.0502713997524657e-04
4.8786410227467085e+00 1.0484056183291994e-04
4.8802573937129257e+00 1.0465431442527174e-04
4.8818737646791428e+00 1.0446839716733773e-04
4.8834901356453608e+00 1.0428280947518551e-04
4.8851065066115780e+00 1.0409755076591409e-04
4.8867228775777951e+00 1.0391262045765002e-04
4.8883392485440122e+00 1.0372801796954723e-04
4.8899556195102303e+00 1.0354374272178449e-04
4.8915719904764474e+00 1.0335979413556399e-04
4.8931883614426646e+00 1.0317617163310878e-04
4.8948047324088826e+00 1.0299287463766213e-04
4.8964211033750997e+00 1.0280990257348477e-04
4.8980374743413169e+00 1.0262725486585339e-04
4.8996538453075340e+00 1.0244493094105903e-04
4.9012702162737520e+00 1.0226293022640516e-04
4.9028865872399692e+00 1.0208125215020570e-04
4.9045029582061863e+00 1.0189989614178394e-04
4.9061193291724035e+00 1.0171886163146961e-04
4.9077357001386215e+00 1.0153814805059807e-04
4.9093520711048386e+00 1.0135775483150843e-04
4.9109684420710558e+00 1.0117768140754138e-04
4.9125848130372738e+00 1.0099792721303726e-04
4.9142011840034909e+00 1.0081849168333564e-04
4.9158175549697081e+00 1.0063937425477158e-04
4.9174339259359252e+00 1.0046057436467539e-04
4.9190502969021432e+00 1.0028209145137024e-04
4.9206666678683604e+00 1.0010392495417082e-04
4.9222830388345775e+00 9.9926074313380744e-05
4.9238994098007947e+00 9.9748538970292111e-05
4.9255157807670127e+00 9.9571318367182280e-05
4.9271321517332298e+00 9.9394411947313586e-05
4.9287485226994470e+00 9.9217819154930501e-05
4.9303648936656641e+00 9.9041539435258509e-05
4.9319812646318821e+00 9.8865572234501750e-05
4.9335976355980993e+00 9.8689916999842653e-05
4.9352140065643164e+00 9.8514573179438332e-05
4.9368303775305344e+00 9.8339540222420300e-05
4.9384467484967516e+00 9.8164817578892327e-05
4.9400631194629687e+00 9.7990404699928614e-05
4.9416794904291859e+00 9.7816301037571878e-05
4.9432958613954039e+00 9.7642506044832419e-05
4.9449122323616210e+00 9.7469019175685587e-05
4.9465286033278382e+00 9.7295839885070504e-05
4.9481449742940553e+00 9.7122967628888321e-05
4.9497613452602733e+00 9.6950401864000476e-05
4.9513777162264905e+00 9.6778142048226847e-05
4.9529940871927076e+00 9.6606187640344658e-05
4.9546104581589256e+00 9.6434538100085762e-05
4.9562268291251428e+00 9.6263192888136124e-05
4.9578432000913599e+00 9.6092151466133243e-05
4.9594595710575771e+00 9.5921413296665058e-05
4.9610759420237951e+00 9.5750977843267482e-05
4.9626923129900122e+00 9.5580844570424220e-05
4.9643086839562294e+00 9.5411012943563307e-05
4.9659250549224465e+00 9.5241482429056574e-05
4.9675414258886645e+00 9.5072252494217998e-05
4.9691577968548817e+00 9.4903322607301342e-05
4.9707741678210988e+00 9.4734692237499193e-05
4.9723905387873168e+00 9.4566360854940752e-05
4.9740069097535340e+00 9.4398327930690943e-05
4.9756232807197511e+00 9.4230592936747618e-05
4.9772396516859683e+00 9.4063155346041298e-05
4.9788560226521863e+00 9.3896014632432022e-05
4.9804723936184034e+00 9.3729170270709475e-05
4.9820887645846206e+00 9.3562621736589522e-05
4.9837051355508377e+00 9.3396368506713871e-05
4.9853215065170557e+00 9.3230410058647601e-05
4.9869378774832729e+00 9.3064745870878720e-05
4.9885542484494900e+00 9.2899375422814817e-05
4.9901706194157072e+00 9.2734298194783234e-05
4.9917869903819252e+00 9.2569513668027859e-05
4.9934033613481423e+00 9.2405021324708825e-05
4.9950197323143595e+00 9.2240820647899988e-05
4.9966361032805775e+00 9.2076911121587808e-05
4.9982524742467946e+00 9.1913292230669431e-05
4.9998688452130118e+00 9.1749963460951569e-05
5.0014852161792289e+00 9.1586924299148152e-05
5.0031015871454469e+00 9.1424174232879315e-05
5.0047179581116641e+00 9.1261712750669811e-05
5.0063343290778812e+00 9.1099539341947097e-05
5.0079507000440984e+00 9.0937653497039658e-05
5.0095670710103164e+00 9.0776054707176126e-05
5.0111834419765335e+00 9.0614742464482863e-05
5.0127998129427507e+00 9.0453716261982881e-05
5.0144161839089687e+00 9.0292975593593970e-05
5.0160325548751858e+00 9.0132519954127683e-05
5.0176489258414030e+00 8.9972348839286720e-05
5.0192652968076201e+00 8.9812461745664585e-05
5.0208816677738382e+00 8.9652858170742898e-05
5.0224980387400553e+00 8.9493537612890856e-05
5.0241144097062724e+00 8.9334499571362856e-05
5.0257307806724896e+00 8.9175743546297354e-05
5.0273471516387076e+00 8.9017269038714882e-05
5.0289635226049247e+00 8.8859075550517595e-05
5.0305798935711419e+00 8.8701162584486093e-05
5.0321962645373590e+00 8.8543529644279209e-05
5.0338126355035770e+00 8.8386176234431674e-05
5.0354290064697942e+00 8.8229101860353348e-05
5.0370453774360113e+00 8.8072306028326534e-05
5.0386617484022294e+00 8.7915788245505666e-05
5.0402781193684465e+00 8.7759548019915036e-05
5.0418944903346636e+00 8.7603584860447326e-05
5.0435108613008808e+00 8.7447898276862363e-05
5.0451272322670988e+00 8.7292487779785330e-05
5.0467436032333159e+00 8.7137352880705291e-05
5.0483599741995331e+00 8.6982493091973992e-05
5.0499763451657502e+00 8.6827907926803686e-05
5.0515927161319683e+00 8.6673596899266127e-05
5.0532090870981854e+00 8.6519559524291174e-05
5.0548254580644025e+00 8.6365795317664689e-05
5.0564418290306206e+00 8.6212303796027472e-05
5.0580581999968377e+00 8.6059084476873844e-05
5.0596745709630548e+00 8.5906136878549809e-05
5.0612909419292720e+00 8.5753460520251426e-05
5.0629073128954900e+00 8.5601054922024145e-05
5.0645236838617071e+00 8.5448919604760341e-05
5.0661400548279243e+00 8.5297054090198378e-05
5.0677564257941414e+00 8.5145457900920928e-05
5.0693727967603595e+00 8.4994130560353564e-05
5.0709891677265766e+00 8.4843071592763131e-05
5.0726055386927937e+00 8.4692280523256718e-05
5.0742219096590109e+00 8.4541756877779353e-05
5.0758382806252289e+00 8.4391500183113189e-05
5.0774546515914460e+00 8.4241509966876137e-05
5.0790710225576632e+00 8.4091785757519806e-05
5.0806873935238812e+00 8.3942327084328118e-05
5.0823037644900984e+00 8.3793133477416771e-05
5.0839201354563155e+00 8.3644204467730345e-05
5.0855365064225326e+00 8.3495539587041890e-05
5.0871528773887507e+00 8.3347138367951035e-05
5.0887692483549678e+00 8.3199000343882814e-05
5.0903856193211849e+00 8.3051125049085807e-05
5.0920019902874021e+00 8.2903512018631096e-05
5.0936183612536201e+00 8.2756160788410234e-05
5.0952347322198372e+00 8.2609070895134918e-05
5.0968511031860544e+00 8.2462241876334145e-05
5.0984674741522724e+00 8.2315673270353694e-05
5.1000838451184896e+00 8.2169364616354625e-05
5.1017002160847067e+00 8.2023315454311500e-05
5.1033165870509238e+00 8.1877525325010884e-05
5.1049329580171419e+00 8.1731993770050592e-05
5.1065493289833590e+00 8.1586720331837541e-05
5.1081656999495761e+00 8.1441704553586610e-05
5.1097820709157933e+00 8.1296945979319308e-05
5.1113984418820113e+00 8.1152444153862084e-05
5.1130148128482285e+00 8.1008198622845175e-05
5.1146311838144456e+00 8.0864208932701262e-05
5.1162475547806627e+00 8.0720474630663493e-05
5.1178639257468808e+00 8.0576995264764655e-05
5.1194802967130979e+00 8.0433770383835738e-05
5.1210966676793150e+00 8.0290799537504189e-05
5.1227130386455331e+00 8.0148082276192457e-05
5.1243294096117502e+00 8.0005618151117482e-05
5.1259457805779673e+00 7.9863406714287904e-05
5.1275621515441845e+00 7.9721447518503786e-05
5.1291785225104025e+00 7.9579740117354710e-05
5.1307948934766197e+00 7.9438284065218729e-05
5.1324112644428368e+00 7.9297078917260296e-05
5.1340276354090539e+00 7.9156124229429883e-05
5.1356440063752720e+00 7.9015419558461542e-05
5.1372603773414891e+00 7.8874964461872444e-05
5.1388767483077062e+00 7.8734758497960873e-05
5.1404931192739243e+00 7.8594801225805104e-05
5.1421094902401414e+00 7.8455092205261933e-05
5.1437258612063586e+00 7.8315630996965627e-05
5.1453422321725757e+00 7.8176417162325915e-05
5.1469586031387937e+00 7.8037450263527159e-05
5.1485749741050109e+00 7.7898729863526975e-05
5.1501913450712280e+00 7.7760255526054554e-05
5.1518077160374451e+00 7.7622026815609476e-05
5.1534240870036632e+00 7.7484043297460336e-05
5.1550404579698803e+00 7.7346304537643653e-05
5.1566568289360974e+00 7.7208810102961801e-05
5.1582731999023155e+00 7.7071559560982586e-05
5.1598895708685326e+00 7.6934552480037189e-05
5.1615059418347498e+00 7.6797788429219105e-05
5.1631223128009669e+00 7.6661266978382791e-05
5.1647386837671849e+00 7.6524987698142269e-05
5.1663550547334021e+00 7.6388950159869784e-05
5.1679714256996192e+00 7.6253153935694761e-05
5.1695877966658363e+00 7.6117598598501784e-05
5.1712041676320544e+00 7.5982283721929921e-05
5.1728205385982715e+00 7.5847208880371300e-05
5.1744369095644887e+00 7.5712373648969481e-05
5.1760532805307058e+00 7.5577777603618145e-05
5.1776696514969238e+00 7.5443420320960304e-05
5.1792860224631410e+00 7.5309301378386325e-05
5.1809023934293581e+00 7.5175420354032992e-05
5.1825187643955761e+00 7.5041776826781993e-05
5.1841351353617933e+00 7.4908370376259022e-05
5.1857515063280104e+00 7.4775200582831596e-05
5.1873678772942275e+00 7.4642267027608936e-05
5.1889842482604456e+00 7.4509569292439349e-05
5.1906006192266627e+00 7.4377106959910380e-05
5.1922169901928799e+00 7.4244879613346099e-05
5.1938333611590970e+00 7.4112886836806774e-05
5.1954497321253150e+00 7.3981128215086818e-05
5.1970661030915322e+00 7.3849603333714698e-05
5.1986824740577493e+00 7.3718311778950138e-05
5.2002988450239673e+00 7.3587253137783723e-05
5.2019152159901845e+00 7.3456426997935704e-05
5.2035315869564016e+00 7.3325832947854225e-05
5.2051479579226188e+00 7.3195470576714266e-05
5.2067643288888368e+00 7.3065339474416425e-05
5.2083806998550539e+00 7.2935439231585502e-05
5.2099970708212711e+00 7.2805769439569519e-05
5.2116134417874882e+00 7.2676329690437853e-05
5.2132298127537062e+00 7.2547119576980569e-05
5.2148461837199234e+00 7.2418138692706961e-05
5.2164625546861405e+00 7.2289386631844201e-05
5.2180789256523576e+00 7.2160862989335877e-05
5.2196952966185757e+00 7.2032567360841309e-05
5.2213116675847928e+00 7.1904499342733796e-05
5.2229280385510100e+00 7.1776658532099469e-05
5.2245444095172280e+00 7.1649044526736049e-05
5.2261607804834451e+00 7.1521656925151885e-05
5.2277771514496623e+00 7.1394495326563973e-05
5.2293935224158794e+00 7.1267559330897686e-05
5.2310098933820974e+00 7.1140848538784498e-05
5.2326262643483146e+00 7.1014362551561670e-05
5.2342426353145317e+00 7.0888100971270370e-05
5.2358590062807489e+00 7.0762063400654706e-05
5.2374753772469669e+00 7.0636249443160320e-05
5.2390917482131840e+00 7.0510658702933535e-05
5.2407081191794012e+00 7.0385290784819669e-05
5.2423244901456192e+00 7.0260145294361715e-05
5.2439408611118363e+00 7.0135221837800020e-05
5.2455572320780535e+00 7.0010520022069841e-05
5.2471736030442706e+00 6.9886039454800919e-05
5.2487899740104886e+00 6.9761779744315989e-05
5.2504063449767058e+00 6.9637740499629752e-05
5.2520227159429229e+00 6.9513921330447193e-05
5.2536390869091401e+00 6.9390321847163068e-05
5.2552554578753581e+00 6.9266941660859826e-05
5.2568718288415752e+00 6.9143780383307317e-05
5.2584881998077924e+00 6.9020837626960902e-05
5.2601045707740095e+00 6.8898113004960549e-05
5.2617209417402275e+00 6.8775606131129261e-05
5.2633373127064447e+00 6.8653316619972829e-05
5.2649536836726618e+00 6.8531244086677246e-05
5.2665700546388798e+00 6.8409388147108532e-05
5.2681864256050970e+00 6.8287748417811386e-05
5.2698027965713141e+00 6.8166324516007637e-05
5.2714191675375313e+00 6.8045116059595097e-05
5.2730355385037493e+00 6.7924122667146889e-05
5.2746519094699664e+00 6.7803343957909627e-05
5.2762682804361836e+00 6.7682779551802552e-05
5.2778846514024007e+00 6.7562429069416310e-05
5.2795010223686187e+00 6.7442292132011733e-05
5.2811173933348359e+00 6.7322368361518565e-05
5.2827337643010530e+00 6.7202657380534663e-05
5.2843501352672710e+00 6.7083158812324112e-05
5.2859665062334882e+00 6.6963872280816915e-05
5.2875828771997053e+00 6.6844797410607135e-05
5.2891992481659225e+00 6.6725933826952094e-05
5.2908156191321405e+00 6.6607281155770751e-05
5.2924319900983576e+00 6.6488839023643562e-05
5.2940483610645748e+00 6.6370607057809935e-05
5.2956647320307919e+00 6.6252584886168051e-05
5.2972811029970099e+00 6.6134772137273364e-05
5.2988974739632271e+00 6.6017168440337675e-05
5.3005138449294442e+00 6.5899773425227360e-05
5.3021302158956614e+00 6.5782586722463137e-05
5.3037465868618794e+00 6.5665607963217898e-05
5.3053629578280965e+00 6.5548836779316712e-05
5.3069793287943137e+00 6.5432272803234463e-05
5.3085956997605317e+00 6.5315915668095499e-05
5.3102120707267488e+00 6.5199765007672414e-05
5.3118284416929660e+00 6.5083820456384649e-05
5.3134448126591831e+00 6.4968081649297287e-05
5.3150611836254011e+00 6.4852548222120432e-05
5.3166775545916183e+00 6.4737219811207553e-05
5.3182939255578354e+00 6.4622096053554520e-05
5.3199102965240526e+00 6.4507176586798540e-05
5.3215266674902706e+00 6.4392461049216941e-05
5.3231430384564877e+00 6.4277949079726045e-05
5.3247594094227049e+00 6.4163640317880277e-05
5.3263757803889229e+00 6.4049534403870463e-05
5.3279921513551400e+00 6.3935630978523462e-05
5.3296085223213572e+00 6.3821929683300420e-05
5.3312248932875743e+00 6.3708430160295968e-05
5.3328412642537923e+00 6.3595132052236987e-05
5.3344576352200095e+00 6.3482035002481693e-05
5.3360740061862266e+00 6.3369138655018276e-05
5.3376903771524438e+00 6.3256442654463681e-05
5.3393067481186618e+00 6.3143946646063081e-05
5.3409231190848789e+00 6.3031650275688142e-05
5.3425394900510961e+00 6.2919553189836222e-05
5.3441558610173132e+00 6.2807655035629237e-05
5.3457722319835312e+00 6.2695955460812528e-05
5.3473886029497484e+00 6.2584454113753704e-05
5.3490049739159655e+00 6.2473150643441850e-05
5.3506213448821835e+00 6.2362044699485795e-05
5.3522377158484007e+00 6.2251135932113829e-05
5.3538540868146178e+00 6.2140423992171950e-05
5.3554704577808350e+00 6.2029908531123135e-05
5.3570868287470530e+00 6.1919589201045932e-05
5.3587031997132701e+00 6.1809465654634064e-05
5.3603195706794873e+00 6.1699537545194358e-05
5.3619359416457044e+00 6.1589804526646430e-05
5.3635523126119224e+00 6.1480266253521225e-05
5.3651686835781396e+00 6.1370922380960324e-05
5.3667850545443567e+00 6.1261772564714196e-05
5.3684014255105748e+00 6.1152816461141940e-05
5.3700177964767919e+00 6.1044053727209551e-05
5.3716341674430090e+00 6.0935484020489215e-05
5.3732505384092262e+00 6.0827106999158075e-05
5.3748669093754442e+00 6.0718922321997250e-05
5.3764832803416613e+00 6.0610929648390716e-05
5.3780996513078785e+00 6.0503128638324432e-05
5.3797160222740956e+00 6.0395518952384842e-05
5.3813323932403136e+00 6.0288100251758205e-05
5.3829487642065308e+00 6.0180872198229584e-05
5.3845651351727479e+00 6.0073834454181465e-05
5.3861815061389660e+00 5.9966986682592694e-05
5.3877978771051831e+00 5.9860328547038140e-05
5.3894142480714002e+00 5.9753859711686561e-05
5.3910306190376174e+00 5.9647579841300341e-05
5.3926469900038354e+00 5.9541488601234123e-05
5.3942633609700525e+00 5.9435585657434085e-05
5.3958797319362697e+00 5.9329870676436236e-05
5.3974961029024868e+00 5.9224343325366252e-05
5.3991124738687049e+00 5.9119003271937552e-05
5.4007288448349220e+00 5.9013850184451037e-05
5.4023452158011391e+00 5.8908883731793567e-05
5.4039615867673563e+00 5.8804103583437097e-05
5.4055779577335743e+00 5.8699509409437404e-05
5.4071943286997914e+00 5.8595100880433798e-05
5.4088106996660086e+00 5.8490877667647025e-05
5.4104270706322266e+00 5.8386839442879005e-05
5.4120434415984437e+00 5.8282985878511683e-05
5.4136598125646609e+00 5.8179316647505782e-05
5.4152761835308780e+00 5.8075831423399937e-05
5.4168925544970961e+00 5.7972529880309619e-05
5.4185089254633132e+00 5.7869411692926208e-05
5.4201252964295303e+00 5.7766476536515972e-05
5.4217416673957475e+00 5.7663724086918917e-05
5.4233580383619655e+00 5.7561154020547692e-05
5.4249744093281826e+00 5.7458766014387247e-05
5.4265907802943998e+00 5.7356559745992779e-05
5.4282071512606178e+00 5.7254534893489532e-05
5.4298235222268350e+00 5.7152691135571595e-05
5.4314398931930521e+00 5.7051028151500709e-05
5.4330562641592692e+00 5.6949545621105330e-05
5.4346726351254873e+00 5.6848243224779898e-05
5.4362890060917044e+00 5.6747120643483509e-05
5.4379053770579215e+00 5.6646177558739053e-05
5.4395217480241387e+00 5.6545413652632236e-05
5.4411381189903567e+00 5.6444828607810536e-05
5.4427544899565738e+00 5.6344422107482222e-05
5.4443708609227910e+00 5.6244193835415565e-05
5.4459872318890081e+00 5.6144143475937358e-05
5.4476036028552262e+00 5.6044270713932432e-05
5.4492199738214433e+00 5.5944575234842546e-05
5.4508363447876604e+00 5.5845056724665253e-05
5.4524527157538785e+00 5.5745714869952828e-05
5.4540690867200956e+00 5.5646549357811929e-05
5.4556854576863127e+00 5.5547559875901705e-05
5.4573018286525299e+00 5.5448746112433496e-05
5.4589181996187479e+00 5.5350107756169578e-05
5.4605345705849651e+00 5.5251644496422407e-05
5.4621509415511822e+00 5.5153356023053187e-05
5.4637673125173993e+00 5.5055242026471612e-05
5.4653836834836174e+00 5.4957302197634066e-05
5.4670000544498345e+00 5.4859536228043486e-05
5.4686164254160516e+00 5.4761943809747783e-05
5.4702327963822697e+00 5.4664524635339143e-05
5.4718491673484868e+00 5.4567278397952987e-05
5.4734655383147039e+00 5.4470204791267276e-05
5.4750819092809211e+00 5.4373303509501009e-05
5.4766982802471391e+00 5.4276574247413713e-05
5.4783146512133563e+00 5.4180016700304557e-05
5.4799310221795734e+00 5.4083630564011030e-05
5.4815473931457905e+00 5.3987415534908061e-05
5.4831637641120086e+00 5.3891371309907445e-05
5.4847801350782257e+00 5.3795497586456551e-05
5.4863965060444428e+00 5.3699794062537338e-05
5.4880128770106600e+00 5.3604260436665686e-05
5.4896292479768780e+00 5.3508896407890235e-05
5.4912456189430952e+00 5.3413701675791477e-05
5.4928619899093123e+00 5.3318675940481085e-05
5.4944783608755303e+00 5.3223818902600375e-05
5.4960947318417475e+00 5.3129130263320075e-05
5.4977111028079646e+00 5.3034609724338883e-05
5.4993274737741817e+00 5.2940256987882849e-05
5.5009438447403998e+00 5.2846071756704035e-05
5.5025602157066169e+00 5.2752053734080329e-05
5.5041765866728340e+00 5.2658202623813618e-05
5.5057929576390512e+00 5.2564518130229490e-05
5.5074093286052692e+00 5.2470999958176074e-05
5.5090256995714864e+00 5.2377647813023267e-05
5.5106420705377035e+00 5.2284461400661591e-05
5.5122584415039215e+00 5.2191440427501431e-05
5.5138748124701387e+00 5.2098584600472043e-05
5.5154911834363558e+00 5.2005893627020819e-05
5.5171075544025729e+00 5.1913367215112141e-05
5.5187239253687910e+00 5.1821005073226342e-05
5.5203402963350081e+00 5.1728806910359551e-05
5.5219566673012253e+00 5.1636772436021699e-05
5.5235730382674424e+00 5.1544901360236483e-05
5.5251894092336604e+00 5.1453193393539969e-05
5.5268057801998776e+00 5.1361648246980073e-05
5.5284221511660947e+00 5.1270265632115129e-05
5.5300385221323118e+00 5.1179045261013666e-05
5.5316548930985299e+00 5.1087986846252753e-05
5.5332712640647470e+00 5.0997090100917890e-05
5.5348876350309641e+00 5.0906354738601432e-05
5.5365040059971822e+00 5.0815780473402100e-05
5.5381203769633993e+00 5.0725367019923892e-05
5.5397367479296165e+00 5.0635114093275469e-05
5.5413531188958336e+00 5.0545021409068750e-05
5.5429694898620516e+00 5.0455088683418516e-05
5.5445858608282688e+00 5.0365315632941431e-05
5.5462022317944859e+00 5.0275701974754965e-05
5.5478186027607030e+00 5.0186247426476480e-05
5.5494349737269211e+00 5.0096951706222777e-05
5.5510513446931382e+00 5.0007814532608724e-05
5.5526677156593554e+00 4.9918835624746622e-05
5.5542840866255734e+00 4.9830014702245256e-05
5.5559004575917905e+00 4.9741351485209221e-05
5.5575168285580077e+00 4.9652845694237538e-05
5.5591331995242248e+00 4.9564497050423507e-05
5.5607495704904428e+00 4.9476305275353050e-05
5.5623659414566600e+00 4.9388270091104601e-05
5.5639823124228771e+00 4.9300391220247637e-05
5.5655986833890942e+00 4.9212668385842200e-05
5.5672150543553123e+00 4.9125101311437580e-05
5.5688314253215294e+00 4.9037689721072266e-05
5.5704477962877466e+00 4.8950433339272137e-05
5.5720641672539637e+00 4.8863331891050175e-05
5.5736805382201817e+00 4.8776385101905451e-05
5.5752969091863989e+00 4.8689592697822442e-05
5.5769132801526160e+00 4.8602954405269679e-05
5.5785296511188340e+00 4.8516469951199572e-05
5.5801460220850512e+00 4.8430139063047050e-05
5.5817623930512683e+00 4.8343961468728887e-05
5.5833787640174855e+00 4.8257936896642823e-05
5.5849951349837035e+00 4.8172065075666805e-05
5.5866115059499206e+00 4.8086345735157944e-05
5.5882278769161378e+00 4.8000778604952018e-05
5.5898442478823549e+00 4.7915363415362146e-05
5.5914606188485729e+00 4.7830099897178286e-05
5.5930769898147901e+00 4.7744987781666462e-05
5.5946933607810072e+00 4.7660026800567632e-05
5.5963097317472252e+00 4.7575216686096865e-05
5.5979261027134424e+00 4.7490557170943017e-05
5.5995424736796595e+00 4.7406047988267128e-05
5.6011588446458767e+00 4.7321688871702150e-05
5.6027752156120947e+00 4.7237479555351872e-05
5.6043915865783118e+00 4.7153419773790266e-05
5.6060079575445290e+00 4.7069509262060439e-05
5.6076243285107461e+00 4.6985747755673927e-05
5.6092406994769641e+00 4.6902134990609883e-05
5.6108570704431813e+00 4.6818670703314168e-05
5.6124734414093984e+00 4.6735354630698748e-05
5.6140898123756164e+00 4.6652186510140374e-05
5.6157061833418336e+00 4.6569166079480552e-05
5.6173225543080507e+00 4.6486293077023847e-05
5.6189389252742679e+00 4.6403567241537740e-05
5.6205552962404859e+00 4.6320988312251330e-05
5.6221716672067030e+00 4.6238556028855120e-05
5.6237880381729202e+00 4.6156270131499461e-05
5.6254044091391373e+00 4.6074130360794255e-05
5.6270207801053553e+00 4.5992136457807974e-05
5.6286371510715725e+00 4.5910288164066975e-05
5.6302535220377896e+00 4.5828585221554480e-05
5.6318698930040068e+00 4.5747027372709962e-05
5.6334862639702248e+00 4.5665614360428054e-05
5.6351026349364419e+00 4.5584345928058350e-05
5.6367190059026591e+00 4.5503221819403843e-05
5.6383353768688771e+00 4.5422241778720586e-05
5.6399517478350942e+00 4.5341405550716956e-05
5.6415681188013114e+00 4.5260712880552539e-05
5.6431844897675285e+00 4.5180163513837417e-05
5.6448008607337465e+00 4.5099757196631672e-05
5.6464172316999637e+00 4.5019493675444210e-05
5.6480336026661808e+00 4.4939372697232157e-05
5.6496499736323980e+00 4.4859394009400070e-05
5.6512663445986160e+00 4.4779557359799074e-05
5.6528827155648331e+00 4.4699862496726112e-05
5.6544990865310503e+00 4.4620309168923294e-05
5.6561154574972683e+00 4.4540897125576711e-05
5.6577318284634854e+00 4.4461626116316224e-05
5.6593481994297026e+00 4.4382495891214156e-05
5.6609645703959197e+00 4.4303506200784901e-05
5.6625809413621377e+00 4.4224656795983705e-05
5.6641973123283549e+00 4.4145947428206612e-05
5.6658136832945720e+00 4.4067377849288780e-05
5.6674300542607892e+00 4.3988947811504398e-05
5.6690464252270072e+00 4.3910657067565584e-05
5.6706627961932243e+00 4.3832505370621886e-05
5.6722791671594415e+00 4.3754492474259020e-05
5.6738955381256586e+00 4.3676618132498718e-05
5.6755119090918766e+00 4.3598882099797372e-05
5.6771282800580938e+00 4.3521284131045771e-05
5.6787446510243109e+00 4.3443823981568005e-05
5.6803610219905289e+00 4.3366501407120797e-05
5.6819773929567461e+00 4.3289316163892726e-05
5.6835937639229632e+00 4.3212268008503634e-05
5.6852101348891804e+00 4.3135356698003490e-05
5.6868265058553984e+00 4.3058581989871972e-05
5.6884428768216155e+00 4.2981943642017682e-05
5.6900592477878327e+00 4.2905441412777203e-05
5.6916756187540498e+00 4.2829075060914338e-05
5.6932919897202678e+00 4.2752844345619694e-05
5.6949083606864850e+00 4.2676749026509534e-05
5.6965247316527021e+00 4.2600788863625219e-05
5.6981411026189202e+00 4.2524963617432479e-05
5.6997574735851373e+00 4.2449273048820566e-05
5.7013738445513544e+00 4.2373716919101561e-05
5.7029902155175716e+00 4.2298294990009613e-05
5.7046065864837896e+00 4.2223007023700203e-05
5.7062229574500067e+00 4.2147852782749393e-05
5.7078393284162239e+00 4.2072832030153189e-05
5.7094556993824410e+00 4.1997944529326522e-05
5.7110720703486590e+00 4.1923190044102767e-05
5.7126884413148762e+00 4.1848568338733033e-05
5.7143048122810933e+00 4.1774079177885219e-05
5.7159211832473105e+00 4.1699722326643291e-05
5.7175375542135285e+00 4.1625497550506812e-05
5.7191539251797456e+00 4.1551404615389962e-05
5.7207702961459628e+00 4.1477443287620813e-05
5.7223866671121808e+00 4.1403613333940727e-05
5.7240030380783979e+00 4.1329914521503648e-05
5.7256194090446151e+00 4.1256346617875047e-05
5.7272357800108322e+00 4.1182909391031716e-05
5.7288521509770503e+00 4.1109602609360472e-05
5.7304685219432674e+00 4.1036426041658100e-05
5.7320848929094845e+00 4.0963379457129896e-05
5.7337012638757017e+00 4.0890462625389518e-05
5.7353176348419197e+00 4.0817675316457830e-05
5.7369340058081368e+00 4.0745017300762796e-05
5.7385503767743540e+00 4.0672488349137942e-05
5.7401667477405720e+00 4.0600088232822393e-05
5.7417831187067891e+00 4.0527816723459655e-05
5.7433994896730063e+00 4.0455673593097138e-05
5.7450158606392234e+00 4.0383658614185382e-05
5.7466322316054415e+00 4.0311771559577365e-05
5.7482486025716586e+00 4.0240012202527706e-05
5.7498649735378757e+00 4.0168380316692214e-05
5.7514813445040929e+00 4.0096875676126741e-05
5.7530977154703109e+00 4.0025498055286877e-05
5.7547140864365280e+00 3.9954247229027144e-05
5.7563304574027452e+00 3.9883122972600165e-05
5.7579468283689623e+00 3.9812125061655961e-05
5.7595631993351804e+00 3.9741253272241529e-05
5.7611795703013975e+00 3.9670507380799814e-05
5.7627959412676146e+00 3.9599887164169139e-05
5.7644123122338327e+00 3.9529392399582547e-05
5.7660286832000498e+00 3.9459022864667126e-05
5.7676450541662669e+00 3.9388778337443037e-05
5.7692614251324841e+00 3.9318658596323343e-05
5.7708777960987021e+00 3.9248663420112704e-05
5.7724941670649192e+00 3.9178792588007226e-05
5.7741105380311364e+00 3.9109045879593440e-05
5.7757269089973535e+00 3.9039423074847715e-05
5.7773432799635716e+00 3.8969923954135450e-05
5.7789596509297887e+00 3.8900548298210813e-05
5.7805760218960058e+00 3.8831295888215420e-05
5.7821923928622239e+00 3.8762166505678060e-05
5.7838087638284410e+00 3.8693159932514101e-05
5.7854251347946581e+00 3.8624275951024416e-05
5.7870415057608753e+00 3.8555514343895030e-05
5.7886578767270933e+00 3.8486874894196238e-05
5.7902742476933104e+00 3.8418357385382231e-05
5.7918906186595276e+00 3.8349961601289902e-05
5.7935069896257447e+00 3.8281687326138775e-05
5.7951233605919628e+00 3.8213534344529759e-05
5.7967397315581799e+00 3.8145502441444971e-05
5.7983561025243970e+00 3.8077591402246729e-05
5.7999724734906151e+00 3.8009801012676993e-05
5.8015888444568322e+00 3.7942131058856689e-05
5.8032052154230493e+00 3.7874581327285148e-05
5.8048215863892665e+00 3.7807151604839162e-05
5.8064379573554845e+00 3.7739841678772569e-05
5.8080543283217017e+00 3.7672651336715588e-05
5.8096706992879188e+00 3.7605580366674020e-05
5.8112870702541359e+00 3.7538628557028514e-05
5.8129034412203540e+00 3.7471795696534236e-05
5.8145198121865711e+00 3.7405081574319895e-05
5.8161361831527882e+00 3.7338485979887213e-05
5.8177525541190054e+00 3.7272008703110232e-05
5.8193689250852234e+00 3.7205649534234694e-05
5.8209852960514405e+00 3.7139408263877327e-05
5.8226016670176577e+00 3.7073284683025331e-05
5.8242180379838757e+00 3.7007278583035438e-05
5.8258344089500929e+00 3.6941389755633628e-05
5.8274507799163100e+00 3.6875617992914189e-05
5.8290671508825271e+00 3.6809963087339201e-05
5.8306835218487452e+00 3.6744424831737720e-05
5.8322998928149623e+00 3.6679003019305589e-05
5.8339162637811794e+00 3.6613697443604114e-05
5.8355326347473966e+00 3.6548507898559984e-05
5.8371490057136146e+00 3.6483434178464289e-05
5.8387653766798318e+00 3.6418476077972152e-05
5.8403817476460489e+00 3.6353633392101798e-05
5.8419981186122669e+00 3.6288905916234114e-05
5.8436144895784841e+00 3.6224293446111903e-05
5.8452308605447012e+00 3.6159795777839400e-05
5.8468472315109183e+00 3.6095412707881358e-05
5.8484636024771364e+00 3.6031144033062659e-05
5.8500799734433535e+00 3.5966989550567668e-05
5.8516963444095706e+00 3.5902949057939438e-05
5.8533127153757878e+00 3.5839022353079098e-05
5.8549290863420058e+00 3.5775209234245471e-05
5.8565454573082230e+00 3.5711509500054144e-05
5.8581618282744401e+00 3.5647922949476935e-05
5.8597781992406572e+00 3.5584449381841360e-05
5.8613945702068753e+00 3.5521088596829865e-05
5.8630109411730924e+00 3.5457840394479270e-05
5.8646273121393095e+00 3.5394704575180243e-05
5.8662436831055276e+00 3.5331680939676367e-05
5.8678600540717447e+00 3.5268769289063910e-05
5.8694764250379619e+00 3.5205969424790923e-05
5.8710927960041790e+00 3.5143281148656756e-05
5.8727091669703970e+00 3.5080704262811219e-05
5.8743255379366142e+00 3.5018238569754462e-05
5.8759419089028313e+00 3.4955883872335707e-05
5.8775582798690484e+00 3.4893639973753095e-05
5.8791746508352665e+00 3.4831506677552988e-05
5.8807910218014836e+00 3.4769483787629185e-05
5.8824073927677007e+00 3.4707571108222466e-05
5.8840237637339188e+00 3.4645768443919904e-05
5.8856401347001359e+00 3.4584075599654385e-05
5.8872565056663531e+00 3.4522492380703707e-05
5.8888728766325702e+00 3.4461018592690397e-05
5.8904892475987882e+00 3.4399654041580600e-05
5.8921056185650054e+00 3.4338398533683982e-05
5.8937219895312225e+00 3.4277251875652738e-05
5.8953383604974396e+00 3.4216213874481187e-05
5.8969547314636577e+00 3.4155284337504971e-05
5.8985711024298748e+00 3.4094463072400896e-05
5.9001874733960920e+00 3.4033749887185704e-05
5.9018038443623091e+00 3.3973144590215955e-05
5.9034202153285271e+00 3.3912646990187218e-05
5.9050365862947443e+00 3.3852256896133618e-05
5.9066529572609614e+00 3.3791974117426942e-05
5.9082693282271794e+00 3.3731798463776460e-05
5.9098856991933966e+00 3.3671729745227980e-05
5.9115020701596137e+00 3.3611767772163426e-05
5.9131184411258308e+00 3.3551912355300180e-05
5.9147348120920489e+00 3.3492163305690548e-05
5.9163511830582660e+00 3.3432520434721083e-05
5.9179675540244832e+00 3.3372983554112170e-05
5.9195839249907003e+00 3.3313552475917138e-05
5.9212002959569183e+00 3.3254227012521923e-05
5.9228166669231355e+00 3.3195006976644492e-05
5.9244330378893526e+00 3.3135892181334095e-05
5.9260494088555706e+00 3.3076882439970630e-05
5.9276657798217878e+00 3.3017977566264488e-05
5.9292821507880049e+00 3.2959177374255373e-05
5.9308985217542221e+00 3.2900481678312152e-05
5.9325148927204401e+00 3.2841890293132110e-05
5.9341312636866572e+00 3.2783403033740463e-05
5.9357476346528744e+00 3.2725019715489552e-05
5.9373640056190915e+00 3.2666740154058637e-05
5.9389803765853095e+00 3.2608564165452836e-05
5.9405967475515267e+00 3.2550491566003178e-05
5.9422131185177438e+00 3.2492522172365351e-05
5.9438294894839609e+00 3.2434655801519644e-05
5.9454458604501790e+00 3.2376892270769982e-05
5.9470622314163961e+00 3.2319231397743869e-05
5.9486786023826133e+00 3.2261673000391169e-05
5.9502949733488313e+00 3.2204216896984103e-05
5.9519113443150484e+00 3.2146862906116326e-05
5.9535277152812656e+00 3.2089610846702509e-05
5.9551440862474827e+00 3.2032460537977749e-05
5.9567604572137007e+00 3.1975411799496993e-05
5.9583768281799179e+00 3.1918464451134434e-05
5.9599931991461350e+00 3.1861618313083133e-05
5.9616095701123522e+00 3.1804873205854109e-05
5.9632259410785702e+00 3.1748228950276105e-05
5.9648423120447873e+00 3.1691685367494933e-05
5.9664586830110045e+00 3.1635242278972815e-05
5.9680750539772225e+00 3.1578899506487865e-05
5.9696914249434396e+00 3.1522656872133700e-05
5.9713077959096568e+00 3.1466514198318635e-05
5.9729241668758739e+00 3.1410471307765187e-05
5.9745405378420919e+00 3.1354528023509714e-05
5.9761569088083091e+00 3.1298684168901631e-05
5.9777732797745262e+00 3.1242939567602957e-05
5.9793896507407434e+00 3.1187294043587721e-05
5.9810060217069614e+00 3.1131747421141502e-05
5.9826223926731785e+00 3.1076299524860730e-05
5.9842387636393957e+00 3.1020950179652364e-05
5.9858551346056137e+00 3.0965699210733006e-05
5.9874715055718308e+00 3.0910546443628736e-05
5.9890878765380480e+00 3.0855491704174286e-05
5.9907042475042651e+00 3.0800534818512627e-05
5.9923206184704831e+00 3.0745675613094269e-05
5.9939369894367003e+00 3.0690913914677090e-05
5.9955533604029174e+00 3.0636249550325285e-05
5.9971697313691346e+00 3.0581682347409225e-05
5.9987861023353526e+00 3.0527212133604669e-05
6.0004024733015697e+00 3.0472838736892502e-05
6.0020188442677869e+00 3.0418561985557783e-05
6.0036352152340040e+00 3.0364381708189690e-05
6.0052515862002220e+00 3.0310297733680513e-05
6.0068679571664392e+00 3.0256309891225534e-05
6.0084843281326563e+00 3.0202418010322204e-05
6.0101006990988743e+00 3.0148621920769729e-05
6.0117170700650915e+00 3.0094921452668488e-05
6.0133334410313086e+00 3.0041316436419652e-05
6.0149498119975258e+00 2.9987806702724351e-05
6.0165661829637438e+00 2.9934392082583429e-05
6.0181825539299609e+00 2.9881072407296844e-05
6.0197989248961781e+00 2.9827847508463058e-05
6.0214152958623952e+00 2.9774717217978489e-05
6.0230316668286132e+00 2.9721681368037206e-05
6.0246480377948304e+00 2.9668739791130148e-05
6.0262644087610475e+00 2.9615892320044718e-05
6.0278807797272655e+00 2.9563138787864242e-05
6.0294971506934827e+00 2.9510479027967548e-05
6.0311135216596998e+00 2.9457912874028129e-05
6.0327298926259170e+00 2.9405440160014116e-05
6.0343462635921350e+00 2.9353060720187211e-05
6.0359626345583521e+00 2.9300774389102651e-05
6.0375790055245693e+00 2.9248581001608368e-05
6.0391953764907864e+00 2.9196480392844641e-05
6.0408117474570044e+00 2.9144472398243357e-05
6.0424281184232216e+00 2.9092556853527989e-05
6.0440444893894387e+00 2.9040733594712422e-05
6.0456608603556559e+00 2.8989002458100926e-05
6.0472772313218739e+00 2.8937363280287448e-05
6.0488936022880910e+00 2.8885815898155202e-05
6.0505099732543082e+00 2.8834360148876025e-05
6.0521263442205262e+00 2.8782995869909967e-05
6.0537427151867433e+00 2.8731722899004715e-05
6.0553590861529605e+00 2.8680541074195248e-05
6.0569754571191776e+00 2.8629450233803026e-05
6.0585918280853956e+00 2.8578450216435760e-05
6.0602081990516128e+00 2.8527540860986853e-05
6.0618245700178299e+00 2.8476722006634777e-05
6.0634409409840471e+00 2.8425993492842667e-05
6.0650573119502651e+00 2.8375355159357787e-05
6.0666736829164822e+00 2.8324806846211112e-05
6.0682900538826994e+00 2.8274348393716593e-05
6.0699064248489174e+00 2.8223979642470993e-05
6.0715227958151345e+00 2.8173700433353116e-05
6.0731391667813517e+00 2.8123510607523414e-05
6.0747555377475688e+00 2.8073410006423490e-05
6.0763719087137869e+00 2.8023398471775588e-05
6.0779882796800040e+00 2.7973475845582089e-05
6.0796046506462211e+00 2.7923641970125107e-05
6.0812210216124383e+00 2.7873896687965774e-05
6.0828373925786563e+00 2.7824239841943984e-05
6.0844537635448734e+00 2.7774671275177817e-05
6.0860701345110906e+00 2.7725190831063035e-05
6.0876865054773077e+00 2.7675798353272470e-05
6.0893028764435257e+00 2.7626493685755853e-05
6.0909192474097429e+00 2.7577276672738987e-05
6.0925356183759600e+00 2.7528147158723475e-05
6.0941519893421781e+00 2.7479104988486088e-05
6.0957683603083952e+00 2.7430150007078495e-05
6.0973847312746123e+00 2.7381282059826421e-05
6.0990011022408295e+00 2.7332500992329604e-05
6.1006174732070475e+00 2.7283806650460874e-05
6.1022338441732646e+00 2.7235198880366056e-05
6.1038502151394818e+00 2.7186677528463207e-05
6.1054665861056989e+00 2.7138242441442292e-05
6.1070829570719170e+00 2.7089893466264536e-05
6.1086993280381341e+00 2.7041630450162295e-05
6.1103156990043512e+00 2.6993453240638120e-05
6.1119320699705693e+00 2.6945361685464572e-05
6.1135484409367864e+00 2.6897355632683740e-05
6.1151648119030035e+00 2.6849434930606649e-05
6.1167811828692207e+00 2.6801599427812769e-05
6.1183975538354387e+00 2.6753848973149752e-05
6.1200139248016558e+00 2.6706183415732717e-05
6.1216302957678730e+00 2.6658602604943895e-05
6.1232466667340901e+00 2.6611106390432163e-05
6.1248630377003082e+00 2.6563694622112501e-05
6.1264794086665253e+00 2.6516367150165591e-05
6.1280957796327424e+00 2.6469123825037412e-05
6.1297121505989596e+00 2.6421964497438513e-05
6.1313285215651776e+00 2.6374889018343827e-05
6.1329448925313947e+00 2.6327897238992126e-05
6.1345612634976119e+00 2.6280989010885469e-05
6.1361776344638299e+00 2.6234164185788717e-05
6.1377940054300471e+00 2.6187422615729364e-05
6.1394103763962642e+00 2.6140764152996621e-05
6.1410267473624813e+00 2.6094188650141313e-05
6.1426431183286994e+00 2.6047695959975227e-05
6.1442594892949165e+00 2.6001285935570831e-05
6.1458758602611336e+00 2.5954958430260496e-05
6.1474922312273508e+00 2.5908713297636445e-05
6.1491086021935688e+00 2.5862550391549930e-05
6.1507249731597859e+00 2.5816469566111053e-05
6.1523413441260031e+00 2.5770470675688134e-05
6.1539577150922211e+00 2.5724553574907197e-05
6.1555740860584383e+00 2.5678718118651875e-05
6.1571904570246554e+00 2.5632964162062480e-05
6.1588068279908725e+00 2.5587291560535891e-05
6.1604231989570906e+00 2.5541700169724860e-05
6.1620395699233077e+00 2.5496189845537922e-05
6.1636559408895248e+00 2.5450760444138454e-05
6.1652723118557420e+00 2.5405411821944647e-05
6.1668886828219600e+00 2.5360143835628759e-05
6.1685050537881772e+00 2.5314956342116909e-05
6.1701214247543943e+00 2.5269849198588444e-05
6.1717377957206114e+00 2.5224822262475611e-05
6.1733541666868295e+00 2.5179875391462911e-05
6.1749705376530466e+00 2.5135008443487072e-05
6.1765869086192637e+00 2.5090221276736086e-05
6.1782032795854818e+00 2.5045513749649103e-05
6.1798196505516989e+00 2.5000885720915954e-05
6.1814360215179160e+00 2.4956337049476578e-05
6.1830523924841332e+00 2.4911867594520626e-05
6.1846687634503512e+00 2.4867477215487156e-05
6.1862851344165684e+00 2.4823165772064007e-05
6.1879015053827855e+00 2.4778933124187432e-05
6.1895178763490026e+00 2.4734779132041708e-05
6.1911342473152207e+00 2.4690703656058618e-05
6.1927506182814378e+00 2.4646706556917043e-05
6.1943669892476549e+00 2.4602787695542614e-05
6.1959833602138730e+00 2.4558946933107045e-05
6.1975997311800901e+00 2.4515184131027999e-05
6.1992161021463073e+00 2.4471499150968412e-05
6.2008324731125244e+00 2.4427891854836197e-05
6.2024488440787424e+00 2.4384362104783653e-05
6.2040652150449596e+00 2.4340909763207355e-05
6.2056815860111767e+00 2.4297534692747318e-05
6.2072979569773938e+00 2.4254236756286839e-05
6.2089143279436119e+00 2.4211015816951958e-05
6.2105306989098290e+00 2.4167871738111151e-05
6.2121470698760461e+00 2.4124804383374648e-05
6.2137634408422642e+00 2.4081813616594347e-05
6.2153798118084813e+00 2.4038899301863093e-05
6.2169961827746985e+00 2.3996061303514394e-05
6.2186125537409156e+00 2.3953299486121984e-05
6.2202289247071336e+00 2.3910613714499366e-05
6.2218452956733508e+00 2.3868003853699406e-05
6.2234616666395679e+00 2.3825469769013985e-05
6.2250780376057850e+00 2.3783011325973375e-05
6.2266944085720031e+00 2.3740628390346010e-05
6.2283107795382202e+00 2.3698320828138046e-05
6.2299271505044373e+00 2.3656088505592854e-05
6.2315435214706545e+00 2.3613931289190576e-05
6.2331598924368725e+00 2.3571849045647897e-05
6.2347762634030897e+00 2.3529841641917446e-05
6.2363926343693068e+00 2.3487908945187411e-05
6.2380090053355248e+00 2.3446050822881164e-05
6.2396253763017420e+00 2.3404267142656884e-05
6.2412417472679591e+00 2.3362557772407028e-05
6.2428581182341762e+00 2.3320922580257985e-05
6.2444744892003943e+00 2.3279361434569677e-05
6.2460908601666114e+00 2.3237874203935083e-05
6.2477072311328286e+00 2.3196460757179975e-05
6.2493236020990457e+00 2.3155120963362253e-05
6.2509399730652637e+00 2.3113854691771750e-05
6.2525563440314809e+00 2.3072661811929812e-05
6.2541727149976980e+00 2.3031542193588780e-05
6.2557890859639160e+00 2.2990495706731534e-05
6.2574054569301332e+00 2.2949522221571426e-05
6.2590218278963503e+00 2.2908621608551407e-05
6.2606381988625674e+00 2.2867793738343938e-05
6.2622545698287855e+00 2.2827038481850482e-05
6.2638709407950026e+00 2.2786355710201144e-05
6.2654873117612198e+00 2.2745745294754185e-05
6.2671036827274369e+00 2.2705207107095718e-05
6.2687200536936549e+00 2.2664741019039124e-05
6.2703364246598721e+00 2.2624346902625016e-05
6.2719527956260892e+00 2.2584024630120384e-05
6.2735691665923063e+00 2.2543774074018511e-05
6.2751855375585244e+00 2.2503595107038448e-05
6.2768019085247415e+00 2.2463487602124714e-05
6.2784182794909587e+00 2.2423451432446697e-05
6.2800346504571767e+00 2.2383486471398516e-05
6.2816510214233938e+00 2.2343592592598418e-05
6.2832673923896110e+00 2.2303769669888485e-05
6.2848837633558281e+00 2.2264017577334193e-05
6.2865001343220461e+00 2.2224336189224062e-05
6.2881165052882633e+00 2.2184725380069202e-05
6.2897328762544804e+00 2.2145185024603029e-05
6.2913492472206975e+00 2.2105714997780684e-05
6.2929656181869156e+00 2.2066315174778822e-05
6.2945819891531327e+00 2.2026985430995182e-05
6.2961983601193499e+00 2.1987725642048123e-05
6.2978147310855679e+00 2.1948535683776204e-05
6.2994311020517850e+00 2.1909415432238089e-05
6.3010474730180022e+00 2.1870364763711697e-05
6.3026638439842193e+00 2.1831383554694192e-05
6.3042802149504373e+00 2.1792471681901410e-05
6.3058965859166545e+00 2.1753629022267599e-05
6.3075129568828716e+00 2.1714855452944802e-05
6.3091293278490888e+00 2.1676150851302828e-05
6.3107456988153068e+00 2.1637515094928451e-05
6.3123620697815239e+00 2.1598948061625420e-05
6.3139784407477411e+00 2.1560449629413813e-05
6.3155948117139582e+00 2.1522019676529769e-05
6.3172111826801762e+00 2.1483658081424973e-05
6.3188275536463934e+00 2.1445364722766591e-05
6.3204439246126105e+00 2.1407139479436468e-05
6.3220602955788285e+00 2.1368982230531027e-05
6.3236766665450457e+00 2.1330892855360888e-05
6.3252930375112628e+00 2.1292871233450356e-05
6.3269094084774800e+00 2.1254917244537055e-05
6.3285257794436980e+00 2.1217030768571729e-05
6.3301421504099151e+00 2.1179211685717666e-05
6.3317585213761323e+00 2.1141459876350382e-05
6.3333748923423494e+00 2.1103775221057345e-05
6.3349912633085674e+00 2.1066157600637393e-05
6.3366076342747846e+00 2.1028606896100611e-05
6.3382240052410017e+00 2.0991122988667749e-05
6.3398403762072197e+00 2.0953705759769962e-05
6.3414567471734369e+00 2.0916355091048377e-05
6.3430731181396540e+00 2.0879070864353845e-05
6.3446894891058712e+00 2.0841852961746345e-05
6.3463058600720892e+00 2.0804701265494820e-05
6.3479222310383063e+00 2.0767615658076772e-05
6.3495386020045235e+00 2.0730596022177810e-05
6.3511549729707406e+00 2.0693642240691279e-05
6.3527713439369586e+00 2.0656754196718058e-05
6.3543877149031758e+00 2.0619931773565999e-05
6.3560040858693929e+00 2.0583174854749660e-05
6.3576204568356101e+00 2.0546483323989927e-05
6.3592368278018281e+00 2.0509857065213636e-05
6.3608531987680452e+00 2.0473295962553194e-05
6.3624695697342624e+00 2.0436799900346317e-05
6.3640859407004804e+00 2.0400368763135443e-05
6.3657023116666975e+00 2.0364002435667716e-05
6.3673186826329147e+00 2.0327700802894232e-05
6.3689350535991318e+00 2.0291463749969981e-05
6.3705514245653498e+00 2.0255291162253279e-05
6.3721677955315670e+00 2.0219182925305671e-05
6.3737841664977841e+00 2.0183138924891217e-05
6.3754005374640013e+00 2.0147159046976478e-05
6.3770169084302193e+00 2.0111243177729863e-05
6.3786332793964364e+00 2.0075391203521549e-05
6.3802496503626536e+00 2.0039603010922888e-05
6.3818660213288716e+00 2.0003878486706192e-05
6.3834823922950887e+00 1.9968217517844319e-05
6.3850987632613059e+00 1.9932619991510393e-05
6.3867151342275230e+00 1.9897085795077307e-05
6.3883315051937410e+00 1.9861614816117486e-05
6.3899478761599582e+00 1.9826206942402565e-05
6.3915642471261753e+00 1.9790862061902926e-05
6.3931806180923925e+00 1.9755580062787350e-05
6.3947969890586105e+00 1.9720360833422821e-05
6.3964133600248276e+00 1.9685204262373985e-05
6.3980297309910448e+00 1.9650110238402923e-05
6.3996461019572619e+00 1.9615078650468761e-05
6.4012624729234799e+00 1.9580109387727299e-05
6.4028788438896971e+00 1.9545202339530696e-05
6.4044952148559142e+00 1.9510357395427189e-05
6.4061115858221322e+00 1.9475574445160526e-05
6.4077279567883494e+00 1.9440853378669905e-05
6.4093443277545665e+00 1.9406194086089438e-05
6.4109606987207837e+00 1.9371596457747855e-05
6.4125770696870017e+00 1.9337060384168102e-05
6.4141934406532188e+00 1.9302585756067246e-05
6.4158098116194360e+00 1.9268172464355747e-05
6.4174261825856531e+00 1.9233820400137412e-05
6.4190425535518711e+00 1.9199529454708917e-05
6.4206589245180883e+00 1.9165299519559586e-05
6.4222752954843054e+00 1.9131130486370875e-05
6.4238916664505235e+00 1.9097022247016153e-05
6.4255080374167406e+00 1.9062974693560402e-05
6.4271244083829577e+00 1.9028987718259699e-05
6.4287407793491749e+00 1.8995061213561120e-05
6.4303571503153929e+00 1.8961195072102145e-05
6.4319735212816100e+00 1.8927389186710566e-05
6.4335898922478272e+00 1.8893643450403972e-05
6.4352062632140443e+00 1.8859957756389520e-05
6.4368226341802623e+00 1.8826331998063453e-05
6.4384390051464795e+00 1.8792766069011052e-05
6.4400553761126966e+00 1.8759259863005966e-05
6.4416717470789147e+00 1.8725813274010075e-05
6.4432881180451318e+00 1.8692426196173161e-05
6.4449044890113489e+00 1.8659098523832503e-05
6.4465208599775661e+00 1.8625830151512516e-05
6.4481372309437841e+00 1.8592620973924568e-05
6.4497536019100012e+00 1.8559470885966524e-05
6.4513699728762184e+00 1.8526379782722433e-05
6.4529863438424355e+00 1.8493347559462236e-05
6.4546027148086536e+00 1.8460374111641412e-05
6.4562190857748707e+00 1.8427459334900650e-05
6.4578354567410878e+00 1.8394603125065580e-05
6.4594518277073050e+00 1.8361805378146310e-05
6.4610681986735230e+00 1.8329065990337222e-05
6.4626845696397401e+00 1.8296384858016650e-05
6.4643009406059573e+00 1.8263761877746470e-05
6.4659173115721753e+00 1.8231196946271766e-05
6.4675336825383924e+00 1.8198689960520728e-05
6.4691500535046096e+00 1.8166240817603965e-05
6.4707664244708267e+00 1.8133849414814497e-05
6.4723827954370448e+00 1.8101515649627250e-05
6.4739991664032619e+00 1.8069239419698865e-05
6.4756155373694790e+00 1.8037020622867252e-05
6.4772319083356962e+00 1.8004859157151363e-05
6.4788482793019142e+00 1.7972754920750742e-05
6.4804646502681313e+00 1.7940707812045477e-05
6.4820810212343485e+00 1.7908717729595539e-05
6.4836973922005665e+00 1.7876784572140684e-05
6.4853137631667837e+00 1.7844908238600109e-05
6.4869301341330008e+00 1.7813088628072092e-05
6.4885465050992179e+00 1.7781325639833625e-05
6.4901628760654360e+00 1.7749619173340247e-05
6.4917792470316531e+00 1.7717969128225607e-05
6.4933956179978702e+00 1.7686375404301181e-05
6.4950119889640874e+00 1.7654837901555970e-05
6.4966283599303054e+00 1.7623356520156171e-05
6.4982447308965225e+00 1.7591931160444854e-05
6.4998611018627397e+00 1.7560561722941739e-05
6.5014774728289568e+00 1.7529248108342710e-05
6.5030938437951749e+00 1.7497990217519647e-05
6.5047102147613920e+00 1.7466787951520111e-05
6.5063265857276091e+00 1.7435641211566955e-05
6.5079429566938272e+00 1.7404549899057999e-05
6.5095593276600443e+00 1.7373513915565930e-05
6.5111756986262614e+00 1.7342533162837675e-05
6.5127920695924786e+00 1.7311607542794333e-05
6.5144084405586966e+00 1.7280736957530795e-05
6.5160248115249138e+00 1.7249921309315415e-05
6.5176411824911309e+00 1.7219160500589716e-05
6.5192575534573480e+00 1.7188454433968095e-05
6.5208739244235661e+00 1.7157803012237514e-05
6.5224902953897832e+00 1.7127206138357164e-05
6.5241066663560003e+00 1.7096663715458262e-05
6.5257230373222184e+00 1.7066175646843555e-05
6.5273394082884355e+00 1.7035741835987254e-05
6.5289557792546526e+00 1.7005362186534535e-05
6.5305721502208698e+00 1.6975036602301352e-05
6.5321885211870878e+00 1.6944764987274030e-05
6.5338048921533050e+00 1.6914547245609154e-05
6.5354212631195221e+00 1.6884383281633021e-05
6.5370376340857392e+00 1.6854272999841522e-05
6.5386540050519573e+00 1.6824216304899753e-05
6.5402703760181744e+00 1.6794213101641821e-05
6.5418867469843915e+00 1.6764263295070348e-05
6.5435031179506087e+00 1.6734366790356418e-05
6.5451194889168267e+00 1.6704523492839041e-05
6.5467358598830439e+00 1.6674733308025078e-05
6.5483522308492610e+00 1.6644996141588767e-05
6.5499686018154790e+00 1.6615311899371530e-05
6.5515849727816962e+00 1.6585680487381607e-05
6.5532013437479133e+00 1.6556101811793881e-05
6.5548177147141304e+00 1.6526575778949398e-05
6.5564340856803485e+00 1.6497102295355229e-05
6.5580504566465656e+00 1.6467681267684139e-05
6.5596668276127827e+00 1.6438312602774277e-05
6.5612831985789999e+00 1.6408996207628813e-05
6.5628995695452179e+00 1.6379731989415825e-05
6.5645159405114351e+00 1.6350519855467838e-05
6.5661323114776522e+00 1.6321359713281600e-05
6.5677486824438702e+00 1.6292251470517792e-05
6.5693650534100874e+00 1.6263195035000787e-05
6.5709814243763045e+00 1.6234190314718192e-05
6.5725977953425216e+00 1.6205237217820817e-05
6.5742141663087397e+00 1.6176335652622090e-05
6.5758305372749568e+00 1.6147485527598093e-05
6.5774469082411740e+00 1.6118686751386966e-05
6.5790632792073911e+00 1.6089939232788842e-05
6.5806796501736091e+00 1.6061242880765387e-05
6.5822960211398263e+00 1.6032597604439758e-05
6.5839123921060434e+00 1.6004003313096018e-05
6.5855287630722605e+00 1.5975459916179073e-05
6.5871451340384786e+00 1.5946967323294276e-05
6.5887615050046957e+00 1.5918525444207241e-05
6.5903778759709128e+00 1.5890134188843439e-05
6.5919942469371309e+00 1.5861793467287998e-05
6.5936106179033480e+00 1.5833503189785387e-05
6.5952269888695652e+00 1.5805263266739194e-05
6.5968433598357823e+00 1.5777073608711721e-05
6.5984597308020003e+00 1.5748934126423808e-05
6.6000761017682175e+00 1.5720844730754569e-05
6.6016924727344346e+00 1.5692805332741007e-05
6.6033088437006517e+00 1.5664815843577822e-05
6.6049252146668698e+00 1.5636876174617082e-05
6.6065415856330869e+00 1.5608986237368025e-05
6.6081579565993041e+00 1.5581145943496626e-05
6.6097743275655221e+00 1.5553355204825509e-05
6.6113906985317392e+00 1.5525613933333541e-05
6.6130070694979564e+00 1.5497922041155579e-05
6.6146234404641735e+00 1.5470279440582225e-05
6.6162398114303915e+00 1.5442686044059539e-05
6.6178561823966087e+00 1.5415141764188727e-05
6.6194725533628258e+00 1.5387646513725971e-05
6.6210889243290429e+00 1.5360200205581983e-05
6.6227052952952610e+00 1.5332802752821883e-05
6.6243216662614781e+00 1.5305454068664897e-05
6.6259380372276953e+00 1.5278154066484043e-05
6.6275544081939133e+00 1.5250902659805800e-05
6.6291707791601304e+00 1.5223699762310083e-05
6.6307871501263476e+00 1.5196545287829633e-05
6.6324035210925647e+00 1.5169439150350013e-05
6.6340198920587827e+00 1.5142381264009189e-05
6.6356362630249999e+00 1.5115371543097387e-05
6.6372526339912170e+00 1.5088409902056640e-05
6.6388690049574342e+00 1.5061496255480746e-05
6.6404853759236522e+00 1.5034630518114774e-05
6.6421017468898693e+00 1.5007812604854994e-05
6.6437181178560865e+00 1.4981042430748471e-05
6.6453344888223036e+00 1.4954319910992870e-05
6.6469508597885216e+00 1.4927644960936108e-05
6.6485672307547388e+00 1.4901017496076274e-05
6.6501836017209559e+00 1.4874437432061107e-05
6.6517999726871739e+00 1.4847904684687915e-05
6.6534163436533911e+00 1.4821419169903287e-05
6.6550327146196082e+00 1.4794980803802762e-05
6.6566490855858254e+00 1.4768589502630572e-05
6.6582654565520434e+00 1.4742245182779492e-05
6.6598818275182605e+00 1.4715947760790427e-05
6.6614981984844777e+00 1.4689697153352252e-05
6.6631145694506948e+00 1.4663493277301498e-05
6.6647309404169128e+00 1.4637336049622115e-05
6.6663473113831300e+00 1.4611225387445194e-05
6.6679636823493471e+00 1.4585161208048777e-05
6.6695800533155651e+00 1.4559143428857433e-05
6.6711964242817823e+00 1.4533171967442200e-05
6.6728127952479994e+00 1.4507246741520184e-05
6.6744291662142166e+00 1.4481367668954370e-05
6.6760455371804346e+00 1.4455534667753269e-05
6.6776619081466517e+00 1.4429747656070874e-05
6.6792782791128689e+00 1.4404006552206123e-05
6.6808946500790860e+00 1.4378311274602846e-05
6.6825110210453040e+00 1.4352661741849416e-05
6.6841273920115212e+00 1.4327057872678584e-05
6.6857437629777383e+00 1.4301499585967051e-05
6.6873601339439555e+00 1.4275986800735445e-05
6.6889765049101735e+00 1.4250519436147812e-05
6.6905928758763906e+00 1.4225097411511654e-05
6.6922092468426078e+00 1.4199720646277365e-05
6.6938256178088258e+00 1.4174389060038203e-05
6.6954419887750429e+00 1.4149102572529971e-05
6.6970583597412601e+00 1.4123861103630731e-05
6.6986747307074772e+00 1.4098664573360586e-05
6.7002911016736952e+00 1.4073512901881405e-05
6.7019074726399124e+00 1.4048406009496651e-05
6.7035238436061295e+00 1.4023343816650969e-05
6.7051402145723467e+00 1.3998326243930143e-05
6.7067565855385647e+00 1.3973353212060630e-05
6.7083729565047818e+00 1.3948424641909517e-05
6.7099893274709990e+00 1.3923540454484124e-05
6.7116056984372170e+00 1.3898700570931817e-05
6.7132220694034341e+00 1.3873904912539731e-05
6.7148384403696513e+00 1.3849153400734607e-05
6.7164548113358684e+00 1.3824445957082399e-05
6.7180711823020864e+00 1.3799782503288140e-05
6.7196875532683036e+00 1.3775162961195705e-05
6.7213039242345207e+00 1.3750587252787481e-05
6.7229202952007379e+00 1.3726055300184149e-05
6.7245366661669559e+00 1.3701567025644518e-05
6.7261530371331730e+00 1.3677122351565174e-05
6.7277694080993902e+00 1.3652721200480298e-05
6.7293857790656073e+00 1.3628363495061401e-05
6.7310021500318253e+00 1.3604049158117088e-05
6.7326185209980425e+00 1.3579778112592805e-05
6.7342348919642596e+00 1.3555550281570658e-05
6.7358512629304776e+00 1.3531365588269015e-05
6.7374676338966948e+00 1.3507223956042479e-05
6.7390840048629119e+00 1.3483125308381475e-05
6.7407003758291291e+00 1.3459069568912101e-05
6.7423167467953471e+00 1.3435056661395793e-05
6.7439331177615642e+00 1.3411086509729280e-05
6.7455494887277814e+00 1.3387159037944090e-05
6.7471658596939985e+00 1.3363274170206500e-05
6.7487822306602165e+00 1.3339431830817209e-05
6.7503986016264337e+00 1.3315631944211186e-05
6.7520149725926508e+00 1.3291874434957271e-05
6.7536313435588688e+00 1.3268159227758136e-05
6.7552477145250860e+00 1.3244486247449905e-05
6.7568640854913031e+00 1.3220855419001969e-05
6.7584804564575203e+00 1.3197266667516764e-05
6.7600968274237383e+00 1.3173719918229494e-05
6.7617131983899554e+00 1.3150215096507933e-05
6.7633295693561726e+00 1.3126752127852207e-05
6.7649459403223897e+00 1.3103330937894472e-05
6.7665623112886077e+00 1.3079951452398767e-05
6.7681786822548249e+00 1.3056613597260783e-05
6.7697950532210420e+00 1.3033317298507569e-05
6.7714114241872592e+00 1.3010062482297305e-05
6.7730277951534772e+00 1.2986849074919156e-05
6.7746441661196943e+00 1.2963677002792942e-05
6.7762605370859115e+00 1.2940546192468952e-05
6.7778769080521295e+00 1.2917456570627691e-05
6.7794932790183466e+00 1.2894408064079730e-05
6.7811096499845638e+00 1.2871400599765299e-05
6.7827260209507809e+00 1.2848434104754286e-05
6.7843423919169989e+00 1.2825508506245787e-05
6.7859587628832161e+00 1.2802623731568073e-05
6.7875751338494332e+00 1.2779779708178209e-05
6.7891915048156504e+00 1.2756976363661910e-05
6.7908078757818684e+00 1.2734213625733272e-05
6.7924242467480855e+00 1.2711491422234600e-05
6.7940406177143027e+00 1.2688809681136124e-05
6.7956569886805207e+00 1.2666168330535748e-05
6.7972733596467378e+00 1.2643567298658976e-05
6.7988897306129550e+00 1.2621006513858460e-05
6.8005061015791721e+00 1.2598485904613998e-05
6.8021224725453902e+00 1.2576005399532104e-05
6.8037388435116073e+00 1.2553564927345980e-05
6.8053552144778244e+00 1.2531164416915149e-05
6.8069715854440416e+00 1.2508803797225292e-05
6.8085879564102596e+00 1.2486482997387964e-05
6.8102043273764767e+00 1.2464201946640530e-05
6.8118206983426939e+00 1.2441960574345721e-05
6.8134370693089119e+00 1.2419758809991569e-05
6.8150534402751290e+00 1.2397596583191163e-05
6.8166698112413462e+00 1.2375473823682380e-05
6.8182861822075633e+00 1.2353390461327650e-05
6.8199025531737814e+00 1.2331346426113857e-05
6.8215189241399985e+00 1.2309341648151974e-05
6.8231352951062156e+00 1.2287376057676926e-05
6.8247516660724328e+00 1.2265449585047351e-05
6.8263680370386508e+00 1.2243562160745380e-05
6.8279844080048679e+00 1.2221713715376400e-05
6.8296007789710851e+00 1.2199904179668904e-05
6.8312171499373022e+00 1.2178133484474165e-05
6.8328335209035203e+00 1.2156401560766105e-05
6.8344498918697374e+00 1.2134708339641070e-05
6.8360662628359545e+00 1.2113053752317571e-05
6.8376826338021726e+00 1.2091437730136058e-05
6.8392990047683897e+00 1.2069860204558833e-05
6.8409153757346068e+00 1.2048321107169645e-05
6.8425317467008240e+00 1.2026820369673604e-05
6.8441481176670420e+00 1.2005357923896929e-05
6.8457644886332591e+00 1.1983933701786761e-05
6.8473808595994763e+00 1.1962547635410866e-05
6.8489972305656934e+00 1.1941199656957552e-05
6.8506136015319115e+00 1.1919889698735301e-05
6.8522299724981286e+00 1.1898617693172717e-05
6.8538463434643457e+00 1.1877383572818187e-05
6.8554627144305638e+00 1.1856187270339731e-05
6.8570790853967809e+00 1.1835028718524762e-05
6.8586954563629980e+00 1.1813907850279938e-05
6.8603118273292152e+00 1.1792824598630836e-05
6.8619281982954332e+00 1.1771778896721832e-05
6.8635445692616504e+00 1.1750770677815899e-05
6.8651609402278675e+00 1.1729799875294335e-05
6.8667773111940846e+00 1.1708866422656555e-05
6.8683936821603027e+00 1.1687970253519968e-05
6.8700100531265198e+00 1.1667111301619683e-05
6.8716264240927369e+00 1.1646289500808322e-05
6.8732427950589541e+00 1.1625504785055826e-05
6.8748591660251721e+00 1.1604757088449240e-05
6.8764755369913892e+00 1.1584046345192491e-05
6.8780919079576064e+00 1.1563372489606228e-05
6.8797082789238244e+00 1.1542735456127555e-05
6.8813246498900416e+00 1.1522135179309850e-05
6.8829410208562587e+00 1.1501571593822608e-05
6.8845573918224758e+00 1.1481044634451114e-05
6.8861737627886939e+00 1.1460554236096366e-05
6.8877901337549110e+00 1.1440100333774821e-05
6.8894065047211281e+00 1.1419682862618173e-05
6.8910228756873453e+00 1.1399301757873137e-05
6.8926392466535633e+00 1.1378956954901326e-05
6.8942556176197805e+00 1.1358648389178960e-05
6.8958719885859976e+00 1.1338375996296705e-05
6.8974883595522156e+00 1.1318139711959448e-05
6.8991047305184328e+00 1.1297939471986148e-05
6.9007211014846499e+00 1.1277775212309556e-05
6.9023374724508670e+00 1.1257646868976084e-05
6.9039538434170851e+00 1.1237554378145508e-05
6.9055702143833022e+00 1.1217497676090954e-05
6.9071865853495193e+00 1.1197476699198456e-05
6.9088029563157365e+00 1.1177491383966933e-05
6.9104193272819545e+00 1.1157541667007912e-05
6.9120356982481717e+00 1.1137627485045400e-05
6.9136520692143888e+00 1.1117748774915537e-05
6.9152684401806059e+00 1.1097905473566608e-05
6.9168848111468240e+00 1.1078097518058625e-05
6.9185011821130411e+00 1.1058324845563314e-05
6.9201175530792582e+00 1.1038587393363807e-05
6.9217339240454763e+00 1.1018885098854472e-05
6.9233502950116934e+00 1.0999217899540717e-05
6.9249666659779106e+00 1.0979585733038840e-05
6.9265830369441277e+00 1.0959988537075730e-05
6.9281994079103457e+00 1.0940426249488753e-05
6.9298157788765629e+00 1.0920898808225562e-05
6.9314321498427800e+00 1.0901406151343853e-05
6.9330485208089971e+00 1.0881948217011162e-05
6.9346648917752152e+00 1.0862524943504757e-05
6.9362812627414323e+00 1.0843136269211351e-05
6.9378976337076494e+00 1.0823782132626956e-05
6.9395140046738675e+00 1.0804462472356657e-05
6.9411303756400846e+00 1.0785177227114494e-05
6.9427467466063018e+00 1.0765926335723136e-05
6.9443631175725189e+00 1.0746709737113854e-05
6.9459794885387369e+00 1.0727527370326153e-05
6.9475958595049541e+00 1.0708379174507752e-05
6.9492122304711712e+00 1.0689265088914264e-05
6.9508286014373883e+00 1.0670185052909068e-05
6.9524449724036064e+00 1.0651139005963062e-05
6.9540613433698235e+00 1.0632126887654605e-05
6.9556777143360407e+00 1.0613148637669135e-05
6.9572940853022578e+00 1.0594204195799128e-05
6.9589104562684758e+00 1.0575293501943847e-05
6.9605268272346930e+00 1.0556416496109193e-05
6.9621431982009101e+00 1.0537573118407430e-05
6.9637595691671281e+00 1.0518763309057122e-05
6.9653759401333453e+00 1.0499987008382832e-05
6.9669923110995624e+00 1.0481244156814998e-05
6.9686086820657795e+00 1.0462534694889729e-05
6.9702250530319976e+00 1.0443858563248601e-05
6.9718414239982147e+00 1.0425215702638520e-05
6.9734577949644319e+00 1.0406606053911473e-05
6.9750741659306490e+00 1.0388029558024386e-05
6.9766905368968670e+00 1.0369486156038886e-05
6.9783069078630842e+00 1.0350975789121236e-05
6.9799232788293013e+00 1.0332498398541979e-05
6.9815396497955193e+00 1.0314053925675879e-05
6.9831560207617365e+00 1.0295642312001715e-05
6.9847723917279536e+00 1.0277263499102063e-05
6.9863887626941708e+00 1.0258917428663103e-05
6.9880051336603888e+00 1.0240604042474517e-05
6.9896215046266059e+00 1.0222323282429214e-05
6.9912378755928231e+00 1.0204075090523202e-05
6.9928542465590402e+00 1.0185859408855370e-05
6.9944706175252582e+00 1.0167676179627343e-05
6.9960869884914754e+00 1.0149525345143261e-05
6.9977033594576925e+00 1.0131406847809660e-05
6.9993197304239096e+00 1.0113320630135189e-05
7.0009361013901277e+00 1.0095266634730521e-05
7.0025524723563448e+00 1.0077244804308158e-05
7.0041688433225620e+00 1.0059255081682208e-05
7.0057852142887800e+00 1.0041297409768199e-05
7.0074015852549971e+00 1.0023371731583026e-05
7.0090179562212143e+00 1.0005477990244567e-05
7.0106343271874314e+00 9.9876161289717026e-06
7.0122506981536494e+00 9.9697860910839675e-06
7.0138670691198666e+00 9.9519878200015255e-06
7.0154834400860837e+00 9.9342212592448787e-06
7.0170998110523009e+00 9.9164863524347417e-06
7.0187161820185189e+00 9.8987830432918194e-06
7.0203325529847360e+00 9.8811112756367431e-06
7.0219489239509532e+00 9.8634709933897281e-06
7.0235652949171712e+00 9.8458621405705194e-06
7.0251816658833883e+00 9.8282846612981934e-06
7.0267980368496055e+00 9.8107384997909500e-06
7.0284144078158226e+00 9.7932236003659307e-06
7.0300307787820406e+00 9.7757399074391242e-06
7.0316471497482578e+00 9.7582873655250902e-06
7.0332635207144749e+00 9.7408659192368473e-06
7.0348798916806921e+00 9.7234755132856735e-06
7.0364962626469101e+00 9.7061160924809365e-06
7.0381126336131272e+00 9.6887876017299346e-06
7.0397290045793444e+00 9.6714899860377188e-06
7.0413453755455624e+00 9.6542231905068741e-06
7.0429617465117795e+00 9.6369871603374370e-06
7.0445781174779967e+00 9.6197818408266372e-06
7.0461944884442138e+00 9.6026071773687781e-06
7.0478108594104318e+00 9.5854631154550025e-06
7.0494272303766490e+00 9.5683496006732538e-06
7.0510436013428661e+00 9.5512665787079307e-06
7.0526599723090833e+00 9.5342139953398323e-06
7.0542763432753013e+00 9.5171917964459760e-06
7.0558927142415184e+00 9.5001999279993951e-06
7.0575090852077356e+00 9.4832383360689428e-06
7.0591254561739527e+00 9.4663069668192498e-06
7.0607418271401707e+00 9.4494057665103785e-06
7.0623581981063879e+00 9.4325346814977791e-06
7.0639745690726050e+00 9.4156936582321065e-06
7.0655909400388230e+00 9.3988826432589902e-06
7.0672073110050402e+00 9.3821015832189155e-06
7.0688236819712573e+00 9.3653504248470659e-06
7.0704400529374745e+00 9.3486291149731249e-06
7.0720564239036925e+00 9.3319376005210731e-06
7.0736727948699096e+00 9.3152758285091587e-06
7.0752891658361268e+00 9.2986437460495560e-06
7.0769055368023439e+00 9.2820413003483276e-06
7.0785219077685619e+00 9.2654684387051623e-06
7.0801382787347791e+00 9.2489251085133474e-06
7.0817546497009962e+00 9.2324112572594271e-06
7.0833710206672142e+00 9.2159268325231598e-06
7.0849873916334314e+00 9.1994717819773369e-06
7.0866037625996485e+00 9.1830460533875761e-06
7.0882201335658657e+00 9.1666495946121759e-06
7.0898365045320837e+00 9.1502823536019610e-06
7.0914528754983008e+00 9.1339442784001390e-06
7.0930692464645180e+00 9.1176353171420896e-06
7.0946856174307351e+00 9.1013554180552110e-06
7.0963019883969531e+00 9.0851045294587787e-06
7.0979183593631703e+00 9.0688825997638041e-06
7.0995347303293874e+00 9.0526895774728082e-06
7.1011511012956046e+00 9.0365254111796681e-06
7.1027674722618226e+00 9.0203900495695660e-06
7.1043838432280397e+00 9.0042834414186518e-06
7.1060002141942569e+00 8.9882055355940099e-06
7.1076165851604749e+00 8.9721562810534736e-06
7.1092329561266920e+00 8.9561356268454176e-06
7.1108493270929092e+00 8.9401435221086661e-06
7.1124656980591263e+00 8.9241799160722846e-06
7.1140820690253443e+00 8.9082447580553930e-06
7.1156984399915615e+00 8.8923379974671260e-06
7.1173148109577786e+00 8.8764595838063238e-06
7.1189311819239958e+00 8.8606094666614850e-06
7.1205475528902138e+00 8.8447875957105162e-06
7.1221639238564309e+00 8.8289939207207095e-06
7.1237802948226481e+00 8.8132283915484123e-06
7.1253966657888661e+00 8.7974909581389918e-06
7.1270130367550832e+00 8.7817815705266556e-06
7.1286294077213004e+00 8.7661001788342684e-06
7.1302457786875175e+00 8.7504467332731843e-06
7.1318621496537355e+00 8.7348211841431303e-06
7.1334785206199527e+00 8.7192234818320534e-06
7.1350948915861698e+00 8.7036535768159209e-06
7.1367112625523870e+00 8.6881114196585731e-06
7.1383276335186050e+00 8.6725969610115993e-06
7.1399440044848221e+00 8.6571101516141774e-06
7.1415603754510393e+00 8.6416509422928887e-06
7.1431767464172564e+00 8.6262192839615521e-06
7.1447931173834744e+00 8.6108151276211785e-06
7.1464094883496916e+00 8.5954384243596506e-06
7.1480258593159087e+00 8.5800891253516920e-06
7.1496422302821268e+00 8.5647671818586864e-06
7.1512586012483439e+00 8.5494725452284929e-06
7.1528749722145610e+00 8.5342051668953137e-06
7.1544913431807782e+00 8.5189649983795635e-06
7.1561077141469962e+00 8.5037519912876751e-06
7.1577240851132133e+00 8.4885660973119416e-06
7.1593404560794305e+00 8.4734072682304622e-06
7.1609568270456476e+00 8.4582754559068424e-06
7.1625731980118656e+00 8.4431706122901414e-06
7.1641895689780828e+00 8.4280926894147233e-06
7.1658059399442999e+00 8.4130416394000551e-06
7.1674223109105180e+00 8.3980174144505527e-06
7.1690386818767351e+00 8.3830199668555319e-06
7.1706550528429522e+00 8.3680492489889085e-06
7.1722714238091694e+00 8.3531052133091779e-06
7.1738877947753874e+00 8.3381878123591541e-06
7.1755041657416045e+00 8.3232969987659616e-06
7.1771205367078217e+00 8.3084327252407216e-06
7.1787369076740388e+00 8.2935949445785353e-06
7.1803532786402569e+00 8.2787836096582314e-06
7.1819696496064740e+00 8.2639986734423457e-06
7.1835860205726911e+00 8.2492400889768351e-06
7.1852023915389083e+00 8.2345078093910230e-06
7.1868187625051263e+00 8.2198017878973775e-06
7.1884351334713434e+00 8.2051219777914947e-06
7.1900515044375606e+00 8.1904683324517732e-06
7.1916678754037786e+00 8.1758408053393970e-06
7.1932842463699957e+00 8.1612393499981684e-06
7.1949006173362129e+00 8.1466639200543209e-06
7.1965169883024300e+00 8.1321144692163740e-06
7.1981333592686481e+00 8.1175909512750772e-06
7.1997497302348652e+00 8.1030933201031270e-06
7.2013661012010823e+00 8.0886215296551177e-06
7.2029824721672995e+00 8.0741755339673927e-06
7.2045988431335175e+00 8.0597552871578526e-06
7.2062152140997346e+00 8.0453607434258065e-06
7.2078315850659518e+00 8.0309918570519463e-06
7.2094479560321698e+00 8.0166485823980147e-06
7.2110643269983870e+00 8.0023308739068056e-06
7.2126806979646041e+00 7.9880386861019891e-06
7.2142970689308212e+00 7.9737719735879354e-06
7.2159134398970393e+00 7.9595306910495576e-06
7.2175298108632564e+00 7.9453147932522826e-06
7.2191461818294735e+00 7.9311242350417529e-06
7.2207625527956907e+00 7.9169589713437981e-06
7.2223789237619087e+00 7.9028189571642194e-06
7.2239952947281258e+00 7.8887041475887475e-06
7.2256116656943430e+00 7.8746144977827731e-06
7.2272280366605601e+00 7.8605499629912997e-06
7.2288444076267782e+00 7.8465104985387366e-06
7.2304607785929953e+00 7.8324960598288685e-06
7.2320771495592124e+00 7.8185066023445694e-06
7.2336935205254305e+00 7.8045420816477380e-06
7.2353098914916476e+00 7.7906024533792030e-06
7.2369262624578647e+00 7.7766876732584942e-06
7.2385426334240819e+00 7.7627976970837479e-06
7.2401590043902999e+00 7.7489324807315626e-06
7.2417753753565171e+00 7.7350919801568620e-06
7.2433917463227342e+00 7.7212761513927443e-06
7.2450081172889513e+00 7.7074849505503818e-06
7.2466244882551694e+00 7.6937183338188420e-06
7.2482408592213865e+00 7.6799762574649041e-06
7.2498572301876036e+00 7.6662586778330761e-06
7.2514736011538217e+00 7.6525655513452950e-06
7.2530899721200388e+00 7.6388968345008726e-06
7.2547063430862559e+00 7.6252524838763405e-06
7.2563227140524731e+00 7.6116324561253102e-06
7.2579390850186911e+00 7.5980367079783283e-06
7.2595554559849083e+00 7.5844651962428049e-06
7.2611718269511254e+00 7.5709178778027435e-06
7.2627881979173425e+00 7.5573947096187407e-06
7.2644045688835606e+00 7.5438956487277692e-06
7.2660209398497777e+00 7.5304206522431178e-06
7.2676373108159948e+00 7.5169696773541311e-06
7.2692536817822129e+00 7.5035426813261928e-06
7.2708700527484300e+00 7.4901396215005737e-06
7.2724864237146472e+00 7.4767604552942452e-06
7.2741027946808643e+00 7.4634051401997498e-06
7.2757191656470823e+00 7.4500736337851144e-06
7.2773355366132995e+00 7.4367658936937187e-06
7.2789519075795166e+00 7.4234818776441105e-06
7.2805682785457337e+00 7.4102215434298723e-06
7.2821846495119518e+00 7.3969848489195370e-06
7.2838010204781689e+00 7.3837717520564611e-06
7.2854173914443860e+00 7.3705822108586363e-06
7.2870337624106032e+00 7.3574161834185419e-06
7.2886501333768212e+00 7.3442736279031382e-06
7.2902665043430384e+00 7.3311545025535933e-06
7.2918828753092555e+00 7.3180587656852265e-06
7.2934992462754735e+00 7.3049863756873628e-06
7.2951156172416907e+00 7.2919372910231895e-06
7.2967319882079078e+00 7.2789114702296325e-06
7.2983483591741249e+00 7.2659088719172781e-06
7.2999647301403430e+00 7.2529294547701045e-06
7.3015811011065601e+00 7.2399731775454923e-06
7.3031974720727773e+00 7.2270399990740615e-06
7.3048138430389944e+00 7.2141298782594956e-06
7.3064302140052124e+00 7.2012427740784023e-06
7.3080465849714296e+00 7.1883786455802972e-06
7.3096629559376467e+00 7.1755374518873472e-06
7.3112793269038647e+00 7.1627191521943052e-06
7.3128956978700819e+00 7.1499237057683705e-06
7.3145120688362990e+00 7.1371510719490590e-06
7.3161284398025161e+00 7.1244012101480722e-06
7.3177448107687342e+00 7.1116740798491790e-06
7.3193611817349513e+00 7.0989696406080749e-06
7.3209775527011685e+00 7.0862878520522634e-06
7.3225939236673856e+00 7.0736286738809258e-06
7.3242102946336036e+00 7.0609920658647996e-06
7.3258266655998208e+00 7.0483779878460419e-06
7.3274430365660379e+00 7.0357863997381078e-06
7.3290594075322550e+00 7.0232172615256269e-06
7.3306757784984731e+00 7.0106705332642762e-06
7.3322921494646902e+00 6.9981461750806497e-06
7.3339085204309074e+00 6.9856441471721203e-06
7.3355248913971254e+00 6.9731644098067747e-06
7.3371412623633425e+00 6.9607069233232014e-06
7.3387576333295597e+00 6.9482716481304233e-06
7.3403740042957768e+00 6.9358585447077506e-06
7.3419903752619948e+00 6.9234675736046704e-06
7.3436067462282120e+00 6.9110986954406967e-06
7.3452231171944291e+00 6.8987518709053224e-06
7.3468394881606462e+00 6.8864270607577541e-06
7.3484558591268643e+00 6.8741242258269126e-06
7.3500722300930814e+00 6.8618433270112963e-06
7.3516886010592986e+00 6.8495843252788020e-06
7.3533049720255166e+00 6.8373471816665951e-06
7.3549213429917337e+00 6.8251318572810980e-06
7.3565377139579509e+00 6.8129383132977388e-06
7.3581540849241680e+00 6.8007665109609039e-06
7.3597704558903860e+00 6.7886164115837573e-06
7.3613868268566032e+00 6.7764879765482123e-06
7.3630031978228203e+00 6.7643811673047167e-06
7.3646195687890375e+00 6.7522959453721835e-06
7.3662359397552555e+00 6.7402322723378091e-06
7.3678523107214726e+00 6.7281901098570684e-06
7.3694686816876898e+00 6.7161694196534744e-06
7.3710850526539069e+00 6.7041701635185218e-06
7.3727014236201249e+00 6.6921923033115173e-06
7.3743177945863421e+00 6.6802358009595505e-06
7.3759341655525592e+00 6.6683006184572763e-06
7.3775505365187772e+00 6.6563867178668378e-06
7.3791669074849944e+00 6.6444940613177534e-06
7.3807832784512115e+00 6.6326226110067777e-06
7.3823996494174287e+00 6.6207723291977874e-06
7.3840160203836467e+00 6.6089431782217101e-06
7.3856323913498638e+00 6.5971351204762945e-06
7.3872487623160810e+00 6.5853481184260929e-06
7.3888651332822981e+00 6.5735821346023343e-06
7.3904815042485161e+00 6.5618371316027602e-06
7.3920978752147333e+00 6.5501130720914882e-06
7.3937142461809504e+00 6.5384099187990118e-06
7.3953306171471684e+00 6.5267276345219500e-06
7.3969469881133856e+00 6.5150661821230070e-06
7.3985633590796027e+00 6.5034255245308272e-06
7.4001797300458199e+00 6.4918056247398904e-06
7.4017961010120379e+00 6.4802064458103681e-06
7.4034124719782550e+00 6.4686279508680878e-06
7.4050288429444722e+00 6.4570701031042774e-06
7.4066452139106893e+00 6.4455328657755837e-06
7.4082615848769073e+00 6.4340162022038730e-06
7.4098779558431245e+00 6.4225200757761973e-06
7.4114943268093416e+00 6.4110444499445509e-06
7.4131106977755588e+00 6.3995892882258823e-06
7.4147270687417768e+00 6.3881545542018990e-06
7.4163434397079939e+00 6.3767402115190319e-06
7.4179598106742111e+00 6.3653462238881982e-06
7.4195761816404291e+00 6.3539725550847975e-06
7.4211925526066462e+00 6.3426191689485762e-06
7.4228089235728634e+00 6.3312860293834644e-06
7.4244252945390805e+00 6.3199731003575198e-06
7.4260416655052985e+00 6.3086803459027385e-06
7.4276580364715157e+00 6.2974077301150617e-06
7.4292744074377328e+00 6.2861552171541470e-06
7.4308907784039500e+00 6.2749227712433131e-06
7.4325071493701680e+00 6.2637103566694090e-06
7.4341235203363851e+00 6.2525179377827059e-06
7.4357398913026023e+00 6.2413454789968077e-06
7.4373562622688203e+00 6.2301929447885046e-06
7.4389726332350374e+00 6.2190602996976354e-06
7.4405890042012546e+00 6.2079475083270812e-06
7.4422053751674717e+00 6.1968545353425391e-06
7.4438217461336897e+00 6.1857813454724764e-06
7.4454381170999069e+00 6.1747279035079983e-06
7.4470544880661240e+00 6.1636941743027340e-06
7.4486708590323412e+00 6.1526801227727415e-06
7.4502872299985592e+00 6.1416857138963762e-06
7.4519036009647763e+00 6.1307109127142023e-06
7.4535199719309935e+00 6.1197556843288639e-06
7.4551363428972115e+00 6.1088199939049749e-06
7.4567527138634286e+00 6.0979038066690630e-06
7.4583690848296458e+00 6.0870070879093410e-06
7.4599854557958629e+00 6.0761298029757257e-06
7.4616018267620809e+00 6.0652719172796410e-06
7.4632181977282981e+00 6.0544333962939903e-06
7.4648345686945152e+00 6.0436142055529310e-06
7.4664509396607324e+00 6.0328143106518796e-06
7.4680673106269504e+00 6.0220336772473347e-06
7.4696836815931675e+00 6.0112722710568285e-06
7.4713000525593847e+00 6.0005300578587267e-06
7.4729164235256018e+00 5.9898070034922006e-06
7.4745327944918198e+00 5.9791030738571182e-06
7.4761491654580370e+00 5.9684182349138886e-06
7.4777655364242541e+00 5.9577524526833462e-06
7.4793819073904722e+00 5.9471056932467470e-06
7.4809982783566893e+00 5.9364779227455347e-06
7.4826146493229064e+00 5.9258691073813158e-06
7.4842310202891236e+00 5.9152792134157134e-06
7.4858473912553416e+00 5.9047082071702852e-06
7.4874637622215587e+00 5.8941560550263874e-06
7.4890801331877759e+00 5.8836227234251362e-06
7.4906965041539930e+00 5.8731081788671859e-06
7.4923128751202110e+00 5.8626123879127252e-06
7.4939292460864282e+00 5.8521353171813569e-06
7.4955456170526453e+00 5.8416769333519545e-06
7.4971619880188634e+00 5.8312372031625411e-06
7.4987783589850805e+00 5.8208160934102867e-06
7.5003947299512976e+00 5.8104135709512885e-06
7.5020111009175148e+00 5.8000296027005403e-06
7.5036274718837328e+00 5.7896641556317531e-06
7.5052438428499499e+00 5.7793171967773713e-06
7.5068602138161671e+00 5.7689886932283479e-06
7.5084765847823842e+00 5.7586786121341145e-06
7.5100929557486023e+00 5.7483869207024121e-06
7.5117093267148194e+00 5.7381135861992841e-06
7.5133256976810365e+00 5.7278585759488861e-06
7.5149420686472537e+00 5.7176218573334194e-06
7.5165584396134717e+00 5.7074033977930203e-06
7.5181748105796888e+00 5.6972031648256669e-06
7.5197911815459060e+00 5.6870211259870664e-06
7.5214075525121240e+00 5.6768572488905456e-06
7.5230239234783411e+00 5.6667115012070009e-06
7.5246402944445583e+00 5.6565838506646937e-06
7.5262566654107754e+00 5.6464742650492399e-06
7.5278730363769935e+00 5.6363827122035013e-06
7.5294894073432106e+00 5.6263091600274363e-06
7.5311057783094277e+00 5.6162535764779952e-06
7.5327221492756449e+00 5.6062159295691107e-06
7.5343385202418629e+00 5.5961961873714770e-06
7.5359548912080800e+00 5.5861943180125639e-06
7.5375712621742972e+00 5.5762102896763910e-06
7.5391876331405152e+00 5.5662440706035281e-06
7.5408040041067324e+00 5.5562956290909804e-06
7.5424203750729495e+00 5.5463649334920496e-06
7.5440367460391666e+00 5.5364519522162336e-06
7.5456531170053847e+00 5.5265566537291716e-06
7.5472694879716018e+00 5.5166790065525318e-06
7.5488858589378189e+00 5.5068189792638887e-06
7.5505022299040361e+00 5.4969765404966113e-06
7.5521186008702541e+00 5.4871516589398105e-06
7.5537349718364712e+00 5.4773443033382376e-06
7.5553513428026884e+00 5.4675544424921470e-06
7.5569677137689055e+00 5.4577820452571986e-06
7.5585840847351236e+00 5.4480270805443959e-06
7.5602004557013407e+00 5.4382895173199956e-06
7.5618168266675578e+00 5.4285693246053466e-06
7.5634331976337759e+00 5.4188664714768481e-06
7.5650495685999930e+00 5.4091809270658303e-06
7.5666659395662101e+00 5.3995126605584483e-06
7.5682823105324273e+00 5.3898616411956451e-06
7.5698986814986453e+00 5.3802278382729387e-06
7.5715150524648624e+00 5.3706112211404311e-06
7.5731314234310796e+00 5.3610117592026890e-06
7.5747477943972967e+00 5.3514294219186123e-06
7.5763641653635148e+00 5.3418641788013304e-06
7.5779805363297319e+00 5.3323159994181902e-06
7.5795969072959490e+00 5.3227848533905687e-06
7.5812132782621671e+00 5.3132707103938155e-06
7.5828296492283842e+00 5.3037735401571569e-06
7.5844460201946013e+00 5.2942933124635970e-06
7.5860623911608185e+00 5.2848299971498199e-06
7.5876787621270365e+00 5.2753835641060972e-06
7.5892951330932537e+00 5.2659539832761976e-06
7.5909115040594708e+00 5.2565412246572807e-06
7.5925278750256879e+00 5.2471452582998130e-06
7.5941442459919060e+00 5.2377660543074661e-06
7.5957606169581231e+00 5.2284035828370289e-06
7.5973769879243402e+00 5.2190578140983077e-06
7.5989933588905574e+00 5.2097287183540340e-06
7.6006097298567754e+00 5.2004162659197747e-06
7.6022261008229925e+00 5.1911204271638312e-06
7.6038424717892097e+00 5.1818411725071406e-06
7.6054588427554277e+00 5.1725784724232243e-06
7.6070752137216449e+00 5.1633322974380261e-06
7.6086915846878620e+00 5.1541026181298725e-06
7.6103079556540791e+00 5.1448894051293564e-06
7.6119243266202972e+00 5.1356926291192538e-06
7.6135406975865143e+00 5.1265122608344172e-06
7.6151570685527314e+00 5.1173482710617322e-06
7.6167734395189486e+00 5.1082006306399313e-06
7.6183898104851666e+00 5.0990693104595847e-06
7.6200061814513838e+00 5.0899542814630010e-06
7.6216225524176009e+00 5.0808555146440958e-06
7.6232389233838189e+00 5.0717729810482966e-06
7.6248552943500361e+00 5.0627066517725257e-06
7.6264716653162532e+00 5.0536564979650243e-06
7.6280880362824703e+00 5.0446224908253167e-06
7.6297044072486884e+00 5.0356046016040562e-06
7.6313207782149055e+00 5.0266028016030339e-06
7.6329371491811226e+00 5.0176170621749948e-06
7.6345535201473398e+00 5.0086473547236027e-06
7.6361698911135578e+00 4.9996936507032925e-06
7.6377862620797750e+00 4.9907559216192728e-06
7.6394026330459921e+00 4.9818341390273479e-06
7.6410190040122101e+00 4.9729282745338638e-06
7.6426353749784273e+00 4.9640382997956252e-06
7.6442517459446444e+00 4.9551641865197935e-06
7.6458681169108615e+00 4.9463059064637984e-06
7.6474844878770796e+00 4.9374634314352578e-06
7.6491008588432967e+00 4.9286367332918756e-06
7.6507172298095139e+00 4.9198257839413669e-06
7.6523336007757310e+00 4.9110305553413467e-06
7.6539499717419490e+00 4.9022510194993004e-06
7.6555663427081662e+00 4.8934871484723913e-06
7.6571827136743833e+00 4.8847389143674661e-06
7.6587990846406004e+00 4.8760062893409458e-06
7.6604154556068185e+00 4.8672892455987166e-06
7.6620318265730356e+00 4.8585877553960168e-06
7.6636481975392527e+00 4.8499017910374407e-06
7.6652645685054708e+00 4.8412313248767613e-06
7.6668809394716879e+00 4.8325763293168811e-06
7.6684973104379051e+00 4.8239367768097424e-06
7.6701136814041222e+00 4.8153126398562411e-06
7.6717300523703402e+00 4.8067038910061214e-06
7.6733464233365574e+00 4.7981105028579436e-06
7.6749627943027745e+00 4.7895324480589116e-06
7.6765791652689916e+00 4.7809696993048573e-06
7.6781955362352097e+00 4.7724222293401239e-06
7.6798119072014268e+00 4.7638900109575159e-06
7.6814282781676440e+00 4.7553730169981324e-06
7.6830446491338620e+00 4.7468712203513624e-06
7.6846610201000791e+00 4.7383845939547837e-06
7.6862773910662963e+00 4.7299131107940499e-06
7.6878937620325134e+00 4.7214567439027990e-06
7.6895101329987314e+00 4.7130154663626059e-06
7.6911265039649486e+00 4.7045892513028989e-06
7.6927428749311657e+00 4.6961780719008354e-06
7.6943592458973828e+00 4.6877819013812247e-06
7.6959756168636009e+00 4.6794007130164697e-06
7.6975919878298180e+00 4.6710344801264887e-06
7.6992083587960352e+00 4.6626831760785854e-06
7.7008247297622523e+00 4.6543467742873975e-06
7.7024411007284703e+00 4.6460252482148111e-06
7.7040574716946875e+00 4.6377185713698622e-06
7.7056738426609046e+00 4.6294267173086837e-06
7.7072902136271226e+00 4.6211496596343916e-06
7.7089065845933398e+00 4.6128873719969819e-06
7.7105229555595569e+00 4.6046398280933286e-06
7.7121393265257741e+00 4.5964070016670165e-06
7.7137556974919921e+00 4.5881888665082956e-06
7.7153720684582092e+00 4.5799853964539980e-06
7.7169884394244264e+00 4.5717965653874491e-06
7.7186048103906435e+00 4.5636223472383861e-06
7.7202211813568615e+00 4.5554627159828769e-06
7.7218375523230787e+00 4.5473176456432385e-06
7.7234539232892958e+00 4.5391871102879545e-06
7.7250702942555138e+00 4.5310710840315827e-06
7.7266866652217310e+00 4.5229695410347183e-06
7.7283030361879481e+00 4.5148824555038272e-06
7.7299194071541653e+00 4.5068098016912476e-06
7.7315357781203833e+00 4.4987515538950597e-06
7.7331521490866004e+00 4.4907076864590539e-06
7.7347685200528176e+00 4.4826781737725684e-06
7.7363848910190347e+00 4.4746629902704893e-06
7.7380012619852527e+00 4.4666621104331184e-06
7.7396176329514699e+00 4.4586755087861472e-06
7.7412340039176870e+00 4.4507031599004915e-06
7.7428503748839042e+00 4.4427450383922821e-06
7.7444667458501222e+00 4.4348011189227843e-06
7.7460831168163393e+00 4.4268713761982754e-06
7.7476994877825565e+00 4.4189557849699629e-06
7.7493158587487745e+00 4.4110543200339790e-06
7.7509322297149916e+00 4.4031669562312142e-06
7.7525486006812088e+00 4.3952936684472855e-06
7.7541649716474259e+00 4.3874344316124402e-06
7.7557813426136439e+00 4.3795892207014846e-06
7.7573977135798611e+00 4.3717580107336967e-06
7.7590140845460782e+00 4.3639407767727790e-06
7.7606304555122954e+00 4.3561374939267100e-06
7.7622468264785134e+00 4.3483481373477324e-06
7.7638631974447305e+00 4.3405726822322634e-06
7.7654795684109477e+00 4.3328111038207923e-06
7.7670959393771657e+00 4.3250633773977920e-06
7.7687123103433828e+00 4.3173294782917052e-06
7.7703286813096000e+00 4.3096093818747989e-06
7.7719450522758171e+00 4.3019030635631245e-06
7.7735614232420351e+00 4.2942104988163958e-06
7.7751777942082523e+00 4.2865316631379949e-06
7.7767941651744694e+00 4.2788665320748074e-06
7.7784105361406866e+00 4.2712150812172019e-06
7.7800269071069046e+00 4.2635772861988962e-06
7.7816432780731217e+00 4.2559531226969679e-06
7.7832596490393389e+00 4.2483425664316930e-06
7.7848760200055560e+00 4.2407455931665076e-06
7.7864923909717740e+00 4.2331621787079343e-06
7.7881087619379912e+00 4.2255922989054872e-06
7.7897251329042083e+00 4.2180359296516160e-06
7.7913415038704263e+00 4.2104930468816056e-06
7.7929578748366435e+00 4.2029636265735466e-06
7.7945742458028606e+00 4.1954476447481852e-06
7.7961906167690778e+00 4.1879450774689099e-06
7.7978069877352958e+00 4.1804559008416693e-06
7.7994233587015129e+00 4.1729800910148692e-06
7.8010397296677301e+00 4.1655176241792895e-06
7.8026561006339472e+00 4.1580684765680758e-06
7.8042724716001652e+00 4.1506326244565799e-06
7.8058888425663824e+00 4.1432100441623644e-06
7.8075052135325995e+00 4.1358007120450371e-06
7.8091215844988175e+00 4.1284046045062567e-06
7.8107379554650347e+00 4.1210216979896380e-06
7.8123543264312518e+00 4.1136519689806561e-06
7.8139706973974690e+00 4.1062953940065653e-06
7.8155870683636870e+00 4.0989519496363624e-06
7.8172034393299041e+00 4.0916216124807073e-06
7.8188198102961213e+00 4.0843043591918202e-06
7.8204361812623384e+00 4.0770001664634092e-06
7.8220525522285564e+00 4.0697090110306278e-06
7.8236689231947736e+00 4.0624308696699958e-06
7.8252852941609907e+00 4.0551657191993022e-06
7.8269016651272079e+00 4.0479135364775273e-06
7.8285180360934259e+00 4.0406742984048045e-06
7.8301344070596430e+00 4.0334479819223406e-06
7.8317507780258602e+00 4.0262345640123227e-06
7.8333671489920782e+00 4.0190340216978286e-06
7.8349835199582953e+00 4.0118463320428245e-06
7.8365998909245125e+00 4.0046714721520194e-06
7.8382162618907296e+00 3.9975094191708311e-06
7.8398326328569476e+00 3.9903601502853023e-06
7.8414490038231648e+00 3.9832236427220332e-06
7.8430653747893819e+00 3.9760998737480967e-06
7.8446817457555991e+00 3.9689888206710095e-06
7.8462981167218171e+00 3.9618904608385828e-06
7.8479144876880342e+00 3.9548047716389206e-06
7.8495308586542514e+00 3.9477317305003331e-06
7.8511472296204694e+00 3.9406713148912457e-06
7.8527636005866865e+00 3.9336235023201148e-06
7.8543799715529037e+00 3.9265882703354249e-06
7.8559963425191208e+00 3.9195655965255414e-06
7.8576127134853389e+00 3.9125554585186811e-06
7.8592290844515560e+00 3.9055578339828311e-06
7.8608454554177731e+00 3.8985727006256769e-06
7.8624618263839903e+00 3.8916000361945379e-06
7.8640781973502083e+00 3.8846398184762869e-06
7.8656945683164254e+00 3.8776920252972937e-06
7.8673109392826426e+00 3.8707566345233430e-06
7.8689273102488606e+00 3.8638336240595601e-06
7.8705436812150777e+00 3.8569229718503837e-06
7.8721600521812949e+00 3.8500246558794173e-06
7.8737764231475120e+00 3.8431386541694315e-06
7.8753927941137301e+00 3.8362649447822552e-06
7.8770091650799472e+00 3.8294035058187493e-06
7.8786255360461643e+00 3.8225543154186605e-06
7.8802419070123815e+00 3.8157173517606310e-06
7.8818582779785995e+00 3.8088925930620826e-06
7.8834746489448166e+00 3.8020800175791832e-06
7.8850910199110338e+00 3.7952796036067425e-06
7.8867073908772509e+00 3.7884913294781399e-06
7.8883237618434690e+00 3.7817151735653157e-06
7.8899401328096861e+00 3.7749511142786329e-06
7.8915565037759032e+00 3.7681991300668476e-06
7.8931728747421213e+00 3.7614591994170280e-06
7.8947892457083384e+00 3.7547313008544926e-06
7.8964056166745555e+00 3.7480154129427294e-06
7.8980219876407727e+00 3.7413115142833691e-06
7.8996383586069907e+00 3.7346195835160423e-06
7.9012547295732078e+00 3.7279395993183786e-06
7.9028711005394250e+00 3.7212715404059303e-06
7.9044874715056421e+00 3.7146153855320767e-06
7.9061038424718602e+00 3.7079711134879529e-06
7.9077202134380773e+00 3.7013387031024448e-06
7.9093365844042944e+00 3.6947181332420477e-06
7.9109529553705125e+00 3.6881093828108412e-06
7.9125693263367296e+00 3.6815124307504100e-06
7.9141856973029467e+00 3.6749272560397813e-06
7.9158020682691639e+00 3.6683538376953573e-06
7.9174184392353819e+00 3.6617921547708478e-06
7.9190348102015991e+00 3.6552421863572049e-06
7.9206511811678162e+00 3.6487039115825564e-06
7.9222675521340333e+00 3.6421773096121399e-06
7.9238839231002514e+00 3.6356623596482374e-06
7.9255002940664685e+00 3.6291590409301103e-06
7.9271166650326856e+00 3.6226673327339322e-06
7.9287330359989028e+00 3.6161872143727163e-06
7.9303494069651208e+00 3.6097186651962869e-06
7.9319657779313379e+00 3.6032616645911432e-06
7.9335821488975551e+00 3.5968161919804571e-06
7.9351985198637731e+00 3.5903822268240001e-06
7.9368148908299903e+00 3.5839597486180503e-06
7.9384312617962074e+00 3.5775487368953263e-06
7.9400476327624245e+00 3.5711491712249755e-06
7.9416640037286426e+00 3.5647610312124485e-06
7.9432803746948597e+00 3.5583842964994651e-06
7.9448967456610768e+00 3.5520189467639428e-06
7.9465131166272940e+00 3.5456649617199361e-06
7.9481294875935120e+00 3.5393223211175598e-06
7.9497458585597292e+00 3.5329910047429663e-06
7.9513622295259463e+00 3.5266709924182067e-06
7.9529786004921643e+00 3.5203622640012338e-06
7.9545949714583815e+00 3.5140647993858272e-06
7.9562113424245986e+00 3.5077785785015046e-06
7.9578277133908157e+00 3.5015035813134602e-06
7.9594440843570338e+00 3.4952397878225249e-06
7.9610604553232509e+00 3.4889871780651066e-06
7.9626768262894680e+00 3.4827457321130963e-06
7.9642931972556852e+00 3.4765154300738070e-06
7.9659095682219032e+00 3.4702962520899405e-06
7.9675259391881204e+00 3.4640881783395201e-06
7.9691423101543375e+00 3.4578911890358008e-06
7.9707586811205546e+00 3.4517052644272158e-06
7.9723750520867727e+00 3.4455303847973252e-06
7.9739914230529898e+00 3.4393665304647703e-06
7.9756077940192069e+00 3.4332136817831645e-06
7.9772241649854250e+00 3.4270718191410663e-06
7.9788405359516421e+00 3.4209409229619077e-06
7.9804569069178592e+00 3.4148209737039331e-06
7.9820732778840764e+00 3.4087119518601293e-06
7.9836896488502944e+00 3.4026138379581958e-06
7.9853060198165116e+00 3.3965266125604245e-06
7.9869223907827287e+00 3.3904502562636902e-06
7.9885387617489458e+00 3.3843847496993813e-06
7.9901551327151639e+00 3.3783300735333221e-06
7.9917715036813810e+00 3.3722862084656947e-06
7.9933878746475981e+00 3.3662531352310433e-06
7.9950042456138162e+00 3.3602308345981440e-06
7.9966206165800333e+00 3.3542192873699791e-06
7.9982369875462505e+00 3.3482184743836706e-06
7.9998533585124676e+00 3.3422283765104174e-06
8.0014697294786856e+00 3.3362489746554281e-06
8.0030861004449036e+00 3.3302802497578945e-06
8.0047024714111199e+00 3.3243221827908699e-06
8.0063188423773379e+00 3.3183747547612573e-06
8.0079352133435560e+00 3.3124379467097544e-06
8.0095515843097722e+00 3.3065117397107584e-06
8.0111679552759902e+00 3.3005961148723087e-06
8.0127843262422065e+00 3.2946910533360815e-06
8.0144006972084245e+00 3.2887965362772435e-06
8.0160170681746425e+00 3.2829125449044801e-06
8.0176334391408588e+00 3.2770390604598795e-06
8.0192498101070768e+00 3.2711760642188679e-06
8.0208661810732949e+00 3.2653235374902043e-06
8.0224825520395111e+00 3.2594814616158928e-06
8.0240989230057291e+00 3.2536498179710651e-06
8.0257152939719472e+00 3.2478285879640316e-06
8.0273316649381634e+00 3.2420177530361611e-06
8.0289480359043814e+00 3.2362172946617943e-06
8.0305644068705977e+00 3.2304271943482481e-06
8.0321807778368157e+00 3.2246474336357169e-06
8.0337971488030337e+00 3.2188779940972231e-06
8.0354135197692500e+00 3.2131188573385823e-06
8.0370298907354680e+00 3.2073700049982898e-06
8.0386462617016861e+00 3.2016314187475132e-06
8.0402626326679023e+00 3.1959030802900304e-06
8.0418790036341203e+00 3.1901849713621462e-06
8.0434953746003384e+00 3.1844770737326313e-06
8.0451117455665546e+00 3.1787793692027153e-06
8.0467281165327726e+00 3.1730918396059732e-06
8.0483444874989889e+00 3.1674144668082957e-06
8.0499608584652069e+00 3.1617472327078086e-06
8.0515772294314250e+00 3.1560901192348644e-06
8.0531936003976412e+00 3.1504431083519304e-06
8.0548099713638592e+00 3.1448061820535601e-06
8.0564263423300773e+00 3.1391793223663334e-06
8.0580427132962935e+00 3.1335625113487938e-06
8.0596590842625115e+00 3.1279557310913893e-06
8.0612754552287296e+00 3.1223589637164474e-06
8.0628918261949458e+00 3.1167721913780575e-06
8.0645081971611638e+00 3.1111953962620620e-06
8.0661245681273801e+00 3.1056285605860136e-06
8.0677409390935981e+00 3.1000716665990443e-06
8.0693573100598162e+00 3.0945246965819027e-06
8.0709736810260324e+00 3.0889876328468377e-06
8.0725900519922504e+00 3.0834604577375351e-06
8.0742064229584685e+00 3.0779431536291188e-06
8.0758227939246847e+00 3.0724357029280645e-06
8.0774391648909027e+00 3.0669380880720900e-06
8.0790555358571208e+00 3.0614502915302012e-06
8.0806719068233370e+00 3.0559722958025798e-06
8.0822882777895551e+00 3.0505040834205061e-06
8.0839046487557713e+00 3.0450456369463544e-06
8.0855210197219893e+00 3.0395969389735083e-06
8.0871373906882074e+00 3.0341579721263071e-06
8.0887537616544236e+00 3.0287287190600208e-06
8.0903701326206416e+00 3.0233091624607346e-06
8.0919865035868597e+00 3.0178992850453461e-06
8.0936028745530759e+00 3.0124990695615082e-06
8.0952192455192939e+00 3.0071084987875489e-06
8.0968356164855120e+00 3.0017275555324128e-06
8.0984519874517282e+00 2.9963562226356546e-06
8.1000683584179463e+00 2.9909944829673323e-06
8.1016847293841625e+00 2.9856423194279834e-06
8.1033011003503805e+00 2.9802997149485427e-06
8.1049174713165986e+00 2.9749666524903292e-06
8.1065338422828148e+00 2.9696431150449746e-06
8.1081502132490328e+00 2.9643290856343350e-06
8.1097665842152509e+00 2.9590245473104822e-06
8.1113829551814671e+00 2.9537294831556547e-06
8.1129993261476852e+00 2.9484438762821424e-06
8.1146156971139014e+00 2.9431677098323273e-06
8.1162320680801194e+00 2.9379009669785159e-06
8.1178484390463375e+00 2.9326436309229997e-06
8.1194648100125537e+00 2.9273956848979410e-06
8.1210811809787717e+00 2.9221571121653057e-06
8.1226975519449898e+00 2.9169278960168487e-06
8.1243139229112060e+00 2.9117080197740636e-06
8.1259302938774240e+00 2.9064974667880718e-06
8.1275466648436421e+00 2.9012962204396528e-06
8.1291630358098583e+00 2.8961042641391255e-06
8.1307794067760764e+00 2.8909215813263253e-06
8.1323957777422926e+00 2.8857481554705468e-06
8.1340121487085106e+00 2.8805839700704902e-06
8.1356285196747287e+00 2.8754290086542104e-06
8.1372448906409449e+00 2.8702832547790635e-06
8.1388612616071629e+00 2.8651466920316514e-06
8.1404776325733810e+00 2.8600193040277940e-06
8.1420940035395972e+00 2.8549010744124261e-06
8.1437103745058153e+00 2.8497919868595933e-06
8.1453267454720333e+00 2.8446920250723940e-06
8.1469431164382495e+00 2.8396011727829091e-06
8.1485594874044676e+00 2.8345194137521387e-06
8.1501758583706838e+00 2.8294467317700158e-06
8.1517922293369018e+00 2.8243831106552608e-06
8.1534086003031199e+00 2.8193285342554213e-06
8.1550249712693361e+00 2.8142829864467639e-06
8.1566413422355541e+00 2.8092464511342206e-06
8.1582577132017722e+00 2.8042189122513856e-06
8.1598740841679884e+00 2.7992003537604333e-06
8.1614904551342065e+00 2.7941907596520446e-06
8.1631068261004245e+00 2.7891901139453950e-06
8.1647231970666407e+00 2.7841984006881080e-06
8.1663395680328588e+00 2.7792156039561498e-06
8.1679559389990750e+00 2.7742417078538556e-06
8.1695723099652930e+00 2.7692766965138064e-06
8.1711886809315111e+00 2.7643205540968241e-06
8.1728050518977273e+00 2.7593732647919227e-06
8.1744214228639454e+00 2.7544348128162326e-06
8.1760377938301634e+00 2.7495051824149492e-06
8.1776541647963796e+00 2.7445843578613256e-06
8.1792705357625977e+00 2.7396723234565756e-06
8.1808869067288157e+00 2.7347690635298464e-06
8.1825032776950319e+00 2.7298745624381648e-06
8.1841196486612500e+00 2.7249888045663887e-06
8.1857360196274662e+00 2.7201117743271569e-06
8.1873523905936842e+00 2.7152434561608401e-06
8.1889687615599023e+00 2.7103838345354912e-06
8.1905851325261185e+00 2.7055328939467960e-06
8.1922015034923366e+00 2.7006906189180197e-06
8.1938178744585546e+00 2.6958569939999826e-06
8.1954342454247708e+00 2.6910320037709625e-06
8.1970506163909889e+00 2.6862156328366904e-06
8.1986669873572051e+00 2.6814078658302968e-06
8.2002833583234231e+00 2.6766086874122274e-06
8.2018997292896412e+00 2.6718180822702320e-06
8.2035161002558574e+00 2.6670360351193207e-06
8.2051324712220755e+00 2.6622625307016606e-06
8.2067488421882935e+00 2.6574975537866008e-06
8.2083652131545097e+00 2.6527410891705788e-06
8.2099815841207278e+00 2.6479931216770612e-06
8.2115979550869458e+00 2.6432536361565432e-06
8.2132143260531620e+00 2.6385226174864828e-06
8.2148306970193801e+00 2.6338000505711955e-06
8.2164470679855963e+00 2.6290859203419084e-06
8.2180634389518143e+00 2.6243802117566322e-06
8.2196798099180324e+00 2.6196829098001470e-06
8.2212961808842486e+00 2.6149939994839500e-06
8.2229125518504667e+00 2.6103134658462057e-06
8.2245289228166847e+00 2.6056412939516956e-06
8.2261452937829009e+00 2.6009774688917916e-06
8.2277616647491190e+00 2.5963219757843680e-06
8.2293780357153370e+00 2.5916747997737907e-06
8.2309944066815532e+00 2.5870359260308659e-06
8.2326107776477713e+00 2.5824053397527790e-06
8.2342271486139875e+00 2.5777830261630447e-06
8.2358435195802056e+00 2.5731689705114754e-06
8.2374598905464236e+00 2.5685631580741427e-06
8.2390762615126398e+00 2.5639655741533064e-06
8.2406926324788579e+00 2.5593762040773613e-06
8.2423090034450759e+00 2.5547950332008414e-06
8.2439253744112921e+00 2.5502220469043177e-06
8.2455417453775102e+00 2.5456572305943780e-06
8.2471581163437282e+00 2.5411005697035815e-06
8.2487744873099444e+00 2.5365520496904051e-06
8.2503908582761625e+00 2.5320116560391960e-06
8.2520072292423787e+00 2.5274793742601516e-06
8.2536236002085968e+00 2.5229551898892201e-06
8.2552399711748148e+00 2.5184390884881051e-06
8.2568563421410310e+00 2.5139310556442129e-06
8.2584727131072491e+00 2.5094310769705648e-06
8.2600890840734671e+00 2.5049391381058141e-06
8.2617054550396833e+00 2.5004552247141557e-06
8.2633218260059014e+00 2.4959793224852801e-06
8.2649381969721194e+00 2.4915114171343648e-06
8.2665545679383357e+00 2.4870514944020119e-06
8.2681709389045537e+00 2.4825995400541552e-06
8.2697873098707699e+00 2.4781555398821039e-06
8.2714036808369880e+00 2.4737194797024277e-06
8.2730200518032060e+00 2.4692913453569393e-06
8.2746364227694222e+00 2.4648711227126477e-06
8.2762527937356403e+00 2.4604587976617093e-06
8.2778691647018583e+00 2.4560543561213820e-06
8.2794855356680745e+00 2.4516577840340011e-06
8.2811019066342926e+00 2.4472690673668910e-06
8.2827182776005106e+00 2.4428881921123613e-06
8.2843346485667269e+00 2.4385151442876561e-06
8.2859510195329449e+00 2.4341499099348955e-06
8.2875673904991611e+00 2.4297924751210287e-06
8.2891837614653792e+00 2.4254428259378051e-06
8.2908001324315972e+00 2.4211009485017383e-06
8.2924165033978134e+00 2.4167668289540359e-06
8.2940328743640315e+00 2.4124404534605556e-06
8.2956492453302495e+00 2.4081218082118008e-06
8.2972656162964658e+00 2.4038108794228324e-06
8.2988819872626838e+00 2.3995076533332471e-06
8.3004983582289000e+00 2.3952121162071329e-06
8.3021147291951181e+00 2.3909242543330054e-06
8.3037311001613361e+00 2.3866440540238043e-06
8.3053474711275523e+00 2.3823715016168281e-06
8.3069638420937704e+00 2.3781065834736536e-06
8.3085802130599884e+00 2.3738492859801658e-06
8.3101965840262046e+00 2.3695995955464752e-06
8.3118129549924227e+00 2.3653574986068538e-06
8.3134293259586407e+00 2.3611229816197304e-06
8.3150456969248570e+00 2.3568960310676457e-06
8.3166620678910750e+00 2.3526766334571651e-06
8.3182784388572912e+00 2.3484647753189039e-06
8.3198948098235093e+00 2.3442604432074180e-06
8.3215111807897273e+00 2.3400636237012045e-06
8.3231275517559435e+00 2.3358743034026541e-06
8.3247439227221616e+00 2.3316924689379948e-06
8.3263602936883796e+00 2.3275181069572412e-06
8.3279766646545959e+00 2.3233512041341934e-06
8.3295930356208139e+00 2.3191917471663467e-06
8.3312094065870319e+00 2.3150397227748913e-06
8.3328257775532482e+00 2.3108951177046261e-06
8.3344421485194662e+00 2.3067579187239537e-06
8.3360585194856824e+00 2.3026281126248364e-06
8.3376748904519005e+00 2.2985056862227186e-06
8.3392912614181185e+00 2.2943906263565239e-06
8.3409076323843347e+00 2.2902829198886103e-06
8.3425240033505528e+00 2.2861825537046903e-06
8.3441403743167708e+00 2.2820895147138430e-06
8.3457567452829871e+00 2.2780037898484375e-06
8.3473731162492051e+00 2.2739253660640859e-06
8.3489894872154231e+00 2.2698542303396372e-06
8.3506058581816394e+00 2.2657903696771161e-06
8.3522222291478574e+00 2.2617337711016597e-06
8.3538386001140736e+00 2.2576844216615176e-06
8.3554549710802917e+00 2.2536423084279825e-06
8.3570713420465097e+00 2.2496074184953555e-06
8.3586877130127260e+00 2.2455797389809257e-06
8.3603040839789440e+00 2.2415592570248843e-06
8.3619204549451620e+00 2.2375459597903251e-06
8.3635368259113783e+00 2.2335398344631976e-06
8.3651531968775963e+00 2.2295408682522490e-06
8.3667695678438143e+00 2.2255490483889818e-06
8.3683859388100306e+00 2.2215643621276510e-06
8.3700023097762486e+00 2.2175867967451774e-06
8.3716186807424648e+00 2.2136163395411392e-06
8.3732350517086829e+00 2.2096529778377010e-06
8.3748514226749009e+00 2.2056966989796194e-06
8.3764677936411172e+00 2.2017474903341584e-06
8.3780841646073352e+00 2.1978053392910710e-06
8.3797005355735532e+00 2.1938702332625575e-06
8.3813169065397695e+00 2.1899421596832199e-06
8.3829332775059875e+00 2.1860211060100264e-06
8.3845496484722037e+00 2.1821070597222863e-06
8.3861660194384218e+00 2.1782000083215589e-06
8.3877823904046398e+00 2.1742999393316841e-06
8.3893987613708561e+00 2.1704068402987052e-06
8.3910151323370741e+00 2.1665206987908135e-06
8.3926315033032921e+00 2.1626415023983399e-06
8.3942478742695084e+00 2.1587692387337177e-06
8.3958642452357264e+00 2.1549038954314004e-06
8.3974806162019444e+00 2.1510454601478796e-06
8.3990969871681607e+00 2.1471939205616099e-06
8.4007133581343787e+00 2.1433492643729616e-06
8.4023297291005967e+00 2.1395114793042215e-06
8.4039461000668130e+00 2.1356805530995342e-06
8.4055624710330310e+00 2.1318564735248244e-06
8.4071788419992490e+00 2.1280392283678293e-06
8.4087952129654653e+00 2.1242288054380199e-06
8.4104115839316833e+00 2.1204251925665494e-06
8.4120279548979013e+00 2.1166283776062419e-06
8.4136443258641176e+00 2.1128383484315558e-06
8.4152606968303356e+00 2.1090550929385083e-06
8.4168770677965519e+00 2.1052785990446920e-06
8.4184934387627699e+00 2.1015088546891814e-06
8.4201098097289879e+00 2.0977458478325307e-06
8.4217261806952042e+00 2.0939895664567344e-06
8.4233425516614222e+00 2.0902399985651712e-06
8.4249589226276402e+00 2.0864971321825653e-06
8.4265752935938565e+00 2.0827609553549806e-06
8.4281916645600745e+00 2.0790314561497441e-06
8.4298080355262925e+00 2.0753086226554294e-06
8.4314244064925088e+00 2.0715924429818146e-06
8.4330407774587268e+00 2.0678829052598429e-06
8.4346571484249431e+00 2.0641799976415862e-06
8.4362735193911611e+00 2.0604837083002035e-06
8.4378898903573791e+00 2.0567940254299253e-06
8.4395062613235954e+00 2.0531109372459725e-06
8.4411226322898134e+00 2.0494344319845575e-06
8.4427390032560314e+00 2.0457644979028416e-06
8.4443553742222477e+00 2.0421011232788846e-06
8.4459717451884657e+00 2.0384442964116000e-06
8.4475881161546820e+00 2.0347940056207601e-06
8.4492044871209000e+00 2.0311502392468984e-06
8.4508208580871180e+00 2.0275129856513315e-06
8.4524372290533343e+00 2.0238822332160870e-06
8.4540536000195523e+00 2.0202579703438600e-06
8.4556699709857703e+00 2.0166401854580118e-06
8.4572863419519866e+00 2.0130288670025168e-06
8.4589027129182046e+00 2.0094240034418896e-06
8.4605190838844226e+00 2.0058255832612119e-06
8.4621354548506389e+00 2.0022335949660637e-06
8.4637518258168569e+00 1.9986480270824676e-06
8.4653681967830732e+00 1.9950688681568903e-06
8.4669845677492912e+00 1.9914961067561819e-06
8.4686009387155092e+00 1.9879297314675465e-06
8.4702173096817255e+00 1.9843697308985195e-06
8.4718336806479435e+00 1.9808160936768962e-06
8.4734500516141615e+00 1.9772688084507296e-06
8.4750664225803778e+00 1.9737278638882892e-06
8.4766827935465958e+00 1.9701932486780129e-06
8.4782991645128138e+00 1.9666649515284640e-06
8.4799155354790301e+00 1.9631429611683323e-06
8.4815319064452481e+00 1.9596272663463580e-06
8.4831482774114644e+00 1.9561178558313208e-06
8.4847646483776824e+00 1.9526147184119811e-06
8.4863810193439004e+00 1.9491178428970814e-06
8.4879973903101167e+00 1.9456272181152743e-06
8.4896137612763347e+00 1.9421428329151051e-06
8.4912301322425527e+00 1.9386646761649723e-06
8.4928465032087690e+00 1.9351927367530953e-06
8.4944628741749870e+00 1.9317270035874702e-06
8.4960792451412050e+00 1.9282674655958575e-06
8.4976956161074213e+00 1.9248141117257097e-06
8.4993119870736393e+00 1.9213669309441673e-06
8.5009283580398556e+00 1.9179259122380250e-06
8.5025447290060736e+00 1.9144910446136641e-06
8.5041610999722916e+00 1.9110623170970507e-06
8.5057774709385079e+00 1.9076397187336991e-06
8.5073938419047259e+00 1.9042232385886042e-06
8.5090102128709439e+00 1.9008128657462545e-06
8.5106265838371602e+00 1.8974085893105612e-06
8.5122429548033782e+00 1.8940103984048273e-06
8.5138593257695963e+00 1.8906182821717372e-06
8.5154756967358125e+00 1.8872322297733113e-06
8.5170920677020305e+00 1.8838522303908346e-06
8.5187084386682468e+00 1.8804782732248918e-06
8.5203248096344648e+00 1.8771103474952756e-06
8.5219411806006828e+00 1.8737484424409786e-06
8.5235575515668991e+00 1.8703925473201523e-06
8.5251739225331171e+00 1.8670426514100759e-06
8.5267902934993351e+00 1.8636987440071148e-06
8.5284066644655514e+00 1.8603608144267059e-06
8.5300230354317694e+00 1.8570288520032977e-06
8.5316394063979875e+00 1.8537028460903349e-06
8.5332557773642037e+00 1.8503827860602178e-06
8.5348721483304217e+00 1.8470686613042661e-06
8.5364885192966380e+00 1.8437604612327061e-06
8.5381048902628560e+00 1.8404581752745869e-06
8.5397212612290740e+00 1.8371617928778104e-06
8.5413376321952903e+00 1.8338713035090644e-06
8.5429540031615083e+00 1.8305866966537730e-06
8.5445703741277264e+00 1.8273079618160964e-06
8.5461867450939426e+00 1.8240350885188922e-06
8.5478031160601606e+00 1.8207680663036484e-06
8.5494194870263769e+00 1.8175068847305070e-06
8.5510358579925949e+00 1.8142515333781722e-06
8.5526522289588129e+00 1.8110020018439157e-06
8.5542685999250292e+00 1.8077582797435414e-06
8.5558849708912472e+00 1.8045203567113344e-06
8.5575013418574652e+00 1.8012882224000294e-06
8.5591177128236815e+00 1.7980618664808053e-06
8.5607340837898995e+00 1.7948412786432213e-06
8.5623504547561176e+00 1.7916264485951973e-06
8.5639668257223338e+00 1.7884173660629822e-06
8.5655831966885518e+00 1.7852140207911185e-06
8.5671995676547681e+00 1.7820164025424103e-06
8.5688159386209861e+00 1.7788245010978921e-06
8.5704323095872041e+00 1.7756383062567942e-06
8.5720486805534204e+00 1.7724578078365125e-06
8.5736650515196384e+00 1.7692829956725712e-06
8.5752814224858565e+00 1.7661138596186099e-06
8.5768977934520727e+00 1.7629503895463140e-06
8.5785141644182907e+00 1.7597925753454166e-06
8.5801305353845088e+00 1.7566404069236599e-06
8.5817469063507250e+00 1.7534938742067521e-06
8.5833632773169430e+00 1.7503529671383319e-06
8.5849796482831593e+00 1.7472176756799689e-06
8.5865960192493773e+00 1.7440879898110816e-06
8.5882123902155953e+00 1.7409638995289574e-06
8.5898287611818116e+00 1.7378453948486864e-06
8.5914451321480296e+00 1.7347324658031300e-06
8.5930615031142477e+00 1.7316251024429140e-06
8.5946778740804639e+00 1.7285232948363871e-06
8.5962942450466819e+00 1.7254270330695560e-06
8.5979106160129000e+00 1.7223363072461098e-06
8.5995269869791162e+00 1.7192511074873584e-06
8.6011433579453342e+00 1.7161714239321885e-06
8.6027597289115505e+00 1.7130972467370613e-06
8.6043760998777685e+00 1.7100285660759640e-06
8.6059924708439866e+00 1.7069653721403791e-06
8.6076088418102028e+00 1.7039076551392698e-06
8.6092252127764208e+00 1.7008554052990175e-06
8.6108415837426389e+00 1.6978086128634179e-06
8.6124579547088551e+00 1.6947672680936481e-06
8.6140743256750731e+00 1.6917313612682193e-06
8.6156906966412912e+00 1.6887008826829598e-06
8.6173070676075074e+00 1.6856758226509787e-06
8.6189234385737254e+00 1.6826561715026382e-06
8.6205398095399417e+00 1.6796419195855195e-06
8.6221561805061597e+00 1.6766330572643953e-06
8.6237725514723778e+00 1.6736295749211986e-06
8.6253889224385940e+00 1.6706314629549906e-06
8.6270052934048120e+00 1.6676387117819284e-06
8.6286216643710301e+00 1.6646513118352497e-06
8.6302380353372463e+00 1.6616692535652125e-06
8.6318544063034643e+00 1.6586925274390907e-06
8.6334707772696806e+00 1.6557211239411461e-06
8.6350871482358986e+00 1.6527550335725679e-06
8.6367035192021167e+00 1.6497942468514743e-06
8.6383198901683329e+00 1.6468387543128775e-06
8.6399362611345509e+00 1.6438885465086261e-06
8.6415526321007690e+00 1.6409436140074182e-06
8.6431690030669852e+00 1.6380039473947396e-06
8.6447853740332032e+00 1.6350695372728331e-06
8.6464017449994213e+00 1.6321403742606966e-06
8.6480181159656375e+00 1.6292164489940378e-06
8.6496344869318555e+00 1.6262977521252149e-06
8.6512508578980718e+00 1.6233842743232658e-06
8.6528672288642898e+00 1.6204760062738315e-06
8.6544835998305079e+00 1.6175729386791466e-06
8.6560999707967241e+00 1.6146750622580051e-06
8.6577163417629421e+00 1.6117823677457306e-06
8.6593327127291602e+00 1.6088948458941462e-06
8.6609490836953764e+00 1.6060124874715581e-06
8.6625654546615944e+00 1.6031352832626972e-06
8.6641818256278125e+00 1.6002632240687172e-06
8.6657981965940287e+00 1.5973963007071616e-06
8.6674145675602468e+00 1.5945345040119226e-06
8.6690309385264630e+00 1.5916778248332121e-06
8.6706473094926810e+00 1.5888262540375469e-06
8.6722636804588991e+00 1.5859797825077154e-06
8.6738800514251153e+00 1.5831384011427399e-06
8.6754964223913333e+00 1.5803021008578452e-06
8.6771127933575514e+00 1.5774708725844529e-06
8.6787291643237676e+00 1.5746447072701281e-06
8.6803455352899856e+00 1.5718235958785602e-06
8.6819619062562037e+00 1.5690075293895359e-06
8.6835782772224199e+00 1.5661964987989074e-06
8.6851946481886380e+00 1.5633904951185627e-06
8.6868110191548542e+00 1.5605895093764135e-06
8.6884273901210722e+00 1.5577935326163234e-06
8.6900437610872903e+00 1.5550025558981359e-06
8.6916601320535065e+00 1.5522165702976153e-06
8.6932765030197245e+00 1.5494355669064061e-06
8.6948928739859426e+00 1.5466595368320325e-06
8.6965092449521588e+00 1.5438884711978643e-06
8.6981256159183769e+00 1.5411223611430629e-06
8.6997419868845949e+00 1.5383611978225945e-06
8.7013583578508111e+00 1.5356049724071711e-06
8.7029747288170292e+00 1.5328536760832232e-06
8.7045910997832454e+00 1.5301073000528980e-06
8.7062074707494634e+00 1.5273658355340033e-06
8.7078238417156815e+00 1.5246292737599922e-06
8.7094402126818977e+00 1.5218976059799344e-06
8.7110565836481157e+00 1.5191708234584881e-06
8.7126729546143338e+00 1.5164489174758670e-06
8.7142893255805500e+00 1.5137318793278307e-06
8.7159056965467681e+00 1.5110197003256263e-06
8.7175220675129861e+00 1.5083123717959862e-06
8.7191384384792023e+00 1.5056098850810992e-06
8.7207548094454204e+00 1.5029122315385711e-06
8.7223711804116366e+00 1.5002194025413961e-06
8.7239875513778546e+00 1.4975313894779425e-06
8.7256039223440727e+00 1.4948481837519245e-06
8.7272202933102889e+00 1.4921697767823636e-06
8.7288366642765070e+00 1.4894961600035598e-06
8.7304530352427250e+00 1.4868273248650842e-06
8.7320694062089412e+00 1.4841632628317405e-06
8.7336857771751593e+00 1.4815039653835226e-06
8.7353021481413755e+00 1.4788494240156164e-06
8.7369185191075935e+00 1.4761996302383439e-06
8.7385348900738116e+00 1.4735545755771645e-06
8.7401512610400278e+00 1.4709142515726374e-06
8.7417676320062458e+00 1.4682786497803669e-06
8.7433840029724639e+00 1.4656477617710246e-06
8.7450003739386801e+00 1.4630215791302966e-06
8.7466167449048982e+00 1.4604000934588435e-06
8.7482331158711162e+00 1.4577832963722985e-06
8.7498494868373324e+00 1.4551711795012392e-06
8.7514658578035505e+00 1.4525637344911330e-06
8.7530822287697667e+00 1.4499609530023533e-06
8.7546985997359847e+00 1.4473628267101081e-06
8.7563149707022028e+00 1.4447693473044556e-06
8.7579313416684190e+00 1.4421805064902465e-06
8.7595477126346371e+00 1.4395962959871125e-06
8.7611640836008551e+00 1.4370167075294364e-06
8.7627804545670713e+00 1.4344417328663262e-06
8.7643968255332894e+00 1.4318713637615876e-06
8.7660131964995074e+00 1.4293055919937074e-06
8.7676295674657236e+00 1.4267444093558064e-06
8.7692459384319417e+00 1.4241878076556321e-06
8.7708623093981579e+00 1.4216357787155349e-06
8.7724786803643759e+00 1.4190883143724195e-06
8.7740950513305940e+00 1.4165454064777406e-06
8.7757114222968102e+00 1.4140070468974781e-06
8.7773277932630283e+00 1.4114732275120849e-06
8.7789441642292463e+00 1.4089439402164975e-06
8.7805605351954625e+00 1.4064191769200850e-06
8.7821769061616806e+00 1.4038989295466226e-06
8.7837932771278986e+00 1.4013831900342877e-06
8.7854096480941148e+00 1.3988719503356215e-06
8.7870260190603329e+00 1.3963652024174816e-06
8.7886423900265491e+00 1.3938629382610620e-06
8.7902587609927672e+00 1.3913651498618306e-06
8.7918751319589852e+00 1.3888718292295188e-06
8.7934915029252014e+00 1.3863829683880942e-06
8.7951078738914195e+00 1.3838985593757349e-06
8.7967242448576375e+00 1.3814185942448009e-06
8.7983406158238537e+00 1.3789430650618210e-06
8.7999569867900718e+00 1.3764719639074524e-06
8.8015733577562898e+00 1.3740052828764553e-06
8.8031897287225060e+00 1.3715430140776891e-06
8.8048060996887241e+00 1.3690851496340626e-06
8.8064224706549403e+00 1.3666316816825254e-06
8.8080388416211584e+00 1.3641826023740250e-06
8.8096552125873764e+00 1.3617379038735093e-06
8.8112715835535926e+00 1.3592975783598761e-06
8.8128879545198107e+00 1.3568616180259605e-06
8.8145043254860287e+00 1.3544300150785081e-06
8.8161206964522449e+00 1.3520027617381497e-06
8.8177370674184630e+00 1.3495798502393740e-06
8.8193534383846792e+00 1.3471612728305191e-06
8.8209698093508973e+00 1.3447470217737104e-06
8.8225861803171153e+00 1.3423370893448799e-06
8.8242025512833315e+00 1.3399314678337231e-06
8.8258189222495496e+00 1.3375301495436582e-06
8.8274352932157676e+00 1.3351331267918263e-06
8.8290516641819838e+00 1.3327403919090646e-06
8.8306680351482019e+00 1.3303519372398565e-06
8.8322844061144199e+00 1.3279677551423461e-06
8.8339007770806361e+00 1.3255878379882836e-06
8.8355171480468542e+00 1.3232121781630054e-06
8.8371335190130704e+00 1.3208407680654303e-06
8.8387498899792885e+00 1.3184736001080133e-06
8.8403662609455065e+00 1.3161106667167219e-06
8.8419826319117227e+00 1.3137519603310345e-06
8.8435990028779408e+00 1.3113974734038906e-06
8.8452153738441588e+00 1.3090471984016804e-06
8.8468317448103750e+00 1.3067011278042172e-06
8.8484481157765931e+00 1.3043592541047150e-06
8.8500644867428111e+00 1.3020215698097614e-06
8.8516808577090274e+00 1.2996880674393061e-06
8.8532972286752454e+00 1.2973587395266120e-06
8.8549135996414616e+00 1.2950335786182575e-06
8.8565299706076797e+00 1.2927125772740977e-06
8.8581463415738977e+00 1.2903957280672537e-06
8.8597627125401139e+00 1.2880830235840668e-06
8.8613790835063320e+00 1.2857744564240970e-06
8.8629954544725500e+00 1.2834700192000942e-06
8.8646118254387662e+00 1.2811697045379690e-06
8.8662281964049843e+00 1.2788735050767635e-06
8.8678445673712023e+00 1.2765814134686515e-06
8.8694609383374186e+00 1.2742934223788911e-06
8.8710773093036366e+00 1.2720095244858127e-06
8.8726936802698528e+00 1.2697297124807961e-06
8.8743100512360709e+00 1.2674539790682348e-06
8.8759264222022889e+00 1.2651823169655354e-06
8.8775427931685051e+00 1.2629147189030841e-06
8.8791591641347232e+00 1.2606511776242001e-06
8.8807755351009412e+00 1.2583916858851555e-06
8.8823919060671574e+00 1.2561362364551282e-06
8.8840082770333755e+00 1.2538848221161699e-06
8.8856246479995935e+00 1.2516374356632013e-06
8.8872410189658098e+00 1.2493940699039909e-06
8.8888573899320278e+00 1.2471547176591060e-06
8.8904737608982440e+00 1.2449193717619258e-06
8.8920901318644621e+00 1.2426880250585929e-06
8.8937065028306801e+00 1.2404606704079913e-06
8.8953228737968963e+00 1.2382373006817460e-06
8.8969392447631144e+00 1.2360179087641741e-06
8.8985556157293324e+00 1.2338024875522767e-06
8.9001719866955487e+00 1.2315910299557136e-06
8.9017883576617667e+00 1.2293835288967796e-06
8.9034047286279847e+00 1.2271799773103793e-06
8.9050210995942010e+00 1.2249803681440187e-06
8.9066374705604190e+00 1.2227846943577574e-06
8.9082538415266352e+00 1.2205929489242108e-06
8.9098702124928533e+00 1.2184051248285128e-06
8.9114865834590713e+00 1.2162212150683072e-06
8.9131029544252875e+00 1.2140412126537050e-06
8.9147193253915056e+00 1.2118651106072797e-06
8.9163356963577236e+00 1.2096929019640440e-06
8.9179520673239399e+00 1.2075245797714192e-06
8.9195684382901579e+00 1.2053601370892104e-06
8.9211848092563741e+00 1.2031995669896067e-06
8.9228011802225922e+00 1.2010428625571263e-06
8.9244175511888102e+00 1.1988900168886264e-06
8.9260339221550264e+00 1.1967410230932625e-06
8.9276502931212445e+00 1.1945958742924619e-06
8.9292666640874625e+00 1.1924545636199229e-06
8.9308830350536788e+00 1.1903170842215836e-06
8.9324994060198968e+00 1.1881834292555768e-06
8.9341157769861148e+00 1.1860535918922491e-06
8.9357321479523311e+00 1.1839275653141175e-06
8.9373485189185491e+00 1.1818053427158366e-06
8.9389648898847653e+00 1.1796869173042011e-06
8.9405812608509834e+00 1.1775722822981082e-06
8.9421976318172014e+00 1.1754614309285396e-06
8.9438140027834176e+00 1.1733543564385503e-06
8.9454303737496357e+00 1.1712510520832242e-06
8.9470467447158537e+00 1.1691515111296728e-06
8.9486631156820700e+00 1.1670557268570124e-06
8.9502794866482880e+00 1.1649636925563332e-06
8.9518958576145060e+00 1.1628754015306762e-06
8.9535122285807223e+00 1.1607908470950315e-06
8.9551285995469403e+00 1.1587100225762928e-06
8.9567449705131565e+00 1.1566329213132598e-06
8.9583613414793746e+00 1.1545595366565840e-06
8.9599777124455926e+00 1.1524898619687879e-06
8.9615940834118089e+00 1.1504238906242200e-06
8.9632104543780269e+00 1.1483616160090291e-06
8.9648268253442449e+00 1.1463030315211580e-06
8.9664431963104612e+00 1.1442481305703228e-06
8.9680595672766792e+00 1.1421969065779715e-06
8.9696759382428972e+00 1.1401493529772911e-06
8.9712923092091135e+00 1.1381054632131687e-06
8.9729086801753315e+00 1.1360652307421668e-06
8.9745250511415477e+00 1.1340286490325245e-06
8.9761414221077658e+00 1.1319957115641143e-06
8.9777577930739838e+00 1.1299664118284325e-06
8.9793741640402001e+00 1.1279407433285759e-06
8.9809905350064181e+00 1.1259186995792219e-06
8.9826069059726361e+00 1.1239002741066064e-06
8.9842232769388524e+00 1.1218854604485054e-06
8.9858396479050704e+00 1.1198742521542128e-06
8.9874560188712884e+00 1.1178666427845186e-06
8.9890723898375047e+00 1.1158626259116961e-06
8.9906887608037227e+00 1.1138621951194717e-06
8.9923051317699390e+00 1.1118653440030054e-06
8.9939215027361570e+00 1.1098720661688758e-06
8.9955378737023750e+00 1.1078823552350638e-06
8.9971542446685913e+00 1.1058962048309201e-06
8.9987706156348093e+00 1.1039136085971459e-06
9.0003869866010273e+00 1.1019345601857897e-06
9.0020033575672436e+00 1.0999590532602073e-06
9.0036197285334616e+00 1.0979870814950511e-06
9.0052360994996778e+00 1.0960186385762512e-06
9.0068524704658959e+00 1.0940537182009838e-06
9.0084688414321139e+00 1.0920923140776705e-06
9.0100852123983302e+00 1.0901344199259499e-06
9.0117015833645482e+00 1.0881800294766374e-06
9.0133179543307662e+00 1.0862291364717407e-06
9.0149343252969825e+00 1.0842817346644230e-06
9.0165506962632005e+00 1.0823378178189695e-06
9.0181670672294185e+00 1.0803973797107900e-06
9.0197834381956348e+00 1.0784604141263942e-06
9.0213998091618528e+00 1.0765269148633542e-06
9.0230161801280691e+00 1.0745968757303148e-06
9.0246325510942871e+00 1.0726702905469435e-06
9.0262489220605051e+00 1.0707471531439298e-06
9.0278652930267214e+00 1.0688274573629657e-06
9.0294816639929394e+00 1.0669111970567169e-06
9.0310980349591574e+00 1.0649983660888012e-06
9.0327144059253737e+00 1.0630889583337867e-06
9.0343307768915917e+00 1.0611829676771538e-06
9.0359471478578097e+00 1.0592803880152843e-06
9.0375635188240260e+00 1.0573812132554410e-06
9.0391798897902440e+00 1.0554854373157473e-06
9.0407962607564603e+00 1.0535930541251686e-06
9.0424126317226783e+00 1.0517040576234934e-06
9.0440290026888963e+00 1.0498184417613130e-06
9.0456453736551126e+00 1.0479362005000029e-06
9.0472617446213306e+00 1.0460573278117021e-06
9.0488781155875486e+00 1.0441818176793019e-06
9.0504944865537649e+00 1.0423096640964106e-06
9.0521108575199829e+00 1.0404408610673483e-06
9.0537272284862009e+00 1.0385754026071274e-06
9.0553435994524172e+00 1.0367132827414273e-06
9.0569599704186352e+00 1.0348544955065711e-06
9.0585763413848515e+00 1.0329990349495267e-06
9.0601927123510695e+00 1.0311468951278606e-06
9.0618090833172875e+00 1.0292980701097452e-06
9.0634254542835038e+00 1.0274525539739234e-06
9.0650418252497218e+00 1.0256103408096868e-06
9.0666581962159398e+00 1.0237714247168755e-06
9.0682745671821561e+00 1.0219357998058475e-06
9.0698909381483741e+00 1.0201034601974510e-06
9.0715073091145921e+00 1.0182744000230217e-06
9.0731236800808084e+00 1.0164486134243631e-06
9.0747400510470264e+00 1.0146260945537090e-06
9.0763564220132427e+00 1.0128068375737346e-06
9.0779727929794607e+00 1.0109908366575088e-06
9.0795891639456787e+00 1.0091780859884936e-06
9.0812055349118950e+00 1.0073685797605248e-06
9.0828219058781130e+00 1.0055623121777861e-06
9.0844382768443310e+00 1.0037592774547885e-06
9.0860546478105473e+00 1.0019594698163688e-06
9.0876710187767653e+00 1.0001628834976527e-06
9.0892873897429816e+00 9.9836951274404686e-07
9.0909037607091996e+00 9.9657935181121115e-07
9.0925201316754176e+00 9.9479239496505717e-07
9.0941365026416339e+00 9.9300863648171256e-07
9.0957528736078519e+00 9.9122807064751085e-07
9.0973692445740699e+00 9.8945069175897453e-07
9.0989856155402862e+00 9.8767649412279304e-07
9.1006019865065042e+00 9.8590547205580476e-07
9.1022183574727222e+00 9.8413761988498809e-07
9.1038347284389385e+00 9.8237293194742569e-07
9.1054510994051565e+00 9.8061140259030048e-07
9.1070674703713728e+00 9.7885302617088162e-07
9.1086838413375908e+00 9.7709779705648596e-07
9.1103002123038088e+00 9.7534570962447981e-07
9.1119165832700251e+00 9.7359675826225916e-07
9.1135329542362431e+00 9.7185093736721416e-07
9.1151493252024611e+00 9.7010824134673693e-07
9.1167656961686774e+00 9.6836866461818683e-07
9.1183820671348954e+00 9.6663220160886953e-07
9.1199984381011134e+00 9.6489884675603674e-07
9.1216148090673297e+00 9.6316859450686022e-07
9.1232311800335477e+00 9.6144143931839597e-07
9.1248475509997640e+00 9.5971737565760115e-07
9.1264639219659820e+00 9.5799639800128943e-07
9.1280802929322000e+00 9.5627850083612379e-07
9.1296966638984163e+00 9.5456367865859829e-07
9.1313130348646343e+00 9.5285192597501921e-07
9.1329294058308523e+00 9.5114323730148636e-07
9.1345457767970686e+00 9.4943760716388522e-07
9.1361621477632866e+00 9.4773503009785090e-07
9.1377785187295046e+00 9.4603550064876747e-07
9.1393948896957209e+00 9.4433901337174769e-07
9.1410112606619389e+00 9.4264556283160952e-07
9.1426276316281552e+00 9.4095514360285928e-07
9.1442440025943732e+00 9.3926775026968021e-07
9.1458603735605912e+00 9.3758337742591652e-07
9.1474767445268075e+00 9.3590201967504802e-07
9.1490931154930255e+00 9.3422367163017206e-07
9.1507094864592435e+00 9.3254832791400185e-07
9.1523258574254598e+00 9.3087598315883167e-07
9.1539422283916778e+00 9.2920663200652878e-07
9.1555585993578958e+00 9.2754026910851379e-07
9.1571749703241121e+00 9.2587688912575021e-07
9.1587913412903301e+00 9.2421648672871024e-07
9.1604077122565464e+00 9.2255905659738331e-07
9.1620240832227644e+00 9.2090459342123243e-07
9.1636404541889824e+00 9.1925309189919696e-07
9.1652568251551987e+00 9.1760454673967193e-07
9.1668731961214167e+00 9.1595895266047740e-07
9.1684895670876347e+00 9.1431630438886418e-07
9.1701059380538510e+00 9.1267659666148062e-07
9.1717223090200690e+00 9.1103982422435497e-07
9.1733386799862870e+00 9.0940598183289313e-07
9.1749550509525033e+00 9.0777506425185231e-07
9.1765714219187213e+00 9.0614706625531897e-07
9.1781877928849376e+00 9.0452198262670231e-07
9.1798041638511556e+00 9.0289980815871270e-07
9.1814205348173736e+00 9.0128053765335216e-07
9.1830369057835899e+00 8.9966416592188236e-07
9.1846532767498079e+00 8.9805068778482164e-07
9.1862696477160259e+00 8.9644009807192928e-07
9.1878860186822422e+00 8.9483239162218039e-07
9.1895023896484602e+00 8.9322756328374832e-07
9.1911187606146765e+00 8.9162560791400625e-07
9.1927351315808945e+00 8.9002652037948348e-07
9.1943515025471125e+00 8.8843029555587567e-07
9.1959678735133288e+00 8.8683692832801218e-07
9.1975842444795468e+00 8.8524641358983904e-07
9.1992006154457648e+00 8.8365874624441556e-07
9.2008169864119811e+00 8.8207392120389252e-07
9.2024333573781991e+00 8.8049193338947924e-07
9.2040497283444171e+00 8.7891277773145714e-07
9.2056660993106334e+00 8.7733644916914637e-07
9.2072824702768514e+00 8.7576294265088381e-07
9.2088988412430677e+00 8.7419225313402220e-07
9.2105152122092857e+00 8.7262437558490476e-07
9.2121315831755037e+00 8.7105930497885095e-07
9.2137479541417200e+00 8.6949703630014606e-07
9.2153643251079380e+00 8.6793756454201139e-07
9.2169806960741560e+00 8.6638088470660228e-07
9.2185970670403723e+00 8.6482699180498998e-07
9.2202134380065903e+00 8.6327588085713913e-07
9.2218298089728084e+00 8.6172754689189194e-07
9.2234461799390246e+00 8.6018198494696527e-07
9.2250625509052426e+00 8.5863919006891904e-07
9.2266789218714589e+00 8.5709915731315086e-07
9.2282952928376769e+00 8.5556188174387049e-07
9.2299116638038949e+00 8.5402735843409912e-07
9.2315280347701112e+00 8.5249558246563863e-07
9.2331444057363292e+00 8.5096654892906404e-07
9.2347607767025472e+00 8.4944025292370656e-07
9.2363771476687635e+00 8.4791668955763635e-07
9.2379935186349815e+00 8.4639585394764760e-07
9.2396098896011996e+00 8.4487774121924875e-07
9.2412262605674158e+00 8.4336234650663342e-07
9.2428426315336338e+00 8.4184966495267710e-07
9.2444590024998501e+00 8.4033969170892349e-07
9.2460753734660681e+00 8.3883242193555276e-07
9.2476917444322861e+00 8.3732785080138288e-07
9.2493081153985024e+00 8.3582597348385242e-07
9.2509244863647204e+00 8.3432678516898981e-07
9.2525408573309385e+00 8.3283028105142066e-07
9.2541572282971547e+00 8.3133645633433628e-07
9.2557735992633727e+00 8.2984530622947774e-07
9.2573899702295908e+00 8.2835682595713544e-07
9.2590063411958070e+00 8.2687101074612385e-07
9.2606227121620250e+00 8.2538785583375841e-07
9.2622390831282413e+00 8.2390735646585728e-07
9.2638554540944593e+00 8.2242950789671445e-07
9.2654718250606773e+00 8.2095430538908723e-07
9.2670881960268936e+00 8.1948174421418954e-07
9.2687045669931116e+00 8.1801181965165891e-07
9.2703209379593297e+00 8.1654452698955639e-07
9.2719373089255459e+00 8.1507986152435187e-07
9.2735536798917639e+00 8.1361781856090000e-07
9.2751700508579802e+00 8.1215839341242710e-07
9.2767864218241982e+00 8.1070158140052211e-07
9.2784027927904162e+00 8.0924737785512130e-07
9.2800191637566325e+00 8.0779577811448747e-07
9.2816355347228505e+00 8.0634677752519407e-07
9.2832519056890686e+00 8.0490037144212344e-07
9.2848682766552848e+00 8.0345655522843702e-07
9.2864846476215028e+00 8.0201532425556838e-07
9.2881010185877209e+00 8.0057667390320700e-07
9.2897173895539371e+00 7.9914059955928336e-07
9.2913337605201551e+00 7.9770709661995243e-07
9.2929501314863714e+00 7.9627616048958931e-07
9.2945665024525894e+00 7.9484778658075100e-07
9.2961828734188074e+00 7.9342197031418979e-07
9.2977992443850237e+00 7.9199870711882535e-07
9.2994156153512417e+00 7.9057799243172306e-07
9.3010319863174598e+00 7.8915982169809178e-07
9.3026483572836760e+00 7.8774419037126946e-07
9.3042647282498940e+00 7.8633109391269274e-07
9.3058810992161121e+00 7.8492052779190563e-07
9.3074974701823283e+00 7.8351248748652818e-07
9.3091138411485463e+00 7.8210696848224240e-07
9.3107302121147626e+00 7.8070396627279160e-07
9.3123465830809806e+00 7.7930347635995343e-07
9.3139629540471987e+00 7.7790549425352471e-07
9.3155793250134149e+00 7.7651001547132017e-07
9.3171956959796329e+00 7.7511703553914416e-07
9.3188120669458510e+00 7.7372654999078318e-07
9.3204284379120672e+00 7.7233855436799102e-07
9.3220448088782852e+00 7.7095304422047382e-07
9.3236611798445033e+00 7.6957001510587475e-07
9.3252775508107195e+00 7.6818946258976671e-07
9.3268939217769375e+00 7.6681138224562484e-07
9.3285102927431538e+00 7.6543576965482609e-07
9.3301266637093718e+00 7.6406262040662574e-07
9.3317430346755899e+00 7.6269193009815362e-07
9.3333594056418061e+00 7.6132369433438510e-07
9.3349757766080241e+00 7.5995790872813982e-07
9.3365921475742422e+00 7.5859456890006549e-07
9.3382085185404584e+00 7.5723367047862050e-07
9.3398248895066764e+00 7.5587520910005651e-07
9.3414412604728945e+00 7.5451918040841785e-07
9.3430576314391107e+00 7.5316558005551403e-07
9.3446740024053287e+00 7.5181440370091266e-07
9.3462903733715450e+00 7.5046564701192576e-07
9.3479067443377630e+00 7.4911930566358847e-07
9.3495231153039811e+00 7.4777537533865880e-07
9.3511394862701973e+00 7.4643385172759541e-07
9.3527558572364153e+00 7.4509473052853862e-07
9.3543722282026334e+00 7.4375800744730752e-07
9.3559885991688496e+00 7.4242367819738494e-07
9.3576049701350676e+00 7.4109173849989130e-07
9.3592213411012857e+00 7.3976218408358991e-07
9.3608377120675019e+00 7.3843501068486038e-07
9.3624540830337200e+00 7.3711021404768319e-07
9.3640704539999362e+00 7.3578778992364017e-07
9.3656868249661542e+00 7.3446773407188797e-07
9.3673031959323723e+00 7.3315004225914535e-07
9.3689195668985885e+00 7.3183471025969040e-07
9.3705359378648065e+00 7.3052173385533482e-07
9.3721523088310246e+00 7.2921110883541737e-07
9.3737686797972408e+00 7.2790283099678810e-07
9.3753850507634588e+00 7.2659689614379541e-07
9.3770014217296751e+00 7.2529330008827376e-07
9.3786177926958931e+00 7.2399203864952815e-07
9.3802341636621112e+00 7.2269310765432159e-07
9.3818505346283274e+00 7.2139650293686725e-07
9.3834669055945454e+00 7.2010222033880132e-07
9.3850832765607635e+00 7.1881025570918738e-07
9.3866996475269797e+00 7.1752060490449175e-07
9.3883160184931977e+00 7.1623326378856754e-07
9.3899323894594158e+00 7.1494822823265471e-07
9.3915487604256320e+00 7.1366549411536041e-07
9.3931651313918501e+00 7.1238505732263237e-07
9.3947815023580663e+00 7.1110691374777322e-07
9.3963978733242843e+00 7.0983105929140027e-07
9.3980142442905024e+00 7.0855748986145361e-07
9.3996306152567186e+00 7.0728620137316938e-07
9.4012469862229366e+00 7.0601718974907177e-07
9.4028633571891547e+00 7.0475045091895891e-07
9.4044797281553709e+00 7.0348598081989611e-07
9.4060960991215889e+00 7.0222377539618926e-07
9.4077124700878070e+00 7.0096383059938468e-07
9.4093288410540232e+00 6.9970614238825332e-07
9.4109452120202413e+00 6.9845070672877484e-07
9.4125615829864575e+00 6.9719751959412296e-07
9.4141779539526755e+00 6.9594657696465909e-07
9.4157943249188936e+00 6.9469787482791818e-07
9.4174106958851098e+00 6.9345140917859227e-07
9.4190270668513278e+00 6.9220717601851540e-07
9.4206434378175459e+00 6.9096517135666282e-07
9.4222598087837621e+00 6.8972539120912569e-07
9.4238761797499802e+00 6.8848783159910446e-07
9.4254925507161982e+00 6.8725248855689503e-07
9.4271089216824144e+00 6.8601935811987591e-07
9.4287252926486325e+00 6.8478843633249524e-07
9.4303416636148487e+00 6.8355971924626308e-07
9.4319580345810667e+00 6.8233320291972708e-07
9.4335744055472848e+00 6.8110888341847182e-07
9.4351907765135010e+00 6.7988675681510475e-07
9.4368071474797190e+00 6.7866681918923296e-07
9.4384235184459371e+00 6.7744906662746652e-07
9.4400398894121533e+00 6.7623349522339513e-07
9.4416562603783714e+00 6.7502010107757389e-07
9.4432726313445894e+00 6.7380888029752258e-07
9.4448890023108056e+00 6.7259982899770755e-07
9.4465053732770237e+00 6.7139294329951632e-07
9.4481217442432399e+00 6.7018821933127013e-07
9.4497381152094579e+00 6.6898565322819218e-07
9.4513544861756760e+00 6.6778524113240228e-07
9.4529708571418922e+00 6.6658697919290486e-07
9.4545872281081103e+00 6.6539086356557524e-07
9.4562035990743283e+00 6.6419689041314686e-07
9.4578199700405445e+00 6.6300505590520491e-07
9.4594363410067626e+00 6.6181535621816252e-07
9.4610527119729788e+00 6.6062778753525968e-07
9.4626690829391968e+00 6.5944234604654517e-07
9.4642854539054149e+00 6.5825902794887048e-07
9.4659018248716311e+00 6.5707782944586625e-07
9.4675181958378491e+00 6.5589874674794083e-07
9.4691345668040672e+00 6.5472177607226722e-07
9.4707509377702834e+00 6.5354691364276608e-07
9.4723673087365015e+00 6.5237415569009240e-07
9.4739836797027195e+00 6.5120349845163457e-07
9.4756000506689357e+00 6.5003493817149000e-07
9.4772164216351538e+00 6.4886847110045983e-07
9.4788327926013700e+00 6.4770409349603645e-07
9.4804491635675880e+00 6.4654180162238518e-07
9.4820655345338061e+00 6.4538159175034448e-07
9.4836819055000223e+00 6.4422346015740814e-07
9.4852982764662404e+00 6.4306740312770160e-07
9.4869146474324584e+00 6.4191341695199252e-07
9.4885310183986746e+00 6.4076149792766610e-07
9.4901473893648927e+00 6.3961164235870815e-07
9.4917637603311107e+00 6.3846384655570458e-07
9.4933801312973269e+00 6.3731810683582803e-07
9.4949965022635450e+00 6.3617441952281468e-07
9.4966128732297612e+00 6.3503278094697104e-07
9.4982292441959792e+00 6.3389318744514317e-07
9.4998456151621973e+00 6.3275563536071830e-07
9.5014619861284135e+00 6.3162012104361103e-07
9.5030783570946316e+00 6.3048664085024719e-07
9.5046947280608496e+00 6.2935519114355148e-07
9.5063110990270658e+00 6.2822576829294598e-07
9.5079274699932839e+00 6.2709836867432685e-07
9.5095438409595019e+00 6.2597298867005883e-07
9.5111602119257181e+00 6.2484962466896306e-07
9.5127765828919362e+00 6.2372827306630439e-07
9.5143929538581524e+00 6.2260893026378085e-07
9.5160093248243705e+00 6.2149159266951241e-07
9.5176256957905885e+00 6.2037625669802818e-07
9.5192420667568047e+00 6.1926291877025629e-07
9.5208584377230228e+00 6.1815157531351131e-07
9.5224748086892408e+00 6.1704222276148753e-07
9.5240911796554570e+00 6.1593485755423730e-07
9.5257075506216751e+00 6.1482947613816940e-07
9.5273239215878931e+00 6.1372607496603661e-07
9.5289402925541093e+00 6.1262465049691931e-07
9.5305566635203274e+00 6.1152519919621754e-07
9.5321730344865436e+00 6.1042771753564095e-07
9.5337894054527617e+00 6.0933220199319140e-07
9.5354057764189797e+00 6.0823864905316198e-07
9.5370221473851959e+00 6.0714705520612101e-07
9.5386385183514140e+00 6.0605741694889005e-07
9.5402548893176320e+00 6.0496973078455286e-07
9.5418712602838482e+00 6.0388399322243266e-07
9.5434876312500663e+00 6.0280020077807733e-07
9.5451040022162843e+00 6.0171834997325627e-07
9.5467203731825006e+00 6.0063843733595042e-07
9.5483367441487186e+00 5.9956045940032892e-07
9.5499531151149348e+00 5.9848441270675578e-07
9.5515694860811529e+00 5.9741029380176132e-07
9.5531858570473709e+00 5.9633809923804256e-07
9.5548022280135871e+00 5.9526782557445235e-07
9.5564185989798052e+00 5.9419946937598135e-07
9.5580349699460232e+00 5.9313302721374870e-07
9.5596513409122394e+00 5.9206849566499919e-07
9.5612677118784575e+00 5.9100587131308249e-07
9.5628840828446737e+00 5.8994515074744818e-07
9.5645004538108918e+00 5.8888633056362838e-07
9.5661168247771098e+00 5.8782940736323818e-07
9.5677331957433260e+00 5.8677437775395382e-07
9.5693495667095441e+00 5.8572123834950657e-07
9.5709659376757621e+00 5.8466998576967243e-07
9.5725823086419783e+00 5.8362061664025986e-07
9.5741986796081964e+00 5.8257312759309879e-07
9.5758150505744144e+00 5.8152751526603487e-07
9.5774314215406307e+00 5.8048377630290809e-07
9.5790477925068487e+00 5.7944190735355228e-07
9.5806641634730649e+00 5.7840190507378342e-07
9.5822805344392830e+00 5.7736376612538018e-07
9.5838969054055010e+00 5.7632748717608276e-07
9.5855132763717172e+00 5.7529306489958219e-07
9.5871296473379353e+00 5.7426049597549863e-07
9.5887460183041533e+00 5.7322977708938685e-07
9.5903623892703695e+00 5.7220090493271361e-07
9.5919787602365876e+00 5.7117387620284833e-07
9.5935951312028056e+00 5.7014868760306041e-07
9.5952115021690219e+00 5.6912533584250437e-07
9.5968278731352399e+00 5.6810381763619913e-07
9.5984442441014561e+00 5.6708412970503832e-07
9.6000606150676742e+00 5.6606626877576116e-07
9.6016769860338922e+00 5.6505023158095500e-07
9.6032933570001084e+00 5.6403601485903351e-07
9.6049097279663265e+00 5.6302361535423400e-07
9.6065260989325445e+00 5.6201302981660881e-07
9.6081424698987608e+00 5.6100425500200766e-07
9.6097588408649788e+00 5.5999728767206891e-07
9.6113752118311968e+00 5.5899212459421720e-07
9.6129915827974131e+00 5.5798876254164262e-07
9.6146079537636311e+00 5.5698719829329645e-07
9.6162243247298473e+00 5.5598742863388079e-07
9.6178406956960654e+00 5.5498945035383259e-07
9.6194570666622834e+00 5.5399326024932237e-07
9.6210734376284996e+00 5.5299885512224095e-07
9.6226898085947177e+00 5.5200623178018121e-07
9.6243061795609357e+00 5.5101538703643821e-07
9.6259225505271520e+00 5.5002631770999899e-07
9.6275389214933700e+00 5.4903902062552043e-07
9.6291552924595880e+00 5.4805349261333524e-07
9.6307716634258043e+00 5.4706973050943146e-07
9.6323880343920223e+00 5.4608773115544157e-07
9.6340044053582385e+00 5.4510749139864170e-07
9.6356207763244566e+00 5.4412900809193335e-07
9.6372371472906746e+00 5.4315227809383213e-07
9.6388535182568909e+00 5.4217729826846825e-07
9.6404698892231089e+00 5.4120406548556495e-07
9.6420862601893269e+00 5.4023257662043452e-07
9.6437026311555432e+00 5.3926282855396729e-07
9.6453190021217612e+00 5.3829481817262155e-07
9.6469353730879774e+00 5.3732854236841286e-07
9.6485517440541955e+00 5.3636399803890583e-07
9.6501681150204135e+00 5.3540118208720283e-07
9.6517844859866297e+00 5.3444009142193440e-07
9.6534008569528478e+00 5.3348072295724920e-07
9.6550172279190658e+00 5.3252307361280752e-07
9.6566335988852821e+00 5.3156714031376360e-07
9.6582499698515001e+00 5.3061291999076312e-07
9.6598663408177181e+00 5.2966040957993333e-07
9.6614827117839344e+00 5.2870960602286822e-07
9.6630990827501524e+00 5.2776050626661986e-07
9.6647154537163686e+00 5.2681310726369659e-07
9.6663318246825867e+00 5.2586740597203854e-07
9.6679481956488047e+00 5.2492339935502477e-07
9.6695645666150210e+00 5.2398108438145120e-07
9.6711809375812390e+00 5.2304045802552261e-07
9.6727973085474570e+00 5.2210151726685068e-07
9.6744136795136733e+00 5.2116425909043901e-07
9.6760300504798913e+00 5.2022868048666635e-07
9.6776464214461093e+00 5.1929477845129149e-07
9.6792627924123256e+00 5.1836254998543694e-07
9.6808791633785436e+00 5.1743199209557287e-07
9.6824955343447598e+00 5.1650310179351854e-07
9.6841119053109779e+00 5.1557587609642616e-07
9.6857282762771959e+00 5.1465031202677247e-07
9.6873446472434122e+00 5.1372640661235370e-07
9.6889610182096302e+00 5.1280415688626648e-07
9.6905773891758482e+00 5.1188355988690702e-07
9.6921937601420645e+00 5.1096461265796081e-07
9.6938101311082825e+00 5.1004731224838932e-07
9.6954265020745005e+00 5.0913165571241938e-07
9.6970428730407168e+00 5.0821764010954327e-07
9.6986592440069348e+00 5.0730526250449867e-07
9.7002756149731511e+00 5.0639451996726531e-07
9.7018919859393691e+00 5.0548540957305059e-07
9.7035083569055871e+00 5.0457792840228960e-07
9.7051247278718034e+00 5.0367207354062520e-07
9.7067410988380214e+00 5.0276784207890514e-07
9.7083574698042394e+00 5.0186523111317058e-07
9.7099738407704557e+00 5.0096423774464723e-07
9.7115902117366737e+00 5.0006485907973533e-07
9.7132065827028917e+00 4.9916709223000447e-07
9.7148229536691080e+00 4.9827093431217852e-07
9.7164393246353260e+00 4.9737638244812689e-07
9.7180556956015423e+00 4.9648343376486394e-07
9.7196720665677603e+00 4.9559208539452598e-07
9.7212884375339783e+00 4.9470233447437593e-07
9.7229048085001946e+00 4.9381417814678564e-07
9.7245211794664126e+00 4.9292761355922542e-07
9.7261375504326306e+00 4.9204263786426381e-07
9.7277539213988469e+00 4.9115924821955384e-07
9.7293702923650649e+00 4.9027744178781529e-07
9.7309866633312829e+00 4.8939721573684189e-07
9.7326030342974992e+00 4.8851856723948297e-07
9.7342194052637172e+00 4.8764149347363156e-07
9.7358357762299335e+00 4.8676599162222238e-07
9.7374521471961515e+00 4.8589205887321978e-07
9.7390685181623695e+00 4.8501969241960761e-07
9.7406848891285858e+00 4.8414888945938488e-07
9.7423012600948038e+00 4.8327964719554895e-07
9.7439176310610218e+00 4.8241196283609321e-07
9.7455340020272381e+00 4.8154583359399826e-07
9.7471503729934561e+00 4.8068125668721910e-07
9.7487667439596724e+00 4.7981822933867606e-07
9.7503831149258904e+00 4.7895674877625022e-07
9.7519994858921084e+00 4.7809681223277387e-07
9.7536158568583247e+00 4.7723841694601836e-07
9.7552322278245427e+00 4.7638156015868466e-07
9.7568485987907607e+00 4.7552623911840190e-07
9.7584649697569770e+00 4.7467245107771051e-07
9.7600813407231950e+00 4.7382019329405750e-07
9.7616977116894130e+00 4.7296946302978696e-07
9.7633140826556293e+00 4.7212025755213086e-07
9.7649304536218473e+00 4.7127257413320036e-07
9.7665468245880636e+00 4.7042641004998141e-07
9.7681631955542816e+00 4.6958176258431397e-07
9.7697795665204996e+00 4.6873862902289875e-07
9.7713959374867159e+00 4.6789700665728088e-07
9.7730123084529339e+00 4.6705689278383693e-07
9.7746286794191519e+00 4.6621828470377439e-07
9.7762450503853682e+00 4.6538117972312176e-07
9.7778614213515862e+00 4.6454557515271221e-07
9.7794777923178042e+00 4.6371146830818674e-07
9.7810941632840205e+00 4.6287885650997705e-07
9.7827105342502385e+00 4.6204773708329715e-07
9.7843269052164548e+00 4.6121810735814201e-07
9.7859432761826728e+00 4.6038996466927237e-07
9.7875596471488908e+00 4.5956330635620498e-07
9.7891760181151071e+00 4.5873812976321325e-07
9.7907923890813251e+00 4.5791443223930860e-07
9.7924087600475431e+00 4.5709221113823758e-07
9.7940251310137594e+00 4.5627146381847228e-07
9.7956415019799774e+00 4.5545218764320136e-07
9.7972578729461954e+00 4.5463437998032141e-07
9.7988742439124117e+00 4.5381803820243182e-07
9.8004906148786297e+00 4.5300315968682076e-07
9.8021069858448460e+00 4.5218974181546248e-07
9.8037233568110640e+00 4.5137778197500190e-07
9.8053397277772820e+00 4.5056727755675535e-07
9.8069560987434983e+00 4.4975822595669867e-07
9.8085724697097163e+00 4.4895062457544988e-07
9.8101888406759343e+00 4.4814447081827666e-07
9.8118052116421506e+00 4.4733976209507936e-07
9.8134215826083686e+00 4.4653649582037938e-07
9.8150379535745866e+00 4.4573466941331767e-07
9.8166543245408029e+00 4.4493428029764676e-07
9.8182706955070209e+00 4.4413532590171394e-07
9.8198870664732372e+00 4.4333780365846602e-07
9.8215034374394552e+00 4.4254171100542541e-07
9.8231198084056732e+00 4.4174704538469788e-07
9.8247361793718895e+00 4.4095380424295549e-07
9.8263525503381075e+00 4.4016198503142915e-07
9.8279689213043255e+00 4.3937158520589902e-07
9.8295852922705418e+00 4.3858260222669404e-07
9.8312016632367598e+00 4.3779503355867477e-07
9.8328180342029761e+00 4.3700887667123091e-07
9.8344344051691941e+00 4.3622412903826855e-07
9.8360507761354121e+00 4.3544078813820972e-07
9.8376671471016284e+00 4.3465885145397606e-07
9.8392835180678464e+00 4.3387831647298563e-07
9.8408998890340644e+00 4.3309918068714359e-07
9.8425162600002807e+00 4.3232144159283384e-07
9.8441326309664987e+00 4.3154509669091140e-07
9.8457490019327167e+00 4.3077014348669711e-07
9.8473653728989330e+00 4.2999657948996239e-07
9.8489817438651510e+00 4.2922440221492858e-07
9.8505981148313673e+00 4.2845360918025853e-07
9.8522144857975853e+00 4.2768419790904196e-07
9.8538308567638033e+00 4.2691616592879452e-07
9.8554472277300196e+00 4.2614951077144998e-07
9.8570635986962376e+00 4.2538422997334409e-07
9.8586799696624556e+00 4.2462032107521864e-07
9.8602963406286719e+00 4.2385778162220497e-07
9.8619127115948899e+00 4.2309660916381575e-07
9.8635290825611079e+00 4.2233680125394508e-07
9.8651454535273242e+00 4.2157835545085595e-07
9.8667618244935422e+00 4.2082126931716490e-07
9.8683781954597585e+00 4.2006554041985030e-07
9.8699945664259765e+00 4.1931116633023121e-07
9.8716109373921945e+00 4.1855814462396518e-07
9.8732273083584108e+00 4.1780647288104028e-07
9.8748436793246288e+00 4.1705614868576582e-07
9.8764600502908468e+00 4.1630716962676537e-07
9.8780764212570631e+00 4.1555953329697234e-07
9.8796927922232811e+00 4.1481323729361469e-07
9.8813091631894991e+00 4.1406827921821353e-07
9.8829255341557154e+00 4.1332465667657609e-07
9.8845419051219334e+00 4.1258236727878386e-07
9.8861582760881497e+00 4.1184140863918497e-07
9.8877746470543677e+00 4.1110177837639064e-07
9.8893910180205857e+00 4.1036347411326655e-07
9.8910073889868020e+00 4.0962649347692188e-07
9.8926237599530200e+00 4.0889083409870497e-07
9.8942401309192380e+00 4.0815649361419461e-07
9.8958565018854543e+00 4.0742346966319240e-07
9.8974728728516723e+00 4.0669175988971512e-07
9.8990892438178903e+00 4.0596136194199056e-07
9.9007056147841066e+00 4.0523227347244244e-07
9.9023219857503246e+00 4.0450449213768991e-07
9.9039383567165409e+00 4.0377801559853972e-07
9.9055547276827589e+00 4.0305284151997217e-07
9.9071710986489769e+00 4.0232896757114091e-07
9.9087874696151932e+00 4.0160639142536480e-07
9.9104038405814112e+00 4.0088511076011327e-07
9.9120202115476292e+00 4.0016512325700923e-07
9.9136365825138455e+00 3.9944642660181468e-07
9.9152529534800635e+00 3.9872901848442276e-07
9.9168693244462816e+00 3.9801289659885692e-07
9.9184856954124978e+00 3.9729805864325957e-07
9.9201020663787158e+00 3.9658450231987897e-07
9.9217184373449321e+00 3.9587222533507420e-07
9.9233348083111501e+00 3.9516122539929794e-07
9.9249511792773681e+00 3.9445150022709295e-07
9.9265675502435844e+00 3.9374304753708471e-07
9.9281839212098024e+00 3.9303586505197337e-07
9.9298002921760204e+00 3.9232995049852637e-07
9.9314166631422367e+00 3.9162530160757458e-07
9.9330330341084547e+00 3.9092191611399742e-07
9.9346494050746710e+00 3.9021979175672393e-07
9.9362657760408890e+00 3.8951892627872009e-07
9.9378821470071070e+00 3.8881931742698626e-07
9.9394985179733233e+00 3.8812096295254351e-07
9.9411148889395413e+00 3.8742386061043191e-07
9.9427312599057593e+00 3.8672800815970308e-07
9.9443476308719756e+00 3.8603340336341068e-07
9.9459640018381936e+00 3.8534004398860146e-07
9.9475803728044117e+00 3.8464792780631548e-07
9.9491967437706279e+00 3.8395705259157157e-07
9.9508131147368459e+00 3.8326741612336364e-07
9.9524294857030622e+00 3.8257901618465366e-07
9.9540458566692802e+00 3.8189185056236161e-07
9.9556622276354982e+00 3.8120591704736367e-07
9.9572785986017145e+00 3.8052121343448335e-07
9.9588949695679325e+00 3.7983773752247691e-07
9.9605113405341505e+00 3.7915548711403912e-07
9.9621277115003668e+00 3.7847446001578928e-07
9.9637440824665848e+00 3.7779465403826110e-07
9.9653604534328029e+00 3.7711606699590227e-07
9.9669768243990191e+00 3.7643869670706582e-07
9.9685931953652371e+00 3.7576254099399795e-07
9.9702095663314534e+00 3.7508759768284029e-07
9.9718259372976714e+00 3.7441386460361322e-07
9.9734423082638894e+00 3.7374133959021563e-07
9.9750586792301057e+00 3.7307002048041709e-07
9.9766750501963237e+00 3.7239990511584801e-07
9.9782914211625418e+00 3.7173099134199533e-07
9.9799077921287580e+00 3.7106327700819443e-07
9.9815241630949760e+00 3.7039675996762299e-07
9.9831405340611941e+00 3.6973143807729328e-07
9.9847569050274103e+00 3.6906730919804841e-07
9.9863732759936283e+00 3.6840437119454914e-07
9.9879896469598446e+00 3.6774262193527331e-07
9.9896060179260626e+00 3.6708205929250560e-07
9.9912223888922806e+00 3.6642268114233431e-07
9.9928387598584969e+00 3.6576448536463808e-07
9.9944551308247149e+00 3.6510746984308529e-07
9.9960715017909330e+00 3.6445163246512617e-07
9.9976878727571492e+00 3.6379697112198390e-07
9.9993042437233672e+00 3.6314348370864676e-07
1.0000920614689585e+01 3.6249116812386794e-07
1.0002536985655802e+01 3.6184002227015188e-07
1.0004153356622020e+01 3.6119004405375030e-07
1.0005769727588236e+01 3.6054123138465719e-07
1.0007386098554454e+01 3.5989358217659673e-07
1.0009002469520672e+01 3.5924709434702414e-07
1.0010618840486888e+01 3.5860176581711584e-07
1.0012235211453106e+01 3.5795759451175625e-07
1.0013851582419324e+01 3.5731457835954298e-07
1.0015467953385540e+01 3.5667271529277353e-07
1.0017084324351758e+01 3.5603200324743638e-07
1.0018700695317975e+01 3.5539244016321019e-07
1.0020317066284193e+01 3.5475402398345407e-07
1.0021933437250411e+01 3.5411675265520018e-07
1.0023549808216627e+01 3.5348062412915182e-07
1.0025166179182845e+01 3.5284563635966902e-07
1.0026782550149063e+01 3.5221178730477053e-07
1.0028398921115279e+01 3.5157907492612116e-07
1.0030015292081497e+01 3.5094749718902803e-07
1.0031631663047715e+01 3.5031705206243372e-07
1.0033248034013932e+01 3.4968773751890901e-07
1.0034864404980150e+01 3.4905955153464708e-07
1.0036480775946366e+01 3.4843249208945948e-07
1.0038097146912584e+01 3.4780655716676103e-07
1.0039713517878802e+01 3.4718174475357534e-07
1.0041329888845018e+01 3.4655805284052178e-07
1.0042946259811236e+01 3.4593547942180652e-07
1.0044562630777454e+01 3.4531402249522177e-07
1.0046179001743671e+01 3.4469368006213866e-07
1.0047795372709889e+01 3.4407445012749458e-07
1.0049411743676107e+01 3.4345633069979639e-07
1.0051028114642323e+01 3.4283931979110721e-07
1.0052644485608541e+01 3.4222341541703980e-07
1.0054260856574757e+01 3.4160861559675663e-07
1.0055877227540975e+01 3.4099491835295718e-07
1.0057493598507193e+01 3.4038232171187215e-07
1.0059109969473409e+01 3.3977082370326271e-07
1.0060726340439627e+01 3.3916042236040751e-07
1.0062342711405845e+01 3.3855111572009997e-07
1.0063959082372062e+01 3.3794290182264158e-07
1.0065575453338280e+01 3.3733577871183512e-07
1.0067191824304498e+01 3.3672974443497783e-07
1.0068808195270714e+01 3.3612479704285897e-07
1.0070424566236932e+01 3.3552093458974624e-07
1.0072040937203148e+01 3.3491815513338716e-07
1.0073657308169366e+01 3.3431645673499781e-07
1.0075273679135584e+01 3.3371583745926077e-07
1.0076890050101801e+01 3.3311629537431515e-07
1.0078506421068019e+01 3.3251782855175019e-07
1.0080122792034237e+01 3.3192043506660465e-07
1.0081739163000453e+01 3.3132411299735421e-07
1.0083355533966671e+01 3.3072886042590870e-07
1.0084971904932889e+01 3.3013467543760530e-07
1.0086588275899105e+01 3.2954155612120253e-07
1.0088204646865323e+01 3.2894950056887302e-07
1.0089821017831540e+01 3.2835850687620179e-07
1.0091437388797758e+01 3.2776857314217050e-07
1.0093053759763976e+01 3.2717969746916351e-07
1.0094670130730192e+01 3.2659187796295491e-07
1.0096286501696410e+01 3.2600511273270102e-07
1.0097902872662628e+01 3.2541939989093816e-07
1.0099519243628844e+01 3.2483473755357754e-07
1.0101135614595062e+01 3.2425112383989284e-07
1.0102751985561278e+01 3.2366855687252323e-07
1.0104368356527496e+01 3.2308703477745798e-07
1.0105984727493714e+01 3.2250655568403728e-07
1.0107601098459931e+01 3.2192711772494537e-07
1.0109217469426149e+01 3.2134871903620146e-07
1.0110833840392367e+01 3.2077135775715442e-07
1.0112450211358583e+01 3.2019503203048138e-07
1.0114066582324801e+01 3.1961974000217588e-07
1.0115682953291019e+01 3.1904547982154525e-07
1.0117299324257235e+01 3.1847224964120391e-07
1.0118915695223453e+01 3.1790004761706754e-07
1.0120532066189670e+01 3.1732887190834699e-07
1.0122148437155888e+01 3.1675872067754293e-07
1.0123764808122106e+01 3.1618959209043922e-07
1.0125381179088322e+01 3.1562148431609777e-07
1.0126997550054540e+01 3.1505439552685170e-07
1.0128613921020758e+01 3.1448832389830233e-07
1.0130230291986974e+01 3.1392326760930816e-07
1.0131846662953192e+01 3.1335922484198335e-07
1.0133463033919410e+01 3.1279619378169225e-07
1.0135079404885627e+01 3.1223417261704066e-07
1.0136695775851845e+01 3.1167315953986975e-07
1.0138312146818061e+01 3.1111315274525583e-07
1.0139928517784279e+01 3.1055415043149659e-07
1.0141544888750497e+01 3.0999615080011289e-07
1.0143161259716713e+01 3.0943915205583820e-07
1.0144777630682931e+01 3.0888315240661250e-07
1.0146394001649149e+01 3.0832815006358117e-07
1.0148010372615365e+01 3.0777414324108713e-07
1.0149626743581583e+01 3.0722113015665895e-07
1.0151243114547801e+01 3.0666910903101626e-07
1.0152859485514018e+01 3.0611807808805755e-07
1.0154475856480236e+01 3.0556803555485250e-07
1.0156092227446452e+01 3.0501897966164186e-07
1.0157708598412670e+01 3.0447090864182840e-07
1.0159324969378888e+01 3.0392382073197138e-07
1.0160941340345104e+01 3.0337771417178381e-07
1.0162557711311322e+01 3.0283258720412142e-07
1.0164174082277540e+01 3.0228843807498178e-07
1.0165790453243757e+01 3.0174526503349829e-07
1.0167406824209975e+01 3.0120306633193170e-07
1.0169023195176193e+01 3.0066184022566683e-07
1.0170639566142409e+01 3.0012158497320649e-07
1.0172255937108627e+01 2.9958229883616590e-07
1.0173872308074843e+01 2.9904398007926708e-07
1.0175488679041061e+01 2.9850662697033308e-07
1.0177105050007279e+01 2.9797023778028302e-07
1.0178721420973496e+01 2.9743481078312629e-07
1.0180337791939714e+01 2.9690034425595620e-07
1.0181954162905932e+01 2.9636683647894733e-07
1.0183570533872148e+01 2.9583428573534520e-07
1.0185186904838366e+01 2.9530269031146494e-07
1.0186803275804584e+01 2.9477204849668541e-07
1.0188419646770800e+01 2.9424235858344190e-07
1.0190036017737018e+01 2.9371361886721975e-07
1.0191652388703234e+01 2.9318582764655464e-07
1.0193268759669452e+01 2.9265898322301874e-07
1.0194885130635670e+01 2.9213308390122365e-07
1.0196501501601887e+01 2.9160812798880957e-07
1.0198117872568105e+01 2.9108411379643975e-07
1.0199734243534323e+01 2.9056103963779907e-07
1.0201350614500539e+01 2.9003890382958763e-07
1.0202966985466757e+01 2.8951770469150885e-07
1.0204583356432973e+01 2.8899744054627451e-07
1.0206199727399191e+01 2.8847810971959205e-07
1.0207816098365409e+01 2.8795971054016159e-07
1.0209432469331626e+01 2.8744224133967044e-07
1.0211048840297844e+01 2.8692570045278798e-07
1.0212665211264062e+01 2.8641008621715932e-07
1.0214281582230278e+01 2.8589539697340287e-07
1.0215897953196496e+01 2.8538163106510006e-07
1.0217514324162714e+01 2.8486878683879436e-07
1.0219130695128930e+01 2.8435686264398548e-07
1.0220747066095148e+01 2.8384585683312228e-07
1.0222363437061365e+01 2.8333576776159749e-07
1.0223979808027583e+01 2.8282659378774406e-07
1.0225596178993801e+01 2.8231833327283015e-07
1.0227212549960017e+01 2.8181098458105394e-07
1.0228828920926235e+01 2.8130454607953257e-07
1.0230445291892453e+01 2.8079901613830661e-07
1.0232061662858669e+01 2.8029439313032971e-07
1.0233678033824887e+01 2.7979067543146080e-07
1.0235294404791105e+01 2.7928786142046364e-07
1.0236910775757321e+01 2.7878594947900141e-07
1.0238527146723539e+01 2.7828493799162601e-07
1.0240143517689756e+01 2.7778482534578222e-07
1.0241759888655974e+01 2.7728560993179058e-07
1.0243376259622192e+01 2.7678729014285438e-07
1.0244992630588408e+01 2.7628986437504801e-07
1.0246609001554626e+01 2.7579333102731032e-07
1.0248225372520844e+01 2.7529768850144352e-07
1.0249841743487060e+01 2.7480293520210800e-07
1.0251458114453278e+01 2.7430906953681373e-07
1.0253074485419496e+01 2.7381608991591801e-07
1.0254690856385713e+01 2.7332399475261974e-07
1.0256307227351931e+01 2.7283278246295403e-07
1.0257923598318147e+01 2.7234245146578745e-07
1.0259539969284365e+01 2.7185300018281249e-07
1.0261156340250583e+01 2.7136442703854469e-07
1.0262772711216799e+01 2.7087673046031306e-07
1.0264389082183017e+01 2.7038990887825904e-07
1.0266005453149235e+01 2.6990396072533170e-07
1.0267621824115452e+01 2.6941888443727977e-07
1.0269238195081670e+01 2.6893467845264714e-07
1.0270854566047888e+01 2.6845134121277160e-07
1.0272470937014104e+01 2.6796887116177537e-07
1.0274087307980322e+01 2.6748726674656219e-07
1.0275703678946538e+01 2.6700652641681295e-07
1.0277320049912756e+01 2.6652664862497760e-07
1.0278936420878974e+01 2.6604763182627494e-07
1.0280552791845190e+01 2.6556947447868597e-07
1.0282169162811408e+01 2.6509217504294351e-07
1.0283785533777626e+01 2.6461573198253669e-07
1.0285401904743843e+01 2.6414014376370076e-07
1.0287018275710061e+01 2.6366540885541010e-07
1.0288634646676277e+01 2.6319152572937842e-07
1.0290251017642495e+01 2.6271849286005041e-07
1.0291867388608713e+01 2.6224630872459800e-07
1.0293483759574929e+01 2.6177497180291696e-07
1.0295100130541147e+01 2.6130448057761775e-07
1.0296716501507365e+01 2.6083483353402478e-07
1.0298332872473582e+01 2.6036602916017127e-07
1.0299949243439800e+01 2.5989806594679237e-07
1.0301565614406018e+01 2.5943094238731991e-07
1.0303181985372234e+01 2.5896465697788179e-07
1.0304798356338452e+01 2.5849920821729241e-07
1.0306414727304668e+01 2.5803459460705097e-07
1.0308031098270886e+01 2.5757081465133365e-07
1.0309647469237104e+01 2.5710786685699341e-07
1.0311263840203321e+01 2.5664574973355091e-07
1.0312880211169539e+01 2.5618446179319150e-07
1.0314496582135757e+01 2.5572400155076091e-07
1.0316112953101973e+01 2.5526436752375942e-07
1.0317729324068191e+01 2.5480555823233730e-07
1.0319345695034409e+01 2.5434757219929243e-07
1.0320962066000625e+01 2.5389040795006074e-07
1.0322578436966843e+01 2.5343406401271580e-07
1.0324194807933059e+01 2.5297853891796388e-07
1.0325811178899277e+01 2.5252383119913529e-07
1.0327427549865495e+01 2.5206993939218393e-07
1.0329043920831712e+01 2.5161686203568240e-07
1.0330660291797930e+01 2.5116459767081280e-07
1.0332276662764148e+01 2.5071314484136875e-07
1.0333893033730364e+01 2.5026250209374563e-07
1.0335509404696582e+01 2.4981266797693622e-07
1.0337125775662800e+01 2.4936364104253008e-07
1.0338742146629016e+01 2.4891541984470656e-07
1.0340358517595234e+01 2.4846800294022548e-07
1.0341974888561451e+01 2.4802138888843213e-07
1.0343591259527669e+01 2.4757557625124457e-07
1.0345207630493887e+01 2.4713056359315281e-07
1.0346824001460103e+01 2.4668634948121327e-07
1.0348440372426321e+01 2.4624293248504416e-07
1.0350056743392539e+01 2.4580031117682078e-07
1.0351673114358755e+01 2.4535848413127240e-07
1.0353289485324973e+01 2.4491744992567562e-07
1.0354905856291191e+01 2.4447720713984965e-07
1.0356522227257408e+01 2.4403775435615513e-07
1.0358138598223626e+01 2.4359909015948558e-07
1.0359754969189842e+01 2.4316121313726595e-07
1.0361371340156060e+01 2.4272412187944441e-07
1.0362987711122278e+01 2.4228781497849314e-07
1.0364604082088494e+01 2.4185229102939920e-07
1.0366220453054712e+01 2.4141754862966185e-07
1.0367836824020930e+01 2.4098358637928824e-07
1.0369453194987146e+01 2.4055040288078869e-07
1.0371069565953364e+01 2.4011799673917139e-07
1.0372685936919583e+01 2.3968636656194066e-07
1.0374302307885799e+01 2.3925551095908816e-07
1.0375918678852017e+01 2.3882542854309170e-07
1.0377535049818233e+01 2.3839611792891169e-07
1.0379151420784451e+01 2.3796757773398211e-07
1.0380767791750669e+01 2.3753980657821040e-07
1.0382384162716885e+01 2.3711280308397285e-07
1.0384000533683103e+01 2.3668656587610589e-07
1.0385616904649321e+01 2.3626109358190774e-07
1.0387233275615538e+01 2.3583638483113002e-07
1.0388849646581756e+01 2.3541243825597287e-07
1.0390466017547972e+01 2.3498925249108453e-07
1.0392082388514190e+01 2.3456682617355368e-07
1.0393698759480408e+01 2.3414515794290429e-07
1.0395315130446624e+01 2.3372424644109569e-07
1.0396931501412842e+01 2.3330409031251367e-07
1.0398547872379060e+01 2.3288468820396838e-07
1.0400164243345277e+01 2.3246603876468966e-07
1.0401780614311495e+01 2.3204814064632255e-07
1.0403396985277713e+01 2.3163099250292260e-07
1.0405013356243929e+01 2.3121459299095374e-07
1.0406629727210147e+01 2.3079894076927995e-07
1.0408246098176363e+01 2.3038403449916469e-07
1.0409862469142581e+01 2.2996987284426442e-07
1.0411478840108799e+01 2.2955645447062702e-07
1.0413095211075015e+01 2.2914377804668297e-07
1.0414711582041233e+01 2.2873184224324491e-07
1.0416327953007452e+01 2.2832064573350346e-07
1.0417944323973668e+01 2.2791018719302049e-07
1.0419560694939886e+01 2.2750046529972519e-07
1.0421177065906104e+01 2.2709147873391317e-07
1.0422793436872320e+01 2.2668322617823838e-07
1.0424409807838538e+01 2.2627570631771052e-07
1.0426026178804754e+01 2.2586891783969149e-07
1.0427642549770972e+01 2.2546285943388853e-07
1.0429258920737190e+01 2.2505752979235399e-07
1.0430875291703407e+01 2.2465292760947929e-07
1.0432491662669625e+01 2.2424905158198822e-07
1.0434108033635843e+01 2.2384590040893638e-07
1.0435724404602059e+01 2.2344347279170718e-07
1.0437340775568277e+01 2.2304176743400305e-07
1.0438957146534495e+01 2.2264078304184750e-07
1.0440573517500711e+01 2.2224051832357695e-07
1.0442189888466929e+01 2.2184097198983591e-07
1.0443806259433146e+01 2.2144214275357741e-07
1.0445422630399364e+01 2.2104402933005470e-07
1.0447039001365582e+01 2.2064663043681721e-07
1.0448655372331798e+01 2.2024994479371025e-07
1.0450271743298016e+01 2.1985397112286618e-07
1.0451888114264234e+01 2.1945870814870487e-07
1.0453504485230450e+01 2.1906415459792451e-07
1.0455120856196668e+01 2.1867030919950182e-07
1.0456737227162886e+01 2.1827717068468709e-07
1.0458353598129102e+01 2.1788473778699869e-07
1.0459969969095321e+01 2.1749300924221882e-07
1.0461586340061537e+01 2.1710198378839315e-07
1.0463202711027755e+01 2.1671166016582097e-07
1.0464819081993973e+01 2.1632203711705712e-07
1.0466435452960189e+01 2.1593311338690394e-07
1.0468051823926407e+01 2.1554488772240732e-07
1.0469668194892625e+01 2.1515735887285581e-07
1.0471284565858841e+01 2.1477052558977510e-07
1.0472900936825059e+01 2.1438438662691994e-07
1.0474517307791276e+01 2.1399894074027797e-07
1.0476133678757494e+01 2.1361418668805925e-07
1.0477750049723712e+01 2.1323012323069547e-07
1.0479366420689928e+01 2.1284674913083476e-07
1.0480982791656146e+01 2.1246406315333827e-07
1.0482599162622364e+01 2.1208206406527567e-07
1.0484215533588580e+01 2.1170075063592316e-07
1.0485831904554798e+01 2.1132012163675557e-07
1.0487448275521016e+01 2.1094017584144598e-07
1.0489064646487233e+01 2.1056091202586169e-07
1.0490681017453451e+01 2.1018232896805807e-07
1.0492297388419667e+01 2.0980442544827535e-07
1.0493913759385885e+01 2.0942720024893607e-07
1.0495530130352103e+01 2.0905065215464081e-07
1.0497146501318319e+01 2.0867477995216326e-07
1.0498762872284537e+01 2.0829958243044573e-07
1.0500379243250755e+01 2.0792505838059875e-07
1.0501995614216971e+01 2.0755120659589335e-07
1.0503611985183190e+01 2.0717802587175912e-07
1.0505228356149408e+01 2.0680551500578009e-07
1.0506844727115624e+01 2.0643367279769077e-07
1.0508461098081842e+01 2.0606249804937182e-07
1.0510077469048058e+01 2.0569198956484874e-07
1.0511693840014276e+01 2.0532214615028227e-07
1.0513310210980494e+01 2.0495296661397170e-07
1.0514926581946710e+01 2.0458444976634733e-07
1.0516542952912928e+01 2.0421659441996512e-07
1.0518159323879146e+01 2.0384939938950594e-07
1.0519775694845363e+01 2.0348286349177179e-07
1.0521392065811581e+01 2.0311698554567827e-07
1.0523008436777799e+01 2.0275176437225595e-07
1.0524624807744015e+01 2.0238719879464295e-07
1.0526241178710233e+01 2.0202328763808129e-07
1.0527857549676449e+01 2.0166002972991608e-07
1.0529473920642667e+01 2.0129742389958851e-07
1.0531090291608885e+01 2.0093546897863383e-07
1.0532706662575102e+01 2.0057416380067707e-07
1.0534323033541320e+01 2.0021350720142942e-07
1.0535939404507538e+01 1.9985349801868416e-07
1.0537555775473754e+01 1.9949413509231488e-07
1.0539172146439972e+01 1.9913541726426776e-07
1.0540788517406190e+01 1.9877734337856164e-07
1.0542404888372406e+01 1.9841991228128349e-07
1.0544021259338624e+01 1.9806312282058356e-07
1.0545637630304840e+01 1.9770697384667173e-07
1.0547254001271058e+01 1.9735146421181488e-07
1.0548870372237277e+01 1.9699659277033372e-07
1.0550486743203493e+01 1.9664235837859744e-07
1.0552103114169711e+01 1.9628875989501966e-07
1.0553719485135929e+01 1.9593579618005810e-07
1.0555335856102145e+01 1.9558346609620731e-07
1.0556952227068363e+01 1.9523176850799675e-07
1.0558568598034581e+01 1.9488070228198702e-07
1.0560184969000797e+01 1.9453026628676599e-07
1.0561801339967015e+01 1.9418045939294494e-07
1.0563417710933232e+01 1.9383128047315715e-07
1.0565034081899450e+01 1.9348272840204869e-07
1.0566650452865668e+01 1.9313480205628194e-07
1.0568266823831884e+01 1.9278750031452825e-07
1.0569883194798102e+01 1.9244082205746275e-07
1.0571499565764320e+01 1.9209476616776416e-07
1.0573115936730536e+01 1.9174933153011050e-07
1.0574732307696754e+01 1.9140451703117251e-07
1.0576348678662971e+01 1.9106032155961523e-07
1.0577965049629189e+01 1.9071674400608919e-07
1.0579581420595407e+01 1.9037378326323011e-07
1.0581197791561623e+01 1.9003143822565555e-07
1.0582814162527841e+01 1.8968970778995941e-07
1.0584430533494059e+01 1.8934859085470839e-07
1.0586046904460275e+01 1.8900808632044150e-07
1.0587663275426493e+01 1.8866819308966311e-07
1.0589279646392711e+01 1.8832891006684102e-07
1.0590896017358927e+01 1.8799023615840288e-07
1.0592512388325146e+01 1.8765217027273243e-07
1.0594128759291362e+01 1.8731471132016614e-07
1.0595745130257580e+01 1.8697785821298967e-07
1.0597361501223798e+01 1.8664160986543460e-07
1.0598977872190014e+01 1.8630596519367446e-07
1.0600594243156232e+01 1.8597092311582149e-07
1.0602210614122450e+01 1.8563648255192456e-07
1.0603826985088666e+01 1.8530264242396230e-07
1.0605443356054884e+01 1.8496940165584281e-07
1.0607059727021102e+01 1.8463675917340010e-07
1.0608676097987319e+01 1.8430471390438867e-07
1.0610292468953537e+01 1.8397326477848033e-07
1.0611908839919753e+01 1.8364241072726397e-07
1.0613525210885971e+01 1.8331215068423704e-07
1.0615141581852189e+01 1.8298248358480711e-07
1.0616757952818405e+01 1.8265340836628535e-07
1.0618374323784623e+01 1.8232492396788284e-07
1.0619990694750841e+01 1.8199702933071016e-07
1.0621607065717058e+01 1.8166972339777206e-07
1.0623223436683276e+01 1.8134300511396241e-07
1.0624839807649494e+01 1.8101687342606382e-07
1.0626456178615710e+01 1.8069132728274397e-07
1.0628072549581928e+01 1.8036636563454887e-07
1.0629688920548144e+01 1.8004198743390480e-07
1.0631305291514362e+01 1.7971819163510962e-07
1.0632921662480580e+01 1.7939497719433310e-07
1.0634538033446796e+01 1.7907234306961282e-07
1.0636154404413015e+01 1.7875028822084997e-07
1.0637770775379233e+01 1.7842881160980540e-07
1.0639387146345449e+01 1.7810791220009922e-07
1.0641003517311667e+01 1.7778758895720453e-07
1.0642619888277885e+01 1.7746784084844531e-07
1.0644236259244101e+01 1.7714866684299321e-07
1.0645852630210319e+01 1.7683006591186390e-07
1.0647469001176535e+01 1.7651203702791406e-07
1.0649085372142753e+01 1.7619457916583775e-07
1.0650701743108971e+01 1.7587769130216331e-07
1.0652318114075188e+01 1.7556137241525112e-07
1.0653934485041406e+01 1.7524562148528726e-07
1.0655550856007624e+01 1.7493043749428450e-07
1.0657167226973840e+01 1.7461581942607595e-07
1.0658783597940058e+01 1.7430176626631160e-07
1.0660399968906274e+01 1.7398827700245860e-07
1.0662016339872492e+01 1.7367535062379318e-07
1.0663632710838710e+01 1.7336298612140101e-07
1.0665249081804927e+01 1.7305118248817371e-07
1.0666865452771145e+01 1.7273993871880223e-07
1.0668481823737363e+01 1.7242925380977870e-07
1.0670098194703579e+01 1.7211912675938959e-07
1.0671714565669797e+01 1.7180955656771235e-07
1.0673330936636015e+01 1.7150054223661540e-07
1.0674947307602231e+01 1.7119208276975267e-07
1.0676563678568449e+01 1.7088417717255918e-07
1.0678180049534665e+01 1.7057682445225064e-07
1.0679796420500884e+01 1.7027002361781835e-07
1.0681412791467102e+01 1.6996377368002798e-07
1.0683029162433318e+01 1.6965807365141320e-07
1.0684645533399536e+01 1.6935292254627532e-07
1.0686261904365754e+01 1.6904831938067989e-07
1.0687878275331970e+01 1.6874426317245230e-07
1.0689494646298188e+01 1.6844075294117427e-07
1.0691111017264406e+01 1.6813778770818351e-07
1.0692727388230622e+01 1.6783536649656758e-07
1.0694343759196840e+01 1.6753348833116219e-07
1.0695960130163057e+01 1.6723215223854816e-07
1.0697576501129275e+01 1.6693135724704677e-07
1.0699192872095493e+01 1.6663110238671928e-07
1.0700809243061709e+01 1.6633138668936277e-07
1.0702425614027927e+01 1.6603220918850393e-07
1.0704041984994145e+01 1.6573356891940147e-07
1.0705658355960361e+01 1.6543546491903979e-07
1.0707274726926579e+01 1.6513789622612508e-07
1.0708891097892797e+01 1.6484086188108432e-07
1.0710507468859014e+01 1.6454436092606234e-07
1.0712123839825232e+01 1.6424839240491568e-07
1.0713740210791448e+01 1.6395295536321393e-07
1.0715356581757666e+01 1.6365804884823336e-07
1.0716972952723884e+01 1.6336367190895416e-07
1.0718589323690100e+01 1.6306982359605990e-07
1.0720205694656318e+01 1.6277650296193164e-07
1.0721822065622536e+01 1.6248370906064631e-07
1.0723438436588753e+01 1.6219144094797326e-07
1.0725054807554971e+01 1.6189969768137165e-07
1.0726671178521189e+01 1.6160847831998656e-07
1.0728287549487405e+01 1.6131778192464791e-07
1.0729903920453623e+01 1.6102760755786430e-07
1.0731520291419839e+01 1.6073795428382315e-07
1.0733136662386057e+01 1.6044882116838559e-07
1.0734753033352275e+01 1.6016020727908543e-07
1.0736369404318491e+01 1.5987211168512352e-07
1.0737985775284709e+01 1.5958453345736678e-07
1.0739602146250927e+01 1.5929747166834549e-07
1.0741218517217144e+01 1.5901092539224887e-07
1.0742834888183362e+01 1.5872489370492204e-07
1.0744451259149578e+01 1.5843937568386565e-07
1.0746067630115796e+01 1.5815437040822882e-07
1.0747684001082014e+01 1.5786987695881048e-07
1.0749300372048230e+01 1.5758589441805362e-07
1.0750916743014448e+01 1.5730242187004210e-07
1.0752533113980666e+01 1.5701945840050024e-07
1.0754149484946883e+01 1.5673700309678873e-07
1.0755765855913101e+01 1.5645505504789873e-07
1.0757382226879319e+01 1.5617361334445429e-07
1.0758998597845535e+01 1.5589267707870625e-07
1.0760614968811753e+01 1.5561224534452863e-07
1.0762231339777969e+01 1.5533231723741790e-07
1.0763847710744187e+01 1.5505289185448894e-07
1.0765464081710405e+01 1.5477396829447198e-07
1.0767080452676622e+01 1.5449554565771116e-07
1.0768696823642840e+01 1.5421762304615900e-07
1.0770313194609058e+01 1.5394019956337572e-07
1.0771929565575274e+01 1.5366327431452637e-07
1.0773545936541492e+01 1.5338684640637678e-07
1.0775162307507710e+01 1.5311091494729037e-07
1.0776778678473926e+01 1.5283547904722783e-07
1.0778395049440144e+01 1.5256053781774149e-07
1.0780011420406360e+01 1.5228609037197407e-07
1.0781627791372578e+01 1.5201213582465443e-07
1.0783244162338796e+01 1.5173867329209715e-07
1.0784860533305013e+01 1.5146570189219724e-07
1.0786476904271231e+01 1.5119322074442830e-07
1.0788093275237449e+01 1.5092122896984006e-07
1.0789709646203665e+01 1.5064972569105492e-07
1.0791326017169883e+01 1.5037871003226524e-07
1.0792942388136101e+01 1.5010818111923180e-07
1.0794558759102317e+01 1.4983813807927825e-07
1.0796175130068535e+01 1.4956858004129078e-07
1.0797791501034752e+01 1.4929950613571541e-07
1.0799407872000970e+01 1.4903091549455227e-07
1.0801024242967188e+01 1.4876280725135696e-07
1.0802640613933404e+01 1.4849518054123481e-07
1.0804256984899622e+01 1.4822803450083805e-07
1.0805873355865840e+01 1.4796136826836544e-07
1.0807489726832056e+01 1.4769518098355845e-07
1.0809106097798274e+01 1.4742947178769543e-07
1.0810722468764492e+01 1.4716423982359404e-07
1.0812338839730709e+01 1.4689948423560593e-07
1.0813955210696927e+01 1.4663520416961238e-07
1.0815571581663143e+01 1.4637139877302460e-07
1.0817187952629361e+01 1.4610806719477933e-07
1.0818804323595579e+01 1.4584520858533612e-07
1.0820420694561795e+01 1.4558282209667606e-07
1.0822037065528013e+01 1.4532090688229624e-07
1.0823653436494231e+01 1.4505946209720967e-07
1.0825269807460447e+01 1.4479848689794205e-07
1.0826886178426665e+01 1.4453798044252816e-07
1.0828502549392883e+01 1.4427794189050889e-07
1.0830118920359100e+01 1.4401837040293088e-07
1.0831735291325318e+01 1.4375926514234123e-07
1.0833351662291534e+01 1.4350062527278635e-07
1.0834968033257752e+01 1.4324244995980786e-07
1.0836584404223970e+01 1.4298473837044224e-07
1.0838200775190186e+01 1.4272748967321578e-07
1.0839817146156404e+01 1.4247070303814328e-07
1.0841433517122622e+01 1.4221437763672496e-07
1.0843049888088839e+01 1.4195851264194381e-07
1.0844666259055057e+01 1.4170310722826273e-07
1.0846282630021273e+01 1.4144816057162355e-07
1.0847899000987491e+01 1.4119367184944033e-07
1.0849515371953709e+01 1.4093964024060175e-07
1.0851131742919925e+01 1.4068606492546586e-07
1.0852748113886143e+01 1.4043294508585638e-07
1.0854364484852361e+01 1.4018027990506218e-07
1.0855980855818578e+01 1.3992806856783481e-07
1.0857597226784796e+01 1.3967631026038293e-07
1.0859213597751014e+01 1.3942500417037383e-07
1.0860829968717230e+01 1.3917414948692775e-07
1.0862446339683448e+01 1.3892374540061560e-07
1.0864062710649664e+01 1.3867379110345861e-07
1.0865679081615882e+01 1.3842428578892339e-07
1.0867295452582100e+01 1.3817522865191921e-07
1.0868911823548316e+01 1.3792661888879827e-07
1.0870528194514534e+01 1.3767845569734976e-07
1.0872144565480752e+01 1.3743073827679926e-07
1.0873760936446969e+01 1.3718346582780552e-07
1.0875377307413187e+01 1.3693663755245780e-07
1.0876993678379405e+01 1.3669025265427427e-07
1.0878610049345621e+01 1.3644431033819841e-07
1.0880226420311839e+01 1.3619880981059566e-07
1.0881842791278055e+01 1.3595375027925416e-07
1.0883459162244273e+01 1.3570913095337776e-07
1.0885075533210491e+01 1.3546495104358772e-07
1.0886691904176708e+01 1.3522120976191731e-07
1.0888308275142926e+01 1.3497790632180964e-07
1.0889924646109144e+01 1.3473503993811687e-07
1.0891541017075360e+01 1.3449260982709659e-07
1.0893157388041578e+01 1.3425061520640788e-07
1.0894773759007796e+01 1.3400905529511116e-07
1.0896390129974012e+01 1.3376792931366524e-07
1.0898006500940230e+01 1.3352723648392277e-07
1.0899622871906447e+01 1.3328697602913099e-07
1.0901239242872665e+01 1.3304714717392600e-07
1.0902855613838883e+01 1.3280774914433250e-07
1.0904471984805099e+01 1.3256878116776112e-07
1.0906088355771317e+01 1.3233024247300474e-07
1.0907704726737535e+01 1.3209213229023636e-07
1.0909321097703751e+01 1.3185444985100810e-07
1.0910937468669969e+01 1.3161719438824678e-07
1.0912553839636187e+01 1.3138036513625264e-07
1.0914170210602403e+01 1.3114396133069648e-07
1.0915786581568621e+01 1.3090798220861716e-07
1.0917402952534838e+01 1.3067242700841954e-07
1.0919019323501056e+01 1.3043729496987160e-07
1.0920635694467274e+01 1.3020258533410216e-07
1.0922252065433490e+01 1.2996829734359868e-07
1.0923868436399708e+01 1.2973443024220419e-07
1.0925484807365926e+01 1.2950098327511626e-07
1.0927101178332142e+01 1.2926795568888235e-07
1.0928717549298360e+01 1.2903534673139927e-07
1.0930333920264577e+01 1.2880315565191094e-07
1.0931950291230795e+01 1.2857138170100370e-07
1.0933566662197013e+01 1.2834002413060626e-07
1.0935183033163229e+01 1.2810908219398709e-07
1.0936799404129447e+01 1.2787855514574984e-07
1.0938415775095665e+01 1.2764844224183402e-07
1.0940032146061881e+01 1.2741874273951059e-07
1.0941648517028099e+01 1.2718945589737926e-07
1.0943264887994317e+01 1.2696058097536819e-07
1.0944881258960534e+01 1.2673211723473067e-07
1.0946497629926752e+01 1.2650406393804020e-07
1.0948114000892968e+01 1.2627642034919293e-07
1.0949730371859186e+01 1.2604918573340144e-07
1.0951346742825404e+01 1.2582235935719406e-07
1.0952963113791620e+01 1.2559594048841217e-07
1.0954579484757838e+01 1.2536992839620775e-07
1.0956195855724056e+01 1.2514432235104100e-07
1.0957812226690272e+01 1.2491912162467912e-07
1.0959428597656490e+01 1.2469432549019145e-07
1.0961044968622708e+01 1.2446993322194955e-07
1.0962661339588925e+01 1.2424594409562440e-07
1.0964277710555143e+01 1.2402235738818326e-07
1.0965894081521359e+01 1.2379917237788734e-07
1.0967510452487577e+01 1.2357638834429036e-07
1.0969126823453795e+01 1.2335400456823636e-07
1.0970743194420011e+01 1.2313202033185625e-07
1.0972359565386229e+01 1.2291043491856556e-07
1.0973975936352447e+01 1.2268924761306407e-07
1.0975592307318664e+01 1.2246845770133116e-07
1.0977208678284882e+01 1.2224806447062468e-07
1.0978825049251100e+01 1.2202806720947873e-07
1.0980441420217316e+01 1.2180846520770089e-07
1.0982057791183534e+01 1.2158925775637006e-07
1.0983674162149750e+01 1.2137044414783536e-07
1.0985290533115968e+01 1.2115202367571119e-07
1.0986906904082186e+01 1.2093399563487748e-07
1.0988523275048403e+01 1.2071635932147731e-07
1.0990139646014621e+01 1.2049911403291212e-07
1.0991756016980839e+01 1.2028225906784282e-07
1.0993372387947055e+01 1.2006579372618549e-07
1.0994988758913273e+01 1.1984971730910872e-07
1.0996605129879491e+01 1.1963402911903343e-07
1.0998221500845707e+01 1.1941872845962976e-07
1.0999837871811925e+01 1.1920381463581251e-07
1.1001454242778141e+01 1.1898928695374307e-07
1.1003070613744359e+01 1.1877514472082399e-07
1.1004686984710577e+01 1.1856138724569813e-07
1.1006303355676794e+01 1.1834801383824611e-07
1.1007919726643012e+01 1.1813502380958409e-07
1.1009536097609230e+01 1.1792241647206146e-07
1.1011152468575446e+01 1.1771019113925961e-07
1.1012768839541664e+01 1.1749834712598761e-07
1.1014385210507882e+01 1.1728688374828202e-07
1.1016001581474098e+01 1.1707580032340432e-07
1.1017617952440316e+01 1.1686509616983803e-07
1.1019234323406533e+01 1.1665477060728642e-07
1.1020850694372751e+01 1.1644482295667126e-07
1.1022467065338969e+01 1.1623525254013054e-07
1.1024083436305185e+01 1.1602605868101557e-07
1.1025699807271403e+01 1.1581724070388850e-07
1.1027316178237621e+01 1.1560879793452216e-07
1.1028932549203837e+01 1.1540072969989558e-07
1.1030548920170055e+01 1.1519303532819322e-07
1.1032165291136272e+01 1.1498571414880257e-07
1.1033781662102490e+01 1.1477876549231087e-07
1.1035398033068708e+01 1.1457218869050518e-07
1.1037014404034924e+01 1.1436598307636912e-07
1.1038630775001142e+01 1.1416014798407870e-07
1.1040247145967360e+01 1.1395468274900405e-07
1.1041863516933576e+01 1.1374958670770519e-07
1.1043479887899794e+01 1.1354485919792872e-07
1.1045096258866012e+01 1.1334049955860802e-07
1.1046712629832228e+01 1.1313650712986050e-07
1.1048329000798446e+01 1.1293288125298381e-07
1.1049945371764663e+01 1.1272962127045663e-07
1.1051561742730881e+01 1.1252672652593361e-07
1.1053178113697099e+01 1.1232419636424506e-07
1.1054794484663315e+01 1.1212203013139509e-07
1.1056410855629533e+01 1.1192022717455825e-07
1.1058027226595751e+01 1.1171878684207745e-07
1.1059643597561967e+01 1.1151770848346375e-07
1.1061259968528185e+01 1.1131699144939207e-07
1.1062876339494403e+01 1.1111663509170019e-07
1.1064492710460620e+01 1.1091663876338668e-07
1.1066109081426838e+01 1.1071700181860844e-07
1.1067725452393054e+01 1.1051772361267895e-07
1.1069341823359272e+01 1.1031880350206600e-07
1.1070958194325490e+01 1.1012024084438984e-07
1.1072574565291706e+01 1.0992203499842079e-07
1.1074190936257924e+01 1.0972418532407741e-07
1.1075807307224142e+01 1.0952669118242485e-07
1.1077423678190359e+01 1.0932955193567211e-07
1.1079040049156577e+01 1.0913276694716955e-07
1.1080656420122795e+01 1.0893633558140862e-07
1.1082272791089011e+01 1.0874025720401871e-07
1.1083889162055229e+01 1.0854453118176423e-07
1.1085505533021445e+01 1.0834915688254451e-07
1.1087121903987663e+01 1.0815413367538972e-07
1.1088738274953881e+01 1.0795946093046100e-07
1.1090354645920097e+01 1.0776513801904743e-07
1.1091971016886315e+01 1.0757116431356224e-07
1.1093587387852534e+01 1.0737753918754426e-07
1.1095203758818750e+01 1.0718426201565374e-07
1.1096820129784968e+01 1.0699133217367044e-07
1.1098436500751186e+01 1.0679874903849154e-07
1.1100052871717402e+01 1.0660651198813111e-07
1.1101669242683620e+01 1.0641462040171623e-07
1.1103285613649836e+01 1.0622307365948627e-07
1.1104901984616054e+01 1.0603187114278963e-07
1.1106518355582272e+01 1.0584101223408369e-07
1.1108134726548489e+01 1.0565049631693106e-07
1.1109751097514707e+01 1.0546032277599834e-07
1.1111367468480925e+01 1.0527049099705410e-07
1.1112983839447141e+01 1.0508100036696687e-07
1.1114600210413359e+01 1.0489185027370298e-07
1.1116216581379575e+01 1.0470304010632574e-07
1.1117832952345793e+01 1.0451456925499062e-07
1.1119449323312011e+01 1.0432643711094697e-07
1.1121065694278228e+01 1.0413864306653409e-07
1.1122682065244446e+01 1.0395118651517850e-07
1.1124298436210664e+01 1.0376406685139362e-07
1.1125914807176880e+01 1.0357728347077778e-07
1.1127531178143098e+01 1.0339083577001031e-07
1.1129147549109316e+01 1.0320472314685237e-07
1.1130763920075532e+01 1.0301894500014307e-07
1.1132380291041750e+01 1.0283350072979757e-07
1.1133996662007966e+01 1.0264838973680680e-07
1.1135613032974184e+01 1.0246361142323388e-07
1.1137229403940403e+01 1.0227916519221227e-07
1.1138845774906619e+01 1.0209505044794538e-07
1.1140462145872837e+01 1.0191126659570291e-07
1.1142078516839055e+01 1.0172781304181992e-07
1.1143694887805271e+01 1.0154468919369457e-07
1.1145311258771489e+01 1.0136189445978640e-07
1.1146927629737707e+01 1.0117942824961412e-07
1.1148544000703923e+01 1.0099728997375469e-07
1.1150160371670141e+01 1.0081547904383963e-07
1.1151776742636358e+01 1.0063399487255486e-07
1.1153393113602576e+01 1.0045283687363777e-07
1.1155009484568794e+01 1.0027200446187655e-07
1.1156625855535010e+01 1.0009149705310633e-07
1.1158242226501228e+01 9.9911314064208910e-08
1.1159858597467446e+01 9.9731454913110981e-08
1.1161474968433662e+01 9.9551919018781051e-08
1.1163091339399880e+01 9.9372705801228358e-08
1.1164707710366098e+01 9.9193814681501158e-08
1.1166324081332315e+01 9.9015245081684316e-08
1.1167940452298533e+01 9.8836996424897679e-08
1.1169556823264749e+01 9.8659068135295228e-08
1.1171173194230967e+01 9.8481459638060447e-08
1.1172789565197185e+01 9.8304170359407937e-08
1.1174405936163401e+01 9.8127199726579869e-08
1.1176022307129619e+01 9.7950547167843178e-08
1.1177638678095837e+01 9.7774212112489444e-08
1.1179255049062053e+01 9.7598193990833026e-08
1.1180871420028272e+01 9.7422492234207133e-08
1.1182487790994490e+01 9.7247106274964932e-08
1.1184104161960706e+01 9.7072035546475725e-08
1.1185720532926924e+01 9.6897279483123006e-08
1.1187336903893140e+01 9.6722837520304602e-08
1.1188953274859358e+01 9.6548709094428957e-08
1.1190569645825576e+01 9.6374893642913343e-08
1.1192186016791792e+01 9.6201390604183838e-08
1.1193802387758010e+01 9.6028199417671667e-08
1.1195418758724228e+01 9.5855319523812149e-08
1.1197035129690445e+01 9.5682750364042919e-08
1.1198651500656663e+01 9.5510491380802105e-08
1.1200267871622881e+01 9.5338542017526247e-08
1.1201884242589097e+01 9.5166901718649427e-08
1.1203500613555315e+01 9.4995569929599903e-08
1.1205116984521531e+01 9.4824546096799823e-08
1.1206733355487749e+01 9.4653829667662587e-08
1.1208349726453967e+01 9.4483420090592054e-08
1.1209966097420184e+01 9.4313316814978984e-08
1.1211582468386402e+01 9.4143519291200969e-08
1.1213198839352620e+01 9.3974026970620328e-08
1.1214815210318836e+01 9.3804839305581810e-08
1.1216431581285054e+01 9.3635955749410561e-08
1.1218047952251270e+01 9.3467375756412184e-08
1.1219664323217488e+01 9.3299098781868233e-08
1.1221280694183706e+01 9.3131124282037237e-08
1.1222897065149922e+01 9.2963451714151244e-08
1.1224513436116140e+01 9.2796080536413834e-08
1.1226129807082359e+01 9.2629010208000016e-08
1.1227746178048575e+01 9.2462240189053752e-08
1.1229362549014793e+01 9.2295769940684342e-08
1.1230978919981011e+01 9.2129598924968001e-08
1.1232595290947227e+01 9.1963726604944301e-08
1.1234211661913445e+01 9.1798152444613783e-08
1.1235828032879661e+01 9.1632875908937775e-08
1.1237444403845879e+01 9.1467896463835866e-08
1.1239060774812097e+01 9.1303213576184103e-08
1.1240677145778314e+01 9.1138826713814236e-08
1.1242293516744532e+01 9.0974735345510202e-08
1.1243909887710750e+01 9.0810938941007989e-08
1.1245526258676966e+01 9.0647436970993914e-08
1.1247142629643184e+01 9.0484228907101941e-08
1.1248759000609402e+01 9.0321314221912130e-08
1.1250375371575618e+01 9.0158692388950251e-08
1.1251991742541836e+01 8.9996362882684495e-08
1.1253608113508053e+01 8.9834325178524578e-08
1.1255224484474271e+01 8.9672578752819990e-08
1.1256840855440489e+01 8.9511123082858268e-08
1.1258457226406705e+01 8.9349957646863199e-08
1.1260073597372923e+01 8.9189081923993231e-08
1.1261689968339141e+01 8.9028495394340361e-08
1.1263306339305357e+01 8.8868197538926948e-08
1.1264922710271575e+01 8.8708187839705629e-08
1.1266539081237793e+01 8.8548465779557243e-08
1.1268155452204009e+01 8.8389030842288730e-08
1.1269771823170228e+01 8.8229882512631247e-08
1.1271388194136444e+01 8.8071020276240130e-08
1.1273004565102662e+01 8.7912443619690739e-08
1.1274620936068880e+01 8.7754152030479450e-08
1.1276237307035096e+01 8.7596144997020134e-08
1.1277853678001314e+01 8.7438422008642662e-08
1.1279470048967532e+01 8.7280982555592627e-08
1.1281086419933748e+01 8.7123826129028844e-08
1.1282702790899966e+01 8.6966952221020276e-08
1.1284319161866184e+01 8.6810360324547281e-08
1.1285935532832401e+01 8.6654049933498383e-08
1.1287551903798619e+01 8.6498020542667862e-08
1.1289168274764835e+01 8.6342271647755804e-08
1.1290784645731053e+01 8.6186802745365501e-08
1.1292401016697271e+01 8.6031613333001922e-08
1.1294017387663487e+01 8.5876702909070910e-08
1.1295633758629705e+01 8.5722070972875898e-08
1.1297250129595923e+01 8.5567717024617816e-08
1.1298866500562140e+01 8.5413640565393305e-08
1.1300482871528358e+01 8.5259841097192229e-08
1.1302099242494574e+01 8.5106318122897119e-08
1.1303715613460792e+01 8.4953071146280260e-08
1.1305331984427010e+01 8.4800099672003919e-08
1.1306948355393226e+01 8.4647403205617787e-08
1.1308564726359444e+01 8.4494981253556005e-08
1.1310181097325662e+01 8.4342833323138377e-08
1.1311797468291878e+01 8.4190958922567225e-08
1.1313413839258097e+01 8.4039357560925084e-08
1.1315030210224315e+01 8.3888028748174593e-08
1.1316646581190531e+01 8.3736971995156634e-08
1.1318262952156749e+01 8.3586186813587485e-08
1.1319879323122965e+01 8.3435672716059361e-08
1.1321495694089183e+01 8.3285429216036735e-08
1.1323112065055401e+01 8.3135455827856074e-08
1.1324728436021617e+01 8.2985752066724358e-08
1.1326344806987835e+01 8.2836317448716802e-08
1.1327961177954053e+01 8.2687151490775095e-08
1.1329577548920270e+01 8.2538253710707348e-08
1.1331193919886488e+01 8.2389623627184971e-08
1.1332810290852706e+01 8.2241260759741853e-08
1.1334426661818922e+01 8.2093164628772679e-08
1.1336043032785140e+01 8.1945334755531476e-08
1.1337659403751356e+01 8.1797770662129945e-08
1.1339275774717574e+01 8.1650471871535937e-08
1.1340892145683792e+01 8.1503437907572188e-08
1.1342508516650009e+01 8.1356668294914352e-08
1.1344124887616227e+01 8.1210162559089605e-08
1.1345741258582445e+01 8.1063920226475929e-08
1.1347357629548661e+01 8.0917940824298879e-08
1.1348974000514879e+01 8.0772223880631507e-08
1.1350590371481097e+01 8.0626768924392774e-08
1.1352206742447313e+01 8.0481575485345193e-08
1.1353823113413531e+01 8.0336643094093914e-08
1.1355439484379747e+01 8.0191971282085313e-08
1.1357055855345966e+01 8.0047559581604617e-08
1.1358672226312184e+01 7.9903407525775868e-08
1.1360288597278400e+01 7.9759514648559739e-08
1.1361904968244618e+01 7.9615880484750541e-08
1.1363521339210836e+01 7.9472504569977510e-08
1.1365137710177052e+01 7.9329386440701719e-08
1.1366754081143270e+01 7.9186525634214070e-08
1.1368370452109488e+01 7.9043921688634935e-08
1.1369986823075704e+01 7.8901574142912753e-08
1.1371603194041922e+01 7.8759482536820946e-08
1.1373219565008139e+01 7.8617646410958809e-08
1.1374835935974357e+01 7.8476065306747733e-08
1.1376452306940575e+01 7.8334738766431167e-08
1.1378068677906791e+01 7.8193666333073126e-08
1.1379685048873009e+01 7.8052847550555989e-08
1.1381301419839227e+01 7.7912281963579073e-08
1.1382917790805443e+01 7.7771969117658273e-08
1.1384534161771661e+01 7.7631908559123299e-08
1.1386150532737879e+01 7.7492099835116866e-08
1.1387766903704096e+01 7.7352542493593214e-08
1.1389383274670314e+01 7.7213236083316451e-08
1.1390999645636530e+01 7.7074180153859310e-08
1.1392616016602748e+01 7.6935374255601589e-08
1.1394232387568966e+01 7.6796817939728733e-08
1.1395848758535182e+01 7.6658510758230391e-08
1.1397465129501400e+01 7.6520452263898830e-08
1.1399081500467618e+01 7.6382642010328271e-08
1.1400697871433835e+01 7.6245079551911886e-08
1.1402314242400053e+01 7.6107764443841889e-08
1.1403930613366269e+01 7.5970696242107806e-08
1.1405546984332487e+01 7.5833874503494048e-08
1.1407163355298705e+01 7.5697298785579544e-08
1.1408779726264921e+01 7.5560968646736536e-08
1.1410396097231139e+01 7.5424883646127493e-08
1.1412012468197357e+01 7.5289043343705963e-08
1.1413628839163573e+01 7.5153447300213469e-08
1.1415245210129791e+01 7.5018095077178324e-08
1.1416861581096009e+01 7.4882986236915167e-08
1.1418477952062226e+01 7.4748120342523157e-08
1.1420094323028444e+01 7.4613496957883031e-08
1.1421710693994660e+01 7.4479115647658512e-08
1.1423327064960878e+01 7.4344975977292596e-08
1.1424943435927096e+01 7.4211077513007228e-08
1.1426559806893312e+01 7.4077419821801656e-08
1.1428176177859530e+01 7.3944002471451032e-08
1.1429792548825748e+01 7.3810825030504858e-08
1.1431408919791965e+01 7.3677887068286466e-08
1.1433025290758183e+01 7.3545188154889988e-08
1.1434641661724401e+01 7.3412727861180448e-08
1.1436258032690617e+01 7.3280505758792136e-08
1.1437874403656835e+01 7.3148521420126553e-08
1.1439490774623051e+01 7.3016774418351702e-08
1.1441107145589269e+01 7.2885264327400031e-08
1.1442723516555487e+01 7.2753990721968209e-08
1.1444339887521704e+01 7.2622953177514590e-08
1.1445956258487922e+01 7.2492151270258438e-08
1.1447572629454140e+01 7.2361584577178464e-08
1.1449189000420356e+01 7.2231252676011391e-08
1.1450805371386574e+01 7.2101155145250650e-08
1.1452421742352792e+01 7.1971291564145436e-08
1.1454038113319008e+01 7.1841661512698220e-08
1.1455654484285226e+01 7.1712264571664566e-08
1.1457270855251442e+01 7.1583100322551687e-08
1.1458887226217660e+01 7.1454168347616061e-08
1.1460503597183878e+01 7.1325468229863118e-08
1.1462119968150095e+01 7.1196999553045965e-08
1.1463736339116313e+01 7.1068761901662846e-08
1.1465352710082531e+01 7.0940754860957448e-08
1.1466969081048747e+01 7.0812978016916426e-08
1.1468585452014965e+01 7.0685430956267930e-08
1.1470201822981183e+01 7.0558113266481477e-08
1.1471818193947399e+01 7.0431024535765993e-08
1.1473434564913617e+01 7.0304164353067133e-08
1.1475050935879834e+01 7.0177532308068680e-08
1.1476667306846052e+01 7.0051127991189002e-08
1.1478283677812270e+01 6.9924950993580662e-08
1.1479900048778486e+01 6.9799000907128971e-08
1.1481516419744704e+01 6.9673277324450548e-08
1.1483132790710922e+01 6.9547779838892141e-08
1.1484749161677138e+01 6.9422508044529661e-08
1.1486365532643356e+01 6.9297461536165827e-08
1.1487981903609572e+01 6.9172639909330057e-08
1.1489598274575791e+01 6.9048042760276343e-08
1.1491214645542009e+01 6.8923669685982833e-08
1.1492831016508225e+01 6.8799520284149233e-08
1.1494447387474443e+01 6.8675594153196571e-08
1.1496063758440661e+01 6.8551890892265925e-08
1.1497680129406877e+01 6.8428410101216454e-08
1.1499296500373095e+01 6.8305151380624162e-08
1.1500912871339313e+01 6.8182114331781533e-08
1.1502529242305529e+01 6.8059298556695593e-08
1.1504145613271747e+01 6.7936703658086052e-08
1.1505761984237964e+01 6.7814329239385358e-08
1.1507378355204182e+01 6.7692174904735972e-08
1.1508994726170400e+01 6.7570240258990514e-08
1.1510611097136616e+01 6.7448524907709958e-08
1.1512227468102834e+01 6.7327028457161059e-08
1.1513843839069052e+01 6.7205750514317445e-08
1.1515460210035268e+01 6.7084690686856921e-08
1.1517076581001486e+01 6.6963848583159944e-08
1.1518692951967704e+01 6.6843223812309189e-08
1.1520309322933921e+01 6.6722815984088224e-08
1.1521925693900139e+01 6.6602624708979696e-08
1.1523542064866355e+01 6.6482649598164514e-08
1.1525158435832573e+01 6.6362890263520097e-08
1.1526774806798791e+01 6.6243346317620247e-08
1.1528391177765007e+01 6.6124017373732588e-08
1.1530007548731225e+01 6.6004903045818097e-08
1.1531623919697443e+01 6.5886002948529669e-08
1.1533240290663660e+01 6.5767316697210809e-08
1.1534856661629878e+01 6.5648843907894416e-08
1.1536473032596096e+01 6.5530584197301984e-08
1.1538089403562312e+01 6.5412537182841637e-08
1.1539705774528530e+01 6.5294702482606955e-08
1.1541322145494746e+01 6.5177079715376933e-08
1.1542938516460964e+01 6.5059668500612832e-08
1.1544554887427182e+01 6.4942468458458810e-08
1.1546171258393398e+01 6.4825479209739589e-08
1.1547787629359616e+01 6.4708700375959171e-08
1.1549404000325834e+01 6.4592131579300496e-08
1.1551020371292051e+01 6.4475772442623943e-08
1.1552636742258269e+01 6.4359622589464688e-08
1.1554253113224487e+01 6.4243681644033849e-08
1.1555869484190703e+01 6.4127949231216070e-08
1.1557485855156921e+01 6.4012424976567585e-08
1.1559102226123137e+01 6.3897108506316460e-08
1.1560718597089355e+01 6.3781999447360509e-08
1.1562334968055573e+01 6.3667097427266240e-08
1.1563951339021790e+01 6.3552402074268194e-08
1.1565567709988008e+01 6.3437913017266612e-08
1.1567184080954226e+01 6.3323629885827238e-08
1.1568800451920442e+01 6.3209552310180048e-08
1.1570416822886660e+01 6.3095679921217653e-08
1.1572033193852878e+01 6.2982012350493901e-08
1.1573649564819094e+01 6.2868549230223738e-08
1.1575265935785312e+01 6.2755290193281009e-08
1.1576882306751529e+01 6.2642234873197770e-08
1.1578498677717747e+01 6.2529382904162580e-08
1.1580115048683965e+01 6.2416733921020395e-08
1.1581731419650181e+01 6.2304287559270228e-08
1.1583347790616399e+01 6.2192043455064668e-08
1.1584964161582617e+01 6.2080001245208469e-08
1.1586580532548833e+01 6.1968160567157433e-08
1.1588196903515051e+01 6.1856521059017132e-08
1.1589813274481267e+01 6.1745082359542465e-08
1.1591429645447485e+01 6.1633844108134659e-08
1.1593046016413703e+01 6.1522805944842471e-08
1.1594662387379920e+01 6.1411967510359751e-08
1.1596278758346138e+01 6.1301328446023806e-08
1.1597895129312356e+01 6.1190888393815329e-08
1.1599511500278572e+01 6.1080646996357076e-08
1.1601127871244790e+01 6.0970603896911607e-08
1.1602744242211008e+01 6.0860758739381876e-08
1.1604360613177224e+01 6.0751111168308747e-08
1.1605976984143442e+01 6.0641660828869999e-08
1.1607593355109659e+01 6.0532407366880141e-08
1.1609209726075877e+01 6.0423350428788284e-08
1.1610826097042095e+01 6.0314489661676946e-08
1.1612442468008311e+01 6.0205824713262027e-08
1.1614058838974529e+01 6.0097355231890505e-08
1.1615675209940747e+01 5.9989080866539780e-08
1.1617291580906963e+01 5.9881001266816658e-08
1.1618907951873181e+01 5.9773116082955944e-08
1.1620524322839399e+01 5.9665424965819446e-08
1.1622140693805616e+01 5.9557927566895186e-08
1.1623757064771834e+01 5.9450623538295681e-08
1.1625373435738050e+01 5.9343512532756932e-08
1.1626989806704268e+01 5.9236594203637705e-08
1.1628606177670486e+01 5.9129868204918378e-08
1.1630222548636702e+01 5.9023334191199463e-08
1.1631838919602920e+01 5.8916991817700346e-08
1.1633455290569138e+01 5.8810840740259109e-08
1.1635071661535354e+01 5.8704880615330450e-08
1.1636688032501572e+01 5.8599111099985046e-08
1.1638304403467790e+01 5.8493531851908343e-08
1.1639920774434007e+01 5.8388142529399508e-08
1.1641537145400225e+01 5.8282942791370106e-08
1.1643153516366441e+01 5.8177932297343847e-08
1.1644769887332659e+01 5.8073110707453665e-08
1.1646386258298877e+01 5.7968477682442809e-08
1.1648002629265093e+01 5.7864032883662634e-08
1.1649619000231311e+01 5.7759775973071040e-08
1.1651235371197529e+01 5.7655706613232341e-08
1.1652851742163746e+01 5.7551824467316119e-08
1.1654468113129964e+01 5.7448129199095032e-08
1.1656084484096182e+01 5.7344620472945326e-08
1.1657700855062398e+01 5.7241297953844631e-08
1.1659317226028616e+01 5.7138161307370873e-08
1.1660933596994832e+01 5.7035210199702187e-08
1.1662549967961050e+01 5.6932444297614872e-08
1.1664166338927268e+01 5.6829863268482352e-08
1.1665782709893485e+01 5.6727466780274990e-08
1.1667399080859703e+01 5.6625254501558014e-08
1.1669015451825921e+01 5.6523226101491007e-08
1.1670631822792137e+01 5.6421381249826695e-08
1.1672248193758355e+01 5.6319719616909855e-08
1.1673864564724571e+01 5.6218240873676347e-08
1.1675480935690789e+01 5.6116944691651934e-08
1.1677097306657007e+01 5.6015830742951361e-08
1.1678713677623223e+01 5.5914898700277238e-08
1.1680330048589441e+01 5.5814148236918835e-08
1.1681946419555659e+01 5.5713579026751597e-08
1.1683562790521876e+01 5.5613190744235134e-08
1.1685179161488094e+01 5.5512983064412958e-08
1.1686795532454312e+01 5.5412955662911407e-08
1.1688411903420528e+01 5.5313108215938260e-08
1.1690028274386746e+01 5.5213440400281454e-08
1.1691644645352962e+01 5.5113951893309183e-08
1.1693261016319180e+01 5.5014642372967273e-08
1.1694877387285398e+01 5.4915511517779680e-08
1.1696493758251615e+01 5.4816559006846464e-08
1.1698110129217833e+01 5.4717784519842752e-08
1.1699726500184051e+01 5.4619187737018473e-08
1.1701342871150267e+01 5.4520768339197005e-08
1.1702959242116485e+01 5.4422526007773034e-08
1.1704575613082703e+01 5.4324460424713482e-08
1.1706191984048919e+01 5.4226571272555369e-08
1.1707808355015137e+01 5.4128858234404419e-08
1.1709424725981354e+01 5.4031320993934929e-08
1.1711041096947572e+01 5.3933959235388294e-08
1.1712657467913790e+01 5.3836772643571988e-08
1.1714273838880006e+01 5.3739760903858918e-08
1.1715890209846224e+01 5.3642923702185878e-08
1.1717506580812442e+01 5.3546260725052585e-08
1.1719122951778658e+01 5.3449771659521394e-08
1.1720739322744876e+01 5.3353456193215297e-08
1.1722355693711094e+01 5.3257314014317913e-08
1.1723972064677310e+01 5.3161344811571330e-08
1.1725588435643528e+01 5.3065548274276046e-08
1.1727204806609745e+01 5.2969924092290023e-08
1.1728821177575963e+01 5.2874471956026641e-08
1.1730437548542181e+01 5.2779191556454765e-08
1.1732053919508397e+01 5.2684082585097647e-08
1.1733670290474615e+01 5.2589144734030971e-08
1.1735286661440833e+01 5.2494377695883251e-08
1.1736903032407049e+01 5.2399781163833879e-08
1.1738519403373267e+01 5.2305354831612088e-08
1.1740135774339485e+01 5.2211098393496787e-08
1.1741752145305702e+01 5.2117011544315194e-08
1.1743368516271920e+01 5.2023093979440835e-08
1.1744984887238136e+01 5.1929345394794462e-08
1.1746601258204354e+01 5.1835765486841606e-08
1.1748217629170572e+01 5.1742353952592163e-08
1.1749834000136788e+01 5.1649110489599334e-08
1.1751450371103006e+01 5.1556034795958667e-08
1.1753066742069224e+01 5.1463126570306969e-08
1.1754683113035441e+01 5.1370385511821825e-08
1.1756299484001659e+01 5.1277811320219707e-08
1.1757915854967875e+01 5.1185403695755865e-08
1.1759532225934093e+01 5.1093162339222910e-08
1.1761148596900311e+01 5.1001086951950355e-08
1.1762764967866527e+01 5.0909177235802713e-08
1.1764381338832745e+01 5.0817432893179405e-08
1.1765997709798963e+01 5.0725853627013707e-08
1.1767614080765179e+01 5.0634439140771396e-08
1.1769230451731397e+01 5.0543189138449728e-08
1.1770846822697616e+01 5.0452103324577351e-08
1.1772463193663832e+01 5.0361181404212320e-08
1.1774079564630050e+01 5.0270423082941736e-08
1.1775695935596266e+01 5.0179828066880750e-08
1.1777312306562484e+01 5.0089396062671127e-08
1.1778928677528702e+01 4.9999126777481170e-08
1.1780545048494918e+01 4.9909019919004433e-08
1.1782161419461136e+01 4.9819075195457741e-08
1.1783777790427354e+01 4.9729292315582085e-08
1.1785394161393571e+01 4.9639670988640637e-08
1.1787010532359789e+01 4.9550210924417438e-08
1.1788626903326007e+01 4.9460911833217360e-08
1.1790243274292223e+01 4.9371773425864936e-08
1.1791859645258441e+01 4.9282795413702726e-08
1.1793476016224657e+01 4.9193977508591629e-08
1.1795092387190875e+01 4.9105319422908656e-08
1.1796708758157093e+01 4.9016820869546848e-08
1.1798325129123310e+01 4.8928481561914376e-08
1.1799941500089528e+01 4.8840301213933026e-08
1.1801557871055746e+01 4.8752279540037732e-08
1.1803174242021962e+01 4.8664416255175582e-08
1.1804790612988180e+01 4.8576711074804817e-08
1.1806406983954398e+01 4.8489163714893869e-08
1.1808023354920614e+01 4.8401773891920938e-08
1.1809639725886832e+01 4.8314541322872147e-08
1.1811256096853048e+01 4.8227465725241479e-08
1.1812872467819266e+01 4.8140546817029440e-08
1.1814488838785485e+01 4.8053784316742563e-08
1.1816105209751701e+01 4.7967177943391742e-08
1.1817721580717919e+01 4.7880727416492002e-08
1.1819337951684137e+01 4.7794432456061620e-08
1.1820954322650353e+01 4.7708292782620763e-08
1.1822570693616571e+01 4.7622308117190621e-08
1.1824187064582789e+01 4.7536478181293204e-08
1.1825803435549005e+01 4.7450802696949597e-08
1.1827419806515223e+01 4.7365281386679495e-08
1.1829036177481440e+01 4.7279913973500379e-08
1.1830652548447658e+01 4.7194700180926096e-08
1.1832268919413876e+01 4.7109639732966783e-08
1.1833885290380092e+01 4.7024732354127667e-08
1.1835501661346310e+01 4.6939977769407266e-08
1.1837118032312528e+01 4.6855375704298124e-08
1.1838734403278744e+01 4.6770925884784929e-08
1.1840350774244962e+01 4.6686628037343486e-08
1.1841967145211180e+01 4.6602481888940359e-08
1.1843583516177397e+01 4.6518487167032071e-08
1.1845199887143615e+01 4.6434643599563326e-08
1.1846816258109831e+01 4.6350950914967498e-08
1.1848432629076049e+01 4.6267408842164352e-08
1.1850049000042267e+01 4.6184017110560167e-08
1.1851665371008483e+01 4.6100775450046672e-08
1.1853281741974701e+01 4.6017683590999839e-08
1.1854898112940919e+01 4.5934741264279052e-08
1.1856514483907135e+01 4.5851948201226814e-08
1.1858130854873353e+01 4.5769304133667234e-08
1.1859747225839570e+01 4.5686808793905528e-08
1.1861363596805788e+01 4.5604461914726683e-08
1.1862979967772006e+01 4.5522263229395518e-08
1.1864596338738222e+01 4.5440212471654868e-08
1.1866212709704440e+01 4.5358309375725224e-08
1.1867829080670658e+01 4.5276553676303784e-08
1.1869445451636874e+01 4.5194945108563585e-08
1.1871061822603092e+01 4.5113483408152553e-08
1.1872678193569310e+01 4.5032168311193112e-08
1.1874294564535527e+01 4.4950999554280473e-08
1.1875910935501745e+01 4.4869976874482555e-08
1.1877527306467961e+01 4.4789100009339085e-08
1.1879143677434179e+01 4.4708368696860078e-08
1.1880760048400397e+01 4.4627782675525720e-08
1.1882376419366613e+01 4.4547341684285474e-08
1.1883992790332831e+01 4.4467045462556508e-08
1.1885609161299049e+01 4.4386893750223925e-08
1.1887225532265266e+01 4.4306886287639132e-08
1.1888841903231484e+01 4.4227022815619046e-08
1.1890458274197702e+01 4.4147303075445859e-08
1.1892074645163918e+01 4.4067726808865795e-08
1.1893691016130136e+01 4.3988293758087924e-08
1.1895307387096352e+01 4.3909003665784040e-08
1.1896923758062570e+01 4.3829856275087393e-08
1.1898540129028788e+01 4.3750851329591916e-08
1.1900156499995004e+01 4.3671988573351770e-08
1.1901772870961222e+01 4.3593267750879740e-08
1.1903389241927441e+01 4.3514688607147092e-08
1.1905005612893657e+01 4.3436250887582724e-08
1.1906621983859875e+01 4.3357954338071994e-08
1.1908238354826093e+01 4.3279798704955846e-08
1.1909854725792309e+01 4.3201783735030686e-08
1.1911471096758527e+01 4.3123909175546768e-08
1.1913087467724743e+01 4.3046174774207916e-08
1.1914703838690961e+01 4.2968580279170159e-08
1.1916320209657179e+01 4.2891125439041767e-08
1.1917936580623396e+01 4.2813810002881627e-08
1.1919552951589614e+01 4.2736633720198789e-08
1.1921169322555832e+01 4.2659596340951715e-08
1.1922785693522048e+01 4.2582697615547311e-08
1.1924402064488266e+01 4.2505937294840178e-08
1.1926018435454484e+01 4.2429315130132008e-08
1.1927634806420700e+01 4.2352830873170506e-08
1.1929251177386918e+01 4.2276484276148434e-08
1.1930867548353135e+01 4.2200275091703591e-08
1.1932483919319353e+01 4.2124203072917006e-08
1.1934100290285571e+01 4.2048267973312850e-08
1.1935716661251787e+01 4.1972469546857654e-08
1.1937333032218005e+01 4.1896807547958725e-08
1.1938949403184223e+01 4.1821281731464528e-08
1.1940565774150439e+01 4.1745891852663020e-08
1.1942182145116657e+01 4.1670637667280886e-08
1.1943798516082873e+01 4.1595518931483504e-08
1.1945414887049091e+01 4.1520535401873325e-08
1.1947031258015310e+01 4.1445686835489521e-08
1.1948647628981526e+01 4.1370972989807078e-08
1.1950263999947744e+01 4.1296393622735987e-08
1.1951880370913962e+01 4.1221948492620803e-08
1.1953496741880178e+01 4.1147637358239157e-08
1.1955113112846396e+01 4.1073459978801632e-08
1.1956729483812614e+01 4.0999416113950888e-08
1.1958345854778830e+01 4.0925505523760629e-08
1.1959962225745048e+01 4.0851727968734757e-08
1.1961578596711265e+01 4.0778083209807314e-08
1.1963194967677483e+01 4.0704571008340606e-08
1.1964811338643701e+01 4.0631191126125588e-08
1.1966427709609917e+01 4.0557943325380318e-08
1.1968044080576135e+01 4.0484827368749159e-08
1.1969660451542353e+01 4.0411843019302707e-08
1.1971276822508569e+01 4.0338990040536626e-08
1.1972893193474787e+01 4.0266268196370213e-08
1.1974509564441005e+01 4.0193677251146965e-08
1.1976125935407222e+01 4.0121216969633060e-08
1.1977742306373440e+01 4.0048887117016256e-08
1.1979358677339656e+01 3.9976687458905964e-08
1.1980975048305874e+01 3.9904617761331913e-08
1.1982591419272092e+01 3.9832677790743548e-08
1.1984207790238308e+01 3.9760867314009535e-08
1.1985824161204526e+01 3.9689186098416611e-08
1.1987440532170744e+01 3.9617633911668784e-08
1.1989056903136960e+01 3.9546210521887257e-08
1.1990673274103179e+01 3.9474915697608921e-08
1.1992289645069397e+01 3.9403749207785999e-08
1.1993906016035613e+01 3.9332710821785250e-08
1.1995522387001831e+01 3.9261800309387149e-08
1.1997138757968047e+01 3.9191017440785224e-08
1.1998755128934265e+01 3.9120361986585273e-08
1.2000371499900483e+01 3.9049833717804703e-08
1.2001987870866699e+01 3.8979432405871606e-08
1.2003604241832917e+01 3.8909157822624219e-08
1.2005220612799135e+01 3.8839009740310297e-08
1.2006836983765352e+01 3.8768987931585828e-08
1.2008453354731570e+01 3.8699092169514868e-08
1.2010069725697788e+01 3.8629322227568793e-08
1.2011686096664004e+01 3.8559677879625169e-08
1.2013302467630222e+01 3.8490158899967153e-08
1.2014918838596438e+01 3.8420765063283279e-08
1.2016535209562656e+01 3.8351496144665766e-08
1.2018151580528874e+01 3.8282351919610847e-08
1.2019767951495091e+01 3.8213332164017348e-08
1.2021384322461309e+01 3.8144436654185919e-08
1.2023000693427527e+01 3.8075665166818936e-08
1.2024617064393743e+01 3.8007017479019452e-08
1.2026233435359961e+01 3.7938493368289813e-08
1.2027849806326179e+01 3.7870092612532197e-08
1.2029466177292395e+01 3.7801814990047211e-08
1.2031082548258613e+01 3.7733660279532800e-08
1.2032698919224829e+01 3.7665628260084360e-08
1.2034315290191048e+01 3.7597718711193439e-08
1.2035931661157266e+01 3.7529931412747244e-08
1.2037548032123482e+01 3.7462266145028141e-08
1.2039164403089700e+01 3.7394722688712301e-08
1.2040780774055918e+01 3.7327300824869626e-08
1.2042397145022134e+01 3.7260000334962968e-08
1.2044013515988352e+01 3.7192821000847099e-08
1.2045629886954568e+01 3.7125762604768112e-08
1.2047246257920786e+01 3.7058824929362920e-08
1.2048862628887004e+01 3.6992007757658541e-08
1.2050478999853221e+01 3.6925310873071204e-08
1.2052095370819439e+01 3.6858734059405531e-08
1.2053711741785657e+01 3.6792277100854415e-08
1.2055328112751873e+01 3.6725939781997749e-08
1.2056944483718091e+01 3.6659721887801979e-08
1.2058560854684309e+01 3.6593623203619401e-08
1.2060177225650525e+01 3.6527643515187438e-08
1.2061793596616743e+01 3.6461782608627870e-08
1.2063409967582960e+01 3.6396040270446619e-08
1.2065026338549178e+01 3.6330416287531973e-08
1.2066642709515396e+01 3.6264910447155210e-08
1.2068259080481612e+01 3.6199522536969271e-08
1.2069875451447830e+01 3.6134252345007741e-08
1.2071491822414048e+01 3.6069099659684769e-08
1.2073108193380264e+01 3.6004064269794337e-08
1.2074724564346482e+01 3.5939145964508938e-08
1.2076340935312700e+01 3.5874344533379834e-08
1.2077957306278917e+01 3.5809659766335696e-08
1.2079573677245135e+01 3.5745091453681950e-08
1.2081190048211351e+01 3.5680639386100667e-08
1.2082806419177569e+01 3.5616303354649261e-08
1.2084422790143787e+01 3.5552083150760102e-08
1.2086039161110003e+01 3.5487978566239857e-08
1.2087655532076221e+01 3.5423989393268709e-08
1.2089271903042439e+01 3.5360115424399744e-08
1.2090888274008655e+01 3.5296356452558495e-08
1.2092504644974873e+01 3.5232712271041712e-08
1.2094121015941091e+01 3.5169182673517249e-08
1.2095737386907308e+01 3.5105767454023304e-08
1.2097353757873526e+01 3.5042466406967534e-08
1.2098970128839742e+01 3.4979279327126412e-08
1.2100586499805960e+01 3.4916206009644780e-08
1.2102202870772178e+01 3.4853246250035186e-08
1.2103819241738394e+01 3.4790399844177017e-08
1.2105435612704612e+01 3.4727666588315744e-08
1.2107051983670830e+01 3.4665046279062841e-08
1.2108668354637047e+01 3.4602538713394482e-08
1.2110284725603265e+01 3.4540143688651265e-08
1.2111901096569483e+01 3.4477861002537404e-08
1.2113517467535699e+01 3.4415690453120172e-08
1.2115133838501917e+01 3.4353631838829085e-08
1.2116750209468133e+01 3.4291684958455763e-08
1.2118366580434351e+01 3.4229849611152196e-08
1.2119982951400569e+01 3.4168125596431370e-08
1.2121599322366786e+01 3.4106512714166015e-08
1.2123215693333004e+01 3.4045010764587658e-08
1.2124832064299222e+01 3.3983619548286488e-08
1.2126448435265438e+01 3.3922338866210732e-08
1.2128064806231656e+01 3.3861168519665396e-08
1.2129681177197872e+01 3.3800108310312532e-08
1.2131297548164090e+01 3.3739158040169683e-08
1.2132913919130308e+01 3.3678317511609870e-08
1.2134530290096524e+01 3.3617586527360897e-08
1.2136146661062742e+01 3.3556964890504421e-08
1.2137763032028960e+01 3.3496452404475328e-08
1.2139379402995177e+01 3.3436048873061626e-08
1.2140995773961395e+01 3.3375754100403171e-08
1.2142612144927613e+01 3.3315567890991379e-08
1.2144228515893829e+01 3.3255490049668503e-08
1.2145844886860047e+01 3.3195520381626996e-08
1.2147461257826263e+01 3.3135658692409111e-08
1.2149077628792481e+01 3.3075904787905733e-08
1.2150693999758699e+01 3.3016258474356297e-08
1.2152310370724916e+01 3.2956719558348113e-08
1.2153926741691134e+01 3.2897287846815149e-08
1.2155543112657352e+01 3.2837963147038333e-08
1.2157159483623568e+01 3.2778745266644238e-08
1.2158775854589786e+01 3.2719634013604494e-08
1.2160392225556004e+01 3.2660629196235645e-08
1.2162008596522220e+01 3.2601730623198274e-08
1.2163624967488438e+01 3.2542938103495987e-08
1.2165241338454654e+01 3.2484251446475552e-08
1.2166857709420873e+01 3.2425670461825493e-08
1.2168474080387091e+01 3.2367194959576260e-08
1.2170090451353307e+01 3.2308824750099197e-08
1.2171706822319525e+01 3.2250559644105675e-08
1.2173323193285743e+01 3.2192399452646949e-08
1.2174939564251959e+01 3.2134343987113531e-08
1.2176555935218177e+01 3.2076393059234276e-08
1.2178172306184395e+01 3.2018546481075755e-08
1.2179788677150611e+01 3.1960804065042205e-08
1.2181405048116829e+01 3.1903165623874270e-08
1.2183021419083046e+01 3.1845630970648797e-08
1.2184637790049264e+01 3.1788199918777902e-08
1.2186254161015482e+01 3.1730872282008920e-08
1.2187870531981698e+01 3.1673647874423180e-08
1.2189486902947916e+01 3.1616526510435804e-08
1.2191103273914134e+01 3.1559508004794962e-08
1.2192719644880350e+01 3.1502592172581285e-08
1.2194336015846568e+01 3.1445778829207289e-08
1.2195952386812786e+01 3.1389067790416950e-08
1.2197568757779003e+01 3.1332458872284640e-08
1.2199185128745221e+01 3.1275951891214989e-08
1.2200801499711437e+01 3.1219546663942294e-08
1.2202417870677655e+01 3.1163243007529468e-08
1.2204034241643873e+01 3.1107040739367914e-08
1.2205650612610089e+01 3.1050939677176942e-08
1.2207266983576307e+01 3.0994939639002632e-08
1.2208883354542525e+01 3.0939040443218026e-08
1.2210499725508742e+01 3.0883241908521994e-08
1.2212116096474960e+01 3.0827543853938635e-08
1.2213732467441178e+01 3.0771946098817129e-08
1.2215348838407394e+01 3.0716448462830984e-08
1.2216965209373612e+01 3.0661050765976833e-08
1.2218581580339828e+01 3.0605752828574971e-08
1.2220197951306046e+01 3.0550554471267887e-08
1.2221814322272264e+01 3.0495455515020052e-08
1.2223430693238480e+01 3.0440455781117303e-08
1.2225047064204698e+01 3.0385555091166214e-08
1.2226663435170916e+01 3.0330753267093516e-08
1.2228279806137133e+01 3.0276050131145776e-08
1.2229896177103351e+01 3.0221445505888260e-08
1.2231512548069567e+01 3.0166939214204976e-08
1.2233128919035785e+01 3.0112531079297669e-08
1.2234745290002003e+01 3.0058220924685660e-08
1.2236361660968219e+01 3.0004008574204751e-08
1.2237978031934437e+01 2.9949893852007032e-08
1.2239594402900655e+01 2.9895876582560381e-08
1.2241210773866872e+01 2.9841956590647644e-08
1.2242827144833090e+01 2.9788133701365966e-08
1.2244443515799308e+01 2.9734407740126776e-08
1.2246059886765524e+01 2.9680778532654682e-08
1.2247676257731742e+01 2.9627245904987130e-08
1.2249292628697958e+01 2.9573809683473892e-08
1.2250908999664176e+01 2.9520469694776200e-08
1.2252525370630394e+01 2.9467225765866730e-08
1.2254141741596611e+01 2.9414077724028698e-08
1.2255758112562829e+01 2.9361025396855085e-08
1.2257374483529047e+01 2.9308068612248515e-08
1.2258990854495263e+01 2.9255207198420677e-08
1.2260607225461481e+01 2.9202440983891224e-08
1.2262223596427699e+01 2.9149769797488024e-08
1.2263839967393915e+01 2.9097193468346014e-08
1.2265456338360133e+01 2.9044711825906688e-08
1.2267072709326349e+01 2.8992324699918005e-08
1.2268689080292567e+01 2.8940031920433384e-08
1.2270305451258785e+01 2.8887833317811129e-08
1.2271921822225002e+01 2.8835728722714382e-08
1.2273538193191220e+01 2.8783717966110034e-08
1.2275154564157438e+01 2.8731800879268468e-08
1.2276770935123654e+01 2.8679977293762913e-08
1.2278387306089872e+01 2.8628247041468972e-08
1.2280003677056090e+01 2.8576609954563955e-08
1.2281620048022306e+01 2.8525065865526664e-08
1.2283236418988524e+01 2.8473614607136256e-08
1.2284852789954741e+01 2.8422256012472329e-08
1.2286469160920959e+01 2.8370989914913972e-08
1.2288085531887177e+01 2.8319816148139580e-08
1.2289701902853393e+01 2.8268734546125847e-08
1.2291318273819611e+01 2.8217744943147588e-08
1.2292934644785829e+01 2.8166847173777254e-08
1.2294551015752045e+01 2.8116041072884143e-08
1.2296167386718263e+01 2.8065326475633833e-08
1.2297783757684481e+01 2.8014703217488105e-08
1.2299400128650698e+01 2.7964171134203903e-08
1.2301016499616916e+01 2.7913730061833049e-08
1.2302632870583132e+01 2.7863379836721752e-08
1.2304249241549350e+01 2.7813120295509778e-08
1.2305865612515568e+01 2.7762951275130412e-08
1.2307481983481784e+01 2.7712872612809719e-08
1.2309098354448002e+01 2.7662884146065515e-08
1.2310714725414220e+01 2.7612985712707745e-08
1.2312331096380436e+01 2.7563177150837497e-08
1.2313947467346654e+01 2.7513458298846191e-08
1.2315563838312871e+01 2.7463828995415615e-08
1.2317180209279089e+01 2.7414289079517077e-08
1.2318796580245307e+01 2.7364838390410914e-08
1.2320412951211523e+01 2.7315476767646226e-08
1.2322029322177741e+01 2.7266204051059887e-08
1.2323645693143959e+01 2.7217020080776395e-08
1.2325262064110175e+01 2.7167924697207385e-08
1.2326878435076393e+01 2.7118917741050911e-08
1.2328494806042611e+01 2.7069999053290833e-08
1.2330111177008828e+01 2.7021168475196778e-08
1.2331727547975046e+01 2.6972425848323152e-08
1.2333343918941262e+01 2.6923771014508920e-08
1.2334960289907480e+01 2.6875203815876749e-08
1.2336576660873698e+01 2.6826724094833072e-08
1.2338193031839914e+01 2.6778331694067022e-08
1.2339809402806132e+01 2.6730026456550209e-08
1.2341425773772350e+01 2.6681808225536156e-08
1.2343042144738567e+01 2.6633676844559794e-08
1.2344658515704785e+01 2.6585632157436872e-08
1.2346274886671003e+01 2.6537674008263727e-08
1.2347891257637219e+01 2.6489802241416471e-08
1.2349507628603437e+01 2.6442016701550461e-08
1.2351123999569653e+01 2.6394317233600291e-08
1.2352740370535871e+01 2.6346703682778554e-08
1.2354356741502089e+01 2.6299175894576082e-08
1.2355973112468305e+01 2.6251733714760961e-08
1.2357589483434523e+01 2.6204376989378020e-08
1.2359205854400741e+01 2.6157105564748723e-08
1.2360822225366958e+01 2.6109919287470523e-08
1.2362438596333176e+01 2.6062818004415809e-08
1.2364054967299394e+01 2.6015801562732346e-08
1.2365671338265610e+01 2.5968869809842292e-08
1.2367287709231828e+01 2.5922022593441456e-08
1.2368904080198044e+01 2.5875259761499314e-08
1.2370520451164262e+01 2.5828581162258192e-08
1.2372136822130480e+01 2.5781986644233018e-08
1.2373753193096697e+01 2.5735476056210610e-08
1.2375369564062915e+01 2.5689049247249114e-08
1.2376985935029133e+01 2.5642706066677986e-08
1.2378602305995349e+01 2.5596446364096986e-08
1.2380218676961567e+01 2.5550269989375964e-08
1.2381835047927785e+01 2.5504176792654320e-08
1.2383451418894001e+01 2.5458166624340500e-08
1.2385067789860219e+01 2.5412239335111512e-08
1.2386684160826436e+01 2.5366394775912676e-08
1.2388300531792654e+01 2.5320632797956471e-08
1.2389916902758872e+01 2.5274953252722945e-08
1.2391533273725088e+01 2.5229355991958744e-08
1.2393149644691306e+01 2.5183840867676471e-08
1.2394766015657524e+01 2.5138407732154587e-08
1.2396382386623740e+01 2.5093056437936912e-08
1.2397998757589958e+01 2.5047786837831693e-08
1.2399615128556174e+01 2.5002598784911825e-08
1.2401231499522392e+01 2.4957492132513703e-08
1.2402847870488610e+01 2.4912466734237174e-08
1.2404464241454827e+01 2.4867522443945070e-08
1.2406080612421045e+01 2.4822659115762465e-08
1.2407696983387263e+01 2.4777876604076279e-08
1.2409313354353479e+01 2.4733174763535126e-08
1.2410929725319697e+01 2.4688553449048406e-08
1.2412546096285915e+01 2.4644012515786111e-08
1.2414162467252131e+01 2.4599551819178257e-08
1.2415778838218349e+01 2.4555171214914456e-08
1.2417395209184566e+01 2.4510870558943432e-08
1.2419011580150784e+01 2.4466649707472547e-08
1.2420627951117002e+01 2.4422508516967370e-08
1.2422244322083218e+01 2.4378446844151194e-08
1.2423860693049436e+01 2.4334464546004512e-08
1.2425477064015654e+01 2.4290561479764816e-08
1.2427093434981870e+01 2.4246737502925678e-08
1.2428709805948088e+01 2.4202992473236655e-08
1.2430326176914306e+01 2.4159326248702852e-08
1.2431942547880523e+01 2.4115738687584231e-08
1.2433558918846741e+01 2.4072229648395141e-08
1.2435175289812957e+01 2.4028798989904282e-08
1.2436791660779175e+01 2.3985446571133600e-08
1.2438408031745393e+01 2.3942172251358505e-08
1.2440024402711609e+01 2.3898975890106951e-08
1.2441640773677827e+01 2.3855857347159010e-08
1.2443257144644045e+01 2.3812816482546736e-08
1.2444873515610261e+01 2.3769853156553536e-08
1.2446489886576479e+01 2.3726967229713470e-08
1.2448106257542698e+01 2.3684158562811164e-08
1.2449722628508914e+01 2.3641427016881360e-08
1.2451338999475132e+01 2.3598772453208034e-08
1.2452955370441348e+01 2.3556194733324592e-08
1.2454571741407566e+01 2.3513693719012771e-08
1.2456188112373784e+01 2.3471269272302655e-08
1.2457804483340000e+01 2.3428921255472150e-08
1.2459420854306218e+01 2.3386649531046377e-08
1.2461037225272436e+01 2.3344453961797222e-08
1.2462653596238653e+01 2.3302334410743217e-08
1.2464269967204871e+01 2.3260290741148705e-08
1.2465886338171089e+01 2.3218322816523624e-08
1.2467502709137305e+01 2.3176430500623031e-08
1.2469119080103523e+01 2.3134613657446579e-08
1.2470735451069739e+01 2.3092872151238208e-08
1.2472351822035957e+01 2.3051205846485597e-08
1.2473968193002175e+01 2.3009614607919800e-08
1.2475584563968392e+01 2.2968098300514755e-08
1.2477200934934610e+01 2.2926656789486843e-08
1.2478817305900828e+01 2.2885289940294668e-08
1.2480433676867044e+01 2.2843997618638164e-08
1.2482050047833262e+01 2.2802779690458568e-08
1.2483666418799480e+01 2.2761636021937954e-08
1.2485282789765696e+01 2.2720566479498604e-08
1.2486899160731914e+01 2.2679570929802569e-08
1.2488515531698130e+01 2.2638649239751636e-08
1.2490131902664348e+01 2.2597801276486262e-08
1.2491748273630567e+01 2.2557026907385801e-08
1.2493364644596783e+01 2.2516326000067639e-08
1.2494981015563001e+01 2.2475698422386778e-08
1.2496597386529219e+01 2.2435144042435734e-08
1.2498213757495435e+01 2.2394662728543935e-08
1.2499830128461653e+01 2.2354254349276922e-08
1.2501446499427869e+01 2.2313918773436657e-08
1.2503062870394087e+01 2.2273655870060531e-08
1.2504679241360305e+01 2.2233465508421154e-08
1.2506295612326522e+01 2.2193347558025905e-08
1.2507911983292740e+01 2.2153301888616511e-08
1.2509528354258958e+01 2.2113328370168588e-08
1.2511144725225174e+01 2.2073426872891416e-08
1.2512761096191392e+01 2.2033597267227134e-08
1.2514377467157610e+01 2.1993839423850661e-08
1.2515993838123826e+01 2.1954153213669244e-08
1.2517610209090044e+01 2.1914538507821907e-08
1.2519226580056261e+01 2.1874995177679015e-08
1.2520842951022479e+01 2.1835523094841993e-08
1.2522459321988697e+01 2.1796122131142976e-08
1.2524075692954913e+01 2.1756792158644173e-08
1.2525692063921131e+01 2.1717533049637444e-08
1.2527308434887349e+01 2.1678344676644264e-08
1.2528924805853565e+01 2.1639226912414870e-08
1.2530541176819783e+01 2.1600179629928069e-08
1.2532157547786001e+01 2.1561202702390814e-08
1.2533773918752217e+01 2.1522296003237761e-08
1.2535390289718435e+01 2.1483459406130817e-08
1.2537006660684652e+01 2.1444692784958987e-08
1.2538623031650870e+01 2.1405996013837483e-08
1.2540239402617088e+01 2.1367368967107762e-08
1.2541855773583304e+01 2.1328811519337064e-08
1.2543472144549522e+01 2.1290323545317609e-08
1.2545088515515740e+01 2.1251904920066805e-08
1.2546704886481956e+01 2.1213555518826389e-08
1.2548321257448174e+01 2.1175275217062034e-08
1.2549937628414392e+01 2.1137063890463304e-08
1.2551553999380609e+01 2.1098921414943055e-08
1.2553170370346827e+01 2.1060847666636638e-08
1.2554786741313043e+01 2.1022842521902277e-08
1.2556403112279261e+01 2.0984905857320068e-08
1.2558019483245479e+01 2.0947037549691799e-08
1.2559635854211695e+01 2.0909237476040538e-08
1.2561252225177913e+01 2.0871505513610227e-08
1.2562868596144131e+01 2.0833841539865236e-08
1.2564484967110348e+01 2.0796245432490181e-08
1.2566101338076566e+01 2.0758717069389147e-08
1.2567717709042784e+01 2.0721256328685593e-08
1.2569334080009000e+01 2.0683863088721971e-08
1.2570950450975218e+01 2.0646537228059145e-08
1.2572566821941434e+01 2.0609278625476146e-08
1.2574183192907652e+01 2.0572087159969595e-08
1.2575799563873870e+01 2.0534962710753621e-08
1.2577415934840086e+01 2.0497905157259342e-08
1.2579032305806304e+01 2.0460914379134104e-08
1.2580648676772523e+01 2.0423990256241742e-08
1.2582265047738739e+01 2.0387132668661836e-08
1.2583881418704957e+01 2.0350341496689185e-08
1.2585497789671173e+01 2.0313616620833774e-08
1.2587114160637391e+01 2.0276957921820010e-08
1.2588730531603609e+01 2.0240365280586746e-08
1.2590346902569825e+01 2.0203838578286676e-08
1.2591963273536043e+01 2.0167377696285775e-08
1.2593579644502261e+01 2.0130982516163218e-08
1.2595196015468478e+01 2.0094652919710959e-08
1.2596812386434696e+01 2.0058388788933192e-08
1.2598428757400914e+01 2.0022190006045962e-08
1.2600045128367130e+01 1.9986056453477087e-08
1.2601661499333348e+01 1.9949988013865406e-08
1.2603277870299564e+01 1.9913984570060655e-08
1.2604894241265782e+01 1.9878046005122848e-08
1.2606510612232000e+01 1.9842172202322259e-08
1.2608126983198217e+01 1.9806363045138692e-08
1.2609743354164435e+01 1.9770618417261280e-08
1.2611359725130653e+01 1.9734938202588074e-08
1.2612976096096869e+01 1.9699322285225696e-08
1.2614592467063087e+01 1.9663770549488871e-08
1.2616208838029305e+01 1.9628282879900283e-08
1.2617825208995521e+01 1.9592859161189827e-08
1.2619441579961739e+01 1.9557499278294565e-08
1.2621057950927955e+01 1.9522203116358335e-08
1.2622674321894173e+01 1.9486970560731045e-08
1.2624290692860392e+01 1.9451801496968796e-08
1.2625907063826608e+01 1.9416695810833161e-08
1.2627523434792826e+01 1.9381653388290798e-08
1.2629139805759044e+01 1.9346674115513403e-08
1.2630756176725260e+01 1.9311757878877134e-08
1.2632372547691478e+01 1.9276904564961983e-08
1.2633988918657696e+01 1.9242114060551971e-08
1.2635605289623912e+01 1.9207386252634444e-08
1.2637221660590130e+01 1.9172721028399608e-08
1.2638838031556347e+01 1.9138118275240435e-08
1.2640454402522565e+01 1.9103577880752139e-08
1.2642070773488783e+01 1.9069099732731825e-08
1.2643687144454999e+01 1.9034683719178280e-08
1.2645303515421217e+01 1.9000329728291290e-08
1.2646919886387435e+01 1.8966037648471571e-08
1.2648536257353651e+01 1.8931807368320377e-08
1.2650152628319869e+01 1.8897638776639012e-08
1.2651768999286087e+01 1.8863531762428427e-08
1.2653385370252304e+01 1.8829486214889180e-08
1.2655001741218522e+01 1.8795502023420711e-08
1.2656618112184738e+01 1.8761579077621243e-08
1.2658234483150956e+01 1.8727717267287156e-08
1.2659850854117174e+01 1.8693916482413015e-08
1.2661467225083390e+01 1.8660176613190880e-08
1.2663083596049608e+01 1.8626497550010068e-08
1.2664699967015826e+01 1.8592879183456839e-08
1.2666316337982042e+01 1.8559321404313989e-08
1.2667932708948261e+01 1.8525824103560482e-08
1.2669549079914479e+01 1.8492387172371260e-08
1.2671165450880695e+01 1.8459010502116568e-08
1.2672781821846913e+01 1.8425693984361906e-08
1.2674398192813129e+01 1.8392437510867660e-08
1.2676014563779347e+01 1.8359240973588460e-08
1.2677630934745565e+01 1.8326104264673144e-08
1.2679247305711781e+01 1.8293027276464403e-08
1.2680863676677999e+01 1.8260009901498088e-08
1.2682480047644217e+01 1.8227052032503343e-08
1.2684096418610434e+01 1.8194153562401931e-08
1.2685712789576652e+01 1.8161314384307865e-08
1.2687329160542868e+01 1.8128534391527398e-08
1.2688945531509086e+01 1.8095813477558336e-08
1.2690561902475304e+01 1.8063151536089733e-08
1.2692178273441520e+01 1.8030548461001817e-08
1.2693794644407738e+01 1.7998004146365346e-08
1.2695411015373956e+01 1.7965518486441399e-08
1.2697027386340173e+01 1.7933091375681034e-08
1.2698643757306391e+01 1.7900722708724918e-08
1.2700260128272609e+01 1.7868412380402970e-08
1.2701876499238825e+01 1.7836160285734177e-08
1.2703492870205043e+01 1.7803966319925963e-08
1.2705109241171259e+01 1.7771830378374115e-08
1.2706725612137477e+01 1.7739752356662283e-08
1.2708341983103695e+01 1.7707732150561859e-08
1.2709958354069911e+01 1.7675769656031284e-08
1.2711574725036130e+01 1.7643864769216013e-08
1.2713191096002348e+01 1.7612017386448153e-08
1.2714807466968564e+01 1.7580227404245960e-08
1.2716423837934782e+01 1.7548494719313635e-08
1.2718040208901000e+01 1.7516819228540963e-08
1.2719656579867216e+01 1.7485200829002986e-08
1.2721272950833434e+01 1.7453639417959613e-08
1.2722889321799650e+01 1.7422134892855509e-08
1.2724505692765868e+01 1.7390687151319262e-08
1.2726122063732086e+01 1.7359296091163693e-08
1.2727738434698303e+01 1.7327961610385159e-08
1.2729354805664521e+01 1.7296683607163134e-08
1.2730971176630739e+01 1.7265461979860119e-08
1.2732587547596955e+01 1.7234296627021330e-08
1.2734203918563173e+01 1.7203187447374016e-08
1.2735820289529391e+01 1.7172134339827616e-08
1.2737436660495607e+01 1.7141137203473105e-08
1.2739053031461825e+01 1.7110195937582650e-08
1.2740669402428042e+01 1.7079310441609594e-08
1.2742285773394260e+01 1.7048480615187829e-08
1.2743902144360478e+01 1.7017706358131485e-08
1.2745518515326694e+01 1.6986987570434879e-08
1.2747134886292912e+01 1.6956324152271884e-08
1.2748751257259130e+01 1.6925716003995766e-08
1.2750367628225346e+01 1.6895163026138827e-08
1.2751983999191564e+01 1.6864665119412079e-08
1.2753600370157782e+01 1.6834222184704906e-08
1.2755216741123999e+01 1.6803834123084875e-08
1.2756833112090217e+01 1.6773500835797152e-08
1.2758449483056433e+01 1.6743222224264428e-08
1.2760065854022651e+01 1.6712998190086477e-08
1.2761682224988869e+01 1.6682828635039986e-08
1.2763298595955085e+01 1.6652713461077939e-08
1.2764914966921303e+01 1.6622652570329595e-08
1.2766531337887521e+01 1.6592645865100102e-08
1.2768147708853737e+01 1.6562693247870092e-08
1.2769764079819955e+01 1.6532794621295342e-08
1.2771380450786172e+01 1.6502949888206725e-08
1.2772996821752390e+01 1.6473158951609470e-08
1.2774613192718608e+01 1.6443421714683304e-08
1.2776229563684824e+01 1.6413738080781836e-08
1.2777845934651042e+01 1.6384107953432224e-08
1.2779462305617260e+01 1.6354531236335122e-08
1.2781078676583476e+01 1.6325007833364269e-08
1.2782695047549694e+01 1.6295537648565816e-08
1.2784311418515912e+01 1.6266120586158632e-08
1.2785927789482129e+01 1.6236756550533650e-08
1.2787544160448347e+01 1.6207445446253436e-08
1.2789160531414563e+01 1.6178187178052176e-08
1.2790776902380781e+01 1.6148981650835197e-08
1.2792393273346999e+01 1.6119828769678662e-08
1.2794009644313215e+01 1.6090728439829432e-08
1.2795626015279433e+01 1.6061680566704411e-08
1.2797242386245651e+01 1.6032685055890666e-08
1.2798858757211867e+01 1.6003741813144799e-08
1.2800475128178086e+01 1.5974850744392781e-08
1.2802091499144304e+01 1.5946011755729611e-08
1.2803707870110520e+01 1.5917224753419063e-08
1.2805324241076738e+01 1.5888489643893274e-08
1.2806940612042954e+01 1.5859806333752652e-08
1.2808556983009172e+01 1.5831174729765263e-08
1.2810173353975390e+01 1.5802594738866779e-08
1.2811789724941606e+01 1.5774066268160209e-08
1.2813406095907824e+01 1.5745589224915265e-08
1.2815022466874042e+01 1.5717163516568502e-08
1.2816638837840259e+01 1.5688789050722723e-08
1.2818255208806477e+01 1.5660465735146670e-08
1.2819871579772695e+01 1.5632193477774975e-08
1.2821487950738911e+01 1.5603972186707727e-08
1.2823104321705129e+01 1.5575801770209897e-08
1.2824720692671345e+01 1.5547682136711597e-08
1.2826337063637563e+01 1.5519613194807326e-08
1.2827953434603781e+01 1.5491594853255887e-08
1.2829569805569998e+01 1.5463627020980039e-08
1.2831186176536216e+01 1.5435709607066187e-08
1.2832802547502434e+01 1.5407842520764102e-08
1.2834418918468650e+01 1.5380025671486736e-08
1.2836035289434868e+01 1.5352258968809650e-08
1.2837651660401086e+01 1.5324542322471008e-08
1.2839268031367302e+01 1.5296875642371200e-08
1.2840884402333520e+01 1.5269258838572490e-08
1.2842500773299736e+01 1.5241691821298716e-08
1.2844117144265955e+01 1.5214174500935079e-08
1.2845733515232173e+01 1.5186706788027892e-08
1.2847349886198389e+01 1.5159288593284173e-08
1.2848966257164607e+01 1.5131919827571300e-08
1.2850582628130825e+01 1.5104600401916998e-08
1.2852198999097041e+01 1.5077330227508800e-08
1.2853815370063259e+01 1.5050109215693817e-08
1.2855431741029477e+01 1.5022937277978530e-08
1.2857048111995693e+01 1.4995814326028405e-08
1.2858664482961911e+01 1.4968740271667656e-08
1.2860280853928128e+01 1.4941715026879079e-08
1.2861897224894346e+01 1.4914738503803379e-08
1.2863513595860564e+01 1.4887810614739387e-08
1.2865129966826780e+01 1.4860931272143533e-08
1.2866746337792998e+01 1.4834100388629426e-08
1.2868362708759216e+01 1.4807317876967801e-08
1.2869979079725432e+01 1.4780583650086239e-08
1.2871595450691650e+01 1.4753897621068608e-08
1.2873211821657867e+01 1.4727259703155193e-08
1.2874828192624085e+01 1.4700669809742020e-08
1.2876444563590303e+01 1.4674127854380819e-08
1.2878060934556519e+01 1.4647633750778751e-08
1.2879677305522737e+01 1.4621187412797992e-08
1.2881293676488955e+01 1.4594788754455444e-08
1.2882910047455171e+01 1.4568437689922706e-08
1.2884526418421389e+01 1.4542134133525510e-08
1.2886142789387607e+01 1.4515877999743589e-08
1.2887759160353824e+01 1.4489669203210366e-08
1.2889375531320042e+01 1.4463507658712694e-08
1.2890991902286258e+01 1.4437393281190573e-08
1.2892608273252476e+01 1.4411325985736851e-08
1.2894224644218694e+01 1.4385305687597000e-08
1.2895841015184910e+01 1.4359332302168796e-08
1.2897457386151128e+01 1.4333405745002045e-08
1.2899073757117346e+01 1.4307525931798407e-08
1.2900690128083562e+01 1.4281692778410993e-08
1.2902306499049780e+01 1.4255906200844060e-08
1.2903922870015998e+01 1.4230166115252998e-08
1.2905539240982215e+01 1.4204472437943768e-08
1.2907155611948433e+01 1.4178825085372783e-08
1.2908771982914649e+01 1.4153223974146628e-08
1.2910388353880867e+01 1.4127669021021676e-08
1.2912004724847085e+01 1.4102160142904011e-08
1.2913621095813301e+01 1.4076697256849131e-08
1.2915237466779519e+01 1.4051280280061337e-08
1.2916853837745737e+01 1.4025909129893983e-08
1.2918470208711954e+01 1.4000583723848944e-08
1.2920086579678172e+01 1.3975303979576236e-08
1.2921702950644390e+01 1.3950069814873943e-08
1.2923319321610606e+01 1.3924881147688005e-08
1.2924935692576824e+01 1.3899737896111624e-08
1.2926552063543040e+01 1.3874639978385434e-08
1.2928168434509258e+01 1.3849587312896850e-08
1.2929784805475476e+01 1.3824579818180025e-08
1.2931401176441693e+01 1.3799617412915593e-08
1.2933017547407911e+01 1.3774700015930312e-08
1.2934633918374129e+01 1.3749827546196740e-08
1.2936250289340345e+01 1.3724999922833228e-08
1.2937866660306563e+01 1.3700217065103406e-08
1.2939483031272781e+01 1.3675478892416028e-08
1.2941099402238997e+01 1.3650785324324715e-08
1.2942715773205215e+01 1.3626136280527675e-08
1.2944332144171431e+01 1.3601531680867446e-08
1.2945948515137649e+01 1.3576971445330636e-08
1.2947564886103867e+01 1.3552455494047689e-08
1.2949181257070084e+01 1.3527983747292578e-08
1.2950797628036302e+01 1.3503556125482573e-08
1.2952413999002520e+01 1.3479172549178079e-08
1.2954030369968736e+01 1.3454832939082125e-08
1.2955646740934954e+01 1.3430537216040370e-08
1.2957263111901170e+01 1.3406285301040808e-08
1.2958879482867388e+01 1.3382077115213284e-08
1.2960495853833606e+01 1.3357912579829522e-08
1.2962112224799823e+01 1.3333791616302804e-08
1.2963728595766041e+01 1.3309714146187489e-08
1.2965344966732259e+01 1.3285680091179123e-08
1.2966961337698475e+01 1.3261689373113935e-08
1.2968577708664693e+01 1.3237741913968552e-08
1.2970194079630911e+01 1.3213837635859995e-08
1.2971810450597127e+01 1.3189976461045281e-08
1.2973426821563345e+01 1.3166158311920964e-08
1.2975043192529562e+01 1.3142383111023326e-08
1.2976659563495780e+01 1.3118650781027772e-08
1.2978275934461998e+01 1.3094961244748706e-08
1.2979892305428214e+01 1.3071314425139299e-08
1.2981508676394432e+01 1.3047710245291200e-08
1.2983125047360650e+01 1.3024148628434270e-08
1.2984741418326866e+01 1.3000629497936458e-08
1.2986357789293084e+01 1.2977152777303398e-08
1.2987974160259302e+01 1.2953718390178149e-08
1.2989590531225518e+01 1.2930326260341193e-08
1.2991206902191736e+01 1.2906976311709900e-08
1.2992823273157953e+01 1.2883668468338446e-08
1.2994439644124171e+01 1.2860402654417458e-08
1.2996056015090389e+01 1.2837178794273925e-08
1.2997672386056605e+01 1.2813996812370875e-08
1.2999288757022823e+01 1.2790856633307006e-08
1.3000905127989041e+01 1.2767758181816608e-08
1.3002521498955257e+01 1.2744701382769358e-08
1.3004137869921475e+01 1.2721686161169808e-08
1.3005754240887693e+01 1.2698712442157491e-08
1.3007370611853910e+01 1.2675780151006446e-08
1.3008986982820128e+01 1.2652889213124951e-08
1.3010603353786344e+01 1.2630039554055554e-08
1.3012219724752562e+01 1.2607231099474465e-08
1.3013836095718780e+01 1.2584463775191592e-08
1.3015452466684996e+01 1.2561737507150241e-08
1.3017068837651214e+01 1.2539052221426773e-08
1.3018685208617432e+01 1.2516407844230479e-08
1.3020301579583649e+01 1.2493804301903273e-08
1.3021917950549867e+01 1.2471241520919493e-08
1.3023534321516085e+01 1.2448719427885634e-08
1.3025150692482301e+01 1.2426237949540215e-08
1.3026767063448519e+01 1.2403797012753306e-08
1.3028383434414735e+01 1.2381396544526548e-08
1.3029999805380953e+01 1.2359036471992753e-08
1.3031616176347171e+01 1.2336716722415821e-08
1.3033232547313387e+01 1.2314437223190269e-08
1.3034848918279605e+01 1.2292197901841208e-08
1.3036465289245823e+01 1.2269998686024073e-08
1.3038081660212040e+01 1.2247839503524330e-08
1.3039698031178258e+01 1.2225720282257168e-08
1.3041314402144476e+01 1.2203640950267520e-08
1.3042930773110692e+01 1.2181601435729578e-08
1.3044547144076910e+01 1.2159601666946681e-08
1.3046163515043126e+01 1.2137641572351080e-08
1.3047779886009344e+01 1.2115721080503592e-08
1.3049396256975562e+01 1.2093840120093580e-08
1.3051012627941779e+01 1.2071998619938633e-08
1.3052628998907997e+01 1.2050196508984096e-08
1.3054245369874215e+01 1.2028433716303258e-08
1.3055861740840431e+01 1.2006710171096905e-08
1.3057478111806649e+01 1.1985025802692970e-08
1.3059094482772865e+01 1.1963380540546555e-08
1.3060710853739083e+01 1.1941774314239543e-08
1.3062327224705301e+01 1.1920207053480400e-08
1.3063943595671518e+01 1.1898678688104046e-08
1.3065559966637736e+01 1.1877189148071416e-08
1.3067176337603954e+01 1.1855738363469427e-08
1.3068792708570170e+01 1.1834326264510722e-08
1.3070409079536388e+01 1.1812952781533378e-08
1.3072025450502606e+01 1.1791617845000635e-08
1.3073641821468822e+01 1.1770321385500878e-08
1.3075258192435040e+01 1.1749063333747211e-08
1.3076874563401256e+01 1.1727843620577305e-08
1.3078490934367474e+01 1.1706662176953182e-08
1.3080107305333692e+01 1.1685518933960997e-08
1.3081723676299909e+01 1.1664413822810780e-08
1.3083340047266127e+01 1.1643346774836226e-08
1.3084956418232345e+01 1.1622317721494566e-08
1.3086572789198561e+01 1.1601326594366140e-08
1.3088189160164779e+01 1.1580373325154344e-08
1.3089805531130997e+01 1.1559457845685430e-08
1.3091421902097213e+01 1.1538580087908155e-08
1.3093038273063431e+01 1.1517739983893570e-08
1.3094654644029648e+01 1.1496937465835009e-08
1.3096271014995866e+01 1.1476172466047531e-08
1.3097887385962084e+01 1.1455444916968047e-08
1.3099503756928300e+01 1.1434754751154881e-08
1.3101120127894518e+01 1.1414101901287528e-08
1.3102736498860736e+01 1.1393486300166645e-08
1.3104352869826952e+01 1.1372907880713722e-08
1.3105969240793170e+01 1.1352366575970664e-08
1.3107585611759388e+01 1.1331862319099945e-08
1.3109201982725605e+01 1.1311395043384205e-08
1.3110818353691823e+01 1.1290964682225912e-08
1.3112434724658039e+01 1.1270571169147372e-08
1.3114051095624257e+01 1.1250214437790392e-08
1.3115667466590475e+01 1.1229894421916064e-08
1.3117283837556691e+01 1.1209611055404661e-08
1.3118900208522909e+01 1.1189364272255218e-08
1.3120516579489127e+01 1.1169154006585488e-08
1.3122132950455343e+01 1.1148980192631736e-08
1.3123749321421561e+01 1.1128842764748419e-08
1.3125365692387780e+01 1.1108741657407963e-08
1.3126982063353996e+01 1.1088676805200745e-08
1.3128598434320214e+01 1.1068648142834655e-08
1.3130214805286430e+01 1.1048655605135028e-08
1.3131831176252648e+01 1.1028699127044299e-08
1.3133447547218866e+01 1.1008778643622008e-08
1.3135063918185082e+01 1.0988894090044368e-08
1.3136680289151300e+01 1.0969045401604180e-08
1.3138296660117518e+01 1.0949232513710572e-08
1.3139913031083735e+01 1.0929455361888832e-08
1.3141529402049953e+01 1.0909713881780142e-08
1.3143145773016169e+01 1.0890008009141515e-08
1.3144762143982387e+01 1.0870337679845267e-08
1.3146378514948605e+01 1.0850702829879207e-08
1.3147994885914821e+01 1.0831103395346227e-08
1.3149611256881039e+01 1.0811539312463992e-08
1.3151227627847257e+01 1.0792010517564942e-08
1.3152843998813474e+01 1.0772516947096033e-08
1.3154460369779692e+01 1.0753058537618360e-08
1.3156076740745910e+01 1.0733635225807241e-08
1.3157693111712126e+01 1.0714246948451792e-08
1.3159309482678344e+01 1.0694893642454712e-08
1.3160925853644560e+01 1.0675575244832310e-08
1.3162542224610778e+01 1.0656291692714039e-08
1.3164158595576996e+01 1.0637042923342430e-08
1.3165774966543212e+01 1.0617828874072872e-08
1.3167391337509430e+01 1.0598649482373380e-08
1.3169007708475648e+01 1.0579504685824403e-08
1.3170624079441865e+01 1.0560394422118705e-08
1.3172240450408083e+01 1.0541318629060970e-08
1.3173856821374301e+01 1.0522277244567777e-08
1.3175473192340517e+01 1.0503270206667388e-08
1.3177089563306735e+01 1.0484297453499448e-08
1.3178705934272951e+01 1.0465358923314813e-08
1.3180322305239169e+01 1.0446454554475408e-08
1.3181938676205387e+01 1.0427584285454035e-08
1.3183555047171604e+01 1.0408748054834094e-08
1.3185171418137822e+01 1.0389945801309366e-08
1.3186787789104040e+01 1.0371177463683996e-08
1.3188404160070256e+01 1.0352442980872085e-08
1.3190020531036474e+01 1.0333742291897601e-08
1.3191636902002692e+01 1.0315075335894173e-08
1.3193253272968908e+01 1.0296442052104868e-08
1.3194869643935126e+01 1.0277842379881989e-08
1.3196486014901343e+01 1.0259276258686998e-08
1.3198102385867561e+01 1.0240743628090038e-08
1.3199718756833779e+01 1.0222244427770073e-08
1.3201335127799995e+01 1.0203778597514538e-08
1.3202951498766213e+01 1.0185346077219042e-08
1.3204567869732431e+01 1.0166946806887333e-08
1.3206184240698647e+01 1.0148580726631112e-08
1.3207800611664865e+01 1.0130247776669639e-08
1.3209416982631083e+01 1.0111947897329814e-08
1.3211033353597299e+01 1.0093681029045782e-08
1.3212649724563517e+01 1.0075447112358756e-08
1.3214266095529734e+01 1.0057246087916982e-08
1.3215882466495952e+01 1.0039077896475380e-08
1.3217498837462170e+01 1.0020942478895369e-08
1.3219115208428386e+01 1.0002839776144813e-08
1.3220731579394604e+01 9.9847697292976478e-09
1.3222347950360822e+01 9.9667322795338707e-09
1.3223964321327038e+01 9.9487273681391529e-09
1.3225580692293256e+01 9.9307549365047983e-09
1.3227197063259474e+01 9.9128149261275499e-09
1.3228813434225691e+01 9.8949072786093266e-09
1.3230429805191909e+01 9.8770319356570066e-09
1.3232046176158125e+01 9.8591888390824374e-09
1.3233662547124343e+01 9.8413779308019593e-09
1.3235278918090561e+01 9.8235991528364863e-09
1.3236895289056777e+01 9.8058524473111671e-09
1.3238511660022995e+01 9.7881377564551568e-09
1.3240128030989213e+01 9.7704550226016103e-09
1.3241744401955430e+01 9.7528041881873961e-09
1.3243360772921648e+01 9.7351851957527538e-09
1.3244977143887864e+01 9.7175979879414311e-09
1.3246593514854082e+01 9.7000425075002364e-09
1.3248209885820300e+01 9.6825186972789631e-09
1.3249826256786516e+01 9.6650265002301839e-09
1.3251442627752734e+01 9.6475658594090698e-09
1.3253058998718952e+01 9.6301367179731786e-09
1.3254675369685168e+01 9.6127390191823773e-09
1.3256291740651386e+01 9.5953727063984593e-09
1.3257908111617605e+01 9.5780377230851388e-09
1.3259524482583821e+01 9.5607340128078396e-09
1.3261140853550039e+01 9.5434615192334346e-09
1.3262757224516255e+01 9.5262201861301344e-09
1.3264373595482473e+01 9.5090099573672180e-09
1.3265989966448691e+01 9.4918307769150225e-09
1.3267606337414907e+01 9.4746825888445713e-09
1.3269222708381125e+01 9.4575653373275027e-09
1.3270839079347343e+01 9.4404789666358596e-09
1.3272455450313560e+01 9.4234234211419130e-09
1.3274071821279778e+01 9.4063986453179548e-09
1.3275688192245996e+01 9.3894045837362268e-09
1.3277304563212212e+01 9.3724411810685468e-09
1.3278920934178430e+01 9.3555083820862855e-09
1.3280537305144646e+01 9.3386061316602158e-09
1.3282153676110864e+01 9.3217343747601358e-09
1.3283770047077082e+01 9.3048930564548851e-09
1.3285386418043299e+01 9.2880821219121500e-09
1.3287002789009517e+01 9.2713015163981022e-09
1.3288619159975735e+01 9.2545511852774855e-09
1.3290235530941951e+01 9.2378310740132629e-09
1.3291851901908169e+01 9.2211411281664187e-09
1.3293468272874387e+01 9.2044812933959410e-09
1.3295084643840603e+01 9.1878515154585828e-09
1.3296701014806821e+01 9.1712517402084876e-09
1.3298317385773037e+01 9.1546819135973631e-09
1.3299933756739255e+01 9.1381419816740446e-09
1.3301550127705474e+01 9.1216318905844155e-09
1.3303166498671690e+01 9.1051515865712222e-09
1.3304782869637908e+01 9.0887010159739034e-09
1.3306399240604126e+01 9.0722801252283933e-09
1.3308015611570342e+01 9.0558888608670310e-09
1.3309631982536560e+01 9.0395271695182323e-09
1.3311248353502778e+01 9.0231949979064440e-09
1.3312864724468994e+01 9.0068922928519845e-09
1.3314481095435212e+01 8.9906190012707846e-09
1.3316097466401429e+01 8.9743750701742166e-09
1.3317713837367647e+01 8.9581604466689972e-09
1.3319330208333865e+01 8.9419750779570183e-09
1.3320946579300081e+01 8.9258189113350943e-09
1.3322562950266299e+01 8.9096918941947946e-09
1.3324179321232517e+01 8.8935939740224108e-09
1.3325795692198733e+01 8.8775250983986174e-09
1.3327412063164951e+01 8.8614852149984007e-09
1.3329028434131168e+01 8.8454742715908737e-09
1.3330644805097386e+01 8.8294922160390260e-09
1.3332261176063604e+01 8.8135389962997256e-09
1.3333877547029820e+01 8.7976145604234509e-09
1.3335493917996038e+01 8.7817188565539764e-09
1.3337110288962256e+01 8.7658518329285080e-09
1.3338726659928472e+01 8.7500134378773330e-09
1.3340343030894690e+01 8.7342036198236011e-09
1.3341959401860908e+01 8.7184223272832816e-09
1.3343575772827124e+01 8.7026695088649996e-09
1.3345192143793343e+01 8.6869451132697085e-09
1.3346808514759559e+01 8.6712490892907477e-09
1.3348424885725777e+01 8.6555813858135138e-09
1.3350041256691995e+01 8.6399419518152963e-09
1.3351657627658211e+01 8.6243307363652713e-09
1.3353273998624429e+01 8.6087476886241508e-09
1.3354890369590647e+01 8.5931927578441114e-09
1.3356506740556863e+01 8.5776658933686239e-09
1.3358123111523081e+01 8.5621670446322698e-09
1.3359739482489299e+01 8.5466961611605742e-09
1.3361355853455516e+01 8.5312531925699230e-09
1.3362972224421734e+01 8.5158380885672320e-09
1.3364588595387950e+01 8.5004507989499469e-09
1.3366204966354168e+01 8.4850912736057921e-09
1.3367821337320386e+01 8.4697594625126943e-09
1.3369437708286602e+01 8.4544553157384714e-09
1.3371054079252820e+01 8.4391787834407965e-09
1.3372670450219038e+01 8.4239298158670486e-09
1.3374286821185255e+01 8.4087083633540533e-09
1.3375903192151473e+01 8.3935143763279451e-09
1.3377519563117691e+01 8.3783478053041177e-09
1.3379135934083907e+01 8.3632086008869151e-09
1.3380752305050125e+01 8.3480967137695603e-09
1.3382368676016341e+01 8.3330120947339860e-09
1.3383985046982559e+01 8.3179546946505957e-09
1.3385601417948777e+01 8.3029244644782546e-09
1.3387217788914993e+01 8.2879213552640551e-09
1.3388834159881212e+01 8.2729453181430220e-09
1.3390450530847430e+01 8.2579963043382156e-09
1.3392066901813646e+01 8.2430742651604218e-09
1.3393683272779864e+01 8.2281791520079373e-09
1.3395299643746082e+01 8.2133109163665496e-09
1.3396916014712298e+01 8.1984695098093471e-09
1.3398532385678516e+01 8.1836548839964373e-09
1.3400148756644732e+01 8.1688669906750035e-09
1.3401765127610950e+01 8.1541057816789342e-09
1.3403381498577168e+01 8.1393712089288028e-09
1.3404997869543385e+01 8.1246632244317060e-09
1.3406614240509603e+01 8.1099817802810551e-09
1.3408230611475821e+01 8.0953268286563892e-09
1.3409846982442037e+01 8.0806983218233716e-09
1.3411463353408255e+01 8.0660962121334692e-09
1.3413079724374471e+01 8.0515204520239075e-09
1.3414696095340689e+01 8.0369709940174081e-09
1.3416312466306907e+01 8.0224477907221945e-09
1.3417928837273124e+01 8.0079507948316966e-09
1.3419545208239342e+01 7.9934799591244448e-09
1.3421161579205560e+01 7.9790352364639275e-09
1.3422777950171776e+01 7.9646165797984750e-09
1.3424394321137994e+01 7.9502239421609660e-09
1.3426010692104212e+01 7.9358572766688777e-09
1.3427627063070428e+01 7.9215165365239874e-09
1.3429243434036646e+01 7.9072016750122128e-09
1.3430859805002862e+01 7.8929126455036226e-09
1.3432476175969081e+01 7.8786494014520640e-09
1.3434092546935299e+01 7.8644118963951708e-09
1.3435708917901515e+01 7.8502000839542083e-09
1.3437325288867733e+01 7.8360139178337784e-09
1.3438941659833951e+01 7.8218533518218728e-09
1.3440558030800167e+01 7.8077183397895570e-09
1.3442174401766385e+01 7.7936088356909074e-09
1.3443790772732603e+01 7.7795247935628258e-09
1.3445407143698819e+01 7.7654661675249438e-09
1.3447023514665037e+01 7.7514329117794093e-09
1.3448639885631254e+01 7.7374249806107374e-09
1.3450256256597472e+01 7.7234423283857146e-09
1.3451872627563690e+01 7.7094849095532599e-09
1.3453488998529906e+01 7.6955526786442095e-09
1.3455105369496124e+01 7.6816455902711633e-09
1.3456721740462342e+01 7.6677635991284613e-09
1.3458338111428558e+01 7.6539066599919078e-09
1.3459954482394776e+01 7.6400747277186667e-09
1.3461570853360994e+01 7.6262677572471379e-09
1.3463187224327211e+01 7.6124857035967831e-09
1.3464803595293429e+01 7.5987285218679756e-09
1.3466419966259645e+01 7.5849961672419473e-09
1.3468036337225863e+01 7.5712885949804197e-09
1.3469652708192081e+01 7.5576057604257313e-09
1.3471269079158297e+01 7.5439476190005614e-09
1.3472885450124515e+01 7.5303141262077084e-09
1.3474501821090733e+01 7.5167052376300797e-09
1.3476118192056949e+01 7.5031209089305429e-09
1.3477734563023168e+01 7.4895610958516233e-09
1.3479350933989386e+01 7.4760257542155864e-09
1.3480967304955602e+01 7.4625148399241382e-09
1.3482583675921820e+01 7.4490283089582735e-09
1.3484200046888036e+01 7.4355661173782832e-09
1.3485816417854254e+01 7.4221282213234660e-09
1.3487432788820472e+01 7.4087145770119969e-09
1.3489049159786688e+01 7.3953251407409055e-09
1.3490665530752906e+01 7.3819598688858006e-09
1.3492281901719124e+01 7.3686187179007871e-09
1.3493898272685341e+01 7.3553016443183302e-09
1.3495514643651559e+01 7.3420086047491036e-09
1.3497131014617777e+01 7.3287395558818219e-09
1.3498747385583993e+01 7.3154944544831974e-09
1.3500363756550211e+01 7.3022732573976425e-09
1.3501980127516427e+01 7.2890759215472693e-09
1.3503596498482645e+01 7.2759024039316776e-09
1.3505212869448863e+01 7.2627526616278888e-09
1.3506829240415080e+01 7.2496266517900715e-09
1.3508445611381298e+01 7.2365243316495303e-09
1.3510061982347516e+01 7.2234456585145499e-09
1.3511678353313732e+01 7.2103905897701971e-09
1.3513294724279950e+01 7.1973590828781845e-09
1.3514911095246166e+01 7.1843510953768539e-09
1.3516527466212384e+01 7.1713665848808395e-09
1.3518143837178602e+01 7.1584055090811400e-09
1.3519760208144818e+01 7.1454678257448359e-09
1.3521376579111037e+01 7.1325534927149575e-09
1.3522992950077255e+01 7.1196624679104663e-09
1.3524609321043471e+01 7.1067947093260340e-09
1.3526225692009689e+01 7.0939501750318423e-09
1.3527842062975907e+01 7.0811288231735761e-09
1.3529458433942123e+01 7.0683306119722568e-09
1.3531074804908341e+01 7.0555554997239915e-09
1.3532691175874557e+01 7.0428034448000382e-09
1.3534307546840775e+01 7.0300744056464627e-09
1.3535923917806993e+01 7.0173683407841451e-09
1.3537540288773210e+01 7.0046852088086292e-09
1.3539156659739428e+01 6.9920249683899360e-09
1.3540773030705646e+01 6.9793875782724066e-09
1.3542389401671862e+01 6.9667729972747088e-09
1.3544005772638080e+01 6.9541811842895568e-09
1.3545622143604298e+01 6.9416120982836389e-09
1.3547238514570514e+01 6.9290656982974909e-09
1.3548854885536732e+01 6.9165419434453435e-09
1.3550471256502949e+01 6.9040407929150028e-09
1.3552087627469167e+01 6.8915622059677094e-09
1.3553703998435385e+01 6.8791061419380155e-09
1.3555320369401601e+01 6.8666725602336471e-09
1.3556936740367819e+01 6.8542614203353605e-09
1.3558553111334037e+01 6.8418726817968733e-09
1.3560169482300253e+01 6.8295063042446140e-09
1.3561785853266471e+01 6.8171622473776931e-09
1.3563402224232689e+01 6.8048404709677770e-09
1.3565018595198906e+01 6.7925409348588825e-09
1.3566634966165124e+01 6.7802635989672582e-09
1.3568251337131340e+01 6.7680084232813689e-09
1.3569867708097558e+01 6.7557753678615796e-09
1.3571484079063776e+01 6.7435643928402133e-09
1.3573100450029992e+01 6.7313754584212981e-09
1.3574716820996210e+01 6.7192085248804405e-09
1.3576333191962428e+01 6.7070635525647857e-09
1.3577949562928644e+01 6.6949405018928587e-09
1.3579565933894862e+01 6.6828393333542899e-09
1.3581182304861080e+01 6.6707600075099300e-09
1.3582798675827297e+01 6.6587024849915818e-09
1.3584415046793515e+01 6.6466667265018373e-09
1.3586031417759731e+01 6.6346526928140525e-09
1.3587647788725949e+01 6.6226603447721615e-09
1.3589264159692167e+01 6.6106896432905502e-09
1.3590880530658383e+01 6.5987405493539877e-09
1.3592496901624601e+01 6.5868130240173872e-09
1.3594113272590819e+01 6.5749070284057754e-09
1.3595729643557036e+01 6.5630225237141683e-09
1.3597346014523254e+01 6.5511594712073804e-09
1.3598962385489470e+01 6.5393178322199234e-09
1.3600578756455688e+01 6.5274975681559040e-09
1.3602195127421906e+01 6.5156986404889145e-09
1.3603811498388122e+01 6.5039210107618558e-09
1.3605427869354340e+01 6.4921646405868003e-09
1.3607044240320558e+01 6.4804294916449741e-09
1.3608660611286775e+01 6.4687155256865167e-09
1.3610276982252993e+01 6.4570227045304146e-09
1.3611893353219211e+01 6.4453509900643641e-09
1.3613509724185427e+01 6.4337003442446530e-09
1.3615126095151645e+01 6.4220707290960207e-09
1.3616742466117861e+01 6.4104621067115955e-09
1.3618358837084079e+01 6.3988744392526520e-09
1.3619975208050297e+01 6.3873076889486057e-09
1.3621591579016513e+01 6.3757618180968702e-09
1.3623207949982731e+01 6.3642367890626343e-09
1.3624824320948949e+01 6.3527325642788999e-09
1.3626440691915166e+01 6.3412491062462446e-09
1.3628057062881384e+01 6.3297863775326918e-09
1.3629673433847602e+01 6.3183443407736941e-09
1.3631289804813818e+01 6.3069229586719573e-09
1.3632906175780036e+01 6.2955221939972128e-09
1.3634522546746252e+01 6.2841420095863012e-09
1.3636138917712470e+01 6.2727823683428974e-09
1.3637755288678688e+01 6.2614432332374467e-09
1.3639371659644905e+01 6.2501245673070385e-09
1.3640988030611123e+01 6.2388263336552682e-09
