3.9967707535835051e-01 1.9077008018536898e-01
4.0129344632456787e-01 1.9001226209985134e-01
4.0290981729078529e-01 1.8925619714674899e-01
4.0452618825700265e-01 1.8850188181714383e-01
4.0614255922322001e-01 1.8774931260873115e-01
4.0775893018943743e-01 1.8699848602580832e-01
4.0937530115565479e-01 1.8624939857926243e-01
4.1099167212187215e-01 1.8550204678655732e-01
4.1260804308808952e-01 1.8475642717172347e-01
4.1422441405430693e-01 1.8401253626534464e-01
4.1584078502052430e-01 1.8327037060454543e-01
4.1745715598674166e-01 1.8252992673298080e-01
4.1907352695295907e-01 1.8179120120082273e-01
4.2068989791917644e-01 1.8105419056474961e-01
4.2230626888539380e-01 1.8031889138793253e-01
4.2392263985161122e-01 1.7958530024002517e-01
4.2553901081782858e-01 1.7885341369715077e-01
4.2715538178404594e-01 1.7812322834189118e-01
4.2877175275026336e-01 1.7739474076327397e-01
4.3038812371648072e-01 1.7666794755676180e-01
4.3200449468269808e-01 1.7594284532423954e-01
4.3362086564891544e-01 1.7521943067400350e-01
4.3523723661513286e-01 1.7449770022074865e-01
4.3685360758135022e-01 1.7377765058555766e-01
4.3846997854756764e-01 1.7305927839588914e-01
4.4008634951378500e-01 1.7234258028556548e-01
4.4170272048000236e-01 1.7162755289476209e-01
4.4331909144621973e-01 1.7091419286999457e-01
4.4493546241243714e-01 1.7020249686410804e-01
4.4655183337865451e-01 1.6949246153626507e-01
4.4816820434487187e-01 1.6878408355193422e-01
4.4978457531108929e-01 1.6807735958287887e-01
4.5140094627730665e-01 1.6737228630714457e-01
4.5301731724352401e-01 1.6666886040904932e-01
4.5463368820974143e-01 1.6596707857917023e-01
4.5625005917595879e-01 1.6526693751433330e-01
4.5786643014217615e-01 1.6456843391760134e-01
4.5948280110839357e-01 1.6387156449826268e-01
4.6109917207461093e-01 1.6317632597182025e-01
4.6271554304082829e-01 1.6248271505997913e-01
4.6433191400704565e-01 1.6179072849063633e-01
4.6594828497326307e-01 1.6110036299786890e-01
4.6756465593948043e-01 1.6041161532192219e-01
4.6918102690569785e-01 1.5972448220919946e-01
4.7079739787191521e-01 1.5903896041225002e-01
4.7241376883813258e-01 1.5835504668975772e-01
4.7403013980434994e-01 1.5767273780653079e-01
4.7564651077056735e-01 1.5699203053348915e-01
4.7726288173678472e-01 1.5631292164765401e-01
4.7887925270300208e-01 1.5563540793213712e-01
4.8049562366921950e-01 1.5495948617612898e-01
4.8211199463543686e-01 1.5428515317488711e-01
4.8372836560165422e-01 1.5361240572972654e-01
4.8534473656787158e-01 1.5294124064800718e-01
4.8696110753408900e-01 1.5227165474312374e-01
4.8857747850030636e-01 1.5160364483449407e-01
4.9019384946652378e-01 1.5093720774754821e-01
4.9181022043274114e-01 1.5027234031371778e-01
4.9342659139895850e-01 1.4960903937042463e-01
4.9504296236517586e-01 1.4894730176106977e-01
4.9665933333139328e-01 1.4828712433502261e-01
4.9827570429761064e-01 1.4762850394760960e-01
4.9989207526382806e-01 1.4697143746010446e-01
5.0150844623004542e-01 1.4631592173971561e-01
5.0312481719626279e-01 1.4566195365957674e-01
5.0474118816248015e-01 1.4500953009873507e-01
5.0635755912869751e-01 1.4435864794214071e-01
5.0797393009491487e-01 1.4370930408063604e-01
5.0959030106113234e-01 1.4306149541094484e-01
5.1120667202734971e-01 1.4241521883566141e-01
5.1282304299356707e-01 1.4177047126323947e-01
5.1443941395978443e-01 1.4112724960798220e-01
5.1605578492600179e-01 1.4048555079003094e-01
5.1767215589221915e-01 1.3984537173535466e-01
5.1928852685843663e-01 1.3920670937573890e-01
5.2090489782465399e-01 1.3856956064877590e-01
5.2252126879087135e-01 1.3793392249785319e-01
5.2413763975708871e-01 1.3729979187214333e-01
5.2575401072330608e-01 1.3666716572659299e-01
5.2737038168952344e-01 1.3603604102191294e-01
5.2898675265574080e-01 1.3540641472456685e-01
5.3060312362195827e-01 1.3477828380676091e-01
5.3221949458817563e-01 1.3415164524643369e-01
5.3383586555439300e-01 1.3352649602724515e-01
5.3545223652061036e-01 1.3290283313856621e-01
5.3706860748682772e-01 1.3228065357546842e-01
5.3868497845304519e-01 1.3165995433871333e-01
5.4030134941926256e-01 1.3104073243474229e-01
5.4191772038547992e-01 1.3042298487566620e-01
5.4353409135169728e-01 1.2980670867925401e-01
5.4515046231791464e-01 1.2919190086892374e-01
5.4676683328413200e-01 1.2857855847373131e-01
5.4838320425034937e-01 1.2796667852836047e-01
5.4999957521656673e-01 1.2735625807311196e-01
5.5161594618278420e-01 1.2674729415389430e-01
5.5323231714900156e-01 1.2613978382221211e-01
5.5484868811521892e-01 1.2553372413515720e-01
5.5646505908143629e-01 1.2492911215539712e-01
5.5808143004765365e-01 1.2432594495116571e-01
5.5969780101387112e-01 1.2372421959625238e-01
5.6131417198008848e-01 1.2312393316999261e-01
5.6293054294630585e-01 1.2252508275725706e-01
5.6454691391252321e-01 1.2192766544844139e-01
5.6616328487874057e-01 1.2133167833945695e-01
5.6777965584495793e-01 1.2073711853171952e-01
5.6939602681117529e-01 1.2014398313214014e-01
5.7101239777739266e-01 1.1955226925311477e-01
5.7262876874361013e-01 1.1896197401251354e-01
5.7424513970982749e-01 1.1837309453367187e-01
5.7586151067604485e-01 1.1778562794537945e-01
5.7747788164226221e-01 1.1719957138187073e-01
5.7909425260847958e-01 1.1661492198281465e-01
5.8071062357469705e-01 1.1603167689330518e-01
5.8232699454091441e-01 1.1544983326385046e-01
5.8394336550713177e-01 1.1486938825036362e-01
5.8555973647334914e-01 1.1429033901415296e-01
5.8717610743956650e-01 1.1371268272191080e-01
5.8879247840578386e-01 1.1313641654570522e-01
5.9040884937200122e-01 1.1256153766296920e-01
5.9202522033821858e-01 1.1198804325649107e-01
5.9364159130443606e-01 1.1141593051440446e-01
5.9525796227065342e-01 1.1084519663017889e-01
5.9687433323687078e-01 1.1027583880260901e-01
5.9849070420308814e-01 1.0970785423580662e-01
6.0010707516930561e-01 1.0914124013918894e-01
6.0172344613552298e-01 1.0857599372746993e-01
6.0333981710174034e-01 1.0801211222065031e-01
6.0495618806795770e-01 1.0744959284400821e-01
6.0657255903417506e-01 1.0688843282808853e-01
6.0818893000039242e-01 1.0632862940869441e-01
6.0980530096660979e-01 1.0577017982687693e-01
6.1142167193282715e-01 1.0521308132892532e-01
6.1303804289904451e-01 1.0465733116635768e-01
6.1465441386526198e-01 1.0410292659591125e-01
6.1627078483147935e-01 1.0354986487953319e-01
6.1788715579769671e-01 1.0299814328437039e-01
6.1950352676391407e-01 1.0244775908275981e-01
6.2111989773013154e-01 1.0189870955221984e-01
6.2273626869634890e-01 1.0135099197544017e-01
6.2435263966256627e-01 1.0080460364027209e-01
6.2596901062878363e-01 1.0025954183971950e-01
6.2758538159500099e-01 9.9715803871929201e-02
6.2920175256121835e-01 9.9173387040181221e-02
6.3081812352743571e-01 9.8632288652880040e-02
6.3243449449365308e-01 9.8092506023544204e-02
6.3405086545987055e-01 9.7554036470797759e-02
6.3566723642608791e-01 9.7016877318360811e-02
6.3728360739230527e-01 9.6481025895039318e-02
6.3889997835852264e-01 9.5946479534716772e-02
6.4051634932474000e-01 9.5413235576344291e-02
6.4213272029095747e-01 9.4881291363931308e-02
6.4374909125717483e-01 9.4350644246536594e-02
6.4536546222339219e-01 9.3821291578258734e-02
6.4698183318960956e-01 9.3293230718226761e-02
6.4859820415582692e-01 9.2766459030591206e-02
6.5021457512204428e-01 9.2240973884514396e-02
6.5183094608826164e-01 9.1716772654161838e-02
6.5344731705447900e-01 9.1193852718692903e-02
6.5506368802069637e-01 9.0672211462250865e-02
6.5668005898691384e-01 9.0151846273954811e-02
6.5829642995313120e-01 8.9632754547889645e-02
6.5991280091934856e-01 8.9114933683097711e-02
6.6152917188556604e-01 8.8598381083569211e-02
6.6314554285178340e-01 8.8083094158232567e-02
6.6476191381800076e-01 8.7569070320946629e-02
6.6637828478421812e-01 8.7056306990490842e-02
6.6799465575043548e-01 8.6544801590555928e-02
6.6961102671665285e-01 8.6034551549735439e-02
6.7122739768287021e-01 8.5525554301516288e-02
6.7284376864908757e-01 8.5017807284270261e-02
6.7446013961530493e-01 8.4511307941244312e-02
6.7607651058152229e-01 8.4006053720552351e-02
6.7769288154773977e-01 8.3502042075165650e-02
6.7930925251395713e-01 8.2999270462904562e-02
6.8092562348017449e-01 8.2497736346428527e-02
6.8254199444639196e-01 8.1997437193228884e-02
6.8415836541260933e-01 8.1498370475618004e-02
6.8577473637882669e-01 8.1000533670721922e-02
6.8739110734504405e-01 8.0503924260470497e-02
6.8900747831126141e-01 8.0008539731589626e-02
6.9062384927747877e-01 7.9514377575591114e-02
6.9224022024369614e-01 7.9021435288765110e-02
6.9385659120991350e-01 7.8529710372170367e-02
6.9547296217613086e-01 7.8039200331625910e-02
6.9708933314234833e-01 7.7549902677702273e-02
6.9870570410856569e-01 7.7061814925712888e-02
7.0032207507478306e-01 7.6574934595704608e-02
7.0193844604100042e-01 7.6089259212450105e-02
7.0355481700721789e-01 7.5604786305438237e-02
7.0517118797343525e-01 7.5121513408866109e-02
7.0678755893965262e-01 7.4639438061629412e-02
7.0840392990586998e-01 7.4158557807314882e-02
7.1002030087208734e-01 7.3678870194191157e-02
7.1163667183830470e-01 7.3200372775199987e-02
7.1325304280452206e-01 7.2723063107947697e-02
7.1486941377073943e-01 7.2246938754697121e-02
7.1648578473695679e-01 7.1771997282358238e-02
7.1810215570317426e-01 7.1298236262480053e-02
7.1971852666939162e-01 7.0825653271242225e-02
7.2133489763560898e-01 7.0354245889446151e-02
7.2295126860182635e-01 6.9884011702506396e-02
7.2456763956804382e-01 6.9414948300442730e-02
7.2618401053426118e-01 6.8947053277871276e-02
7.2780038150047854e-01 6.8480324233995887e-02
7.2941675246669591e-01 6.8014758772600395e-02
7.3103312343291327e-01 6.7550354502038792e-02
7.3264949439913063e-01 6.7087109035228590e-02
7.3426586536534799e-01 6.6625019989641085e-02
7.3588223633156535e-01 6.6164084987293689e-02
7.3749860729778272e-01 6.5704301654740824e-02
7.3911497826400019e-01 6.5245667623066314e-02
7.4073134923021755e-01 6.4788180527874856e-02
7.4234772019643491e-01 6.4331838009283396e-02
7.4396409116265239e-01 6.3876637711912945e-02
7.4558046212886975e-01 6.3422577284880405e-02
7.4719683309508711e-01 6.2969654381790321e-02
7.4881320406130447e-01 6.2517866660726354e-02
7.5042957502752183e-01 6.2067211784243168e-02
7.5204594599373920e-01 6.1617687419358150e-02
7.5366231695995656e-01 6.1169291237543583e-02
7.5527868792617392e-01 6.0722020914717664e-02
7.5689505889239128e-01 6.0275874131236716e-02
7.5851142985860864e-01 5.9830848571887627e-02
7.6012780082482612e-01 5.9386941925878407e-02
7.6174417179104348e-01 5.8944151886830908e-02
7.6336054275726084e-01 5.8502476152772591e-02
7.6497691372347831e-01 5.8061912426128265e-02
7.6659328468969568e-01 5.7622458413712260e-02
7.6820965565591304e-01 5.7184111826719383e-02
7.6982602662213040e-01 5.6746870380718246e-02
7.7144239758834776e-01 5.6310731795642437e-02
7.7305876855456512e-01 5.5875693795782388e-02
7.7467513952078249e-01 5.5441754109777378e-02
7.7629151048699985e-01 5.5008910470607825e-02
7.7790788145321721e-01 5.4577160615587171e-02
7.7952425241943457e-01 5.4146502286353621e-02
7.8114062338565204e-01 5.3716933228862486e-02
7.8275699435186941e-01 5.3288451193378043e-02
7.8437336531808677e-01 5.2861053934465788e-02
7.8598973628430424e-01 5.2434739210984294e-02
7.8760610725052160e-01 5.2009504786077083e-02
7.8922247821673897e-01 5.1585348427165584e-02
7.9083884918295633e-01 5.1162267905940105e-02
7.9245522014917369e-01 5.0740260998352868e-02
7.9407159111539105e-01 5.0319325484609552e-02
7.9568796208160841e-01 4.9899459149162079e-02
7.9730433304782578e-01 4.9480659780699938e-02
7.9892070401404314e-01 4.9062925172143147e-02
8.0053707498026061e-01 4.8646253120633913e-02
8.0215344594647797e-01 4.8230641427529281e-02
8.0376981691269533e-01 4.7816087898393103e-02
8.0538618787891270e-01 4.7402590342988070e-02
8.0700255884513017e-01 4.6990146575268295e-02
8.0861892981134753e-01 4.6578754413371920e-02
8.1023530077756489e-01 4.6168411679612484e-02
8.1185167174378225e-01 4.5759116200471614e-02
8.1346804270999962e-01 4.5350865806591888e-02
8.1508441367621698e-01 4.4943658332768449e-02
8.1670078464243434e-01 4.4537491617941481e-02
8.1831715560865170e-01 4.4132363505188808e-02
8.1993352657486906e-01 4.3728271841718291e-02
8.2154989754108654e-01 4.3325214478859446e-02
8.2316626850730390e-01 4.2923189272057044e-02
8.2478263947352126e-01 4.2522194080862677e-02
8.2639901043973862e-01 4.2122226768927268e-02
8.2801538140595610e-01 4.1723285203993758e-02
8.2963175237217346e-01 4.1325367257889323e-02
8.3124812333839082e-01 4.0928470806518194e-02
8.3286449430460818e-01 4.0532593729853489e-02
8.3448086527082554e-01 4.0137733911930394e-02
8.3609723623704291e-01 3.9743889240838236e-02
8.3771360720326027e-01 3.9351057608713144e-02
8.3932997816947763e-01 3.8959236911730345e-02
8.4094634913569499e-01 3.8568425050097478e-02
8.4256272010191247e-01 3.8178619928045901e-02
8.4417909106812983e-01 3.7789819453824383e-02
8.4579546203434719e-01 3.7402021539691105e-02
8.4741183300056466e-01 3.7015224101906601e-02
8.4902820396678202e-01 3.6629425060725654e-02
8.5064457493299939e-01 3.6244622340391004e-02
8.5226094589921675e-01 3.5860813869125117e-02
8.5387731686543411e-01 3.5477997579123274e-02
8.5549368783165147e-01 3.5096171406545890e-02
8.5711005879786883e-01 3.4715333291511538e-02
8.5872642976408620e-01 3.4335481178089468e-02
8.6034280073030356e-01 3.3956613014292307e-02
8.6195917169652092e-01 3.3578726752068647e-02
8.6357554266273839e-01 3.3201820347296469e-02
8.6519191362895576e-01 3.2825891759774781e-02
8.6680828459517312e-01 3.2450938953217011e-02
8.6842465556139059e-01 3.2076959895243992e-02
8.7004102652760795e-01 3.1703952557376243e-02
8.7165739749382531e-01 3.1331914915026959e-02
8.7327376846004268e-01 3.0960844947494875e-02
8.7489013942626004e-01 3.0590740637956988e-02
8.7650651039247740e-01 3.0221599973461740e-02
8.7812288135869476e-01 2.9853420944921241e-02
8.7973925232491212e-01 2.9486201547104508e-02
8.8135562329112949e-01 2.9119939778630446e-02
8.8297199425734685e-01 2.8754633641960372e-02
8.8458836522356432e-01 2.8390281143391285e-02
8.8620473618978168e-01 2.8026880293048558e-02
8.8782110715599905e-01 2.7664429104878978e-02
8.8943747812221652e-01 2.7302925596643490e-02
8.9105384908843388e-01 2.6942367789910528e-02
8.9267022005465124e-01 2.6582753710048330e-02
8.9428659102086860e-01 2.6224081386218654e-02
8.9590296198708597e-01 2.5866348851369181e-02
8.9751933295330333e-01 2.5509554142227130e-02
8.9913570391952069e-01 2.5153695299291477e-02
9.0075207488573805e-01 2.4798770366826640e-02
9.0236844585195553e-01 2.4444777392855215e-02
9.0398481681817289e-01 2.4091714429151308e-02
9.0560118778439025e-01 2.3739579531232902e-02
9.0721755875060761e-01 2.3388370758355786e-02
9.0883392971682497e-01 2.3038086173506441e-02
9.1045030068304234e-01 2.2688723843394445e-02
9.1206667164925981e-01 2.2340281838446451e-02
9.1368304261547717e-01 2.1992758232799187e-02
9.1529941358169453e-01 2.1646151104291991e-02
9.1691578454791189e-01 2.1300458534460439e-02
9.1853215551412926e-01 2.0955678608529590e-02
9.2014852648034662e-01 2.0611809415407103e-02
9.2176489744656398e-01 2.0268849047675851e-02
9.2338126841278145e-01 1.9926795601588193e-02
9.2499763937899881e-01 1.9585647177058168e-02
9.2661401034521618e-01 1.9245401877655190e-02
9.2823038131143354e-01 1.8906057810597628e-02
9.2984675227765090e-01 1.8567613086745198e-02
9.3146312324386826e-01 1.8230065820592924e-02
9.3307949421008574e-01 1.7893414130264088e-02
9.3469586517630310e-01 1.7557656137503715e-02
9.3631223614252046e-01 1.7222789967671927e-02
9.3792860710873782e-01 1.6888813749736609e-02
9.3954497807495518e-01 1.6555725616267697e-02
9.4116134904117255e-01 1.6223523703429849e-02
9.4277772000738991e-01 1.5892206150976109e-02
9.4439409097360738e-01 1.5561771102240834e-02
9.4601046193982474e-01 1.5232216704133742e-02
9.4762683290604210e-01 1.4903541107132809e-02
9.4924320387225947e-01 1.4575742465277616e-02
9.5085957483847683e-01 1.4248818936163215e-02
9.5247594580469419e-01 1.3922768680932856e-02
9.5409231677091166e-01 1.3597589864272187e-02
9.5570868773712903e-01 1.3273280654402430e-02
9.5732505870334639e-01 1.2949839223073157e-02
9.5894142966956375e-01 1.2627263745556973e-02
9.6055780063578111e-01 1.2305552400641987e-02
9.6217417160199847e-01 1.1984703370625710e-02
9.6379054256821595e-01 1.1664714841308696e-02
9.6540691353443331e-01 1.1345585001987847e-02
9.6702328450065067e-01 1.1027312045449711e-02
9.6863965546686803e-01 1.0709894167964673e-02
9.7025602643308539e-01 1.0393329569279882e-02
9.7187239739930276e-01 1.0077616452613007e-02
9.7348876836552012e-01 9.7627530246461418e-03
9.7510513933173759e-01 9.4487374955187393e-03
9.7672151029795495e-01 9.1355680788217427e-03
9.7833788126417232e-01 8.8232429915912070e-03
9.7995425223038968e-01 8.5117604543013155e-03
9.8157062319660704e-01 8.2011186908587386e-03
9.8318699416282440e-01 7.8913159285958993e-03
9.8480336512904187e-01 7.5823503982647292e-03
9.8641973609525924e-01 7.2742203340300897e-03
9.8803610706147660e-01 6.9669239734638363e-03
9.8965247802769396e-01 6.6604595575384612e-03
9.9126884899391132e-01 6.3548253306204257e-03
9.9288521996012868e-01 6.0500195404641017e-03
9.9450159092634616e-01 5.7460404382056324e-03
9.9611796189256352e-01 5.4428862783565801e-03
9.9773433285878088e-01 5.1405553187974995e-03
9.9935070382499824e-01 4.8390458207718812e-03
1.0009670747912156e+00 4.5383560488796585e-03
1.0025834457574330e+00 4.2384842710717586e-03
1.0041998167236503e+00 3.9394287586425629e-03
1.0058161876898679e+00 3.6411877862250613e-03
1.0074325586560851e+00 3.3437596317839220e-03
1.0090489296223026e+00 3.0471425766092253e-03
1.0106653005885198e+00 2.7513349053110325e-03
1.0122816715547374e+00 2.4563349058122326e-03
1.0138980425209545e+00 2.1621408693431165e-03
1.0155144134871721e+00 1.8687510904352720e-03
1.0171307844533894e+00 1.5761638669149658e-03
1.0187471554196068e+00 1.2843774998972746e-03
1.0203635263858242e+00 9.9339029378021568e-04
1.0219798973520415e+00 7.0320055623858304e-04
1.0235962683182589e+00 4.1380659821711475e-04
1.0252126392844763e+00 1.2520673392590155e-04
1.0268290102506938e+00 -1.6260071916718722e-04
1.0284453812169110e+00 -4.4961744034120195e-04
1.0300617521831286e+00 -7.3584510562945760e-04
1.0316781231493457e+00 -1.0212853878244503e-03
1.0332944941155633e+00 -1.3059399564844883e-03
1.0349108650817804e+00 -1.5898104779393507e-03
1.0365272360479980e+00 -1.8728986152967996e-03
1.0381436070142154e+00 -2.1552060284477492e-03
1.0397599779804327e+00 -2.4367343740727739e-03
1.0413763489466501e+00 -2.7174853056483521e-03
1.0429927199128675e+00 -2.9974604734519170e-03
1.0446090908790848e+00 -3.2766615245685042e-03
1.0462254618453022e+00 -3.5550901028965410e-03
1.0478418328115198e+00 -3.8327478491535596e-03
1.0494582037777369e+00 -4.1096364008822821e-03
1.0510745747439545e+00 -4.3857573924563969e-03
1.0526909457101716e+00 -4.6611124550864540e-03
1.0543073166763892e+00 -4.9357032168260897e-03
1.0559236876426064e+00 -5.2095313025769755e-03
1.0575400586088239e+00 -5.4825983340957528e-03
1.0591564295750413e+00 -5.7549059299991994e-03
1.0607728005412587e+00 -6.0264557057701507e-03
1.0623891715074760e+00 -6.2972492737635557e-03
1.0640055424736934e+00 -6.5672882432119837e-03
1.0656219134399108e+00 -6.8365742202315316e-03
1.0672382844061281e+00 -7.1051088078278373e-03
1.0688546553723457e+00 -7.3728936059014689e-03
1.0704710263385628e+00 -7.6399302112537416e-03
1.0720873973047804e+00 -7.9062202175929231e-03
1.0737037682709976e+00 -8.1717652155393443e-03
1.0753201392372151e+00 -8.4365667926316560e-03
1.0769365102034323e+00 -8.7006265333321071e-03
1.0785528811696499e+00 -8.9639460190327827e-03
1.0801692521358672e+00 -9.2265268280606102e-03
1.0817856231020846e+00 -9.4883705356837659e-03
1.0834019940683020e+00 -9.7494787141167230e-03
1.0850183650345193e+00 -1.0009852932526481e-02
1.0866347360007367e+00 -1.0269494757037948e-02
1.0882511069669540e+00 -1.0528405750739447e-02
1.0898674779331716e+00 -1.0786587473688545e-02
1.0914838488993888e+00 -1.1044041482917814e-02
1.0931002198656063e+00 -1.1300769332440109e-02
1.0947165908318235e+00 -1.1556772573254446e-02
1.0963329617980411e+00 -1.1812052753351447e-02
1.0979493327642584e+00 -1.2066611417719066e-02
1.0995657037304758e+00 -1.2320450108348003e-02
1.1011820746966932e+00 -1.2573570364237497e-02
1.1027984456629105e+00 -1.2825973721400413e-02
1.1044148166291279e+00 -1.3077661712869589e-02
1.1060311875953452e+00 -1.3328635868702572e-02
1.1076475585615626e+00 -1.3578897715987514e-02
1.1092639295277800e+00 -1.3828448778848781e-02
1.1108803004939976e+00 -1.4077290578452258e-02
1.1124966714602147e+00 -1.4325424633010770e-02
1.1141130424264323e+00 -1.4572852457790015e-02
1.1157294133926494e+00 -1.4819575565113480e-02
1.1173457843588670e+00 -1.5065595464368359e-02
1.1189621553250844e+00 -1.5310913662010713e-02
1.1205785262913017e+00 -1.5555531661570907e-02
1.1221948972575191e+00 -1.5799450963659499e-02
1.1238112682237364e+00 -1.6042673065971992e-02
1.1254276391899538e+00 -1.6285199463294851e-02
1.1270440101561712e+00 -1.6527031647510362e-02
1.1286603811223885e+00 -1.6768171107602755e-02
1.1302767520886059e+00 -1.7008619329662706e-02
1.1318931230548235e+00 -1.7248377796893428e-02
1.1335094940210406e+00 -1.7487447989615618e-02
1.1351258649872582e+00 -1.7725831385273203e-02
1.1367422359534753e+00 -1.7963529458438241e-02
1.1383586069196929e+00 -1.8200543680816635e-02
1.1399749778859103e+00 -1.8436875521253112e-02
1.1415913488521277e+00 -1.8672526445736963e-02
1.1432077198183450e+00 -1.8907497917406979e-02
1.1448240907845624e+00 -1.9141791396556980e-02
1.1464404617507797e+00 -1.9375408340640984e-02
1.1480568327169971e+00 -1.9608350204278497e-02
1.1496732036832145e+00 -1.9840618439259970e-02
1.1512895746494318e+00 -2.0072214494551703e-02
1.1529059456156494e+00 -2.0303139816301417e-02
1.1545223165818665e+00 -2.0533395847843378e-02
1.1561386875480841e+00 -2.0762984029703693e-02
1.1577550585143013e+00 -2.0991905799605259e-02
1.1593714294805189e+00 -2.1220162592473502e-02
1.1609878004467362e+00 -2.1447755840441021e-02
1.1626041714129536e+00 -2.1674686972853196e-02
1.1642205423791709e+00 -2.1900957416273098e-02
1.1658369133453883e+00 -2.2126568594486896e-02
1.1674532843116057e+00 -2.2351521928508804e-02
1.1690696552778230e+00 -2.2575818836586430e-02
1.1706860262440406e+00 -2.2799460734205756e-02
1.1723023972102578e+00 -2.3022449034096393e-02
1.1739187681764753e+00 -2.3244785146236853e-02
1.1755351391426925e+00 -2.3466470477859106e-02
1.1771515101089101e+00 -2.3687506433454436e-02
1.1787678810751272e+00 -2.3907894414778037e-02
1.1803842520413448e+00 -2.4127635820854310e-02
1.1820006230075621e+00 -2.4346732047981771e-02
1.1836169939737795e+00 -2.4565184489738361e-02
1.1852333649399969e+00 -2.4782994536986361e-02
1.1868497359062142e+00 -2.5000163577877477e-02
1.1884661068724316e+00 -2.5216692997857917e-02
1.1900824778386490e+00 -2.5432584179673274e-02
1.1916988488048665e+00 -2.5647838503373887e-02
1.1933152197710837e+00 -2.5862457346319482e-02
1.1949315907373013e+00 -2.6076442083184385e-02
1.1965479617035184e+00 -2.6289794085962614e-02
1.1981643326697360e+00 -2.6502514723972574e-02
1.1997807036359531e+00 -2.6714605363862300e-02
1.2013970746021707e+00 -2.6926067369614327e-02
1.2030134455683881e+00 -2.7136902102550677e-02
1.2046298165346054e+00 -2.7347110921337774e-02
1.2062461875008228e+00 -2.7556695181991522e-02
1.2078625584670402e+00 -2.7765656237881940e-02
1.2094789294332575e+00 -2.7973995439738480e-02
1.2110953003994749e+00 -2.8181714135654706e-02
1.2127116713656925e+00 -2.8388813671093284e-02
1.2143280423319096e+00 -2.8595295388890645e-02
1.2159444132981272e+00 -2.8801160629262509e-02
1.2175607842643443e+00 -2.9006410729807856e-02
1.2191771552305619e+00 -2.9211047025514698e-02
1.2207935261967791e+00 -2.9415070848764269e-02
1.2224098971629966e+00 -2.9618483529336319e-02
1.2240262681292140e+00 -2.9821286394413740e-02
1.2256426390954314e+00 -3.0023480768587400e-02
1.2272590100616487e+00 -3.0225067973861076e-02
1.2288753810278661e+00 -3.0426049329656313e-02
1.2304917519940834e+00 -3.0626426152817000e-02
1.2321081229603008e+00 -3.0826199757614432e-02
1.2337244939265184e+00 -3.1025371455751995e-02
1.2353408648927355e+00 -3.1223942556369913e-02
1.2369572358589531e+00 -3.1421914366050199e-02
1.2385736068251703e+00 -3.1619288188821100e-02
1.2401899777913878e+00 -3.1816065326162254e-02
1.2418063487576050e+00 -3.2012247077009046e-02
1.2434227197238226e+00 -3.2207834737757804e-02
1.2450390906900399e+00 -3.2402829602269971e-02
1.2466554616562573e+00 -3.2597232961877450e-02
1.2482718326224747e+00 -3.2791046105386745e-02
1.2498882035886920e+00 -3.2984270319084061e-02
1.2515045745549094e+00 -3.3176906886739889e-02
1.2531209455211267e+00 -3.3368957089613689e-02
1.2547373164873443e+00 -3.3560422206458537e-02
1.2563536874535615e+00 -3.3751303513525732e-02
1.2579700584197790e+00 -3.3941602284569786e-02
1.2595864293859962e+00 -3.4131319790852668e-02
1.2612028003522138e+00 -3.4320457301148792e-02
1.2628191713184309e+00 -3.4509016081749319e-02
1.2644355422846485e+00 -3.4696997396467165e-02
1.2660519132508659e+00 -3.4884402506641342e-02
1.2676682842170832e+00 -3.5071232671141692e-02
1.2692846551833006e+00 -3.5257489146373465e-02
1.2709010261495179e+00 -3.5443173186281866e-02
1.2725173971157353e+00 -3.5628286042356870e-02
1.2741337680819527e+00 -3.5812828963637404e-02
1.2757501390481703e+00 -3.5996803196716415e-02
1.2773665100143874e+00 -3.6180209985744852e-02
1.2789828809806050e+00 -3.6363050572436918e-02
1.2805992519468221e+00 -3.6545326196073924e-02
1.2822156229130397e+00 -3.6727038093509218e-02
1.2838319938792568e+00 -3.6908187499172872e-02
1.2854483648454744e+00 -3.7088775645075685e-02
1.2870647358116918e+00 -3.7268803760814151e-02
1.2886811067779091e+00 -3.7448273073574748e-02
1.2902974777441265e+00 -3.7627184808138543e-02
1.2919138487103439e+00 -3.7805540186885631e-02
1.2935302196765612e+00 -3.7983340429799582e-02
1.2951465906427786e+00 -3.8160586754471988e-02
1.2967629616089962e+00 -3.8337280376106959e-02
1.2983793325752133e+00 -3.8513422507525367e-02
1.2999957035414309e+00 -3.8689014359169605e-02
1.3016120745076480e+00 -3.8864057139107754e-02
1.3032284454738656e+00 -3.9038552053038258e-02
1.3048448164400830e+00 -3.9212500304294073e-02
1.3064611874063004e+00 -3.9385903093847423e-02
1.3080775583725177e+00 -3.9558761620313819e-02
1.3096939293387351e+00 -3.9731077079956864e-02
1.3113103003049524e+00 -3.9902850666692351e-02
1.3129266712711698e+00 -4.0074083572092710e-02
1.3145430422373872e+00 -4.0244776985391480e-02
1.3161594132036045e+00 -4.0414932093487649e-02
1.3177757841698221e+00 -4.0584550080949910e-02
1.3193921551360392e+00 -4.0753632130021034e-02
1.3210085261022568e+00 -4.0922179420622554e-02
1.3226248970684740e+00 -4.1090193130358520e-02
1.3242412680346916e+00 -4.1257674434520351e-02
1.3258576390009089e+00 -4.1424624506090628e-02
1.3274740099671263e+00 -4.1591044515748098e-02
1.3290903809333436e+00 -4.1756935631871404e-02
1.3307067518995610e+00 -4.1922299020543549e-02
1.3323231228657784e+00 -4.2087135845556227e-02
1.3339394938319957e+00 -4.2251447268414198e-02
1.3355558647982131e+00 -4.2415234448339369e-02
1.3371722357644305e+00 -4.2578498542275182e-02
1.3387886067306480e+00 -4.2741240704890771e-02
1.3404049776968652e+00 -4.2903462088585372e-02
1.3420213486630828e+00 -4.3065163843492543e-02
1.3436377196292999e+00 -4.3226347117484125e-02
1.3452540905955175e+00 -4.3387013056174879e-02
1.3468704615617348e+00 -4.3547162802926399e-02
1.3484868325279522e+00 -4.3706797498851452e-02
1.3501032034941696e+00 -4.3865918282818217e-02
1.3517195744603869e+00 -4.4024526291454411e-02
1.3533359454266043e+00 -4.4182622659151426e-02
1.3549523163928217e+00 -4.4340208518068677e-02
1.3565686873590390e+00 -4.4497284998137689e-02
1.3581850583252564e+00 -4.4653853227066199e-02
1.3598014292914740e+00 -4.4809914330342392e-02
1.3614178002576911e+00 -4.4965469431239045e-02
1.3630341712239087e+00 -4.5120519650817661e-02
1.3646505421901258e+00 -4.5275066107932652e-02
1.3662669131563434e+00 -4.5429109919235329e-02
1.3678832841225608e+00 -4.5582652199178175e-02
1.3694996550887781e+00 -4.5735694060018907e-02
1.3711160260549955e+00 -4.5888236611824625e-02
1.3727323970212129e+00 -4.6040280962475720e-02
1.3743487679874302e+00 -4.6191828217670296e-02
1.3759651389536476e+00 -4.6342879480927829e-02
1.3775815099198652e+00 -4.6493435853593751e-02
1.3791978808860823e+00 -4.6643498434843035e-02
1.3808142518522999e+00 -4.6793068321684658e-02
1.3824306228185170e+00 -4.6942146608965236e-02
1.3840469937847346e+00 -4.7090734389373549e-02
1.3856633647509518e+00 -4.7238832753444142e-02
1.3872797357171693e+00 -4.7386442789561778e-02
1.3888961066833867e+00 -4.7533565583964939e-02
1.3905124776496041e+00 -4.7680202220750360e-02
1.3921288486158214e+00 -4.7826353781876746e-02
1.3937452195820388e+00 -4.7972021347168922e-02
1.3953615905482561e+00 -4.8117205994321594e-02
1.3969779615144735e+00 -4.8261908798903616e-02
1.3985943324806911e+00 -4.8406130834361960e-02
1.4002107034469082e+00 -4.8549873172025304e-02
1.4018270744131256e+00 -4.8693136881108517e-02
1.4034434453793432e+00 -4.8835923028716283e-02
1.4050598163455605e+00 -4.8978232679847161e-02
1.4066761873117779e+00 -4.9120066897397514e-02
1.4082925582779953e+00 -4.9261426742165430e-02
1.4099089292442126e+00 -4.9402313272854749e-02
1.4115253002104300e+00 -4.9542727546078871e-02
1.4131416711766474e+00 -4.9682670616364652e-02
1.4147580421428647e+00 -4.9822143536156487e-02
1.4163744131090821e+00 -4.9961147355819989e-02
1.4179907840752994e+00 -5.0099683123646037e-02
1.4196071550415168e+00 -5.0237751885854637e-02
1.4212235260077342e+00 -5.0375354686598796e-02
1.4228398969739515e+00 -5.0512492567968317e-02
1.4244562679401691e+00 -5.0649166569993798e-02
1.4260726389063865e+00 -5.0785377730650311e-02
1.4276890098726038e+00 -5.0921127085861558e-02
1.4293053808388212e+00 -5.1056415669503391e-02
1.4309217518050386e+00 -5.1191244513407792e-02
1.4325381227712559e+00 -5.1325614647366784e-02
1.4341544937374733e+00 -5.1459527099136024e-02
1.4357708647036906e+00 -5.1592982894438949e-02
1.4373872356699080e+00 -5.1725983056970223e-02
1.4390036066361254e+00 -5.1858528608399859e-02
1.4406199776023427e+00 -5.1990620568376764e-02
1.4422363485685601e+00 -5.2122259954532721e-02
1.4438527195347775e+00 -5.2253447782486112e-02
1.4454690905009950e+00 -5.2384185065845565e-02
1.4470854614672124e+00 -5.2514472816213888e-02
1.4487018324334298e+00 -5.2644312043191803e-02
1.4503182033996471e+00 -5.2773703754381639e-02
1.4519345743658645e+00 -5.2902648955391096e-02
1.4535509453320818e+00 -5.3031148649837059e-02
1.4551673162982992e+00 -5.3159203839349176e-02
1.4567836872645166e+00 -5.3286815523573824e-02
1.4584000582307339e+00 -5.3413984700177559e-02
1.4600164291969513e+00 -5.3540712364851070e-02
1.4616328001631687e+00 -5.3666999511312666e-02
1.4632491711293860e+00 -5.3792847131312146e-02
1.4648655420956034e+00 -5.3918256214634475e-02
1.4664819130618210e+00 -5.4043227749103404e-02
1.4680982840280383e+00 -5.4167762720585058e-02
1.4697146549942557e+00 -5.4291862112991945e-02
1.4713310259604730e+00 -5.4415526908286292e-02
1.4729473969266904e+00 -5.4538758086483764e-02
1.4745637678929078e+00 -5.4661556625657193e-02
1.4761801388591251e+00 -5.4783923501940356e-02
1.4777965098253425e+00 -5.4905859689531232e-02
1.4794128807915599e+00 -5.5027366160696048e-02
1.4810292517577772e+00 -5.5148443885772690e-02
1.4826456227239946e+00 -5.5269093833174215e-02
1.4842619936902119e+00 -5.5389316969392789e-02
1.4858783646564293e+00 -5.5509114259003019e-02
1.4874947356226469e+00 -5.5628486664665647e-02
1.4891111065888643e+00 -5.5747435147131173e-02
1.4907274775550816e+00 -5.5865960665243380e-02
1.4923438485212990e+00 -5.5984064175942982e-02
1.4939602194875163e+00 -5.6101746634271130e-02
1.4955765904537337e+00 -5.6219008993372968e-02
1.4971929614199511e+00 -5.6335852204501345e-02
1.4988093323861684e+00 -5.6452277217020203e-02
1.5004257033523858e+00 -5.6568284978408163e-02
1.5020420743186031e+00 -5.6683876434262120e-02
1.5036584452848205e+00 -5.6799052528300788e-02
1.5052748162510379e+00 -5.6913814202368004e-02
1.5068911872172555e+00 -5.7028162396436689e-02
1.5085075581834728e+00 -5.7142098048611846e-02
1.5101239291496902e+00 -5.7255622095134580e-02
1.5117403001159075e+00 -5.7368735470385158e-02
1.5133566710821249e+00 -5.7481439106886745e-02
1.5149730420483423e+00 -5.7593733935308894e-02
1.5165894130145596e+00 -5.7705620884471037e-02
1.5182057839807770e+00 -5.7817100881345680e-02
1.5198221549469944e+00 -5.7928174851062317e-02
1.5214385259132117e+00 -5.8038843716910635e-02
1.5230548968794291e+00 -5.8149108400343964e-02
1.5246712678456464e+00 -5.8258969820982748e-02
1.5262876388118638e+00 -5.8368428896618127e-02
1.5279040097780814e+00 -5.8477486543215267e-02
1.5295203807442987e+00 -5.8586143674916644e-02
1.5311367517105161e+00 -5.8694401204045843e-02
1.5327531226767335e+00 -5.8802260041110575e-02
1.5343694936429508e+00 -5.8909721094806404e-02
1.5359858646091682e+00 -5.9016785272019957e-02
1.5376022355753856e+00 -5.9123453477832412e-02
1.5392186065416029e+00 -5.9229726615522900e-02
1.5408349775078203e+00 -5.9335605586571805e-02
1.5424513484740376e+00 -5.9441091290664320e-02
1.5440677194402550e+00 -5.9546184625693589e-02
1.5456840904064724e+00 -5.9650886487764364e-02
1.5473004613726897e+00 -5.9755197771196075e-02
1.5489168323389073e+00 -5.9859119368526365e-02
1.5505332033051247e+00 -5.9962652170514393e-02
1.5521495742713420e+00 -6.0065797066144275e-02
1.5537659452375594e+00 -6.0168554942628245e-02
1.5553823162037768e+00 -6.0270926685410037e-02
1.5569986871699941e+00 -6.0372913178168397e-02
1.5586150581362115e+00 -6.0474515302820213e-02
1.5602314291024288e+00 -6.0575733939523833e-02
1.5618478000686462e+00 -6.0676569966682449e-02
1.5634641710348636e+00 -6.0777024260947422e-02
1.5650805420010809e+00 -6.0877097697221452e-02
1.5666969129672983e+00 -6.0976791148662016e-02
1.5683132839335157e+00 -6.1076105486684629e-02
1.5699296548997332e+00 -6.1175041580965921e-02
1.5715460258659506e+00 -6.1273600299447256e-02
1.5731623968321680e+00 -6.1371782508337649e-02
1.5747787677983853e+00 -6.1469589072117338e-02
1.5763951387646027e+00 -6.1567020853540828e-02
1.5780115097308201e+00 -6.1664078713640214e-02
1.5796278806970374e+00 -6.1760763511728392e-02
1.5812442516632548e+00 -6.1857076105402406e-02
1.5828606226294721e+00 -6.1953017350546452e-02
1.5844769935956895e+00 -6.2048588101335400e-02
1.5860933645619069e+00 -6.2143789210237797e-02
1.5877097355281242e+00 -6.2238621528019095e-02
1.5893261064943418e+00 -6.2333085903745020e-02
1.5909424774605592e+00 -6.2427183184784581e-02
1.5925588484267765e+00 -6.2520914216813314e-02
1.5941752193929939e+00 -6.2614279843816664e-02
1.5957915903592113e+00 -6.2707280908092827e-02
1.5974079613254286e+00 -6.2799918250256270e-02
1.5990243322916460e+00 -6.2892192709240652e-02
1.6006407032578633e+00 -6.2984105122302125e-02
1.6022570742240807e+00 -6.3075656325022419e-02
1.6038734451902981e+00 -6.3166847151312155e-02
1.6054898161565154e+00 -6.3257678433413650e-02
1.6071061871227328e+00 -6.3348151001904565e-02
1.6087225580889501e+00 -6.3438265685700573e-02
1.6103389290551677e+00 -6.3528023312058729e-02
1.6119553000213851e+00 -6.3617424706580578e-02
1.6135716709876025e+00 -6.3706470693215209e-02
1.6151880419538198e+00 -6.3795162094262503e-02
1.6168044129200372e+00 -6.3883499730376062e-02
1.6184207838862545e+00 -6.3971484420566424e-02
1.6200371548524719e+00 -6.4059116982204095e-02
1.6216535258186893e+00 -6.4146398231022819e-02
1.6232698967849066e+00 -6.4233328981122398e-02
1.6248862677511240e+00 -6.4319910044971923e-02
1.6265026387173414e+00 -6.4406142233412969e-02
1.6281190096835587e+00 -6.4492026355662341e-02
1.6297353806497761e+00 -6.4577563219315431e-02
1.6313517516159937e+00 -6.4662753630349193e-02
1.6329681225822110e+00 -6.4747598393125105e-02
1.6345844935484284e+00 -6.4832098310392328e-02
1.6362008645146457e+00 -6.4916254183290695e-02
1.6378172354808631e+00 -6.5000066811353799e-02
1.6394336064470805e+00 -6.5083536992511917e-02
1.6410499774132978e+00 -6.5166665523095121e-02
1.6426663483795152e+00 -6.5249453197836371e-02
1.6442827193457326e+00 -6.5331900809874291e-02
1.6458990903119499e+00 -6.5414009150756389e-02
1.6475154612781673e+00 -6.5495779010442096e-02
1.6491318322443846e+00 -6.5577211177305486e-02
1.6507482032106020e+00 -6.5658306438138553e-02
1.6523645741768196e+00 -6.5739065578154066e-02
1.6539809451430370e+00 -6.5819489380988597e-02
1.6555973161092543e+00 -6.5899578628705394e-02
1.6572136870754717e+00 -6.5979334101797543e-02
1.6588300580416890e+00 -6.6058756579190733e-02
1.6604464290079064e+00 -6.6137846838246347e-02
1.6620627999741238e+00 -6.6216605654764421e-02
1.6636791709403411e+00 -6.6295033802986403e-02
1.6652955419065585e+00 -6.6373132055598361e-02
1.6669119128727758e+00 -6.6450901183733715e-02
1.6685282838389932e+00 -6.6528341956976392e-02
1.6701446548052106e+00 -6.6605455143363412e-02
1.6717610257714279e+00 -6.6682241509388104e-02
1.6733773967376455e+00 -6.6758701820003027e-02
1.6749937677038629e+00 -6.6834836838622638e-02
1.6766101386700802e+00 -6.6910647327126385e-02
1.6782265096362976e+00 -6.6986134045861553e-02
1.6798428806025150e+00 -6.7061297753646221e-02
1.6814592515687323e+00 -6.7136139207772130e-02
1.6830756225349497e+00 -6.7210659164007355e-02
1.6846919935011671e+00 -6.7284858376599546e-02
1.6863083644673844e+00 -6.7358737598278581e-02
1.6879247354336018e+00 -6.7432297580259440e-02
1.6895411063998191e+00 -6.7505539072245144e-02
1.6911574773660365e+00 -6.7578462822429533e-02
1.6927738483322539e+00 -6.7651069577500167e-02
1.6943902192984714e+00 -6.7723360082641210e-02
1.6960065902646888e+00 -6.7795335081536193e-02
1.6976229612309062e+00 -6.7866995316370873e-02
1.6992393321971235e+00 -6.7938341527836135e-02
1.7008557031633409e+00 -6.8009374455130653e-02
1.7024720741295583e+00 -6.8080094835963945e-02
1.7040884450957756e+00 -6.8150503406558982e-02
1.7057048160619930e+00 -6.8220600901655118e-02
1.7073211870282103e+00 -6.8290388054510848e-02
1.7089375579944277e+00 -6.8359865596906613e-02
1.7105539289606451e+00 -6.8429034259147606e-02
1.7121702999268624e+00 -6.8497894770066625e-02
1.7137866708930800e+00 -6.8566447857026647e-02
1.7154030418592974e+00 -6.8634694245923861e-02
1.7170194128255147e+00 -6.8702634661190393e-02
1.7186357837917321e+00 -6.8770269825796856e-02
1.7202521547579495e+00 -6.8837600461255380e-02
1.7218685257241668e+00 -6.8904627287622283e-02
1.7234848966903842e+00 -6.8971351023500785e-02
1.7251012676566015e+00 -6.9037772386043764e-02
1.7267176386228189e+00 -6.9103892090956562e-02
1.7283340095890363e+00 -6.9169710852499691e-02
1.7299503805552536e+00 -6.9235229383491553e-02
1.7315667515214710e+00 -6.9300448395311132e-02
1.7331831224876884e+00 -6.9365368597900809e-02
1.7347994934539059e+00 -6.9429990699769101e-02
1.7364158644201233e+00 -6.9494315407993182e-02
1.7380322353863407e+00 -6.9558343428221828e-02
1.7396486063525580e+00 -6.9622075464677968e-02
1.7412649773187754e+00 -6.9685512220161477e-02
1.7428813482849927e+00 -6.9748654396051754e-02
1.7444977192512101e+00 -6.9811502692310595e-02
1.7461140902174275e+00 -6.9874057807484680e-02
1.7477304611836448e+00 -6.9936320438708344e-02
1.7493468321498622e+00 -6.9998291281706329e-02
1.7509632031160796e+00 -7.0059971030796267e-02
1.7525795740822969e+00 -7.0121360378891578e-02
1.7541959450485143e+00 -7.0182460017503903e-02
1.7558123160147319e+00 -7.0243270636745903e-02
1.7574286869809492e+00 -7.0303792925333841e-02
1.7590450579471666e+00 -7.0364027570590348e-02
1.7606614289133840e+00 -7.0423975258446847e-02
1.7622777998796013e+00 -7.0483636673446384e-02
1.7638941708458187e+00 -7.0543012498746185e-02
1.7655105418120360e+00 -7.0602103416120290e-02
1.7671269127782534e+00 -7.0660910105962177e-02
1.7687432837444708e+00 -7.0719433247287328e-02
1.7703596547106881e+00 -7.0777673517735909e-02
1.7719760256769055e+00 -7.0835631593575449e-02
1.7735923966431228e+00 -7.0893308149703155e-02
1.7752087676093402e+00 -7.0950703859648870e-02
1.7768251385755578e+00 -7.1007819395577432e-02
1.7784415095417752e+00 -7.1064655428291323e-02
1.7800578805079925e+00 -7.1121212627233255e-02
1.7816742514742099e+00 -7.1177491660488840e-02
1.7832906224404272e+00 -7.1233493194788902e-02
1.7849069934066446e+00 -7.1289217895512388e-02
1.7865233643728620e+00 -7.1344666426688672e-02
1.7881397353390793e+00 -7.1399839451000244e-02
1.7897561063052967e+00 -7.1454737629785214e-02
1.7913724772715141e+00 -7.1509361623039849e-02
1.7929888482377314e+00 -7.1563712089421208e-02
1.7946052192039488e+00 -7.1617789686249531e-02
1.7962215901701664e+00 -7.1671595069510985e-02
1.7978379611363837e+00 -7.1725128893859971e-02
1.7994543321026011e+00 -7.1778391812621786e-02
1.8010707030688184e+00 -7.1831384477795121e-02
1.8026870740350358e+00 -7.1884107540054587e-02
1.8043034450012532e+00 -7.1936561648753172e-02
1.8059198159674705e+00 -7.1988747451924823e-02
1.8075361869336879e+00 -7.2040665596286954e-02
1.8091525578999053e+00 -7.2092316727242797e-02
1.8107689288661226e+00 -7.2143701488884118e-02
1.8123852998323400e+00 -7.2194820523993508e-02
1.8140016707985573e+00 -7.2245674474047075e-02
1.8156180417647747e+00 -7.2296263979216652e-02
1.8172344127309923e+00 -7.2346589678372611e-02
1.8188507836972096e+00 -7.2396652209085949e-02
1.8204671546634270e+00 -7.2446452207631115e-02
1.8220835256296444e+00 -7.2495990308988276e-02
1.8236998965958617e+00 -7.2545267146845782e-02
1.8253162675620791e+00 -7.2594283353602684e-02
1.8269326385282965e+00 -7.2643039560371145e-02
1.8285490094945138e+00 -7.2691536396978867e-02
1.8301653804607312e+00 -7.2739774491971623e-02
1.8317817514269485e+00 -7.2787754472615554e-02
1.8333981223931659e+00 -7.2835476964899684e-02
1.8350144933593833e+00 -7.2882942593538377e-02
1.8366308643256006e+00 -7.2930151981973695e-02
1.8382472352918182e+00 -7.2977105752377799e-02
1.8398636062580356e+00 -7.3023804525655475e-02
1.8414799772242529e+00 -7.3070248921446396e-02
1.8430963481904703e+00 -7.3116439558127633e-02
1.8447127191566877e+00 -7.3162377052816030e-02
1.8463290901229050e+00 -7.3208062021370576e-02
1.8479454610891224e+00 -7.3253495078394848e-02
1.8495618320553397e+00 -7.3298676837239271e-02
1.8511782030215571e+00 -7.3343607910003661e-02
1.8527945739877745e+00 -7.3388288907539526e-02
1.8544109449539918e+00 -7.3432720439452481e-02
1.8560273159202092e+00 -7.3476903114104486e-02
1.8576436868864266e+00 -7.3520837538616365e-02
1.8592600578526441e+00 -7.3564524318870131e-02
1.8608764288188615e+00 -7.3607964059511269e-02
1.8624927997850789e+00 -7.3651157363951184e-02
1.8641091707512962e+00 -7.3694104834369487e-02
1.8657255417175136e+00 -7.3736807071716315e-02
1.8673419126837310e+00 -7.3779264675714787e-02
1.8689582836499483e+00 -7.3821478244863209e-02
1.8705746546161657e+00 -7.3863448376437435e-02
1.8721910255823830e+00 -7.3905175666493322e-02
1.8738073965486004e+00 -7.3946660709868800e-02
1.8754237675148178e+00 -7.3987904100186450e-02
1.8770401384810351e+00 -7.4028906429855615e-02
1.8786565094472525e+00 -7.4069668290074914e-02
1.8802728804134701e+00 -7.4110190270834264e-02
1.8818892513796874e+00 -7.4150472960917480e-02
1.8835056223459048e+00 -7.4190516947904392e-02
1.8851219933121222e+00 -7.4230322818173156e-02
1.8867383642783395e+00 -7.4269891156902579e-02
1.8883547352445569e+00 -7.4309222548074455e-02
1.8899711062107742e+00 -7.4348317574475659e-02
1.8915874771769916e+00 -7.4387176817700629e-02
1.8932038481432090e+00 -7.4425800858153562e-02
1.8948202191094263e+00 -7.4464190275050607e-02
1.8964365900756437e+00 -7.4502345646422261e-02
1.8980529610418611e+00 -7.4540267549115441e-02
1.8996693320080784e+00 -7.4577956558796010e-02
1.9012857029742960e+00 -7.4615413249950774e-02
1.9029020739405134e+00 -7.4652638195889839e-02
1.9045184449067307e+00 -7.4689631968748865e-02
1.9061348158729481e+00 -7.4726395139491211e-02
1.9077511868391654e+00 -7.4762928277910312e-02
1.9093675578053828e+00 -7.4799231952631814e-02
1.9109839287716002e+00 -7.4835306731115811e-02
1.9126002997378175e+00 -7.4871153179659061e-02
1.9142166707040349e+00 -7.4906771863397212e-02
1.9158330416702523e+00 -7.4942163346307072e-02
1.9174494126364696e+00 -7.4977328191208725e-02
1.9190657836026870e+00 -7.5012266959767732e-02
1.9206821545689046e+00 -7.5046980212497463e-02
1.9222985255351219e+00 -7.5081468508761157e-02
1.9239148965013393e+00 -7.5115732406774161e-02
1.9255312674675567e+00 -7.5149772463606129e-02
1.9271476384337740e+00 -7.5183589235183229e-02
1.9287640093999914e+00 -7.5217183276290261e-02
1.9303803803662087e+00 -7.5250555140572897e-02
1.9319967513324261e+00 -7.5283705380539773e-02
1.9336131222986435e+00 -7.5316634547564765e-02
1.9352294932648608e+00 -7.5349343191889059e-02
1.9368458642310782e+00 -7.5381831862623400e-02
1.9384622351972955e+00 -7.5414101107750153e-02
1.9400786061635129e+00 -7.5446151474125492e-02
1.9416949771297305e+00 -7.5477983507481639e-02
1.9433113480959479e+00 -7.5509597752428811e-02
1.9449277190621652e+00 -7.5540994752457583e-02
1.9465440900283826e+00 -7.5572175049940876e-02
1.9481604609945999e+00 -7.5603139186136120e-02
1.9497768319608173e+00 -7.5633887701187452e-02
1.9513932029270347e+00 -7.5664421134127732e-02
1.9530095738932520e+00 -7.5694740022880749e-02
1.9546259448594694e+00 -7.5724844904263275e-02
1.9562423158256868e+00 -7.5754736313987256e-02
1.9578586867919041e+00 -7.5784414786661869e-02
1.9594750577581215e+00 -7.5813880855795615e-02
1.9610914287243388e+00 -7.5843135053798458e-02
1.9627077996905564e+00 -7.5872177911983932e-02
1.9643241706567738e+00 -7.5901009960571128e-02
1.9659405416229911e+00 -7.5929631728686955e-02
1.9675569125892085e+00 -7.5958043744368126e-02
1.9691732835554259e+00 -7.5986246534563165e-02
1.9707896545216432e+00 -7.6014240625134705e-02
1.9724060254878606e+00 -7.6042026540861313e-02
1.9740223964540780e+00 -7.6069604805439783e-02
1.9756387674202953e+00 -7.6096975941486997e-02
1.9772551383865127e+00 -7.6124140470542154e-02
1.9788715093527300e+00 -7.6151098913068788e-02
1.9804878803189474e+00 -7.6177851788456707e-02
1.9821042512851648e+00 -7.6204399615024204e-02
1.9837206222513823e+00 -7.6230742910020077e-02
1.9853369932175997e+00 -7.6256882189625549e-02
1.9869533641838171e+00 -7.6282817968956473e-02
1.9885697351500344e+00 -7.6308550762065261e-02
1.9901861061162518e+00 -7.6334081081942895e-02
1.9918024770824692e+00 -7.6359409440521137e-02
1.9934188480486865e+00 -7.6384536348674301e-02
1.9950352190149039e+00 -7.6409462316221505e-02
1.9966515899811212e+00 -7.6434187851928473e-02
1.9982679609473386e+00 -7.6458713463509770e-02
1.9998843319135560e+00 -7.6483039657630647e-02
2.0015007028797731e+00 -7.6507166939909083e-02
2.0031170738459911e+00 -7.6531095814917918e-02
2.0047334448122083e+00 -7.6554826786186636e-02
2.0063498157784254e+00 -7.6578360356203468e-02
2.0079661867446430e+00 -7.6601697026417476e-02
2.0095825577108606e+00 -7.6624837297240400e-02
2.0111989286770777e+00 -7.6647781668048656e-02
2.0128152996432949e+00 -7.6670530637185458e-02
2.0144316706095124e+00 -7.6693084701962608e-02
2.0160480415757300e+00 -7.6715444358662579e-02
2.0176644125419472e+00 -7.6737610102540446e-02
2.0192807835081643e+00 -7.6759582427825920e-02
2.0208971544743819e+00 -7.6781361827725172e-02
2.0225135254405995e+00 -7.6802948794423037e-02
2.0241298964068166e+00 -7.6824343819084609e-02
2.0257462673730342e+00 -7.6845547391857547e-02
2.0273626383392518e+00 -7.6866560001873835e-02
2.0289790093054689e+00 -7.6887382137251714e-02
2.0305953802716861e+00 -7.6908014285097762e-02
2.0322117512379037e+00 -7.6928456931508654e-02
2.0338281222041212e+00 -7.6948710561573250e-02
2.0354444931703384e+00 -7.6968775659374447e-02
2.0370608641365555e+00 -7.6988652707991170e-02
2.0386772351027731e+00 -7.7008342189500090e-02
2.0402936060689907e+00 -7.7027844584977898e-02
2.0419099770352078e+00 -7.7047160374502877e-02
2.0435263480014250e+00 -7.7066290037157023e-02
2.0451427189676430e+00 -7.7085234051027920e-02
2.0467590899338601e+00 -7.7103992893210557e-02
2.0483754609000773e+00 -7.7122567039809339e-02
2.0499918318662949e+00 -7.7140956965939922e-02
2.0516082028325124e+00 -7.7159163145731111e-02
2.0532245737987296e+00 -7.7177186052326791e-02
2.0548409447649467e+00 -7.7195026157887772e-02
2.0564573157311643e+00 -7.7212683933593734e-02
2.0580736866973819e+00 -7.7230159849644986e-02
2.0596900576635990e+00 -7.7247454375264493e-02
2.0613064286298162e+00 -7.7264567978699655e-02
2.0629227995960338e+00 -7.7281501127224247e-02
2.0645391705622513e+00 -7.7298254287140170e-02
2.0661555415284685e+00 -7.7314827923779417e-02
2.0677719124946861e+00 -7.7331222501505967e-02
2.0693882834609036e+00 -7.7347438483717487e-02
2.0710046544271208e+00 -7.7363476332847306e-02
2.0726210253933379e+00 -7.7379336510366284e-02
2.0742373963595555e+00 -7.7395019476784579e-02
2.0758537673257731e+00 -7.7410525691653548e-02
2.0774701382919902e+00 -7.7425855613567532e-02
2.0790865092582074e+00 -7.7441009700165694e-02
2.0807028802244250e+00 -7.7455988408133974e-02
2.0823192511906425e+00 -7.7470792193206794e-02
2.0839356221568597e+00 -7.7485421510168850e-02
2.0855519931230768e+00 -7.7499876812857110e-02
2.0871683640892948e+00 -7.7514158554162424e-02
2.0887847350555120e+00 -7.7528267186031549e-02
2.0904011060217291e+00 -7.7542203159468720e-02
2.0920174769879467e+00 -7.7555966924537756e-02
2.0936338479541643e+00 -7.7569558930363575e-02
2.0952502189203814e+00 -7.7582979625134205e-02
2.0968665898865986e+00 -7.7596229456102464e-02
2.0984829608528162e+00 -7.7609308869587820e-02
2.1000993318190337e+00 -7.7622218310978139e-02
2.1017157027852509e+00 -7.7634958224731543e-02
2.1033320737514680e+00 -7.7647529054378120e-02
2.1049484447176856e+00 -7.7659931242521713e-02
2.1065648156839032e+00 -7.7672165230841778e-02
2.1081811866501203e+00 -7.7684231460095093e-02
2.1097975576163379e+00 -7.7696130370117536e-02
2.1114139285825555e+00 -7.7707862399825842e-02
2.1130302995487726e+00 -7.7719427987219439e-02
2.1146466705149898e+00 -7.7730827569382113e-02
2.1162630414812074e+00 -7.7742061582483882e-02
2.1178794124474249e+00 -7.7753130461782685e-02
2.1194957834136421e+00 -7.7764034641626054e-02
2.1211121543798592e+00 -7.7774774555453063e-02
2.1227285253460768e+00 -7.7785350635795850e-02
2.1243448963122944e+00 -7.7795763314281605e-02
2.1259612672785115e+00 -7.7806013021634063e-02
2.1275776382447291e+00 -7.7816100187675430e-02
2.1291940092109467e+00 -7.7826025241328020e-02
2.1308103801771638e+00 -7.7835788610616005e-02
2.1324267511433810e+00 -7.7845390722667177e-02
2.1340431221095986e+00 -7.7854832003714639e-02
2.1356594930758162e+00 -7.7864112879098474e-02
2.1372758640420333e+00 -7.7873233773267589e-02
2.1388922350082504e+00 -7.7882195109781380e-02
2.1405086059744680e+00 -7.7890997311311341e-02
2.1421249769406856e+00 -7.7899640799642941e-02
2.1437413479069027e+00 -7.7908125995677147e-02
2.1453577188731199e+00 -7.7916453319432380e-02
2.1469740898393375e+00 -7.7924623190045908e-02
2.1485904608055550e+00 -7.7932636025775784e-02
2.1502068317717722e+00 -7.7940492244002402e-02
2.1518232027379898e+00 -7.7948192261230287e-02
2.1534395737042074e+00 -7.7955736493089650e-02
2.1550559446704245e+00 -7.7963125354338247e-02
2.1566723156366416e+00 -7.7970359258862906e-02
2.1582886866028592e+00 -7.7977438619681219e-02
2.1599050575690768e+00 -7.7984363848943333e-02
2.1615214285352939e+00 -7.7991135357933533e-02
2.1631377995015111e+00 -7.7997753557071905e-02
2.1647541704677287e+00 -7.8004218855916033e-02
2.1663705414339463e+00 -7.8010531663162602e-02
2.1679869124001634e+00 -7.8016692386649156e-02
2.1696032833663810e+00 -7.8022701433355712e-02
2.1712196543325986e+00 -7.8028559209406337e-02
2.1728360252988157e+00 -7.8034266120070903e-02
2.1744523962650328e+00 -7.8039822569766701e-02
2.1760687672312504e+00 -7.8045228962060037e-02
2.1776851381974680e+00 -7.8050485699667910e-02
2.1793015091636851e+00 -7.8055593184459690e-02
2.1809178801299023e+00 -7.8060551817458676e-02
2.1825342510961199e+00 -7.8065361998843827e-02
2.1841506220623375e+00 -7.8070024127951262e-02
2.1857669930285546e+00 -7.8074538603275914e-02
2.1873833639947717e+00 -7.8078905822473274e-02
2.1889997349609893e+00 -7.8083126182360865e-02
2.1906161059272069e+00 -7.8087200078920005e-02
2.1922324768934240e+00 -7.8091127907297234e-02
2.1938488478596416e+00 -7.8094910061806050e-02
2.1954652188258592e+00 -7.8098546935928492e-02
2.1970815897920764e+00 -7.8102038922316777e-02
2.1986979607582935e+00 -7.8105386412794825e-02
2.2003143317245111e+00 -7.8108589798359926e-02
2.2019307026907287e+00 -7.8111649469184252e-02
2.2035470736569458e+00 -7.8114565814616621e-02
2.2051634446231629e+00 -7.8117339223183799e-02
2.2067798155893805e+00 -7.8119970082592416e-02
2.2083961865555981e+00 -7.8122458779730355e-02
2.2100125575218152e+00 -7.8124805700668307e-02
2.2116289284880328e+00 -7.8127011230661458e-02
2.2132452994542504e+00 -7.8129075754151039e-02
2.2148616704204676e+00 -7.8130999654765790e-02
2.2164780413866847e+00 -7.8132783315323723e-02
2.2180944123529023e+00 -7.8134427117833527e-02
2.2197107833191199e+00 -7.8135931443496176e-02
2.2213271542853370e+00 -7.8137296672706497e-02
2.2229435252515541e+00 -7.8138523185054792e-02
2.2245598962177717e+00 -7.8139611359328218e-02
2.2261762671839893e+00 -7.8140561573512554e-02
2.2277926381502065e+00 -7.8141374204793584e-02
2.2294090091164236e+00 -7.8142049629558730e-02
2.2310253800826416e+00 -7.8142588223398549e-02
2.2326417510488588e+00 -7.8142990361108305e-02
2.2342581220150759e+00 -7.8143256416689497e-02
2.2358744929812935e+00 -7.8143386763351405e-02
2.2374908639475111e+00 -7.8143381773512571e-02
2.2391072349137282e+00 -7.8143241818802375e-02
2.2407236058799453e+00 -7.8142967270062577e-02
2.2423399768461629e+00 -7.8142558497348774e-02
2.2439563478123805e+00 -7.8142015869932011e-02
2.2455727187785977e+00 -7.8141339756300193e-02
2.2471890897448148e+00 -7.8140530524159701e-02
2.2488054607110324e+00 -7.8139588540436816e-02
2.2504218316772500e+00 -7.8138514171279247e-02
2.2520382026434671e+00 -7.8137307782057769e-02
2.2536545736096847e+00 -7.8135969737367500e-02
2.2552709445759023e+00 -7.8134500401029552e-02
2.2568873155421194e+00 -7.8132900136092531e-02
2.2585036865083365e+00 -7.8131169304833964e-02
2.2601200574745541e+00 -7.8129308268761813e-02
2.2617364284407717e+00 -7.8127317388615974e-02
2.2633527994069889e+00 -7.8125197024369819e-02
2.2649691703732060e+00 -7.8122947535231566e-02
2.2665855413394236e+00 -7.8120569279645821e-02
2.2682019123056412e+00 -7.8118062615295095e-02
2.2698182832718583e+00 -7.8115427899101225e-02
2.2714346542380754e+00 -7.8112665487226812e-02
2.2730510252042935e+00 -7.8109775735076784e-02
2.2746673961705106e+00 -7.8106758997299852e-02
2.2762837671367278e+00 -7.8103615627789891e-02
2.2779001381029453e+00 -7.8100345979687472e-02
2.2795165090691629e+00 -7.8096950405381310e-02
2.2811328800353801e+00 -7.8093429256509694e-02
2.2827492510015972e+00 -7.8089782883961997e-02
2.2843656219678148e+00 -7.8086011637880037e-02
2.2859819929340324e+00 -7.8082115867659660e-02
2.2875983639002495e+00 -7.8078095921952001e-02
2.2892147348664666e+00 -7.8073952148665138e-02
2.2908311058326842e+00 -7.8069684894965366e-02
2.2924474767989018e+00 -7.8065294507278657e-02
2.2940638477651190e+00 -7.8060781331292281e-02
2.2956802187313365e+00 -7.8056145711955918e-02
2.2972965896975541e+00 -7.8051387993483365e-02
2.2989129606637713e+00 -7.8046508519353838e-02
2.3005293316299884e+00 -7.8041507632313448e-02
2.3021457025962060e+00 -7.8036385674376443e-02
2.3037620735624236e+00 -7.8031142986827007e-02
2.3053784445286407e+00 -7.8025779910220291e-02
2.3069948154948579e+00 -7.8020296784384019e-02
2.3086111864610754e+00 -7.8014693948419866e-02
2.3102275574272930e+00 -7.8008971740704841e-02
2.3118439283935102e+00 -7.8003130498892792e-02
2.3134602993597273e+00 -7.7997170559915618e-02
2.3150766703259453e+00 -7.7991092259984893e-02
2.3166930412921625e+00 -7.7984895934593110e-02
2.3183094122583796e+00 -7.7978581918515102e-02
2.3199257832245972e+00 -7.7972150545809457e-02
2.3215421541908148e+00 -7.7965602149819985e-02
2.3231585251570319e+00 -7.7958937063176914e-02
2.3247748961232491e+00 -7.7952155617798488e-02
2.3263912670894666e+00 -7.7945258144892213e-02
2.3280076380556842e+00 -7.7938244974956244e-02
2.3296240090219014e+00 -7.7931116437780848e-02
2.3312403799881185e+00 -7.7923872862449672e-02
2.3328567509543361e+00 -7.7916514577341250e-02
2.3344731219205537e+00 -7.7909041910130206e-02
2.3360894928867708e+00 -7.7901455187788751e-02
2.3377058638529884e+00 -7.7893754736587981e-02
2.3393222348192060e+00 -7.7885940882099297e-02
2.3409386057854231e+00 -7.7878013949195746e-02
2.3425549767516403e+00 -7.7869974262053249e-02
2.3441713477178578e+00 -7.7861822144152215e-02
2.3457877186840754e+00 -7.7853557918278665e-02
2.3474040896502926e+00 -7.7845181906525659e-02
2.3490204606165097e+00 -7.7836694430294687e-02
2.3506368315827273e+00 -7.7828095810296982e-02
2.3522532025489449e+00 -7.7819386366554791e-02
2.3538695735151620e+00 -7.7810566418402852e-02
2.3554859444813796e+00 -7.7801636284489606e-02
2.3571023154475972e+00 -7.7792596282778625e-02
2.3587186864138143e+00 -7.7783446730549891e-02
2.3603350573800315e+00 -7.7774187944401080e-02
2.3619514283462490e+00 -7.7764820240249055e-02
2.3635677993124666e+00 -7.7755343933331014e-02
2.3651841702786838e+00 -7.7745759338205878e-02
2.3668005412449009e+00 -7.7736066768755635e-02
2.3684169122111185e+00 -7.7726266538186650e-02
2.3700332831773361e+00 -7.7716358959030951e-02
2.3716496541435532e+00 -7.7706344343147535e-02
2.3732660251097704e+00 -7.7696223001723769e-02
2.3748823960759879e+00 -7.7685995245276501e-02
2.3764987670422055e+00 -7.7675661383653644e-02
2.3781151380084227e+00 -7.7665221726035225e-02
2.3797315089746403e+00 -7.7654676580934848e-02
2.3813478799408578e+00 -7.7644026256200899e-02
2.3829642509070750e+00 -7.7633271059017878e-02
2.3845806218732921e+00 -7.7622411295907662e-02
2.3861969928395097e+00 -7.7611447272730921e-02
2.3878133638057273e+00 -7.7600379294688174e-02
2.3894297347719444e+00 -7.7589207666321353e-02
2.3910461057381616e+00 -7.7577932691514820e-02
2.3926624767043791e+00 -7.7566554673496810e-02
2.3942788476705967e+00 -7.7555073914840719e-02
2.3958952186368139e+00 -7.7543490717466260e-02
2.3975115896030315e+00 -7.7531805382640817e-02
2.3991279605692490e+00 -7.7520018210980771e-02
2.4007443315354662e+00 -7.7508129502452672e-02
2.4023607025016833e+00 -7.7496139556374521e-02
2.4039770734679005e+00 -7.7484048671417061e-02
2.4055934444341185e+00 -7.7471857145605033e-02
2.4072098154003356e+00 -7.7459565276318490e-02
2.4088261863665528e+00 -7.7447173360293886e-02
2.4104425573327708e+00 -7.7434681693625537e-02
2.4120589282989879e+00 -7.7422090571766786e-02
2.4136752992652051e+00 -7.7409400289531180e-02
2.4152916702314222e+00 -7.7396611141093821e-02
2.4169080411976402e+00 -7.7383723419992598e-02
2.4185244121638574e+00 -7.7370737419129393e-02
2.4201407831300745e+00 -7.7357653430771334e-02
2.4217571540962917e+00 -7.7344471746552027e-02
2.4233735250625097e+00 -7.7331192657472847e-02
2.4249898960287268e+00 -7.7317816453904092e-02
2.4266062669949440e+00 -7.7304343425586272e-02
2.4282226379611620e+00 -7.7290773861631315e-02
2.4298390089273791e+00 -7.7277108050523791e-02
2.4314553798935963e+00 -7.7263346280122172e-02
2.4330717508598134e+00 -7.7249488837659960e-02
2.4346881218260314e+00 -7.7235536009747058e-02
2.4363044927922486e+00 -7.7221488082370851e-02
2.4379208637584657e+00 -7.7207345340897529e-02
2.4395372347246829e+00 -7.7193108070073180e-02
2.4411536056909009e+00 -7.7178776554025094e-02
2.4427699766571180e+00 -7.7164351076263002e-02
2.4443863476233352e+00 -7.7149831919680140e-02
2.4460027185895523e+00 -7.7135219366554611e-02
2.4476190895557703e+00 -7.7120513698550469e-02
2.4492354605219875e+00 -7.7105715196719007e-02
2.4508518314882046e+00 -7.7090824141499897e-02
2.4524682024544227e+00 -7.7075840812722424e-02
2.4540845734206398e+00 -7.7060765489606609e-02
2.4557009443868569e+00 -7.7045598450764557e-02
2.4573173153530741e+00 -7.7030339974201431e-02
2.4589336863192921e+00 -7.7014990337316749e-02
2.4605500572855092e+00 -7.6999549816905696e-02
2.4621664282517264e+00 -7.6984018689160036e-02
2.4637827992179435e+00 -7.6968397229669500e-02
2.4653991701841615e+00 -7.6952685713422911e-02
2.4670155411503787e+00 -7.6936884414809337e-02
2.4686319121165958e+00 -7.6920993607619226e-02
2.4702482830828139e+00 -7.6905013565045685e-02
2.4718646540490310e+00 -7.6888944559685590e-02
2.4734810250152481e+00 -7.6872786863540710e-02
2.4750973959814653e+00 -7.6856540748018953e-02
2.4767137669476833e+00 -7.6840206483935469e-02
2.4783301379139004e+00 -7.6823784341513879e-02
2.4799465088801176e+00 -7.6807274590387317e-02
2.4815628798463347e+00 -7.6790677499599710e-02
2.4831792508125528e+00 -7.6773993337606858e-02
2.4847956217787699e+00 -7.6757222372277570e-02
2.4864119927449870e+00 -7.6740364870894973e-02
2.4880283637112042e+00 -7.6723421100157355e-02
2.4896447346774222e+00 -7.6706391326179652e-02
2.4912611056436393e+00 -7.6689275814494334e-02
2.4928774766098565e+00 -7.6672074830052700e-02
2.4944938475760745e+00 -7.6654788637225899e-02
2.4961102185422916e+00 -7.6637417499806224e-02
2.4977265895085088e+00 -7.6619961681008056e-02
2.4993429604747259e+00 -7.6602421443469113e-02
2.5009593314409440e+00 -7.6584797049251585e-02
2.5025757024071611e+00 -7.6567088759843277e-02
2.5041920733733782e+00 -7.6549296836158562e-02
2.5058084443395954e+00 -7.6531421538539784e-02
2.5074248153058134e+00 -7.6513463126758122e-02
2.5090411862720305e+00 -7.6495421860014887e-02
2.5106575572382477e+00 -7.6477297996942570e-02
2.5122739282044657e+00 -7.6459091795605935e-02
2.5138902991706829e+00 -7.6440803513503172e-02
2.5155066701369000e+00 -7.6422433407567020e-02
2.5171230411031171e+00 -7.6403981734165821e-02
2.5187394120693352e+00 -7.6385448749104690e-02
2.5203557830355523e+00 -7.6366834707626577e-02
2.5219721540017694e+00 -7.6348139864413356e-02
2.5235885249679866e+00 -7.6329364473586986e-02
2.5252048959342046e+00 -7.6310508788710568e-02
2.5268212669004217e+00 -7.6291573062789511e-02
2.5284376378666389e+00 -7.6272557548272474e-02
2.5300540088328560e+00 -7.6253462497052601e-02
2.5316703797990741e+00 -7.6234288160468552e-02
2.5332867507652912e+00 -7.6215034789305622e-02
2.5349031217315083e+00 -7.6195702633796811e-02
2.5365194926977264e+00 -7.6176291943623894e-02
2.5381358636639435e+00 -7.6156802967918547e-02
2.5397522346301606e+00 -7.6137235955263380e-02
2.5413686055963778e+00 -7.6117591153693001e-02
2.5429849765625958e+00 -7.6097868810695177e-02
2.5446013475288130e+00 -7.6078069173211860e-02
2.5462177184950301e+00 -7.6058192487640258e-02
2.5478340894612472e+00 -7.6038238999833876e-02
2.5494504604274653e+00 -7.6018208955103625e-02
2.5510668313936824e+00 -7.5998102598218917e-02
2.5526832023598995e+00 -7.5977920173408667e-02
2.5542995733261176e+00 -7.5957661924362332e-02
2.5559159442923347e+00 -7.5937328094231121e-02
2.5575323152585518e+00 -7.5916918925628907e-02
2.5591486862247690e+00 -7.5896434660633297e-02
2.5607650571909870e+00 -7.5875875540786772e-02
2.5623814281572042e+00 -7.5855241807097670e-02
2.5639977991234213e+00 -7.5834533700041271e-02
2.5656141700896384e+00 -7.5813751459560777e-02
2.5672305410558565e+00 -7.5792895325068485e-02
2.5688469120220736e+00 -7.5771965535446725e-02
2.5704632829882907e+00 -7.5750962329048946e-02
2.5720796539545079e+00 -7.5729885943700753e-02
2.5736960249207259e+00 -7.5708736616700884e-02
2.5753123958869431e+00 -7.5687514584822410e-02
2.5769287668531602e+00 -7.5666220084313632e-02
2.5785451378193782e+00 -7.5644853350899072e-02
2.5801615087855954e+00 -7.5623414619780699e-02
2.5817778797518125e+00 -7.5601904125638761e-02
2.5833942507180296e+00 -7.5580322102632921e-02
2.5850106216842477e+00 -7.5558668784403205e-02
2.5866269926504648e+00 -7.5536944404071188e-02
2.5882433636166819e+00 -7.5515149194240794e-02
2.5898597345828991e+00 -7.5493283386999482e-02
2.5914761055491171e+00 -7.5471347213919182e-02
2.5930924765153343e+00 -7.5449340906057330e-02
2.5947088474815514e+00 -7.5427264693957927e-02
2.5963252184477694e+00 -7.5405118807652480e-02
2.5979415894139866e+00 -7.5382903476661059e-02
2.5995579603802037e+00 -7.5360618929993267e-02
2.6011743313464208e+00 -7.5338265396149337e-02
2.6027907023126389e+00 -7.5315843103120964e-02
2.6044070732788560e+00 -7.5293352278392511e-02
2.6060234442450732e+00 -7.5270793148941889e-02
2.6076398152112903e+00 -7.5248165941241549e-02
2.6092561861775083e+00 -7.5225470881259512e-02
2.6108725571437255e+00 -7.5202708194460441e-02
2.6124889281099426e+00 -7.5179878105806466e-02
2.6141052990761606e+00 -7.5156980839758317e-02
2.6157216700423778e+00 -7.5134016620276231e-02
2.6173380410085949e+00 -7.5110985670821015e-02
2.6189544119748120e+00 -7.5087888214354956e-02
2.6205707829410301e+00 -7.5064724473342836e-02
2.6221871539072472e+00 -7.5041494669752934e-02
2.6238035248734644e+00 -7.5018199025058019e-02
2.6254198958396815e+00 -7.4994837760236230e-02
2.6270362668058995e+00 -7.4971411095772170e-02
2.6286526377721167e+00 -7.4947919251657821e-02
2.6302690087383338e+00 -7.4924362447393561e-02
2.6318853797045509e+00 -7.4900740901989046e-02
2.6335017506707690e+00 -7.4877054833964257e-02
2.6351181216369861e+00 -7.4853304461350509e-02
2.6367344926032033e+00 -7.4829490001691285e-02
2.6383508635694213e+00 -7.4805611672043262e-02
2.6399672345356384e+00 -7.4781669688977370e-02
2.6415836055018556e+00 -7.4757664268579577e-02
2.6431999764680727e+00 -7.4733595626452015e-02
2.6448163474342907e+00 -7.4709463977713747e-02
2.6464327184005079e+00 -7.4685269537001941e-02
2.6480490893667250e+00 -7.4661012518472694e-02
2.6496654603329421e+00 -7.4636693135801971e-02
2.6512818312991602e+00 -7.4612311602186593e-02
2.6528982022653773e+00 -7.4587868130345208e-02
2.6545145732315945e+00 -7.4563362932519209e-02
2.6561309441978125e+00 -7.4538796220473658e-02
2.6577473151640296e+00 -7.4514168205498277e-02
2.6593636861302468e+00 -7.4489479098408307e-02
2.6609800570964639e+00 -7.4464729109545602e-02
2.6625964280626819e+00 -7.4439918448779369e-02
2.6642127990288991e+00 -7.4415047325507230e-02
2.6658291699951162e+00 -7.4390115948656188e-02
2.6674455409613334e+00 -7.4365124526683424e-02
2.6690619119275514e+00 -7.4340073267577314e-02
2.6706782828937685e+00 -7.4314962378858360e-02
2.6722946538599857e+00 -7.4289792067580129e-02
2.6739110248262028e+00 -7.4264562540330120e-02
2.6755273957924208e+00 -7.4239274003230674e-02
2.6771437667586380e+00 -7.4213926661940072e-02
2.6787601377248551e+00 -7.4188520721653203e-02
2.6803765086910731e+00 -7.4163056387102605e-02
2.6819928796572903e+00 -7.4137533862559488e-02
2.6836092506235074e+00 -7.4111953351834445e-02
2.6852256215897246e+00 -7.4086315058278479e-02
2.6868419925559426e+00 -7.4060619184783891e-02
2.6884583635221597e+00 -7.4034865933785193e-02
2.6900747344883769e+00 -7.4009055507260071e-02
2.6916911054545940e+00 -7.3983188106730186e-02
2.6933074764208120e+00 -7.3957263933262116e-02
2.6949238473870292e+00 -7.3931283187468319e-02
2.6965402183532463e+00 -7.3905246069507949e-02
2.6981565893194643e+00 -7.3879152779087812e-02
2.6997729602856815e+00 -7.3853003515463242e-02
2.7013893312518986e+00 -7.3826798477439046e-02
2.7030057022181158e+00 -7.3800537863370250e-02
2.7046220731843338e+00 -7.3774221871163198e-02
2.7062384441505509e+00 -7.3747850698276260e-02
2.7078548151167681e+00 -7.3721424541720884e-02
2.7094711860829852e+00 -7.3694943598062321e-02
2.7110875570492032e+00 -7.3668408063420621e-02
2.7127039280154204e+00 -7.3641818133471551e-02
2.7143202989816375e+00 -7.3615174003447317e-02
2.7159366699478547e+00 -7.3588475868137562e-02
2.7175530409140727e+00 -7.3561723921890254e-02
2.7191694118802898e+00 -7.3534918358612547e-02
2.7207857828465070e+00 -7.3508059371771614e-02
2.7224021538127250e+00 -7.3481147154395549e-02
2.7240185247789421e+00 -7.3454181899074295e-02
2.7256348957451593e+00 -7.3427163797960396e-02
2.7272512667113764e+00 -7.3400093042769968e-02
2.7288676376775944e+00 -7.3372969824783515e-02
2.7304840086438116e+00 -7.3345794334846864e-02
2.7321003796100287e+00 -7.3318566763371909e-02
2.7337167505762459e+00 -7.3291287300337571e-02
2.7353331215424639e+00 -7.3263956135290659e-02
2.7369494925086810e+00 -7.3236573457346701e-02
2.7385658634748982e+00 -7.3209139455190725e-02
2.7401822344411162e+00 -7.3181654317078265e-02
2.7417986054073333e+00 -7.3154118230836174e-02
2.7434149763735505e+00 -7.3126531383863394e-02
2.7450313473397676e+00 -7.3098893963131836e-02
2.7466477183059856e+00 -7.3071206155187335e-02
2.7482640892722028e+00 -7.3043468146150370e-02
2.7498804602384199e+00 -7.3015680121716969e-02
2.7514968312046371e+00 -7.2987842267159556e-02
2.7531132021708551e+00 -7.2959954767327737e-02
2.7547295731370722e+00 -7.2932017806649263e-02
2.7563459441032894e+00 -7.2904031569130778e-02
2.7579623150695065e+00 -7.2875996238358637e-02
2.7595786860357245e+00 -7.2847911997499779e-02
2.7611950570019417e+00 -7.2819779029302659e-02
2.7628114279681588e+00 -7.2791597516097886e-02
2.7644277989343768e+00 -7.2763367639799181e-02
2.7660441699005940e+00 -7.2735089581904264e-02
2.7676605408668111e+00 -7.2706763523495532e-02
2.7692769118330283e+00 -7.2678389645240940e-02
2.7708932827992463e+00 -7.2649968127394909e-02
2.7725096537654634e+00 -7.2621499149799082e-02
2.7741260247316806e+00 -7.2592982891883151e-02
2.7757423956978977e+00 -7.2564419532665680e-02
2.7773587666641157e+00 -7.2535809250754854e-02
2.7789751376303329e+00 -7.2507152224349530e-02
2.7805915085965500e+00 -7.2478448631239756e-02
2.7822078795627680e+00 -7.2449698648807820e-02
2.7838242505289852e+00 -7.2420902454028907e-02
2.7854406214952023e+00 -7.2392060223472013e-02
2.7870569924614195e+00 -7.2363172133300707e-02
2.7886733634276375e+00 -7.2334238359273911e-02
2.7902897343938546e+00 -7.2305259076746856e-02
2.7919061053600718e+00 -7.2276234460671676e-02
2.7935224763262889e+00 -7.2247164685598372e-02
2.7951388472925069e+00 -7.2218049925675515e-02
2.7967552182587241e+00 -7.2188890354651175e-02
2.7983715892249412e+00 -7.2159686145873550e-02
2.7999879601911593e+00 -7.2130437472291919e-02
2.8016043311573764e+00 -7.2101144506457354e-02
2.8032207021235935e+00 -7.2071807420523507e-02
2.8048370730898107e+00 -7.2042426386247527e-02
2.8064534440560287e+00 -7.2013001574990618e-02
2.8080698150222458e+00 -7.1983533157719132e-02
2.8096861859884630e+00 -7.1954021305005070e-02
2.8113025569546801e+00 -7.1924466187027081e-02
2.8129189279208981e+00 -7.1894867973571128e-02
2.8145352988871153e+00 -7.1865226834031321e-02
2.8161516698533324e+00 -7.1835542937410707e-02
2.8177680408195496e+00 -7.1805816452322008e-02
2.8193844117857676e+00 -7.1776047546988450e-02
2.8210007827519847e+00 -7.1746236389244572e-02
2.8226171537182019e+00 -7.1716383146536875e-02
2.8242335246844199e+00 -7.1686487985924724e-02
2.8258498956506370e+00 -7.1656551074081087e-02
2.8274662666168542e+00 -7.1626572577293296e-02
2.8290826375830713e+00 -7.1596552661463780e-02
2.8306990085492894e+00 -7.1566491492110931e-02
2.8323153795155065e+00 -7.1536389234369835e-02
2.8339317504817236e+00 -7.1506246052992967e-02
2.8355481214479408e+00 -7.1476062112351066e-02
2.8371644924141588e+00 -7.1445837576433843e-02
2.8387808633803759e+00 -7.1415572608850730e-02
2.8403972343465931e+00 -7.1385267372831684e-02
2.8420136053128111e+00 -7.1354922031227938e-02
2.8436299762790282e+00 -7.1324536746512707e-02
2.8452463472452454e+00 -7.1294111680782063e-02
2.8468627182114625e+00 -7.1263646995755547e-02
2.8484790891776806e+00 -7.1233142852777001e-02
2.8500954601438977e+00 -7.1202599412815357e-02
2.8517118311101148e+00 -7.1172016836465332e-02
2.8533282020763320e+00 -7.1141395283948153e-02
2.8549445730425500e+00 -7.1110734915112397e-02
2.8565609440087671e+00 -7.1080035889434706e-02
2.8581773149749843e+00 -7.1049298366020419e-02
2.8597936859412014e+00 -7.1018522503604506e-02
2.8614100569074195e+00 -7.0987708460552149e-02
2.8630264278736366e+00 -7.0956856394859644e-02
2.8646427988398537e+00 -7.0925966464154944e-02
2.8662591698060718e+00 -7.0895038825698614e-02
2.8678755407722889e+00 -7.0864073636384362e-02
2.8694919117385060e+00 -7.0833071052739949e-02
2.8711082827047232e+00 -7.0802031230927778e-02
2.8727246536709412e+00 -7.0770954326745780e-02
2.8743410246371583e+00 -7.0739840495628009e-02
2.8759573956033755e+00 -7.0708689892645463e-02
2.8775737665695926e+00 -7.0677502672506748e-02
2.8791901375358107e+00 -7.0646278989558817e-02
2.8808065085020278e+00 -7.0615018997787812e-02
2.8824228794682449e+00 -7.0583722850819652e-02
2.8840392504344630e+00 -7.0552390701920722e-02
2.8856556214006801e+00 -7.0521022703998779e-02
2.8872719923668972e+00 -7.0489619009603530e-02
2.8888883633331144e+00 -7.0458179770927387e-02
2.8905047342993324e+00 -7.0426705139806145e-02
2.8921211052655496e+00 -7.0395195267719882e-02
2.8937374762317667e+00 -7.0363650305793390e-02
2.8953538471979838e+00 -7.0332070404797067e-02
2.8969702181642019e+00 -7.0300455715147689e-02
2.8985865891304190e+00 -7.0268806386908897e-02
2.9002029600966361e+00 -7.0237122569792185e-02
2.9018193310628533e+00 -7.0205404413157355e-02
2.9034357020290713e+00 -7.0173652066013337e-02
2.9050520729952884e+00 -7.0141865677019022e-02
2.9066684439615056e+00 -7.0110045394483692e-02
2.9082848149277236e+00 -7.0078191366367934e-02
2.9099011858939408e+00 -7.0046303740284324e-02
2.9115175568601579e+00 -7.0014382663498007e-02
2.9131339278263750e+00 -6.9982428282927514e-02
2.9147502987925931e+00 -6.9950440745145365e-02
2.9163666697588102e+00 -6.9918420196378991e-02
2.9179830407250273e+00 -6.9886366782511047e-02
2.9195994116912445e+00 -6.9854280649080447e-02
2.9212157826574625e+00 -6.9822161941282893e-02
2.9228321536236797e+00 -6.9790010803971625e-02
2.9244485245898968e+00 -6.9757827381658061e-02
2.9260648955561148e+00 -6.9725611818512542e-02
2.9276812665223320e+00 -6.9693364258365031e-02
2.9292976374885491e+00 -6.9661084844705665e-02
2.9309140084547662e+00 -6.9628773720685627e-02
2.9325303794209843e+00 -6.9596431029117695e-02
2.9341467503872014e+00 -6.9564056912477010e-02
2.9357631213534185e+00 -6.9531651512901652e-02
2.9373794923196357e+00 -6.9499214972193496e-02
2.9389958632858537e+00 -6.9466747431818646e-02
2.9406122342520709e+00 -6.9434249032908402e-02
2.9422286052182880e+00 -6.9401719916259652e-02
2.9438449761845051e+00 -6.9369160222335746e-02
2.9454613471507232e+00 -6.9336570091267077e-02
2.9470777181169403e+00 -6.9303949662851819e-02
2.9486940890831574e+00 -6.9271299076556533e-02
2.9503104600493755e+00 -6.9238618471516813e-02
2.9519268310155926e+00 -6.9205907986538098e-02
2.9535432019818098e+00 -6.9173167760096174e-02
2.9551595729480269e+00 -6.9140397930337952e-02
2.9567759439142449e+00 -6.9107598635082063e-02
2.9583923148804621e+00 -6.9074770011819581e-02
2.9600086858466792e+00 -6.9041912197714647e-02
2.9616250568128963e+00 -6.9009025329605109e-02
2.9632414277791144e+00 -6.8976109544003239e-02
2.9648577987453315e+00 -6.8943164977096363e-02
2.9664741697115486e+00 -6.8910191764747566e-02
2.9680905406777667e+00 -6.8877190042496192e-02
2.9697069116439838e+00 -6.8844159945558717e-02
2.9713232826102010e+00 -6.8811101608829209e-02
2.9729396535764181e+00 -6.8778015166880133e-02
2.9745560245426361e+00 -6.8744900753962904e-02
2.9761723955088533e+00 -6.8711758504008610e-02
2.9777887664750704e+00 -6.8678588550628542e-02
2.9794051374412875e+00 -6.8645391027114949e-02
2.9810215084075056e+00 -6.8612166066441688e-02
2.9826378793737227e+00 -6.8578913801264865e-02
2.9842542503399399e+00 -6.8545634363923302e-02
2.9858706213061570e+00 -6.8512327886439503e-02
2.9874869922723750e+00 -6.8478994500519946e-02
2.9891033632385922e+00 -6.8445634337556086e-02
2.9907197342048093e+00 -6.8412247528624640e-02
2.9923361051710273e+00 -6.8378834204488467e-02
2.9939524761372445e+00 -6.8345394495597164e-02
2.9955688471034616e+00 -6.8311928532087562e-02
2.9971852180696787e+00 -6.8278436443784521e-02
2.9988015890358968e+00 -6.8244918360201481e-02
3.0004179600021139e+00 -6.8211374410541162e-02
3.0020343309683311e+00 -6.8177804723696125e-02
3.0036507019345482e+00 -6.8144209428249378e-02
3.0052670729007662e+00 -6.8110588652475143e-02
3.0068834438669834e+00 -6.8076942524339309e-02
3.0084998148332005e+00 -6.8043271171500178e-02
3.0101161857994185e+00 -6.8009574721309016e-02
3.0117325567656357e+00 -6.7975853300810823e-02
3.0133489277318528e+00 -6.7942107036744678e-02
3.0149652986980700e+00 -6.7908336055544680e-02
3.0165816696642880e+00 -6.7874540483340268e-02
3.0181980406305051e+00 -6.7840720445957139e-02
3.0198144115967223e+00 -6.7806876068917610e-02
3.0214307825629394e+00 -6.7773007477441360e-02
3.0230471535291574e+00 -6.7739114796446009e-02
3.0246635244953746e+00 -6.7705198150547791e-02
3.0262798954615917e+00 -6.7671257664062096e-02
3.0278962664278097e+00 -6.7637293461004055e-02
3.0295126373940269e+00 -6.7603305665089292e-02
3.0311290083602440e+00 -6.7569294399734400e-02
3.0327453793264612e+00 -6.7535259788057564e-02
3.0343617502926792e+00 -6.7501201952879203e-02
3.0359781212588963e+00 -6.7467121016722670e-02
3.0375944922251135e+00 -6.7433017101814610e-02
3.0392108631913306e+00 -6.7398890330085795e-02
3.0408272341575486e+00 -6.7364740823171620e-02
3.0424436051237658e+00 -6.7330568702412719e-02
3.0440599760899829e+00 -6.7296374088855568e-02
3.0456763470562001e+00 -6.7262157103253117e-02
3.0472927180224181e+00 -6.7227917866065343e-02
3.0489090889886352e+00 -6.7193656497459814e-02
3.0505254599548524e+00 -6.7159373117312418e-02
3.0521418309210704e+00 -6.7125067845207803e-02
3.0537582018872875e+00 -6.7090740800440099e-02
3.0553745728535047e+00 -6.7056392102013390e-02
3.0569909438197218e+00 -6.7022021868642367e-02
3.0586073147859398e+00 -6.6987630218752953e-02
3.0602236857521570e+00 -6.6953217270482882e-02
3.0618400567183741e+00 -6.6918783141682162e-02
3.0634564276845913e+00 -6.6884327949913863e-02
3.0650727986508093e+00 -6.6849851812454494e-02
3.0666891696170264e+00 -6.6815354846294833e-02
3.0683055405832436e+00 -6.6780837168140234e-02
3.0699219115494616e+00 -6.6746298894411346e-02
3.0715382825156787e+00 -6.6711740141244882e-02
3.0731546534818959e+00 -6.6677161024493725e-02
3.0747710244481130e+00 -6.6642561659728039e-02
3.0763873954143310e+00 -6.6607942162235423e-02
3.0780037663805482e+00 -6.6573302647021812e-02
3.0796201373467653e+00 -6.6538643228811756e-02
3.0812365083129825e+00 -6.6503964022049278e-02
3.0828528792792005e+00 -6.6469265140898182e-02
3.0844692502454176e+00 -6.6434546699242855e-02
3.0860856212116348e+00 -6.6399808810688757e-02
3.0877019921778519e+00 -6.6365051588562818e-02
3.0893183631440699e+00 -6.6330275145914303e-02
3.0909347341102871e+00 -6.6295479595515253e-02
3.0925511050765042e+00 -6.6260665049860917e-02
3.0941674760427222e+00 -6.6225831621170517e-02
3.0957838470089394e+00 -6.6190979421387727e-02
3.0974002179751565e+00 -6.6156108562181251e-02
3.0990165889413737e+00 -6.6121219154945329e-02
3.1006329599075917e+00 -6.6086311310800352e-02
3.1022493308738088e+00 -6.6051385140593513e-02
3.1038657018400260e+00 -6.6016440754899181e-02
3.1054820728062431e+00 -6.5981478264019525e-02
3.1070984437724611e+00 -6.5946497777985155e-02
3.1087148147386783e+00 -6.5911499406555621e-02
3.1103311857048954e+00 -6.5876483259219923e-02
3.1119475566711134e+00 -6.5841449445197139e-02
3.1135639276373306e+00 -6.5806398073436925e-02
3.1151802986035477e+00 -6.5771329252620123e-02
3.1167966695697649e+00 -6.5736243091159205e-02
3.1184130405359829e+00 -6.5701139697198943e-02
3.1200294115022000e+00 -6.5666019178616961e-02
3.1216457824684172e+00 -6.5630881643024150e-02
3.1232621534346343e+00 -6.5595727197765269e-02
3.1248785244008523e+00 -6.5560555949919622e-02
3.1264948953670695e+00 -6.5525368006301432e-02
3.1281112663332866e+00 -6.5490163473460442e-02
3.1297276372995038e+00 -6.5454942457682505e-02
3.1313440082657218e+00 -6.5419705064990050e-02
3.1329603792319389e+00 -6.5384451401142685e-02
3.1345767501981561e+00 -6.5349181571637702e-02
3.1361931211643741e+00 -6.5313895681710574e-02
3.1378094921305912e+00 -6.5278593836335677e-02
3.1394258630968084e+00 -6.5243276140226528e-02
3.1410422340630255e+00 -6.5207942697836557e-02
3.1426586050292435e+00 -6.5172593613359558e-02
3.1442749759954607e+00 -6.5137228990730267e-02
3.1458913469616778e+00 -6.5101848933624848e-02
3.1475077179278950e+00 -6.5066453545461367e-02
3.1491240888941130e+00 -6.5031042929400457e-02
3.1507404598603301e+00 -6.4995617188345761e-02
3.1523568308265473e+00 -6.4960176424944477e-02
3.1539732017927653e+00 -6.4924720741587894e-02
3.1555895727589824e+00 -6.4889250240411922e-02
3.1572059437251996e+00 -6.4853765023297580e-02
3.1588223146914167e+00 -6.4818265191871546e-02
3.1604386856576347e+00 -6.4782750847506704e-02
3.1620550566238519e+00 -6.4747222091322679e-02
3.1636714275900690e+00 -6.4711679024186203e-02
3.1652877985562862e+00 -6.4676121746711848e-02
3.1669041695225042e+00 -6.4640550359262444e-02
3.1685205404887213e+00 -6.4604964961949604e-02
3.1701369114549385e+00 -6.4569365654634225e-02
3.1717532824211556e+00 -6.4533752536927030e-02
3.1733696533873736e+00 -6.4498125708189039e-02
3.1749860243535908e+00 -6.4462485267532205e-02
3.1766023953198079e+00 -6.4426831313819738e-02
3.1782187662860260e+00 -6.4391163945666782e-02
3.1798351372522431e+00 -6.4355483261440860e-02
3.1814515082184602e+00 -6.4319789359262414e-02
3.1830678791846774e+00 -6.4284082337005194e-02
3.1846842501508954e+00 -6.4248362292296912e-02
3.1863006211171125e+00 -6.4212629322519782e-02
3.1879169920833297e+00 -6.4176883524810838e-02
3.1895333630495468e+00 -6.4141124996062546e-02
3.1911497340157648e+00 -6.4105353832923373e-02
3.1927661049819820e+00 -6.4069570131798176e-02
3.1943824759481991e+00 -6.4033773988848769e-02
3.1959988469144172e+00 -6.3997965499994383e-02
3.1976152178806343e+00 -6.3962144760912276e-02
3.1992315888468514e+00 -6.3926311867038052e-02
3.2008479598130686e+00 -6.3890466913566257e-02
3.2024643307792866e+00 -6.3854609995450964e-02
3.2040807017455037e+00 -6.3818741207406118e-02
3.2056970727117209e+00 -6.3782860643906106e-02
3.2073134436779380e+00 -6.3746968399186255e-02
3.2089298146441561e+00 -6.3711064567243264e-02
3.2105461856103732e+00 -6.3675149241835857e-02
3.2121625565765903e+00 -6.3639222516485044e-02
3.2137789275428084e+00 -6.3603284484474776e-02
3.2153952985090255e+00 -6.3567335238852440e-02
3.2170116694752426e+00 -6.3531374872429200e-02
3.2186280404414598e+00 -6.3495403477780668e-02
3.2202444114076778e+00 -6.3459421147247286e-02
3.2218607823738949e+00 -6.3423427972934848e-02
3.2234771533401121e+00 -6.3387424046714935e-02
3.2250935243063292e+00 -6.3351409460225439e-02
3.2267098952725473e+00 -6.3315384304871089e-02
3.2283262662387644e+00 -6.3279348671823860e-02
3.2299426372049815e+00 -6.3243302652023492e-02
3.2315590081711987e+00 -6.3207246336177983e-02
3.2331753791374167e+00 -6.3171179814763959e-02
3.2347917501036338e+00 -6.3135103178027341e-02
3.2364081210698510e+00 -6.3099016515983736e-02
3.2380244920360690e+00 -6.3062919918418808e-02
3.2396408630022862e+00 -6.3026813474888935e-02
3.2412572339685033e+00 -6.2990697274721549e-02
3.2428736049347204e+00 -6.2954571407015714e-02
3.2444899759009385e+00 -6.2918435960642435e-02
3.2461063468671556e+00 -6.2882291024245432e-02
3.2477227178333727e+00 -6.2846136686241214e-02
3.2493390887995899e+00 -6.2809973034819916e-02
3.2509554597658079e+00 -6.2773800157945467e-02
3.2525718307320250e+00 -6.2737618143356391e-02
3.2541882016982422e+00 -6.2701427078565908e-02
3.2558045726644602e+00 -6.2665227050862651e-02
3.2574209436306774e+00 -6.2629018147311102e-02
3.2590373145968945e+00 -6.2592800454751935e-02
3.2606536855631116e+00 -6.2556574059802639e-02
3.2622700565293297e+00 -6.2520339048857829e-02
3.2638864274955468e+00 -6.2484095508089879e-02
3.2655027984617639e+00 -6.2447843523449204e-02
3.2671191694279811e+00 -6.2411583180664844e-02
3.2687355403941991e+00 -6.2375314565244866e-02
3.2703519113604163e+00 -6.2339037762476901e-02
3.2719682823266334e+00 -6.2302752857428478e-02
3.2735846532928505e+00 -6.2266459934947595e-02
3.2752010242590686e+00 -6.2230159079663082e-02
3.2768173952252857e+00 -6.2193850375985196e-02
3.2784337661915028e+00 -6.2157533908105883e-02
3.2800501371577209e+00 -6.2121209759999338e-02
3.2816665081239380e+00 -6.2084878015422555e-02
3.2832828790901551e+00 -6.2048538757915585e-02
3.2848992500563723e+00 -6.2012192070802094e-02
3.2865156210225903e+00 -6.1975838037189826e-02
3.2881319919888075e+00 -6.1939476739971043e-02
3.2897483629550246e+00 -6.1903108261822881e-02
3.2913647339212417e+00 -6.1866732685207947e-02
3.2929811048874598e+00 -6.1830350092374642e-02
3.2945974758536769e+00 -6.1793960565357735e-02
3.2962138468198940e+00 -6.1757564185978650e-02
3.2978302177861121e+00 -6.1721161035845983e-02
3.2994465887523292e+00 -6.1684751196356073e-02
3.3010629597185464e+00 -6.1648334748693211e-02
3.3026793306847635e+00 -6.1611911773830234e-02
3.3042957016509815e+00 -6.1575482352528903e-02
3.3059120726171987e+00 -6.1539046565340455e-02
3.3075284435834158e+00 -6.1502604492605875e-02
3.3091448145496329e+00 -6.1466156214456433e-02
3.3107611855158510e+00 -6.1429701810814120e-02
3.3123775564820681e+00 -6.1393241361392077e-02
3.3139939274482852e+00 -6.1356774945695018e-02
3.3156102984145024e+00 -6.1320302643019638e-02
3.3172266693807204e+00 -6.1283824532455136e-02
3.3188430403469376e+00 -6.1247340692883581e-02
3.3204594113131547e+00 -6.1210851202980324e-02
3.3220757822793727e+00 -6.1174356141214470e-02
3.3236921532455899e+00 -6.1137855585849346e-02
3.3253085242118070e+00 -6.1101349614942846e-02
3.3269248951780241e+00 -6.1064838306347916e-02
3.3285412661442422e+00 -6.1028321737712964e-02
3.3301576371104593e+00 -6.0991799986482291e-02
3.3317740080766765e+00 -6.0955273129896528e-02
3.3333903790428936e+00 -6.0918741244993066e-02
3.3350067500091116e+00 -6.0882204408606422e-02
3.3366231209753288e+00 -6.0845662697368762e-02
3.3382394919415459e+00 -6.0809116187710219e-02
3.3398558629077639e+00 -6.0772564955859421e-02
3.3414722338739811e+00 -6.0736009077843857e-02
3.3430886048401982e+00 -6.0699448629490248e-02
3.3447049758064153e+00 -6.0662883686425098e-02
3.3463213467726334e+00 -6.0626314324074934e-02
3.3479377177388505e+00 -6.0589740617666969e-02
3.3495540887050677e+00 -6.0553162642229284e-02
3.3511704596712848e+00 -6.0516580472591334e-02
3.3527868306375028e+00 -6.0479994183384400e-02
3.3544032016037200e+00 -6.0443403849041989e-02
3.3560195725699371e+00 -6.0406809543800233e-02
3.3576359435361542e+00 -6.0370211341698239e-02
3.3592523145023723e+00 -6.0333609316578649e-02
3.3608686854685894e+00 -6.0297003542087925e-02
3.3624850564348066e+00 -6.0260394091676883e-02
3.3641014274010246e+00 -6.0223781038600877e-02
3.3657177983672417e+00 -6.0187164455920525e-02
3.3673341693334589e+00 -6.0150544416501840e-02
3.3689505402996760e+00 -6.0113920993016816e-02
3.3705669112658940e+00 -6.0077294257943697e-02
3.3721832822321112e+00 -6.0040664283567587e-02
3.3737996531983283e+00 -6.0004031141980579e-02
3.3754160241645454e+00 -5.9967394905082391e-02
3.3770323951307635e+00 -5.9930755644580662e-02
3.3786487660969806e+00 -5.9894113431991421e-02
3.3802651370631978e+00 -5.9857468338639419e-02
3.3818815080294158e+00 -5.9820820435658513e-02
3.3834978789956329e+00 -5.9784169793992245e-02
3.3851142499618501e+00 -5.9747516484393963e-02
3.3867306209280672e+00 -5.9710860577427513e-02
3.3883469918942852e+00 -5.9674202143467366e-02
3.3899633628605024e+00 -5.9637541252699260e-02
3.3915797338267195e+00 -5.9600877975120432e-02
3.3931961047929367e+00 -5.9564212380540042e-02
3.3948124757591547e+00 -5.9527544538579634e-02
3.3964288467253718e+00 -5.9490874518673527e-02
3.3980452176915890e+00 -5.9454202390069072e-02
3.3996615886578061e+00 -5.9417528221827248e-02
3.4012779596240241e+00 -5.9380852082822892e-02
3.4028943305902413e+00 -5.9344174041745176e-02
3.4045107015564584e+00 -5.9307494167098011e-02
3.4061270725226764e+00 -5.9270812527200310e-02
3.4077434434888936e+00 -5.9234129190186578e-02
3.4093598144551107e+00 -5.9197444224007162e-02
3.4109761854213279e+00 -5.9160757696428617e-02
3.4125925563875459e+00 -5.9124069675034169e-02
3.4142089273537630e+00 -5.9087380227224193e-02
3.4158252983199802e+00 -5.9050689420216317e-02
3.4174416692861973e+00 -5.9013997321046070e-02
3.4190580402524153e+00 -5.8977303996567143e-02
3.4206744112186325e+00 -5.8940609513451897e-02
3.4222907821848496e+00 -5.8903913938191527e-02
3.4239071531510676e+00 -5.8867217337096600e-02
3.4255235241172848e+00 -5.8830519776297503e-02
3.4271398950835019e+00 -5.8793821321744613e-02
3.4287562660497191e+00 -5.8757122039208846e-02
3.4303726370159371e+00 -5.8720421994281950e-02
3.4319890079821542e+00 -5.8683721252377016e-02
3.4336053789483714e+00 -5.8647019878728612e-02
3.4352217499145885e+00 -5.8610317938393414e-02
3.4368381208808065e+00 -5.8573615496250439e-02
3.4384544918470237e+00 -5.8536912617001446e-02
3.4400708628132408e+00 -5.8500209365171349e-02
3.4416872337794588e+00 -5.8463505805108534e-02
3.4433036047456760e+00 -5.8426802000985274e-02
3.4449199757118931e+00 -5.8390098016798106e-02
3.4465363466781103e+00 -5.8353393916368179e-02
3.4481527176443283e+00 -5.8316689763341575e-02
3.4497690886105454e+00 -5.8279985621189891e-02
3.4513854595767626e+00 -5.8243281553210277e-02
3.4530018305429797e+00 -5.8206577622526103e-02
3.4546182015091977e+00 -5.8169873892087151e-02
3.4562345724754149e+00 -5.8133170424670109e-02
3.4578509434416320e+00 -5.8096467282878796e-02
3.4594673144078492e+00 -5.8059764529144638e-02
3.4610836853740672e+00 -5.8023062225726972e-02
3.4627000563402843e+00 -5.7986360434713544e-02
3.4643164273065015e+00 -5.7949659218020630e-02
3.4659327982727195e+00 -5.7912958637393583e-02
3.4675491692389366e+00 -5.7876258754407203e-02
3.4691655402051538e+00 -5.7839559630465991e-02
3.4707819111713709e+00 -5.7802861326804580e-02
3.4723982821375889e+00 -5.7766163904488084e-02
3.4740146531038061e+00 -5.7729467424412477e-02
3.4756310240700232e+00 -5.7692771947304898e-02
3.4772473950362404e+00 -5.7656077533724079e-02
3.4788637660024584e+00 -5.7619384244060608e-02
3.4804801369686755e+00 -5.7582692138537409e-02
3.4820965079348927e+00 -5.7546001277210060e-02
3.4837128789011107e+00 -5.7509311719966982e-02
3.4853292498673278e+00 -5.7472623526530126e-02
3.4869456208335450e+00 -5.7435936756455017e-02
3.4885619917997621e+00 -5.7399251469131239e-02
3.4901783627659801e+00 -5.7362567723782815e-02
3.4917947337321973e+00 -5.7325885579468536e-02
3.4934111046984144e+00 -5.7289205095082230e-02
3.4950274756646316e+00 -5.7252526329353272e-02
3.4966438466308496e+00 -5.7215849340846767e-02
3.4982602175970667e+00 -5.7179174187964046e-02
3.4998765885632839e+00 -5.7142500928942901e-02
3.5014929595295010e+00 -5.7105829621857999e-02
3.5031093304957190e+00 -5.7069160324621206e-02
3.5047257014619362e+00 -5.7032493094981970e-02
3.5063420724281533e+00 -5.6995827990527596e-02
3.5079584433943714e+00 -5.6959165068683627e-02
3.5095748143605885e+00 -5.6922504386714264e-02
3.5111911853268056e+00 -5.6885846001722577e-02
3.5128075562930228e+00 -5.6849189970650922e-02
3.5144239272592408e+00 -5.6812536350281280e-02
3.5160402982254579e+00 -5.6775885197235636e-02
3.5176566691916751e+00 -5.6739236567976255e-02
3.5192730401578922e+00 -5.6702590518805968e-02
3.5208894111241102e+00 -5.6665947105868725e-02
3.5225057820903274e+00 -5.6629306385149729e-02
3.5241221530565445e+00 -5.6592668412475858e-02
3.5257385240227626e+00 -5.6556033243515984e-02
3.5273548949889797e+00 -5.6519400933781383e-02
3.5289712659551968e+00 -5.6482771538625909e-02
3.5305876369214140e+00 -5.6446145113246506e-02
3.5322040078876320e+00 -5.6409521712683423e-02
3.5338203788538491e+00 -5.6372901391820669e-02
3.5354367498200663e+00 -5.6336284205386181e-02
3.5370531207862834e+00 -5.6299670207952332e-02
3.5386694917525015e+00 -5.6263059453936087e-02
3.5402858627187186e+00 -5.6226451997599583e-02
3.5419022336849357e+00 -5.6189847893050170e-02
3.5435186046511529e+00 -5.6153247194240918e-02
3.5451349756173709e+00 -5.6116649954970954e-02
3.5467513465835880e+00 -5.6080056228885726e-02
3.5483677175498052e+00 -5.6043466069477320e-02
3.5499840885160232e+00 -5.6006879530084874e-02
3.5516004594822403e+00 -5.5970296663894865e-02
3.5532168304484575e+00 -5.5933717523941405e-02
3.5548332014146746e+00 -5.5897142163106567e-02
3.5564495723808927e+00 -5.5860570634120775e-02
3.5580659433471098e+00 -5.5824002989563068e-02
3.5596823143133269e+00 -5.5787439281861494e-02
3.5612986852795441e+00 -5.5750879563293304e-02
3.5629150562457621e+00 -5.5714323885985413e-02
3.5645314272119792e+00 -5.5677772301914709e-02
3.5661477981781964e+00 -5.5641224862908276e-02
3.5677641691444144e+00 -5.5604681620643755e-02
3.5693805401106316e+00 -5.5568142626649733e-02
3.5709969110768487e+00 -5.5531607932306042e-02
3.5726132820430658e+00 -5.5495077588843977e-02
3.5742296530092839e+00 -5.5458551647346734e-02
3.5758460239755010e+00 -5.5422030158749719e-02
3.5774623949417181e+00 -5.5385513173840786e-02
3.5790787659079353e+00 -5.5349000743260594e-02
3.5806951368741533e+00 -5.5312492917502953e-02
3.5823115078403704e+00 -5.5275989746915173e-02
3.5839278788065876e+00 -5.5239491281698201e-02
3.5855442497728047e+00 -5.5202997571907171e-02
3.5871606207390228e+00 -5.5166508667451555e-02
3.5887769917052399e+00 -5.5130024618095554e-02
3.5903933626714570e+00 -5.5093545473458377e-02
3.5920097336376751e+00 -5.5057071283014541e-02
3.5936261046038922e+00 -5.5020602096094239e-02
3.5952424755701093e+00 -5.4984137961883638e-02
3.5968588465363265e+00 -5.4947678929425106e-02
3.5984752175025445e+00 -5.4911225047617584e-02
3.6000915884687616e+00 -5.4874776365216982e-02
3.6017079594349788e+00 -5.4838332930836349e-02
3.6033243304011959e+00 -5.4801894792946219e-02
3.6049407013674140e+00 -5.4765461999874913e-02
3.6065570723336311e+00 -5.4729034599808990e-02
3.6081734432998482e+00 -5.4692612640793309e-02
3.6097898142660663e+00 -5.4656196170731468e-02
3.6114061852322834e+00 -5.4619785237386184e-02
3.6130225561985005e+00 -5.4583379888379420e-02
3.6146389271647177e+00 -5.4546980171192846e-02
3.6162552981309357e+00 -5.4510586133167990e-02
3.6178716690971529e+00 -5.4474197821506760e-02
3.6194880400633700e+00 -5.4437815283271518e-02
3.6211044110295871e+00 -5.4401438565385513e-02
3.6227207819958052e+00 -5.4365067714633085e-02
3.6243371529620223e+00 -5.4328702777660165e-02
3.6259535239282394e+00 -5.4292343800974315e-02
3.6275698948944575e+00 -5.4255990830945192e-02
3.6291862658606746e+00 -5.4219643913804814e-02
3.6308026368268917e+00 -5.4183303095647881e-02
3.6324190077931089e+00 -5.4146968422431947e-02
3.6340353787593269e+00 -5.4110639939977882e-02
3.6356517497255441e+00 -5.4074317693970100e-02
3.6372681206917612e+00 -5.4038001729956868e-02
3.6388844916579783e+00 -5.4001692093350519e-02
3.6405008626241964e+00 -5.3965388829427821e-02
3.6421172335904135e+00 -5.3929091983330395e-02
3.6437336045566306e+00 -5.3892801600064696e-02
3.6453499755228478e+00 -5.3856517724502617e-02
3.6469663464890658e+00 -5.3820240401381572e-02
3.6485827174552830e+00 -5.3783969675304938e-02
3.6501990884215001e+00 -5.3747705590742219e-02
3.6518154593877181e+00 -5.3711448192029436e-02
3.6534318303539353e+00 -5.3675197523369370e-02
3.6550482013201524e+00 -5.3638953628831816e-02
3.6566645722863695e+00 -5.3602716552353956e-02
3.6582809432525876e+00 -5.3566486337740603e-02
3.6598973142188047e+00 -5.3530263028664461e-02
3.6615136851850218e+00 -5.3494046668666501e-02
3.6631300561512390e+00 -5.3457837301156087e-02
3.6647464271174570e+00 -5.3421634969411470e-02
3.6663627980836742e+00 -5.3385439716579934e-02
3.6679791690498913e+00 -5.3349251585678062e-02
3.6695955400161093e+00 -5.3313070619592132e-02
3.6712119109823265e+00 -5.3276896861078379e-02
3.6728282819485436e+00 -5.3240730352763138e-02
3.6744446529147607e+00 -5.3204571137143303e-02
3.6760610238809788e+00 -5.3168419256586476e-02
3.6776773948471959e+00 -5.3132274753331439e-02
3.6792937658134131e+00 -5.3096137669488140e-02
3.6809101367796302e+00 -5.3060008047038261e-02
3.6825265077458482e+00 -5.3023885927835301e-02
3.6841428787120654e+00 -5.2987771353605009e-02
3.6857592496782825e+00 -5.2951664365945512e-02
3.6873756206444996e+00 -5.2915565006327714e-02
3.6889919916107177e+00 -5.2879473316095479e-02
3.6906083625769348e+00 -5.2843389336466033e-02
3.6922247335431519e+00 -5.2807313108530089e-02
3.6938411045093700e+00 -5.2771244673252227e-02
3.6954574754755871e+00 -5.2735184071471174e-02
3.6970738464418043e+00 -5.2699131343900009e-02
3.6986902174080214e+00 -5.2663086531126453e-02
3.7003065883742394e+00 -5.2627049673613195e-02
3.7019229593404566e+00 -5.2591020811698197e-02
3.7035393303066737e+00 -5.2554999985594777e-02
3.7051557012728908e+00 -5.2518987235392105e-02
3.7067720722391089e+00 -5.2482982601055370e-02
3.7083884432053260e+00 -5.2446986122426022e-02
3.7100048141715432e+00 -5.2410997839222130e-02
3.7116211851377612e+00 -5.2375017791038571e-02
3.7132375561039783e+00 -5.2339046017347353e-02
3.7148539270701955e+00 -5.2303082557497861e-02
3.7164702980364126e+00 -5.2267127450717141e-02
3.7180866690026306e+00 -5.2231180736110099e-02
3.7197030399688478e+00 -5.2195242452659940e-02
3.7213194109350649e+00 -5.2159312639228239e-02
3.7229357819012820e+00 -5.2123391334555284e-02
3.7245521528675001e+00 -5.2087478577260392e-02
3.7261685238337172e+00 -5.2051574405842155e-02
3.7277848947999344e+00 -5.2015678858678603e-02
3.7294012657661515e+00 -5.1979791974027592e-02
3.7310176367323695e+00 -5.1943913790027045e-02
3.7326340076985867e+00 -5.1908044344695169e-02
3.7342503786648038e+00 -5.1872183675930758e-02
3.7358667496310218e+00 -5.1836331821513384e-02
3.7374831205972390e+00 -5.1800488819103832e-02
3.7390994915634561e+00 -5.1764654706244168e-02
3.7407158625296733e+00 -5.1728829520358052e-02
3.7423322334958913e+00 -5.1693013298751082e-02
3.7439486044621084e+00 -5.1657206078611018e-02
3.7455649754283256e+00 -5.1621407897007920e-02
3.7471813463945427e+00 -5.1585618790894613e-02
3.7487977173607607e+00 -5.1549838797106756e-02
3.7504140883269779e+00 -5.1514067952363268e-02
3.7520304592931950e+00 -5.1478306293266454e-02
3.7536468302594130e+00 -5.1442553856302246e-02
3.7552632012256302e+00 -5.1406810677840663e-02
3.7568795721918473e+00 -5.1371076794135821e-02
3.7584959431580645e+00 -5.1335352241326335e-02
3.7601123141242825e+00 -5.1299637055435492e-02
3.7617286850904996e+00 -5.1263931272371617e-02
3.7633450560567168e+00 -5.1228234927928218e-02
3.7649614270229339e+00 -5.1192548057784226e-02
3.7665777979891519e+00 -5.1156870697504388e-02
3.7681941689553691e+00 -5.1121202882539407e-02
3.7698105399215862e+00 -5.1085544648226171e-02
3.7714269108878034e+00 -5.1049896029788114e-02
3.7730432818540214e+00 -5.1014257062335332e-02
3.7746596528202385e+00 -5.0978627780865003e-02
3.7762760237864557e+00 -5.0943008220261460e-02
3.7778923947526737e+00 -5.0907398415296519e-02
3.7795087657188908e+00 -5.0871798400629817e-02
3.7811251366851080e+00 -5.0836208210808850e-02
3.7827415076513251e+00 -5.0800627880269456e-02
3.7843578786175431e+00 -5.0765057443335870e-02
3.7859742495837603e+00 -5.0729496934221074e-02
3.7875906205499774e+00 -5.0693946387027060e-02
3.7892069915161946e+00 -5.0658405835745011e-02
3.7908233624824126e+00 -5.0622875314255501e-02
3.7924397334486297e+00 -5.0587354856328967e-02
3.7940561044148469e+00 -5.0551844495625657e-02
3.7956724753810649e+00 -5.0516344265696046e-02
3.7972888463472820e+00 -5.0480854199981141e-02
3.7989052173134992e+00 -5.0445374331812509e-02
3.8005215882797163e+00 -5.0409904694412692e-02
3.8021379592459343e+00 -5.0374445320895411e-02
3.8037543302121515e+00 -5.0338996244265827e-02
3.8053707011783686e+00 -5.0303557497420645e-02
3.8069870721445858e+00 -5.0268129113148589e-02
3.8086034431108038e+00 -5.0232711124130400e-02
3.8102198140770209e+00 -5.0197303562939319e-02
3.8118361850432381e+00 -5.0161906462041071e-02
3.8134525560094552e+00 -5.0126519853794342e-02
3.8150689269756732e+00 -5.0091143770450729e-02
3.8166852979418904e+00 -5.0055778244155413e-02
3.8183016689081075e+00 -5.0020423306946921e-02
3.8199180398743255e+00 -4.9985078990757714e-02
3.8215344108405427e+00 -4.9949745327414218e-02
3.8231507818067598e+00 -4.9914422348637140e-02
3.8247671527729770e+00 -4.9879110086041734e-02
3.8263835237391950e+00 -4.9843808571137946e-02
3.8279998947054121e+00 -4.9808517835330746e-02
3.8296162656716293e+00 -4.9773237909920311e-02
3.8312326366378464e+00 -4.9737968826102250e-02
3.8328490076040644e+00 -4.9702710614967810e-02
3.8344653785702816e+00 -4.9667463307504260e-02
3.8360817495364987e+00 -4.9632226934594938e-02
3.8376981205027167e+00 -4.9597001527019506e-02
3.8393144914689339e+00 -4.9561787115454392e-02
3.8409308624351510e+00 -4.9526583730472744e-02
3.8425472334013682e+00 -4.9491391402544764e-02
3.8441636043675862e+00 -4.9456210162038043e-02
3.8457799753338033e+00 -4.9421040039217642e-02
3.8473963463000205e+00 -4.9385881064246399e-02
3.8490127172662376e+00 -4.9350733267185150e-02
3.8506290882324556e+00 -4.9315596677992915e-02
3.8522454591986728e+00 -4.9280471326527159e-02
3.8538618301648899e+00 -4.9245357242544092e-02
3.8554782011311080e+00 -4.9210254455698703e-02
3.8570945720973251e+00 -4.9175162995545224e-02
3.8587109430635422e+00 -4.9140082891537137e-02
3.8603273140297594e+00 -4.9105014173027588e-02
3.8619436849959774e+00 -4.9069956869269411e-02
3.8635600559621945e+00 -4.9034911009415615e-02
3.8651764269284117e+00 -4.8999876622519339e-02
3.8667927978946288e+00 -4.8964853737534231e-02
3.8684091688608468e+00 -4.8929842383314645e-02
3.8700255398270640e+00 -4.8894842588615893e-02
3.8716419107932811e+00 -4.8859854382094323e-02
3.8732582817594983e+00 -4.8824877792307771e-02
3.8748746527257163e+00 -4.8789912847715548e-02
3.8764910236919334e+00 -4.8754959576678858e-02
3.8781073946581506e+00 -4.8720018007460904e-02
3.8797237656243686e+00 -4.8685088168227100e-02
3.8813401365905857e+00 -4.8650170087045391e-02
3.8829565075568029e+00 -4.8615263791886396e-02
3.8845728785230200e+00 -4.8580369310623595e-02
3.8861892494892381e+00 -4.8545486671033596e-02
3.8878056204554552e+00 -4.8510615900796444e-02
3.8894219914216723e+00 -4.8475757027495639e-02
3.8910383623878895e+00 -4.8440910078618490e-02
3.8926547333541075e+00 -4.8406075081556310e-02
3.8942711043203246e+00 -4.8371252063604653e-02
3.8958874752865418e+00 -4.8336441051963414e-02
3.8975038462527598e+00 -4.8301642073737223e-02
3.8991202172189769e+00 -4.8266855155935533e-02
3.9007365881851941e+00 -4.8232080325472833e-02
3.9023529591514112e+00 -4.8197317609168969e-02
3.9039693301176293e+00 -4.8162567033749201e-02
3.9055857010838464e+00 -4.8127828625844589e-02
3.9072020720500635e+00 -4.8093102411992085e-02
3.9088184430162807e+00 -4.8058388418634759e-02
3.9104348139824987e+00 -4.8023686672122021e-02
3.9120511849487158e+00 -4.7988997198709929e-02
3.9136675559149330e+00 -4.7954320024561244e-02
3.9152839268811501e+00 -4.7919655175745687e-02
3.9169002978473682e+00 -4.7885002678240245e-02
3.9185166688135853e+00 -4.7850362557929280e-02
3.9201330397798024e+00 -4.7815734840604793e-02
3.9217494107460205e+00 -4.7781119551966532e-02
3.9233657817122376e+00 -4.7746516717622367e-02
3.9249821526784547e+00 -4.7711926363088374e-02
3.9265985236446719e+00 -4.7677348513789082e-02
3.9282148946108899e+00 -4.7642783195057610e-02
3.9298312655771070e+00 -4.7608230432136099e-02
3.9314476365433242e+00 -4.7573690250175632e-02
3.9330640075095413e+00 -4.7539162674236558e-02
3.9346803784757594e+00 -4.7504647729288800e-02
3.9362967494419765e+00 -4.7470145440211928e-02
3.9379131204081936e+00 -4.7435655831795369e-02
3.9395294913744117e+00 -4.7401178928738692e-02
3.9411458623406288e+00 -4.7366714755651775e-02
3.9427622333068459e+00 -4.7332263337054946e-02
3.9443786042730631e+00 -4.7297824697379323e-02
3.9459949752392811e+00 -4.7263398860966852e-02
3.9476113462054983e+00 -4.7228985852070665e-02
3.9492277171717154e+00 -4.7194585694855171e-02
3.9508440881379325e+00 -4.7160198413396325e-02
3.9524604591041506e+00 -4.7125824031681723e-02
3.9540768300703677e+00 -4.7091462573611034e-02
3.9556932010365848e+00 -4.7057114062995918e-02
3.9573095720028020e+00 -4.7022778523560411e-02
3.9589259429690200e+00 -4.6988455978941038e-02
3.9605423139352371e+00 -4.6954146452687105e-02
3.9621586849014543e+00 -4.6919849968260798e-02
3.9637750558676723e+00 -4.6885566549037389e-02
3.9653914268338895e+00 -4.6851296218305562e-02
3.9670077978001066e+00 -4.6817038999267417e-02
3.9686241687663237e+00 -4.6782794915038853e-02
3.9702405397325418e+00 -4.6748563988649586e-02
3.9718569106987589e+00 -4.6714346243043527e-02
3.9734732816649760e+00 -4.6680141701078863e-02
3.9750896526311932e+00 -4.6645950385528247e-02
3.9767060235974112e+00 -4.6611772319079016e-02
3.9783223945636284e+00 -4.6577607524333500e-02
3.9799387655298455e+00 -4.6543456023809014e-02
3.9815551364960635e+00 -4.6509317839938155e-02
3.9831715074622807e+00 -4.6475192995069046e-02
3.9847878784284978e+00 -4.6441081511465442e-02
3.9864042493947149e+00 -4.6406983411306953e-02
3.9880206203609330e+00 -4.6372898716689266e-02
3.9896369913271501e+00 -4.6338827449624288e-02
3.9912533622933672e+00 -4.6304769632040353e-02
3.9928697332595844e+00 -4.6270725285782494e-02
3.9944861042258024e+00 -4.6236694432612434e-02
3.9961024751920196e+00 -4.6202677094209027e-02
3.9977188461582367e+00 -4.6168673292168297e-02
3.9993352171244538e+00 -4.6134683048003632e-02
4.0009515880906719e+00 -4.6100706383145958e-02
4.0025679590568890e+00 -4.6066743318944101e-02
4.0041843300231061e+00 -4.6032793876664729e-02
4.0058007009893242e+00 -4.5998858077492689e-02
4.0074170719555413e+00 -4.5964935942531211e-02
4.0090334429217584e+00 -4.5931027492801986e-02
4.0106498138879756e+00 -4.5897132749245416e-02
4.0122661848541936e+00 -4.5863251732720857e-02
4.0138825558204108e+00 -4.5829384464006695e-02
4.0154989267866279e+00 -4.5795530963800610e-02
4.0171152977528450e+00 -4.5761691252719748e-02
4.0187316687190631e+00 -4.5727865351300842e-02
4.0203480396852802e+00 -4.5694053280000563e-02
4.0219644106514973e+00 -4.5660255059195486e-02
4.0235807816177154e+00 -4.5626470709182396e-02
4.0251971525839325e+00 -4.5592700250178565e-02
4.0268135235501497e+00 -4.5558943702321684e-02
4.0284298945163668e+00 -4.5525201085670271e-02
4.0300462654825848e+00 -4.5491472420203766e-02
4.0316626364488020e+00 -4.5457757725822757e-02
4.0332790074150191e+00 -4.5424057022349022e-02
4.0348953783812362e+00 -4.5390370329525927e-02
4.0365117493474543e+00 -4.5356697667018456e-02
4.0381281203136714e+00 -4.5323039054413414e-02
4.0397444912798885e+00 -4.5289394511219667e-02
4.0413608622461066e+00 -4.5255764056868243e-02
4.0429772332123237e+00 -4.5222147710712569e-02
4.0445936041785409e+00 -4.5188545492028678e-02
4.0462099751447580e+00 -4.5154957420015254e-02
4.0478263461109760e+00 -4.5121383513793953e-02
4.0494427170771932e+00 -4.5087823792409554e-02
4.0510590880434103e+00 -4.5054278274830072e-02
4.0526754590096274e+00 -4.5020746979946964e-02
4.0542918299758455e+00 -4.4987229926575355e-02
4.0559082009420626e+00 -4.4953727133454226e-02
4.0575245719082798e+00 -4.4920238619246398e-02
4.0591409428744969e+00 -4.4886764402539012e-02
4.0607573138407149e+00 -4.4853304501843452e-02
4.0623736848069321e+00 -4.4819858935595640e-02
4.0639900557731492e+00 -4.4786427722156241e-02
4.0656064267393672e+00 -4.4753010879810672e-02
4.0672227977055844e+00 -4.4719608426769496e-02
4.0688391686718015e+00 -4.4686220381168471e-02
4.0704555396380186e+00 -4.4652846761068697e-02
4.0720719106042367e+00 -4.4619487584456836e-02
4.0736882815704538e+00 -4.4586142869245379e-02
4.0753046525366710e+00 -4.4552812633272654e-02
4.0769210235028881e+00 -4.4519496894303019e-02
4.0785373944691061e+00 -4.4486195670027193e-02
4.0801537654353233e+00 -4.4452908978062290e-02
4.0817701364015404e+00 -4.4419636835951966e-02
4.0833865073677584e+00 -4.4386379261166682e-02
4.0850028783339756e+00 -4.4353136271103877e-02
4.0866192493001927e+00 -4.4319907883088039e-02
4.0882356202664099e+00 -4.4286694114370979e-02
4.0898519912326279e+00 -4.4253494982131922e-02
4.0914683621988450e+00 -4.4220310503477724e-02
4.0930847331650622e+00 -4.4187140695443085e-02
4.0947011041312793e+00 -4.4153985574990576e-02
4.0963174750974973e+00 -4.4120845159010928e-02
4.0979338460637145e+00 -4.4087719464323230e-02
4.0995502170299316e+00 -4.4054608507674932e-02
4.1011665879961487e+00 -4.4021512305742153e-02
4.1027829589623668e+00 -4.3988430875129818e-02
4.1043993299285839e+00 -4.3955364232371855e-02
4.1060157008948011e+00 -4.3922312393931247e-02
4.1076320718610191e+00 -4.3889275376200312e-02
4.1092484428272362e+00 -4.3856253195500856e-02
4.1108648137934534e+00 -4.3823245868084247e-02
4.1124811847596705e+00 -4.3790253410131721e-02
4.1140975557258885e+00 -4.3757275837754406e-02
4.1157139266921057e+00 -4.3724313166993593e-02
4.1173302976583228e+00 -4.3691365413820869e-02
4.1189466686245400e+00 -4.3658432594138243e-02
4.1205630395907580e+00 -4.3625514723778298e-02
4.1221794105569751e+00 -4.3592611818504545e-02
4.1237957815231923e+00 -4.3559723894011276e-02
4.1254121524894103e+00 -4.3526850965923916e-02
4.1270285234556274e+00 -4.3493993049799257e-02
4.1286448944218446e+00 -4.3461150161125395e-02
4.1302612653880617e+00 -4.3428322315322114e-02
4.1318776363542797e+00 -4.3395509527740836e-02
4.1334940073204969e+00 -4.3362711813664988e-02
4.1351103782867140e+00 -4.3329929188310065e-02
4.1367267492529312e+00 -4.3297161666823764e-02
4.1383431202191492e+00 -4.3264409264286090e-02
4.1399594911853663e+00 -4.3231671995709806e-02
4.1415758621515835e+00 -4.3198949876040213e-02
4.1431922331178006e+00 -4.3166242920155508e-02
4.1448086040840186e+00 -4.3133551142866960e-02
4.1464249750502358e+00 -4.3100874558919054e-02
4.1480413460164529e+00 -4.3068213182989500e-02
4.1496577169826709e+00 -4.3035567029689616e-02
4.1512740879488881e+00 -4.3002936113564358e-02
4.1528904589151052e+00 -4.2970320449092457e-02
4.1545068298813224e+00 -4.2937720050686676e-02
4.1561232008475404e+00 -4.2905134932693857e-02
4.1577395718137575e+00 -4.2872565109395154e-02
4.1593559427799747e+00 -4.2840010595006181e-02
4.1609723137461918e+00 -4.2807471403677085e-02
4.1625886847124098e+00 -4.2774947549492827e-02
4.1642050556786270e+00 -4.2742439046473270e-02
4.1658214266448441e+00 -4.2709945908573306e-02
4.1674377976110621e+00 -4.2677468149683033e-02
4.1690541685772793e+00 -4.2645005783628009e-02
4.1706705395434964e+00 -4.2612558824169214e-02
4.1722869105097136e+00 -4.2580127285003329e-02
4.1739032814759316e+00 -4.2547711179762915e-02
4.1755196524421487e+00 -4.2515310522016458e-02
4.1771360234083659e+00 -4.2482925325268588e-02
4.1787523943745830e+00 -4.2450555602960273e-02
4.1803687653408010e+00 -4.2418201368468834e-02
4.1819851363070182e+00 -4.2385862635108254e-02
4.1836015072732353e+00 -4.2353539416129224e-02
4.1852178782394525e+00 -4.2321231724719334e-02
4.1868342492056705e+00 -4.2288939574003197e-02
4.1884506201718876e+00 -4.2256662977042683e-02
4.1900669911381048e+00 -4.2224401946836937e-02
4.1916833621043228e+00 -4.2192156496322582e-02
4.1932997330705399e+00 -4.2159926638373986e-02
4.1949161040367571e+00 -4.2127712385803193e-02
4.1965324750029742e+00 -4.2095513751360232e-02
4.1981488459691922e+00 -4.2063330747733232e-02
4.1997652169354094e+00 -4.2031163387548573e-02
4.2013815879016265e+00 -4.1999011683370953e-02
4.2029979588678437e+00 -4.1966875647703648e-02
4.2046143298340617e+00 -4.1934755292988610e-02
4.2062307008002788e+00 -4.1902650631606600e-02
4.2078470717664960e+00 -4.1870561675877375e-02
4.2094634427327140e+00 -4.1838488438059790e-02
4.2110798136989311e+00 -4.1806430930351968e-02
4.2126961846651483e+00 -4.1774389164891443e-02
4.2143125556313654e+00 -4.1742363153755298e-02
4.2159289265975834e+00 -4.1710352908960309e-02
4.2175452975638006e+00 -4.1678358442463148e-02
4.2191616685300177e+00 -4.1646379766160417e-02
4.2207780394962349e+00 -4.1614416891888863e-02
4.2223944104624529e+00 -4.1582469831425516e-02
4.2240107814286700e+00 -4.1550538596487878e-02
4.2256271523948872e+00 -4.1518623198733902e-02
4.2272435233611043e+00 -4.1486723649762400e-02
4.2288598943273223e+00 -4.1454839961112863e-02
4.2304762652935395e+00 -4.1422972144265907e-02
4.2320926362597566e+00 -4.1391120210643242e-02
4.2337090072259747e+00 -4.1359284171607821e-02
4.2353253781921918e+00 -4.1327464038464101e-02
4.2369417491584089e+00 -4.1295659822458017e-02
4.2385581201246261e+00 -4.1263871534777230e-02
4.2401744910908441e+00 -4.1232099186551241e-02
4.2417908620570612e+00 -4.1200342788851554e-02
4.2434072330232784e+00 -4.1168602352691749e-02
4.2450236039894955e+00 -4.1136877889027743e-02
4.2466399749557135e+00 -4.1105169408757775e-02
4.2482563459219307e+00 -4.1073476922722681e-02
4.2498727168881478e+00 -4.1041800441705974e-02
4.2514890878543659e+00 -4.1010139976433935e-02
4.2531054588205830e+00 -4.0978495537575876e-02
4.2547218297868001e+00 -4.0946867135744143e-02
4.2563382007530173e+00 -4.0915254781494333e-02
4.2579545717192353e+00 -4.0883658485325415e-02
4.2595709426854524e+00 -4.0852078257679926e-02
4.2611873136516696e+00 -4.0820514108943953e-02
4.2628036846178867e+00 -4.0788966049447407e-02
4.2644200555841048e+00 -4.0757434089464153e-02
4.2660364265503219e+00 -4.0725918239212060e-02
4.2676527975165390e+00 -4.0694418508853192e-02
4.2692691684827571e+00 -4.0662934908493965e-02
4.2708855394489742e+00 -4.0631467448185264e-02
4.2725019104151913e+00 -4.0600016137922530e-02
4.2741182813814085e+00 -4.0568580987646007e-02
4.2757346523476265e+00 -4.0537162007240703e-02
4.2773510233138436e+00 -4.0505759206536734e-02
4.2789673942800608e+00 -4.0474372595309283e-02
4.2805837652462779e+00 -4.0443002183278835e-02
4.2822001362124960e+00 -4.0411647980111216e-02
4.2838165071787131e+00 -4.0380309995417904e-02
4.2854328781449302e+00 -4.0348988238755962e-02
4.2870492491111474e+00 -4.0317682719628246e-02
4.2886656200773654e+00 -4.0286393447483582e-02
4.2902819910435825e+00 -4.0255120431716890e-02
4.2918983620097997e+00 -4.0223863681669178e-02
4.2935147329760177e+00 -4.0192623206627913e-02
4.2951311039422349e+00 -4.0161399015826951e-02
4.2967474749084520e+00 -4.0130191118446748e-02
4.2983638458746691e+00 -4.0098999523614509e-02
4.2999802168408872e+00 -4.0067824240404226e-02
4.3015965878071043e+00 -4.0036665277836968e-02
4.3032129587733214e+00 -4.0005522644880873e-02
4.3048293297395386e+00 -3.9974396350451281e-02
4.3064457007057566e+00 -3.9943286403410952e-02
4.3080620716719737e+00 -3.9912192812570177e-02
4.3096784426381909e+00 -3.9881115586686819e-02
4.3112948136044089e+00 -3.9850054734466477e-02
4.3129111845706261e+00 -3.9819010264562776e-02
4.3145275555368432e+00 -3.9787982185577199e-02
4.3161439265030603e+00 -3.9756970506059440e-02
4.3177602974692784e+00 -3.9725975234507459e-02
4.3193766684354955e+00 -3.9694996379367659e-02
4.3209930394017126e+00 -3.9664033949034880e-02
4.3226094103679298e+00 -3.9633087951852698e-02
4.3242257813341478e+00 -3.9602158396113411e-02
4.3258421523003650e+00 -3.9571245290058260e-02
4.3274585232665821e+00 -3.9540348641877499e-02
4.3290748942327992e+00 -3.9509468459710553e-02
4.3306912651990173e+00 -3.9478604751646065e-02
4.3323076361652344e+00 -3.9447757525722230e-02
4.3339240071314515e+00 -3.9416926789926622e-02
4.3355403780976696e+00 -3.9386112552196539e-02
4.3371567490638867e+00 -3.9355314820419124e-02
4.3387731200301038e+00 -3.9324533602431336e-02
4.3403894909963210e+00 -3.9293768906020148e-02
4.3420058619625390e+00 -3.9263020738922766e-02
4.3436222329287562e+00 -3.9232289108826653e-02
4.3452386038949733e+00 -3.9201574023369663e-02
4.3468549748611904e+00 -3.9170875490140158e-02
4.3484713458274085e+00 -3.9140193516677163e-02
4.3500877167936256e+00 -3.9109528110470484e-02
4.3517040877598427e+00 -3.9078879278960817e-02
4.3533204587260608e+00 -3.9048247029539816e-02
4.3549368296922779e+00 -3.9017631369550373e-02
4.3565532006584951e+00 -3.8987032306286550e-02
4.3581695716247122e+00 -3.8956449846993819e-02
4.3597859425909302e+00 -3.8925883998869155e-02
4.3614023135571474e+00 -3.8895334769061159e-02
4.3630186845233645e+00 -3.8864802164670142e-02
4.3646350554895816e+00 -3.8834286192748320e-02
4.3662514264557997e+00 -3.8803786860299845e-02
4.3678677974220168e+00 -3.8773304174280980e-02
4.3694841683882339e+00 -3.8742838141600261e-02
4.3711005393544511e+00 -3.8712388769118491e-02
4.3727169103206691e+00 -3.8681956063648923e-02
4.3743332812868863e+00 -3.8651540031957504e-02
4.3759496522531034e+00 -3.8621140680762757e-02
4.3775660232193214e+00 -3.8590758016736018e-02
4.3791823941855386e+00 -3.8560392046501669e-02
4.3807987651517557e+00 -3.8530042776637047e-02
4.3824151361179728e+00 -3.8499710213672642e-02
4.3840315070841909e+00 -3.8469394364092288e-02
4.3856478780504080e+00 -3.8439095234333205e-02
4.3872642490166252e+00 -3.8408812830786107e-02
4.3888806199828423e+00 -3.8378547159795377e-02
4.3904969909490603e+00 -3.8348298227659096e-02
4.3921133619152775e+00 -3.8318066040629283e-02
4.3937297328814946e+00 -3.8287850604911897e-02
4.3953461038477126e+00 -3.8257651926666969e-02
4.3969624748139298e+00 -3.8227470012008817e-02
4.3985788457801469e+00 -3.8197304867006045e-02
4.4001952167463640e+00 -3.8167156497681709e-02
4.4018115877125812e+00 -3.8137024910013390e-02
4.4034279586787992e+00 -3.8106910109933403e-02
4.4050443296450164e+00 -3.8076812103328819e-02
4.4066607006112335e+00 -3.8046730896041589e-02
4.4082770715774506e+00 -3.8016666493868735e-02
4.4098934425436687e+00 -3.7986618902562337e-02
4.4115098135098858e+00 -3.7956588127829795e-02
4.4131261844761029e+00 -3.7926574175333801e-02
4.4147425554423210e+00 -3.7896577050692555e-02
4.4163589264085381e+00 -3.7866596759479787e-02
4.4179752973747553e+00 -3.7836633307224990e-02
4.4195916683409724e+00 -3.7806686699413429e-02
4.4212080393071904e+00 -3.7776756941486217e-02
4.4228244102734076e+00 -3.7746844038840648e-02
4.4244407812396247e+00 -3.7716947996830022e-02
4.4260571522058418e+00 -3.7687068820763940e-02
4.4276735231720599e+00 -3.7657206515908342e-02
4.4292898941382770e+00 -3.7627361087485697e-02
4.4309062651044941e+00 -3.7597532540674994e-02
4.4325226360707113e+00 -3.7567720880611957e-02
4.4341390070369293e+00 -3.7537926112389063e-02
4.4357553780031465e+00 -3.7508148241055771e-02
4.4373717489693636e+00 -3.7478387271618521e-02
4.4389881199355816e+00 -3.7448643209040886e-02
4.4406044909017988e+00 -3.7418916058243670e-02
4.4422208618680159e+00 -3.7389205824105071e-02
4.4438372328342330e+00 -3.7359512511460718e-02
4.4454536038004511e+00 -3.7329836125103759e-02
4.4470699747666682e+00 -3.7300176669785107e-02
4.4486863457328853e+00 -3.7270534150213440e-02
4.4503027166991025e+00 -3.7240908571055234e-02
4.4519190876653205e+00 -3.7211299936935061e-02
4.4535354586315377e+00 -3.7181708252435587e-02
4.4551518295977548e+00 -3.7152133522097681e-02
4.4567682005639728e+00 -3.7122575750420481e-02
4.4583845715301900e+00 -3.7093034941861627e-02
4.4600009424964071e+00 -3.7063511100837283e-02
4.4616173134626242e+00 -3.7034004231722199e-02
4.4632336844288423e+00 -3.7004514338849888e-02
4.4648500553950594e+00 -3.6975041426512770e-02
4.4664664263612766e+00 -3.6945585498962159e-02
4.4680827973274937e+00 -3.6916146560408425e-02
4.4696991682937117e+00 -3.6886724615021162e-02
4.4713155392599289e+00 -3.6857319666929213e-02
4.4729319102261460e+00 -3.6827931720220752e-02
4.4745482811923631e+00 -3.6798560778943515e-02
4.4761646521585812e+00 -3.6769206847104746e-02
4.4777810231247983e+00 -3.6739869928671419e-02
4.4793973940910154e+00 -3.6710550027570316e-02
4.4810137650572335e+00 -3.6681247147688056e-02
4.4826301360234506e+00 -3.6651961292871321e-02
4.4842465069896678e+00 -3.6622692466926884e-02
4.4858628779558849e+00 -3.6593440673621691e-02
4.4874792489221029e+00 -3.6564205916683003e-02
4.4890956198883201e+00 -3.6534988199798543e-02
4.4907119908545372e+00 -3.6505787526616512e-02
4.4923283618207543e+00 -3.6476603900745676e-02
4.4939447327869724e+00 -3.6447437325755602e-02
4.4955611037531895e+00 -3.6418287805176662e-02
4.4971774747194067e+00 -3.6389155342500104e-02
4.4987938456856247e+00 -3.6360039941178222e-02
4.5004102166518418e+00 -3.6330941604624481e-02
4.5020265876180590e+00 -3.6301860336213479e-02
4.5036429585842761e+00 -3.6272796139281201e-02
4.5052593295504941e+00 -3.6243749017125029e-02
4.5068757005167113e+00 -3.6214718973003886e-02
4.5084920714829284e+00 -3.6185706010138340e-02
4.5101084424491455e+00 -3.6156710131710651e-02
4.5117248134153636e+00 -3.6127731340864867e-02
4.5133411843815807e+00 -3.6098769640707094e-02
4.5149575553477979e+00 -3.6069825034305295e-02
4.5165739263140150e+00 -3.6040897524689669e-02
4.5181902972802330e+00 -3.6011987114852588e-02
4.5198066682464502e+00 -3.5983093807748778e-02
4.5214230392126673e+00 -3.5954217606295330e-02
4.5230394101788853e+00 -3.5925358513371891e-02
4.5246557811451025e+00 -3.5896516531820730e-02
4.5262721521113196e+00 -3.5867691664446789e-02
4.5278885230775368e+00 -3.5838883914017863e-02
4.5295048940437548e+00 -3.5810093283264594e-02
4.5311212650099719e+00 -3.5781319774880693e-02
4.5327376359761891e+00 -3.5752563391522933e-02
4.5343540069424062e+00 -3.5723824135811301e-02
4.5359703779086242e+00 -3.5695102010329029e-02
4.5375867488748414e+00 -3.5666397017622843e-02
4.5392031198410585e+00 -3.5637709160202868e-02
4.5408194908072765e+00 -3.5609038440542785e-02
4.5424358617734937e+00 -3.5580384861080075e-02
4.5440522327397108e+00 -3.5551748424215893e-02
4.5456686037059280e+00 -3.5523129132315256e-02
4.5472849746721460e+00 -3.5494526987707206e-02
4.5489013456383631e+00 -3.5465941992684817e-02
4.5505177166045803e+00 -3.5437374149505305e-02
4.5521340875707974e+00 -3.5408823460390156e-02
4.5537504585370154e+00 -3.5380289927525135e-02
4.5553668295032326e+00 -3.5351773553060566e-02
4.5569832004694497e+00 -3.5323274339111178e-02
4.5585995714356677e+00 -3.5294792287756359e-02
4.5602159424018849e+00 -3.5266327401040291e-02
4.5618323133681020e+00 -3.5237879680971855e-02
4.5634486843343192e+00 -3.5209449129524902e-02
4.5650650553005372e+00 -3.5181035748638255e-02
4.5666814262667543e+00 -3.5152639540215851e-02
4.5682977972329715e+00 -3.5124260506126756e-02
4.5699141681991886e+00 -3.5095898648205399e-02
4.5715305391654066e+00 -3.5067553968251473e-02
4.5731469101316238e+00 -3.5039226468030191e-02
4.5747632810978409e+00 -3.5010916149272327e-02
4.5763796520640581e+00 -3.4982623013674267e-02
4.5779960230302761e+00 -3.4954347062898086e-02
4.5796123939964932e+00 -3.4926088298571807e-02
4.5812287649627104e+00 -3.4897846722289252e-02
4.5828451359289284e+00 -3.4869622335610265e-02
4.5844615068951455e+00 -3.4841415140060880e-02
4.5860778778613627e+00 -3.4813225137133218e-02
4.5876942488275798e+00 -3.4785052328285715e-02
4.5893106197937978e+00 -3.4756896714943128e-02
4.5909269907600150e+00 -3.4728758298496774e-02
4.5925433617262321e+00 -3.4700637080304422e-02
4.5941597326924493e+00 -3.4672533061690526e-02
4.5957761036586673e+00 -3.4644446243946227e-02
4.5973924746248844e+00 -3.4616376628329518e-02
4.5990088455911016e+00 -3.4588324216065301e-02
4.6006252165573196e+00 -3.4560289008345423e-02
4.6022415875235367e+00 -3.4532271006328837e-02
4.6038579584897539e+00 -3.4504270211141691e-02
4.6054743294559710e+00 -3.4476286623877361e-02
4.6070907004221890e+00 -3.4448320245596555e-02
4.6087070713884062e+00 -3.4420371077327455e-02
4.6103234423546233e+00 -3.4392439120065753e-02
4.6119398133208405e+00 -3.4364524374774705e-02
4.6135561842870585e+00 -3.4336626842385316e-02
4.6151725552532756e+00 -3.4308746523796368e-02
4.6167889262194928e+00 -3.4280883419874460e-02
4.6184052971857099e+00 -3.4253037531454228e-02
4.6200216681519279e+00 -3.4225208859338274e-02
4.6216380391181451e+00 -3.4197397404297392e-02
4.6232544100843622e+00 -3.4169603167070552e-02
4.6248707810505802e+00 -3.4141826148365022e-02
4.6264871520167974e+00 -3.4114066348856477e-02
4.6281035229830145e+00 -3.4086323769189075e-02
4.6297198939492317e+00 -3.4058598409975514e-02
4.6313362649154497e+00 -3.4030890271797086e-02
4.6329526358816668e+00 -3.4003199355203934e-02
4.6345690068478840e+00 -3.3975525660714906e-02
4.6361853778141011e+00 -3.3947869188817772e-02
4.6378017487803191e+00 -3.3920229939969314e-02
4.6394181197465363e+00 -3.3892607914595356e-02
4.6410344907127534e+00 -3.3865003113090868e-02
4.6426508616789715e+00 -3.3837415535820078e-02
4.6442672326451886e+00 -3.3809845183116541e-02
4.6458836036114057e+00 -3.3782292055283145e-02
4.6474999745776229e+00 -3.3754756152592366e-02
4.6491163455438409e+00 -3.3727237475286151e-02
4.6507327165100580e+00 -3.3699736023576170e-02
4.6523490874762752e+00 -3.3672251797643792e-02
4.6539654584424923e+00 -3.3644784797640229e-02
4.6555818294087103e+00 -3.3617335023686523e-02
4.6571982003749275e+00 -3.3589902475873831e-02
4.6588145713411446e+00 -3.3562487154263250e-02
4.6604309423073618e+00 -3.3535089058886088e-02
4.6620473132735798e+00 -3.3507708189743850e-02
4.6636636842397969e+00 -3.3480344546808392e-02
4.6652800552060141e+00 -3.3452998130021908e-02
4.6668964261722321e+00 -3.3425668939297118e-02
4.6685127971384492e+00 -3.3398356974517256e-02
4.6701291681046664e+00 -3.3371062235536243e-02
4.6717455390708835e+00 -3.3343784722178652e-02
4.6733619100371016e+00 -3.3316524434239880e-02
4.6749782810033187e+00 -3.3289281371486242e-02
4.6765946519695358e+00 -3.3262055533654952e-02
4.6782110229357530e+00 -3.3234846920454274e-02
4.6798273939019710e+00 -3.3207655531563615e-02
4.6814437648681881e+00 -3.3180481366633589e-02
4.6830601358344053e+00 -3.3153324425286013e-02
4.6846765068006233e+00 -3.3126184707114162e-02
4.6862928777668404e+00 -3.3099062211682691e-02
4.6879092487330576e+00 -3.3071956938527769e-02
4.6895256196992747e+00 -3.3044868887157179e-02
4.6911419906654928e+00 -3.3017798057050352e-02
4.6927583616317099e+00 -3.2990744447658489e-02
4.6943747325979270e+00 -3.2963708058404657e-02
4.6959911035641442e+00 -3.2936688888683764e-02
4.6976074745303622e+00 -3.2909686937862712e-02
4.6992238454965793e+00 -3.2882702205280549e-02
4.7008402164627965e+00 -3.2855734690248384e-02
4.7024565874290136e+00 -3.2828784392049559e-02
4.7040729583952317e+00 -3.2801851309939727e-02
4.7056893293614488e+00 -3.2774935443146948e-02
4.7073057003276659e+00 -3.2748036790871661e-02
4.7089220712938840e+00 -3.2721155352286896e-02
4.7105384422601011e+00 -3.2694291126538287e-02
4.7121548132263182e+00 -3.2667444112744089e-02
4.7137711841925354e+00 -3.2640614309995403e-02
4.7153875551587534e+00 -3.2613801717356096e-02
4.7170039261249705e+00 -3.2587006333862974e-02
4.7186202970911877e+00 -3.2560228158525863e-02
4.7202366680574048e+00 -3.2533467190327583e-02
4.7218530390236229e+00 -3.2506723428224124e-02
4.7234694099898400e+00 -3.2479996871144737e-02
4.7250857809560571e+00 -3.2453287517991924e-02
4.7267021519222752e+00 -3.2426595367641489e-02
4.7283185228884923e+00 -3.2399920418942817e-02
4.7299348938547094e+00 -3.2373262670718689e-02
4.7315512648209266e+00 -3.2346622121765527e-02
4.7331676357871446e+00 -3.2319998770853398e-02
4.7347840067533618e+00 -3.2293392616726146e-02
4.7364003777195789e+00 -3.2266803658101369e-02
4.7380167486857960e+00 -3.2240231893670625e-02
4.7396331196520141e+00 -3.2213677322099350e-02
4.7412494906182312e+00 -3.2187139942027071e-02
4.7428658615844483e+00 -3.2160619752067438e-02
4.7444822325506655e+00 -3.2134116750808239e-02
4.7460986035168835e+00 -3.2107630936811488e-02
4.7477149744831006e+00 -3.2081162308613652e-02
4.7493313454493178e+00 -3.2054710864725493e-02
4.7509477164155358e+00 -3.2028276603632229e-02
4.7525640873817530e+00 -3.2001859523793745e-02
4.7541804583479701e+00 -3.1975459623644426e-02
4.7557968293141872e+00 -3.1949076901593397e-02
4.7574132002804053e+00 -3.1922711356024550e-02
4.7590295712466224e+00 -3.1896362985296633e-02
4.7606459422128395e+00 -3.1870031787743239e-02
4.7622623131790567e+00 -3.1843717761673010e-02
4.7638786841452747e+00 -3.1817420905369577e-02
4.7654950551114919e+00 -3.1791141217091742e-02
4.7671114260777090e+00 -3.1764878695073502e-02
4.7687277970439270e+00 -3.1738633337524046e-02
4.7703441680101442e+00 -3.1712405142628020e-02
4.7719605389763613e+00 -3.1686194108545389e-02
4.7735769099425784e+00 -3.1660000233411603e-02
4.7751932809087965e+00 -3.1633823515337660e-02
4.7768096518750136e+00 -3.1607663952410235e-02
4.7784260228412307e+00 -3.1581521542691608e-02
4.7800423938074479e+00 -3.1555396284219890e-02
4.7816587647736659e+00 -3.1529288175008961e-02
4.7832751357398831e+00 -3.1503197213048638e-02
4.7848915067061002e+00 -3.1477123396304721e-02
4.7865078776723182e+00 -3.1451066722718968e-02
4.7881242486385354e+00 -3.1425027190209329e-02
4.7897406196047525e+00 -3.1399004796669898e-02
4.7913569905709696e+00 -3.1372999539971018e-02
4.7929733615371877e+00 -3.1347011417959307e-02
4.7945897325034048e+00 -3.1321040428457840e-02
4.7962061034696220e+00 -3.1295086569266092e-02
4.7978224744358391e+00 -3.1269149838160051e-02
4.7994388454020571e+00 -3.1243230232892331e-02
4.8010552163682743e+00 -3.1217327751192184e-02
4.8026715873344914e+00 -3.1191442390765555e-02
4.8042879583007085e+00 -3.1165574149295248e-02
4.8059043292669266e+00 -3.1139723024440857e-02
4.8075207002331437e+00 -3.1113889013838936e-02
4.8091370711993608e+00 -3.1088072115103043e-02
4.8107534421655789e+00 -3.1062272325823787e-02
4.8123698131317960e+00 -3.1036489643568886e-02
4.8139861840980132e+00 -3.1010724065883288e-02
4.8156025550642303e+00 -3.0984975590289190e-02
4.8172189260304483e+00 -3.0959244214286086e-02
4.8188352969966655e+00 -3.0933529935350926e-02
4.8204516679628826e+00 -3.0907832750938100e-02
4.8220680389290997e+00 -3.0882152658479468e-02
4.8236844098953178e+00 -3.0856489655384581e-02
4.8253007808615349e+00 -3.0830843739040586e-02
4.8269171518277521e+00 -3.0805214906812355e-02
4.8285335227939701e+00 -3.0779603156042598e-02
4.8301498937601872e+00 -3.0754008484051850e-02
4.8317662647264044e+00 -3.0728430888138546e-02
4.8333826356926215e+00 -3.0702870365579185e-02
4.8349990066588395e+00 -3.0677326913628216e-02
4.8366153776250567e+00 -3.0651800529518280e-02
4.8382317485912738e+00 -3.0626291210460212e-02
4.8398481195574909e+00 -3.0600798953643031e-02
4.8414644905237090e+00 -3.0575323756234077e-02
4.8430808614899261e+00 -3.0549865615379139e-02
4.8446972324561433e+00 -3.0524424528202379e-02
4.8463136034223604e+00 -3.0499000491806479e-02
4.8479299743885784e+00 -3.0473593503272688e-02
4.8495463453547956e+00 -3.0448203559660901e-02
4.8511627163210127e+00 -3.0422830658009700e-02
4.8527790872872307e+00 -3.0397474795336426e-02
4.8543954582534479e+00 -3.0372135968637262e-02
4.8560118292196650e+00 -3.0346814174887222e-02
4.8576282001858822e+00 -3.0321509411040348e-02
4.8592445711521002e+00 -3.0296221674029629e-02
4.8608609421183173e+00 -3.0270950960767179e-02
4.8624773130845345e+00 -3.0245697268144221e-02
4.8640936840507516e+00 -3.0220460593031184e-02
4.8657100550169696e+00 -3.0195240932277729e-02
4.8673264259831868e+00 -3.0170038282712940e-02
4.8689427969494039e+00 -3.0144852641145189e-02
4.8705591679156219e+00 -3.0119684004362303e-02
4.8721755388818391e+00 -3.0094532369131739e-02
4.8737919098480562e+00 -3.0069397732200374e-02
4.8754082808142734e+00 -3.0044280090294802e-02
4.8770246517804914e+00 -3.0019179440121290e-02
4.8786410227467085e+00 -2.9994095778365888e-02
4.8802573937129257e+00 -2.9969029101694456e-02
4.8818737646791428e+00 -2.9943979406752742e-02
4.8834901356453608e+00 -2.9918946690166353e-02
4.8851065066115780e+00 -2.9893930948541064e-02
4.8867228775777951e+00 -2.9868932178462579e-02
4.8883392485440122e+00 -2.9843950376496734e-02
4.8899556195102303e+00 -2.9818985539189619e-02
4.8915719904764474e+00 -2.9794037663067523e-02
4.8931883614426646e+00 -2.9769106744637033e-02
4.8948047324088826e+00 -2.9744192780385127e-02
4.8964211033750997e+00 -2.9719295766779220e-02
4.8980374743413169e+00 -2.9694415700267148e-02
4.8996538453075340e+00 -2.9669552577277367e-02
4.9012702162737520e+00 -2.9644706394218866e-02
4.9028865872399692e+00 -2.9619877147481353e-02
4.9045029582061863e+00 -2.9595064833435252e-02
4.9061193291724035e+00 -2.9570269448431746e-02
4.9077357001386215e+00 -2.9545490988802832e-02
4.9093520711048386e+00 -2.9520729450861503e-02
4.9109684420710558e+00 -2.9495984830901625e-02
4.9125848130372738e+00 -2.9471257125198082e-02
4.9142011840034909e+00 -2.9446546330006908e-02
4.9158175549697081e+00 -2.9421852441565199e-02
4.9174339259359252e+00 -2.9397175456091256e-02
4.9190502969021432e+00 -2.9372515369784635e-02
4.9206666678683604e+00 -2.9347872178826243e-02
4.9222830388345775e+00 -2.9323245879378276e-02
4.9238994098007947e+00 -2.9298636467584425e-02
4.9255157807670127e+00 -2.9274043939569807e-02
4.9271321517332298e+00 -2.9249468291441112e-02
4.9287485226994470e+00 -2.9224909519286635e-02
4.9303648936656641e+00 -2.9200367619176291e-02
4.9319812646318821e+00 -2.9175842587161712e-02
4.9335976355980993e+00 -2.9151334419276330e-02
4.9352140065643164e+00 -2.9126843111535381e-02
4.9368303775305344e+00 -2.9102368659935953e-02
4.9384467484967516e+00 -2.9077911060457137e-02
4.9400631194629687e+00 -2.9053470309059960e-02
4.9416794904291859e+00 -2.9029046401687523e-02
4.9432958613954039e+00 -2.9004639334265028e-02
4.9449122323616210e+00 -2.8980249102699866e-02
4.9465286033278382e+00 -2.8955875702881620e-02
4.9481449742940553e+00 -2.8931519130682155e-02
4.9497613452602733e+00 -2.8907179381955656e-02
4.9513777162264905e+00 -2.8882856452538717e-02
4.9529940871927076e+00 -2.8858550338250358e-02
4.9546104581589256e+00 -2.8834261034892106e-02
4.9562268291251428e+00 -2.8809988538248017e-02
4.9578432000913599e+00 -2.8785732844084817e-02
4.9594595710575771e+00 -2.8761493948151827e-02
4.9610759420237951e+00 -2.8737271846181082e-02
4.9626923129900122e+00 -2.8713066533887471e-02
4.9643086839562294e+00 -2.8688878006968635e-02
4.9659250549224465e+00 -2.8664706261105094e-02
4.9675414258886645e+00 -2.8640551291960366e-02
4.9691577968548817e+00 -2.8616413095180909e-02
4.9707741678210988e+00 -2.8592291666396232e-02
4.9723905387873168e+00 -2.8568187001218964e-02
4.9740069097535340e+00 -2.8544099095244874e-02
4.9756232807197511e+00 -2.8520027944052923e-02
4.9772396516859683e+00 -2.8495973543205357e-02
4.9788560226521863e+00 -2.8471935888247688e-02
4.9804723936184034e+00 -2.8447914974708902e-02
4.9820887645846206e+00 -2.8423910798101294e-02
4.9837051355508377e+00 -2.8399923353920661e-02
4.9853215065170557e+00 -2.8375952637646355e-02
4.9869378774832729e+00 -2.8351998644741302e-02
4.9885542484494900e+00 -2.8328061370652032e-02
4.9901706194157072e+00 -2.8304140810808790e-02
4.9917869903819252e+00 -2.8280236960625548e-02
4.9934033613481423e+00 -2.8256349815500063e-02
4.9950197323143595e+00 -2.8232479370813968e-02
4.9966361032805775e+00 -2.8208625621932729e-02
4.9982524742467946e+00 -2.8184788564205816e-02
4.9998688452130118e+00 -2.8160968192966689e-02
5.0014852161792289e+00 -2.8137164503532819e-02
5.0031015871454469e+00 -2.8113377491205817e-02
5.0047179581116641e+00 -2.8089607151271470e-02
5.0063343290778812e+00 -2.8065853478999717e-02
5.0079507000440984e+00 -2.8042116469644784e-02
5.0095670710103164e+00 -2.8018396118445209e-02
5.0111834419765335e+00 -2.7994692420623902e-02
5.0127998129427507e+00 -2.7971005371388143e-02
5.0144161839089687e+00 -2.7947334965929709e-02
5.0160325548751858e+00 -2.7923681199424899e-02
5.0176489258414030e+00 -2.7900044067034543e-02
5.0192652968076201e+00 -2.7876423563904112e-02
5.0208816677738382e+00 -2.7852819685163732e-02
5.0224980387400553e+00 -2.7829232425928257e-02
5.0241144097062724e+00 -2.7805661781297304e-02
5.0257307806724896e+00 -2.7782107746355283e-02
5.0273471516387076e+00 -2.7758570316171481e-02
5.0289635226049247e+00 -2.7735049485800148e-02
5.0305798935711419e+00 -2.7711545250280450e-02
5.0321962645373590e+00 -2.7688057604636586e-02
5.0338126355035770e+00 -2.7664586543877791e-02
5.0354290064697942e+00 -2.7641132062998501e-02
5.0370453774360113e+00 -2.7617694156978224e-02
5.0386617484022294e+00 -2.7594272820781720e-02
5.0402781193684465e+00 -2.7570868049359036e-02
5.0418944903346636e+00 -2.7547479837645491e-02
5.0435108613008808e+00 -2.7524108180561811e-02
5.0451272322670988e+00 -2.7500753073014070e-02
5.0467436032333159e+00 -2.7477414509893862e-02
5.0483599741995331e+00 -2.7454092486078288e-02
5.0499763451657502e+00 -2.7430786996429958e-02
5.0515927161319683e+00 -2.7407498035797100e-02
5.0532090870981854e+00 -2.7384225599013667e-02
5.0548254580644025e+00 -2.7360969680899221e-02
5.0564418290306206e+00 -2.7337730276259103e-02
5.0580581999968377e+00 -2.7314507379884508e-02
5.0596745709630548e+00 -2.7291300986552410e-02
5.0612909419292720e+00 -2.7268111091025692e-02
5.0629073128954900e+00 -2.7244937688053184e-02
5.0645236838617071e+00 -2.7221780772369728e-02
5.0661400548279243e+00 -2.7198640338696171e-02
5.0677564257941414e+00 -2.7175516381739484e-02
5.0693727967603595e+00 -2.7152408896192696e-02
5.0709891677265766e+00 -2.7129317876735098e-02
5.0726055386927937e+00 -2.7106243318032172e-02
5.0742219096590109e+00 -2.7083185214735683e-02
5.0758382806252289e+00 -2.7060143561483653e-02
5.0774546515914460e+00 -2.7037118352900590e-02
5.0790710225576632e+00 -2.7014109583597332e-02
5.0806873935238812e+00 -2.6991117248171163e-02
5.0823037644900984e+00 -2.6968141341205957e-02
5.0839201354563155e+00 -2.6945181857272068e-02
5.0855365064225326e+00 -2.6922238790926461e-02
5.0871528773887507e+00 -2.6899312136712764e-02
5.0887692483549678e+00 -2.6876401889161298e-02
5.0903856193211849e+00 -2.6853508042789107e-02
5.0920019902874021e+00 -2.6830630592100033e-02
5.0936183612536201e+00 -2.6807769531584709e-02
5.0952347322198372e+00 -2.6784924855720711e-02
5.0968511031860544e+00 -2.6762096558972475e-02
5.0984674741522724e+00 -2.6739284635791408e-02
5.1000838451184896e+00 -2.6716489080615975e-02
5.1017002160847067e+00 -2.6693709887871658e-02
5.1033165870509238e+00 -2.6670947051971022e-02
5.1049329580171419e+00 -2.6648200567313821e-02
5.1065493289833590e+00 -2.6625470428286994e-02
5.1081656999495761e+00 -2.6602756629264673e-02
5.1097820709157933e+00 -2.6580059164608351e-02
5.1113984418820113e+00 -2.6557378028666739e-02
5.1130148128482285e+00 -2.6534713215776010e-02
5.1146311838144456e+00 -2.6512064720259722e-02
5.1162475547806627e+00 -2.6489432536428874e-02
5.1178639257468808e+00 -2.6466816658581954e-02
5.1194802967130979e+00 -2.6444217081005080e-02
5.1210966676793150e+00 -2.6421633797971869e-02
5.1227130386455331e+00 -2.6399066803743602e-02
5.1243294096117502e+00 -2.6376516092569264e-02
5.1259457805779673e+00 -2.6353981658685542e-02
5.1275621515441845e+00 -2.6331463496316862e-02
5.1291785225104025e+00 -2.6308961599675506e-02
5.1307948934766197e+00 -2.6286475962961599e-02
5.1324112644428368e+00 -2.6264006580363129e-02
5.1340276354090539e+00 -2.6241553446056068e-02
5.1356440063752720e+00 -2.6219116554204336e-02
5.1372603773414891e+00 -2.6196695898959892e-02
5.1388767483077062e+00 -2.6174291474462770e-02
5.1404931192739243e+00 -2.6151903274841092e-02
5.1421094902401414e+00 -2.6129531294211174e-02
5.1437258612063586e+00 -2.6107175526677493e-02
5.1453422321725757e+00 -2.6084835966332778e-02
5.1469586031387937e+00 -2.6062512607258018e-02
5.1485749741050109e+00 -2.6040205443522584e-02
5.1501913450712280e+00 -2.6017914469184156e-02
5.1518077160374451e+00 -2.5995639678288839e-02
5.1534240870036632e+00 -2.5973381064871189e-02
5.1550404579698803e+00 -2.5951138622954270e-02
5.1566568289360974e+00 -2.5928912346549659e-02
5.1582731999023155e+00 -2.5906702229657502e-02
5.1598895708685326e+00 -2.5884508266266620e-02
5.1615059418347498e+00 -2.5862330450354406e-02
5.1631223128009669e+00 -2.5840168775887025e-02
5.1647386837671849e+00 -2.5818023236819337e-02
5.1663550547334021e+00 -2.5795893827095018e-02
5.1679714256996192e+00 -2.5773780540646569e-02
5.1695877966658363e+00 -2.5751683371395336e-02
5.1712041676320544e+00 -2.5729602313251550e-02
5.1728205385982715e+00 -2.5707537360114475e-02
5.1744369095644887e+00 -2.5685488505872274e-02
5.1760532805307058e+00 -2.5663455744402170e-02
5.1776696514969238e+00 -2.5641439069570473e-02
5.1792860224631410e+00 -2.5619438475232598e-02
5.1809023934293581e+00 -2.5597453955233079e-02
5.1825187643955761e+00 -2.5575485503405680e-02
5.1841351353617933e+00 -2.5553533113573397e-02
5.1857515063280104e+00 -2.5531596779548454e-02
5.1873678772942275e+00 -2.5509676495132444e-02
5.1889842482604456e+00 -2.5487772254116241e-02
5.1906006192266627e+00 -2.5465884050280198e-02
5.1922169901928799e+00 -2.5444011877394049e-02
5.1938333611590970e+00 -2.5422155729216994e-02
5.1954497321253150e+00 -2.5400315599497736e-02
5.1970661030915322e+00 -2.5378491481974581e-02
5.1986824740577493e+00 -2.5356683370375395e-02
5.2002988450239673e+00 -2.5334891258417612e-02
5.2019152159901845e+00 -2.5313115139808471e-02
5.2035315869564016e+00 -2.5291355008244788e-02
5.2051479579226188e+00 -2.5269610857413201e-02
5.2067643288888368e+00 -2.5247882680990097e-02
5.2083806998550539e+00 -2.5226170472641706e-02
5.2099970708212711e+00 -2.5204474226024145e-02
5.2116134417874882e+00 -2.5182793934783374e-02
5.2132298127537062e+00 -2.5161129592555304e-02
5.2148461837199234e+00 -2.5139481192965909e-02
5.2164625546861405e+00 -2.5117848729631086e-02
5.2180789256523576e+00 -2.5096232196156813e-02
5.2196952966185757e+00 -2.5074631586139186e-02
5.2213116675847928e+00 -2.5053046893164416e-02
5.2229280385510100e+00 -2.5031478110808893e-02
5.2245444095172280e+00 -2.5009925232639205e-02
5.2261607804834451e+00 -2.4988388252212199e-02
5.2277771514496623e+00 -2.4966867163074991e-02
5.2293935224158794e+00 -2.4945361958765046e-02
5.2310098933820974e+00 -2.4923872632810158e-02
5.2326262643483146e+00 -2.4902399178728541e-02
5.2342426353145317e+00 -2.4880941590028856e-02
5.2358590062807489e+00 -2.4859499860210195e-02
5.2374753772469669e+00 -2.4838073982762165e-02
5.2390917482131840e+00 -2.4816663951164990e-02
5.2407081191794012e+00 -2.4795269758889397e-02
5.2423244901456192e+00 -2.4773891399396751e-02
5.2439408611118363e+00 -2.4752528866139132e-02
5.2455572320780535e+00 -2.4731182152559251e-02
5.2471736030442706e+00 -2.4709851252090562e-02
5.2487899740104886e+00 -2.4688536158157311e-02
5.2504063449767058e+00 -2.4667236864174547e-02
5.2520227159429229e+00 -2.4645953363548138e-02
5.2536390869091401e+00 -2.4624685649674866e-02
5.2552554578753581e+00 -2.4603433715942386e-02
5.2568718288415752e+00 -2.4582197555729331e-02
5.2584881998077924e+00 -2.4560977162405333e-02
5.2601045707740095e+00 -2.4539772529331028e-02
5.2617209417402275e+00 -2.4518583649858081e-02
5.2633373127064447e+00 -2.4497410517329343e-02
5.2649536836726618e+00 -2.4476253125078711e-02
5.2665700546388798e+00 -2.4455111466431267e-02
5.2681864256050970e+00 -2.4433985534703349e-02
5.2698027965713141e+00 -2.4412875323202479e-02
5.2714191675375313e+00 -2.4391780825227444e-02
5.2730355385037493e+00 -2.4370702034068398e-02
5.2746519094699664e+00 -2.4349638943006804e-02
5.2762682804361836e+00 -2.4328591545315494e-02
5.2778846514024007e+00 -2.4307559834258748e-02
5.2795010223686187e+00 -2.4286543803092277e-02
5.2811173933348359e+00 -2.4265543445063278e-02
5.2827337643010530e+00 -2.4244558753410490e-02
5.2843501352672710e+00 -2.4223589721364170e-02
5.2859665062334882e+00 -2.4202636342146196e-02
5.2875828771997053e+00 -2.4181698608970077e-02
5.2891992481659225e+00 -2.4160776515040967e-02
5.2908156191321405e+00 -2.4139870053555688e-02
5.2924319900983576e+00 -2.4118979217702858e-02
5.2940483610645748e+00 -2.4098104000662809e-02
5.2956647320307919e+00 -2.4077244395607662e-02
5.2972811029970099e+00 -2.4056400395701415e-02
5.2988974739632271e+00 -2.4035571994099912e-02
5.3005138449294442e+00 -2.4014759183950879e-02
5.3021302158956614e+00 -2.3993961958394004e-02
5.3037465868618794e+00 -2.3973180310560917e-02
5.3053629578280965e+00 -2.3952414233575286e-02
5.3069793287943137e+00 -2.3931663720552797e-02
5.3085956997605317e+00 -2.3910928764601175e-02
5.3102120707267488e+00 -2.3890209358820320e-02
5.3118284416929660e+00 -2.3869505496302203e-02
5.3134448126591831e+00 -2.3848817170130980e-02
5.3150611836254011e+00 -2.3828144373383032e-02
5.3166775545916183e+00 -2.3807487099126976e-02
5.3182939255578354e+00 -2.3786845340423673e-02
5.3199102965240526e+00 -2.3766219090326321e-02
5.3215266674902706e+00 -2.3745608341880425e-02
5.3231430384564877e+00 -2.3725013088123876e-02
5.3247594094227049e+00 -2.3704433322086965e-02
5.3263757803889229e+00 -2.3683869036792416e-02
5.3279921513551400e+00 -2.3663320225255434e-02
5.3296085223213572e+00 -2.3642786880483720e-02
5.3312248932875743e+00 -2.3622268995477480e-02
5.3328412642537923e+00 -2.3601766563229515e-02
5.3344576352200095e+00 -2.3581279576725237e-02
5.3360740061862266e+00 -2.3560808028942663e-02
5.3376903771524438e+00 -2.3540351912852472e-02
5.3393067481186618e+00 -2.3519911221418052e-02
5.3409231190848789e+00 -2.3499485947595530e-02
5.3425394900510961e+00 -2.3479076084333757e-02
5.3441558610173132e+00 -2.3458681624574412e-02
5.3457722319835312e+00 -2.3438302561251970e-02
5.3473886029497484e+00 -2.3417938887293776e-02
5.3490049739159655e+00 -2.3397590595620087e-02
5.3506213448821835e+00 -2.3377257679144010e-02
5.3522377158484007e+00 -2.3356940130771667e-02
5.3538540868146178e+00 -2.3336637943402152e-02
5.3554704577808350e+00 -2.3316351109927538e-02
5.3570868287470530e+00 -2.3296079623232966e-02
5.3587031997132701e+00 -2.3275823476196687e-02
5.3603195706794873e+00 -2.3255582661689995e-02
5.3619359416457044e+00 -2.3235357172577360e-02
5.3635523126119224e+00 -2.3215147001716417e-02
5.3651686835781396e+00 -2.3194952141958009e-02
5.3667850545443567e+00 -2.3174772586146190e-02
5.3684014255105748e+00 -2.3154608327118305e-02
5.3700177964767919e+00 -2.3134459357704976e-02
5.3716341674430090e+00 -2.3114325670730147e-02
5.3732505384092262e+00 -2.3094207259011131e-02
5.3748669093754442e+00 -2.3074104115358592e-02
5.3764832803416613e+00 -2.3054016232576659e-02
5.3780996513078785e+00 -2.3033943603462885e-02
5.3797160222740956e+00 -2.3013886220808303e-02
5.3813323932403136e+00 -2.2993844077397411e-02
5.3829487642065308e+00 -2.2973817166008343e-02
5.3845651351727479e+00 -2.2953805479412715e-02
5.3861815061389660e+00 -2.2933809010375731e-02
5.3877978771051831e+00 -2.2913827751656318e-02
5.3894142480714002e+00 -2.2893861696006986e-02
5.3910306190376174e+00 -2.2873910836173929e-02
5.3926469900038354e+00 -2.2853975164897088e-02
5.3942633609700525e+00 -2.2834054674910148e-02
5.3958797319362697e+00 -2.2814149358940560e-02
5.3974961029024868e+00 -2.2794259209709598e-02
5.3991124738687049e+00 -2.2774384219932341e-02
5.4007288448349220e+00 -2.2754524382317752e-02
5.4023452158011391e+00 -2.2734679689568722e-02
5.4039615867673563e+00 -2.2714850134382007e-02
5.4055779577335743e+00 -2.2695035709448325e-02
5.4071943286997914e+00 -2.2675236407452445e-02
5.4088106996660086e+00 -2.2655452221073073e-02
5.4104270706322266e+00 -2.2635683142982959e-02
5.4120434415984437e+00 -2.2615929165848991e-02
5.4136598125646609e+00 -2.2596190282332070e-02
5.4152761835308780e+00 -2.2576466485087283e-02
5.4168925544970961e+00 -2.2556757766763837e-02
5.4185089254633132e+00 -2.2537064120005161e-02
5.4201252964295303e+00 -2.2517385537448878e-02
5.4217416673957475e+00 -2.2497722011726839e-02
5.4233580383619655e+00 -2.2478073535465170e-02
5.4249744093281826e+00 -2.2458440101284331e-02
5.4265907802943998e+00 -2.2438821701799068e-02
5.4282071512606178e+00 -2.2419218329618490e-02
5.4298235222268350e+00 -2.2399629977346121e-02
5.4314398931930521e+00 -2.2380056637579863e-02
5.4330562641592692e+00 -2.2360498302912060e-02
5.4346726351254873e+00 -2.2340954965929530e-02
5.4362890060917044e+00 -2.2321426619213616e-02
5.4379053770579215e+00 -2.2301913255340127e-02
5.4395217480241387e+00 -2.2282414866879482e-02
5.4411381189903567e+00 -2.2262931446396628e-02
5.4427544899565738e+00 -2.2243462986451155e-02
5.4443708609227910e+00 -2.2224009479597292e-02
5.4459872318890081e+00 -2.2204570918383900e-02
5.4476036028552262e+00 -2.2185147295354510e-02
5.4492199738214433e+00 -2.2165738603047470e-02
5.4508363447876604e+00 -2.2146344833995774e-02
5.4524527157538785e+00 -2.2126965980727199e-02
5.4540690867200956e+00 -2.2107602035764388e-02
5.4556854576863127e+00 -2.2088252991624736e-02
5.4573018286525299e+00 -2.2068918840820514e-02
5.4589181996187479e+00 -2.2049599575858898e-02
5.4605345705849651e+00 -2.2030295189241943e-02
5.4621509415511822e+00 -2.2011005673466637e-02
5.4637673125173993e+00 -2.1991731021024957e-02
5.4653836834836174e+00 -2.1972471224403833e-02
5.4670000544498345e+00 -2.1953226276085230e-02
5.4686164254160516e+00 -2.1933996168546157e-02
5.4702327963822697e+00 -2.1914780894258672e-02
5.4718491673484868e+00 -2.1895580445689941e-02
5.4734655383147039e+00 -2.1876394815302257e-02
5.4750819092809211e+00 -2.1857223995553034e-02
5.4766982802471391e+00 -2.1838067978894860e-02
5.4783146512133563e+00 -2.1818926757775577e-02
5.4799310221795734e+00 -2.1799800324638196e-02
5.4815473931457905e+00 -2.1780688671920973e-02
5.4831637641120086e+00 -2.1761591792057486e-02
5.4847801350782257e+00 -2.1742509677476606e-02
5.4863965060444428e+00 -2.1723442320602485e-02
5.4880128770106600e+00 -2.1704389713854695e-02
5.4896292479768780e+00 -2.1685351849648146e-02
5.4912456189430952e+00 -2.1666328720393178e-02
5.4928619899093123e+00 -2.1647320318495561e-02
5.4944783608755303e+00 -2.1628326636356516e-02
5.4960947318417475e+00 -2.1609347666372736e-02
5.4977111028079646e+00 -2.1590383400936448e-02
5.4993274737741817e+00 -2.1571433832435403e-02
5.5009438447403998e+00 -2.1552498953252893e-02
5.5025602157066169e+00 -2.1533578755767838e-02
5.5041765866728340e+00 -2.1514673232354738e-02
5.5057929576390512e+00 -2.1495782375383719e-02
5.5074093286052692e+00 -2.1476906177220589e-02
5.5090256995714864e+00 -2.1458044630226849e-02
5.5106420705377035e+00 -2.1439197726759673e-02
5.5122584415039215e+00 -2.1420365459172006e-02
5.5138748124701387e+00 -2.1401547819812551e-02
5.5154911834363558e+00 -2.1382744801025779e-02
5.5171075544025729e+00 -2.1363956395151994e-02
5.5187239253687910e+00 -2.1345182594527282e-02
5.5203402963350081e+00 -2.1326423391483669e-02
5.5219566673012253e+00 -2.1307678778349003e-02
5.5235730382674424e+00 -2.1288948747447051e-02
5.5251894092336604e+00 -2.1270233291097541e-02
5.5268057801998776e+00 -2.1251532401616136e-02
5.5284221511660947e+00 -2.1232846071314468e-02
5.5300385221323118e+00 -2.1214174292500207e-02
5.5316548930985299e+00 -2.1195517057477027e-02
5.5332712640647470e+00 -2.1176874358544668e-02
5.5348876350309641e+00 -2.1158246187998955e-02
5.5365040059971822e+00 -2.1139632538131788e-02
5.5381203769633993e+00 -2.1121033401231216e-02
5.5397367479296165e+00 -2.1102448769581457e-02
5.5413531188958336e+00 -2.1083878635462849e-02
5.5429694898620516e+00 -2.1065322991151953e-02
5.5445858608282688e+00 -2.1046781828921599e-02
5.5462022317944859e+00 -2.1028255141040789e-02
5.5478186027607030e+00 -2.1009742919774817e-02
5.5494349737269211e+00 -2.0991245157385291e-02
5.5510513446931382e+00 -2.0972761846130131e-02
5.5526677156593554e+00 -2.0954292978263553e-02
5.5542840866255734e+00 -2.0935838546036194e-02
5.5559004575917905e+00 -2.0917398541695057e-02
5.5575168285580077e+00 -2.0898972957483528e-02
5.5591331995242248e+00 -2.0880561785641464e-02
5.5607495704904428e+00 -2.0862165018405134e-02
5.5623659414566600e+00 -2.0843782648007333e-02
5.5639823124228771e+00 -2.0825414666677335e-02
5.5655986833890942e+00 -2.0807061066640938e-02
5.5672150543553123e+00 -2.0788721840120455e-02
5.5688314253215294e+00 -2.0770396979334863e-02
5.5704477962877466e+00 -2.0752086476499648e-02
5.5720641672539637e+00 -2.0733790323826912e-02
5.5736805382201817e+00 -2.0715508513525428e-02
5.5752969091863989e+00 -2.0697241037800660e-02
5.5769132801526160e+00 -2.0678987888854666e-02
5.5785296511188340e+00 -2.0660749058886298e-02
5.5801460220850512e+00 -2.0642524540091103e-02
5.5817623930512683e+00 -2.0624314324661341e-02
5.5833787640174855e+00 -2.0606118404786128e-02
5.5849951349837035e+00 -2.0587936772651305e-02
5.5866115059499206e+00 -2.0569769420439549e-02
5.5882278769161378e+00 -2.0551616340330404e-02
5.5898442478823549e+00 -2.0533477524500254e-02
5.5914606188485729e+00 -2.0515352965122344e-02
5.5930769898147901e+00 -2.0497242654366889e-02
5.5946933607810072e+00 -2.0479146584400986e-02
5.5963097317472252e+00 -2.0461064747388666e-02
5.5979261027134424e+00 -2.0442997135490991e-02
5.5995424736796595e+00 -2.0424943740865977e-02
5.6011588446458767e+00 -2.0406904555668640e-02
5.6027752156120947e+00 -2.0388879572051086e-02
5.6043915865783118e+00 -2.0370868782162432e-02
5.6060079575445290e+00 -2.0352872178148910e-02
5.6076243285107461e+00 -2.0334889752153834e-02
5.6092406994769641e+00 -2.0316921496317631e-02
5.6108570704431813e+00 -2.0298967402777899e-02
5.6124734414093984e+00 -2.0281027463669405e-02
5.6140898123756164e+00 -2.0263101671124061e-02
5.6157061833418336e+00 -2.0245190017271059e-02
5.6173225543080507e+00 -2.0227292494236757e-02
5.6189389252742679e+00 -2.0209409094144780e-02
5.6205552962404859e+00 -2.0191539809116039e-02
5.6221716672067030e+00 -2.0173684631268750e-02
5.6237880381729202e+00 -2.0155843552718412e-02
5.6254044091391373e+00 -2.0138016565577864e-02
5.6270207801053553e+00 -2.0120203661957322e-02
5.6286371510715725e+00 -2.0102404833964378e-02
5.6302535220377896e+00 -2.0084620073704013e-02
5.6318698930040068e+00 -2.0066849373278607e-02
5.6334862639702248e+00 -2.0049092724788001e-02
5.6351026349364419e+00 -2.0031350120329517e-02
5.6367190059026591e+00 -2.0013621551997922e-02
5.6383353768688771e+00 -1.9995907011885482e-02
5.6399517478350942e+00 -1.9978206492082023e-02
5.6415681188013114e+00 -1.9960519984674879e-02
5.6431844897675285e+00 -1.9942847481748953e-02
5.6448008607337465e+00 -1.9925188975386744e-02
5.6464172316999637e+00 -1.9907544457668333e-02
5.6480336026661808e+00 -1.9889913920671434e-02
5.6496499736323980e+00 -1.9872297356471429e-02
5.6512663445986160e+00 -1.9854694757141311e-02
5.6528827155648331e+00 -1.9837106114751792e-02
5.6544990865310503e+00 -1.9819531421371307e-02
5.6561154574972683e+00 -1.9801970669065957e-02
5.6577318284634854e+00 -1.9784423849899629e-02
5.6593481994297026e+00 -1.9766890955933973e-02
5.6609645703959197e+00 -1.9749371979228401e-02
5.6625809413621377e+00 -1.9731866911840118e-02
5.6641973123283549e+00 -1.9714375745824218e-02
5.6658136832945720e+00 -1.9696898473233554e-02
5.6674300542607892e+00 -1.9679435086118885e-02
5.6690464252270072e+00 -1.9661985576528838e-02
5.6706627961932243e+00 -1.9644549936509974e-02
5.6722791671594415e+00 -1.9627128158106709e-02
5.6738955381256586e+00 -1.9609720233361459e-02
5.6755119090918766e+00 -1.9592326154314565e-02
5.6771282800580938e+00 -1.9574945913004363e-02
5.6787446510243109e+00 -1.9557579501467179e-02
5.6803610219905289e+00 -1.9540226911737350e-02
5.6819773929567461e+00 -1.9522888135847270e-02
5.6835937639229632e+00 -1.9505563165827362e-02
5.6852101348891804e+00 -1.9488251993706150e-02
5.6868265058553984e+00 -1.9470954611510202e-02
5.6884428768216155e+00 -1.9453671011264273e-02
5.6900592477878327e+00 -1.9436401184991191e-02
5.6916756187540498e+00 -1.9419145124711934e-02
5.6932919897202678e+00 -1.9401902822445680e-02
5.6949083606864850e+00 -1.9384674270209793e-02
5.6965247316527021e+00 -1.9367459460019807e-02
5.6981411026189202e+00 -1.9350258383889502e-02
5.6997574735851373e+00 -1.9333071033830924e-02
5.7013738445513544e+00 -1.9315897401854337e-02
5.7029902155175716e+00 -1.9298737479968318e-02
5.7046065864837896e+00 -1.9281591260179729e-02
5.7062229574500067e+00 -1.9264458734493752e-02
5.7078393284162239e+00 -1.9247339894913913e-02
5.7094556993824410e+00 -1.9230234733442080e-02
5.7110720703486590e+00 -1.9213143242078467e-02
5.7126884413148762e+00 -1.9196065412821761e-02
5.7143048122810933e+00 -1.9179001237668979e-02
5.7159211832473105e+00 -1.9161950708615583e-02
5.7175375542135285e+00 -1.9144913817655502e-02
5.7191539251797456e+00 -1.9127890556781116e-02
5.7207702961459628e+00 -1.9110880917983266e-02
5.7223866671121808e+00 -1.9093884893251322e-02
5.7240030380783979e+00 -1.9076902474573169e-02
5.7256194090446151e+00 -1.9059933653935195e-02
5.7272357800108322e+00 -1.9042978423322379e-02
5.7288521509770503e+00 -1.9026036774718234e-02
5.7304685219432674e+00 -1.9009108700104905e-02
5.7320848929094845e+00 -1.8992194191463120e-02
5.7337012638757017e+00 -1.8975293240772198e-02
5.7353176348419197e+00 -1.8958405840010132e-02
5.7369340058081368e+00 -1.8941531981153597e-02
5.7385503767743540e+00 -1.8924671656177894e-02
5.7401667477405720e+00 -1.8907824857057050e-02
5.7417831187067891e+00 -1.8890991575763807e-02
5.7433994896730063e+00 -1.8874171804269591e-02
5.7450158606392234e+00 -1.8857365534544628e-02
5.7466322316054415e+00 -1.8840572758557873e-02
5.7482486025716586e+00 -1.8823793468277054e-02
5.7498649735378757e+00 -1.8807027655668752e-02
5.7514813445040929e+00 -1.8790275312698290e-02
5.7530977154703109e+00 -1.8773536431329851e-02
5.7547140864365280e+00 -1.8756811003526497e-02
5.7563304574027452e+00 -1.8740099021250116e-02
5.7579468283689623e+00 -1.8723400476461483e-02
5.7595631993351804e+00 -1.8706715361120278e-02
5.7611795703013975e+00 -1.8690043667185113e-02
5.7627959412676146e+00 -1.8673385386613502e-02
5.7644123122338327e+00 -1.8656740511361933e-02
5.7660286832000498e+00 -1.8640109033385859e-02
5.7676450541662669e+00 -1.8623490944639692e-02
5.7692614251324841e+00 -1.8606886237076885e-02
5.7708777960987021e+00 -1.8590294902649858e-02
5.7724941670649192e+00 -1.8573716933310096e-02
5.7741105380311364e+00 -1.8557152321008137e-02
5.7757269089973535e+00 -1.8540601057693562e-02
5.7773432799635716e+00 -1.8524063135315041e-02
5.7789596509297887e+00 -1.8507538545820369e-02
5.7805760218960058e+00 -1.8491027281156421e-02
5.7821923928622239e+00 -1.8474529333269197e-02
5.7838087638284410e+00 -1.8458044694103903e-02
5.7854251347946581e+00 -1.8441573355604847e-02
5.7870415057608753e+00 -1.8425115309715533e-02
5.7886578767270933e+00 -1.8408670548378667e-02
5.7902742476933104e+00 -1.8392239063536191e-02
5.7918906186595276e+00 -1.8375820847129222e-02
5.7935069896257447e+00 -1.8359415891098168e-02
5.7951233605919628e+00 -1.8343024187382671e-02
5.7967397315581799e+00 -1.8326645727921659e-02
5.7983561025243970e+00 -1.8310280504653352e-02
5.7999724734906151e+00 -1.8293928509515261e-02
5.8015888444568322e+00 -1.8277589734444242e-02
5.8032052154230493e+00 -1.8261264171376485e-02
5.8048215863892665e+00 -1.8244951812247542e-02
5.8064379573554845e+00 -1.8228652648992295e-02
5.8080543283217017e+00 -1.8212366673545064e-02
5.8096706992879188e+00 -1.8196093877839555e-02
5.8112870702541359e+00 -1.8179834253808855e-02
5.8129034412203540e+00 -1.8163587793385533e-02
5.8145198121865711e+00 -1.8147354488501594e-02
5.8161361831527882e+00 -1.8131134331088480e-02
5.8177525541190054e+00 -1.8114927313077147e-02
5.8193689250852234e+00 -1.8098733426398013e-02
5.8209852960514405e+00 -1.8082552662981009e-02
5.8226016670176577e+00 -1.8066385014755638e-02
5.8242180379838757e+00 -1.8050230473650876e-02
5.8258344089500929e+00 -1.8034089031595292e-02
5.8274507799163100e+00 -1.8017960680517038e-02
5.8290671508825271e+00 -1.8001845412343800e-02
5.8306835218487452e+00 -1.7985743219002894e-02
5.8322998928149623e+00 -1.7969654092421291e-02
5.8339162637811794e+00 -1.7953578024525518e-02
5.8355326347473966e+00 -1.7937515007241785e-02
5.8371490057136146e+00 -1.7921465032495958e-02
5.8387653766798318e+00 -1.7905428092213592e-02
5.8403817476460489e+00 -1.7889404178319912e-02
5.8419981186122669e+00 -1.7873393282739847e-02
5.8436144895784841e+00 -1.7857395397398061e-02
5.8452308605447012e+00 -1.7841410514218933e-02
5.8468472315109183e+00 -1.7825438625126599e-02
5.8484636024771364e+00 -1.7809479722044948e-02
5.8500799734433535e+00 -1.7793533796897680e-02
5.8516963444095706e+00 -1.7777600841608249e-02
5.8533127153757878e+00 -1.7761680848099919e-02
5.8549290863420058e+00 -1.7745773808295798e-02
5.8565454573082230e+00 -1.7729879714118824e-02
5.8581618282744401e+00 -1.7713998557491752e-02
5.8597781992406572e+00 -1.7698130330337250e-02
5.8613945702068753e+00 -1.7682275024577809e-02
5.8630109411730924e+00 -1.7666432632135867e-02
5.8646273121393095e+00 -1.7650603144933746e-02
5.8662436831055276e+00 -1.7634786554893669e-02
5.8678600540717447e+00 -1.7618982853937822e-02
5.8694764250379619e+00 -1.7603192033988337e-02
5.8710927960041790e+00 -1.7587414086967297e-02
5.8727091669703970e+00 -1.7571649004796741e-02
5.8743255379366142e+00 -1.7555896779398766e-02
5.8759419089028313e+00 -1.7540157402695405e-02
5.8775582798690484e+00 -1.7524430866608740e-02
5.8791746508352665e+00 -1.7508717163060888e-02
5.8807910218014836e+00 -1.7493016283974011e-02
5.8824073927677007e+00 -1.7477328221270315e-02
5.8840237637339188e+00 -1.7461652966872097e-02
5.8856401347001359e+00 -1.7445990512701747e-02
5.8872565056663531e+00 -1.7430340850681722e-02
5.8888728766325702e+00 -1.7414703972734646e-02
5.8904892475987882e+00 -1.7399079870783214e-02
5.8921056185650054e+00 -1.7383468536750313e-02
5.8937219895312225e+00 -1.7367869962558968e-02
5.8953383604974396e+00 -1.7352284140132353e-02
5.8969547314636577e+00 -1.7336711061393839e-02
5.8985711024298748e+00 -1.7321150718267009e-02
5.9001874733960920e+00 -1.7305603102675645e-02
5.9018038443623091e+00 -1.7290068206543729e-02
5.9034202153285271e+00 -1.7274546021795508e-02
5.9050365862947443e+00 -1.7259036540355471e-02
5.9066529572609614e+00 -1.7243539754148361e-02
5.9082693282271794e+00 -1.7228055655099200e-02
5.9098856991933966e+00 -1.7212584235133301e-02
5.9115020701596137e+00 -1.7197125486176280e-02
5.9131184411258308e+00 -1.7181679400154068e-02
5.9147348120920489e+00 -1.7166245968992907e-02
5.9163511830582660e+00 -1.7150825184619405e-02
5.9179675540244832e+00 -1.7135417038960526e-02
5.9195839249907003e+00 -1.7120021523943565e-02
5.9212002959569183e+00 -1.7104638631496211e-02
5.9228166669231355e+00 -1.7089268353546586e-02
5.9244330378893526e+00 -1.7073910682023172e-02
5.9260494088555706e+00 -1.7058565608854860e-02
5.9276657798217878e+00 -1.7043233125971030e-02
5.9292821507880049e+00 -1.7027913225301443e-02
5.9308985217542221e+00 -1.7012605898776349e-02
5.9325148927204401e+00 -1.6997311138326462e-02
5.9341312636866572e+00 -1.6982028935882972e-02
5.9357476346528744e+00 -1.6966759283377566e-02
5.9373640056190915e+00 -1.6951502172742446e-02
5.9389803765853095e+00 -1.6936257595910303e-02
5.9405967475515267e+00 -1.6921025544814415e-02
5.9422131185177438e+00 -1.6905806011388545e-02
5.9438294894839609e+00 -1.6890598987567049e-02
5.9454458604501790e+00 -1.6875404465284818e-02
5.9470622314163961e+00 -1.6860222436477373e-02
5.9486786023826133e+00 -1.6845052893080786e-02
5.9502949733488313e+00 -1.6829895827031750e-02
5.9519113443150484e+00 -1.6814751230267589e-02
5.9535277152812656e+00 -1.6799619094726232e-02
5.9551440862474827e+00 -1.6784499412346259e-02
5.9567604572137007e+00 -1.6769392175066910e-02
5.9583768281799179e+00 -1.6754297374828083e-02
5.9599931991461350e+00 -1.6739215003570364e-02
5.9616095701123522e+00 -1.6724145053235023e-02
5.9632259410785702e+00 -1.6709087515764023e-02
5.9648423120447873e+00 -1.6694042383100068e-02
5.9664586830110045e+00 -1.6679009647186570e-02
5.9680750539772225e+00 -1.6663989299967655e-02
5.9696914249434396e+00 -1.6648981333388258e-02
5.9713077959096568e+00 -1.6633985739394026e-02
5.9729241668758739e+00 -1.6619002509931386e-02
5.9745405378420919e+00 -1.6604031636947573e-02
5.9761569088083091e+00 -1.6589073112390600e-02
5.9777732797745262e+00 -1.6574126928209292e-02
5.9793896507407434e+00 -1.6559193076353299e-02
5.9810060217069614e+00 -1.6544271548773103e-02
5.9826223926731785e+00 -1.6529362337420011e-02
5.9842387636393957e+00 -1.6514465434246214e-02
5.9858551346056137e+00 -1.6499580831204747e-02
5.9874715055718308e+00 -1.6484708520249525e-02
5.9890878765380480e+00 -1.6469848493335378e-02
5.9907042475042651e+00 -1.6455000742418003e-02
5.9923206184704831e+00 -1.6440165259454007e-02
5.9939369894367003e+00 -1.6425342036400975e-02
5.9955533604029174e+00 -1.6410531065217362e-02
5.9971697313691346e+00 -1.6395732337862585e-02
5.9987861023353526e+00 -1.6380945846297040e-02
6.0004024733015697e+00 -1.6366171582482096e-02
6.0020188442677869e+00 -1.6351409538380053e-02
6.0036352152340040e+00 -1.6336659705954264e-02
6.0052515862002220e+00 -1.6321922077169027e-02
6.0068679571664392e+00 -1.6307196643989691e-02
6.0084843281326563e+00 -1.6292483398382619e-02
6.0101006990988743e+00 -1.6277782332315197e-02
6.0117170700650915e+00 -1.6263093437755879e-02
6.0133334410313086e+00 -1.6248416706674165e-02
6.0149498119975258e+00 -1.6233752131040616e-02
6.0165661829637438e+00 -1.6219099702826863e-02
6.0181825539299609e+00 -1.6204459414005685e-02
6.0197989248961781e+00 -1.6189831256550880e-02
6.0214152958623952e+00 -1.6175215222437395e-02
6.0230316668286132e+00 -1.6160611303641308e-02
6.0246480377948304e+00 -1.6146019492139837e-02
6.0262644087610475e+00 -1.6131439779911296e-02
6.0278807797272655e+00 -1.6116872158935203e-02
6.0294971506934827e+00 -1.6102316621192225e-02
6.0311135216596998e+00 -1.6087773158664189e-02
6.0327298926259170e+00 -1.6073241763334131e-02
6.0343462635921350e+00 -1.6058722427186260e-02
6.0359626345583521e+00 -1.6044215142206011e-02
6.0375790055245693e+00 -1.6029719900380043e-02
6.0391953764907864e+00 -1.6015236693696210e-02
6.0408117474570044e+00 -1.6000765514143620e-02
6.0424281184232216e+00 -1.5986306353712659e-02
6.0440444893894387e+00 -1.5971859204394940e-02
6.0456608603556559e+00 -1.5957424058183331e-02
6.0472772313218739e+00 -1.5943000907072017e-02
6.0488936022880910e+00 -1.5928589743056460e-02
6.0505099732543082e+00 -1.5914190558133413e-02
6.0521263442205262e+00 -1.5899803344300942e-02
6.0537427151867433e+00 -1.5885428093558446e-02
6.0553590861529605e+00 -1.5871064797906651e-02
6.0569754571191776e+00 -1.5856713449347602e-02
6.0585918280853956e+00 -1.5842374039884713e-02
6.0602081990516128e+00 -1.5828046561522768e-02
6.0618245700178299e+00 -1.5813731006267911e-02
6.0634409409840471e+00 -1.5799427366127657e-02
6.0650573119502651e+00 -1.5785135633110927e-02
6.0666736829164822e+00 -1.5770855799228049e-02
6.0682900538826994e+00 -1.5756587856490742e-02
6.0699064248489174e+00 -1.5742331796912139e-02
6.0715227958151345e+00 -1.5728087612506852e-02
6.0731391667813517e+00 -1.5713855295290877e-02
6.0747555377475688e+00 -1.5699634837281696e-02
6.0763719087137869e+00 -1.5685426230498224e-02
6.0779882796800040e+00 -1.5671229466960875e-02
6.0796046506462211e+00 -1.5657044538691531e-02
6.0812210216124383e+00 -1.5642871437713549e-02
6.0828373925786563e+00 -1.5628710156051787e-02
6.0844537635448734e+00 -1.5614560685732635e-02
6.0860701345110906e+00 -1.5600423018783989e-02
6.0876865054773077e+00 -1.5586297147235251e-02
6.0893028764435257e+00 -1.5572183063117388e-02
6.0909192474097429e+00 -1.5558080758462907e-02
6.0925356183759600e+00 -1.5543990225305861e-02
6.0941519893421781e+00 -1.5529911455681875e-02
6.0957683603083952e+00 -1.5515844441628152e-02
6.0973847312746123e+00 -1.5501789175183469e-02
6.0990011022408295e+00 -1.5487745648388212e-02
6.1006174732070475e+00 -1.5473713853284349e-02
6.1022338441732646e+00 -1.5459693781915482e-02
6.1038502151394818e+00 -1.5445685426326822e-02
6.1054665861056989e+00 -1.5431688778565211e-02
6.1070829570719170e+00 -1.5417703830679119e-02
6.1086993280381341e+00 -1.5403730574718699e-02
6.1103156990043512e+00 -1.5389769002735745e-02
6.1119320699705693e+00 -1.5375819106783692e-02
6.1135484409367864e+00 -1.5361880878917685e-02
6.1151648119030035e+00 -1.5347954311194555e-02
6.1167811828692207e+00 -1.5334039395672804e-02
6.1183975538354387e+00 -1.5320136124412654e-02
6.1200139248016558e+00 -1.5306244489476034e-02
6.1216302957678730e+00 -1.5292364482926604e-02
6.1232466667340901e+00 -1.5278496096829741e-02
6.1248630377003082e+00 -1.5264639323252551e-02
6.1264794086665253e+00 -1.5250794154263928e-02
6.1280957796327424e+00 -1.5236960581934498e-02
6.1297121505989596e+00 -1.5223138598336638e-02
6.1313285215651776e+00 -1.5209328195544511e-02
6.1329448925313947e+00 -1.5195529365634097e-02
6.1345612634976119e+00 -1.5181742100683121e-02
6.1361776344638299e+00 -1.5167966392771117e-02
6.1377940054300471e+00 -1.5154202233979470e-02
6.1394103763962642e+00 -1.5140449616391331e-02
6.1410267473624813e+00 -1.5126708532091691e-02
6.1426431183286994e+00 -1.5112978973167409e-02
6.1442594892949165e+00 -1.5099260931707152e-02
6.1458758602611336e+00 -1.5085554399801436e-02
6.1474922312273508e+00 -1.5071859369542686e-02
6.1491086021935688e+00 -1.5058175833025140e-02
6.1507249731597859e+00 -1.5044503782344953e-02
6.1523413441260031e+00 -1.5030843209600141e-02
6.1539577150922211e+00 -1.5017194106890628e-02
6.1555740860584383e+00 -1.5003556466318247e-02
6.1571904570246554e+00 -1.4989930279986734e-02
6.1588068279908725e+00 -1.4976315540001752e-02
6.1604231989570906e+00 -1.4962712238470857e-02
6.1620395699233077e+00 -1.4949120367503612e-02
6.1636559408895248e+00 -1.4935539919211472e-02
6.1652723118557420e+00 -1.4921970885707856e-02
6.1668886828219600e+00 -1.4908413259108131e-02
6.1685050537881772e+00 -1.4894867031529674e-02
6.1701214247543943e+00 -1.4881332195091811e-02
6.1717377957206114e+00 -1.4867808741915855e-02
6.1733541666868295e+00 -1.4854296664125107e-02
6.1749705376530466e+00 -1.4840795953844892e-02
6.1765869086192637e+00 -1.4827306603202538e-02
6.1782032795854818e+00 -1.4813828604327358e-02
6.1798196505516989e+00 -1.4800361949350759e-02
6.1814360215179160e+00 -1.4786906630406113e-02
6.1830523924841332e+00 -1.4773462639628875e-02
6.1846687634503512e+00 -1.4760029969156542e-02
6.1862851344165684e+00 -1.4746608611128672e-02
6.1879015053827855e+00 -1.4733198557686860e-02
6.1895178763490026e+00 -1.4719799800974822e-02
6.1911342473152207e+00 -1.4706412333138326e-02
6.1927506182814378e+00 -1.4693036146325219e-02
6.1943669892476549e+00 -1.4679671232685486e-02
6.1959833602138730e+00 -1.4666317584371180e-02
6.1975997311800901e+00 -1.4652975193536474e-02
6.1992161021463073e+00 -1.4639644052337683e-02
6.2008324731125244e+00 -1.4626324152933223e-02
6.2024488440787424e+00 -1.4613015487483644e-02
6.2040652150449596e+00 -1.4599718048151676e-02
6.2056815860111767e+00 -1.4586431827102167e-02
6.2072979569773938e+00 -1.4573156816502127e-02
6.2089143279436119e+00 -1.4559893008520725e-02
6.2105306989098290e+00 -1.4546640395329354e-02
6.2121470698760461e+00 -1.4533398969101517e-02
6.2137634408422642e+00 -1.4520168722012946e-02
6.2153798118084813e+00 -1.4506949646241579e-02
6.2169961827746985e+00 -1.4493741733967527e-02
6.2186125537409156e+00 -1.4480544977373125e-02
6.2202289247071336e+00 -1.4467359368642919e-02
6.2218452956733508e+00 -1.4454184899963706e-02
6.2234616666395679e+00 -1.4441021563524505e-02
6.2250780376057850e+00 -1.4427869351516550e-02
6.2266944085720031e+00 -1.4414728256133333e-02
6.2283107795382202e+00 -1.4401598269570638e-02
6.2299271505044373e+00 -1.4388479384026470e-02
6.2315435214706545e+00 -1.4375371591701104e-02
6.2331598924368725e+00 -1.4362274884797131e-02
6.2347762634030897e+00 -1.4349189255519385e-02
6.2363926343693068e+00 -1.4336114696074993e-02
6.2380090053355248e+00 -1.4323051198673418e-02
6.2396253763017420e+00 -1.4309998755526385e-02
6.2412417472679591e+00 -1.4296957358847942e-02
6.2428581182341762e+00 -1.4283927000854481e-02
6.2444744892003943e+00 -1.4270907673764696e-02
6.2460908601666114e+00 -1.4257899369799609e-02
6.2477072311328286e+00 -1.4244902081182618e-02
6.2493236020990457e+00 -1.4231915800139423e-02
6.2509399730652637e+00 -1.4218940518898089e-02
6.2525563440314809e+00 -1.4205976229689082e-02
6.2541727149976980e+00 -1.4193022924745197e-02
6.2557890859639160e+00 -1.4180080596301589e-02
6.2574054569301332e+00 -1.4167149236595858e-02
6.2590218278963503e+00 -1.4154228837867938e-02
6.2606381988625674e+00 -1.4141319392360165e-02
6.2622545698287855e+00 -1.4128420892317280e-02
6.2638709407950026e+00 -1.4115533329986463e-02
6.2654873117612198e+00 -1.4102656697617278e-02
6.2671036827274369e+00 -1.4089790987461718e-02
6.2687200536936549e+00 -1.4076936191774189e-02
6.2703364246598721e+00 -1.4064092302811576e-02
6.2719527956260892e+00 -1.4051259312833174e-02
6.2735691665923063e+00 -1.4038437214100722e-02
6.2751855375585244e+00 -1.4025625998878436e-02
6.2768019085247415e+00 -1.4012825659432983e-02
6.2784182794909587e+00 -1.4000036188033485e-02
6.2800346504571767e+00 -1.3987257576951583e-02
6.2816510214233938e+00 -1.3974489818461352e-02
6.2832673923896110e+00 -1.3961732904839368e-02
6.2848837633558281e+00 -1.3948986828364729e-02
6.2865001343220461e+00 -1.3936251581319002e-02
6.2881165052882633e+00 -1.3923527155986260e-02
6.2897328762544804e+00 -1.3910813544653127e-02
6.2913492472206975e+00 -1.3898110739608711e-02
6.2929656181869156e+00 -1.3885418733144646e-02
6.2945819891531327e+00 -1.3872737517555141e-02
6.2961983601193499e+00 -1.3860067085136896e-02
6.2978147310855679e+00 -1.3847407428189167e-02
6.2994311020517850e+00 -1.3834758539013800e-02
6.3010474730180022e+00 -1.3822120409915144e-02
6.3026638439842193e+00 -1.3809493033200147e-02
6.3042802149504373e+00 -1.3796876401178309e-02
6.3058965859166545e+00 -1.3784270506161741e-02
6.3075129568828716e+00 -1.3771675340465092e-02
6.3091293278490888e+00 -1.3759090896405634e-02
6.3107456988153068e+00 -1.3746517166303200e-02
6.3123620697815239e+00 -1.3733954142480267e-02
6.3139784407477411e+00 -1.3721401817261896e-02
6.3155948117139582e+00 -1.3708860182975754e-02
6.3172111826801762e+00 -1.3696329231952126e-02
6.3188275536463934e+00 -1.3683808956523961e-02
6.3204439246126105e+00 -1.3671299349026798e-02
6.3220602955788285e+00 -1.3658800401798813e-02
6.3236766665450457e+00 -1.3646312107180874e-02
6.3252930375112628e+00 -1.3633834457516435e-02
6.3269094084774800e+00 -1.3621367445151628e-02
6.3285257794436980e+00 -1.3608911062435282e-02
6.3301421504099151e+00 -1.3596465301718846e-02
6.3317585213761323e+00 -1.3584030155356445e-02
6.3333748923423494e+00 -1.3571605615704923e-02
6.3349912633085674e+00 -1.3559191675123776e-02
6.3366076342747846e+00 -1.3546788325975180e-02
6.3382240052410017e+00 -1.3534395560624043e-02
6.3398403762072197e+00 -1.3522013371437946e-02
6.3414567471734369e+00 -1.3509641750787182e-02
6.3430731181396540e+00 -1.3497280691044774e-02
6.3446894891058712e+00 -1.3484930184586449e-02
6.3463058600720892e+00 -1.3472590223790644e-02
6.3479222310383063e+00 -1.3460260801038577e-02
6.3495386020045235e+00 -1.3447941908714140e-02
6.3511549729707406e+00 -1.3435633539204005e-02
6.3527713439369586e+00 -1.3423335684897566e-02
6.3543877149031758e+00 -1.3411048338187011e-02
6.3560040858693929e+00 -1.3398771491467249e-02
6.3576204568356101e+00 -1.3386505137135954e-02
6.3592368278018281e+00 -1.3374249267593575e-02
6.3608531987680452e+00 -1.3362003875243359e-02
6.3624695697342624e+00 -1.3349768952491301e-02
6.3640859407004804e+00 -1.3337544491746182e-02
6.3657023116666975e+00 -1.3325330485419609e-02
6.3673186826329147e+00 -1.3313126925925952e-02
6.3689350535991318e+00 -1.3300933805682385e-02
6.3705514245653498e+00 -1.3288751117108888e-02
6.3721677955315670e+00 -1.3276578852628299e-02
6.3737841664977841e+00 -1.3264417004666192e-02
6.3754005374640013e+00 -1.3252265565651039e-02
6.3770169084302193e+00 -1.3240124528014098e-02
6.3786332793964364e+00 -1.3227993884189472e-02
6.3802496503626536e+00 -1.3215873626614113e-02
6.3818660213288716e+00 -1.3203763747727797e-02
6.3834823922950887e+00 -1.3191664239973155e-02
6.3850987632613059e+00 -1.3179575095795691e-02
6.3867151342275230e+00 -1.3167496307643758e-02
6.3883315051937410e+00 -1.3155427867968547e-02
6.3899478761599582e+00 -1.3143369769224167e-02
6.3915642471261753e+00 -1.3131322003867569e-02
6.3931806180923925e+00 -1.3119284564358596e-02
6.3947969890586105e+00 -1.3107257443159952e-02
6.3964133600248276e+00 -1.3095240632737287e-02
6.3980297309910448e+00 -1.3083234125559095e-02
6.3996461019572619e+00 -1.3071237914096784e-02
6.4012624729234799e+00 -1.3059251990824661e-02
6.4028788438896971e+00 -1.3047276348219975e-02
6.4044952148559142e+00 -1.3035310978762859e-02
6.4061115858221322e+00 -1.3023355874936360e-02
6.4077279567883494e+00 -1.3011411029226485e-02
6.4093443277545665e+00 -1.2999476434122154e-02
6.4109606987207837e+00 -1.2987552082115210e-02
6.4125770696870017e+00 -1.2975637965700429e-02
6.4141934406532188e+00 -1.2963734077375583e-02
6.4158098116194360e+00 -1.2951840409641337e-02
6.4174261825856531e+00 -1.2939956955001320e-02
6.4190425535518711e+00 -1.2928083705962158e-02
6.4206589245180883e+00 -1.2916220655033405e-02
6.4222752954843054e+00 -1.2904367794727587e-02
6.4238916664505235e+00 -1.2892525117560217e-02
6.4255080374167406e+00 -1.2880692616049776e-02
6.4271244083829577e+00 -1.2868870282717723e-02
6.4287407793491749e+00 -1.2857058110088526e-02
6.4303571503153929e+00 -1.2845256090689625e-02
6.4319735212816100e+00 -1.2833464217051456e-02
6.4335898922478272e+00 -1.2821682481707479e-02
6.4352062632140443e+00 -1.2809910877194138e-02
6.4368226341802623e+00 -1.2798149396050878e-02
6.4384390051464795e+00 -1.2786398030820207e-02
6.4400553761126966e+00 -1.2774656774047599e-02
6.4416717470789147e+00 -1.2762925618281575e-02
6.4432881180451318e+00 -1.2751204556073701e-02
6.4449044890113489e+00 -1.2739493579978549e-02
6.4465208599775661e+00 -1.2727792682553741e-02
6.4481372309437841e+00 -1.2716101856359931e-02
6.4497536019100012e+00 -1.2704421093960852e-02
6.4513699728762184e+00 -1.2692750387923252e-02
6.4529863438424355e+00 -1.2681089730816941e-02
6.4546027148086536e+00 -1.2669439115214801e-02
6.4562190857748707e+00 -1.2657798533692781e-02
6.4578354567410878e+00 -1.2646167978829892e-02
6.4594518277073050e+00 -1.2634547443208213e-02
6.4610681986735230e+00 -1.2622936919412898e-02
6.4626845696397401e+00 -1.2611336400032204e-02
6.4643009406059573e+00 -1.2599745877657456e-02
6.4659173115721753e+00 -1.2588165344883065e-02
6.4675336825383924e+00 -1.2576594794306568e-02
6.4691500535046096e+00 -1.2565034218528554e-02
6.4707664244708267e+00 -1.2553483610152748e-02
6.4723827954370448e+00 -1.2541942961785990e-02
6.4739991664032619e+00 -1.2530412266038186e-02
6.4756155373694790e+00 -1.2518891515522415e-02
6.4772319083356962e+00 -1.2507380702854841e-02
6.4788482793019142e+00 -1.2495879820654738e-02
6.4804646502681313e+00 -1.2484388861544566e-02
6.4820810212343485e+00 -1.2472907818149862e-02
6.4836973922005665e+00 -1.2461436683099311e-02
6.4853137631667837e+00 -1.2449975449024762e-02
6.4869301341330008e+00 -1.2438524108561196e-02
6.4885465050992179e+00 -1.2427082654346727e-02
6.4901628760654360e+00 -1.2415651079022625e-02
6.4917792470316531e+00 -1.2404229375233356e-02
6.4933956179978702e+00 -1.2392817535626495e-02
6.4950119889640874e+00 -1.2381415552852815e-02
6.4966283599303054e+00 -1.2370023419566232e-02
6.4982447308965225e+00 -1.2358641128423860e-02
6.4998611018627397e+00 -1.2347268672085973e-02
6.5014774728289568e+00 -1.2335906043216037e-02
6.5030938437951749e+00 -1.2324553234480678e-02
6.5047102147613920e+00 -1.2313210238549760e-02
6.5063265857276091e+00 -1.2301877048096283e-02
6.5079429566938272e+00 -1.2290553655796463e-02
6.5095593276600443e+00 -1.2279240054329746e-02
6.5111756986262614e+00 -1.2267936236378740e-02
6.5127920695924786e+00 -1.2256642194629267e-02
6.5144084405586966e+00 -1.2245357921770388e-02
6.5160248115249138e+00 -1.2234083410494354e-02
6.5176411824911309e+00 -1.2222818653496632e-02
6.5192575534573480e+00 -1.2211563643475941e-02
6.5208739244235661e+00 -1.2200318373134187e-02
6.5224902953897832e+00 -1.2189082835176532e-02
6.5241066663560003e+00 -1.2177857022311367e-02
6.5257230373222184e+00 -1.2166640927250312e-02
6.5273394082884355e+00 -1.2155434542708234e-02
6.5289557792546526e+00 -1.2144237861403251e-02
6.5305721502208698e+00 -1.2133050876056723e-02
6.5321885211870878e+00 -1.2121873579393245e-02
6.5338048921533050e+00 -1.2110705964140709e-02
6.5354212631195221e+00 -1.2099548023030230e-02
6.5370376340857392e+00 -1.2088399748796191e-02
6.5386540050519573e+00 -1.2077261134176240e-02
6.5402703760181744e+00 -1.2066132171911329e-02
6.5418867469843915e+00 -1.2055012854745634e-02
6.5435031179506087e+00 -1.2043903175426638e-02
6.5451194889168267e+00 -1.2032803126705080e-02
6.5467358598830439e+00 -1.2021712701335029e-02
6.5483522308492610e+00 -1.2010631892073785e-02
6.5499686018154790e+00 -1.1999560691681965e-02
6.5515849727816962e+00 -1.1988499092923493e-02
6.5532013437479133e+00 -1.1977447088565575e-02
6.5548177147141304e+00 -1.1966404671378716e-02
6.5564340856803485e+00 -1.1955371834136714e-02
6.5580504566465656e+00 -1.1944348569616714e-02
6.5596668276127827e+00 -1.1933334870599140e-02
6.5612831985789999e+00 -1.1922330729867720e-02
6.5628995695452179e+00 -1.1911336140209547e-02
6.5645159405114351e+00 -1.1900351094414988e-02
6.5661323114776522e+00 -1.1889375585277747e-02
6.5677486824438702e+00 -1.1878409605594878e-02
6.5693650534100874e+00 -1.1867453148166739e-02
6.5709814243763045e+00 -1.1856506205797018e-02
6.5725977953425216e+00 -1.1845568771292786e-02
6.5742141663087397e+00 -1.1834640837464383e-02
6.5758305372749568e+00 -1.1823722397125563e-02
6.5774469082411740e+00 -1.1812813443093385e-02
6.5790632792073911e+00 -1.1801913968188272e-02
6.5806796501736091e+00 -1.1791023965233979e-02
6.5822960211398263e+00 -1.1780143427057662e-02
6.5839123921060434e+00 -1.1769272346489798e-02
6.5855287630722605e+00 -1.1758410716364241e-02
6.5871451340384786e+00 -1.1747558529518191e-02
6.5887615050046957e+00 -1.1736715778792269e-02
6.5903778759709128e+00 -1.1725882457030415e-02
6.5919942469371309e+00 -1.1715058557079950e-02
6.5936106179033480e+00 -1.1704244071791610e-02
6.5952269888695652e+00 -1.1693438994019483e-02
6.5968433598357823e+00 -1.1682643316621041e-02
6.5984597308020003e+00 -1.1671857032457131e-02
6.6000761017682175e+00 -1.1661080134392042e-02
6.6016924727344346e+00 -1.1650312615293397e-02
6.6033088437006517e+00 -1.1639554468032245e-02
6.6049252146668698e+00 -1.1628805685483039e-02
6.6065415856330869e+00 -1.1618066260523613e-02
6.6081579565993041e+00 -1.1607336186035214e-02
6.6097743275655221e+00 -1.1596615454902514e-02
6.6113906985317392e+00 -1.1585904060013575e-02
6.6130070694979564e+00 -1.1575201994259866e-02
6.6146234404641735e+00 -1.1564509250536308e-02
6.6162398114303915e+00 -1.1553825821741210e-02
6.6178561823966087e+00 -1.1543151700776296e-02
6.6194725533628258e+00 -1.1532486880546760e-02
6.6210889243290429e+00 -1.1521831353961185e-02
6.6227052952952610e+00 -1.1511185113931576e-02
6.6243216662614781e+00 -1.1500548153373411e-02
6.6259380372276953e+00 -1.1489920465205578e-02
6.6275544081939133e+00 -1.1479302042350399e-02
6.6291707791601304e+00 -1.1468692877733670e-02
6.6307871501263476e+00 -1.1458092964284593e-02
6.6324035210925647e+00 -1.1447502294935840e-02
6.6340198920587827e+00 -1.1436920862623512e-02
6.6356362630249999e+00 -1.1426348660287204e-02
6.6372526339912170e+00 -1.1415785680869919e-02
6.6388690049574342e+00 -1.1405231917318149e-02
6.6404853759236522e+00 -1.1394687362581818e-02
6.6421017468898693e+00 -1.1384152009614354e-02
6.6437181178560865e+00 -1.1373625851372618e-02
6.6453344888223036e+00 -1.1363108880816949e-02
6.6469508597885216e+00 -1.1352601090911157e-02
6.6485672307547388e+00 -1.1342102474622529e-02
6.6501836017209559e+00 -1.1331613024921826e-02
6.6517999726871739e+00 -1.1321132734783268e-02
6.6534163436533911e+00 -1.1310661597184609e-02
6.6550327146196082e+00 -1.1300199605107034e-02
6.6566490855858254e+00 -1.1289746751535228e-02
6.6582654565520434e+00 -1.1279303029457387e-02
6.6598818275182605e+00 -1.1268868431865172e-02
6.6614981984844777e+00 -1.1258442951753744e-02
6.6631145694506948e+00 -1.1248026582121781e-02
6.6647309404169128e+00 -1.1237619315971425e-02
6.6663473113831300e+00 -1.1227221146308341e-02
6.6679636823493471e+00 -1.1216832066141706e-02
6.6695800533155651e+00 -1.1206452068484182e-02
6.6711964242817823e+00 -1.1196081146351946e-02
6.6728127952479994e+00 -1.1185719292764698e-02
6.6744291662142166e+00 -1.1175366500745635e-02
6.6760455371804346e+00 -1.1165022763321469e-02
6.6776619081466517e+00 -1.1154688073522457e-02
6.6792782791128689e+00 -1.1144362424382347e-02
6.6808946500790860e+00 -1.1134045808938417e-02
6.6825110210453040e+00 -1.1123738220231468e-02
6.6841273920115212e+00 -1.1113439651305849e-02
6.6857437629777383e+00 -1.1103150095209411e-02
6.6873601339439555e+00 -1.1092869544993557e-02
6.6889765049101735e+00 -1.1082597993713196e-02
6.6905928758763906e+00 -1.1072335434426820e-02
6.6922092468426078e+00 -1.1062081860196422e-02
6.6938256178088258e+00 -1.1051837264087533e-02
6.6954419887750429e+00 -1.1041601639169271e-02
6.6970583597412601e+00 -1.1031374978514245e-02
6.6986747307074772e+00 -1.1021157275198640e-02
6.7002911016736952e+00 -1.1010948522302191e-02
6.7019074726399124e+00 -1.1000748712908182e-02
6.7035238436061295e+00 -1.0990557840103438e-02
6.7051402145723467e+00 -1.0980375896978371e-02
6.7067565855385647e+00 -1.0970202876626920e-02
6.7083729565047818e+00 -1.0960038772146592e-02
6.7099893274709990e+00 -1.0949883576638481e-02
6.7116056984372170e+00 -1.0939737283207209e-02
6.7132220694034341e+00 -1.0929599884960976e-02
6.7148384403696513e+00 -1.0919471375011577e-02
6.7164548113358684e+00 -1.0909351746474351e-02
6.7180711823020864e+00 -1.0899240992468201e-02
6.7196875532683036e+00 -1.0889139106115643e-02
6.7213039242345207e+00 -1.0879046080542741e-02
6.7229202952007379e+00 -1.0868961908879135e-02
6.7245366661669559e+00 -1.0858886584258055e-02
6.7261530371331730e+00 -1.0848820099816329e-02
6.7277694080993902e+00 -1.0838762448694354e-02
6.7293857790656073e+00 -1.0828713624036108e-02
6.7310021500318253e+00 -1.0818673618989159e-02
6.7326185209980425e+00 -1.0808642426704689e-02
6.7342348919642596e+00 -1.0798620040337456e-02
6.7358512629304776e+00 -1.0788606453045800e-02
6.7374676338966948e+00 -1.0778601657991686e-02
6.7390840048629119e+00 -1.0768605648340654e-02
6.7407003758291291e+00 -1.0758618417261860e-02
6.7423167467953471e+00 -1.0748639957928040e-02
6.7439331177615642e+00 -1.0738670263515573e-02
6.7455494887277814e+00 -1.0728709327204414e-02
6.7471658596939985e+00 -1.0718757142178115e-02
6.7487822306602165e+00 -1.0708813701623880e-02
6.7503986016264337e+00 -1.0698878998732493e-02
6.7520149725926508e+00 -1.0688953026698348e-02
6.7536313435588688e+00 -1.0679035778719481e-02
6.7552477145250860e+00 -1.0669127247997524e-02
6.7568640854913031e+00 -1.0659227427737722e-02
6.7584804564575203e+00 -1.0649336311148973e-02
6.7600968274237383e+00 -1.0639453891443761e-02
6.7617131983899554e+00 -1.0629580161838206e-02
6.7633295693561726e+00 -1.0619715115552073e-02
6.7649459403223897e+00 -1.0609858745808729e-02
6.7665623112886077e+00 -1.0600011045835168e-02
6.7681786822548249e+00 -1.0590172008862048e-02
6.7697950532210420e+00 -1.0580341628123631e-02
6.7714114241872592e+00 -1.0570519896857821e-02
6.7730277951534772e+00 -1.0560706808306140e-02
6.7746441661196943e+00 -1.0550902355713794e-02
6.7762605370859115e+00 -1.0541106532329581e-02
6.7778769080521295e+00 -1.0531319331405954e-02
6.7794932790183466e+00 -1.0521540746199038e-02
6.7811096499845638e+00 -1.0511770769968556e-02
6.7827260209507809e+00 -1.0502009395977903e-02
6.7843423919169989e+00 -1.0492256617494106e-02
6.7859587628832161e+00 -1.0482512427787874e-02
6.7875751338494332e+00 -1.0472776820133532e-02
6.7891915048156504e+00 -1.0463049787809065e-02
6.7908078757818684e+00 -1.0453331324096116e-02
6.7924242467480855e+00 -1.0443621422279991e-02
6.7940406177143027e+00 -1.0433920075649640e-02
6.7956569886805207e+00 -1.0424227277497670e-02
6.7972733596467378e+00 -1.0414543021120366e-02
6.7988897306129550e+00 -1.0404867299817641e-02
6.8005061015791721e+00 -1.0395200106893120e-02
6.8021224725453902e+00 -1.0385541435654040e-02
6.8037388435116073e+00 -1.0375891279411331e-02
6.8053552144778244e+00 -1.0366249631479601e-02
6.8069715854440416e+00 -1.0356616485177101e-02
6.8085879564102596e+00 -1.0346991833825751e-02
6.8102043273764767e+00 -1.0337375670751183e-02
6.8118206983426939e+00 -1.0327767989282657e-02
6.8134370693089119e+00 -1.0318168782753111e-02
6.8150534402751290e+00 -1.0308578044499195e-02
6.8166698112413462e+00 -1.0298995767861203e-02
6.8182861822075633e+00 -1.0289421946183114e-02
6.8199025531737814e+00 -1.0279856572812588e-02
6.8215189241399985e+00 -1.0270299641100978e-02
6.8231352951062156e+00 -1.0260751144403299e-02
6.8247516660724328e+00 -1.0251211076078263e-02
6.8263680370386508e+00 -1.0241679429488256e-02
6.8279844080048679e+00 -1.0232156197999377e-02
6.8296007789710851e+00 -1.0222641374981380e-02
6.8312171499373022e+00 -1.0213134953807728e-02
6.8328335209035203e+00 -1.0203636927855557e-02
6.8344498918697374e+00 -1.0194147290505729e-02
6.8360662628359545e+00 -1.0184666035142766e-02
6.8376826338021726e+00 -1.0175193155154879e-02
6.8392990047683897e+00 -1.0165728643934014e-02
6.8409153757346068e+00 -1.0156272494875782e-02
6.8425317467008240e+00 -1.0146824701379484e-02
6.8441481176670420e+00 -1.0137385256848161e-02
6.8457644886332591e+00 -1.0127954154688517e-02
6.8473808595994763e+00 -1.0118531388310958e-02
6.8489972305656934e+00 -1.0109116951129621e-02
6.8506136015319115e+00 -1.0099710836562324e-02
6.8522299724981286e+00 -1.0090313038030587e-02
6.8538463434643457e+00 -1.0080923548959661e-02
6.8554627144305638e+00 -1.0071542362778480e-02
6.8570790853967809e+00 -1.0062169472919685e-02
6.8586954563629980e+00 -1.0052804872819661e-02
6.8603118273292152e+00 -1.0043448555918462e-02
6.8619281982954332e+00 -1.0034100515659863e-02
6.8635445692616504e+00 -1.0024760745491383e-02
6.8651609402278675e+00 -1.0015429238864218e-02
6.8667773111940846e+00 -1.0006105989233299e-02
6.8683936821603027e+00 -9.9967909900572482e-03
6.8700100531265198e+00 -9.9874842347984563e-03
6.8716264240927369e+00 -9.9781857169229764e-03
6.8732427950589541e+00 -9.9688954299006170e-03
6.8748591660251721e+00 -9.9596133672048802e-03
6.8764755369913892e+00 -9.9503395223130217e-03
6.8780919079576064e+00 -9.9410738887059941e-03
6.8797082789238244e+00 -9.9318164598684693e-03
6.8813246498900416e+00 -9.9225672292888780e-03
6.8829410208562587e+00 -9.9133261904593446e-03
6.8845573918224758e+00 -9.9040933368757297e-03
6.8861737627886939e+00 -9.8948686620376116e-03
6.8877901337549110e+00 -9.8856521594483208e-03
6.8894065047211281e+00 -9.8764438226148984e-03
6.8910228756873453e+00 -9.8672436450481099e-03
6.8926392466535633e+00 -9.8580516202624816e-03
6.8942556176197805e+00 -9.8488677417762436e-03
6.8958719885859976e+00 -9.8396920031113572e-03
6.8974883595522156e+00 -9.8305243977935431e-03
6.8991047305184328e+00 -9.8213649193522306e-03
6.9007211014846499e+00 -9.8122135613206100e-03
6.9023374724508670e+00 -9.8030703172355873e-03
6.9039538434170851e+00 -9.7939351806378035e-03
6.9055702143833022e+00 -9.7848081450716690e-03
6.9071865853495193e+00 -9.7756892040853013e-03
6.9088029563157365e+00 -9.7665783512305669e-03
6.9104193272819545e+00 -9.7574755800630669e-03
6.9120356982481717e+00 -9.7483808841421753e-03
6.9136520692143888e+00 -9.7392942570309719e-03
6.9152684401806059e+00 -9.7302156922962936e-03
6.9168848111468240e+00 -9.7211451835087174e-03
6.9185011821130411e+00 -9.7120827242425847e-03
6.9201175530792582e+00 -9.7030283080759647e-03
6.9217339240454763e+00 -9.6939819285906531e-03
6.9233502950116934e+00 -9.6849435793722426e-03
6.9249666659779106e+00 -9.6759132540100382e-03
6.9265830369441277e+00 -9.6668909460971078e-03
6.9281994079103457e+00 -9.6578766492302470e-03
6.9298157788765629e+00 -9.6488703570100399e-03
6.9314321498427800e+00 -9.6398720630407886e-03
6.9330485208089971e+00 -9.6308817609305555e-03
6.9346648917752152e+00 -9.6218994442911730e-03
6.9362812627414323e+00 -9.6129251067382029e-03
6.9378976337076494e+00 -9.6039587418909698e-03
6.9395140046738675e+00 -9.5950003433725554e-03
6.9411303756400846e+00 -9.5860499048097975e-03
6.9427467466063018e+00 -9.5771074198332806e-03
6.9443631175725189e+00 -9.5681728820773658e-03
6.9459794885387369e+00 -9.5592462851801421e-03
6.9475958595049541e+00 -9.5503276227834732e-03
6.9492122304711712e+00 -9.5414168885329942e-03
6.9508286014373883e+00 -9.5325140760780767e-03
6.9524449724036064e+00 -9.5236191790718499e-03
6.9540613433698235e+00 -9.5147321911712331e-03
6.9556777143360407e+00 -9.5058531060368840e-03
6.9572940853022578e+00 -9.4969819173332162e-03
6.9589104562684758e+00 -9.4881186187284142e-03
6.9605268272346930e+00 -9.4792632038944395e-03
6.9621431982009101e+00 -9.4704156665069931e-03
6.9637595691671281e+00 -9.4615760002455460e-03
6.9653759401333453e+00 -9.4527441987933506e-03
6.9669923110995624e+00 -9.4439202558374014e-03
6.9686086820657795e+00 -9.4351041650684760e-03
6.9702250530319976e+00 -9.4262959201810957e-03
6.9718414239982147e+00 -9.4174955148735810e-03
6.9734577949644319e+00 -9.4087029428479886e-03
6.9750741659306490e+00 -9.3999181978101625e-03
6.9766905368968670e+00 -9.3911412734696970e-03
6.9783069078630842e+00 -9.3823721635399801e-03
6.9799232788293013e+00 -9.3736108617381488e-03
6.9815396497955193e+00 -9.3648573617851078e-03
6.9831560207617365e+00 -9.3561116574055522e-03
6.9847723917279536e+00 -9.3473737423279309e-03
6.9863887626941708e+00 -9.3386436102844556e-03
6.9880051336603888e+00 -9.3299212550111404e-03
6.9896215046266059e+00 -9.3212066702477395e-03
6.9912378755928231e+00 -9.3124998497377924e-03
6.9928542465590402e+00 -9.3038007872286183e-03
6.9944706175252582e+00 -9.2951094764713010e-03
6.9960869884914754e+00 -9.2864259112206814e-03
6.9977033594576925e+00 -9.2777500852354155e-03
6.9993197304239096e+00 -9.2690819922778972e-03
7.0009361013901277e+00 -9.2604216261143006e-03
7.0025524723563448e+00 -9.2517689805146006e-03
7.0041688433225620e+00 -9.2431240492525171e-03
7.0057852142887800e+00 -9.2344868261055469e-03
7.0074015852549971e+00 -9.2258573048549977e-03
7.0090179562212143e+00 -9.2172354792859103e-03
7.0106343271874314e+00 -9.2086213431871299e-03
7.0122506981536494e+00 -9.2000148903512557e-03
7.0138670691198666e+00 -9.1914161145746978e-03
7.0154834400860837e+00 -9.1828250096576171e-03
7.0170998110523009e+00 -9.1742415694039577e-03
7.0187161820185189e+00 -9.1656657876214402e-03
7.0203325529847360e+00 -9.1570976581215845e-03
7.0219489239509532e+00 -9.1485371747196606e-03
7.0235652949171712e+00 -9.1399843312347274e-03
7.0251816658833883e+00 -9.1314391214896377e-03
7.0267980368496055e+00 -9.1229015393110065e-03
7.0284144078158226e+00 -9.1143715785292258e-03
7.0300307787820406e+00 -9.1058492329784968e-03
7.0316471497482578e+00 -9.0973344964967711e-03
7.0332635207144749e+00 -9.0888273629257856e-03
7.0348798916806921e+00 -9.0803278261110780e-03
7.0364962626469101e+00 -9.0718358799019381e-03
7.0381126336131272e+00 -9.0633515181514600e-03
7.0397290045793444e+00 -9.0548747347165143e-03
7.0413453755455624e+00 -9.0464055234577481e-03
7.0429617465117795e+00 -9.0379438782395866e-03
7.0445781174779967e+00 -9.0294897929302613e-03
7.0461944884442138e+00 -9.0210432614017556e-03
7.0478108594104318e+00 -9.0126042775298381e-03
7.0494272303766490e+00 -9.0041728351940922e-03
7.0510436013428661e+00 -8.9957489282778552e-03
7.0526599723090833e+00 -8.9873325506682495e-03
7.0542763432753013e+00 -8.9789236962561827e-03
7.0558927142415184e+00 -8.9705223589363614e-03
7.0575090852077356e+00 -8.9621285326072584e-03
7.0591254561739527e+00 -8.9537422111711350e-03
7.0607418271401707e+00 -8.9453633885340240e-03
7.0623581981063879e+00 -8.9369920586057743e-03
7.0639745690726050e+00 -8.9286282152999889e-03
7.0655909400388230e+00 -8.9202718525340560e-03
7.0672073110050402e+00 -8.9119229642291749e-03
7.0688236819712573e+00 -8.9035815443103024e-03
7.0704400529374745e+00 -8.8952475867061821e-03
7.0720564239036925e+00 -8.8869210853493481e-03
7.0736727948699096e+00 -8.8786020341761248e-03
7.0752891658361268e+00 -8.8702904271266130e-03
7.0769055368023439e+00 -8.8619862581446902e-03
7.0785219077685619e+00 -8.8536895211780431e-03
7.0801382787347791e+00 -8.8454002101781230e-03
7.0817546497009962e+00 -8.8371183191001575e-03
7.0833710206672142e+00 -8.8288438419031941e-03
7.0849873916334314e+00 -8.8205767725500275e-03
7.0866037625996485e+00 -8.8123171050072495e-03
7.0882201335658657e+00 -8.8040648332452561e-03
7.0898365045320837e+00 -8.7958199512381992e-03
7.0914528754983008e+00 -8.7875824529640208e-03
7.0930692464645180e+00 -8.7793523324044710e-03
7.0946856174307351e+00 -8.7711295835450672e-03
7.0963019883969531e+00 -8.7629142003750864e-03
7.0979183593631703e+00 -8.7547061768876479e-03
7.0995347303293874e+00 -8.7465055070796039e-03
7.1011511012956046e+00 -8.7383121849516198e-03
7.1027674722618226e+00 -8.7301262045081218e-03
7.1043838432280397e+00 -8.7219475597573523e-03
7.1060002141942569e+00 -8.7137762447113149e-03
7.1076165851604749e+00 -8.7056122533857930e-03
7.1092329561266920e+00 -8.6974555798003811e-03
7.1108493270929092e+00 -8.6893062179784330e-03
7.1124656980591263e+00 -8.6811641619470910e-03
7.1140820690253443e+00 -8.6730294057372811e-03
7.1156984399915615e+00 -8.6649019433837279e-03
7.1173148109577786e+00 -8.6567817689249243e-03
7.1189311819239958e+00 -8.6486688764031549e-03
7.1205475528902138e+00 -8.6405632598644637e-03
7.1221639238564309e+00 -8.6324649133587214e-03
7.1237802948226481e+00 -8.6243738309395423e-03
7.1253966657888661e+00 -8.6162900066643483e-03
7.1270130367550832e+00 -8.6082134345943379e-03
7.1286294077213004e+00 -8.6001441087944792e-03
7.1302457786875175e+00 -8.5920820233335461e-03
7.1318621496537355e+00 -8.5840271722840734e-03
7.1334785206199527e+00 -8.5759795497223849e-03
7.1350948915861698e+00 -8.5679391497286012e-03
7.1367112625523870e+00 -8.5599059663866023e-03
7.1383276335186050e+00 -8.5518799937840569e-03
7.1399440044848221e+00 -8.5438612260124308e-03
7.1415603754510393e+00 -8.5358496571669509e-03
7.1431767464172564e+00 -8.5278452813466327e-03
7.1447931173834744e+00 -8.5198480926542627e-03
7.1464094883496916e+00 -8.5118580851964339e-03
7.1480258593159087e+00 -8.5038752530834979e-03
7.1496422302821268e+00 -8.4958995904295832e-03
7.1512586012483439e+00 -8.4879310913526206e-03
7.1528749722145610e+00 -8.4799697499743001e-03
7.1544913431807782e+00 -8.4720155604201038e-03
7.1561077141469962e+00 -8.4640685168192713e-03
7.1577240851132133e+00 -8.4561286133048551e-03
7.1593404560794305e+00 -8.4481958440136649e-03
7.1609568270456476e+00 -8.4402702030862888e-03
7.1625731980118656e+00 -8.4323516846670880e-03
7.1641895689780828e+00 -8.4244402829042227e-03
7.1658059399442999e+00 -8.4165359919496224e-03
7.1674223109105180e+00 -8.4086388059589692e-03
7.1690386818767351e+00 -8.4007487190917666e-03
7.1706550528429522e+00 -8.3928657255112529e-03
7.1722714238091694e+00 -8.3849898193844585e-03
7.1738877947753874e+00 -8.3771209948822062e-03
7.1755041657416045e+00 -8.3692592461790741e-03
7.1771205367078217e+00 -8.3614045674534100e-03
7.1787369076740388e+00 -8.3535569528873695e-03
7.1803532786402569e+00 -8.3457163966668482e-03
7.1819696496064740e+00 -8.3378828929815234e-03
7.1835860205726911e+00 -8.3300564360248696e-03
7.1852023915389083e+00 -8.3222370199941050e-03
7.1868187625051263e+00 -8.3144246390902329e-03
7.1884351334713434e+00 -8.3066192875180418e-03
7.1900515044375606e+00 -8.2988209594860741e-03
7.1916678754037786e+00 -8.2910296492066451e-03
7.1932842463699957e+00 -8.2832453508958626e-03
7.1949006173362129e+00 -8.2754680587735843e-03
7.1965169883024300e+00 -8.2676977670634432e-03
7.1981333592686481e+00 -8.2599344699928433e-03
7.1997497302348652e+00 -8.2521781617929738e-03
7.2013661012010823e+00 -8.2444288366987709e-03
7.2029824721672995e+00 -8.2366864889489560e-03
7.2045988431335175e+00 -8.2289511127860045e-03
7.2062152140997346e+00 -8.2212227024561785e-03
7.2078315850659518e+00 -8.2135012522095013e-03
7.2094479560321698e+00 -8.2057867562997482e-03
7.2110643269983870e+00 -8.1980792089844882e-03
7.2126806979646041e+00 -8.1903786045250480e-03
7.2142970689308212e+00 -8.1826849371865063e-03
7.2159134398970393e+00 -8.1749982012377133e-03
7.2175298108632564e+00 -8.1673183909513024e-03
7.2191461818294735e+00 -8.1596455006036610e-03
7.2207625527956907e+00 -8.1519795244749168e-03
7.2223789237619087e+00 -8.1443204568490048e-03
7.2239952947281258e+00 -8.1366682920135901e-03
7.2256116656943430e+00 -8.1290230242601260e-03
7.2272280366605601e+00 -8.1213846478838062e-03
7.2288444076267782e+00 -8.1137531571835869e-03
7.2304607785929953e+00 -8.1061285464622095e-03
7.2320771495592124e+00 -8.0985108100261570e-03
7.2336935205254305e+00 -8.0908999421856649e-03
7.2353098914916476e+00 -8.0832959372547572e-03
7.2369262624578647e+00 -8.0756987895511945e-03
7.2385426334240819e+00 -8.0681084933964999e-03
7.2401590043902999e+00 -8.0605250431159507e-03
7.2417753753565171e+00 -8.0529484330386040e-03
7.2433917463227342e+00 -8.0453786574972569e-03
7.2450081172889513e+00 -8.0378157108284536e-03
7.2466244882551694e+00 -8.0302595873725045e-03
7.2482408592213865e+00 -8.0227102814734910e-03
7.2498572301876036e+00 -8.0151677874792295e-03
7.2514736011538217e+00 -8.0076320997412888e-03
7.2530899721200388e+00 -8.0001032126150156e-03
7.2547063430862559e+00 -7.9925811204594830e-03
7.2563227140524731e+00 -7.9850658176375336e-03
7.2579390850186911e+00 -7.9775572985157448e-03
7.2595554559849083e+00 -7.9700555574644723e-03
7.2611718269511254e+00 -7.9625605888577998e-03
7.2627881979173425e+00 -7.9550723870735612e-03
7.2644045688835606e+00 -7.9475909464933672e-03
7.2660209398497777e+00 -7.9401162615025458e-03
7.2676373108159948e+00 -7.9326483264901826e-03
7.2692536817822129e+00 -7.9251871358491256e-03
7.2708700527484300e+00 -7.9177326839759525e-03
7.2724864237146472e+00 -7.9102849652709847e-03
7.2741027946808643e+00 -7.9028439741383218e-03
7.2757191656470823e+00 -7.8954097049857685e-03
7.2773355366132995e+00 -7.8879821522248924e-03
7.2789519075795166e+00 -7.8805613102710132e-03
7.2805682785457337e+00 -7.8731471735431786e-03
7.2821846495119518e+00 -7.8657397364641814e-03
7.2838010204781689e+00 -7.8583389934605719e-03
7.2854173914443860e+00 -7.8509449389626267e-03
7.2870337624106032e+00 -7.8435575674043623e-03
7.2886501333768212e+00 -7.8361768732235389e-03
7.2902665043430384e+00 -7.8288028508616617e-03
7.2918828753092555e+00 -7.8214354947639710e-03
7.2934992462754735e+00 -7.8140747993794384e-03
7.2951156172416907e+00 -7.8067207591607825e-03
7.2967319882079078e+00 -7.7993733685644516e-03
7.2983483591741249e+00 -7.7920326220506384e-03
7.2999647301403430e+00 -7.7846985140832478e-03
7.3015811011065601e+00 -7.7773710391299579e-03
7.3031974720727773e+00 -7.7700501916621485e-03
7.3048138430389944e+00 -7.7627359661549431e-03
7.3064302140052124e+00 -7.7554283570871923e-03
7.3080465849714296e+00 -7.7481273589414925e-03
7.3096629559376467e+00 -7.7408329662041597e-03
7.3112793269038647e+00 -7.7335451733652289e-03
7.3128956978700819e+00 -7.7262639749184963e-03
7.3145120688362990e+00 -7.7189893653614545e-03
7.3161284398025161e+00 -7.7117213391953371e-03
7.3177448107687342e+00 -7.7044598909251170e-03
7.3193611817349513e+00 -7.6972050150594723e-03
7.3209775527011685e+00 -7.6899567061108048e-03
7.3225939236673856e+00 -7.6827149585952693e-03
7.3242102946336036e+00 -7.6754797670327158e-03
7.3258266655998208e+00 -7.6682511259467375e-03
7.3274430365660379e+00 -7.6610290298646340e-03
7.3290594075322550e+00 -7.6538134733174371e-03
7.3306757784984731e+00 -7.6466044508398867e-03
7.3322921494646902e+00 -7.6394019569704669e-03
7.3339085204309074e+00 -7.6322059862513579e-03
7.3355248913971254e+00 -7.6250165332284606e-03
7.3371412623633425e+00 -7.6178335924514118e-03
7.3387576333295597e+00 -7.6106571584735458e-03
7.3403740042957768e+00 -7.6034872258519230e-03
7.3419903752619948e+00 -7.5963237891473060e-03
7.3436067462282120e+00 -7.5891668429241979e-03
7.3452231171944291e+00 -7.5820163817507859e-03
7.3468394881606462e+00 -7.5748724001989893e-03
7.3484558591268643e+00 -7.5677348928444195e-03
7.3500722300930814e+00 -7.5606038542664336e-03
7.3516886010592986e+00 -7.5534792790480643e-03
7.3533049720255166e+00 -7.5463611617760627e-03
7.3549213429917337e+00 -7.5392494970409046e-03
7.3565377139579509e+00 -7.5321442794367543e-03
7.3581540849241680e+00 -7.5250455035614835e-03
7.3597704558903860e+00 -7.5179531640166917e-03
7.3613868268566032e+00 -7.5108672554076586e-03
7.3630031978228203e+00 -7.5037877723433686e-03
7.3646195687890375e+00 -7.4967147094365310e-03
7.3662359397552555e+00 -7.4896480613035402e-03
7.3678523107214726e+00 -7.4825878225644928e-03
7.3694686816876898e+00 -7.4755339878431930e-03
7.3710850526539069e+00 -7.4684865517671362e-03
7.3727014236201249e+00 -7.4614455089675180e-03
7.3743177945863421e+00 -7.4544108540792473e-03
7.3759341655525592e+00 -7.4473825817409139e-03
7.3775505365187772e+00 -7.4403606865947923e-03
7.3791669074849944e+00 -7.4333451632868910e-03
7.3807832784512115e+00 -7.4263360064668743e-03
7.3823996494174287e+00 -7.4193332107881180e-03
7.3840160203836467e+00 -7.4123367709076791e-03
7.3856323913498638e+00 -7.4053466814863276e-03
7.3872487623160810e+00 -7.3983629371885034e-03
7.3888651332822981e+00 -7.3913855326823421e-03
7.3904815042485161e+00 -7.3844144626396616e-03
7.3920978752147333e+00 -7.3774497217359925e-03
7.3937142461809504e+00 -7.3704913046505165e-03
7.3953306171471684e+00 -7.3635392060661213e-03
7.3969469881133856e+00 -7.3565934206693863e-03
7.3985633590796027e+00 -7.3496539431505596e-03
7.4001797300458199e+00 -7.3427207682035785e-03
7.4017961010120379e+00 -7.3357938905260515e-03
7.4034124719782550e+00 -7.3288733048192962e-03
7.4050288429444722e+00 -7.3219590057882825e-03
7.4066452139106893e+00 -7.3150509881416597e-03
7.4082615848769073e+00 -7.3081492465917816e-03
7.4098779558431245e+00 -7.3012537758546589e-03
7.4114943268093416e+00 -7.2943645706499659e-03
7.4131106977755588e+00 -7.2874816257010849e-03
7.4147270687417768e+00 -7.2806049357350498e-03
7.4163434397079939e+00 -7.2737344954825608e-03
7.4179598106742111e+00 -7.2668702996780262e-03
7.4195761816404291e+00 -7.2600123430594807e-03
7.4211925526066462e+00 -7.2531606203686478e-03
7.4228089235728634e+00 -7.2463151263509372e-03
7.4244252945390805e+00 -7.2394758557554019e-03
7.4260416655052985e+00 -7.2326428033347660e-03
7.4276580364715157e+00 -7.2258159638454366e-03
7.4292744074377328e+00 -7.2189953320474709e-03
7.4308907784039500e+00 -7.2121809027045885e-03
7.4325071493701680e+00 -7.2053726705841696e-03
7.4341235203363851e+00 -7.1985706304572806e-03
7.4357398913026023e+00 -7.1917747770986187e-03
7.4373562622688203e+00 -7.1849851052865534e-03
7.4389726332350374e+00 -7.1782016098031198e-03
7.4405890042012546e+00 -7.1714242854340011e-03
7.4422053751674717e+00 -7.1646531269685372e-03
7.4438217461336897e+00 -7.1578881291997189e-03
7.4454381170999069e+00 -7.1511292869242144e-03
7.4470544880661240e+00 -7.1443765949423211e-03
7.4486708590323412e+00 -7.1376300480579932e-03
7.4502872299985592e+00 -7.1308896410788502e-03
7.4519036009647763e+00 -7.1241553688161444e-03
7.4535199719309935e+00 -7.1174272260847819e-03
7.4551363428972115e+00 -7.1107052077033295e-03
7.4567527138634286e+00 -7.1039893084939862e-03
7.4583690848296458e+00 -7.0972795232825915e-03
7.4599854557958629e+00 -7.0905758468986588e-03
7.4616018267620809e+00 -7.0838782741753170e-03
7.4632181977282981e+00 -7.0771867999493369e-03
7.4648345686945152e+00 -7.0705014190611615e-03
7.4664509396607324e+00 -7.0638221263548406e-03
7.4680673106269504e+00 -7.0571489166780729e-03
7.4696836815931675e+00 -7.0504817848822086e-03
7.4713000525593847e+00 -7.0438207258222184e-03
7.4729164235256018e+00 -7.0371657343567149e-03
7.4745327944918198e+00 -7.0305168053479434e-03
7.4761491654580370e+00 -7.0238739336617945e-03
7.4777655364242541e+00 -7.0172371141677750e-03
7.4793819073904722e+00 -7.0106063417390303e-03
7.4809982783566893e+00 -7.0039816112523415e-03
7.4826146493229064e+00 -6.9973629175881123e-03
7.4842310202891236e+00 -6.9907502556303723e-03
7.4858473912553416e+00 -6.9841436202667780e-03
7.4874637622215587e+00 -6.9775430063886241e-03
7.4890801331877759e+00 -6.9709484088908156e-03
7.4906965041539930e+00 -6.9643598226718888e-03
7.4923128751202110e+00 -6.9577772426339928e-03
7.4939292460864282e+00 -6.9512006636829127e-03
7.4955456170526453e+00 -6.9446300807280426e-03
7.4971619880188634e+00 -6.9380654886823908e-03
7.4987783589850805e+00 -6.9315068824626043e-03
7.5003947299512976e+00 -6.9249542569889237e-03
7.5020111009175148e+00 -6.9184076071852132e-03
7.5036274718837328e+00 -6.9118669279789576e-03
7.5052438428499499e+00 -6.9053322143012479e-03
7.5068602138161671e+00 -6.8988034610867801e-03
7.5084765847823842e+00 -6.8922806632738800e-03
7.5100929557486023e+00 -6.8857638158044679e-03
7.5117093267148194e+00 -6.8792529136240659e-03
7.5133256976810365e+00 -6.8727479516818273e-03
7.5149420686472537e+00 -6.8662489249304917e-03
7.5165584396134717e+00 -6.8597558283264000e-03
7.5181748105796888e+00 -6.8532686568295179e-03
7.5197911815459060e+00 -6.8467874054033932e-03
7.5214075525121240e+00 -6.8403120690151758e-03
7.5230239234783411e+00 -6.8338426426356328e-03
7.5246402944445583e+00 -6.8273791212391140e-03
7.5262566654107754e+00 -6.8209214998035689e-03
7.5278730363769935e+00 -6.8144697733105424e-03
7.5294894073432106e+00 -6.8080239367451856e-03
7.5311057783094277e+00 -6.8015839850962267e-03
7.5327221492756449e+00 -6.7951499133560014e-03
7.5343385202418629e+00 -6.7887217165204152e-03
7.5359548912080800e+00 -6.7822993895889933e-03
7.5375712621742972e+00 -6.7758829275648283e-03
7.5391876331405152e+00 -6.7694723254546011e-03
7.5408040041067324e+00 -6.7630675782685921e-03
7.5424203750729495e+00 -6.7566686810206587e-03
7.5440367460391666e+00 -6.7502756287282266e-03
7.5456531170053847e+00 -6.7438884164123369e-03
7.5472694879716018e+00 -6.7375070390975874e-03
7.5488858589378189e+00 -6.7311314918121531e-03
7.5505022299040361e+00 -6.7247617695878172e-03
7.5521186008702541e+00 -6.7183978674599043e-03
7.5537349718364712e+00 -6.7120397804673326e-03
7.5553513428026884e+00 -6.7056875036526067e-03
7.5569677137689055e+00 -6.6993410320617805e-03
7.5585840847351236e+00 -6.6930003607444883e-03
7.5602004557013407e+00 -6.6866654847539571e-03
7.5618168266675578e+00 -6.6803363991469423e-03
7.5634331976337759e+00 -6.6740130989838093e-03
7.5650495685999930e+00 -6.6676955793284667e-03
7.5666659395662101e+00 -6.6613838352483903e-03
7.5682823105324273e+00 -6.6550778618146350e-03
7.5698986814986453e+00 -6.6487776541018012e-03
7.5715150524648624e+00 -6.6424832071880604e-03
7.5731314234310796e+00 -6.6361945161551531e-03
7.5747477943972967e+00 -6.6299115760883633e-03
7.5763641653635148e+00 -6.6236343820765360e-03
7.5779805363297319e+00 -6.6173629292120882e-03
7.5795969072959490e+00 -6.6110972125909785e-03
7.5812132782621671e+00 -6.6048372273127178e-03
7.5828296492283842e+00 -6.5985829684803796e-03
7.5844460201946013e+00 -6.5923344312005892e-03
7.5860623911608185e+00 -6.5860916105835131e-03
7.5876787621270365e+00 -6.5798545017428638e-03
7.5892951330932537e+00 -6.5736230997959239e-03
7.5909115040594708e+00 -6.5673973998635034e-03
7.5925278750256879e+00 -6.5611773970699625e-03
7.5941442459919060e+00 -6.5549630865431923e-03
7.5957606169581231e+00 -6.5487544634146543e-03
7.5973769879243402e+00 -6.5425515228193310e-03
7.5989933588905574e+00 -6.5363542598957467e-03
7.6006097298567754e+00 -6.5301626697859627e-03
7.6022261008229925e+00 -6.5239767476355905e-03
7.6038424717892097e+00 -6.5177964885937568e-03
7.6054588427554277e+00 -6.5116218878131472e-03
7.6070752137216449e+00 -6.5054529404499576e-03
7.6086915846878620e+00 -6.4992896416639235e-03
7.6103079556540791e+00 -6.4931319866183210e-03
7.6119243266202972e+00 -6.4869799704799416e-03
7.6135406975865143e+00 -6.4808335884191000e-03
7.6151570685527314e+00 -6.4746928356096628e-03
7.6167734395189486e+00 -6.4685577072290000e-03
7.6183898104851666e+00 -6.4624281984579975e-03
7.6200061814513838e+00 -6.4563043044810952e-03
7.6216225524176009e+00 -6.4501860204862205e-03
7.6232389233838189e+00 -6.4440733416648343e-03
7.6248552943500361e+00 -6.4379662632119286e-03
7.6264716653162532e+00 -6.4318647803259877e-03
7.6280880362824703e+00 -6.4257688882090255e-03
7.6297044072486884e+00 -6.4196785820665641e-03
7.6313207782149055e+00 -6.4135938571076466e-03
7.6329371491811226e+00 -6.4075147085448179e-03
7.6345535201473398e+00 -6.4014411315941391e-03
7.6361698911135578e+00 -6.3953731214751687e-03
7.6377862620797750e+00 -6.3893106734109924e-03
7.6394026330459921e+00 -6.3832537826281838e-03
7.6410190040122101e+00 -6.3772024443568224e-03
7.6426353749784273e+00 -6.3711566538304995e-03
7.6442517459446444e+00 -6.3651164062863055e-03
7.6458681169108615e+00 -6.3590816969648209e-03
7.6474844878770796e+00 -6.3530525211101295e-03
7.6491008588432967e+00 -6.3470288739698273e-03
7.6507172298095139e+00 -6.3410107507949872e-03
7.6523336007757310e+00 -6.3349981468401725e-03
7.6539499717419490e+00 -6.3289910573634664e-03
7.6555663427081662e+00 -6.3229894776264213e-03
7.6571827136743833e+00 -6.3169934028940774e-03
7.6587990846406004e+00 -6.3110028284349825e-03
7.6604154556068185e+00 -6.3050177495211574e-03
7.6620318265730356e+00 -6.2990381614281060e-03
7.6636481975392527e+00 -6.2930640594348313e-03
7.6652645685054708e+00 -6.2870954388238075e-03
7.6668809394716879e+00 -6.2811322948809912e-03
7.6684973104379051e+00 -6.2751746228958249e-03
7.6701136814041222e+00 -6.2692224181612258e-03
7.6717300523703402e+00 -6.2632756759735796e-03
7.6733464233365574e+00 -6.2573343916327746e-03
7.6749627943027745e+00 -6.2513985604421467e-03
7.6765791652689916e+00 -6.2454681777085134e-03
7.6781955362352097e+00 -6.2395432387421608e-03
7.6798119072014268e+00 -6.2336237388568600e-03
7.6814282781676440e+00 -6.2277096733698318e-03
7.6830446491338620e+00 -6.2218010376017662e-03
7.6846610201000791e+00 -6.2158978268768384e-03
7.6862773910662963e+00 -6.2100000365226653e-03
7.6878937620325134e+00 -6.2041076618703384e-03
7.6895101329987314e+00 -6.1982206982543970e-03
7.6911265039649486e+00 -6.1923391410128696e-03
7.6927428749311657e+00 -6.1864629854872103e-03
7.6943592458973828e+00 -6.1805922270223492e-03
7.6959756168636009e+00 -6.1747268609666558e-03
7.6975919878298180e+00 -6.1688668826719818e-03
7.6992083587960352e+00 -6.1630122874936051e-03
7.7008247297622523e+00 -6.1571630707902576e-03
7.7024411007284703e+00 -6.1513192279241402e-03
7.7040574716946875e+00 -6.1454807542608769e-03
7.7056738426609046e+00 -6.1396476451695600e-03
7.7072902136271226e+00 -6.1338198960227139e-03
7.7089065845933398e+00 -6.1279975021962998e-03
7.7105229555595569e+00 -6.1221804590697480e-03
7.7121393265257741e+00 -6.1163687620259047e-03
7.7137556974919921e+00 -6.1105624064510550e-03
7.7153720684582092e+00 -6.1047613877349468e-03
7.7169884394244264e+00 -6.0989657012707373e-03
7.7186048103906435e+00 -6.0931753424550306e-03
7.7202211813568615e+00 -6.0873903066878546e-03
7.7218375523230787e+00 -6.0816105893726890e-03
7.7234539232892958e+00 -6.0758361859164266e-03
7.7250702942555138e+00 -6.0700670917293855e-03
7.7266866652217310e+00 -6.0643033022253351e-03
7.7283030361879481e+00 -6.0585448128214446e-03
7.7299194071541653e+00 -6.0527916189383199e-03
7.7315357781203833e+00 -6.0470437159999791e-03
7.7331521490866004e+00 -6.0413010994338854e-03
7.7347685200528176e+00 -6.0355637646708976e-03
7.7363848910190347e+00 -6.0298317071453000e-03
7.7380012619852527e+00 -6.0241049222947924e-03
7.7396176329514699e+00 -6.0183834055605031e-03
7.7412340039176870e+00 -6.0126671523869600e-03
7.7428503748839042e+00 -6.0069561582220933e-03
7.7444667458501222e+00 -6.0012504185172726e-03
7.7460831168163393e+00 -5.9955499287272585e-03
7.7476994877825565e+00 -5.9898546843102094e-03
7.7493158587487745e+00 -5.9841646807277191e-03
7.7509322297149916e+00 -5.9784799134447609e-03
7.7525486006812088e+00 -5.9728003779297148e-03
7.7541649716474259e+00 -5.9671260696543766e-03
7.7557813426136439e+00 -5.9614569840939274e-03
7.7573977135798611e+00 -5.9557931167269458e-03
7.7590140845460782e+00 -5.9501344630354244e-03
7.7606304555122954e+00 -5.9444810185047348e-03
7.7622468264785134e+00 -5.9388327786236402e-03
7.7638631974447305e+00 -5.9331897388843159e-03
7.7654795684109477e+00 -5.9275518947823095e-03
7.7670959393771657e+00 -5.9219192418165558e-03
7.7687123103433828e+00 -5.9162917754893990e-03
7.7703286813096000e+00 -5.9106694913065461e-03
7.7719450522758171e+00 -5.9050523847771026e-03
7.7735614232420351e+00 -5.8994404514135443e-03
7.7751777942082523e+00 -5.8938336867317481e-03
7.7767941651744694e+00 -5.8882320862509536e-03
7.7784105361406866e+00 -5.8826356454937875e-03
7.7800269071069046e+00 -5.8770443599862384e-03
7.7816432780731217e+00 -5.8714582252576974e-03
7.7832596490393389e+00 -5.8658772368409074e-03
7.7848760200055560e+00 -5.8603013902719901e-03
7.7864923909717740e+00 -5.8547306810904330e-03
7.7881087619379912e+00 -5.8491651048391035e-03
7.7897251329042083e+00 -5.8436046570642308e-03
7.7913415038704263e+00 -5.8380493333153993e-03
7.7929578748366435e+00 -5.8324991291455811e-03
7.7945742458028606e+00 -5.8269540401110886e-03
7.7961906167690778e+00 -5.8214140617716022e-03
7.7978069877352958e+00 -5.8158791896901728e-03
7.7994233587015129e+00 -5.8103494194331950e-03
7.8010397296677301e+00 -5.8048247465704219e-03
7.8026561006339472e+00 -5.7993051666749727e-03
7.8042724716001652e+00 -5.7937906753233034e-03
7.8058888425663824e+00 -5.7882812680952415e-03
7.8075052135325995e+00 -5.7827769405739433e-03
7.8091215844988175e+00 -5.7772776883459236e-03
7.8107379554650347e+00 -5.7717835070010557e-03
7.8123543264312518e+00 -5.7662943921325373e-03
7.8139706973974690e+00 -5.7608103393369222e-03
7.8155870683636870e+00 -5.7553313442140980e-03
7.8172034393299041e+00 -5.7498574023673059e-03
7.8188198102961213e+00 -5.7443885094031182e-03
7.8204361812623384e+00 -5.7389246609314418e-03
7.8220525522285564e+00 -5.7334658525655183e-03
7.8236689231947736e+00 -5.7280120799219391e-03
7.8252852941609907e+00 -5.7225633386206115e-03
7.8269016651272079e+00 -5.7171196242847798e-03
7.8285180360934259e+00 -5.7116809325410108e-03
7.8301344070596430e+00 -5.7062472590192160e-03
7.8317507780258602e+00 -5.7008185993526221e-03
7.8333671489920782e+00 -5.6953949491777714e-03
7.8349835199582953e+00 -5.6899763041345511e-03
7.8365998909245125e+00 -5.6845626598661511e-03
7.8382162618907296e+00 -5.6791540120190841e-03
7.8398326328569476e+00 -5.6737503562431981e-03
7.8414490038231648e+00 -5.6683516881916324e-03
7.8430653747893819e+00 -5.6629580035208529e-03
7.8446817457555991e+00 -5.6575692978906456e-03
7.8462981167218171e+00 -5.6521855669640995e-03
7.8479144876880342e+00 -5.6468068064076107e-03
7.8495308586542514e+00 -5.6414330118908984e-03
7.8511472296204694e+00 -5.6360641790869758e-03
7.8527636005866865e+00 -5.6307003036721584e-03
7.8543799715529037e+00 -5.6253413813260825e-03
7.8559963425191208e+00 -5.6199874077316730e-03
7.8576127134853389e+00 -5.6146383785751503e-03
7.8592290844515560e+00 -5.6092942895460528e-03
7.8608454554177731e+00 -5.6039551363372010e-03
7.8624618263839903e+00 -5.5986209146447145e-03
7.8640781973502083e+00 -5.5932916201679988e-03
7.8656945683164254e+00 -5.5879672486097761e-03
7.8673109392826426e+00 -5.5826477956760342e-03
7.8689273102488606e+00 -5.5773332570760526e-03
7.8705436812150777e+00 -5.5720236285224179e-03
7.8721600521812949e+00 -5.5667189057309824e-03
7.8737764231475120e+00 -5.5614190844208893e-03
7.8753927941137301e+00 -5.5561241603145593e-03
7.8770091650799472e+00 -5.5508341291377102e-03
7.8786255360461643e+00 -5.5455489866193227e-03
7.8802419070123815e+00 -5.5402687284916577e-03
7.8818582779785995e+00 -5.5349933504902533e-03
7.8834746489448166e+00 -5.5297228483539304e-03
7.8850910199110338e+00 -5.5244572178247721e-03
7.8867073908772509e+00 -5.5191964546481304e-03
7.8883237618434690e+00 -5.5139405545726423e-03
7.8899401328096861e+00 -5.5086895133501989e-03
7.8915565037759032e+00 -5.5034433267359510e-03
7.8931728747421213e+00 -5.4982019904883366e-03
7.8947892457083384e+00 -5.4929655003690394e-03
7.8964056166745555e+00 -5.4877338521430018e-03
7.8980219876407727e+00 -5.4825070415784449e-03
7.8996383586069907e+00 -5.4772850644468282e-03
7.9012547295732078e+00 -5.4720679165228695e-03
7.9028711005394250e+00 -5.4668555935845561e-03
7.9044874715056421e+00 -5.4616480914131144e-03
7.9061038424718602e+00 -5.4564454057930171e-03
7.9077202134380773e+00 -5.4512475325120078e-03
7.9093365844042944e+00 -5.4460544673610601e-03
7.9109529553705125e+00 -5.4408662061343951e-03
7.9125693263367296e+00 -5.4356827446294907e-03
7.9141856973029467e+00 -5.4305040786470525e-03
7.9158020682691639e+00 -5.4253302039910401e-03
7.9174184392353819e+00 -5.4201611164686365e-03
7.9190348102015991e+00 -5.4149968118902859e-03
7.9206511811678162e+00 -5.4098372860696504e-03
7.9222675521340333e+00 -5.4046825348236299e-03
7.9238839231002514e+00 -5.3995325539723596e-03
7.9255002940664685e+00 -5.3943873393392109e-03
7.9271166650326856e+00 -5.3892468867507790e-03
7.9287330359989028e+00 -5.3841111920368799e-03
7.9303494069651208e+00 -5.3789802510305759e-03
7.9319657779313379e+00 -5.3738540595681351e-03
7.9335821488975551e+00 -5.3687326134890506e-03
7.9351985198637731e+00 -5.3636159086360557e-03
7.9368148908299903e+00 -5.3585039408550776e-03
7.9384312617962074e+00 -5.3533967059952716e-03
7.9400476327624245e+00 -5.3482941999090225e-03
7.9416640037286426e+00 -5.3431964184519074e-03
7.9432803746948597e+00 -5.3381033574827251e-03
7.9448967456610768e+00 -5.3330150128634941e-03
7.9465131166272940e+00 -5.3279313804594341e-03
7.9481294875935120e+00 -5.3228524561389646e-03
7.9497458585597292e+00 -5.3177782357737326e-03
7.9513622295259463e+00 -5.3127087152385743e-03
7.9529786004921643e+00 -5.3076438904115239e-03
7.9545949714583815e+00 -5.3025837571738345e-03
7.9562113424245986e+00 -5.2975283114099448e-03
7.9578277133908157e+00 -5.2924775490074951e-03
7.9594440843570338e+00 -5.2874314658573158e-03
7.9610604553232509e+00 -5.2823900578534474e-03
7.9626768262894680e+00 -5.2773533208931101e-03
7.9642931972556852e+00 -5.2723212508767195e-03
7.9659095682219032e+00 -5.2672938437078676e-03
7.9675259391881204e+00 -5.2622710952933615e-03
7.9691423101543375e+00 -5.2572530015431683e-03
7.9707586811205546e+00 -5.2522395583704529e-03
7.9723750520867727e+00 -5.2472307616915539e-03
7.9739914230529898e+00 -5.2422266074260036e-03
7.9756077940192069e+00 -5.2372270914965010e-03
7.9772241649854250e+00 -5.2322322098289215e-03
7.9788405359516421e+00 -5.2272419583523355e-03
7.9804569069178592e+00 -5.2222563329989650e-03
7.9820732778840764e+00 -5.2172753297042079e-03
7.9836896488502944e+00 -5.2122989444066481e-03
7.9853060198165116e+00 -5.2073271730480241e-03
7.9869223907827287e+00 -5.2023600115732420e-03
7.9885387617489458e+00 -5.1973974559303832e-03
7.9901551327151639e+00 -5.1924395020706863e-03
7.9917715036813810e+00 -5.1874861459485430e-03
7.9933878746475981e+00 -5.1825373835215263e-03
7.9950042456138162e+00 -5.1775932107503498e-03
7.9966206165800333e+00 -5.1726536235988871e-03
7.9982369875462505e+00 -5.1677186180341837e-03
7.9998533585124676e+00 -5.1627881900264145e-03
8.0014697294786856e+00 -5.1578623355489177e-03
8.0030861004449036e+00 -5.1529410505781860e-03
8.0047024714111199e+00 -5.1480243310938574e-03
8.0063188423773379e+00 -5.1431121730787059e-03
8.0079352133435560e+00 -5.1382045725186683e-03
8.0095515843097722e+00 -5.1333015254028122e-03
8.0111679552759902e+00 -5.1284030277233498e-03
8.0127843262422065e+00 -5.1235090754756440e-03
8.0144006972084245e+00 -5.1186196646581692e-03
8.0160170681746425e+00 -5.1137347912725579e-03
8.0176334391408588e+00 -5.1088544513235874e-03
8.0192498101070768e+00 -5.1039786408191316e-03
8.0208661810732949e+00 -5.0991073557702261e-03
8.0224825520395111e+00 -5.0942405921910365e-03
8.0240989230057291e+00 -5.0893783460988287e-03
8.0257152939719472e+00 -5.0845206135140221e-03
8.0273316649381634e+00 -5.0796673904601611e-03
8.0289480359043814e+00 -5.0748186729638817e-03
8.0305644068705977e+00 -5.0699744570549812e-03
8.0321807778368157e+00 -5.0651347387663482e-03
8.0337971488030337e+00 -5.0602995141339948e-03
8.0354135197692500e+00 -5.0554687791970606e-03
8.0370298907354680e+00 -5.0506425299977880e-03
8.0386462617016861e+00 -5.0458207625815243e-03
8.0402626326679023e+00 -5.0410034729967534e-03
8.0418790036341203e+00 -5.0361906572950425e-03
8.0434953746003384e+00 -5.0313823115310727e-03
8.0451117455665546e+00 -5.0265784317626442e-03
8.0467281165327726e+00 -5.0217790140506457e-03
8.0483444874989889e+00 -5.0169840544590670e-03
8.0499608584652069e+00 -5.0121935490550070e-03
8.0515772294314250e+00 -5.0074074939086641e-03
8.0531936003976412e+00 -5.0026258850933269e-03
8.0548099713638592e+00 -4.9978487186853734e-03
8.0564263423300773e+00 -4.9930759907642975e-03
8.0580427132962935e+00 -4.9883076974126623e-03
8.0596590842625115e+00 -4.9835438347161235e-03
8.0612754552287296e+00 -4.9787843987634424e-03
8.0628918261949458e+00 -4.9740293856464493e-03
8.0645081971611638e+00 -4.9692787914600561e-03
8.0661245681273801e+00 -4.9645326123022842e-03
8.0677409390935981e+00 -4.9597908442741978e-03
8.0693573100598162e+00 -4.9550534834799679e-03
8.0709736810260324e+00 -4.9503205260268491e-03
8.0725900519922504e+00 -4.9455919680251384e-03
8.0742064229584685e+00 -4.9408678055882383e-03
8.0758227939246847e+00 -4.9361480348326216e-03
8.0774391648909027e+00 -4.9314326518778056e-03
8.0790555358571208e+00 -4.9267216528464030e-03
8.0806719068233370e+00 -4.9220150338640982e-03
8.0822882777895551e+00 -4.9173127910596059e-03
8.0839046487557713e+00 -4.9126149205647443e-03
8.0855210197219893e+00 -4.9079214185143698e-03
8.0871373906882074e+00 -4.9032322810464036e-03
8.0887537616544236e+00 -4.8985475043018369e-03
8.0903701326206416e+00 -4.8938670844247030e-03
8.0919865035868597e+00 -4.8891910175620909e-03
8.0936028745530759e+00 -4.8845192998641590e-03
8.0952192455192939e+00 -4.8798519274841036e-03
8.0968356164855120e+00 -4.8751888965781667e-03
8.0984519874517282e+00 -4.8705302033056576e-03
8.1000683584179463e+00 -4.8658758438289134e-03
8.1016847293841625e+00 -4.8612258143133245e-03
8.1033011003503805e+00 -4.8565801109273169e-03
8.1049174713165986e+00 -4.8519387298423680e-03
8.1065338422828148e+00 -4.8473016672329998e-03
8.1081502132490328e+00 -4.8426689192767446e-03
8.1097665842152509e+00 -4.8380404821541942e-03
8.1113829551814671e+00 -4.8334163520489838e-03
8.1129993261476852e+00 -4.8287965251477410e-03
8.1146156971139014e+00 -4.8241809976401753e-03
8.1162320680801194e+00 -4.8195697657189718e-03
8.1178484390463375e+00 -4.8149628255798830e-03
8.1194648100125537e+00 -4.8103601734216838e-03
8.1210811809787717e+00 -4.8057618054461416e-03
8.1226975519449898e+00 -4.8011677178580806e-03
8.1243139229112060e+00 -4.7965779068653396e-03
8.1259302938774240e+00 -4.7919923686787465e-03
8.1275466648436421e+00 -4.7874110995121781e-03
8.1291630358098583e+00 -4.7828340955825216e-03
8.1307794067760764e+00 -4.7782613531096637e-03
8.1323957777422926e+00 -4.7736928683165120e-03
8.1340121487085106e+00 -4.7691286374289769e-03
8.1356285196747287e+00 -4.7645686566759899e-03
8.1372448906409449e+00 -4.7600129222894767e-03
8.1388612616071629e+00 -4.7554614305043673e-03
8.1404776325733810e+00 -4.7509141775586060e-03
8.1420940035395972e+00 -4.7463711596931234e-03
8.1437103745058153e+00 -4.7418323731518571e-03
8.1453267454720333e+00 -4.7372978141817443e-03
8.1469431164382495e+00 -4.7327674790327151e-03
8.1485594874044676e+00 -4.7282413639576854e-03
8.1501758583706838e+00 -4.7237194652125867e-03
8.1517922293369018e+00 -4.7192017790563048e-03
8.1534086003031199e+00 -4.7146883017507458e-03
8.1550249712693361e+00 -4.7101790295607975e-03
8.1566413422355541e+00 -4.7056739587543117e-03
8.1582577132017722e+00 -4.7011730856021455e-03
8.1598740841679884e+00 -4.6966764063781389e-03
8.1614904551342065e+00 -4.6921839173590879e-03
8.1631068261004245e+00 -4.6876956148247896e-03
8.1647231970666407e+00 -4.6832114950580202e-03
8.1663395680328588e+00 -4.6787315543445019e-03
8.1679559389990750e+00 -4.6742557889729586e-03
8.1695723099652930e+00 -4.6697841952350726e-03
8.1711886809315111e+00 -4.6653167694254922e-03
8.1728050518977273e+00 -4.6608535078418488e-03
8.1744214228639454e+00 -4.6563944067847226e-03
8.1760377938301634e+00 -4.6519394625576631e-03
8.1776541647963796e+00 -4.6474886714671900e-03
8.1792705357625977e+00 -4.6430420298227719e-03
8.1808869067288157e+00 -4.6385995339368402e-03
8.1825032776950319e+00 -4.6341611801247887e-03
8.1841196486612500e+00 -4.6297269647049598e-03
8.1857360196274662e+00 -4.6252968839986513e-03
8.1873523905936842e+00 -4.6208709343301072e-03
8.1889687615599023e+00 -4.6164491120265390e-03
8.1905851325261185e+00 -4.6120314134180844e-03
8.1922015034923366e+00 -4.6076178348378365e-03
8.1938178744585546e+00 -4.6032083726218406e-03
8.1954342454247708e+00 -4.5988030231090748e-03
8.1970506163909889e+00 -4.5944017826414591e-03
8.1986669873572051e+00 -4.5900046475638645e-03
8.2002833583234231e+00 -4.5856116142240760e-03
8.2018997292896412e+00 -4.5812226789728339e-03
8.2035161002558574e+00 -4.5768378381638207e-03
8.2051324712220755e+00 -4.5724570881536175e-03
8.2067488421882935e+00 -4.5680804253017638e-03
8.2083652131545097e+00 -4.5637078459707320e-03
8.2099815841207278e+00 -4.5593393465258895e-03
8.2115979550869458e+00 -4.5549749233355571e-03
8.2132143260531620e+00 -4.5506145727709840e-03
8.2148306970193801e+00 -4.5462582912063039e-03
8.2164470679855963e+00 -4.5419060750186121e-03
8.2180634389518143e+00 -4.5375579205878995e-03
8.2196798099180324e+00 -4.5332138242970719e-03
8.2212961808842486e+00 -4.5288737825319655e-03
8.2229125518504667e+00 -4.5245377916813172e-03
8.2245289228166847e+00 -4.5202058481367711e-03
8.2261452937829009e+00 -4.5158779482928953e-03
8.2277616647491190e+00 -4.5115540885471549e-03
8.2293780357153370e+00 -4.5072342652999180e-03
8.2309944066815532e+00 -4.5029184749544680e-03
8.2326107776477713e+00 -4.4986067139169816e-03
8.2342271486139875e+00 -4.4942989785965405e-03
8.2358435195802056e+00 -4.4899952654051129e-03
8.2374598905464236e+00 -4.4856955707575875e-03
8.2390762615126398e+00 -4.4813998910717334e-03
8.2406926324788579e+00 -4.4771082227682011e-03
8.2423090034450759e+00 -4.4728205622705597e-03
8.2439253744112921e+00 -4.4685369060052512e-03
8.2455417453775102e+00 -4.4642572504016015e-03
8.2471581163437282e+00 -4.4599815918918385e-03
8.2487744873099444e+00 -4.4557099269110639e-03
8.2503908582761625e+00 -4.4514422518972590e-03
8.2520072292423787e+00 -4.4471785632913064e-03
8.2536236002085968e+00 -4.4429188575369309e-03
8.2552399711748148e+00 -4.4386631310807719e-03
8.2568563421410310e+00 -4.4344113803723327e-03
8.2584727131072491e+00 -4.4301636018639736e-03
8.2600890840734671e+00 -4.4259197920109459e-03
8.2617054550396833e+00 -4.4216799472713772e-03
8.2633218260059014e+00 -4.4174440641062355e-03
8.2649381969721194e+00 -4.4132121389793772e-03
8.2665545679383357e+00 -4.4089841683575314e-03
8.2681709389045537e+00 -4.4047601487102600e-03
8.2697873098707699e+00 -4.4005400765100176e-03
8.2714036808369880e+00 -4.3963239482320985e-03
8.2730200518032060e+00 -4.3921117603546609e-03
8.2746364227694222e+00 -4.3879035093587282e-03
8.2762527937356403e+00 -4.3836991917281650e-03
8.2778691647018583e+00 -4.3794988039496906e-03
8.2794855356680745e+00 -4.3753023425128854e-03
8.2811019066342926e+00 -4.3711098039101691e-03
8.2827182776005106e+00 -4.3669211846368051e-03
8.2843346485667269e+00 -4.3627364811909177e-03
8.2859510195329449e+00 -4.3585556900734646e-03
8.2875673904991611e+00 -4.3543788077882468e-03
8.2891837614653792e+00 -4.3502058308418955e-03
8.2908001324315972e+00 -4.3460367557439043e-03
8.2924165033978134e+00 -4.3418715790065837e-03
8.2940328743640315e+00 -4.3377102971450818e-03
8.2956492453302495e+00 -4.3335529066773903e-03
8.2972656162964658e+00 -4.3293994041243219e-03
8.2988819872626838e+00 -4.3252497860095194e-03
8.3004983582289000e+00 -4.3211040488594652e-03
8.3021147291951181e+00 -4.3169621892034434e-03
8.3037311001613361e+00 -4.3128242035735892e-03
8.3053474711275523e+00 -4.3086900885048523e-03
8.3069638420937704e+00 -4.3045598405349874e-03
8.3085802130599884e+00 -4.3004334562045873e-03
8.3101965840262046e+00 -4.2963109320570620e-03
8.3118129549924227e+00 -4.2921922646386151e-03
8.3134293259586407e+00 -4.2880774504982901e-03
8.3150456969248570e+00 -4.2839664861879356e-03
8.3166620678910750e+00 -4.2798593682621894e-03
8.3182784388572912e+00 -4.2757560932785267e-03
8.3198948098235093e+00 -4.2716566577972147e-03
8.3215111807897273e+00 -4.2675610583813237e-03
8.3231275517559435e+00 -4.2634692915967370e-03
8.3247439227221616e+00 -4.2593813540121300e-03
8.3263602936883796e+00 -4.2552972421989752e-03
8.3279766646545959e+00 -4.2512169527315589e-03
8.3295930356208139e+00 -4.2471404821869440e-03
8.3312094065870319e+00 -4.2430678271450032e-03
8.3328257775532482e+00 -4.2389989841883913e-03
8.3344421485194662e+00 -4.2349339499025531e-03
8.3360585194856824e+00 -4.2308727208757394e-03
8.3376748904519005e+00 -4.2268152936989576e-03
8.3392912614181185e+00 -4.2227616649660278e-03
8.3409076323843347e+00 -4.2187118312735482e-03
8.3425240033505528e+00 -4.2146657892208816e-03
8.3441403743167708e+00 -4.2106235354101894e-03
8.3457567452829871e+00 -4.2065850664464149e-03
8.3473731162492051e+00 -4.2025503789372516e-03
8.3489894872154231e+00 -4.1985194694931938e-03
8.3506058581816394e+00 -4.1944923347275054e-03
8.3522222291478574e+00 -4.1904689712562006e-03
8.3538386001140736e+00 -4.1864493756980916e-03
8.3554549710802917e+00 -4.1824335446747378e-03
8.3570713420465097e+00 -4.1784214748104660e-03
8.3586877130127260e+00 -4.1744131627323849e-03
8.3603040839789440e+00 -4.1704086050703441e-03
8.3619204549451620e+00 -4.1664077984569616e-03
8.3635368259113783e+00 -4.1624107395276241e-03
8.3651531968775963e+00 -4.1584174249204593e-03
8.3667695678438143e+00 -4.1544278512763520e-03
8.3683859388100306e+00 -4.1504420152389592e-03
8.3700023097762486e+00 -4.1464599134546660e-03
8.3716186807424648e+00 -4.1424815425726222e-03
8.3732350517086829e+00 -4.1385068992447118e-03
8.3748514226749009e+00 -4.1345359801255865e-03
8.3764677936411172e+00 -4.1305687818726277e-03
8.3780841646073352e+00 -4.1266053011459539e-03
8.3797005355735532e+00 -4.1226455346084446e-03
8.3813169065397695e+00 -4.1186894789257012e-03
8.3829332775059875e+00 -4.1147371307660675e-03
8.3845496484722037e+00 -4.1107884868006343e-03
8.3861660194384218e+00 -4.1068435437032012e-03
8.3877823904046398e+00 -4.1029022981503250e-03
8.3893987613708561e+00 -4.0989647468212854e-03
8.3910151323370741e+00 -4.0950308863980786e-03
8.3926315033032921e+00 -4.0911007135654423e-03
8.3942478742695084e+00 -4.0871742250108449e-03
8.3958642452357264e+00 -4.0832514174244513e-03
8.3974806162019444e+00 -4.0793322874991735e-03
8.3990969871681607e+00 -4.0754168319306451e-03
8.4007133581343787e+00 -4.0715050474171852e-03
8.4023297291005967e+00 -4.0675969306598666e-03
8.4039461000668130e+00 -4.0636924783624649e-03
8.4055624710330310e+00 -4.0597916872314524e-03
8.4071788419992490e+00 -4.0558945539760326e-03
8.4087952129654653e+00 -4.0520010753081169e-03
8.4104115839316833e+00 -4.0481112479423065e-03
8.4120279548979013e+00 -4.0442250685959261e-03
8.4136443258641176e+00 -4.0403425339890046e-03
8.4152606968303356e+00 -4.0364636408442541e-03
8.4168770677965519e+00 -4.0325883858871080e-03
8.4184934387627699e+00 -4.0287167658456914e-03
8.4201098097289879e+00 -4.0248487774508191e-03
8.4217261806952042e+00 -4.0209844174360163e-03
8.4233425516614222e+00 -4.0171236825374866e-03
8.4249589226276402e+00 -4.0132665694941295e-03
8.4265752935938565e+00 -4.0094130750475436e-03
8.4281916645600745e+00 -4.0055631959420050e-03
8.4298080355262925e+00 -4.0017169289244736e-03
8.4314244064925088e+00 -3.9978742707446084e-03
8.4330407774587268e+00 -3.9940352181547416e-03
8.4346571484249431e+00 -3.9901997679098831e-03
8.4362735193911611e+00 -3.9863679167677236e-03
8.4378898903573791e+00 -3.9825396614886445e-03
8.4395062613235954e+00 -3.9787149988356864e-03
8.4411226322898134e+00 -3.9748939255745651e-03
8.4427390032560314e+00 -3.9710764384736832e-03
8.4443553742222477e+00 -3.9672625343041001e-03
8.4459717451884657e+00 -3.9634522098395443e-03
8.4475881161546820e+00 -3.9596454618564267e-03
8.4492044871209000e+00 -3.9558422871337987e-03
8.4508208580871180e+00 -3.9520426824533909e-03
8.4524372290533343e+00 -3.9482466445996053e-03
8.4540536000195523e+00 -3.9444541703594748e-03
8.4556699709857703e+00 -3.9406652565227122e-03
8.4572863419519866e+00 -3.9368798998816934e-03
8.4589027129182046e+00 -3.9330980972314194e-03
8.4605190838844226e+00 -3.9293198453695709e-03
8.4621354548506389e+00 -3.9255451410964799e-03
8.4637518258168569e+00 -3.9217739812151004e-03
8.4653681967830732e+00 -3.9180063625310650e-03
8.4669845677492912e+00 -3.9142422818526359e-03
8.4686009387155092e+00 -3.9104817359907184e-03
8.4702173096817255e+00 -3.9067247217588726e-03
8.4718336806479435e+00 -3.9029712359732885e-03
8.4734500516141615e+00 -3.8992212754527943e-03
8.4750664225803778e+00 -3.8954748370188651e-03
8.4766827935465958e+00 -3.8917319174956019e-03
8.4782991645128138e+00 -3.8879925137097395e-03
8.4799155354790301e+00 -3.8842566224906536e-03
8.4815319064452481e+00 -3.8805242406703398e-03
8.4831482774114644e+00 -3.8767953650834285e-03
8.4847646483776824e+00 -3.8730699925671680e-03
8.4863810193439004e+00 -3.8693481199614469e-03
8.4879973903101167e+00 -3.8656297441087644e-03
8.4896137612763347e+00 -3.8619148618542370e-03
8.4912301322425527e+00 -3.8582034700456180e-03
8.4928465032087690e+00 -3.8544955655332633e-03
8.4944628741749870e+00 -3.8507911451701473e-03
8.4960792451412050e+00 -3.8470902058118680e-03
8.4976956161074213e+00 -3.8433927443166267e-03
8.4993119870736393e+00 -3.8396987575452339e-03
8.5009283580398556e+00 -3.8360082423611239e-03
8.5025447290060736e+00 -3.8323211956303132e-03
8.5041610999722916e+00 -3.8286376142214465e-03
8.5057774709385079e+00 -3.8249574950057702e-03
8.5073938419047259e+00 -3.8212808348571121e-03
8.5090102128709439e+00 -3.8176076306519232e-03
8.5106265838371602e+00 -3.8139378792692515e-03
8.5122429548033782e+00 -3.8102715775907218e-03
8.5138593257695963e+00 -3.8066087225005702e-03
8.5154756967358125e+00 -3.8029493108856336e-03
8.5170920677020305e+00 -3.7992933396353134e-03
8.5187084386682468e+00 -3.7956408056416314e-03
8.5203248096344648e+00 -3.7919917057991762e-03
8.5219411806006828e+00 -3.7883460370051266e-03
8.5235575515668991e+00 -3.7847037961592578e-03
8.5251739225331171e+00 -3.7810649801639155e-03
8.5267902934993351e+00 -3.7774295859240251e-03
8.5284066644655514e+00 -3.7737976103471038e-03
8.5300230354317694e+00 -3.7701690503432321e-03
8.5316394063979875e+00 -3.7665439028250814e-03
8.5332557773642037e+00 -3.7629221647078829e-03
8.5348721483304217e+00 -3.7593038329094461e-03
8.5364885192966380e+00 -3.7556889043501591e-03
8.5381048902628560e+00 -3.7520773759529549e-03
8.5397212612290740e+00 -3.7484692446433602e-03
8.5413376321952903e+00 -3.7448645073494607e-03
8.5429540031615083e+00 -3.7412631610018888e-03
8.5445703741277264e+00 -3.7376652025338589e-03
8.5461867450939426e+00 -3.7340706288811467e-03
8.5478031160601606e+00 -3.7304794369820587e-03
8.5494194870263769e+00 -3.7268916237774919e-03
8.5510358579925949e+00 -3.7233071862108774e-03
8.5526522289588129e+00 -3.7197261212282028e-03
8.5542685999250292e+00 -3.7161484257780182e-03
8.5558849708912472e+00 -3.7125740968114093e-03
8.5575013418574652e+00 -3.7090031312820120e-03
8.5591177128236815e+00 -3.7054355261460204e-03
8.5607340837898995e+00 -3.7018712783621600e-03
8.5623504547561176e+00 -3.6983103848917012e-03
8.5639668257223338e+00 -3.6947528426984630e-03
8.5655831966885518e+00 -3.6911986487487957e-03
8.5671995676547681e+00 -3.6876478000115896e-03
8.5688159386209861e+00 -3.6841002934582686e-03
8.5704323095872041e+00 -3.6805561260627988e-03
8.5720486805534204e+00 -3.6770152948016701e-03
8.5736650515196384e+00 -3.6734777966539022e-03
8.5752814224858565e+00 -3.6699436286010551e-03
8.5768977934520727e+00 -3.6664127876272043e-03
8.5785141644182907e+00 -3.6628852707189501e-03
8.5801305353845088e+00 -3.6593610748654293e-03
8.5817469063507250e+00 -3.6558401970582868e-03
8.5833632773169430e+00 -3.6523226342916929e-03
8.5849796482831593e+00 -3.6488083835623428e-03
8.5865960192493773e+00 -3.6452974418694334e-03
8.5882123902155953e+00 -3.6417898062146873e-03
8.5898287611818116e+00 -3.6382854736023485e-03
8.5914451321480296e+00 -3.6347844410391465e-03
8.5930615031142477e+00 -3.6312867055343454e-03
8.5946778740804639e+00 -3.6277922640997142e-03
8.5962942450466819e+00 -3.6243011137495102e-03
8.5979106160129000e+00 -3.6208132515005123e-03
8.5995269869791162e+00 -3.6173286743720070e-03
8.6011433579453342e+00 -3.6138473793857588e-03
8.6027597289115505e+00 -3.6103693635660540e-03
8.6043760998777685e+00 -3.6068946239396671e-03
8.6059924708439866e+00 -3.6034231575358651e-03
8.6076088418102028e+00 -3.5999549613864187e-03
8.6092252127764208e+00 -3.5964900325255855e-03
8.6108415837426389e+00 -3.5930283679901105e-03
8.6124579547088551e+00 -3.5895699648192400e-03
8.6140743256750731e+00 -3.5861148200546939e-03
8.6156906966412912e+00 -3.5826629307406798e-03
8.6173070676075074e+00 -3.5792142939239011e-03
8.6189234385737254e+00 -3.5757689066535322e-03
8.6205398095399417e+00 -3.5723267659812305e-03
8.6221561805061597e+00 -3.5688878689611255e-03
8.6237725514723778e+00 -3.5654522126498433e-03
8.6253889224385940e+00 -3.5620197941064642e-03
8.6270052934048120e+00 -3.5585906103925511e-03
8.6286216643710301e+00 -3.5551646585721425e-03
8.6302380353372463e+00 -3.5517419357117422e-03
8.6318544063034643e+00 -3.5483224388803158e-03
8.6334707772696806e+00 -3.5449061651493174e-03
8.6350871482358986e+00 -3.5414931115926342e-03
8.6367035192021167e+00 -3.5380832752866433e-03
8.6383198901683329e+00 -3.5346766533101794e-03
8.6399362611345509e+00 -3.5312732427445169e-03
8.6415526321007690e+00 -3.5278730406734134e-03
8.6431690030669852e+00 -3.5244760441830764e-03
8.6447853740332032e+00 -3.5210822503621516e-03
8.6464017449994213e+00 -3.5176916563017585e-03
8.6480181159656375e+00 -3.5143042590954649e-03
8.6496344869318555e+00 -3.5109200558392684e-03
8.6512508578980718e+00 -3.5075390436316413e-03
8.6528672288642898e+00 -3.5041612195734853e-03
8.6544835998305079e+00 -3.5007865807681489e-03
8.6560999707967241e+00 -3.4974151243214297e-03
8.6577163417629421e+00 -3.4940468473415591e-03
8.6593327127291602e+00 -3.4906817469392087e-03
8.6609490836953764e+00 -3.4873198202274962e-03
8.6625654546615944e+00 -3.4839610643219638e-03
8.6641818256278125e+00 -3.4806054763405875e-03
8.6657981965940287e+00 -3.4772530534037905e-03
8.6674145675602468e+00 -3.4739037926344125e-03
8.6690309385264630e+00 -3.4705576911577261e-03
8.6706473094926810e+00 -3.4672147461014290e-03
8.6722636804588991e+00 -3.4638749545956543e-03
8.6738800514251153e+00 -3.4605383137729477e-03
8.6754964223913333e+00 -3.4572048207682795e-03
8.6771127933575514e+00 -3.4538744727190466e-03
8.6787291643237676e+00 -3.4505472667650601e-03
8.6803455352899856e+00 -3.4472232000485430e-03
8.6819619062562037e+00 -3.4439022697141460e-03
8.6835782772224199e+00 -3.4405844729089238e-03
8.6851946481886380e+00 -3.4372698067823421e-03
8.6868110191548542e+00 -3.4339582684862935e-03
8.6884273901210722e+00 -3.4306498551750467e-03
8.6900437610872903e+00 -3.4273445640053092e-03
8.6916601320535065e+00 -3.4240423921361868e-03
8.6932765030197245e+00 -3.4207433367291675e-03
8.6948928739859426e+00 -3.4174473949481654e-03
8.6965092449521588e+00 -3.4141545639594928e-03
8.6981256159183769e+00 -3.4108648409318398e-03
8.6997419868845949e+00 -3.4075782230363135e-03
8.7013583578508111e+00 -3.4042947074464187e-03
8.7029747288170292e+00 -3.4010142913380266e-03
8.7045910997832454e+00 -3.3977369718894302e-03
8.7062074707494634e+00 -3.3944627462812972e-03
8.7078238417156815e+00 -3.3911916116966807e-03
8.7094402126818977e+00 -3.3879235653210341e-03
8.7110565836481157e+00 -3.3846586043421848e-03
8.7126729546143338e+00 -3.3813967259503377e-03
8.7142893255805500e+00 -3.3781379273380980e-03
8.7159056965467681e+00 -3.3748822057004337e-03
8.7175220675129861e+00 -3.3716295582346956e-03
8.7191384384792023e+00 -3.3683799821406174e-03
8.7207548094454204e+00 -3.3651334746202994e-03
8.7223711804116366e+00 -3.3618900328782173e-03
8.7239875513778546e+00 -3.3586496541212142e-03
8.7256039223440727e+00 -3.3554123355585149e-03
8.7272202933102889e+00 -3.3521780744016983e-03
8.7288366642765070e+00 -3.3489468678647156e-03
8.7304530352427250e+00 -3.3457187131638831e-03
8.7320694062089412e+00 -3.3424936075178856e-03
8.7336857771751593e+00 -3.3392715481477485e-03
8.7353021481413755e+00 -3.3360525322768870e-03
8.7369185191075935e+00 -3.3328365571310393e-03
8.7385348900738116e+00 -3.3296236199383275e-03
8.7401512610400278e+00 -3.3264137179292250e-03
8.7417676320062458e+00 -3.3232068483365386e-03
8.7433840029724639e+00 -3.3200030083954447e-03
8.7450003739386801e+00 -3.3168021953434690e-03
8.7466167449048982e+00 -3.3136044064204675e-03
8.7482331158711162e+00 -3.3104096388686592e-03
8.7498494868373324e+00 -3.3072178899326110e-03
8.7514658578035505e+00 -3.3040291568592079e-03
8.7530822287697667e+00 -3.3008434368977024e-03
8.7546985997359847e+00 -3.2976607272996684e-03
8.7563149707022028e+00 -3.2944810253190300e-03
8.7579313416684190e+00 -3.2913043282120388e-03
8.7595477126346371e+00 -3.2881306332372810e-03
8.7611640836008551e+00 -3.2849599376556832e-03
8.7627804545670713e+00 -3.2817922387304924e-03
8.7643968255332894e+00 -3.2786275337272895e-03
8.7660131964995074e+00 -3.2754658199139861e-03
8.7676295674657236e+00 -3.2723070945608165e-03
8.7692459384319417e+00 -3.2691513549403350e-03
8.7708623093981579e+00 -3.2659985983274306e-03
8.7724786803643759e+00 -3.2628488219992938e-03
8.7740950513305940e+00 -3.2597020232354537e-03
8.7757114222968102e+00 -3.2565581993177529e-03
8.7773277932630283e+00 -3.2534173475303341e-03
8.7789441642292463e+00 -3.2502794651596721e-03
8.7805605351954625e+00 -3.2471445494945540e-03
8.7821769061616806e+00 -3.2440125978260579e-03
8.7837932771278986e+00 -3.2408836074475935e-03
8.7854096480941148e+00 -3.2377575756548753e-03
8.7870260190603329e+00 -3.2346344997459019e-03
8.7886423900265491e+00 -3.2315143770210030e-03
8.7902587609927672e+00 -3.2283972047827962e-03
8.7918751319589852e+00 -3.2252829803361997e-03
8.7934915029252014e+00 -3.2221717009884407e-03
8.7951078738914195e+00 -3.2190633640490343e-03
8.7967242448576375e+00 -3.2159579668297922e-03
8.7983406158238537e+00 -3.2128555066448269e-03
8.7999569867900718e+00 -3.2097559808105373e-03
8.8015733577562898e+00 -3.2066593866456115e-03
8.8031897287225060e+00 -3.2035657214710364e-03
8.8048060996887241e+00 -3.2004749826100767e-03
8.8064224706549403e+00 -3.1973871673882871e-03
8.8080388416211584e+00 -3.1943022731335015e-03
8.8096552125873764e+00 -3.1912202971758480e-03
8.8112715835535926e+00 -3.1881412368477253e-03
8.8128879545198107e+00 -3.1850650894838101e-03
8.8145043254860287e+00 -3.1819918524210664e-03
8.8161206964522449e+00 -3.1789215229987267e-03
8.8177370674184630e+00 -3.1758540985582944e-03
8.8193534383846792e+00 -3.1727895764435618e-03
8.8209698093508973e+00 -3.1697279540005684e-03
8.8225861803171153e+00 -3.1666692285776394e-03
8.8242025512833315e+00 -3.1636133975253733e-03
8.8258189222495496e+00 -3.1605604581966102e-03
8.8274352932157676e+00 -3.1575104079464757e-03
8.8290516641819838e+00 -3.1544632441323586e-03
8.8306680351482019e+00 -3.1514189641138881e-03
8.8322844061144199e+00 -3.1483775652529741e-03
8.8339007770806361e+00 -3.1453390449137819e-03
8.8355171480468542e+00 -3.1423034004627176e-03
8.8371335190130704e+00 -3.1392706292684572e-03
8.8387498899792885e+00 -3.1362407287019215e-03
8.8403662609455065e+00 -3.1332136961362820e-03
8.8419826319117227e+00 -3.1301895289469711e-03
8.8435990028779408e+00 -3.1271682245116541e-03
8.8452153738441588e+00 -3.1241497802102476e-03
8.8468317448103750e+00 -3.1211341934249204e-03
8.8484481157765931e+00 -3.1181214615400741e-03
8.8500644867428111e+00 -3.1151115819423518e-03
8.8516808577090274e+00 -3.1121045520206467e-03
8.8532972286752454e+00 -3.1091003691660806e-03
8.8549135996414616e+00 -3.1060990307720119e-03
8.8565299706076797e+00 -3.1031005342340356e-03
8.8581463415738977e+00 -3.1001048769499825e-03
8.8597627125401139e+00 -3.0971120563199140e-03
8.8613790835063320e+00 -3.0941220697461116e-03
8.8629954544725500e+00 -3.0911349146331016e-03
8.8646118254387662e+00 -3.0881505883876260e-03
8.8662281964049843e+00 -3.0851690884186487e-03
8.8678445673712023e+00 -3.0821904121373688e-03
8.8694609383374186e+00 -3.0792145569571976e-03
8.8710773093036366e+00 -3.0762415202937659e-03
8.8726936802698528e+00 -3.0732712995649356e-03
8.8743100512360709e+00 -3.0703038921907622e-03
8.8759264222022889e+00 -3.0673392955935363e-03
8.8775427931685051e+00 -3.0643775071977613e-03
8.8791591641347232e+00 -3.0614185244301332e-03
8.8807755351009412e+00 -3.0584623447195806e-03
8.8823919060671574e+00 -3.0555089654972344e-03
8.8840082770333755e+00 -3.0525583841964185e-03
8.8856246479995935e+00 -3.0496105982526808e-03
8.8872410189658098e+00 -3.0466656051037679e-03
8.8888573899320278e+00 -3.0437234021896149e-03
8.8904737608982440e+00 -3.0407839869523784e-03
8.8920901318644621e+00 -3.0378473568363992e-03
8.8937065028306801e+00 -3.0349135092882164e-03
8.8953228737968963e+00 -3.0319824417565739e-03
8.8969392447631144e+00 -3.0290541516924019e-03
8.8985556157293324e+00 -3.0261286365488179e-03
8.9001719866955487e+00 -3.0232058937811469e-03
8.9017883576617667e+00 -3.0202859208468876e-03
8.9034047286279847e+00 -3.0173687152057265e-03
8.9050210995942010e+00 -3.0144542743195486e-03
8.9066374705604190e+00 -3.0115425956524122e-03
8.9082538415266352e+00 -3.0086336766705600e-03
8.9098702124928533e+00 -3.0057275148424145e-03
8.9114865834590713e+00 -3.0028241076385841e-03
8.9131029544252875e+00 -2.9999234525318491e-03
8.9147193253915056e+00 -2.9970255469971632e-03
8.9163356963577236e+00 -2.9941303885116653e-03
8.9179520673239399e+00 -2.9912379745546565e-03
8.9195684382901579e+00 -2.9883483026076131e-03
8.9211848092563741e+00 -2.9854613701541864e-03
8.9228011802225922e+00 -2.9825771746801815e-03
8.9244175511888102e+00 -2.9796957136735830e-03
8.9260339221550264e+00 -2.9768169846245427e-03
8.9276502931212445e+00 -2.9739409850253577e-03
8.9292666640874625e+00 -2.9710677123705041e-03
8.9308830350536788e+00 -2.9681971641566177e-03
8.9324994060198968e+00 -2.9653293378824742e-03
8.9341157769861148e+00 -2.9624642310490260e-03
8.9357321479523311e+00 -2.9596018411593805e-03
8.9373485189185491e+00 -2.9567421657187769e-03
8.9389648898847653e+00 -2.9538852022346317e-03
8.9405812608509834e+00 -2.9510309482164978e-03
8.9421976318172014e+00 -2.9481794011760759e-03
8.9438140027834176e+00 -2.9453305586272264e-03
8.9454303737496357e+00 -2.9424844180859435e-03
8.9470467447158537e+00 -2.9396409770703650e-03
8.9486631156820700e+00 -2.9368002331007807e-03
8.9502794866482880e+00 -2.9339621836996120e-03
8.9518958576145060e+00 -2.9311268263914206e-03
8.9535122285807223e+00 -2.9282941587029129e-03
8.9551285995469403e+00 -2.9254641781629224e-03
8.9567449705131565e+00 -2.9226368823024266e-03
8.9583613414793746e+00 -2.9198122686545183e-03
8.9599777124455926e+00 -2.9169903347544420e-03
8.9615940834118089e+00 -2.9141710781395648e-03
8.9632104543780269e+00 -2.9113544963493688e-03
8.9648268253442449e+00 -2.9085405869254803e-03
8.9664431963104612e+00 -2.9057293474116478e-03
8.9680595672766792e+00 -2.9029207753537281e-03
8.9696759382428972e+00 -2.9001148682997139e-03
8.9712923092091135e+00 -2.8973116237997225e-03
8.9729086801753315e+00 -2.8945110394059670e-03
8.9745250511415477e+00 -2.8917131126728023e-03
8.9761414221077658e+00 -2.8889178411566820e-03
8.9777577930739838e+00 -2.8861252224161777e-03
8.9793741640402001e+00 -2.8833352540119797e-03
8.9809905350064181e+00 -2.8805479335068814e-03
8.9826069059726361e+00 -2.8777632584657824e-03
8.9842232769388524e+00 -2.8749812264557027e-03
8.9858396479050704e+00 -2.8722018350457526e-03
8.9874560188712884e+00 -2.8694250818071532e-03
8.9890723898375047e+00 -2.8666509643132322e-03
8.9906887608037227e+00 -2.8638794801394123e-03
8.9923051317699390e+00 -2.8611106268632181e-03
8.9939215027361570e+00 -2.8583444020642687e-03
8.9955378737023750e+00 -2.8555808033242877e-03
8.9971542446685913e+00 -2.8528198282270841e-03
8.9987706156348093e+00 -2.8500614743585612e-03
9.0003869866010273e+00 -2.8473057393067231e-03
9.0020033575672436e+00 -2.8445526206616520e-03
9.0036197285334616e+00 -2.8418021160155228e-03
9.0052360994996778e+00 -2.8390542229626034e-03
9.0068524704658959e+00 -2.8363089390992320e-03
9.0084688414321139e+00 -2.8335662620238445e-03
9.0100852123983302e+00 -2.8308261893369600e-03
9.0117015833645482e+00 -2.8280887186411595e-03
9.0133179543307662e+00 -2.8253538475411211e-03
9.0149343252969825e+00 -2.8226215736436001e-03
9.0165506962632005e+00 -2.8198918945574096e-03
9.0181670672294185e+00 -2.8171648078934557e-03
9.0197834381956348e+00 -2.8144403112647159e-03
9.0213998091618528e+00 -2.8117184022862221e-03
9.0230161801280691e+00 -2.8089990785750939e-03
9.0246325510942871e+00 -2.8062823377505105e-03
9.0262489220605051e+00 -2.8035681774337142e-03
9.0278652930267214e+00 -2.8008565952480228e-03
9.0294816639929394e+00 -2.7981475888188083e-03
9.0310980349591574e+00 -2.7954411557735031e-03
9.0327144059253737e+00 -2.7927372937416100e-03
9.0343307768915917e+00 -2.7900360003546821e-03
9.0359471478578097e+00 -2.7873372732463240e-03
9.0375635188240260e+00 -2.7846411100522113e-03
9.0391798897902440e+00 -2.7819475084100618e-03
9.0407962607564603e+00 -2.7792564659596480e-03
9.0424126317226783e+00 -2.7765679803427915e-03
9.0440290026888963e+00 -2.7738820492033706e-03
9.0456453736551126e+00 -2.7711986701873018e-03
9.0472617446213306e+00 -2.7685178409425507e-03
9.0488781155875486e+00 -2.7658395591191325e-03
9.0504944865537649e+00 -2.7631638223690981e-03
9.0521108575199829e+00 -2.7604906283465415e-03
9.0537272284862009e+00 -2.7578199747076014e-03
9.0553435994524172e+00 -2.7551518591104481e-03
9.0569599704186352e+00 -2.7524862792152917e-03
9.0585763413848515e+00 -2.7498232326843828e-03
9.0601927123510695e+00 -2.7471627171819892e-03
9.0618090833172875e+00 -2.7445047303744276e-03
9.0634254542835038e+00 -2.7418492699300442e-03
9.0650418252497218e+00 -2.7391963335191981e-03
9.0666581962159398e+00 -2.7365459188142937e-03
9.0682745671821561e+00 -2.7338980234897581e-03
9.0698909381483741e+00 -2.7312526452220290e-03
9.0715073091145921e+00 -2.7286097816895819e-03
9.0731236800808084e+00 -2.7259694305729145e-03
9.0747400510470264e+00 -2.7233315895545253e-03
9.0763564220132427e+00 -2.7206962563189538e-03
9.0779727929794607e+00 -2.7180634285527429e-03
9.0795891639456787e+00 -2.7154331039444500e-03
9.0812055349118950e+00 -2.7128052801846554e-03
9.0828219058781130e+00 -2.7101799549659445e-03
9.0844382768443310e+00 -2.7075571259829096e-03
9.0860546478105473e+00 -2.7049367909321616e-03
9.0876710187767653e+00 -2.7023189475123125e-03
9.0892873897429816e+00 -2.6997035934239796e-03
9.0909037607091996e+00 -2.6970907263697838e-03
9.0925201316754176e+00 -2.6944803440543575e-03
9.0941365026416339e+00 -2.6918724441843248e-03
9.0957528736078519e+00 -2.6892670244683084e-03
9.0973692445740699e+00 -2.6866640826169398e-03
9.0989856155402862e+00 -2.6840636163428374e-03
9.1006019865065042e+00 -2.6814656233606149e-03
9.1022183574727222e+00 -2.6788701013868883e-03
9.1038347284389385e+00 -2.6762770481402564e-03
9.1054510994051565e+00 -2.6736864613413091e-03
9.1070674703713728e+00 -2.6710983387126385e-03
9.1086838413375908e+00 -2.6685126779787999e-03
9.1103002123038088e+00 -2.6659294768663533e-03
9.1119165832700251e+00 -2.6633487331038453e-03
9.1135329542362431e+00 -2.6607704444217843e-03
9.1151493252024611e+00 -2.6581946085526813e-03
9.1167656961686774e+00 -2.6556212232310247e-03
9.1183820671348954e+00 -2.6530502861932645e-03
9.1199984381011134e+00 -2.6504817951778451e-03
9.1216148090673297e+00 -2.6479157479251843e-03
9.1232311800335477e+00 -2.6453521421776582e-03
9.1248475509997640e+00 -2.6427909756796346e-03
9.1264639219659820e+00 -2.6402322461774410e-03
9.1280802929322000e+00 -2.6376759514193738e-03
9.1296966638984163e+00 -2.6351220891557047e-03
9.1313130348646343e+00 -2.6325706571386641e-03
9.1329294058308523e+00 -2.6300216531224469e-03
9.1345457767970686e+00 -2.6274750748632187e-03
9.1361621477632866e+00 -2.6249309201190982e-03
9.1377785187295046e+00 -2.6223891866501651e-03
9.1393948896957209e+00 -2.6198498722184659e-03
9.1410112606619389e+00 -2.6173129745879946e-03
9.1426276316281552e+00 -2.6147784915247049e-03
9.1442440025943732e+00 -2.6122464207965017e-03
9.1458603735605912e+00 -2.6097167601732501e-03
9.1474767445268075e+00 -2.6071895074267566e-03
9.1490931154930255e+00 -2.6046646603307801e-03
9.1507094864592435e+00 -2.6021422166610337e-03
9.1523258574254598e+00 -2.5996221741951681e-03
9.1539422283916778e+00 -2.5971045307127817e-03
9.1555585993578958e+00 -2.5945892839954192e-03
9.1571749703241121e+00 -2.5920764318265715e-03
9.1587913412903301e+00 -2.5895659719916524e-03
9.1604077122565464e+00 -2.5870579022780373e-03
9.1620240832227644e+00 -2.5845522204750158e-03
9.1636404541889824e+00 -2.5820489243738327e-03
9.1652568251551987e+00 -2.5795480117676638e-03
9.1668731961214167e+00 -2.5770494804516052e-03
9.1684895670876347e+00 -2.5745533282226962e-03
9.1701059380538510e+00 -2.5720595528799109e-03
9.1717223090200690e+00 -2.5695681522241325e-03
9.1733386799862870e+00 -2.5670791240581868e-03
9.1749550509525033e+00 -2.5645924661868249e-03
9.1765714219187213e+00 -2.5621081764167159e-03
9.1781877928849376e+00 -2.5596262525564512e-03
9.1798041638511556e+00 -2.5571466924165440e-03
9.1814205348173736e+00 -2.5546694938094333e-03
9.1830369057835899e+00 -2.5521946545494700e-03
9.1846532767498079e+00 -2.5497221724529165e-03
9.1862696477160259e+00 -2.5472520453379637e-03
9.1878860186822422e+00 -2.5447842710247062e-03
9.1895023896484602e+00 -2.5423188473351474e-03
9.1911187606146765e+00 -2.5398557720932181e-03
9.1927351315808945e+00 -2.5373950431247356e-03
9.1943515025471125e+00 -2.5349366582574392e-03
9.1959678735133288e+00 -2.5324806153209792e-03
9.1975842444795468e+00 -2.5300269121468896e-03
9.1992006154457648e+00 -2.5275755465686261e-03
9.2008169864119811e+00 -2.5251265164215452e-03
9.2024333573781991e+00 -2.5226798195428883e-03
9.2040497283444171e+00 -2.5202354537718105e-03
9.2056660993106334e+00 -2.5177934169493656e-03
9.2072824702768514e+00 -2.5153537069184844e-03
9.2088988412430677e+00 -2.5129163215240140e-03
9.2105152122092857e+00 -2.5104812586126788e-03
9.2121315831755037e+00 -2.5080485160331009e-03
9.2137479541417200e+00 -2.5056180916357938e-03
9.2153643251079380e+00 -2.5031899832731555e-03
9.2169806960741560e+00 -2.5007641887994699e-03
9.2185970670403723e+00 -2.4983407060709139e-03
9.2202134380065903e+00 -2.4959195329455385e-03
9.2218298089728084e+00 -2.4935006672832808e-03
9.2234461799390246e+00 -2.4910841069459640e-03
9.2250625509052426e+00 -2.4886698497972844e-03
9.2266789218714589e+00 -2.4862578937028170e-03
9.2282952928376769e+00 -2.4838482365300125e-03
9.2299116638038949e+00 -2.4814408761482049e-03
9.2315280347701112e+00 -2.4790358104285906e-03
9.2331444057363292e+00 -2.4766330372442435e-03
9.2347607767025472e+00 -2.4742325544701120e-03
9.2363771476687635e+00 -2.4718343599830044e-03
9.2379935186349815e+00 -2.4694384516616014e-03
9.2396098896011996e+00 -2.4670448273864556e-03
9.2412262605674158e+00 -2.4646534850399763e-03
9.2428426315336338e+00 -2.4622644225064357e-03
9.2444590024998501e+00 -2.4598776376719791e-03
9.2460753734660681e+00 -2.4574931284245941e-03
9.2476917444322861e+00 -2.4551108926541428e-03
9.2493081153985024e+00 -2.4527309282523441e-03
9.2509244863647204e+00 -2.4503532331127580e-03
9.2525408573309385e+00 -2.4479778051308149e-03
9.2541572282971547e+00 -2.4456046422037972e-03
9.2557735992633727e+00 -2.4432337422308236e-03
9.2573899702295908e+00 -2.4408651031128810e-03
9.2590063411958070e+00 -2.4384987227528024e-03
9.2606227121620250e+00 -2.4361345990552511e-03
9.2622390831282413e+00 -2.4337727299267595e-03
9.2638554540944593e+00 -2.4314131132756891e-03
9.2654718250606773e+00 -2.4290557470122462e-03
9.2670881960268936e+00 -2.4267006290484886e-03
9.2687045669931116e+00 -2.4243477572983025e-03
9.2703209379593297e+00 -2.4219971296774142e-03
9.2719373089255459e+00 -2.4196487441033965e-03
9.2735536798917639e+00 -2.4173025984956481e-03
9.2751700508579802e+00 -2.4149586907754048e-03
9.2767864218241982e+00 -2.4126170188657338e-03
9.2784027927904162e+00 -2.4102775806915402e-03
9.2800191637566325e+00 -2.4079403741795518e-03
9.2816355347228505e+00 -2.4056053972583251e-03
9.2832519056890686e+00 -2.4032726478582524e-03
9.2848682766552848e+00 -2.4009421239115395e-03
9.2864846476215028e+00 -2.3986138233522214e-03
9.2881010185877209e+00 -2.3962877441161606e-03
9.2897173895539371e+00 -2.3939638841410349e-03
9.2913337605201551e+00 -2.3916422413663408e-03
9.2929501314863714e+00 -2.3893228137334042e-03
9.2945665024525894e+00 -2.3870055991853495e-03
9.2961828734188074e+00 -2.3846905956671316e-03
9.2977992443850237e+00 -2.3823778011255198e-03
9.2994156153512417e+00 -2.3800672135090820e-03
9.3010319863174598e+00 -2.3777588307682110e-03
9.3026483572836760e+00 -2.3754526508551095e-03
9.3042647282498940e+00 -2.3731486717237737e-03
9.3058810992161121e+00 -2.3708468913300235e-03
9.3074974701823283e+00 -2.3685473076314831e-03
9.3091138411485463e+00 -2.3662499185875623e-03
9.3107302121147626e+00 -2.3639547221594964e-03
9.3123465830809806e+00 -2.3616617163103085e-03
9.3139629540471987e+00 -2.3593708990048237e-03
9.3155793250134149e+00 -2.3570822682096714e-03
9.3171956959796329e+00 -2.3547958218932711e-03
9.3188120669458510e+00 -2.3525115580258380e-03
9.3204284379120672e+00 -2.3502294745793881e-03
9.3220448088782852e+00 -2.3479495695277221e-03
9.3236611798445033e+00 -2.3456718408464356e-03
9.3252775508107195e+00 -2.3433962865129156e-03
9.3268939217769375e+00 -2.3411229045063355e-03
9.3285102927431538e+00 -2.3388516928076536e-03
9.3301266637093718e+00 -2.3365826493996168e-03
9.3317430346755899e+00 -2.3343157722667571e-03
9.3333594056418061e+00 -2.3320510593953878e-03
9.3349757766080241e+00 -2.3297885087735989e-03
9.3365921475742422e+00 -2.3275281183912692e-03
9.3382085185404584e+00 -2.3252698862400501e-03
9.3398248895066764e+00 -2.3230138103133681e-03
9.3414412604728945e+00 -2.3207598886064340e-03
9.3430576314391107e+00 -2.3185081191162251e-03
9.3446740024053287e+00 -2.3162584998414914e-03
9.3462903733715450e+00 -2.3140110287827639e-03
9.3479067443377630e+00 -2.3117657039423271e-03
9.3495231153039811e+00 -2.3095225233242486e-03
9.3511394862701973e+00 -2.3072814849343622e-03
9.3527558572364153e+00 -2.3050425867802539e-03
9.3543722282026334e+00 -2.3028058268712891e-03
9.3559885991688496e+00 -2.3005712032185951e-03
9.3576049701350676e+00 -2.2983387138350480e-03
9.3592213411012857e+00 -2.2961083567352952e-03
9.3608377120675019e+00 -2.2938801299357452e-03
9.3624540830337200e+00 -2.2916540314545496e-03
9.3640704539999362e+00 -2.2894300593116331e-03
9.3656868249661542e+00 -2.2872082115286633e-03
9.3673031959323723e+00 -2.2849884861290632e-03
9.3689195668985885e+00 -2.2827708811380128e-03
9.3705359378648065e+00 -2.2805553945824367e-03
9.3721523088310246e+00 -2.2783420244910091e-03
9.3737686797972408e+00 -2.2761307688941575e-03
9.3753850507634588e+00 -2.2739216258240470e-03
9.3770014217296751e+00 -2.2717145933145943e-03
9.3786177926958931e+00 -2.2695096694014525e-03
9.3802341636621112e+00 -2.2673068521220250e-03
9.3818505346283274e+00 -2.2651061395154545e-03
9.3834669055945454e+00 -2.2629075296226142e-03
9.3850832765607635e+00 -2.2607110204861222e-03
9.3866996475269797e+00 -2.2585166101503381e-03
9.3883160184931977e+00 -2.2563242966613423e-03
9.3899323894594158e+00 -2.2541340780669601e-03
9.3915487604256320e+00 -2.2519459524167509e-03
9.3931651313918501e+00 -2.2497599177619915e-03
9.3947815023580663e+00 -2.2475759721557052e-03
9.3963978733242843e+00 -2.2453941136526259e-03
9.3980142442905024e+00 -2.2432143403092282e-03
9.3996306152567186e+00 -2.2410366501837095e-03
9.4012469862229366e+00 -2.2388610413359867e-03
9.4028633571891547e+00 -2.2366875118276981e-03
9.4044797281553709e+00 -2.2345160597222117e-03
9.4060960991215889e+00 -2.2323466830846072e-03
9.4077124700878070e+00 -2.2301793799816855e-03
9.4093288410540232e+00 -2.2280141484819654e-03
9.4109452120202413e+00 -2.2258509866556809e-03
9.4125615829864575e+00 -2.2236898925747802e-03
9.4141779539526755e+00 -2.2215308643129209e-03
9.4157943249188936e+00 -2.2193738999454803e-03
9.4174106958851098e+00 -2.2172189975495395e-03
9.4190270668513278e+00 -2.2150661552038870e-03
9.4206434378175459e+00 -2.2129153709890262e-03
9.4222598087837621e+00 -2.2107666429871608e-03
9.4238761797499802e+00 -2.2086199692821977e-03
9.4254925507161982e+00 -2.2064753479597533e-03
9.4271089216824144e+00 -2.2043327771071423e-03
9.4287252926486325e+00 -2.2021922548133769e-03
9.4303416636148487e+00 -2.2000537791691793e-03
9.4319580345810667e+00 -2.1979173482669524e-03
9.4335744055472848e+00 -2.1957829602008098e-03
9.4351907765135010e+00 -2.1936506130665599e-03
9.4368071474797190e+00 -2.1915203049616928e-03
9.4384235184459371e+00 -2.1893920339854014e-03
9.4400398894121533e+00 -2.1872657982385741e-03
9.4416562603783714e+00 -2.1851415958237712e-03
9.4432726313445894e+00 -2.1830194248452575e-03
9.4448890023108056e+00 -2.1808992834089829e-03
9.4465053732770237e+00 -2.1787811696225702e-03
9.4481217442432399e+00 -2.1766650815953428e-03
9.4497381152094579e+00 -2.1745510174382980e-03
9.4513544861756760e+00 -2.1724389752641130e-03
9.4529708571418922e+00 -2.1703289531871534e-03
9.4545872281081103e+00 -2.1682209493234564e-03
9.4562035990743283e+00 -2.1661149617907367e-03
9.4578199700405445e+00 -2.1640109887083921e-03
9.4594363410067626e+00 -2.1619090281974865e-03
9.4610527119729788e+00 -2.1598090783807619e-03
9.4626690829391968e+00 -2.1577111373826301e-03
9.4642854539054149e+00 -2.1556152033291782e-03
9.4659018248716311e+00 -2.1535212743481582e-03
9.4675181958378491e+00 -2.1514293485689873e-03
9.4691345668040672e+00 -2.1493394241227592e-03
9.4707509377702834e+00 -2.1472514991422243e-03
9.4723673087365015e+00 -2.1451655717617973e-03
9.4739836797027195e+00 -2.1430816401175629e-03
9.4756000506689357e+00 -2.1409997023472587e-03
9.4772164216351538e+00 -2.1389197565902839e-03
9.4788327926013700e+00 -2.1368418009877054e-03
9.4804491635675880e+00 -2.1347658336822294e-03
9.4820655345338061e+00 -2.1326918528182344e-03
9.4836819055000223e+00 -2.1306198565417506e-03
9.4852982764662404e+00 -2.1285498430004489e-03
9.4869146474324584e+00 -2.1264818103436671e-03
9.4885310183986746e+00 -2.1244157567223919e-03
9.4901473893648927e+00 -2.1223516802892461e-03
9.4917637603311107e+00 -2.1202895791985143e-03
9.4933801312973269e+00 -2.1182294516061267e-03
9.4949965022635450e+00 -2.1161712956696450e-03
9.4966128732297612e+00 -2.1141151095482934e-03
9.4982292441959792e+00 -2.1120608914029261e-03
9.4998456151621973e+00 -2.1100086393960392e-03
9.5014619861284135e+00 -2.1079583516917773e-03
9.5030783570946316e+00 -2.1059100264559150e-03
9.5046947280608496e+00 -2.1038636618558649e-03
9.5063110990270658e+00 -2.1018192560606813e-03
9.5079274699932839e+00 -2.0997768072410486e-03
9.5095438409595019e+00 -2.0977363135692801e-03
9.5111602119257181e+00 -2.0956977732193320e-03
9.5127765828919362e+00 -2.0936611843667824e-03
9.5143929538581524e+00 -2.0916265451888403e-03
9.5160093248243705e+00 -2.0895938538643441e-03
9.5176256957905885e+00 -2.0875631085737600e-03
9.5192420667568047e+00 -2.0855343074991763e-03
9.5208584377230228e+00 -2.0835074488243046e-03
9.5224748086892408e+00 -2.0814825307344850e-03
9.5240911796554570e+00 -2.0794595514166737e-03
9.5257075506216751e+00 -2.0774385090594452e-03
9.5273239215878931e+00 -2.0754194018530008e-03
9.5289402925541093e+00 -2.0734022279891521e-03
9.5305566635203274e+00 -2.0713869856613253e-03
9.5321730344865436e+00 -2.0693736730645739e-03
9.5337894054527617e+00 -2.0673622883955437e-03
9.5354057764189797e+00 -2.0653528298525100e-03
9.5370221473851959e+00 -2.0633452956353585e-03
9.5386385183514140e+00 -2.0613396839455709e-03
9.5402548893176320e+00 -2.0593359929862486e-03
9.5418712602838482e+00 -2.0573342209621020e-03
9.5434876312500663e+00 -2.0553343660794322e-03
9.5451040022162843e+00 -2.0533364265461593e-03
9.5467203731825006e+00 -2.0513404005718049e-03
9.5483367441487186e+00 -2.0493462863674810e-03
9.5499531151149348e+00 -2.0473540821459120e-03
9.5515694860811529e+00 -2.0453637861214159e-03
9.5531858570473709e+00 -2.0433753965099061e-03
9.5548022280135871e+00 -2.0413889115289000e-03
9.5564185989798052e+00 -2.0394043293975048e-03
9.5580349699460232e+00 -2.0374216483364177e-03
9.5596513409122394e+00 -2.0354408665679380e-03
9.5612677118784575e+00 -2.0334619823159498e-03
9.5628840828446737e+00 -2.0314849938059274e-03
9.5645004538108918e+00 -2.0295098992649330e-03
9.5661168247771098e+00 -2.0275366969216219e-03
9.5677331957433260e+00 -2.0255653850062296e-03
9.5693495667095441e+00 -2.0235959617505754e-03
9.5709659376757621e+00 -2.0216284253880687e-03
9.5725823086419783e+00 -2.0196627741536949e-03
9.5741986796081964e+00 -2.0176990062840210e-03
9.5758150505744144e+00 -2.0157371200171968e-03
9.5774314215406307e+00 -2.0137771135929484e-03
9.5790477925068487e+00 -2.0118189852525747e-03
9.5806641634730649e+00 -2.0098627332389620e-03
9.5822805344392830e+00 -2.0079083557965546e-03
9.5838969054055010e+00 -2.0059558511713819e-03
9.5855132763717172e+00 -2.0040052176110456e-03
9.5871296473379353e+00 -2.0020564533647063e-03
9.5887460183041533e+00 -2.0001095566831053e-03
9.5903623892703695e+00 -1.9981645258185521e-03
9.5919787602365876e+00 -1.9962213590249103e-03
9.5935951312028056e+00 -1.9942800545576225e-03
9.5952115021690219e+00 -1.9923406106736926e-03
9.5968278731352399e+00 -1.9904030256316769e-03
9.5984442441014561e+00 -1.9884672976917079e-03
9.6000606150676742e+00 -1.9865334251154667e-03
9.6016769860338922e+00 -1.9846014061662034e-03
9.6032933570001084e+00 -1.9826712391087173e-03
9.6049097279663265e+00 -1.9807429222093655e-03
9.6065260989325445e+00 -1.9788164537360674e-03
9.6081424698987608e+00 -1.9768918319582863e-03
9.6097588408649788e+00 -1.9749690551470419e-03
9.6113752118311968e+00 -1.9730481215749110e-03
9.6129915827974131e+00 -1.9711290295160110e-03
9.6146079537636311e+00 -1.9692117772460121e-03
9.6162243247298473e+00 -1.9672963630421379e-03
9.6178406956960654e+00 -1.9653827851831445e-03
9.6194570666622834e+00 -1.9634710419493438e-03
9.6210734376284996e+00 -1.9615611316225940e-03
9.6226898085947177e+00 -1.9596530524862814e-03
9.6243061795609357e+00 -1.9577468028253459e-03
9.6259225505271520e+00 -1.9558423809262681e-03
9.6275389214933700e+00 -1.9539397850770542e-03
9.6291552924595880e+00 -1.9520390135672602e-03
9.6307716634258043e+00 -1.9501400646879784e-03
9.6323880343920223e+00 -1.9482429367318234e-03
9.6340044053582385e+00 -1.9463476279929558e-03
9.6356207763244566e+00 -1.9444541367670640e-03
9.6372371472906746e+00 -1.9425624613513650e-03
9.6388535182568909e+00 -1.9406726000446117e-03
9.6404698892231089e+00 -1.9387845511470803e-03
9.6420862601893269e+00 -1.9368983129605733e-03
9.6437026311555432e+00 -1.9350138837884259e-03
9.6453190021217612e+00 -1.9331312619354918e-03
9.6469353730879774e+00 -1.9312504457081486e-03
9.6485517440541955e+00 -1.9293714334142980e-03
9.6501681150204135e+00 -1.9274942233633637e-03
9.6517844859866297e+00 -1.9256188138662871e-03
9.6534008569528478e+00 -1.9237452032355262e-03
9.6550172279190658e+00 -1.9218733897850618e-03
9.6566335988852821e+00 -1.9200033718303859e-03
9.6582499698515001e+00 -1.9181351476885041e-03
9.6598663408177181e+00 -1.9162687156779421e-03
9.6614827117839344e+00 -1.9144040741187300e-03
9.6630990827501524e+00 -1.9125412213324127e-03
9.6647154537163686e+00 -1.9106801556420488e-03
9.6663318246825867e+00 -1.9088208753721941e-03
9.6679481956488047e+00 -1.9069633788489214e-03
9.6695645666150210e+00 -1.9051076643998102e-03
9.6711809375812390e+00 -1.9032537303539331e-03
9.6727973085474570e+00 -1.9014015750418794e-03
9.6744136795136733e+00 -1.8995511967957372e-03
9.6760300504798913e+00 -1.8977025939490872e-03
9.6776464214461093e+00 -1.8958557648370183e-03
9.6792627924123256e+00 -1.8940107077961214e-03
9.6808791633785436e+00 -1.8921674211644706e-03
9.6824955343447598e+00 -1.8903259032816504e-03
9.6841119053109779e+00 -1.8884861524887310e-03
9.6857282762771959e+00 -1.8866481671282779e-03
9.6873446472434122e+00 -1.8848119455443550e-03
9.6889610182096302e+00 -1.8829774860825090e-03
9.6905773891758482e+00 -1.8811447870897783e-03
9.6921937601420645e+00 -1.8793138469146964e-03
9.6938101311082825e+00 -1.8774846639072762e-03
9.6954265020745005e+00 -1.8756572364190172e-03
9.6970428730407168e+00 -1.8738315628029115e-03
9.6986592440069348e+00 -1.8720076414134275e-03
9.7002756149731511e+00 -1.8701854706065179e-03
9.7018919859393691e+00 -1.8683650487396146e-03
9.7035083569055871e+00 -1.8665463741716368e-03
9.7051247278718034e+00 -1.8647294452629735e-03
9.7067410988380214e+00 -1.8629142603754959e-03
9.7083574698042394e+00 -1.8611008178725534e-03
9.7099738407704557e+00 -1.8592891161189641e-03
9.7115902117366737e+00 -1.8574791534810237e-03
9.7132065827028917e+00 -1.8556709283265047e-03
9.7148229536691080e+00 -1.8538644390246437e-03
9.7164393246353260e+00 -1.8520596839461487e-03
9.7180556956015423e+00 -1.8502566614632052e-03
9.7196720665677603e+00 -1.8484553699494521e-03
9.7212884375339783e+00 -1.8466558077800048e-03
9.7229048085001946e+00 -1.8448579733314472e-03
9.7245211794664126e+00 -1.8430618649818134e-03
9.7261375504326306e+00 -1.8412674811106131e-03
9.7277539213988469e+00 -1.8394748200988159e-03
9.7293702923650649e+00 -1.8376838803288431e-03
9.7309866633312829e+00 -1.8358946601845854e-03
9.7326030342974992e+00 -1.8341071580513894e-03
9.7342194052637172e+00 -1.8323213723160509e-03
9.7358357762299335e+00 -1.8305373013668311e-03
9.7374521471961515e+00 -1.8287549435934405e-03
9.7390685181623695e+00 -1.8269742973870422e-03
9.7406848891285858e+00 -1.8251953611402557e-03
9.7423012600948038e+00 -1.8234181332471467e-03
9.7439176310610218e+00 -1.8216426121032301e-03
9.7455340020272381e+00 -1.8198687961054761e-03
9.7471503729934561e+00 -1.8180966836522936e-03
9.7487667439596724e+00 -1.8163262731435417e-03
9.7503831149258904e+00 -1.8145575629805214e-03
9.7519994858921084e+00 -1.8127905515659822e-03
9.7536158568583247e+00 -1.8110252373041121e-03
9.7552322278245427e+00 -1.8092616186005403e-03
9.7568485987907607e+00 -1.8074996938623375e-03
9.7584649697569770e+00 -1.8057394614980117e-03
9.7600813407231950e+00 -1.8039809199175076e-03
9.7616977116894130e+00 -1.8022240675322106e-03
9.7633140826556293e+00 -1.8004689027549369e-03
9.7649304536218473e+00 -1.7987154239999363e-03
9.7665468245880636e+00 -1.7969636296828969e-03
9.7681631955542816e+00 -1.7952135182209290e-03
9.7697795665204996e+00 -1.7934650880325820e-03
9.7713959374867159e+00 -1.7917183375378335e-03
9.7730123084529339e+00 -1.7899732651580804e-03
9.7746286794191519e+00 -1.7882298693161556e-03
9.7762450503853682e+00 -1.7864881484363178e-03
9.7778614213515862e+00 -1.7847481009442411e-03
9.7794777923178042e+00 -1.7830097252670308e-03
9.7810941632840205e+00 -1.7812730198332166e-03
9.7827105342502385e+00 -1.7795379830727357e-03
9.7843269052164548e+00 -1.7778046134169590e-03
9.7859432761826728e+00 -1.7760729092986692e-03
9.7875596471488908e+00 -1.7743428691520656e-03
9.7891760181151071e+00 -1.7726144914127690e-03
9.7907923890813251e+00 -1.7708877745178089e-03
9.7924087600475431e+00 -1.7691627169056300e-03
9.7940251310137594e+00 -1.7674393170160937e-03
9.7956415019799774e+00 -1.7657175732904682e-03
9.7972578729461954e+00 -1.7639974841714310e-03
9.7988742439124117e+00 -1.7622790481030745e-03
9.8004906148786297e+00 -1.7605622635308914e-03
9.8021069858448460e+00 -1.7588471289017912e-03
9.8037233568110640e+00 -1.7571336426640738e-03
9.8053397277772820e+00 -1.7554218032674567e-03
9.8069560987434983e+00 -1.7537116091630590e-03
9.8085724697097163e+00 -1.7520030588033908e-03
9.8101888406759343e+00 -1.7502961506423750e-03
9.8118052116421506e+00 -1.7485908831353328e-03
9.8134215826083686e+00 -1.7468872547389742e-03
9.8150379535745866e+00 -1.7451852639114155e-03
9.8166543245408029e+00 -1.7434849091121703e-03
9.8182706955070209e+00 -1.7417861888021368e-03
9.8198870664732372e+00 -1.7400891014436198e-03
9.8215034374394552e+00 -1.7383936455003029e-03
9.8231198084056732e+00 -1.7366998194372726e-03
9.8247361793718895e+00 -1.7350076217210022e-03
9.8263525503381075e+00 -1.7333170508193518e-03
9.8279689213043255e+00 -1.7316281052015699e-03
9.8295852922705418e+00 -1.7299407833382950e-03
9.8312016632367598e+00 -1.7282550837015478e-03
9.8328180342029761e+00 -1.7265710047647330e-03
9.8344344051691941e+00 -1.7248885450026393e-03
9.8360507761354121e+00 -1.7232077028914408e-03
9.8376671471016284e+00 -1.7215284769086876e-03
9.8392835180678464e+00 -1.7198508655333110e-03
9.8408998890340644e+00 -1.7181748672456241e-03
9.8425162600002807e+00 -1.7165004805273132e-03
9.8441326309664987e+00 -1.7148277038614411e-03
9.8457490019327167e+00 -1.7131565357324503e-03
9.8473653728989330e+00 -1.7114869746261516e-03
9.8489817438651510e+00 -1.7098190190297311e-03
9.8505981148313673e+00 -1.7081526674317499e-03
9.8522144857975853e+00 -1.7064879183221302e-03
9.8538308567638033e+00 -1.7048247701921722e-03
9.8554472277300196e+00 -1.7031632215345467e-03
9.8570635986962376e+00 -1.7015032708432769e-03
9.8586799696624556e+00 -1.6998449166137674e-03
9.8602963406286719e+00 -1.6981881573427835e-03
9.8619127115948899e+00 -1.6965329915284450e-03
9.8635290825611079e+00 -1.6948794176702452e-03
9.8651454535273242e+00 -1.6932274342690394e-03
9.8667618244935422e+00 -1.6915770398270291e-03
9.8683781954597585e+00 -1.6899282328477921e-03
9.8699945664259765e+00 -1.6882810118362518e-03
9.8716109373921945e+00 -1.6866353752986918e-03
9.8732273083584108e+00 -1.6849913217427566e-03
9.8748436793246288e+00 -1.6833488496774368e-03
9.8764600502908468e+00 -1.6817079576130797e-03
9.8780764212570631e+00 -1.6800686440613880e-03
9.8796927922232811e+00 -1.6784309075354126e-03
9.8813091631894991e+00 -1.6767947465495491e-03
9.8829255341557154e+00 -1.6751601596195521e-03
9.8845419051219334e+00 -1.6735271452625183e-03
9.8861582760881497e+00 -1.6718957019968886e-03
9.8877746470543677e+00 -1.6702658283424523e-03
9.8893910180205857e+00 -1.6686375228203436e-03
9.8910073889868020e+00 -1.6670107839530394e-03
9.8926237599530200e+00 -1.6653856102643548e-03
9.8942401309192380e+00 -1.6637620002794508e-03
9.8958565018854543e+00 -1.6621399525248257e-03
9.8974728728516723e+00 -1.6605194655283124e-03
9.8990892438178903e+00 -1.6589005378190920e-03
9.9007056147841066e+00 -1.6572831679276699e-03
9.9023219857503246e+00 -1.6556673543858939e-03
9.9039383567165409e+00 -1.6540530957269448e-03
9.9055547276827589e+00 -1.6524403904853318e-03
9.9071710986489769e+00 -1.6508292371968996e-03
9.9087874696151932e+00 -1.6492196343988296e-03
9.9104038405814112e+00 -1.6476115806296171e-03
9.9120202115476292e+00 -1.6460050744291012e-03
9.9136365825138455e+00 -1.6444001143384411e-03
9.9152529534800635e+00 -1.6427966989001205e-03
9.9168693244462816e+00 -1.6411948266579512e-03
9.9184856954124978e+00 -1.6395944961570738e-03
9.9201020663787158e+00 -1.6379957059439395e-03
9.9217184373449321e+00 -1.6363984545663304e-03
9.9233348083111501e+00 -1.6348027405733482e-03
9.9249511792773681e+00 -1.6332085625154077e-03
9.9265675502435844e+00 -1.6316159189442530e-03
9.9281839212098024e+00 -1.6300248084129344e-03
9.9298002921760204e+00 -1.6284352294758256e-03
9.9314166631422367e+00 -1.6268471806886117e-03
9.9330330341084547e+00 -1.6252606606082943e-03
9.9346494050746710e+00 -1.6236756677931832e-03
9.9362657760408890e+00 -1.6220922008029050e-03
9.9378821470071070e+00 -1.6205102581983927e-03
9.9394985179733233e+00 -1.6189298385418935e-03
9.9411148889395413e+00 -1.6173509403969552e-03
9.9427312599057593e+00 -1.6157735623284425e-03
9.9443476308719756e+00 -1.6141977029025198e-03
9.9459640018381936e+00 -1.6126233606866542e-03
9.9475803728044117e+00 -1.6110505342496256e-03
9.9491967437706279e+00 -1.6094792221615075e-03
9.9508131147368459e+00 -1.6079094229936807e-03
9.9524294857030622e+00 -1.6063411353188257e-03
9.9540458566692802e+00 -1.6047743577109184e-03
9.9556622276354982e+00 -1.6032090887452368e-03
9.9572785986017145e+00 -1.6016453269983610e-03
9.9588949695679325e+00 -1.6000830710481528e-03
9.9605113405341505e+00 -1.5985223194737838e-03
9.9621277115003668e+00 -1.5969630708557144e-03
9.9637440824665848e+00 -1.5954053237756931e-03
9.9653604534328029e+00 -1.5938490768167655e-03
9.9669768243990191e+00 -1.5922943285632716e-03
9.9685931953652371e+00 -1.5907410776008287e-03
9.9702095663314534e+00 -1.5891893225163526e-03
9.9718259372976714e+00 -1.5876390618980447e-03
9.9734423082638894e+00 -1.5860902943353884e-03
9.9750586792301057e+00 -1.5845430184191602e-03
9.9766750501963237e+00 -1.5829972327414126e-03
9.9782914211625418e+00 -1.5814529358954847e-03
9.9799077921287580e+00 -1.5799101264759982e-03
9.9815241630949760e+00 -1.5783688030788553e-03
9.9831405340611941e+00 -1.5768289643012334e-03
9.9847569050274103e+00 -1.5752906087415984e-03
9.9863732759936283e+00 -1.5737537349996833e-03
9.9879896469598446e+00 -1.5722183416765044e-03
9.9896060179260626e+00 -1.5706844273743476e-03
9.9912223888922806e+00 -1.5691519906967811e-03
9.9928387598584969e+00 -1.5676210302486397e-03
9.9944551308247149e+00 -1.5660915446360293e-03
9.9960715017909330e+00 -1.5645635324663353e-03
9.9976878727571492e+00 -1.5630369923482041e-03
9.9993042437233672e+00 -1.5615119228915546e-03
1.0000920614689585e+01 -1.5599883227075740e-03
1.0002536985655802e+01 -1.5584661904087175e-03
1.0004153356622020e+01 -1.5569455246086990e-03
1.0005769727588236e+01 -1.5554263239225105e-03
1.0007386098554454e+01 -1.5539085869663888e-03
1.0009002469520672e+01 -1.5523923123578495e-03
1.0010618840486888e+01 -1.5508774987156636e-03
1.0012235211453106e+01 -1.5493641446598593e-03
1.0013851582419324e+01 -1.5478522488117264e-03
1.0015467953385540e+01 -1.5463418097938191e-03
1.0017084324351758e+01 -1.5448328262299353e-03
1.0018700695317975e+01 -1.5433252967451390e-03
1.0020317066284193e+01 -1.5418192199657488e-03
1.0021933437250411e+01 -1.5403145945193290e-03
1.0023549808216627e+01 -1.5388114190347086e-03
1.0025166179182845e+01 -1.5373096921419574e-03
1.0026782550149063e+01 -1.5358094124724047e-03
1.0028398921115279e+01 -1.5343105786586211e-03
1.0030015292081497e+01 -1.5328131893344310e-03
1.0031631663047715e+01 -1.5313172431349060e-03
1.0033248034013932e+01 -1.5298227386963625e-03
1.0034864404980150e+01 -1.5283296746563596e-03
1.0036480775946366e+01 -1.5268380496537108e-03
1.0038097146912584e+01 -1.5253478623284561e-03
1.0039713517878802e+01 -1.5238591113218940e-03
1.0041329888845018e+01 -1.5223717952765582e-03
1.0042946259811236e+01 -1.5208859128362127e-03
1.0044562630777454e+01 -1.5194014626458770e-03
1.0046179001743671e+01 -1.5179184433518004e-03
1.0047795372709889e+01 -1.5164368536014633e-03
1.0049411743676107e+01 -1.5149566920435909e-03
1.0051028114642323e+01 -1.5134779573281448e-03
1.0052644485608541e+01 -1.5120006481063053e-03
1.0054260856574757e+01 -1.5105247630305041e-03
1.0055877227540975e+01 -1.5090503007543906e-03
1.0057493598507193e+01 -1.5075772599328504e-03
1.0059109969473409e+01 -1.5061056392219995e-03
1.0060726340439627e+01 -1.5046354372791797e-03
1.0062342711405845e+01 -1.5031666527629585e-03
1.0063959082372062e+01 -1.5016992843331369e-03
1.0065575453338280e+01 -1.5002333306507326e-03
1.0067191824304498e+01 -1.4987687903779919e-03
1.0068808195270714e+01 -1.4973056621783861e-03
1.0070424566236932e+01 -1.4958439447166022e-03
1.0072040937203148e+01 -1.4943836366585555e-03
1.0073657308169366e+01 -1.4929247366713726e-03
1.0075273679135584e+01 -1.4914672434234110e-03
1.0076890050101801e+01 -1.4900111555842344e-03
1.0078506421068019e+01 -1.4885564718246298e-03
1.0080122792034237e+01 -1.4871031908165982e-03
1.0081739163000453e+01 -1.4856513112333583e-03
1.0083355533966671e+01 -1.4842008317493343e-03
1.0084971904932889e+01 -1.4827517510401752e-03
1.0086588275899105e+01 -1.4813040677827307e-03
1.0088204646865323e+01 -1.4798577806550662e-03
1.0089821017831540e+01 -1.4784128883364583e-03
1.0091437388797758e+01 -1.4769693895073865e-03
1.0093053759763976e+01 -1.4755272828495425e-03
1.0094670130730192e+01 -1.4740865670458242e-03
1.0096286501696410e+01 -1.4726472407803328e-03
1.0097902872662628e+01 -1.4712093027383726e-03
1.0099519243628844e+01 -1.4697727516064598e-03
1.0101135614595062e+01 -1.4683375860722987e-03
1.0102751985561278e+01 -1.4669038048248106e-03
1.0104368356527496e+01 -1.4654714065541030e-03
1.0105984727493714e+01 -1.4640403899514919e-03
1.0107601098459931e+01 -1.4626107537094883e-03
1.0109217469426149e+01 -1.4611824965218014e-03
1.0110833840392367e+01 -1.4597556170833324e-03
1.0112450211358583e+01 -1.4583301140901862e-03
1.0114066582324801e+01 -1.4569059862396519e-03
1.0115682953291019e+01 -1.4554832322302188e-03
1.0117299324257235e+01 -1.4540618507615664e-03
1.0118915695223453e+01 -1.4526418405345623e-03
1.0120532066189670e+01 -1.4512232002512682e-03
1.0122148437155888e+01 -1.4498059286149302e-03
1.0123764808122106e+01 -1.4483900243299891e-03
1.0125381179088322e+01 -1.4469754861020658e-03
1.0126997550054540e+01 -1.4455623126379707e-03
1.0128613921020758e+01 -1.4441505026456978e-03
1.0130230291986974e+01 -1.4427400548344283e-03
1.0131846662953192e+01 -1.4413309679145176e-03
1.0133463033919410e+01 -1.4399232405975153e-03
1.0135079404885627e+01 -1.4385168715961411e-03
1.0136695775851845e+01 -1.4371118596242997e-03
1.0138312146818061e+01 -1.4357082033970750e-03
1.0139928517784279e+01 -1.4343059016307246e-03
1.0141544888750497e+01 -1.4329049530426869e-03
1.0143161259716713e+01 -1.4315053563515763e-03
1.0144777630682931e+01 -1.4301071102771762e-03
1.0146394001649149e+01 -1.4287102135404496e-03
1.0148010372615365e+01 -1.4273146648635343e-03
1.0149626743581583e+01 -1.4259204629697281e-03
1.0151243114547801e+01 -1.4245276065835138e-03
1.0152859485514018e+01 -1.4231360944305358e-03
1.0154475856480236e+01 -1.4217459252376064e-03
1.0156092227446452e+01 -1.4203570977327103e-03
1.0157708598412670e+01 -1.4189696106449961e-03
1.0159324969378888e+01 -1.4175834627047762e-03
1.0160941340345104e+01 -1.4161986526435343e-03
1.0162557711311322e+01 -1.4148151791939084e-03
1.0164174082277540e+01 -1.4134330410897063e-03
1.0165790453243757e+01 -1.4120522370658969e-03
1.0167406824209975e+01 -1.4106727658586048e-03
1.0169023195176193e+01 -1.4092946262051185e-03
1.0170639566142409e+01 -1.4079178168438853e-03
1.0172255937108627e+01 -1.4065423365145085e-03
1.0173872308074843e+01 -1.4051681839577473e-03
1.0175488679041061e+01 -1.4037953579155184e-03
1.0177105050007279e+01 -1.4024238571308920e-03
1.0178721420973496e+01 -1.4010536803480949e-03
1.0180337791939714e+01 -1.3996848263124991e-03
1.0181954162905932e+01 -1.3983172937706385e-03
1.0183570533872148e+01 -1.3969510814701891e-03
1.0185186904838366e+01 -1.3955861881599807e-03
1.0186803275804584e+01 -1.3942226125899912e-03
1.0188419646770800e+01 -1.3928603535113473e-03
1.0190036017737018e+01 -1.3914994096763163e-03
1.0191652388703234e+01 -1.3901397798383233e-03
1.0193268759669452e+01 -1.3887814627519235e-03
1.0194885130635670e+01 -1.3874244571728249e-03
1.0196501501601887e+01 -1.3860687618578811e-03
1.0198117872568105e+01 -1.3847143755650760e-03
1.0199734243534323e+01 -1.3833612970535439e-03
1.0201350614500539e+01 -1.3820095250835589e-03
1.0202966985466757e+01 -1.3806590584165264e-03
1.0204583356432973e+01 -1.3793098958149962e-03
1.0206199727399191e+01 -1.3779620360426538e-03
1.0207816098365409e+01 -1.3766154778643157e-03
1.0209432469331626e+01 -1.3752702200459431e-03
1.0211048840297844e+01 -1.3739262613546204e-03
1.0212665211264062e+01 -1.3725836005585715e-03
1.0214281582230278e+01 -1.3712422364271495e-03
1.0215897953196496e+01 -1.3699021677308419e-03
1.0217514324162714e+01 -1.3685633932412607e-03
1.0219130695128930e+01 -1.3672259117311497e-03
1.0220747066095148e+01 -1.3658897219743834e-03
1.0222363437061365e+01 -1.3645548227459582e-03
1.0223979808027583e+01 -1.3632212128219989e-03
1.0225596178993801e+01 -1.3618888909797556e-03
1.0227212549960017e+01 -1.3605578559976073e-03
1.0228828920926235e+01 -1.3592281066550427e-03
1.0230445291892453e+01 -1.3578996417326870e-03
1.0232061662858669e+01 -1.3565724600122808e-03
1.0233678033824887e+01 -1.3552465602766819e-03
1.0235294404791105e+01 -1.3539219413098707e-03
1.0236910775757321e+01 -1.3525986018969505e-03
1.0238527146723539e+01 -1.3512765408241285e-03
1.0240143517689756e+01 -1.3499557568787458e-03
1.0241759888655974e+01 -1.3486362488492414e-03
1.0243376259622192e+01 -1.3473180155251796e-03
1.0244992630588408e+01 -1.3460010556972403e-03
1.0246609001554626e+01 -1.3446853681572037e-03
1.0248225372520844e+01 -1.3433709516979730e-03
1.0249841743487060e+01 -1.3420578051135579e-03
1.0251458114453278e+01 -1.3407459271990772e-03
1.0253074485419496e+01 -1.3394353167507566e-03
1.0254690856385713e+01 -1.3381259725659359e-03
1.0256307227351931e+01 -1.3368178934430532e-03
1.0257923598318147e+01 -1.3355110781816586e-03
1.0259539969284365e+01 -1.3342055255824025e-03
1.0261156340250583e+01 -1.3329012344470445e-03
1.0262772711216799e+01 -1.3315982035784415e-03
1.0264389082183017e+01 -1.3302964317805550e-03
1.0266005453149235e+01 -1.3289959178584493e-03
1.0267621824115452e+01 -1.3276966606182838e-03
1.0269238195081670e+01 -1.3263986588673200e-03
1.0270854566047888e+01 -1.3251019114139183e-03
1.0272470937014104e+01 -1.3238064170675357e-03
1.0274087307980322e+01 -1.3225121746387207e-03
1.0275703678946538e+01 -1.3212191829391283e-03
1.0277320049912756e+01 -1.3199274407814925e-03
1.0278936420878974e+01 -1.3186369469796527e-03
1.0280552791845190e+01 -1.3173477003485382e-03
1.0282169162811408e+01 -1.3160596997041640e-03
1.0283785533777626e+01 -1.3147729438636405e-03
1.0285401904743843e+01 -1.3134874316451724e-03
1.0287018275710061e+01 -1.3122031618680384e-03
1.0288634646676277e+01 -1.3109201333526212e-03
1.0290251017642495e+01 -1.3096383449203786e-03
1.0291867388608713e+01 -1.3083577953938576e-03
1.0293483759574929e+01 -1.3070784835966950e-03
1.0295100130541147e+01 -1.3058004083536033e-03
1.0296716501507365e+01 -1.3045235684903825e-03
1.0298332872473582e+01 -1.3032479628339144e-03
1.0299949243439800e+01 -1.3019735902121620e-03
1.0301565614406018e+01 -1.3007004494541637e-03
1.0303181985372234e+01 -1.2994285393900468e-03
1.0304798356338452e+01 -1.2981578588510065e-03
1.0306414727304668e+01 -1.2968884066693216e-03
1.0308031098270886e+01 -1.2956201816783422e-03
1.0309647469237104e+01 -1.2943531827125016e-03
1.0311263840203321e+01 -1.2930874086072993e-03
1.0312880211169539e+01 -1.2918228581993124e-03
1.0314496582135757e+01 -1.2905595303261907e-03
1.0316112953101973e+01 -1.2892974238266561e-03
1.0317729324068191e+01 -1.2880365375404967e-03
1.0319345695034409e+01 -1.2867768703085753e-03
1.0320962066000625e+01 -1.2855184209728241e-03
1.0322578436966843e+01 -1.2842611883762368e-03
1.0324194807933059e+01 -1.2830051713628842e-03
1.0325811178899277e+01 -1.2817503687778896e-03
1.0327427549865495e+01 -1.2804967794674547e-03
1.0329043920831712e+01 -1.2792444022788397e-03
1.0330660291797930e+01 -1.2779932360603658e-03
1.0332276662764148e+01 -1.2767432796614185e-03
1.0333893033730364e+01 -1.2754945319324502e-03
1.0335509404696582e+01 -1.2742469917249614e-03
1.0337125775662800e+01 -1.2730006578915241e-03
1.0338742146629016e+01 -1.2717555292857650e-03
1.0340358517595234e+01 -1.2705116047623645e-03
1.0341974888561451e+01 -1.2692688831770667e-03
1.0343591259527669e+01 -1.2680273633866638e-03
1.0345207630493887e+01 -1.2667870442490102e-03
1.0346824001460103e+01 -1.2655479246230100e-03
1.0348440372426321e+01 -1.2643100033686229e-03
1.0350056743392539e+01 -1.2630732793468568e-03
1.0351673114358755e+01 -1.2618377514197778e-03
1.0353289485324973e+01 -1.2606034184504944e-03
1.0354905856291191e+01 -1.2593702793031699e-03
1.0356522227257408e+01 -1.2581383328430147e-03
1.0358138598223626e+01 -1.2569075779362865e-03
1.0359754969189842e+01 -1.2556780134502894e-03
1.0361371340156060e+01 -1.2544496382533737e-03
1.0362987711122278e+01 -1.2532224512149341e-03
1.0364604082088494e+01 -1.2519964512054122e-03
1.0366220453054712e+01 -1.2507716370962860e-03
1.0367836824020930e+01 -1.2495480077600824e-03
1.0369453194987146e+01 -1.2483255620703675e-03
1.0371069565953364e+01 -1.2471042989017436e-03
1.0372685936919583e+01 -1.2458842171298602e-03
1.0374302307885799e+01 -1.2446653156313976e-03
1.0375918678852017e+01 -1.2434475932840779e-03
1.0377535049818233e+01 -1.2422310489666603e-03
1.0379151420784451e+01 -1.2410156815589363e-03
1.0380767791750669e+01 -1.2398014899417345e-03
1.0382384162716885e+01 -1.2385884729969217e-03
1.0384000533683103e+01 -1.2373766296073859e-03
1.0385616904649321e+01 -1.2361659586570598e-03
1.0387233275615538e+01 -1.2349564590309020e-03
1.0388849646581756e+01 -1.2337481296149004e-03
1.0390466017547972e+01 -1.2325409692960742e-03
1.0392082388514190e+01 -1.2313349769624699e-03
1.0393698759480408e+01 -1.2301301515031619e-03
1.0395315130446624e+01 -1.2289264918082527e-03
1.0396931501412842e+01 -1.2277239967688706e-03
1.0398547872379060e+01 -1.2265226652771642e-03
1.0400164243345277e+01 -1.2253224962263144e-03
1.0401780614311495e+01 -1.2241234885105173e-03
1.0403396985277713e+01 -1.2229256410249958e-03
1.0405013356243929e+01 -1.2217289526659930e-03
1.0406629727210147e+01 -1.2205334223307730e-03
1.0408246098176363e+01 -1.2193390489176178e-03
1.0409862469142581e+01 -1.2181458313258288e-03
1.0411478840108799e+01 -1.2169537684557264e-03
1.0413095211075015e+01 -1.2157628592086480e-03
1.0414711582041233e+01 -1.2145731024869428e-03
1.0416327953007452e+01 -1.2133844971939809e-03
1.0417944323973668e+01 -1.2121970422341443e-03
1.0419560694939886e+01 -1.2110107365128242e-03
1.0421177065906104e+01 -1.2098255789364334e-03
1.0422793436872320e+01 -1.2086415684123874e-03
1.0424409807838538e+01 -1.2074587038491157e-03
1.0426026178804754e+01 -1.2062769841560612e-03
1.0427642549770972e+01 -1.2050964082436679e-03
1.0429258920737190e+01 -1.2039169750233923e-03
1.0430875291703407e+01 -1.2027386834077035e-03
1.0432491662669625e+01 -1.2015615323100631e-03
1.0434108033635843e+01 -1.2003855206449514e-03
1.0435724404602059e+01 -1.1992106473278478e-03
1.0437340775568277e+01 -1.1980369112752326e-03
1.0438957146534495e+01 -1.1968643114045922e-03
1.0440573517500711e+01 -1.1956928466344188e-03
1.0442189888466929e+01 -1.1945225158841940e-03
1.0443806259433146e+01 -1.1933533180744100e-03
1.0445422630399364e+01 -1.1921852521265552e-03
1.0447039001365582e+01 -1.1910183169631121e-03
1.0448655372331798e+01 -1.1898525115075689e-03
1.0450271743298016e+01 -1.1886878346844014e-03
1.0451888114264234e+01 -1.1875242854190900e-03
1.0453504485230450e+01 -1.1863618626381013e-03
1.0455120856196668e+01 -1.1852005652689013e-03
1.0456737227162886e+01 -1.1840403922399477e-03
1.0458353598129102e+01 -1.1828813424806909e-03
1.0459969969095321e+01 -1.1817234149215691e-03
1.0461586340061537e+01 -1.1805666084940194e-03
1.0463202711027755e+01 -1.1794109221304561e-03
1.0464819081993973e+01 -1.1782563547642927e-03
1.0466435452960189e+01 -1.1771029053299290e-03
1.0468051823926407e+01 -1.1759505727627442e-03
1.0469668194892625e+01 -1.1747993559991124e-03
1.0471284565858841e+01 -1.1736492539763900e-03
1.0472900936825059e+01 -1.1725002656329151e-03
1.0474517307791276e+01 -1.1713523899080128e-03
1.0476133678757494e+01 -1.1702056257419905e-03
1.0477750049723712e+01 -1.1690599720761330e-03
1.0479366420689928e+01 -1.1679154278527138e-03
1.0480982791656146e+01 -1.1667719920149789e-03
1.0482599162622364e+01 -1.1656296635071575e-03
1.0484215533588580e+01 -1.1644884412744566e-03
1.0485831904554798e+01 -1.1633483242630607e-03
1.0487448275521016e+01 -1.1622093114201277e-03
1.0489064646487233e+01 -1.1610714016937989e-03
1.0490681017453451e+01 -1.1599345940331827e-03
1.0492297388419667e+01 -1.1587988873883633e-03
1.0493913759385885e+01 -1.1576642807104008e-03
1.0495530130352103e+01 -1.1565307729513256e-03
1.0497146501318319e+01 -1.1553983630641410e-03
1.0498762872284537e+01 -1.1542670500028168e-03
1.0500379243250755e+01 -1.1531368327222997e-03
1.0501995614216971e+01 -1.1520077101784985e-03
1.0503611985183190e+01 -1.1508796813282931e-03
1.0505228356149408e+01 -1.1497527451295301e-03
1.0506844727115624e+01 -1.1486269005410242e-03
1.0508461098081842e+01 -1.1475021465225501e-03
1.0510077469048058e+01 -1.1463784820348567e-03
1.0511693840014276e+01 -1.1452559060396437e-03
1.0513310210980494e+01 -1.1441344174995861e-03
1.0514926581946710e+01 -1.1430140153783162e-03
1.0516542952912928e+01 -1.1418946986404218e-03
1.0518159323879146e+01 -1.1407764662514609e-03
1.0519775694845363e+01 -1.1396593171779459e-03
1.0521392065811581e+01 -1.1385432503873468e-03
1.0523008436777799e+01 -1.1374282648480933e-03
1.0524624807744015e+01 -1.1363143595295754e-03
1.0526241178710233e+01 -1.1352015334021306e-03
1.0527857549676449e+01 -1.1340897854370605e-03
1.0529473920642667e+01 -1.1329791146066155e-03
1.0531090291608885e+01 -1.1318695198840026e-03
1.0532706662575102e+01 -1.1307610002433805e-03
1.0534323033541320e+01 -1.1296535546598606e-03
1.0535939404507538e+01 -1.1285471821095019e-03
1.0537555775473754e+01 -1.1274418815693211e-03
1.0539172146439972e+01 -1.1263376520172766e-03
1.0540788517406190e+01 -1.1252344924322778e-03
1.0542404888372406e+01 -1.1241324017941855e-03
1.0544021259338624e+01 -1.1230313790838017e-03
1.0545637630304840e+01 -1.1219314232828797e-03
1.0547254001271058e+01 -1.1208325333741118e-03
1.0548870372237277e+01 -1.1197347083411432e-03
1.0550486743203493e+01 -1.1186379471685545e-03
1.0552103114169711e+01 -1.1175422488418731e-03
1.0553719485135929e+01 -1.1164476123475687e-03
1.0555335856102145e+01 -1.1153540366730509e-03
1.0556952227068363e+01 -1.1142615208066672e-03
1.0558568598034581e+01 -1.1131700637377110e-03
1.0560184969000797e+01 -1.1120796644564068e-03
1.0561801339967015e+01 -1.1109903219539217e-03
1.0563417710933232e+01 -1.1099020352223596e-03
1.0565034081899450e+01 -1.1088148032547562e-03
1.0566650452865668e+01 -1.1077286250450865e-03
1.0568266823831884e+01 -1.1066434995882610e-03
1.0569883194798102e+01 -1.1055594258801184e-03
1.0571499565764320e+01 -1.1044764029174341e-03
1.0573115936730536e+01 -1.1033944296979187e-03
1.0574732307696754e+01 -1.1023135052202039e-03
1.0576348678662971e+01 -1.1012336284838629e-03
1.0577965049629189e+01 -1.1001547984893902e-03
1.0579581420595407e+01 -1.0990770142382132e-03
1.0581197791561623e+01 -1.0980002747326858e-03
1.0582814162527841e+01 -1.0969245789760904e-03
1.0584430533494059e+01 -1.0958499259726313e-03
1.0586046904460275e+01 -1.0947763147274446e-03
1.0587663275426493e+01 -1.0937037442465859e-03
1.0589279646392711e+01 -1.0926322135370356e-03
1.0590896017358927e+01 -1.0915617216066995e-03
1.0592512388325146e+01 -1.0904922674644017e-03
1.0594128759291362e+01 -1.0894238501198909e-03
1.0595745130257580e+01 -1.0883564685838323e-03
1.0597361501223798e+01 -1.0872901218678176e-03
1.0598977872190014e+01 -1.0862248089843493e-03
1.0600594243156232e+01 -1.0851605289468531e-03
1.0602210614122450e+01 -1.0840972807696712e-03
1.0603826985088666e+01 -1.0830350634680611e-03
1.0605443356054884e+01 -1.0819738760581940e-03
1.0607059727021102e+01 -1.0809137175571630e-03
1.0608676097987319e+01 -1.0798545869829662e-03
1.0610292468953537e+01 -1.0787964833545202e-03
1.0611908839919753e+01 -1.0777394056916542e-03
1.0613525210885971e+01 -1.0766833530151054e-03
1.0615141581852189e+01 -1.0756283243465242e-03
1.0616757952818405e+01 -1.0745743187084726e-03
1.0618374323784623e+01 -1.0735213351244165e-03
1.0619990694750841e+01 -1.0724693726187344e-03
1.0621607065717058e+01 -1.0714184302167149e-03
1.0623223436683276e+01 -1.0703685069445427e-03
1.0624839807649494e+01 -1.0693196018293203e-03
1.0626456178615710e+01 -1.0682717138990501e-03
1.0628072549581928e+01 -1.0672248421826364e-03
1.0629688920548144e+01 -1.0661789857098910e-03
1.0631305291514362e+01 -1.0651341435115277e-03
1.0632921662480580e+01 -1.0640903146191592e-03
1.0634538033446796e+01 -1.0630474980653042e-03
1.0636154404413015e+01 -1.0620056928833774e-03
1.0637770775379233e+01 -1.0609648981076945e-03
1.0639387146345449e+01 -1.0599251127734709e-03
1.0641003517311667e+01 -1.0588863359168180e-03
1.0642619888277885e+01 -1.0578485665747451e-03
1.0644236259244101e+01 -1.0568118037851588e-03
1.0645852630210319e+01 -1.0557760465868609e-03
1.0647469001176535e+01 -1.0547412940195456e-03
1.0649085372142753e+01 -1.0537075451238032e-03
1.0650701743108971e+01 -1.0526747989411164e-03
1.0652318114075188e+01 -1.0516430545138640e-03
1.0653934485041406e+01 -1.0506123108853069e-03
1.0655550856007624e+01 -1.0495825670996067e-03
1.0657167226973840e+01 -1.0485538222018110e-03
1.0658783597940058e+01 -1.0475260752378544e-03
1.0660399968906274e+01 -1.0464993252545642e-03
1.0662016339872492e+01 -1.0454735712996501e-03
1.0663632710838710e+01 -1.0444488124217131e-03
1.0665249081804927e+01 -1.0434250476702401e-03
1.0666865452771145e+01 -1.0424022760955986e-03
1.0668481823737363e+01 -1.0413804967490444e-03
1.0670098194703579e+01 -1.0403597086827204e-03
1.0671714565669797e+01 -1.0393399109496408e-03
1.0673330936636015e+01 -1.0383211026037142e-03
1.0674947307602231e+01 -1.0373032826997246e-03
1.0676563678568449e+01 -1.0362864502933378e-03
1.0678180049534665e+01 -1.0352706044410970e-03
1.0679796420500884e+01 -1.0342557442004272e-03
1.0681412791467102e+01 -1.0332418686296310e-03
1.0683029162433318e+01 -1.0322289767878885e-03
1.0684645533399536e+01 -1.0312170677352526e-03
1.0686261904365754e+01 -1.0302061405326594e-03
1.0687878275331970e+01 -1.0291961942419136e-03
1.0689494646298188e+01 -1.0281872279256960e-03
1.0691111017264406e+01 -1.0271792406475631e-03
1.0692727388230622e+01 -1.0261722314719405e-03
1.0694343759196840e+01 -1.0251661994641278e-03
1.0695960130163057e+01 -1.0241611436902969e-03
1.0697576501129275e+01 -1.0231570632174868e-03
1.0699192872095493e+01 -1.0221539571136069e-03
1.0700809243061709e+01 -1.0211518244474414e-03
1.0702425614027927e+01 -1.0201506642886315e-03
1.0704041984994145e+01 -1.0191504757076952e-03
1.0705658355960361e+01 -1.0181512577760133e-03
1.0707274726926579e+01 -1.0171530095658312e-03
1.0708891097892797e+01 -1.0161557301502605e-03
1.0710507468859014e+01 -1.0151594186032810e-03
1.0712123839825232e+01 -1.0141640739997257e-03
1.0713740210791448e+01 -1.0131696954153019e-03
1.0715356581757666e+01 -1.0121762819265709e-03
1.0716972952723884e+01 -1.0111838326109562e-03
1.0718589323690100e+01 -1.0101923465467471e-03
1.0720205694656318e+01 -1.0092018228130845e-03
1.0721822065622536e+01 -1.0082122604899741e-03
1.0723438436588753e+01 -1.0072236586582770e-03
1.0725054807554971e+01 -1.0062360163997132e-03
1.0726671178521189e+01 -1.0052493327968556e-03
1.0728287549487405e+01 -1.0042636069331390e-03
1.0729903920453623e+01 -1.0032788378928461e-03
1.0731520291419839e+01 -1.0022950247611203e-03
1.0733136662386057e+01 -1.0013121666239523e-03
1.0734753033352275e+01 -1.0003302625681920e-03
1.0736369404318491e+01 -9.9934931168153569e-04
1.0737985775284709e+01 -9.9836931305253315e-04
1.0739602146250927e+01 -9.9739026577058644e-04
1.0741218517217144e+01 -9.9641216892594280e-04
1.0742834888183362e+01 -9.9543502160970234e-04
1.0744451259149578e+01 -9.9445882291381211e-04
1.0746067630115796e+01 -9.9348357193106531e-04
1.0747684001082014e+01 -9.9250926775510187e-04
1.0749300372048230e+01 -9.9153590948041284e-04
1.0750916743014448e+01 -9.9056349620232432e-04
1.0752533113980666e+01 -9.8959202701701630e-04
1.0754149484946883e+01 -9.8862150102150843e-04
1.0755765855913101e+01 -9.8765191731366121e-04
1.0757382226879319e+01 -9.8668327499218020e-04
1.0758998597845535e+01 -9.8571557315661469e-04
1.0760614968811753e+01 -9.8474881090734596e-04
1.0762231339777969e+01 -9.8378298734560512e-04
1.0763847710744187e+01 -9.8281810157345548e-04
1.0765464081710405e+01 -9.8185415269380063e-04
1.0767080452676622e+01 -9.8089113981038485e-04
1.0768696823642840e+01 -9.7992906202778378e-04
1.0770313194609058e+01 -9.7896791845141352e-04
1.0771929565575274e+01 -9.7800770818752352e-04
1.0773545936541492e+01 -9.7704843034319955e-04
1.0775162307507710e+01 -9.7609008402635715e-04
1.0776778678473926e+01 -9.7513266834575144e-04
1.0778395049440144e+01 -9.7417618241096393e-04
1.0780011420406360e+01 -9.7322062533241140e-04
1.0781627791372578e+01 -9.7226599622133821e-04
1.0783244162338796e+01 -9.7131229418982409e-04
1.0784860533305013e+01 -9.7035951835077296e-04
1.0786476904271231e+01 -9.6940766781791917e-04
1.0788093275237449e+01 -9.6845674170582753e-04
1.0789709646203665e+01 -9.6750673912988515e-04
1.0791326017169883e+01 -9.6655765920630916e-04
1.0792942388136101e+01 -9.6560950105214203e-04
1.0794558759102317e+01 -9.6466226378525105e-04
1.0796175130068535e+01 -9.6371594652432460e-04
1.0797791501034752e+01 -9.6277054838888178e-04
1.0799407872000970e+01 -9.6182606849925438e-04
1.0801024242967188e+01 -9.6088250597660527e-04
1.0802640613933404e+01 -9.5993985994291607e-04
1.0804256984899622e+01 -9.5899812952098473e-04
1.0805873355865840e+01 -9.5805731383443230e-04
1.0807489726832056e+01 -9.5711741200770351e-04
1.0809106097798274e+01 -9.5617842316605051e-04
1.0810722468764492e+01 -9.5524034643555287e-04
1.0812338839730709e+01 -9.5430318094310478e-04
1.0813955210696927e+01 -9.5336692581641039e-04
1.0815571581663143e+01 -9.5243158018399839e-04
1.0817187952629361e+01 -9.5149714317520546e-04
1.0818804323595579e+01 -9.5056361392018539e-04
1.0820420694561795e+01 -9.4963099154990493e-04
1.0822037065528013e+01 -9.4869927519614311e-04
1.0823653436494231e+01 -9.4776846399148823e-04
1.0825269807460447e+01 -9.4683855706934516e-04
1.0826886178426665e+01 -9.4590955356392309e-04
1.0828502549392883e+01 -9.4498145261024443e-04
1.0830118920359100e+01 -9.4405425334413956e-04
1.0831735291325318e+01 -9.4312795490224808e-04
1.0833351662291534e+01 -9.4220255642201334e-04
1.0834968033257752e+01 -9.4127805704168955e-04
1.0836584404223970e+01 -9.4035445590033508e-04
1.0838200775190186e+01 -9.3943175213781417e-04
1.0839817146156404e+01 -9.3850994489479394e-04
1.0841433517122622e+01 -9.3758903331274716e-04
1.0843049888088839e+01 -9.3666901653394988e-04
1.0844666259055057e+01 -9.3574989370147680e-04
1.0846282630021273e+01 -9.3483166395921173e-04
1.0847899000987491e+01 -9.3391432645182943e-04
1.0849515371953709e+01 -9.3299788032481378e-04
1.0851131742919925e+01 -9.3208232472444491e-04
1.0852748113886143e+01 -9.3116765879779886e-04
1.0854364484852361e+01 -9.3025388169275247e-04
1.0855980855818578e+01 -9.2934099255798390e-04
1.0857597226784796e+01 -9.2842899054295714e-04
1.0859213597751014e+01 -9.2751787479794349e-04
1.0860829968717230e+01 -9.2660764447400398e-04
1.0862446339683448e+01 -9.2569829872299271e-04
1.0864062710649664e+01 -9.2478983669756201e-04
1.0865679081615882e+01 -9.2388225755115304e-04
1.0867295452582100e+01 -9.2297556043800094e-04
1.0868911823548316e+01 -9.2206974451313384e-04
1.0870528194514534e+01 -9.2116480893236991e-04
1.0872144565480752e+01 -9.2026075285231445e-04
1.0873760936446969e+01 -9.1935757543036881e-04
1.0875377307413187e+01 -9.1845527582471559e-04
1.0876993678379405e+01 -9.1755385319433277e-04
1.0878610049345621e+01 -9.1665330669897982e-04
1.0880226420311839e+01 -9.1575363549920550e-04
1.0881842791278055e+01 -9.1485483875634530e-04
1.0883459162244273e+01 -9.1395691563251735e-04
1.0885075533210491e+01 -9.1305986529062575e-04
1.0886691904176708e+01 -9.1216368689436183e-04
1.0888308275142926e+01 -9.1126837960819245e-04
1.0889924646109144e+01 -9.1037394259737214e-04
1.0891541017075360e+01 -9.0948037502794018e-04
1.0893157388041578e+01 -9.0858767606670705e-04
1.0894773759007796e+01 -9.0769584488127315e-04
1.0896390129974012e+01 -9.0680488064001511e-04
1.0898006500940230e+01 -9.0591478251208601e-04
1.0899622871906447e+01 -9.0502554966742025e-04
1.0901239242872665e+01 -9.0413718127673012e-04
1.0902855613838883e+01 -9.0324967651150021e-04
1.0904471984805099e+01 -9.0236303454399862e-04
1.0906088355771317e+01 -9.0147725454726155e-04
1.0907704726737535e+01 -9.0059233569510407e-04
1.0909321097703751e+01 -8.9970827716211470e-04
1.0910937468669969e+01 -8.9882507812365535e-04
1.0912553839636187e+01 -8.9794273775585846e-04
1.0914170210602403e+01 -8.9706125523563145e-04
1.0915786581568621e+01 -8.9618062974065166e-04
1.0917402952534838e+01 -8.9530086044936619e-04
1.0919019323501056e+01 -8.9442194654099311e-04
1.0920635694467274e+01 -8.9354388719551910e-04
1.0922252065433490e+01 -8.9266668159370093e-04
1.0923868436399708e+01 -8.9179032891705922e-04
1.0925484807365926e+01 -8.9091482834788717e-04
1.0927101178332142e+01 -8.9004017906923951e-04
1.0928717549298360e+01 -8.8916638026493894e-04
1.0930333920264577e+01 -8.8829343111957414e-04
1.0931950291230795e+01 -8.8742133081849521e-04
1.0933566662197013e+01 -8.8655007854781718e-04
1.0935183033163229e+01 -8.8567967349442234e-04
1.0936799404129447e+01 -8.8481011484594664e-04
1.0938415775095665e+01 -8.8394140179079363e-04
1.0940032146061881e+01 -8.8307353351812948e-04
1.0941648517028099e+01 -8.8220650921787269e-04
1.0943264887994317e+01 -8.8134032808070961e-04
1.0944881258960534e+01 -8.8047498929808205e-04
1.0946497629926752e+01 -8.7961049206218805e-04
1.0948114000892968e+01 -8.7874683556598600e-04
1.0949730371859186e+01 -8.7788401900319095e-04
1.0951346742825404e+01 -8.7702204156827062e-04
1.0952963113791620e+01 -8.7616090245645414e-04
1.0954579484757838e+01 -8.7530060086371975e-04
1.0956195855724056e+01 -8.7444113598680265e-04
1.0957812226690272e+01 -8.7358250702319093e-04
1.0959428597656490e+01 -8.7272471317112628e-04
1.0961044968622708e+01 -8.7186775362959885e-04
1.0962661339588925e+01 -8.7101162759835608e-04
1.0964277710555143e+01 -8.7015633427789103e-04
1.0965894081521359e+01 -8.6930187286944800e-04
1.0967510452487577e+01 -8.6844824257502145e-04
1.0969126823453795e+01 -8.6759544259735458e-04
1.0970743194420011e+01 -8.6674347213993880e-04
1.0972359565386229e+01 -8.6589233040700975e-04
1.0973975936352447e+01 -8.6504201660355577e-04
1.0975592307318664e+01 -8.6419252993530469e-04
1.0977208678284882e+01 -8.6334386960873304e-04
1.0978825049251100e+01 -8.6249603483106222e-04
1.0980441420217316e+01 -8.6164902481025685e-04
1.0982057791183534e+01 -8.6080283875502217e-04
1.0983674162149750e+01 -8.5995747587481357e-04
1.0985290533115968e+01 -8.5911293537981764e-04
1.0986906904082186e+01 -8.5826921648097100e-04
1.0988523275048403e+01 -8.5742631838994939e-04
1.0990139646014621e+01 -8.5658424031916243e-04
1.0991756016980839e+01 -8.5574298148176646e-04
1.0993372387947055e+01 -8.5490254109165428e-04
1.0994988758913273e+01 -8.5406291836345283e-04
1.0996605129879491e+01 -8.5322411251252997e-04
1.0998221500845707e+01 -8.5238612275499292e-04
1.0999837871811925e+01 -8.5154894830767592e-04
1.1001454242778141e+01 -8.5071258838815764e-04
1.1003070613744359e+01 -8.4987704221474556e-04
1.1004686984710577e+01 -8.4904230900648386e-04
1.1006303355676794e+01 -8.4820838798314901e-04
1.1007919726643012e+01 -8.4737527836525124e-04
1.1009536097609230e+01 -8.4654297937402929e-04
1.1011152468575446e+01 -8.4571149023145848e-04
1.1012768839541664e+01 -8.4488081016024098e-04
1.1014385210507882e+01 -8.4405093838380778e-04
1.1016001581474098e+01 -8.4322187412632461e-04
1.1017617952440316e+01 -8.4239361661268017e-04
1.1019234323406533e+01 -8.4156616506849487e-04
1.1020850694372751e+01 -8.4073951872011294e-04
1.1022467065338969e+01 -8.3991367679461001e-04
1.1024083436305185e+01 -8.3908863851978326e-04
1.1025699807271403e+01 -8.3826440312415734e-04
1.1027316178237621e+01 -8.3744096983698194e-04
1.1028932549203837e+01 -8.3661833788823022e-04
1.1030548920170055e+01 -8.3579650650859698e-04
1.1032165291136272e+01 -8.3497547492950518e-04
1.1033781662102490e+01 -8.3415524238309130e-04
1.1035398033068708e+01 -8.3333580810222125e-04
1.1037014404034924e+01 -8.3251717132047935e-04
1.1038630775001142e+01 -8.3169933127216528e-04
1.1040247145967360e+01 -8.3088228719230544e-04
1.1041863516933576e+01 -8.3006603831664214e-04
1.1043479887899794e+01 -8.2925058388163295e-04
1.1045096258866012e+01 -8.2843592312445630e-04
1.1046712629832228e+01 -8.2762205528300970e-04
1.1048329000798446e+01 -8.2680897959589903e-04
1.1049945371764663e+01 -8.2599669530245457e-04
1.1051561742730881e+01 -8.2518520164271574e-04
1.1053178113697099e+01 -8.2437449785743801e-04
1.1054794484663315e+01 -8.2356458318809129e-04
1.1056410855629533e+01 -8.2275545687685806e-04
1.1058027226595751e+01 -8.2194711816663062e-04
1.1059643597561967e+01 -8.2113956630101826e-04
1.1061259968528185e+01 -8.2033280052433693e-04
1.1062876339494403e+01 -8.1952682008161264e-04
1.1064492710460620e+01 -8.1872162421858590e-04
1.1066109081426838e+01 -8.1791721218170074e-04
1.1067725452393054e+01 -8.1711358321811449e-04
1.1069341823359272e+01 -8.1631073657568683e-04
1.1070958194325490e+01 -8.1550867150299194e-04
1.1072574565291706e+01 -8.1470738724930295e-04
1.1074190936257924e+01 -8.1390688306460439e-04
1.1075807307224142e+01 -8.1310715819958286e-04
1.1077423678190359e+01 -8.1230821190563386e-04
1.1079040049156577e+01 -8.1151004343484956e-04
1.1080656420122795e+01 -8.1071265204003297e-04
1.1082272791089011e+01 -8.0991603697468648e-04
1.1083889162055229e+01 -8.0912019749301324e-04
1.1085505533021445e+01 -8.0832513284992131e-04
1.1087121903987663e+01 -8.0753084230101582e-04
1.1088738274953881e+01 -8.0673732510260496e-04
1.1090354645920097e+01 -8.0594458051169574e-04
1.1091971016886315e+01 -8.0515260778599293e-04
1.1093587387852534e+01 -8.0436140618390039e-04
1.1095203758818750e+01 -8.0357097496452186e-04
1.1096820129784968e+01 -8.0278131338765331e-04
1.1098436500751186e+01 -8.0199242071379070e-04
1.1100052871717402e+01 -8.0120429620412505e-04
1.1101669242683620e+01 -8.0041693912054270e-04
1.1103285613649836e+01 -7.9963034872562310e-04
1.1104901984616054e+01 -7.9884452428264047e-04
1.1106518355582272e+01 -7.9805946505556247e-04
1.1108134726548489e+01 -7.9727517030905013e-04
1.1109751097514707e+01 -7.9649163930845337e-04
1.1111367468480925e+01 -7.9570887131981817e-04
1.1112983839447141e+01 -7.9492686560987767e-04
1.1114600210413359e+01 -7.9414562144605413e-04
1.1116216581379575e+01 -7.9336513809646501e-04
1.1117832952345793e+01 -7.9258541482990854e-04
1.1119449323312011e+01 -7.9180645091587857e-04
1.1121065694278228e+01 -7.9102824562455351e-04
1.1122682065244446e+01 -7.9025079822679710e-04
1.1124298436210664e+01 -7.8947410799416046e-04
1.1125914807176880e+01 -7.8869817419888503e-04
1.1127531178143098e+01 -7.8792299611388792e-04
1.1129147549109316e+01 -7.8714857301277947e-04
1.1130763920075532e+01 -7.8637490416985092e-04
1.1132380291041750e+01 -7.8560198886007393e-04
1.1133996662007966e+01 -7.8482982635910681e-04
1.1135613032974184e+01 -7.8405841594328851e-04
1.1137229403940403e+01 -7.8328775688963779e-04
1.1138845774906619e+01 -7.8251784847585646e-04
1.1140462145872837e+01 -7.8174868998032556e-04
1.1142078516839055e+01 -7.8098028068210410e-04
1.1143694887805271e+01 -7.8021261986093403e-04
1.1145311258771489e+01 -7.7944570679723123e-04
1.1146927629737707e+01 -7.7867954077209139e-04
1.1148544000703923e+01 -7.7791412106728726e-04
1.1150160371670141e+01 -7.7714944696526827e-04
1.1151776742636358e+01 -7.7638551774915788e-04
1.1153393113602576e+01 -7.7562233270275630e-04
1.1155009484568794e+01 -7.7485989111053858e-04
1.1156625855535010e+01 -7.7409819225765367e-04
1.1158242226501228e+01 -7.7333723542992124e-04
1.1159858597467446e+01 -7.7257701991383912e-04
1.1161474968433662e+01 -7.7181754499657245e-04
1.1163091339399880e+01 -7.7105880996595794e-04
1.1164707710366098e+01 -7.7030081411050852e-04
1.1166324081332315e+01 -7.6954355671940118e-04
1.1167940452298533e+01 -7.6878703708248557e-04
1.1169556823264749e+01 -7.6803125449028146e-04
1.1171173194230967e+01 -7.6727620823397380e-04
1.1172789565197185e+01 -7.6652189760541745e-04
1.1174405936163401e+01 -7.6576832189713829e-04
1.1176022307129619e+01 -7.6501548040231956e-04
1.1177638678095837e+01 -7.6426337241481941e-04
1.1179255049062053e+01 -7.6351199722915865e-04
1.1180871420028272e+01 -7.6276135414052001e-04
1.1182487790994490e+01 -7.6201144244475330e-04
1.1184104161960706e+01 -7.6126226143837493e-04
1.1185720532926924e+01 -7.6051381041855636e-04
1.1187336903893140e+01 -7.5976608868313846e-04
1.1188953274859358e+01 -7.5901909553062225e-04
1.1190569645825576e+01 -7.5827283026016676e-04
1.1192186016791792e+01 -7.5752729217159695e-04
1.1193802387758010e+01 -7.5678248056539358e-04
1.1195418758724228e+01 -7.5603839474269838e-04
1.1197035129690445e+01 -7.5529503400531225e-04
1.1198651500656663e+01 -7.5455239765569464e-04
1.1200267871622881e+01 -7.5381048499695996e-04
1.1201884242589097e+01 -7.5306929533288378e-04
1.1203500613555315e+01 -7.5232882796789457e-04
1.1205116984521531e+01 -7.5158908220707902e-04
1.1206733355487749e+01 -7.5085005735617630e-04
1.1208349726453967e+01 -7.5011175272158442e-04
1.1209966097420184e+01 -7.4937416761035097e-04
1.1211582468386402e+01 -7.4863730133018023e-04
1.1213198839352620e+01 -7.4790115318942819e-04
1.1214815210318836e+01 -7.4716572249710180e-04
1.1216431581285054e+01 -7.4643100856286145e-04
1.1218047952251270e+01 -7.4569701069701979e-04
1.1219664323217488e+01 -7.4496372821053556e-04
1.1221280694183706e+01 -7.4423116041502061e-04
1.1222897065149922e+01 -7.4349930662273881e-04
1.1224513436116140e+01 -7.4276816614659408e-04
1.1226129807082359e+01 -7.4203773830014788e-04
1.1227746178048575e+01 -7.4130802239760459e-04
1.1229362549014793e+01 -7.4057901775381469e-04
1.1230978919981011e+01 -7.3985072368427669e-04
1.1232595290947227e+01 -7.3912313950513732e-04
1.1234211661913445e+01 -7.3839626453318127e-04
1.1235828032879661e+01 -7.3767009808584582e-04
1.1237444403845879e+01 -7.3694463948120758e-04
1.1239060774812097e+01 -7.3621988803798601e-04
1.1240677145778314e+01 -7.3549584307554825e-04
1.1242293516744532e+01 -7.3477250391389809e-04
1.1243909887710750e+01 -7.3404986987368379e-04
1.1245526258676966e+01 -7.3332794027619499e-04
1.1247142629643184e+01 -7.3260671444336104e-04
1.1248759000609402e+01 -7.3188619169774942e-04
1.1250375371575618e+01 -7.3116637136257144e-04
1.1251991742541836e+01 -7.3044725276167255e-04
1.1253608113508053e+01 -7.2972883521953938e-04
1.1255224484474271e+01 -7.2901111806129263e-04
1.1256840855440489e+01 -7.2829410061269557e-04
1.1258457226406705e+01 -7.2757778220014209e-04
1.1260073597372923e+01 -7.2686216215066539e-04
1.1261689968339141e+01 -7.2614723979193328e-04
1.1263306339305357e+01 -7.2543301445224685e-04
1.1264922710271575e+01 -7.2471948546054283e-04
1.1266539081237793e+01 -7.2400665214639073e-04
1.1268155452204009e+01 -7.2329451383999408e-04
1.1269771823170228e+01 -7.2258306987218579e-04
1.1271388194136444e+01 -7.2187231957443574e-04
1.1273004565102662e+01 -7.2116226227883799e-04
1.1274620936068880e+01 -7.2045289731812367e-04
1.1276237307035096e+01 -7.1974422402565179e-04
1.1277853678001314e+01 -7.1903624173540843e-04
1.1279470048967532e+01 -7.1832894978201070e-04
1.1281086419933748e+01 -7.1762234750070693e-04
1.1282702790899966e+01 -7.1691643422736560e-04
1.1284319161866184e+01 -7.1621120929848958e-04
1.1285935532832401e+01 -7.1550667205120665e-04
1.1287551903798619e+01 -7.1480282182326607e-04
1.1289168274764835e+01 -7.1409965795304941e-04
1.1290784645731053e+01 -7.1339717977955772e-04
1.1292401016697271e+01 -7.1269538664241899e-04
1.1294017387663487e+01 -7.1199427788188490e-04
1.1295633758629705e+01 -7.1129385283882982e-04
1.1297250129595923e+01 -7.1059411085474926e-04
1.1298866500562140e+01 -7.0989505127176450e-04
1.1300482871528358e+01 -7.0919667343261365e-04
1.1302099242494574e+01 -7.0849897668066094e-04
1.1303715613460792e+01 -7.0780196035988437e-04
1.1305331984427010e+01 -7.0710562381488796e-04
1.1306948355393226e+01 -7.0640996639089251e-04
1.1308564726359444e+01 -7.0571498743373577e-04
1.1310181097325662e+01 -7.0502068628987551e-04
1.1311797468291878e+01 -7.0432706230638762e-04
1.1313413839258097e+01 -7.0363411483096241e-04
1.1315030210224315e+01 -7.0294184321190796e-04
1.1316646581190531e+01 -7.0225024679815100e-04
1.1318262952156749e+01 -7.0155932493922660e-04
1.1319879323122965e+01 -7.0086907698529207e-04
1.1321495694089183e+01 -7.0017950228711370e-04
1.1323112065055401e+01 -6.9949060019607306e-04
1.1324728436021617e+01 -6.9880237006416518e-04
1.1326344806987835e+01 -6.9811481124399744e-04
1.1327961177954053e+01 -6.9742792308878708e-04
1.1329577548920270e+01 -6.9674170495236684e-04
1.1331193919886488e+01 -6.9605615618917554e-04
1.1332810290852706e+01 -6.9537127615426522e-04
1.1334426661818922e+01 -6.9468706420329626e-04
1.1336043032785140e+01 -6.9400351969253987e-04
1.1337659403751356e+01 -6.9332064197887336e-04
1.1339275774717574e+01 -6.9263843041978172e-04
1.1340892145683792e+01 -6.9195688437336184e-04
1.1342508516650009e+01 -6.9127600319831217e-04
1.1344124887616227e+01 -6.9059578625393979e-04
1.1345741258582445e+01 -6.8991623290015852e-04
1.1347357629548661e+01 -6.8923734249748620e-04
1.1348974000514879e+01 -6.8855911440704335e-04
1.1350590371481097e+01 -6.8788154799055961e-04
1.1352206742447313e+01 -6.8720464261036321e-04
1.1353823113413531e+01 -6.8652839762938758e-04
1.1355439484379747e+01 -6.8585281241116951e-04
1.1357055855345966e+01 -6.8517788631984448e-04
1.1358672226312184e+01 -6.8450361872015198e-04
1.1360288597278400e+01 -6.8383000897743378e-04
1.1361904968244618e+01 -6.8315705645762687e-04
1.1363521339210836e+01 -6.8248476052727063e-04
1.1365137710177052e+01 -6.8181312055350682e-04
1.1366754081143270e+01 -6.8114213590406885e-04
1.1368370452109488e+01 -6.8047180594729402e-04
1.1369986823075704e+01 -6.7980213005211585e-04
1.1371603194041922e+01 -6.7913310758806189e-04
1.1373219565008139e+01 -6.7846473792525935e-04
1.1374835935974357e+01 -6.7779702043443046e-04
1.1376452306940575e+01 -6.7712995448689073e-04
1.1378068677906791e+01 -6.7646353945455446e-04
1.1379685048873009e+01 -6.7579777470992588e-04
1.1381301419839227e+01 -6.7513265962610564e-04
1.1382917790805443e+01 -6.7446819357678666e-04
1.1384534161771661e+01 -6.7380437593625496e-04
1.1386150532737879e+01 -6.7314120607938667e-04
1.1387766903704096e+01 -6.7247868338165184e-04
1.1389383274670314e+01 -6.7181680721911099e-04
1.1390999645636530e+01 -6.7115557696841304e-04
1.1392616016602748e+01 -6.7049499200679907e-04
1.1394232387568966e+01 -6.6983505171209839e-04
1.1395848758535182e+01 -6.6917575546273050e-04
1.1397465129501400e+01 -6.6851710263769975e-04
1.1399081500467618e+01 -6.6785909261660322e-04
1.1400697871433835e+01 -6.6720172477962041e-04
1.1402314242400053e+01 -6.6654499850751987e-04
1.1403930613366269e+01 -6.6588891318165682e-04
1.1405546984332487e+01 -6.6523346818396945e-04
1.1407163355298705e+01 -6.6457866289698294e-04
1.1408779726264921e+01 -6.6392449670380882e-04
1.1410396097231139e+01 -6.6327096898813689e-04
1.1412012468197357e+01 -6.6261807913424507e-04
1.1413628839163573e+01 -6.6196582652699478e-04
1.1415245210129791e+01 -6.6131421055182422e-04
1.1416861581096009e+01 -6.6066323059475989e-04
1.1418477952062226e+01 -6.6001288604240662e-04
1.1420094323028444e+01 -6.5936317628194840e-04
1.1421710693994660e+01 -6.5871410070115230e-04
1.1423327064960878e+01 -6.5806565868836372e-04
1.1424943435927096e+01 -6.5741784963250615e-04
1.1426559806893312e+01 -6.5677067292308519e-04
1.1428176177859530e+01 -6.5612412795018041e-04
1.1429792548825748e+01 -6.5547821410445089e-04
1.1431408919791965e+01 -6.5483293077713337e-04
1.1433025290758183e+01 -6.5418827736004031e-04
1.1434641661724401e+01 -6.5354425324555890e-04
1.1436258032690617e+01 -6.5290085782665356e-04
1.1437874403656835e+01 -6.5225809049686420e-04
1.1439490774623051e+01 -6.5161595065030200e-04
1.1441107145589269e+01 -6.5097443768165472e-04
1.1442723516555487e+01 -6.5033355098618269e-04
1.1444339887521704e+01 -6.4969328995971977e-04
1.1445956258487922e+01 -6.4905365399866915e-04
1.1447572629454140e+01 -6.4841464250001049e-04
1.1449189000420356e+01 -6.4777625486129036e-04
1.1450805371386574e+01 -6.4713849048062824e-04
1.1452421742352792e+01 -6.4650134875671335e-04
1.1454038113319008e+01 -6.4586482908880500e-04
1.1455654484285226e+01 -6.4522893087672940e-04
1.1457270855251442e+01 -6.4459365352088612e-04
1.1458887226217660e+01 -6.4395899642223609e-04
1.1460503597183878e+01 -6.4332495898231405e-04
1.1462119968150095e+01 -6.4269154060321956e-04
1.1463736339116313e+01 -6.4205874068761545e-04
1.1465352710082531e+01 -6.4142655863873592e-04
1.1466969081048747e+01 -6.4079499386037830e-04
1.1468585452014965e+01 -6.4016404575690307e-04
1.1470201822981183e+01 -6.3953371373323708e-04
1.1471818193947399e+01 -6.3890399719487346e-04
1.1473434564913617e+01 -6.3827489554786209e-04
1.1475050935879834e+01 -6.3764640819882279e-04
1.1476667306846052e+01 -6.3701853455493324e-04
1.1478283677812270e+01 -6.3639127402393477e-04
1.1479900048778486e+01 -6.3576462601412978e-04
1.1481516419744704e+01 -6.3513858993438188e-04
1.1483132790710922e+01 -6.3451316519411302e-04
1.1484749161677138e+01 -6.3388835120330839e-04
1.1486365532643356e+01 -6.3326414737250941e-04
1.1487981903609572e+01 -6.3264055311281701e-04
1.1489598274575791e+01 -6.3201756783589063e-04
1.1491214645542009e+01 -6.3139519095394795e-04
1.1492831016508225e+01 -6.3077342187976414e-04
1.1494447387474443e+01 -6.3015226002666798e-04
1.1496063758440661e+01 -6.2953170480854964e-04
1.1497680129406877e+01 -6.2891175563985018e-04
1.1499296500373095e+01 -6.2829241193556825e-04
1.1500912871339313e+01 -6.2767367311125633e-04
1.1502529242305529e+01 -6.2705553858302340e-04
1.1504145613271747e+01 -6.2643800776752663e-04
1.1505761984237964e+01 -6.2582108008198351e-04
1.1507378355204182e+01 -6.2520475494415653e-04
1.1508994726170400e+01 -6.2458903177236669e-04
1.1510611097136616e+01 -6.2397390998548475e-04
1.1512227468102834e+01 -6.2335938900292870e-04
1.1513843839069052e+01 -6.2274546824467271e-04
1.1515460210035268e+01 -6.2213214713123836e-04
1.1517076581001486e+01 -6.2151942508369639e-04
1.1518692951967704e+01 -6.2090730152366690e-04
1.1520309322933921e+01 -6.2029577587332076e-04
1.1521925693900139e+01 -6.1968484755537334e-04
1.1523542064866355e+01 -6.1907451599309033e-04
1.1525158435832573e+01 -6.1846478061028192e-04
1.1526774806798791e+01 -6.1785564083130854e-04
1.1528391177765007e+01 -6.1724709608107270e-04
1.1530007548731225e+01 -6.1663914578502467e-04
1.1531623919697443e+01 -6.1603178936915973e-04
1.1533240290663660e+01 -6.1542502626001755e-04
1.1534856661629878e+01 -6.1481885588468013e-04
1.1536473032596096e+01 -6.1421327767077598e-04
1.1538089403562312e+01 -6.1360829104647476e-04
1.1539705774528530e+01 -6.1300389544048748e-04
1.1541322145494746e+01 -6.1240009028207200e-04
1.1542938516460964e+01 -6.1179687500102070e-04
1.1544554887427182e+01 -6.1119424902767274e-04
1.1546171258393398e+01 -6.1059221179290621e-04
1.1547787629359616e+01 -6.0999076272813773e-04
1.1549404000325834e+01 -6.0938990126532431e-04
1.1551020371292051e+01 -6.0878962683696470e-04
1.1552636742258269e+01 -6.0818993887609013e-04
1.1554253113224487e+01 -6.0759083681627597e-04
1.1555869484190703e+01 -6.0699232009163310e-04
1.1557485855156921e+01 -6.0639438813680710e-04
1.1559102226123137e+01 -6.0579704038698373e-04
1.1560718597089355e+01 -6.0520027627788194e-04
1.1562334968055573e+01 -6.0460409524575802e-04
1.1563951339021790e+01 -6.0400849672740287e-04
1.1565567709988008e+01 -6.0341348016014257e-04
1.1567184080954226e+01 -6.0281904498183465e-04
1.1568800451920442e+01 -6.0222519063087454e-04
1.1570416822886660e+01 -6.0163191654618719e-04
1.1572033193852878e+01 -6.0103922216723170e-04
1.1573649564819094e+01 -6.0044710693399892e-04
1.1575265935785312e+01 -5.9985557028701265e-04
1.1576882306751529e+01 -5.9926461166732504e-04
1.1578498677717747e+01 -5.9867423051652145e-04
1.1580115048683965e+01 -5.9808442627671643e-04
1.1581731419650181e+01 -5.9749519839055461e-04
1.1583347790616399e+01 -5.9690654630120796e-04
1.1584964161582617e+01 -5.9631846945238114e-04
1.1586580532548833e+01 -5.9573096728830321e-04
1.1588196903515051e+01 -5.9514403925373138e-04
1.1589813274481267e+01 -5.9455768479395386e-04
1.1591429645447485e+01 -5.9397190335477921e-04
1.1593046016413703e+01 -5.9338669438254853e-04
1.1594662387379920e+01 -5.9280205732412604e-04
1.1596278758346138e+01 -5.9221799162689954e-04
1.1597895129312356e+01 -5.9163449673878407e-04
1.1599511500278572e+01 -5.9105157210822060e-04
1.1601127871244790e+01 -5.9046921718416772e-04
1.1602744242211008e+01 -5.8988743141611386e-04
1.1604360613177224e+01 -5.8930621425406810e-04
1.1605976984143442e+01 -5.8872556514856012e-04
1.1607593355109659e+01 -5.8814548355064374e-04
1.1609209726075877e+01 -5.8756596891189426e-04
1.1610826097042095e+01 -5.8698702068440587e-04
1.1612442468008311e+01 -5.8640863832079516e-04
1.1614058838974529e+01 -5.8583082127419879e-04
1.1615675209940747e+01 -5.8525356899827004e-04
1.1617291580906963e+01 -5.8467688094718663e-04
1.1618907951873181e+01 -5.8410075657563899e-04
1.1620524322839399e+01 -5.8352519533883950e-04
1.1622140693805616e+01 -5.8295019669251681e-04
1.1623757064771834e+01 -5.8237576009291731e-04
1.1625373435738050e+01 -5.8180188499680214e-04
1.1626989806704268e+01 -5.8122857086145103e-04
1.1628606177670486e+01 -5.8065581714465794e-04
1.1630222548636702e+01 -5.8008362330473347e-04
1.1631838919602920e+01 -5.7951198880049992e-04
1.1633455290569138e+01 -5.7894091309129833e-04
1.1635071661535354e+01 -5.7837039563697981e-04
1.1636688032501572e+01 -5.7780043589790919e-04
1.1638304403467790e+01 -5.7723103333496705e-04
1.1639920774434007e+01 -5.7666218740954278e-04
1.1641537145400225e+01 -5.7609389758353946e-04
1.1643153516366441e+01 -5.7552616331937216e-04
1.1644769887332659e+01 -5.7495898407996485e-04
1.1646386258298877e+01 -5.7439235932875334e-04
1.1648002629265093e+01 -5.7382628852968522e-04
1.1649619000231311e+01 -5.7326077114721252e-04
1.1651235371197529e+01 -5.7269580664630153e-04
1.1652851742163746e+01 -5.7213139449242530e-04
1.1654468113129964e+01 -5.7156753415156330e-04
1.1656084484096182e+01 -5.7100422509020468e-04
1.1657700855062398e+01 -5.7044146677534720e-04
1.1659317226028616e+01 -5.6987925867449038e-04
1.1660933596994832e+01 -5.6931760025564441e-04
1.1662549967961050e+01 -5.6875649098732416e-04
1.1664166338927268e+01 -5.6819593033854781e-04
1.1665782709893485e+01 -5.6763591777884233e-04
1.1667399080859703e+01 -5.6707645277823506e-04
1.1669015451825921e+01 -5.6651753480725956e-04
1.1670631822792137e+01 -5.6595916333695236e-04
1.1672248193758355e+01 -5.6540133783885291e-04
1.1673864564724571e+01 -5.6484405778500259e-04
1.1675480935690789e+01 -5.6428732264794538e-04
1.1677097306657007e+01 -5.6373113190072725e-04
1.1678713677623223e+01 -5.6317548501689520e-04
1.1680330048589441e+01 -5.6262038147049484e-04
1.1681946419555659e+01 -5.6206582073607561e-04
1.1683562790521876e+01 -5.6151180228868405e-04
1.1685179161488094e+01 -5.6095832560386577e-04
1.1686795532454312e+01 -5.6040539015766761e-04
1.1688411903420528e+01 -5.5985299542663208e-04
1.1690028274386746e+01 -5.5930114088780078e-04
1.1691644645352962e+01 -5.5874982601871370e-04
1.1693261016319180e+01 -5.5819905029740545e-04
1.1694877387285398e+01 -5.5764881320240862e-04
1.1696493758251615e+01 -5.5709911421275354e-04
1.1698110129217833e+01 -5.5654995280796115e-04
1.1699726500184051e+01 -5.5600132846805287e-04
1.1701342871150267e+01 -5.5545324067354242e-04
1.1702959242116485e+01 -5.5490568890543678e-04
1.1704575613082703e+01 -5.5435867264523782e-04
1.1706191984048919e+01 -5.5381219137494312e-04
1.1707808355015137e+01 -5.5326624457703697e-04
1.1709424725981354e+01 -5.5272083173450227e-04
1.1711041096947572e+01 -5.5217595233081069e-04
1.1712657467913790e+01 -5.5163160584992450e-04
1.1714273838880006e+01 -5.5108779177630079e-04
1.1715890209846224e+01 -5.5054450959488325e-04
1.1717506580812442e+01 -5.5000175879110769e-04
1.1719122951778658e+01 -5.4945953885089942e-04
1.1720739322744876e+01 -5.4891784926067253e-04
1.1722355693711094e+01 -5.4837668950733008e-04
1.1723972064677310e+01 -5.4783605907826420e-04
1.1725588435643528e+01 -5.4729595746135190e-04
1.1727204806609745e+01 -5.4675638414496282e-04
1.1728821177575963e+01 -5.4621733861794726e-04
1.1730437548542181e+01 -5.4567882036964718e-04
1.1732053919508397e+01 -5.4514082888988864e-04
1.1733670290474615e+01 -5.4460336366898246e-04
1.1735286661440833e+01 -5.4406642419772529e-04
1.1736903032407049e+01 -5.4353000996739970e-04
1.1738519403373267e+01 -5.4299412046977021e-04
1.1740135774339485e+01 -5.4245875519708618e-04
1.1741752145305702e+01 -5.4192391364208260e-04
1.1743368516271920e+01 -5.4138959529797203e-04
1.1744984887238136e+01 -5.4085579965845525e-04
1.1746601258204354e+01 -5.4032252621771066e-04
1.1748217629170572e+01 -5.3978977447040116e-04
1.1749834000136788e+01 -5.3925754391166865e-04
1.1751450371103006e+01 -5.3872583403713785e-04
1.1753066742069224e+01 -5.3819464434291093e-04
1.1754683113035441e+01 -5.3766397432557288e-04
1.1756299484001659e+01 -5.3713382348218562e-04
1.1757915854967875e+01 -5.3660419131029138e-04
1.1759532225934093e+01 -5.3607507730790943e-04
1.1761148596900311e+01 -5.3554648097353880e-04
1.1762764967866527e+01 -5.3501840180615503e-04
1.1764381338832745e+01 -5.3449083930520974e-04
1.1765997709798963e+01 -5.3396379297063451e-04
1.1767614080765179e+01 -5.3343726230283342e-04
1.1769230451731397e+01 -5.3291124680268816e-04
1.1770846822697616e+01 -5.3238574597155614e-04
1.1772463193663832e+01 -5.3186075931126913e-04
1.1774079564630050e+01 -5.3133628632413203e-04
1.1775695935596266e+01 -5.3081232651292756e-04
1.1777312306562484e+01 -5.3028887938090627e-04
1.1778928677528702e+01 -5.2976594443179717e-04
1.1780545048494918e+01 -5.2924352116980045e-04
1.1782161419461136e+01 -5.2872160909958610e-04
1.1783777790427354e+01 -5.2820020772629888e-04
1.1785394161393571e+01 -5.2767931655555453e-04
1.1787010532359789e+01 -5.2715893509343780e-04
1.1788626903326007e+01 -5.2663906284650553e-04
1.1790243274292223e+01 -5.2611969932178637e-04
1.1791859645258441e+01 -5.2560084402677348e-04
1.1793476016224657e+01 -5.2508249646943486e-04
1.1795092387190875e+01 -5.2456465615820377e-04
1.1796708758157093e+01 -5.2404732260198249e-04
1.1798325129123310e+01 -5.2353049531014243e-04
1.1799941500089528e+01 -5.2301417379252185e-04
1.1801557871055746e+01 -5.2249835755942384e-04
1.1803174242021962e+01 -5.2198304612162264e-04
1.1804790612988180e+01 -5.2146823899035450e-04
1.1806406983954398e+01 -5.2095393567732273e-04
1.1808023354920614e+01 -5.2044013569469761e-04
1.1809639725886832e+01 -5.1992683855511162e-04
1.1811256096853048e+01 -5.1941404377166365e-04
1.1812872467819266e+01 -5.1890175085791469e-04
1.1814488838785485e+01 -5.1838995932789226e-04
1.1816105209751701e+01 -5.1787866869608390e-04
1.1817721580717919e+01 -5.1736787847744175e-04
1.1819337951684137e+01 -5.1685758818737968e-04
1.1820954322650353e+01 -5.1634779734177356e-04
1.1822570693616571e+01 -5.1583850545695994e-04
1.1824187064582789e+01 -5.1532971204973832e-04
1.1825803435549005e+01 -5.1482141663736648e-04
1.1827419806515223e+01 -5.1431361873756332e-04
1.1829036177481440e+01 -5.1380631786850843e-04
1.1830652548447658e+01 -5.1329951354883848e-04
1.1832268919413876e+01 -5.1279320529765040e-04
1.1833885290380092e+01 -5.1228739263450113e-04
1.1835501661346310e+01 -5.1178207507940191e-04
1.1837118032312528e+01 -5.1127725215282399e-04
1.1838734403278744e+01 -5.1077292337569692e-04
1.1840350774244962e+01 -5.1026908826940301e-04
1.1841967145211180e+01 -5.0976574635578492e-04
1.1843583516177397e+01 -5.0926289715713983e-04
1.1845199887143615e+01 -5.0876054019621895e-04
1.1846816258109831e+01 -5.0825867499623050e-04
1.1848432629076049e+01 -5.0775730108083654e-04
1.1850049000042267e+01 -5.0725641797415245e-04
1.1851665371008483e+01 -5.0675602520075015e-04
1.1853281741974701e+01 -5.0625612228565140e-04
1.1854898112940919e+01 -5.0575670875433289e-04
1.1856514483907135e+01 -5.0525778413272376e-04
1.1858130854873353e+01 -5.0475934794720525e-04
1.1859747225839570e+01 -5.0426139972460963e-04
1.1861363596805788e+01 -5.0376393899221976e-04
1.1862979967772006e+01 -5.0326696527777214e-04
1.1864596338738222e+01 -5.0277047810945062e-04
1.1866212709704440e+01 -5.0227447701589058e-04
1.1867829080670658e+01 -5.0177896152617675e-04
1.1869445451636874e+01 -5.0128393116984375e-04
1.1871061822603092e+01 -5.0078938547687228e-04
1.1872678193569310e+01 -5.0029532397769547e-04
1.1874294564535527e+01 -4.9980174620319041e-04
1.1875910935501745e+01 -4.9930865168468415e-04
1.1877527306467961e+01 -4.9881603995395043e-04
1.1879143677434179e+01 -4.9832391054320806e-04
1.1880760048400397e+01 -4.9783226298512394e-04
1.1882376419366613e+01 -4.9734109681281145e-04
1.1883992790332831e+01 -4.9685041155982589e-04
1.1885609161299049e+01 -4.9636020676017056e-04
1.1887225532265266e+01 -4.9587048194829413e-04
1.1888841903231484e+01 -4.9538123665908494e-04
1.1890458274197702e+01 -4.9489247042788038e-04
1.1892074645163918e+01 -4.9440418279045827e-04
1.1893691016130136e+01 -4.9391637328303920e-04
1.1895307387096352e+01 -4.9342904144228763e-04
1.1896923758062570e+01 -4.9294218680530973e-04
1.1898540129028788e+01 -4.9245580890965165e-04
1.1900156499995004e+01 -4.9196990729330448e-04
1.1901772870961222e+01 -4.9148448149469637e-04
1.1903389241927441e+01 -4.9099953105269801e-04
1.1905005612893657e+01 -4.9051505550661999e-04
1.1906621983859875e+01 -4.9003105439621251e-04
1.1908238354826093e+01 -4.8954752726166392e-04
1.1909854725792309e+01 -4.8906447364360263e-04
1.1911471096758527e+01 -4.8858189308309552e-04
1.1913087467724743e+01 -4.8809978512164638e-04
1.1914703838690961e+01 -4.8761814930119748e-04
1.1916320209657179e+01 -4.8713698516412822e-04
1.1917936580623396e+01 -4.8665629225325515e-04
1.1919552951589614e+01 -4.8617607011182905e-04
1.1921169322555832e+01 -4.8569631828354034e-04
1.1922785693522048e+01 -4.8521703631251162e-04
1.1924402064488266e+01 -4.8473822374330261e-04
1.1926018435454484e+01 -4.8425988012090651e-04
1.1927634806420700e+01 -4.8378200499075373e-04
1.1929251177386918e+01 -4.8330459789870347e-04
1.1930867548353135e+01 -4.8282765839105442e-04
1.1932483919319353e+01 -4.8235118601453304e-04
1.1934100290285571e+01 -4.8187518031630154e-04
1.1935716661251787e+01 -4.8139964084395573e-04
1.1937333032218005e+01 -4.8092456714551873e-04
1.1938949403184223e+01 -4.8044995876944993e-04
1.1940565774150439e+01 -4.7997581526463775e-04
1.1942182145116657e+01 -4.7950213618040075e-04
1.1943798516082873e+01 -4.7902892106648892e-04
1.1945414887049091e+01 -4.7855616947308177e-04
1.1947031258015310e+01 -4.7808388095078858e-04
1.1948647628981526e+01 -4.7761205505064799e-04
1.1950263999947744e+01 -4.7714069132412547e-04
1.1951880370913962e+01 -4.7666978932311814e-04
1.1953496741880178e+01 -4.7619934859994780e-04
1.1955113112846396e+01 -4.7572936870736573e-04
1.1956729483812614e+01 -4.7525984919855025e-04
1.1958345854778830e+01 -4.7479078962710502e-04
1.1959962225745048e+01 -4.7432218954706126e-04
1.1961578596711265e+01 -4.7385404851287667e-04
1.1963194967677483e+01 -4.7338636607943208e-04
1.1964811338643701e+01 -4.7291914180203586e-04
1.1966427709609917e+01 -4.7245237523642168e-04
1.1968044080576135e+01 -4.7198606593874337e-04
1.1969660451542353e+01 -4.7152021346558365e-04
1.1971276822508569e+01 -4.7105481737394657e-04
1.1972893193474787e+01 -4.7058987722125830e-04
1.1974509564441005e+01 -4.7012539256536943e-04
1.1976125935407222e+01 -4.6966136296455404e-04
1.1977742306373440e+01 -4.6919778797750380e-04
1.1979358677339656e+01 -4.6873466716333700e-04
1.1980975048305874e+01 -4.6827200008158973e-04
1.1982591419272092e+01 -4.6780978629222037e-04
1.1984207790238308e+01 -4.6734802535560788e-04
1.1985824161204526e+01 -4.6688671683254999e-04
1.1987440532170744e+01 -4.6642586028426507e-04
1.1989056903136960e+01 -4.6596545527239058e-04
1.1990673274103179e+01 -4.6550550135898342e-04
1.1992289645069397e+01 -4.6504599810651636e-04
1.1993906016035613e+01 -4.6458694507788451e-04
1.1995522387001831e+01 -4.6412834183639655e-04
1.1997138757968047e+01 -4.6367018794578113e-04
1.1998755128934265e+01 -4.6321248297018160e-04
1.2000371499900483e+01 -4.6275522647416101e-04
1.2001987870866699e+01 -4.6229841802269489e-04
1.2003604241832917e+01 -4.6184205718117691e-04
1.2005220612799135e+01 -4.6138614351541515e-04
1.2006836983765352e+01 -4.6093067659163349e-04
1.2008453354731570e+01 -4.6047565597646885e-04
1.2010069725697788e+01 -4.6002108123697360e-04
1.2011686096664004e+01 -4.5956695194061397e-04
1.2013302467630222e+01 -4.5911326765526794e-04
1.2014918838596438e+01 -4.5866002794922990e-04
1.2016535209562656e+01 -4.5820723239120223e-04
1.2018151580528874e+01 -4.5775488055030346e-04
1.2019767951495091e+01 -4.5730297199606304e-04
1.2021384322461309e+01 -4.5685150629842022e-04
1.2023000693427527e+01 -4.5640048302772679e-04
1.2024617064393743e+01 -4.5594990175474659e-04
1.2026233435359961e+01 -4.5549976205064985e-04
1.2027849806326179e+01 -4.5505006348702079e-04
1.2029466177292395e+01 -4.5460080563585159e-04
1.2031082548258613e+01 -4.5415198806954260e-04
1.2032698919224829e+01 -4.5370361036090523e-04
1.2034315290191048e+01 -4.5325567208315666e-04
1.2035931661157266e+01 -4.5280817280992427e-04
1.2037548032123482e+01 -4.5236111211524209e-04
1.2039164403089700e+01 -4.5191448957355225e-04
1.2040780774055918e+01 -4.5146830475970197e-04
1.2042397145022134e+01 -4.5102255724894770e-04
1.2044013515988352e+01 -4.5057724661694927e-04
1.2045629886954568e+01 -4.5013237243977466e-04
1.2047246257920786e+01 -4.4968793429389458e-04
1.2048862628887004e+01 -4.4924393175618793e-04
1.2050478999853221e+01 -4.4880036440393564e-04
1.2052095370819439e+01 -4.4835723181482382e-04
1.2053711741785657e+01 -4.4791453356694279e-04
1.2055328112751873e+01 -4.4747226923878619e-04
1.2056944483718091e+01 -4.4703043840924994e-04
1.2058560854684309e+01 -4.4658904065763368e-04
1.2060177225650525e+01 -4.4614807556363960e-04
1.2061793596616743e+01 -4.4570754270737003e-04
1.2063409967582960e+01 -4.4526744166933246e-04
1.2065026338549178e+01 -4.4482777203043065e-04
1.2066642709515396e+01 -4.4438853337197385e-04
1.2068259080481612e+01 -4.4394972527566994e-04
1.2069875451447830e+01 -4.4351134732362603e-04
1.2071491822414048e+01 -4.4307339909834985e-04
1.2073108193380264e+01 -4.4263588018274985e-04
1.2074724564346482e+01 -4.4219879016013013e-04
1.2076340935312700e+01 -4.4176212861419655e-04
1.2077957306278917e+01 -4.4132589512905232e-04
1.2079573677245135e+01 -4.4089008928919734e-04
1.2081190048211351e+01 -4.4045471067953059e-04
1.2082806419177569e+01 -4.4001975888534708e-04
1.2084422790143787e+01 -4.3958523349233884e-04
1.2086039161110003e+01 -4.3915113408659506e-04
1.2087655532076221e+01 -4.3871746025460036e-04
1.2089271903042439e+01 -4.3828421158323384e-04
1.2090888274008655e+01 -4.3785138765977267e-04
1.2092504644974873e+01 -4.3741898807188605e-04
1.2094121015941091e+01 -4.3698701240763938e-04
1.2095737386907308e+01 -4.3655546025549169e-04
1.2097353757873526e+01 -4.3612433120429660e-04
1.2098970128839742e+01 -4.3569362484329941e-04
1.2100586499805960e+01 -4.3526334076213999e-04
1.2102202870772178e+01 -4.3483347855085061e-04
1.2103819241738394e+01 -4.3440403779985596e-04
1.2105435612704612e+01 -4.3397501809997146e-04
1.2107051983670830e+01 -4.3354641904240661e-04
1.2108668354637047e+01 -4.3311824021875978e-04
1.2110284725603265e+01 -4.3269048122102067e-04
1.2111901096569483e+01 -4.3226314164157093e-04
1.2113517467535699e+01 -4.3183622107318076e-04
1.2115133838501917e+01 -4.3140971910901046e-04
1.2116750209468133e+01 -4.3098363534261084e-04
1.2118366580434351e+01 -4.3055796936791979e-04
1.2119982951400569e+01 -4.3013272077926506e-04
1.2121599322366786e+01 -4.2970788917136423e-04
1.2123215693333004e+01 -4.2928347413931871e-04
1.2124832064299222e+01 -4.2885947527862166e-04
1.2126448435265438e+01 -4.2843589218515183e-04
1.2128064806231656e+01 -4.2801272445517399e-04
1.2129681177197872e+01 -4.2758997168534051e-04
1.2131297548164090e+01 -4.2716763347269005e-04
1.2132913919130308e+01 -4.2674570941464592e-04
1.2134530290096524e+01 -4.2632419910901785e-04
1.2136146661062742e+01 -4.2590310215400074e-04
1.2137763032028960e+01 -4.2548241814817237e-04
1.2139379402995177e+01 -4.2506214669049821e-04
1.2140995773961395e+01 -4.2464228738032400e-04
1.2142612144927613e+01 -4.2422283981738168e-04
1.2144228515893829e+01 -4.2380380360178542e-04
1.2145844886860047e+01 -4.2338517833403236e-04
1.2147461257826263e+01 -4.2296696361500294e-04
1.2149077628792481e+01 -4.2254915904595797e-04
1.2150693999758699e+01 -4.2213176422854152e-04
1.2152310370724916e+01 -4.2171477876478037e-04
1.2153926741691134e+01 -4.2129820225707829e-04
1.2155543112657352e+01 -4.2088203430822437e-04
1.2157159483623568e+01 -4.2046627452138602e-04
1.2158775854589786e+01 -4.2005092250010923e-04
1.2160392225556004e+01 -4.1963597784832246e-04
1.2162008596522220e+01 -4.1922144017033264e-04
1.2163624967488438e+01 -4.1880730907082410e-04
1.2165241338454654e+01 -4.1839358415486205e-04
1.2166857709420873e+01 -4.1798026502788796e-04
1.2168474080387091e+01 -4.1756735129572231e-04
1.2170090451353307e+01 -4.1715484256456416e-04
1.2171706822319525e+01 -4.1674273844098723e-04
1.2173323193285743e+01 -4.1633103853194373e-04
1.2174939564251959e+01 -4.1591974244476246e-04
1.2176555935218177e+01 -4.1550884978714813e-04
1.2178172306184395e+01 -4.1509836016717991e-04
1.2179788677150611e+01 -4.1468827319331527e-04
1.2181405048116829e+01 -4.1427858847438415e-04
1.2183021419083046e+01 -4.1386930561959179e-04
1.2184637790049264e+01 -4.1346042423851871e-04
1.2186254161015482e+01 -4.1305194394111895e-04
1.2187870531981698e+01 -4.1264386433772040e-04
1.2189486902947916e+01 -4.1223618503902313e-04
1.2191103273914134e+01 -4.1182890565610267e-04
1.2192719644880350e+01 -4.1142202580040429e-04
1.2194336015846568e+01 -4.1101554508374765e-04
1.2195952386812786e+01 -4.1060946311832357e-04
1.2197568757779003e+01 -4.1020377951669473e-04
1.2199185128745221e+01 -4.0979849389179390e-04
1.2200801499711437e+01 -4.0939360585692743e-04
1.2202417870677655e+01 -4.0898911502576827e-04
1.2204034241643873e+01 -4.0858502101236323e-04
1.2205650612610089e+01 -4.0818132343112767e-04
1.2207266983576307e+01 -4.0777802189684471e-04
1.2208883354542525e+01 -4.0737511602466955e-04
1.2210499725508742e+01 -4.0697260543012494e-04
1.2212116096474960e+01 -4.0657048972910116e-04
1.2213732467441178e+01 -4.0616876853785742e-04
1.2215348838407394e+01 -4.0576744147302233e-04
1.2216965209373612e+01 -4.0536650815158786e-04
1.2218581580339828e+01 -4.0496596819091771e-04
1.2220197951306046e+01 -4.0456582120873867e-04
1.2221814322272264e+01 -4.0416606682314621e-04
1.2223430693238480e+01 -4.0376670465260060e-04
1.2225047064204698e+01 -4.0336773431592883e-04
1.2226663435170916e+01 -4.0296915543232178e-04
1.2228279806137133e+01 -4.0257096762133748e-04
1.2229896177103351e+01 -4.0217317050289612e-04
1.2231512548069567e+01 -4.0177576369728477e-04
1.2233128919035785e+01 -4.0137874682515215e-04
1.2234745290002003e+01 -4.0098211950751221e-04
1.2236361660968219e+01 -4.0058588136574223e-04
1.2237978031934437e+01 -4.0019003202158078e-04
1.2239594402900655e+01 -3.9979457109713169e-04
1.2241210773866872e+01 -3.9939949821485879e-04
1.2242827144833090e+01 -3.9900481299758863e-04
1.2244443515799308e+01 -3.9861051506850996e-04
1.2246059886765524e+01 -3.9821660405117270e-04
1.2247676257731742e+01 -3.9782307956948582e-04
1.2249292628697958e+01 -3.9742994124772259e-04
1.2250908999664176e+01 -3.9703718871051205e-04
1.2252525370630394e+01 -3.9664482158284676e-04
1.2254141741596611e+01 -3.9625283949007797e-04
1.2255758112562829e+01 -3.9586124205791474e-04
1.2257374483529047e+01 -3.9547002891242631e-04
1.2258990854495263e+01 -3.9507919968004095e-04
1.2260607225461481e+01 -3.9468875398754349e-04
1.2262223596427699e+01 -3.9429869146207793e-04
1.2263839967393915e+01 -3.9390901173114672e-04
1.2265456338360133e+01 -3.9351971442260625e-04
1.2267072709326349e+01 -3.9313079916467389e-04
1.2268689080292567e+01 -3.9274226558592030e-04
1.2270305451258785e+01 -3.9235411331527408e-04
1.2271921822225002e+01 -3.9196634198201947e-04
1.2273538193191220e+01 -3.9157895121579597e-04
1.2275154564157438e+01 -3.9119194064659804e-04
1.2276770935123654e+01 -3.9080530990477625e-04
1.2278387306089872e+01 -3.9041905862103416e-04
1.2280003677056090e+01 -3.9003318642643042e-04
1.2281620048022306e+01 -3.8964769295237801e-04
1.2283236418988524e+01 -3.8926257783064192e-04
1.2284852789954741e+01 -3.8887784069334229e-04
1.2286469160920959e+01 -3.8849348117294985e-04
1.2288085531887177e+01 -3.8810949890229077e-04
1.2289701902853393e+01 -3.8772589351454106e-04
1.2291318273819611e+01 -3.8734266464322955e-04
1.2292934644785829e+01 -3.8695981192223667e-04
1.2294551015752045e+01 -3.8657733498579435e-04
1.2296167386718263e+01 -3.8619523346848406e-04
1.2297783757684481e+01 -3.8581350700524030e-04
1.2299400128650698e+01 -3.8543215523134520e-04
1.2301016499616916e+01 -3.8505117778243230e-04
1.2302632870583132e+01 -3.8467057429448511e-04
1.2304249241549350e+01 -3.8429034440383458e-04
1.2305865612515568e+01 -3.8391048774716238e-04
1.2307481983481784e+01 -3.8353100396149866e-04
1.2309098354448002e+01 -3.8315189268422014e-04
1.2310714725414220e+01 -3.8277315355305297e-04
1.2312331096380436e+01 -3.8239478620607218e-04
1.2313947467346654e+01 -3.8201679028169625e-04
1.2315563838312871e+01 -3.8163916541869482e-04
1.2317180209279089e+01 -3.8126191125618133e-04
1.2318796580245307e+01 -3.8088502743361687e-04
1.2320412951211523e+01 -3.8050851359080779e-04
1.2322029322177741e+01 -3.8013236936790750e-04
1.2323645693143959e+01 -3.7975659440541229e-04
1.2325262064110175e+01 -3.7938118834416625e-04
1.2326878435076393e+01 -3.7900615082535631e-04
1.2328494806042611e+01 -3.7863148149051428e-04
1.2330111177008828e+01 -3.7825717998151651e-04
1.2331727547975046e+01 -3.7788324594058200e-04
1.2333343918941262e+01 -3.7750967901027460e-04
1.2334960289907480e+01 -3.7713647883349903e-04
1.2336576660873698e+01 -3.7676364505350601e-04
1.2338193031839914e+01 -3.7639117731388548e-04
1.2339809402806132e+01 -3.7601907525857130e-04
1.2341425773772350e+01 -3.7564733853183885e-04
1.2343042144738567e+01 -3.7527596677830509e-04
1.2344658515704785e+01 -3.7490495964292672e-04
1.2346274886671003e+01 -3.7453431677100368e-04
1.2347891257637219e+01 -3.7416403780817507e-04
1.2349507628603437e+01 -3.7379412240041955e-04
1.2351123999569653e+01 -3.7342457019405719e-04
1.2352740370535871e+01 -3.7305538083574603e-04
1.2354356741502089e+01 -3.7268655397248394e-04
1.2355973112468305e+01 -3.7231808925160964e-04
1.2357589483434523e+01 -3.7194998632079657e-04
1.2359205854400741e+01 -3.7158224482805905e-04
1.2360822225366958e+01 -3.7121486442175041e-04
1.2362438596333176e+01 -3.7084784475055759e-04
1.2364054967299394e+01 -3.7048118546350900e-04
1.2365671338265610e+01 -3.7011488620996853e-04
1.2367287709231828e+01 -3.6974894663963564e-04
1.2368904080198044e+01 -3.6938336640254761e-04
1.2370520451164262e+01 -3.6901814514907715e-04
1.2372136822130480e+01 -3.6865328252993302e-04
1.2373753193096697e+01 -3.6828877819615946e-04
1.2375369564062915e+01 -3.6792463179913471e-04
1.2376985935029133e+01 -3.6756084299057400e-04
1.2378602305995349e+01 -3.6719741142252456e-04
1.2380218676961567e+01 -3.6683433674736959e-04
1.2381835047927785e+01 -3.6647161861782553e-04
1.2383451418894001e+01 -3.6610925668694176e-04
1.2385067789860219e+01 -3.6574725060810174e-04
1.2386684160826436e+01 -3.6538560003502208e-04
1.2388300531792654e+01 -3.6502430462175044e-04
1.2389916902758872e+01 -3.6466336402266795e-04
1.2391533273725088e+01 -3.6430277789248881e-04
1.2393149644691306e+01 -3.6394254588625560e-04
1.2394766015657524e+01 -3.6358266765934550e-04
1.2396382386623740e+01 -3.6322314286746561e-04
1.2397998757589958e+01 -3.6286397116665263e-04
1.2399615128556174e+01 -3.6250515221327530e-04
1.2401231499522392e+01 -3.6214668566403183e-04
1.2402847870488610e+01 -3.6178857117594919e-04
1.2404464241454827e+01 -3.6143080840638647e-04
1.2406080612421045e+01 -3.6107339701302901e-04
1.2407696983387263e+01 -3.6071633665389207e-04
1.2409313354353479e+01 -3.6035962698732088e-04
1.2410929725319697e+01 -3.6000326767198659e-04
1.2412546096285915e+01 -3.5964725836688962e-04
1.2414162467252131e+01 -3.5929159873135792e-04
1.2415778838218349e+01 -3.5893628842504683e-04
1.2417395209184566e+01 -3.5858132710793776e-04
1.2419011580150784e+01 -3.5822671444033991e-04
1.2420627951117002e+01 -3.5787245008288830e-04
1.2422244322083218e+01 -3.5751853369654467e-04
1.2423860693049436e+01 -3.5716496494259489e-04
1.2425477064015654e+01 -3.5681174348265289e-04
1.2427093434981870e+01 -3.5645886897865551e-04
1.2428709805948088e+01 -3.5610634109286524e-04
1.2430326176914306e+01 -3.5575415948786964e-04
1.2431942547880523e+01 -3.5540232382657932e-04
1.2433558918846741e+01 -3.5505083377222995e-04
1.2435175289812957e+01 -3.5469968898838066e-04
1.2436791660779175e+01 -3.5434888913891288e-04
1.2438408031745393e+01 -3.5399843388803185e-04
1.2440024402711609e+01 -3.5364832290026704e-04
1.2441640773677827e+01 -3.5329855584046658e-04
1.2443257144644045e+01 -3.5294913237380433e-04
1.2444873515610261e+01 -3.5260005216577458e-04
1.2446489886576479e+01 -3.5225131488219241e-04
1.2448106257542698e+01 -3.5190292018919477e-04
1.2449722628508914e+01 -3.5155486775324092e-04
1.2451338999475132e+01 -3.5120715724110721e-04
1.2452955370441348e+01 -3.5085978831989425e-04
1.2454571741407566e+01 -3.5051276065701999e-04
1.2456188112373784e+01 -3.5016607392022216e-04
1.2457804483340000e+01 -3.4981972777756008e-04
1.2459420854306218e+01 -3.4947372189740952e-04
1.2461037225272436e+01 -3.4912805594846671e-04
1.2462653596238653e+01 -3.4878272959974575e-04
1.2464269967204871e+01 -3.4843774252057915e-04
1.2465886338171089e+01 -3.4809309438061639e-04
1.2467502709137305e+01 -3.4774878484982678e-04
1.2469119080103523e+01 -3.4740481359849418e-04
1.2470735451069739e+01 -3.4706118029722151e-04
1.2472351822035957e+01 -3.4671788461692672e-04
1.2473968193002175e+01 -3.4637492622884616e-04
1.2475584563968392e+01 -3.4603230480453033e-04
1.2477200934934610e+01 -3.4569002001584641e-04
1.2478817305900828e+01 -3.4534807153497731e-04
1.2480433676867044e+01 -3.4500645903442101e-04
1.2482050047833262e+01 -3.4466518218698958e-04
1.2483666418799480e+01 -3.4432424066581070e-04
1.2485282789765696e+01 -3.4398363414432621e-04
1.2486899160731914e+01 -3.4364336229629076e-04
1.2488515531698130e+01 -3.4330342479577564e-04
1.2490131902664348e+01 -3.4296382131716131e-04
1.2491748273630567e+01 -3.4262455153514517e-04
1.2493364644596783e+01 -3.4228561512473599e-04
1.2494981015563001e+01 -3.4194701176125429e-04
1.2496597386529219e+01 -3.4160874112033375e-04
1.2498213757495435e+01 -3.4127080287792085e-04
1.2499830128461653e+01 -3.4093319671027098e-04
1.2501446499427869e+01 -3.4059592229395411e-04
1.2503062870394087e+01 -3.4025897930584895e-04
1.2504679241360305e+01 -3.3992236742314610e-04
1.2506295612326522e+01 -3.3958608632334643e-04
1.2507911983292740e+01 -3.3925013568426084e-04
1.2509528354258958e+01 -3.3891451518400987e-04
1.2511144725225174e+01 -3.3857922450102442e-04
1.2512761096191392e+01 -3.3824426331404447e-04
1.2514377467157610e+01 -3.3790963130211796e-04
1.2515993838123826e+01 -3.3757532814460346e-04
1.2517610209090044e+01 -3.3724135352116612e-04
1.2519226580056261e+01 -3.3690770711178065e-04
1.2520842951022479e+01 -3.3657438859672806e-04
1.2522459321988697e+01 -3.3624139765659909e-04
1.2524075692954913e+01 -3.3590873397228990e-04
1.2525692063921131e+01 -3.3557639722500411e-04
1.2527308434887349e+01 -3.3524438709625241e-04
1.2528924805853565e+01 -3.3491270326785208e-04
1.2530541176819783e+01 -3.3458134542192530e-04
1.2532157547786001e+01 -3.3425031324090128e-04
1.2533773918752217e+01 -3.3391960640751476e-04
1.2535390289718435e+01 -3.3358922460480401e-04
1.2537006660684652e+01 -3.3325916751611586e-04
1.2538623031650870e+01 -3.3292943482509692e-04
1.2540239402617088e+01 -3.3260002621570252e-04
1.2541855773583304e+01 -3.3227094137219028e-04
1.2543472144549522e+01 -3.3194217997912091e-04
1.2545088515515740e+01 -3.3161374172135976e-04
1.2546704886481956e+01 -3.3128562628407610e-04
1.2548321257448174e+01 -3.3095783335273951e-04
1.2549937628414392e+01 -3.3063036261312491e-04
1.2551553999380609e+01 -3.3030321375130891e-04
1.2553170370346827e+01 -3.2997638645366882e-04
1.2554786741313043e+01 -3.2964988040688563e-04
1.2556403112279261e+01 -3.2932369529794077e-04
1.2558019483245479e+01 -3.2899783081411697e-04
1.2559635854211695e+01 -3.2867228664299847e-04
1.2561252225177913e+01 -3.2834706247247001e-04
1.2562868596144131e+01 -3.2802215799071564e-04
1.2564484967110348e+01 -3.2769757288622181e-04
1.2566101338076566e+01 -3.2737330684777234e-04
1.2567717709042784e+01 -3.2704935956445188e-04
1.2569334080009000e+01 -3.2672573072564415e-04
1.2570950450975218e+01 -3.2640242002103200e-04
1.2572566821941434e+01 -3.2607942714059688e-04
1.2574183192907652e+01 -3.2575675177461794e-04
1.2575799563873870e+01 -3.2543439361367300e-04
1.2577415934840086e+01 -3.2511235234863916e-04
1.2579032305806304e+01 -3.2479062767068809e-04
1.2580648676772523e+01 -3.2446921927129066e-04
1.2582265047738739e+01 -3.2414812684221556e-04
1.2583881418704957e+01 -3.2382735007552532e-04
1.2585497789671173e+01 -3.2350688866358260e-04
1.2587114160637391e+01 -3.2318674229904205e-04
1.2588730531603609e+01 -3.2286691067485800e-04
1.2590346902569825e+01 -3.2254739348427854e-04
1.2591963273536043e+01 -3.2222819042084742e-04
1.2593579644502261e+01 -3.2190930117840258e-04
1.2595196015468478e+01 -3.2159072545107873e-04
1.2596812386434696e+01 -3.2127246293330280e-04
1.2598428757400914e+01 -3.2095451331979729e-04
1.2600045128367130e+01 -3.2063687630557857e-04
1.2601661499333348e+01 -3.2031955158595633e-04
1.2603277870299564e+01 -3.2000253885653340e-04
1.2604894241265782e+01 -3.1968583781320613e-04
1.2606510612232000e+01 -3.1936944815216388e-04
1.2608126983198217e+01 -3.1905336956988785e-04
1.2609743354164435e+01 -3.1873760176315188e-04
1.2611359725130653e+01 -3.1842214442902181e-04
1.2612976096096869e+01 -3.1810699726485579e-04
1.2614592467063087e+01 -3.1779215996830174e-04
1.2616208838029305e+01 -3.1747763223730096e-04
1.2617825208995521e+01 -3.1716341377008381e-04
1.2619441579961739e+01 -3.1684950426517206e-04
1.2621057950927955e+01 -3.1653590342137818e-04
1.2622674321894173e+01 -3.1622261093780345e-04
1.2624290692860392e+01 -3.1590962651383974e-04
1.2625907063826608e+01 -3.1559694984916971e-04
1.2627523434792826e+01 -3.1528458064376206e-04
1.2629139805759044e+01 -3.1497251859787781e-04
1.2630756176725260e+01 -3.1466076341206525e-04
1.2632372547691478e+01 -3.1434931478715967e-04
1.2633988918657696e+01 -3.1403817242428724e-04
1.2635605289623912e+01 -3.1372733602486058e-04
1.2637221660590130e+01 -3.1341680529057940e-04
1.2638838031556347e+01 -3.1310657992343171e-04
1.2640454402522565e+01 -3.1279665962569256e-04
1.2642070773488783e+01 -3.1248704409992246e-04
1.2643687144454999e+01 -3.1217773304897066e-04
1.2645303515421217e+01 -3.1186872617597057e-04
1.2646919886387435e+01 -3.1156002318434285e-04
1.2648536257353651e+01 -3.1125162377779333e-04
1.2650152628319869e+01 -3.1094352766031366e-04
1.2651768999286087e+01 -3.1063573453617984e-04
1.2653385370252304e+01 -3.1032824410995422e-04
1.2655001741218522e+01 -3.1002105608648225e-04
1.2656618112184738e+01 -3.0971417017089435e-04
1.2658234483150956e+01 -3.0940758606860515e-04
1.2659850854117174e+01 -3.0910130348531310e-04
1.2661467225083390e+01 -3.0879532212700042e-04
1.2663083596049608e+01 -3.0848964169993137e-04
1.2664699967015826e+01 -3.0818426191065530e-04
1.2666316337982042e+01 -3.0787918246600248e-04
1.2667932708948261e+01 -3.0757440307308648e-04
1.2669549079914479e+01 -3.0726992343930304e-04
1.2671165450880695e+01 -3.0696574327232994e-04
1.2672781821846913e+01 -3.0666186228012568e-04
1.2674398192813129e+01 -3.0635828017093242e-04
1.2676014563779347e+01 -3.0605499665327038e-04
1.2677630934745565e+01 -3.0575201143594313e-04
1.2679247305711781e+01 -3.0544932422803457e-04
1.2680863676677999e+01 -3.0514693473890684e-04
1.2682480047644217e+01 -3.0484484267820480e-04
1.2684096418610434e+01 -3.0454304775585223e-04
1.2685712789576652e+01 -3.0424154968205152e-04
1.2687329160542868e+01 -3.0394034816728558e-04
1.2688945531509086e+01 -3.0363944292231614e-04
1.2690561902475304e+01 -3.0333883365818236e-04
1.2692178273441520e+01 -3.0303852008620430e-04
1.2693794644407738e+01 -3.0273850191797798e-04
1.2695411015373956e+01 -3.0243877886537864e-04
1.2697027386340173e+01 -3.0213935064055906e-04
1.2698643757306391e+01 -3.0184021695594940e-04
1.2700260128272609e+01 -3.0154137752425611e-04
1.2701876499238825e+01 -3.0124283205846451e-04
1.2703492870205043e+01 -3.0094458027183512e-04
1.2705109241171259e+01 -3.0064662187790476e-04
1.2706725612137477e+01 -3.0034895659048676e-04
1.2708341983103695e+01 -3.0005158412367073e-04
1.2709958354069911e+01 -2.9975450419182187e-04
1.2711574725036130e+01 -2.9945771650957920e-04
1.2713191096002348e+01 -2.9916122079185940e-04
1.2714807466968564e+01 -2.9886501675385193e-04
1.2716423837934782e+01 -2.9856910411102134e-04
1.2718040208901000e+01 -2.9827348257910682e-04
1.2719656579867216e+01 -2.9797815187412196e-04
1.2721272950833434e+01 -2.9768311171235234e-04
1.2722889321799650e+01 -2.9738836181036015e-04
1.2724505692765868e+01 -2.9709390188497714e-04
1.2726122063732086e+01 -2.9679973165331117e-04
1.2727738434698303e+01 -2.9650585083274185e-04
1.2729354805664521e+01 -2.9621225914091989e-04
1.2730971176630739e+01 -2.9591895629577016e-04
1.2732587547596955e+01 -2.9562594201548947e-04
1.2734203918563173e+01 -2.9533321601854463e-04
1.2735820289529391e+01 -2.9504077802367494e-04
1.2737436660495607e+01 -2.9474862774989238e-04
1.2739053031461825e+01 -2.9445676491647642e-04
1.2740669402428042e+01 -2.9416518924298081e-04
1.2742285773394260e+01 -2.9387390044922744e-04
1.2743902144360478e+01 -2.9358289825530913e-04
1.2745518515326694e+01 -2.9329218238158890e-04
1.2747134886292912e+01 -2.9300175254869923e-04
1.2748751257259130e+01 -2.9271160847754122e-04
1.2750367628225346e+01 -2.9242174988928691e-04
1.2751983999191564e+01 -2.9213217650537516e-04
1.2753600370157782e+01 -2.9184288804751514e-04
1.2755216741123999e+01 -2.9155388423768378e-04
1.2756833112090217e+01 -2.9126516479812580e-04
1.2758449483056433e+01 -2.9097672945135460e-04
1.2760065854022651e+01 -2.9068857792014993e-04
1.2761682224988869e+01 -2.9040070992756081e-04
1.2763298595955085e+01 -2.9011312519690167e-04
1.2764914966921303e+01 -2.8982582345175477e-04
1.2766531337887521e+01 -2.8953880441596856e-04
1.2768147708853737e+01 -2.8925206781365816e-04
1.2769764079819955e+01 -2.8896561336920414e-04
1.2771380450786172e+01 -2.8867944080725470e-04
1.2772996821752390e+01 -2.8839354985272061e-04
1.2774613192718608e+01 -2.8810794023078089e-04
1.2776229563684824e+01 -2.8782261166687890e-04
1.2777845934651042e+01 -2.8753756388672137e-04
1.2779462305617260e+01 -2.8725279661628156e-04
1.2781078676583476e+01 -2.8696830958179647e-04
1.2782695047549694e+01 -2.8668410250976635e-04
1.2784311418515912e+01 -2.8640017512695615e-04
1.2785927789482129e+01 -2.8611652716039519e-04
1.2787544160448347e+01 -2.8583315833737380e-04
1.2789160531414563e+01 -2.8555006838544805e-04
1.2790776902380781e+01 -2.8526725703243491e-04
1.2792393273346999e+01 -2.8498472400641483e-04
1.2794009644313215e+01 -2.8470246903573062e-04
1.2795626015279433e+01 -2.8442049184898701e-04
1.2797242386245651e+01 -2.8413879217505062e-04
1.2798858757211867e+01 -2.8385736974305013e-04
1.2800475128178086e+01 -2.8357622428237420e-04
1.2802091499144304e+01 -2.8329535552267464e-04
1.2803707870110520e+01 -2.8301476319386249e-04
1.2805324241076738e+01 -2.8273444702610952e-04
1.2806940612042954e+01 -2.8245440674984964e-04
1.2808556983009172e+01 -2.8217464209577390e-04
1.2810173353975390e+01 -2.8189515279483608e-04
1.2811789724941606e+01 -2.8161593857824830e-04
1.2813406095907824e+01 -2.8133699917748172e-04
1.2815022466874042e+01 -2.8105833432426710e-04
1.2816638837840259e+01 -2.8077994375059513e-04
1.2818255208806477e+01 -2.8050182718871239e-04
1.2819871579772695e+01 -2.8022398437112695e-04
1.2821487950738911e+01 -2.7994641503060346e-04
1.2823104321705129e+01 -2.7966911890016420e-04
1.2824720692671345e+01 -2.7939209571308996e-04
1.2826337063637563e+01 -2.7911534520291879e-04
1.2827953434603781e+01 -2.7883886710344525e-04
1.2829569805569998e+01 -2.7856266114872170e-04
1.2831186176536216e+01 -2.7828672707305696e-04
1.2832802547502434e+01 -2.7801106461101537e-04
1.2834418918468650e+01 -2.7773567349741955e-04
1.2836035289434868e+01 -2.7746055346734567e-04
1.2837651660401086e+01 -2.7718570425612732e-04
1.2839268031367302e+01 -2.7691112559935293e-04
1.2840884402333520e+01 -2.7663681723286631e-04
1.2842500773299736e+01 -2.7636277889276593e-04
1.2844117144265955e+01 -2.7608901031540536e-04
1.2845733515232173e+01 -2.7581551123739275e-04
1.2847349886198389e+01 -2.7554228139559052e-04
1.2848966257164607e+01 -2.7526932052711437e-04
1.2850582628130825e+01 -2.7499662836933503e-04
1.2852198999097041e+01 -2.7472420465987602e-04
1.2853815370063259e+01 -2.7445204913661346e-04
1.2855431741029477e+01 -2.7418016153767842e-04
1.2857048111995693e+01 -2.7390854160145315e-04
1.2858664482961911e+01 -2.7363718906657318e-04
1.2860280853928128e+01 -2.7336610367192639e-04
1.2861897224894346e+01 -2.7309528515665220e-04
1.2863513595860564e+01 -2.7282473326014240e-04
1.2865129966826780e+01 -2.7255444772204124e-04
1.2866746337792998e+01 -2.7228442828224205e-04
1.2868362708759216e+01 -2.7201467468089151e-04
1.2869979079725432e+01 -2.7174518665838660e-04
1.2871595450691650e+01 -2.7147596395537421e-04
1.2873211821657867e+01 -2.7120700631275238e-04
1.2874828192624085e+01 -2.7093831347166971e-04
1.2876444563590303e+01 -2.7066988517352326e-04
1.2878060934556519e+01 -2.7040172115996180e-04
1.2879677305522737e+01 -2.7013382117288228e-04
1.2881293676488955e+01 -2.6986618495443041e-04
1.2882910047455171e+01 -2.6959881224700302e-04
1.2884526418421389e+01 -2.6933170279324340e-04
1.2886142789387607e+01 -2.6906485633604473e-04
1.2887759160353824e+01 -2.6879827261854807e-04
1.2889375531320042e+01 -2.6853195138414298e-04
1.2890991902286258e+01 -2.6826589237646602e-04
1.2892608273252476e+01 -2.6800009533940175e-04
1.2894224644218694e+01 -2.6773456001708256e-04
1.2895841015184910e+01 -2.6746928615388747e-04
1.2897457386151128e+01 -2.6720427349444183e-04
1.2899073757117346e+01 -2.6693952178361935e-04
1.2900690128083562e+01 -2.6667503076653842e-04
1.2902306499049780e+01 -2.6641080018856435e-04
1.2903922870015998e+01 -2.6614682979530884e-04
1.2905539240982215e+01 -2.6588311933262810e-04
1.2907155611948433e+01 -2.6561966854662494e-04
1.2908771982914649e+01 -2.6535647718364721e-04
1.2910388353880867e+01 -2.6509354499028726e-04
1.2912004724847085e+01 -2.6483087171338227e-04
1.2913621095813301e+01 -2.6456845710001568e-04
1.2915237466779519e+01 -2.6430630089751216e-04
1.2916853837745737e+01 -2.6404440285344300e-04
1.2918470208711954e+01 -2.6378276271562292e-04
1.2920086579678172e+01 -2.6352138023210905e-04
1.2921702950644390e+01 -2.6326025515120271e-04
1.2923319321610606e+01 -2.6299938722144971e-04
1.2924935692576824e+01 -2.6273877619163564e-04
1.2926552063543040e+01 -2.6247842181079210e-04
1.2928168434509258e+01 -2.6221832382819114e-04
1.2929784805475476e+01 -2.6195848199334721e-04
1.2931401176441693e+01 -2.6169889605601800e-04
1.2933017547407911e+01 -2.6143956576620160e-04
1.2934633918374129e+01 -2.6118049087413845e-04
1.2936250289340345e+01 -2.6092167113030981e-04
1.2937866660306563e+01 -2.6066310628543895e-04
1.2939483031272781e+01 -2.6040479609048834e-04
1.2941099402238997e+01 -2.6014674029666322e-04
1.2942715773205215e+01 -2.5988893865540726e-04
1.2944332144171431e+01 -2.5963139091840569e-04
1.2945948515137649e+01 -2.5937409683758254e-04
1.2947564886103867e+01 -2.5911705616510312e-04
1.2949181257070084e+01 -2.5886026865337041e-04
1.2950797628036302e+01 -2.5860373405502802e-04
1.2952413999002520e+01 -2.5834745212295824e-04
1.2954030369968736e+01 -2.5809142261028152e-04
1.2955646740934954e+01 -2.5783564527035791e-04
1.2957263111901170e+01 -2.5758011985678540e-04
1.2958879482867388e+01 -2.5732484612339945e-04
1.2960495853833606e+01 -2.5706982382427433e-04
1.2962112224799823e+01 -2.5681505271372252e-04
1.2963728595766041e+01 -2.5656053254629154e-04
1.2965344966732259e+01 -2.5630626307676874e-04
1.2966961337698475e+01 -2.5605224406017777e-04
1.2968577708664693e+01 -2.5579847525177766e-04
1.2970194079630911e+01 -2.5554495640706554e-04
1.2971810450597127e+01 -2.5529168728177516e-04
1.2973426821563345e+01 -2.5503866763187423e-04
1.2975043192529562e+01 -2.5478589721356879e-04
1.2976659563495780e+01 -2.5453337578329916e-04
1.2978275934461998e+01 -2.5428110309774066e-04
1.2979892305428214e+01 -2.5402907891380574e-04
1.2981508676394432e+01 -2.5377730298863977e-04
1.2983125047360650e+01 -2.5352577507962396e-04
1.2984741418326866e+01 -2.5327449494437390e-04
1.2986357789293084e+01 -2.5302346234073959e-04
1.2987974160259302e+01 -2.5277267702680421e-04
1.2989590531225518e+01 -2.5252213876088660e-04
1.2991206902191736e+01 -2.5227184730153746e-04
1.2992823273157953e+01 -2.5202180240754195e-04
1.2994439644124171e+01 -2.5177200383791749e-04
1.2996056015090389e+01 -2.5152245135191592e-04
1.2997672386056605e+01 -2.5127314470902091e-04
1.2999288757022823e+01 -2.5102408366894837e-04
1.3000905127989041e+01 -2.5077526799164684e-04
1.3002521498955257e+01 -2.5052669743729807e-04
1.3004137869921475e+01 -2.5027837176631331e-04
1.3005754240887693e+01 -2.5003029073933716e-04
1.3007370611853910e+01 -2.4978245411724629e-04
1.3008986982820128e+01 -2.4953486166114601e-04
1.3010603353786344e+01 -2.4928751313237578e-04
1.3012219724752562e+01 -2.4904040829250258e-04
1.3013836095718780e+01 -2.4879354690332680e-04
1.3015452466684996e+01 -2.4854692872687756e-04
1.3017068837651214e+01 -2.4830055352541470e-04
1.3018685208617432e+01 -2.4805442106142731e-04
1.3020301579583649e+01 -2.4780853109763519e-04
1.3021917950549867e+01 -2.4756288339698642e-04
1.3023534321516085e+01 -2.4731747772265911e-04
1.3025150692482301e+01 -2.4707231383806039e-04
1.3026767063448519e+01 -2.4682739150682585e-04
1.3028383434414735e+01 -2.4658271049281976e-04
1.3029999805380953e+01 -2.4633827056013433e-04
1.3031616176347171e+01 -2.4609407147309126e-04
1.3033232547313387e+01 -2.4585011299623860e-04
1.3034848918279605e+01 -2.4560639489435300e-04
1.3036465289245823e+01 -2.4536291693243851e-04
1.3038081660212040e+01 -2.4511967887572649e-04
1.3039698031178258e+01 -2.4487668048967464e-04
1.3041314402144476e+01 -2.4463392153996897e-04
1.3042930773110692e+01 -2.4439140179252064e-04
1.3044547144076910e+01 -2.4414912101346805e-04
1.3046163515043126e+01 -2.4390707896917592e-04
1.3047779886009344e+01 -2.4366527542623396e-04
1.3049396256975562e+01 -2.4342371015145860e-04
1.3051012627941779e+01 -2.4318238291189218e-04
1.3052628998907997e+01 -2.4294129347480096e-04
1.3054245369874215e+01 -2.4270044160767712e-04
1.3055861740840431e+01 -2.4245982707823879e-04
1.3057478111806649e+01 -2.4221944965442625e-04
1.3059094482772865e+01 -2.4197930910440700e-04
1.3060710853739083e+01 -2.4173940519657113e-04
1.3062327224705301e+01 -2.4149973769953316e-04
1.3063943595671518e+01 -2.4126030638213164e-04
1.3065559966637736e+01 -2.4102111101342904e-04
1.3067176337603954e+01 -2.4078215136270998e-04
1.3068792708570170e+01 -2.4054342719948411e-04
1.3070409079536388e+01 -2.4030493829348262e-04
1.3072025450502606e+01 -2.4006668441466005e-04
1.3073641821468822e+01 -2.3982866533319347e-04
1.3075258192435040e+01 -2.3959088081948267e-04
1.3076874563401256e+01 -2.3935333064414884e-04
1.3078490934367474e+01 -2.3911601457803492e-04
1.3080107305333692e+01 -2.3887893239220729e-04
1.3081723676299909e+01 -2.3864208385795176e-04
1.3083340047266127e+01 -2.3840546874677668e-04
1.3084956418232345e+01 -2.3816908683041107e-04
1.3086572789198561e+01 -2.3793293788080532e-04
1.3088189160164779e+01 -2.3769702167012922e-04
1.3089805531130997e+01 -2.3746133797077488e-04
1.3091421902097213e+01 -2.3722588655535295e-04
1.3093038273063431e+01 -2.3699066719669499e-04
1.3094654644029648e+01 -2.3675567966785258e-04
1.3096271014995866e+01 -2.3652092374209594e-04
1.3097887385962084e+01 -2.3628639919291551e-04
1.3099503756928300e+01 -2.3605210579402162e-04
1.3101120127894518e+01 -2.3581804331934133e-04
1.3102736498860736e+01 -2.3558421154302228e-04
1.3104352869826952e+01 -2.3535061023943139e-04
1.3105969240793170e+01 -2.3511723918315109e-04
1.3107585611759388e+01 -2.3488409814898472e-04
1.3109201982725605e+01 -2.3465118691195274e-04
1.3110818353691823e+01 -2.3441850524729256e-04
1.3112434724658039e+01 -2.3418605293045984e-04
1.3114051095624257e+01 -2.3395382973712795e-04
1.3115667466590475e+01 -2.3372183544318601e-04
1.3117283837556691e+01 -2.3349006982474190e-04
1.3118900208522909e+01 -2.3325853265811870e-04
1.3120516579489127e+01 -2.3302722371985651e-04
1.3122132950455343e+01 -2.3279614278671194e-04
1.3123749321421561e+01 -2.3256528963565764e-04
1.3125365692387780e+01 -2.3233466404388122e-04
1.3126982063353996e+01 -2.3210426578878791e-04
1.3128598434320214e+01 -2.3187409464799655e-04
1.3130214805286430e+01 -2.3164415039934183e-04
1.3131831176252648e+01 -2.3141443282087370e-04
1.3133447547218866e+01 -2.3118494169085710e-04
1.3135063918185082e+01 -2.3095567678777147e-04
1.3136680289151300e+01 -2.3072663789031002e-04
1.3138296660117518e+01 -2.3049782477738156e-04
1.3139913031083735e+01 -2.3026923722810767e-04
1.3141529402049953e+01 -2.3004087502182441e-04
1.3143145773016169e+01 -2.2981273793808163e-04
1.3144762143982387e+01 -2.2958482575664171e-04
1.3146378514948605e+01 -2.2935713825748098e-04
1.3147994885914821e+01 -2.2912967522078961e-04
1.3149611256881039e+01 -2.2890243642696809e-04
1.3151227627847257e+01 -2.2867542165663223e-04
1.3152843998813474e+01 -2.2844863069060905e-04
1.3154460369779692e+01 -2.2822206330993684e-04
1.3156076740745910e+01 -2.2799571929586762e-04
1.3157693111712126e+01 -2.2776959842986483e-04
1.3159309482678344e+01 -2.2754370049360228e-04
1.3160925853644560e+01 -2.2731802526896653e-04
1.3162542224610778e+01 -2.2709257253805497e-04
1.3164158595576996e+01 -2.2686734208317511e-04
1.3165774966543212e+01 -2.2664233368684721e-04
1.3167391337509430e+01 -2.2641754713179999e-04
1.3169007708475648e+01 -2.2619298220097372e-04
1.3170624079441865e+01 -2.2596863867751889e-04
1.3172240450408083e+01 -2.2574451634479572e-04
1.3173856821374301e+01 -2.2552061498637367e-04
1.3175473192340517e+01 -2.2529693438603330e-04
1.3177089563306735e+01 -2.2507347432776305e-04
1.3178705934272951e+01 -2.2485023459576102e-04
1.3180322305239169e+01 -2.2462721497443458e-04
1.3181938676205387e+01 -2.2440441524839973e-04
1.3183555047171604e+01 -2.2418183520248134e-04
1.3185171418137822e+01 -2.2395947462171164e-04
1.3186787789104040e+01 -2.2373733329133277e-04
1.3188404160070256e+01 -2.2351541099679313e-04
1.3190020531036474e+01 -2.2329370752375007e-04
1.3191636902002692e+01 -2.2307222265806811e-04
1.3193253272968908e+01 -2.2285095618581940e-04
1.3194869643935126e+01 -2.2262990789328257e-04
1.3196486014901343e+01 -2.2240907756694475e-04
1.3198102385867561e+01 -2.2218846499349784e-04
1.3199718756833779e+01 -2.2196806995984216e-04
1.3201335127799995e+01 -2.2174789225308408e-04
1.3202951498766213e+01 -2.2152793166053473e-04
1.3204567869732431e+01 -2.2130818796971323e-04
1.3206184240698647e+01 -2.2108866096834368e-04
1.3207800611664865e+01 -2.2086935044435537e-04
1.3209416982631083e+01 -2.2065025618588357e-04
1.3211033353597299e+01 -2.2043137798126946e-04
1.3212649724563517e+01 -2.2021271561905719e-04
1.3214266095529734e+01 -2.1999426888799810e-04
1.3215882466495952e+01 -2.1977603757704649e-04
1.3217498837462170e+01 -2.1955802147536203e-04
1.3219115208428386e+01 -2.1934022037230834e-04
1.3220731579394604e+01 -2.1912263405745309e-04
1.3222347950360822e+01 -2.1890526232056786e-04
1.3223964321327038e+01 -2.1868810495162818e-04
1.3225580692293256e+01 -2.1847116174081245e-04
1.3227197063259474e+01 -2.1825443247850266e-04
1.3228813434225691e+01 -2.1803791695528441e-04
1.3230429805191909e+01 -2.1782161496194491e-04
1.3232046176158125e+01 -2.1760552628947600e-04
1.3233662547124343e+01 -2.1738965072906968e-04
1.3235278918090561e+01 -2.1717398807212228e-04
1.3236895289056777e+01 -2.1695853811023162e-04
1.3238511660022995e+01 -2.1674330063519665e-04
1.3240128030989213e+01 -2.1652827543901891e-04
1.3241744401955430e+01 -2.1631346231390202e-04
1.3243360772921648e+01 -2.1609886105224910e-04
1.3244977143887864e+01 -2.1588447144666663e-04
1.3246593514854082e+01 -2.1567029328996024e-04
1.3248209885820300e+01 -2.1545632637513730e-04
1.3249826256786516e+01 -2.1524257049540565e-04
1.3251442627752734e+01 -2.1502902544417361e-04
1.3253058998718952e+01 -2.1481569101504906e-04
1.3254675369685168e+01 -2.1460256700184065e-04
1.3256291740651386e+01 -2.1438965319855676e-04
1.3257908111617605e+01 -2.1417694939940456e-04
1.3259524482583821e+01 -2.1396445539879200e-04
1.3261140853550039e+01 -2.1375217099132529e-04
1.3262757224516255e+01 -2.1354009597181008e-04
1.3264373595482473e+01 -2.1332823013525031e-04
1.3265989966448691e+01 -2.1311657327685002e-04
1.3267606337414907e+01 -2.1290512519200999e-04
1.3269222708381125e+01 -2.1269388567633047e-04
1.3270839079347343e+01 -2.1248285452560940e-04
1.3272455450313560e+01 -2.1227203153584300e-04
1.3274071821279778e+01 -2.1206141650322418e-04
1.3275688192245996e+01 -2.1185100922414512e-04
1.3277304563212212e+01 -2.1164080949519399e-04
1.3278920934178430e+01 -2.1143081711315592e-04
1.3280537305144646e+01 -2.1122103187501477e-04
1.3282153676110864e+01 -2.1101145357794884e-04
1.3283770047077082e+01 -2.1080208201933496e-04
1.3285386418043299e+01 -2.1059291699674582e-04
1.3287002789009517e+01 -2.1038395830794951e-04
1.3288619159975735e+01 -2.1017520575091088e-04
1.3290235530941951e+01 -2.0996665912379161e-04
1.3291851901908169e+01 -2.0975831822494650e-04
1.3293468272874387e+01 -2.0955018285292816e-04
1.3295084643840603e+01 -2.0934225280648389e-04
1.3296701014806821e+01 -2.0913452788455517e-04
1.3298317385773037e+01 -2.0892700788627949e-04
1.3299933756739255e+01 -2.0871969261098878e-04
1.3301550127705474e+01 -2.0851258185820910e-04
1.3303166498671690e+01 -2.0830567542766125e-04
1.3304782869637908e+01 -2.0809897311926042e-04
1.3306399240604126e+01 -2.0789247473311485e-04
1.3308015611570342e+01 -2.0768618006952803e-04
1.3309631982536560e+01 -2.0748008892899580e-04
1.3311248353502778e+01 -2.0727420111220791e-04
1.3312864724468994e+01 -2.0706851642004752e-04
1.3314481095435212e+01 -2.0686303465359079e-04
1.3316097466401429e+01 -2.0665775561410629e-04
1.3317713837367647e+01 -2.0645267910305583e-04
1.3319330208333865e+01 -2.0624780492209358e-04
1.3320946579300081e+01 -2.0604313287306617e-04
1.3322562950266299e+01 -2.0583866275801166e-04
1.3324179321232517e+01 -2.0563439437916149e-04
1.3325795692198733e+01 -2.0543032753893737e-04
1.3327412063164951e+01 -2.0522646203995307e-04
1.3329028434131168e+01 -2.0502279768501496e-04
1.3330644805097386e+01 -2.0481933427711810e-04
1.3332261176063604e+01 -2.0461607161945128e-04
1.3333877547029820e+01 -2.0441300951539281e-04
1.3335493917996038e+01 -2.0421014776851137e-04
1.3337110288962256e+01 -2.0400748618256681e-04
1.3338726659928472e+01 -2.0380502456150983e-04
1.3340343030894690e+01 -2.0360276270947917e-04
1.3341959401860908e+01 -2.0340070043080587e-04
1.3343575772827124e+01 -2.0319883753000976e-04
1.3345192143793343e+01 -2.0299717381179965e-04
1.3346808514759559e+01 -2.0279570908107481e-04
1.3348424885725777e+01 -2.0259444314292335e-04
1.3350041256691995e+01 -2.0239337580262186e-04
1.3351657627658211e+01 -2.0219250686563669e-04
1.3353273998624429e+01 -2.0199183613762265e-04
1.3354890369590647e+01 -2.0179136342442206e-04
1.3356506740556863e+01 -2.0159108853206735e-04
1.3358123111523081e+01 -2.0139101126677748e-04
1.3359739482489299e+01 -2.0119113143496025e-04
1.3361355853455516e+01 -2.0099144884321097e-04
1.3362972224421734e+01 -2.0079196329831275e-04
1.3364588595387950e+01 -2.0059267460723569e-04
1.3366204966354168e+01 -2.0039358257713745e-04
1.3367821337320386e+01 -2.0019468701536279e-04
1.3369437708286602e+01 -1.9999598772944344e-04
1.3371054079252820e+01 -1.9979748452709709e-04
1.3372670450219038e+01 -1.9959917721622939e-04
1.3374286821185255e+01 -1.9940106560493076e-04
1.3375903192151473e+01 -1.9920314950147892e-04
1.3377519563117691e+01 -1.9900542871433737e-04
1.3379135934083907e+01 -1.9880790305215463e-04
1.3380752305050125e+01 -1.9861057232376591e-04
1.3382368676016341e+01 -1.9841343633819150e-04
1.3383985046982559e+01 -1.9821649490463664e-04
1.3385601417948777e+01 -1.9801974783249197e-04
1.3387217788914993e+01 -1.9782319493133363e-04
1.3388834159881212e+01 -1.9762683601092101e-04
1.3390450530847430e+01 -1.9743067088119970e-04
1.3392066901813646e+01 -1.9723469935229891e-04
1.3393683272779864e+01 -1.9703892123453177e-04
1.3395299643746082e+01 -1.9684333633839600e-04
1.3396916014712298e+01 -1.9664794447457363e-04
1.3398532385678516e+01 -1.9645274545392866e-04
1.3400148756644732e+01 -1.9625773908751073e-04
1.3401765127610950e+01 -1.9606292518655147e-04
1.3403381498577168e+01 -1.9586830356246561e-04
1.3404997869543385e+01 -1.9567387402685200e-04
1.3406614240509603e+01 -1.9547963639149121e-04
1.3408230611475821e+01 -1.9528559046834684e-04
1.3409846982442037e+01 -1.9509173606956516e-04
1.3411463353408255e+01 -1.9489807300747457e-04
1.3413079724374471e+01 -1.9470460109458526e-04
1.3414696095340689e+01 -1.9451132014358980e-04
1.3416312466306907e+01 -1.9431822996736245e-04
1.3417928837273124e+01 -1.9412533037895929e-04
1.3419545208239342e+01 -1.9393262119161674e-04
1.3421161579205560e+01 -1.9374010221875402e-04
1.3422777950171776e+01 -1.9354777327397065e-04
1.3424394321137994e+01 -1.9335563417104666e-04
1.3426010692104212e+01 -1.9316368472394353e-04
1.3427627063070428e+01 -1.9297192474680309e-04
1.3429243434036646e+01 -1.9278035405394703e-04
1.3430859805002862e+01 -1.9258897245987824e-04
1.3432476175969081e+01 -1.9239777977927858e-04
1.3434092546935299e+01 -1.9220677582701038e-04
1.3435708917901515e+01 -1.9201596041811618e-04
1.3437325288867733e+01 -1.9182533336781649e-04
1.3438941659833951e+01 -1.9163489449151278e-04
1.3440558030800167e+01 -1.9144464360478482e-04
1.3442174401766385e+01 -1.9125458052339186e-04
1.3443790772732603e+01 -1.9106470506327118e-04
1.3445407143698819e+01 -1.9087501704053992e-04
1.3447023514665037e+01 -1.9068551627149258e-04
1.3448639885631254e+01 -1.9049620257260283e-04
1.3450256256597472e+01 -1.9030707576052174e-04
1.3451872627563690e+01 -1.9011813565207900e-04
1.3453488998529906e+01 -1.8992938206428194e-04
1.3455105369496124e+01 -1.8974081481431504e-04
1.3456721740462342e+01 -1.8955243371954127e-04
1.3458338111428558e+01 -1.8936423859749988e-04
1.3459954482394776e+01 -1.8917622926590768e-04
1.3461570853360994e+01 -1.8898840554265861e-04
1.3463187224327211e+01 -1.8880076724582333e-04
1.3464803595293429e+01 -1.8861331419364844e-04
1.3466419966259645e+01 -1.8842604620455849e-04
1.3468036337225863e+01 -1.8823896309715240e-04
1.3469652708192081e+01 -1.8805206469020672e-04
1.3471269079158297e+01 -1.8786535080267370e-04
1.3472885450124515e+01 -1.8767882125368050e-04
1.3474501821090733e+01 -1.8749247586253065e-04
1.3476118192056949e+01 -1.8730631444870347e-04
1.3477734563023168e+01 -1.8712033683185230e-04
1.3479350933989386e+01 -1.8693454283180642e-04
1.3480967304955602e+01 -1.8674893226857086e-04
1.3482583675921820e+01 -1.8656350496232331e-04
1.3484200046888036e+01 -1.8637826073341816e-04
1.3485816417854254e+01 -1.8619319940238284e-04
1.3487432788820472e+01 -1.8600832078991973e-04
1.3489049159786688e+01 -1.8582362471690510e-04
1.3490665530752906e+01 -1.8563911100438952e-04
1.3492281901719124e+01 -1.8545477947359634e-04
1.3493898272685341e+01 -1.8527062994592381e-04
1.3495514643651559e+01 -1.8508666224294274e-04
1.3497131014617777e+01 -1.8490287618639736e-04
1.3498747385583993e+01 -1.8471927159820518e-04
1.3500363756550211e+01 -1.8453584830045689e-04
1.3501980127516427e+01 -1.8435260611541520e-04
1.3503596498482645e+01 -1.8416954486551567e-04
1.3505212869448863e+01 -1.8398666437336722e-04
1.3506829240415080e+01 -1.8380396446174968e-04
1.3508445611381298e+01 -1.8362144495361591e-04
1.3510061982347516e+01 -1.8343910567209041e-04
1.3511678353313732e+01 -1.8325694644046958e-04
1.3513294724279950e+01 -1.8307496708222095e-04
1.3514911095246166e+01 -1.8289316742098471e-04
1.3516527466212384e+01 -1.8271154728057048e-04
1.3518143837178602e+01 -1.8253010648496077e-04
1.3519760208144818e+01 -1.8234884485830835e-04
1.3521376579111037e+01 -1.8216776222493625e-04
1.3522992950077255e+01 -1.8198685840933897e-04
1.3524609321043471e+01 -1.8180613323618168e-04
1.3526225692009689e+01 -1.8162558653029838e-04
1.3527842062975907e+01 -1.8144521811669454e-04
1.3529458433942123e+01 -1.8126502782054590e-04
1.3531074804908341e+01 -1.8108501546719615e-04
1.3532691175874557e+01 -1.8090518088216092e-04
1.3534307546840775e+01 -1.8072552389112367e-04
1.3535923917806993e+01 -1.8054604431993785e-04
1.3537540288773210e+01 -1.8036674199462620e-04
1.3539156659739428e+01 -1.8018761674138033e-04
1.3540773030705646e+01 -1.8000866838656005e-04
1.3542389401671862e+01 -1.7982989675669530e-04
1.3544005772638080e+01 -1.7965130167848310e-04
1.3545622143604298e+01 -1.7947288297878933e-04
1.3547238514570514e+01 -1.7929464048464856e-04
1.3548854885536732e+01 -1.7911657402326281e-04
1.3550471256502949e+01 -1.7893868342200219e-04
1.3552087627469167e+01 -1.7876096850840396e-04
1.3553703998435385e+01 -1.7858342911017424e-04
1.3555320369401601e+01 -1.7840606505518518e-04
1.3556936740367819e+01 -1.7822887617147693e-04
1.3558553111334037e+01 -1.7805186228725655e-04
1.3560169482300253e+01 -1.7787502323089805e-04
1.3561785853266471e+01 -1.7769835883094166e-04
1.3563402224232689e+01 -1.7752186891609536e-04
1.3565018595198906e+01 -1.7734555331523234e-04
1.3566634966165124e+01 -1.7716941185739272e-04
1.3568251337131340e+01 -1.7699344437178272e-04
1.3569867708097558e+01 -1.7681765068777418e-04
1.3571484079063776e+01 -1.7664203063490484e-04
1.3573100450029992e+01 -1.7646658404287885e-04
1.3574716820996210e+01 -1.7629131074156437e-04
1.3576333191962428e+01 -1.7611621056099578e-04
1.3577949562928644e+01 -1.7594128333137324e-04
1.3579565933894862e+01 -1.7576652888306015e-04
1.3581182304861080e+01 -1.7559194704658642e-04
1.3582798675827297e+01 -1.7541753765264610e-04
1.3584415046793515e+01 -1.7524330053209720e-04
1.3586031417759731e+01 -1.7506923551596288e-04
1.3587647788725949e+01 -1.7489534243543035e-04
1.3589264159692167e+01 -1.7472162112185013e-04
1.3590880530658383e+01 -1.7454807140673798e-04
1.3592496901624601e+01 -1.7437469312177217e-04
1.3594113272590819e+01 -1.7420148609879516e-04
1.3595729643557036e+01 -1.7402845016981281e-04
1.3597346014523254e+01 -1.7385558516699412e-04
1.3598962385489470e+01 -1.7368289092267128e-04
1.3600578756455688e+01 -1.7351036726933895e-04
1.3602195127421906e+01 -1.7333801403965568e-04
1.3603811498388122e+01 -1.7316583106644158e-04
1.3605427869354340e+01 -1.7299381818267981e-04
1.3607044240320558e+01 -1.7282197522151574e-04
1.3608660611286775e+01 -1.7265030201625708e-04
1.3610276982252993e+01 -1.7247879840037288e-04
1.3611893353219211e+01 -1.7230746420749516e-04
1.3613509724185427e+01 -1.7213629927141668e-04
1.3615126095151645e+01 -1.7196530342609222e-04
1.3616742466117861e+01 -1.7179447650563805e-04
1.3618358837084079e+01 -1.7162381834433114e-04
1.3619975208050297e+01 -1.7145332877660998e-04
1.3621591579016513e+01 -1.7128300763707448e-04
1.3623207949982731e+01 -1.7111285476048395e-04
1.3624824320948949e+01 -1.7094286998175956e-04
1.3626440691915166e+01 -1.7077305313598301e-04
1.3628057062881384e+01 -1.7060340405839478e-04
1.3629673433847602e+01 -1.7043392258439736e-04
1.3631289804813818e+01 -1.7026460854955246e-04
1.3632906175780036e+01 -1.7009546178958134e-04
1.3634522546746252e+01 -1.6992648214036551e-04
1.3636138917712470e+01 -1.6975766943794587e-04
1.3637755288678688e+01 -1.6958902351852225e-04
1.3639371659644905e+01 -1.6942054421845479e-04
1.3640988030611123e+01 -1.6925223137426125e-04
